agent_id,prime,g,timestamp_us,checked_since
1,2423924291,1.027455,0,23
1,1139950711,1.012133,1285,8
1,722581283,1.020780,2489,11
1,3396301217,1.039268,4605,24
1,2387020039,0.984747,6780,25
1,2640208271,0.977281,9514,31
1,3749216689,0.952484,13531,51
1,690978661,0.908940,15164,17
1,3606062419,1.090173,16725,16
1,49638341,0.965215,18834,24
1,726107521,1.032197,20385,16
1,1852850243,0.997556,22566,25
1,2223703007,0.920152,27558,65
1,3688974677,0.997556,28766,11
1,2080505789,1.025552,29702,7
1,2674027549,1.005357,30289,2
1,929452889,1.036916,31215,7
1,642849569,0.902471,32060,6
1,4103924689,0.944764,33061,8
1,3013756121,0.970764,37347,55
1,2290479209,1.002438,40576,40
1,2629563169,0.919621,41436,6
1,2031421123,0.970764,43132,18
1,1930896883,0.935414,43925,5
1,475481971,1.035503,44433,1
1,1088881949,0.999023,47102,32
1,1704997631,0.904092,48814,18
1,1614645451,1.012133,49414,2
1,3664208927,1.027455,49928,1
1,3439973903,0.965215,55882,79
1,3793429867,1.002925,57096,11
1,1760800049,0.895954,58310,11
1,2580420553,0.872205,60161,20
1,3228039043,0.963190,63746,44
1,4252418719,0.954533,64350,2
1,1007519141,0.938541,65409,9
1,3665417267,0.848942,69724,55
1,2678801711,0.919621,75063,70
1,2205503,0.999023,78893,49
1,1453456267,1.002438,80744,20
1,1883053747,0.962683,82093,13
1,3573595019,1.003899,88285,78
1,1897980353,1.020302,91023,33
1,2660265697,0.931753,92373,13
1,3749794471,1.061120,92886,1
1,1489446617,0.922801,94315,14
1,3669192563,0.969254,99301,65
1,1105643723,0.989693,99811,1
1,2816830151,0.946313,101097,12
1,581594383,1.005842,101742,3
1,1846629481,0.947859,103014,12
1,839423327,0.903011,104632,17
1,2778960167,0.970261,106485,20
1,4276543357,0.988706,107639,10
1,1738544719,0.925443,109052,14
1,2768344811,0.919090,112023,35
1,284240393,1.046758,112873,6
1,1333595143,1.025552,115001,24
1,2492566631,0.942176,115994,8
1,3542031919,0.826207,116938,7
1,1122668803,1.004871,118693,19
1,631244027,1.003899,120946,26
1,4117441231,0.889939,124050,38
1,2254313167,0.944247,125061,8
1,2983628369,0.988706,129212,53
1,2193567059,0.994614,135106,78
1,1701561677,0.914830,137296,25
1,2187955577,1.033615,138013,4
1,844854511,0.938541,139925,21
1,1333183807,0.864332,140444,1
1,2642595001,0.928078,143884,43
1,3015664061,0.962175,144549,3
1,389030309,0.988706,146871,27
1,1393781621,0.872765,150745,49
1,974169359,0.993141,151388,3
1,3759790981,0.997556,153510,24
1,4047993133,0.885539,154719,11
1,390162467,0.961160,158500,48
1,1098286591,1.031250,162074,45
1,38295133,1.054659,165906,49
1,3308487229,0.913227,171784,78
1,1334247007,0.904092,172584,5
1,4110102947,0.970764,173171,2
1,336485047,0.846639,174239,9
1,2154688213,0.962175,176915,32
1,4093795067,0.897044,177643,4
1,3209960861,1.090621,178435,5
1,44340809,1.073928,182542,53
1,3150020449,0.885539,183613,9
1,977551123,0.844329,184468,6
1,1285401001,0.891584,186028,16
1,1510466411,0.968750,187506,11
1,2776059397,1.013098,189623,24
1,534749321,0.938541,190198,2
1,582791827,0.946313,192902,13
1,1119707,0.980274,195564,30
1,1432580417,0.887192,196357,5
1,4186979497,0.976781,199645,41
1,4228562237,0.997556,200795,10
1,4145548031,0.730208,201936,10
1,2313664901,0.936979,202936,8
1,1882792319,1.098205,204366,14
1,3742112791,0.911622,205223,6
1,1213702493,0.948889,212864,103
1,2289855857,0.982762,222255,128
1,2638207711,1.042083,225222,36
1,1154979877,0.922801,226292,9
1,1084125587,0.934370,231417,67
1,2217520883,1.018386,232493,9
1,2171039597,1.004871,233146,3
1,453044929,1.033615,234993,20
1,1609347277,0.994123,236067,9
1,276329927,0.946313,238031,22
1,1778791919,0.987223,239462,14
1,3619191259,0.969254,240053,2
1,2944693567,0.932277,241132,9
1,2889068639,0.961160,244310,34
1,3521036261,0.994614,246599,26
1,1325664839,0.877786,249617,34
1,3853163663,0.950945,250777,10
1,2759347369,0.973777,253388,31
1,877658827,1.029829,255562,25
1,3876055343,0.919621,257471,21
1,581041117,0.936979,258131,3
1,4123484983,0.977281,258857,4
1,4178535079,1.048157,261538,32
1,1861532377,0.927551,262193,3
1,240301427,0.919621,264246,23
1,4248386501,1.033615,265958,18
1,1017112763,0.960652,267178,11
1,2186175077,1.004871,268245,9
1,2990107207,1.032197,270023,19
1,1852625669,1.014061,270605,2
1,2298851111,0.846639,271812,11
1,1971529223,0.934370,273859,23
1,2073403469,1.043020,275360,15
1,842987293,1.061581,275945,2
1,665745989,1.072563,276740,5
1,1403675851,0.988706,278648,21
1,657913783,1.020780,281474,34
1,2205792889,0.897588,283038,16
1,2675433119,1.033615,285868,34
1,3558773453,0.906789,286794,7
1,387157559,0.944764,287995,11
1,1678359587,0.942176,289902,17
1,1023318697,0.901929,291616,18
1,4083375011,1.034559,294870,40
1,2345860159,0.955044,295946,9
1,209215397,0.895409,297734,18
1,1476528293,0.977281,299230,15
1,4164588251,0.925971,301848,17
1,340248017,0.928078,304408,28
1,1517952889,0.984747,305967,16
1,221889583,0.992649,307873,21
1,470568067,0.985243,309212,13
1,3339077869,0.888841,311740,30
1,1273014157,1.001464,313028,12
1,183749113,0.997556,314860,20
1,4020571279,0.973777,316139,12
1,2423284987,0.816098,318271,24
1,3619227197,0.999023,320257,22
1,2137477019,0.985738,323611,41
1,945287579,0.944764,324403,5
1,3396170977,0.925443,326029,17
1,2548327039,1.020302,329135,38
1,3804897139,1.086584,333848,61
1,2768160583,0.870524,334374,1
1,1331972167,0.873324,336775,28
1,1993363693,0.928078,339033,26
1,1142208481,0.958616,339604,2
1,4117228429,0.961160,342205,30
1,2361945557,1.044423,343299,9
1,435040993,1.044423,344294,8
1,388153627,0.944764,346533,26
1,596366299,0.804043,347988,14
1,3794426893,0.927551,352305,51
1,1596710849,0.853531,354038,18
1,2585577751,0.977281,356226,25
1,3746894759,0.946313,358032,17
1,3473174963,0.888841,358831,5
1,1347030017,0.977281,360018,11
1,3497758171,1.028405,361871,20
1,1340399597,0.877786,363655,19
1,2948579707,0.911086,364395,4
1,1321558891,1.064795,364908,1
1,1829988089,0.970261,365978,9
1,3368464397,1.025552,368370,28
1,563927071,1.022214,371602,40
1,1851607831,0.921743,372117,1
1,811894621,0.798558,373597,15
1,4014710779,0.997556,374271,3
1,1078690139,0.888841,375190,7
1,394148921,0.864897,375839,3
1,1420495997,0.938541,381104,69
1,480208051,0.984747,382597,15
1,1255867049,0.969758,384369,19
1,1139459011,1.024123,386898,30
1,419419267,0.928078,387912,8
1,368204929,0.986233,389739,20
1,2478233369,0.970261,390469,4
1,1785316307,0.885539,397616,74
1,1487525341,0.970764,400746,36
1,1517661491,1.012133,401540,5
1,3875296543,0.987223,402477,7
1,2445240983,1.022214,404665,25
1,504439087,1.009718,408248,45
1,1967925137,0.946313,409604,13
1,1886778431,1.027930,410750,10
1,1047925651,0.947859,412047,12
1,1425622441,0.970261,413532,15
1,2935854937,0.973777,414683,10
1,3588443791,0.974780,418050,42
1,3298535671,0.994123,418566,1
1,4265062589,1.055121,421877,41
1,2377524607,1.035503,422886,8
1,3424082479,0.988706,423476,2
1,1729387811,1.002438,424195,4
1,2261645663,1.025552,425278,9
1,1793465969,0.970261,429916,60
1,3004439743,0.982762,432536,31
1,989361431,0.925971,434675,24
1,234541499,0.948889,435533,6
1,2802436093,0.938541,437027,15
1,3529920283,0.970261,438095,9
1,1817364977,1.007782,439166,9
1,956232869,1.126301,439685,1
1,2100747079,0.928604,440483,5
1,26209957,0.975280,443090,31
1,602815079,0.950945,444437,13
1,241999801,0.905711,445436,8
1,36481241,0.911622,451010,69
1,1170802343,0.903552,452081,9
1,3862127539,0.944764,455183,35
1,215852113,1.004871,458291,38
1,1271078629,0.977281,460483,25
1,2968184033,1.057433,464721,54
1,4046696009,0.832095,465876,10
1,1571834783,1.035503,466678,5
1,600850637,1.006328,469472,34
1,2592312649,0.901929,470771,12
1,2246929523,1.018386,471780,8
1,2891148017,1.010685,474248,29
1,2476276067,1.019344,476387,24
1,2896158337,1.086584,477743,13
1,3677335237,0.932277,479596,20
1,2511998507,0.954533,481656,23
1,2886729799,0.954021,482369,4
1,3651250139,0.928078,485047,32
1,1339964471,0.869402,488645,45
1,1360623107,0.934370,490613,22
1,2273571359,0.860369,496744,77
1,2977472207,1.004871,504070,86
1,4195082699,0.988706,508386,53
1,3574932763,1.169685,510715,27
1,583203211,0.946313,514129,39
1,3997875521,0.977281,515322,10
1,3293184859,0.998534,518065,33
1,3172074649,1.002438,518636,2
1,3932949773,1.003899,519913,12
1,652047689,0.932277,521675,19
1,2693974769,0.918559,523926,26
1,941932309,1.031250,524918,8
1,3277321903,0.999023,525717,5
1,2858784893,0.965215,527553,20
1,4022149471,1.078012,529342,19
1,3262750949,1.110145,531729,28
1,1111368163,0.904092,532445,4
1,2197178777,0.907865,532953,1
1,2754327517,1.029354,533684,4
1,1266875509,0.988212,535658,22
1,3687508177,0.977281,537772,24
1,3327580573,1.005357,539886,24
1,1746584221,0.981270,542024,24
1,315048001,1.067086,544393,28
1,2537244337,1.082983,545251,6
1,288938119,0.978779,549948,60
1,977009447,1.089725,550706,4
1,1822042423,0.997066,552470,19
1,2756658557,1.023646,557171,61
1,938317507,0.803435,558178,8
1,1919766623,0.889391,562430,54
1,121540591,1.055584,569584,88
1,3038137279,0.975280,570144,1
1,1741362421,0.965215,570666,1
1,1996382917,0.946313,575931,69
1,2687858699,1.047691,578738,34
1,1511779207,0.982762,579330,2
1,2388943103,0.942176,581451,24
1,1572443689,1.031250,583144,18
1,4104458467,1.140946,583657,1
1,3487089889,1.004871,584166,1
1,2706310127,1.054659,585173,8
1,2183740271,1.033615,586176,8
1,3574409849,1.080726,589904,47
1,3071966003,1.013098,590699,5
1,3459986021,0.950432,593812,38
1,652488607,1.054659,594606,5
1,1430871661,1.007782,595259,3
1,2105804413,1.004871,598674,38
1,445402037,0.977281,599486,5
1,999804049,0.946313,601953,14
1,3610398733,0.886090,602798,2
1,2941825379,1.121522,603815,8
1,3209898749,0.980274,604545,4
1,17181797,0.902471,605100,2
1,452616419,1.018386,606092,8
1,8620973,0.853531,608384,27
1,1883697383,1.018386,609669,12
1,3449510039,0.916963,612717,37
1,1255776497,0.970764,613439,4
1,1058966093,1.044423,614785,13
1,733327171,0.916963,616278,15
1,3146849687,0.978779,619732,43
1,4193071367,0.877229,621854,24
1,3716974633,1.020780,626274,57
1,2421132173,1.005357,627409,10
1,1253960381,0.868840,629527,24
1,1954758023,0.984747,630108,2
1,3011951651,0.889939,630828,4
1,1257138731,0.928078,631833,8
1,1433978363,0.965215,638294,86
1,1329604877,1.084785,641160,35
1,2001523477,0.988706,641680,1
1,3275236619,0.877786,643716,23
1,2785730867,0.872205,644223,1
1,2673752687,0.973777,644951,4
1,982870879,1.087482,646038,9
1,2092976923,0.970764,646895,6
1,1469021009,0.970764,648893,22
1,2668807541,1.055584,650827,21
1,1671046519,0.878342,657600,86
1,1363047449,0.957597,658664,6
1,4080460469,0.981270,660249,16
1,3981009821,0.843750,662452,25
1,259517719,1.025076,663241,5
1,2526886169,0.965215,664175,7
1,3614574853,0.981270,668607,57
1,4106432269,0.886090,669395,5
1,1400855191,1.014061,669985,2
1,2417150719,0.961160,674767,62
1,496232563,1.021736,675484,4
1,3294116339,0.877786,676279,5
1,1879472333,0.948889,678878,31
1,1392647209,0.984747,680571,18
1,2954925433,0.922801,682683,24
1,1506006263,0.914830,684253,16
1,1902028729,1.098205,688047,48
1,153894179,1.014061,688753,4
1,2196816929,0.965215,689962,11
1,2522032781,1.012133,692509,30
1,738650753,0.970261,693905,14
1,1979134111,0.922801,695403,15
1,2342736229,0.871085,698353,36
1,504745063,0.906250,699582,7
1,3404052943,0.965215,708831,105
1,3490489133,0.867152,710292,12
1,4229914261,0.977281,713626,41
1,9569837,0.914830,714103,1
1,4112501051,1.025552,716384,26
1,1737101287,0.991172,718170,19
1,689752891,1.004871,719946,19
1,238803613,0.961160,723597,46
1,3636974711,1.027455,725234,17
1,3847900261,1.029829,726933,18
1,3769043149,0.993632,728690,19
1,2133334481,1.061581,729552,6
1,364789819,0.945280,730272,4
1,731915123,1.012616,731341,9
1,4233868453,0.895409,731927,2
1,3208866677,1.090621,732444,1
1,3749176163,0.895409,737709,69
1,3329631479,0.946313,738927,11
1,930298841,0.821465,739790,6
1,3282996841,0.970764,740793,8
1,2332064071,1.084785,741786,8
1,3823404271,0.918559,742378,2
1,146573653,0.919621,743988,17
1,671574877,0.956066,747225,40
1,1614388661,1.104412,747943,4
1,1028068729,1.156250,753069,67
1,3300738127,1.013098,754065,8
1,2603743151,0.978779,754586,1
1,743184059,0.889939,755092,1
1,1419231329,1.029829,757714,27
1,992925517,0.927551,759083,13
1,3084817147,0.969758,760720,17
1,2170385401,0.941657,763500,32
1,1090646651,0.938541,764854,13
1,1887986117,1.094196,766409,16
1,1741881877,1.027455,769016,31
1,2234102081,1.093303,771681,32
1,3925638287,1.002438,776170,58
1,1728640643,1.091068,777389,11
1,3546723041,0.938021,777897,1
1,3283986241,1.020302,781486,45
1,1540797469,0.858664,782556,9
1,1887185159,0.860369,785302,33
1,565509697,1.061581,786577,12
1,1224472699,0.997066,787446,6
1,1297432541,1.008751,791671,54
1,1861271983,0.946313,794782,38
1,1553262131,0.957597,795712,7
1,2134118419,0.977281,797863,23
1,1706175223,1.005357,802187,51
1,1948306411,0.886090,802858,3
1,327322649,0.914830,803838,8
1,1560651809,0.938021,810923,76
1,3878464043,1.106621,812201,9
1,3613563427,1.013098,818015,77
1,2121209819,1.008267,818677,3
1,1861240547,1.196512,819268,2
1,3488828929,1.042552,819779,1
1,1271617213,0.970764,820304,1
1,2940354559,0.931753,821461,10
1,924926179,0.902471,822318,6
1,2176377127,0.952997,824226,21
1,2343898031,0.940620,825089,6
1,2654889889,1.002925,826233,10
1,2472807319,1.047691,827106,6
1,902869571,0.927551,827890,5
1,808209253,0.921213,829025,10
1,582633853,1.024123,831551,30
1,91549111,0.997556,833240,18
1,3828299347,0.864332,834324,9
1,3967078651,1.018386,834981,3
1,3395906443,0.997066,835634,3
1,1306316983,0.977780,839424,48
1,2720017277,0.907327,843373,48
1,156674971,1.097316,846757,42
1,1614986801,0.946313,847609,6
1,3635474891,1.033615,849861,26
1,793325257,0.894864,850992,10
1,977822543,1.012616,855270,55
1,1012650553,0.903552,856626,9
1,163199123,0.918559,858053,14
1,1855098353,0.952484,859351,12
1,2398191739,0.928078,861619,26
1,2577249379,0.942176,863167,13
1,3618705143,1.070284,863850,3
1,2324916623,1.035503,868534,61
1,3924711821,1.000488,872182,46
1,3229164811,1.099538,872692,1
1,4153771931,0.880563,875322,31
1,3038660239,0.853531,876112,5
1,4210529489,0.988706,876974,6
1,354385147,0.970261,879608,31
1,255877957,0.946313,880521,7
1,1658195501,1.042552,884022,44
1,156389957,0.997556,884794,5
1,424598761,0.988706,888018,40
1,1685076793,0.981270,889221,11
1,1529543959,1.076198,890644,14
1,3711131057,0.987223,894509,49
1,132589843,0.944764,895009,1
1,3534894149,0.885539,895514,1
1,4008150463,0.986728,897859,27
1,1015593101,0.827978,899477,17
1,3149296099,0.978779,900350,6
1,1075960877,0.970764,900923,2
1,2856108911,0.997066,904420,39
1,3711428173,0.973777,904967,1
1,1287553741,0.942176,905555,2
1,3765934493,0.993141,908277,17
1,2994098971,0.946313,912711,53
1,1558694299,1.014061,913662,7
1,3409985393,0.954021,914588,7
1,1137971543,0.904092,915165,2
1,2116734457,0.988706,917233,23
1,16037227,1.025076,921875,60
1,1321278799,0.965215,923451,16
1,1267011919,0.936979,927018,45
1,3865846511,0.965215,928646,17
1,2388657731,0.942176,932432,48
1,4083381817,1.016466,934128,18
1,2290377181,1.024123,934633,1
1,429719299,1.012616,935491,6
1,2134572787,1.007782,939462,50
1,2414947993,0.987223,940185,4
1,1200386177,0.944764,941032,6
1,806755039,0.848942,943648,31
1,3662648161,1.028405,945476,20
1,317785009,0.821465,946744,12
1,2404973437,0.902471,947622,6
1,2847802387,0.904632,949387,19
1,1578221543,0.891584,951800,28
1,4247994713,1.095534,953215,14
1,3113887753,1.036916,954914,18
1,1907013917,0.956066,955843,7
1,582205643,1.042552,957895,23
1,2121609683,0.936979,960321,24
1,2438215519,0.958616,964334,48
1,1939086157,0.895409,968064,47
1,2933583703,0.988706,969636,16
1,2000585371,0.946829,970221,2
1,3129209891,0.993141,972828,31
1,2685169559,1.046292,975019,25
1,4201645033,1.007782,977275,26
1,333496589,0.940101,981758,58
1,1439572391,1.002438,982825,9
1,17485709,0.950945,984083,12
1,3219338149,0.904632,988235,53
1,1218150067,0.961160,989593,13
1,2041341493,0.877229,991509,21
1,2754146779,0.941139,995674,53
1,885914857,0.938021,997591,21
1,3939048017,1.052341,999071,15
1,389174509,1.080726,999722,3
1,320347451,0.910550,1004279,59
1,2176930543,0.962175,1008448,49
1,520802549,0.993632,1013998,57
1,2421315167,0.958616,1015810,17
1,744406609,1.014061,1016742,7
1,1628038991,1.012616,1017535,5
1,4245866363,0.938541,1020777,40
1,2643634481,0.997556,1022335,16
1,3033180727,0.938541,1022919,2
1,3202036169,0.985738,1023781,6
1,4273410107,1.063419,1024574,5
1,254633363,1.024123,1025148,2
1,4174109633,0.913227,1026794,17
1,1861672123,1.062959,1027473,3
1,993544921,1.048157,1028615,10
1,2345797583,0.999023,1029842,11
1,2843596199,0.932277,1030918,9
1,1266333623,0.931753,1032281,13
1,2381130607,1.063419,1034120,20
1,3851940193,1.063419,1035337,11
1,2028699289,0.931753,1038777,43
1,4091926613,0.944764,1039710,7
1,569969957,1.040677,1042324,31
1,2019231769,0.988212,1045618,41
1,2198419739,1.027455,1046539,7
1,1426758239,0.903552,1047727,9
1,410434153,0.978779,1048460,4
1,3040908341,0.988706,1050369,21
1,2417024153,0.904632,1051429,9
1,3871509149,1.004871,1053199,19
1,1330421551,0.902471,1054708,15
1,1315704737,1.080274,1056467,19
1,2428703867,0.938021,1057738,12
1,1978586579,0.910550,1058336,2
1,3472742381,0.882778,1059419,9
1,2458798117,1.073018,1061501,18
1,2668156853,0.936979,1063451,21
1,3737259371,1.004871,1065297,20
1,3577466089,1.013098,1069768,55
1,2901678977,0.955044,1071557,19
1,2518097503,1.055584,1072140,2
1,156878977,0.981270,1074805,32
1,2155421239,0.964709,1075321,1
1,3759896663,0.860369,1076116,5
1,2803320497,0.895409,1079620,44
1,1893167813,0.995105,1080280,3
1,1844491309,0.944764,1083318,37
1,4048412131,0.938541,1088889,73
1,2292875087,1.012133,1089968,9
1,3890188811,1.031250,1094890,64
1,1750122697,0.893772,1097292,28
1,78980119,0.941139,1098498,11
1,1328496683,0.989199,1101241,33
1,280715647,0.981270,1101905,3
1,3845671499,0.940101,1105556,46
1,2354188321,1.006328,1108088,30
1,3389896619,0.981270,1109521,10
1,3602873147,0.961160,1113809,41
1,1358880889,0.821465,1115969,21
1,495940481,1.025076,1118751,31
1,3492750769,0.922801,1119280,1
1,4010583559,0.956066,1122093,34
1,4014256657,1.022214,1123157,9
1,1350700913,0.973777,1124217,9
1,3002341109,1.055584,1125435,11
1,4202117419,0.919621,1126649,11
1,1326387833,0.889391,1128349,18
1,2300863723,0.913227,1130739,28
1,1058069569,1.099538,1131383,3
1,887078221,1.121958,1133999,31
1,3334317307,1.094196,1135991,22
1,560786147,0.938541,1137682,18
1,2691398329,0.886641,1141963,55
1,164009057,0.970764,1143302,13
1,971038741,1.048623,1144083,5
1,1102608229,0.919090,1144664,2
1,629190743,1.018386,1146151,15
1,3415779337,0.957597,1147022,6
1,1568273879,0.848942,1149641,31
1,2272187803,0.910550,1150578,7
1,2891440549,0.907327,1151507,7
1,3304644169,0.877786,1152557,8
1,2829466573,0.965215,1154314,18
1,3698974469,0.925971,1158804,58
1,1724152819,0.925971,1160721,21
1,1418349433,0.868840,1161993,12
1,600458123,1.043488,1164464,29
1,142024081,1.054659,1165243,5
1,1349429413,0.852959,1167248,17
1,3989727359,0.981270,1172871,71
1,3058602643,1.090621,1173486,2
1,756892243,0.940101,1174409,7
1,541046383,1.004871,1175904,15
1,4089177839,0.902471,1177976,23
1,2640079727,0.911622,1179692,18
1,3540994741,0.993141,1183558,49
1,4059296929,0.886090,1184560,8
1,1217975651,0.974780,1185484,7
1,1934719817,0.919621,1186627,10
1,1951572059,1.044891,1189669,37
1,2196236789,1.036916,1194940,69
1,1560592633,0.973777,1195653,4
1,3340418479,0.978779,1196799,10
1,2081539601,0.970764,1199122,27
1,3929889683,0.919621,1200905,19
1,407171111,1.002438,1201752,6
1,2846582159,0.877786,1205334,45
1,738694247,0.862636,1209062,47
1,3703315279,1.128467,1209577,1
1,2572829443,1.005357,1210430,6
1,1712568041,1.097761,1211503,5
1,1648404773,0.870524,1212029,1
1,1269468107,1.022214,1215523,30
1,1376881739,0.920152,1217954,26
1,126660917,0.929655,1219716,19
1,130756919,0.999023,1222881,39
1,43319033,0.948889,1224447,16
1,2112888497,0.919090,1224961,1
1,4281521977,0.961160,1229051,52
1,4019366801,1.120651,1230475,14
1,2914304131,0.950945,1232869,28
1,341442041,0.950945,1234147,12
1,1699365583,0.867715,1234801,3
1,323756317,1.020302,1235306,1
1,4181161903,0.950945,1242687,99
1,1971121007,0.940620,1245242,30
1,2671261387,0.970764,1247715,28
1,3684535123,0.952484,1249283,16
1,3754058837,0.978779,1255756,86
1,294502633,0.970764,1259385,46
1,3376542583,0.957597,1262291,35
1,1956426883,1.001951,1262938,3
1,4192261123,0.884436,1264143,11
1,2635594589,0.964203,1266912,29
1,2814610529,0.960652,1269118,25
1,2419500383,0.936979,1270472,13
1,1477243073,1.034559,1271395,5
1,156111001,0.955044,1272327,7
1,2503446637,0.912693,1281511,125
1,844397569,0.977281,1282011,1
1,3247355899,0.802827,1284910,35
1,2205249229,1.090621,1288136,40
1,1961288503,0.928078,1290277,24
1,3840767617,0.862070,1291418,10
1,645805273,0.970261,1293813,28
1,444189727,1.007782,1295157,13
1,3228461669,0.944247,1295951,5
1,1512939227,0.934370,1297241,12
1,3142773547,0.928078,1297918,1
1,2262431891,0.955044,1301079,39
1,2024834117,1.093303,1302283,11
1,2061692839,0.980772,1308187,78
1,1877040251,0.938021,1308707,1
1,4011902621,0.988706,1310006,12
1,2846581651,0.946313,1311562,16
1,2728096409,0.997556,1312071,1
1,3943267649,1.006328,1314806,28
1,1725044977,0.948889,1315688,6
1,611781127,1.052341,1318232,17
1,2570314429,0.988212,1318900,1
1,508216859,1.073928,1320241,13
1,3610529423,0.907327,1325297,64
1,2816543369,0.969254,1325896,2
1,1595285137,1.090621,1328211,25
1,420382751,0.978779,1331732,44
1,4274576303,0.956066,1333097,13
1,21307043,1.012133,1336021,36
1,3238757591,1.035031,1337231,11
1,2778930611,1.094196,1339931,32
1,2312867639,0.984747,1340656,4
1,801463051,0.962175,1344929,54
1,3923566877,1.121958,1346326,13
1,198031063,1.121958,1348724,28
1,3559106533,0.889391,1350767,23
1,3190383191,0.882225,1352046,12
1,1663520293,1.076198,1354248,25
1,3220574801,0.912693,1356647,28
1,1672072429,1.056047,1358023,13
1,2939584933,1.090173,1359306,12
1,1535265107,1.036916,1361226,21
1,2041897973,0.877786,1364886,46
1,444813209,0.954021,1371203,84
1,1809115223,0.927551,1373270,23
1,764568953,0.852386,1373913,3
1,2750758931,0.846062,1374558,3
1,2177573929,0.910550,1377039,22
1,36658807,0.988706,1379734,32
1,1918398641,0.919621,1380387,3
1,443338859,0.937500,1381047,3
1,2664558571,0.982762,1382479,11
1,1506158971,0.889391,1384138,17
1,120591131,0.946313,1387865,47
1,2960067941,1.097761,1390961,38
1,1225693429,0.952484,1392387,14
1,2823988109,0.988706,1394572,25
1,936967457,0.970261,1396750,25
1,1415979823,0.984747,1397397,3
1,3788990059,0.919621,1398127,4
1,4251192299,0.877229,1399355,11
1,3597286597,0.991172,1402384,37
1,641258263,0.903552,1405395,37
1,255089059,0.911086,1408062,32
1,2953856249,1.000488,1408700,3
1,1629846469,1.040677,1409212,1
1,1483320889,0.893772,1412305,38
1,2412719833,0.944764,1416274,46
1,1665534601,0.837360,1417989,18
1,1093431037,0.764189,1420250,13
1,954395831,0.970764,1422325,21
1,3916378709,0.997066,1424579,24
1,4182236819,1.013098,1426439,20
1,254804203,0.969254,1434126,102
1,358991989,0.899761,1439813,75
1,1316662037,1.010685,1440466,3
1,3268913411,1.058356,1441678,11
1,2994608833,1.104412,1444567,35
1,1783490273,0.927551,1446471,21
1,2928013511,0.982762,1447401,7
1,1480213963,0.895954,1448814,14
1,2278204433,0.960652,1450015,11
1,391621609,0.929129,1450524,1
1,1040887201,0.991172,1451733,11
1,1898960099,0.903552,1452804,9
1,2964694049,0.942176,1454713,21
1,1215279283,1.033615,1455990,12
1,2778534427,0.994614,1456916,7
1,444968311,0.902471,1457703,5
1,3217166549,1.063419,1460529,34
1,4223944843,1.089725,1463308,33
1,2854181411,0.962175,1464167,6
1,332997061,0.882225,1466555,28
1,1872402299,1.048623,1467360,5
1,3076276741,0.920152,1468781,14
1,2042650327,1.055584,1469434,3
1,1689131377,1.018386,1469940,1
1,4052458433,1.127168,1471498,16
1,2091872917,0.969254,1472786,12
1,1727393237,1.079822,1473445,3
1,1519607911,1.020780,1474720,12
1,2176710079,1.029829,1475730,8
1,3910386757,0.870524,1477069,13
1,2451955313,1.098205,1477647,2
1,3287969107,0.872205,1479423,19
1,215773963,0.906250,1481327,21
1,210769751,0.930180,1484211,31
1,1140635761,1.029829,1485019,5
1,559588649,0.942176,1485866,6
1,4246459807,1.000488,1486397,1
1,2549026751,0.948889,1487825,14
1,429460309,1.097761,1492335,56
1,655916207,0.908940,1493143,5
1,440770147,1.006328,1495680,30
1,2987526107,0.846639,1499168,43
1,1136629777,0.928078,1501222,23
1,201960449,0.994614,1501780,2
1,1511780833,0.919621,1503684,21
1,547749869,0.921743,1505183,15
1,580824311,1.055584,1509341,53
1,117907877,0.965215,1511174,20
1,1768351877,0.878342,1513090,21
1,725623697,0.922801,1514071,8
1,3664890833,0.927551,1514582,1
1,1062843763,0.974780,1515447,6
1,2840963057,0.919621,1517075,17
1,3152316631,0.899761,1519276,21
1,2172819631,0.827978,1519877,2
1,1617635959,0.900304,1524800,50
1,53612749,1.171354,1525940,7
1,926707433,0.946313,1529489,44
1,3100169741,0.993141,1531326,20
1,1366845133,0.886641,1533856,30
1,1941613853,1.040677,1537654,48
1,3818596949,0.973777,1538795,10
1,1861940747,0.898132,1539592,5
1,3305590681,1.052341,1544644,66
1,2305923689,1.027455,1546821,25
1,2458334027,0.969254,1549189,26
1,1460314649,0.928604,1549868,3
1,3629561569,0.997556,1551566,18
1,823951391,0.942176,1552762,11
1,1199675441,0.927551,1553544,5
1,1017143483,1.020302,1555603,23
1,2086113857,0.878342,1557084,15
1,2345058143,0.895409,1561719,60
1,4066537777,0.877786,1562434,4
1,2530996361,0.961160,1564688,26
1,693690791,0.950945,1565272,2
1,1525226359,1.061581,1566903,17
1,14683871,0.977281,1567389,1
1,1319188333,0.948889,1567901,1
1,3393325031,1.051877,1570317,28
1,441379357,0.891584,1572081,19
1,4253804551,0.918559,1573668,16
1,43870279,1.016466,1576455,25
1,3657604931,1.079822,1579229,33
1,1850757907,1.025552,1586258,92
1,1381303997,0.978779,1589304,37
1,3878452637,1.083884,1590240,7
1,3864876503,1.027455,1593988,47
1,2711901821,0.981270,1595056,9
1,3842089649,0.949404,1596183,10
1,3998432863,0.977281,1599290,38
1,192779267,1.057433,1601959,32
1,618888533,1.005357,1603243,12
1,3958096547,0.880563,1605312,23
1,3808110689,0.911086,1606725,14
1,1755075661,1.027455,1607515,5
1,4040437327,0.938541,1610270,33
1,902013743,1.040677,1612033,19
1,3248627399,0.916963,1613655,17
1,57220151,0.956066,1615059,14
1,2999056481,0.961160,1618440,42
1,242457701,0.988212,1618942,1
1,145646503,0.893772,1628397,110
1,1433799919,0.936979,1630008,14
1,914080943,0.962175,1632424,28
1,3590862883,0.829745,1633552,10
1,3680874553,1.012133,1635038,15
1,72843227,0.946313,1636104,9
1,2485241071,1.033615,1637036,7
1,3023543849,1.044423,1644639,102
1,4258349041,1.098205,1645434,5
1,169093433,1.012133,1646623,11
1,1637696993,0.946829,1648736,24
1,1520738953,0.964709,1649595,6
1,1284334229,0.812500,1650171,2
1,3426712381,1.016466,1653976,48
1,1583596951,0.975280,1654563,2
1,3121994357,0.978779,1656894,27
1,989228563,0.950945,1660782,49
1,126278203,1.155828,1662466,18
1,3522196681,0.981270,1664229,19
1,4190122619,1.027455,1668320,52
1,429734287,1.039738,1669107,5
1,1157478563,0.988706,1669828,4
1,3562365767,1.084785,1672023,25
1,1150809263,0.862070,1672748,4
1,2009385871,1.028405,1674802,23
1,2353194817,1.014061,1677596,31
1,3115414921,0.884436,1678116,1
1,1777867151,0.860369,1680023,21
1,4267134119,1.003899,1680740,1
1,3230237081,0.931753,1682302,16
1,1668256783,1.083884,1682955,3
1,4190824861,0.946313,1684327,13
1,2515451399,0.919621,1685123,5
1,2208487951,0.946829,1688209,38
1,3217078187,0.987223,1688797,2
1,3368603479,0.988706,1690979,25
1,3585150089,0.991172,1693100,24
1,3208412173,1.111464,1694111,8
1,3224611549,0.919090,1695395,12
1,1303308151,1.072563,1697936,30
1,1836614683,0.897588,1698653,4
1,3989403601,0.965215,1699387,4
1,3574563137,0.914830,1700591,11
1,2708585963,0.975280,1701456,6
1,442669259,0.950432,1704679,40
1,2202932657,0.936979,1706020,13
1,3245203361,1.064337,1707577,16
1,134134423,0.977281,1708512,7
1,684998021,1.000488,1709920,14
1,1074534823,1.020302,1713430,44
1,1841387,1.053732,1715373,22
1,1942127689,1.040677,1716154,5
1,1010331347,0.940101,1717374,11
1,325676369,0.877786,1721647,55
1,346643887,0.957597,1722435,5
1,1486555267,0.944247,1723844,10
1,2123422879,0.807073,1726127,26
1,2982003587,0.975280,1728916,21
1,3308177893,0.963190,1729547,1
1,4216250693,1.008751,1732559,31
1,912305021,0.932277,1737631,66
1,1809238217,0.964709,1738213,2
1,378413179,0.995105,1739133,7
1,893667097,0.902471,1743041,50
1,500480471,0.919621,1743622,2
1,109505213,1.044891,1747969,56
1,797509957,1.005357,1748688,4
1,2470586413,0.993141,1749537,6
1,1856292391,1.042552,1750466,7
1,1306493557,1.014061,1752311,20
1,3694747939,0.983258,1756019,47
1,1169606513,0.855246,1756876,6
1,699118463,0.944764,1757680,5
1,770056181,0.913227,1758342,3
1,2157018067,0.862070,1759687,13
1,1285661899,1.023646,1761461,19
1,1530794791,0.988706,1764908,43
1,537360217,0.993632,1765412,1
1,1226223461,0.984747,1767394,22
1,2323610059,0.953509,1771273,49
1,2438681779,1.018386,1772479,11
1,2971122467,1.073928,1773620,10
1,826747891,0.973777,1776705,38
1,3326019871,0.956066,1781539,63
1,1176921797,0.969758,1793051,153
1,2986486991,1.002925,1796174,38
1,3060270677,0.952997,1797579,12
1,2186102033,0.938541,1799988,28
1,1969104233,1.039268,1804048,52
1,481424357,0.919090,1804628,2
1,4114144861,0.889939,1807314,32
1,122814481,0.957597,1810325,37
1,2564019209,0.985738,1811876,16
1,3190509877,0.936979,1813995,24
1,318307651,0.919621,1817158,39
1,2699477509,0.994614,1819345,25
1,3804865049,0.907327,1820409,9
1,4007207419,0.904092,1821909,15
1,2537422339,1.040677,1826685,58
1,1670881801,0.945280,1830349,31
1,1009609697,0.898675,1832862,24
1,4238495563,1.052341,1834002,10
1,1814685883,0.985738,1845914,162
1,2316373883,0.932277,1846868,7
1,416373887,1.012616,1848512,17
1,3420660157,0.988212,1851061,30
1,687752581,0.882225,1853244,25
1,2766085241,0.950432,1856311,37
1,693281887,1.079370,1859840,44
1,2885656013,0.994123,1860574,4
1,2605388077,0.981270,1866539,79
1,1121764043,0.970764,1867119,2
1,2903701667,1.039738,1870282,39
1,1384143029,1.004385,1870925,3
1,3625747553,0.956066,1872372,14
1,1343541487,0.869402,1874138,19
1,3881668997,1.005357,1874656,1
1,3928720787,0.958616,1876086,14
1,1866738221,0.919621,1878193,24
1,3704255089,0.962683,1879748,16
1,1255903301,0.983258,1880330,2
1,1484208133,0.978779,1881090,1
1,2659327207,1.031250,1881743,3
1,1286264851,0.868840,1883303,16
1,1225885333,0.991172,1885563,26
1,807962159,1.010685,1886202,3
1,2404121653,1.012616,1890708,57
1,2330075563,1.035503,1891227,1
1,3260450287,0.899761,1892997,19
1,3213187577,1.089725,1893514,1
1,592672603,1.070284,1895270,16
1,3469639291,0.969254,1895956,3
1,1863494153,0.935414,1897791,20
1,550559131,1.068458,1900393,31
1,858866441,0.950945,1904236,49
1,2655435737,1.176761,1905039,5
1,1423210669,1.046758,1910113,66
1,3501588029,0.950945,1911611,15
1,2269367951,0.877786,1915619,51
1,1191280997,0.893772,1917722,24
1,2564240069,0.910550,1919552,20
1,1667799949,0.942176,1921036,15
1,2044513153,1.012616,1924070,37
1,966799423,1.086584,1926116,23
1,2705934853,1.104854,1926894,5
1,81089809,0.956066,1928109,6
1,41169277,0.838525,1930170,23
1,3676054979,0.937500,1931110,7
1,2470256471,0.886090,1934029,22
1,3214020917,0.895409,1937440,39
1,1984578247,0.945797,1938114,3
1,507123653,1.036916,1941166,36
1,3616389727,1.037387,1946112,64
1,2181308443,0.984747,1946819,4
1,108559201,1.006328,1948520,18
1,2938444699,0.894864,1949809,12
1,3640106611,1.000488,1951387,16
1,4193243071,0.895409,1953049,17
1,1821551531,0.916963,1953562,1
1,998046667,0.885539,1954153,2
1,4128872717,1.002438,1955713,16
1,3349784783,1.044423,1958594,35
1,2831457971,0.970764,1963091,58
1,3851357933,0.886641,1964095,8
1,2595139817,0.932277,1964814,4
1,2036943851,0.910550,1965337,1
1,1233609719,0.928078,1968381,37
1,2192772997,1.054659,1972034,46
1,1303149091,0.904632,1973388,13
1,2316253633,0.986728,1976626,40
1,4057159397,1.040677,1978694,23
1,3321823249,0.978779,1982966,55
1,676012639,0.970261,1984737,19
1,3806696851,1.084785,1985673,7
1,1618955029,0.952484,1987446,19
1,575422013,1.025552,1993943,81
1,3109986211,0.973777,1995591,16
1,3739447337,1.073928,1997100,15
1,2091088739,0.950945,2000766,46
1,1278958061,0.919621,2002957,25
1,2134928959,0.936979,2003689,4
1,1432596313,1.063419,2004619,7
1,2716040893,0.963190,2005139,1
1,1570003751,1.025552,2007756,31
1,3367671859,1.020302,2008693,7
1,3099066623,0.946313,2009829,10
1,3944840197,1.015985,2011101,12
1,3304997911,0.843750,2013225,24
1,2228823869,0.904092,2014150,7
1,3100861877,0.973777,2015374,11
1,80424811,0.893772,2016223,6
1,3151297099,1.068458,2017022,5
1,3004128319,0.983258,2017816,5
1,2827816921,0.980772,2021254,43
1,3780889999,1.029829,2021987,4
1,1989508883,0.988706,2024680,32
1,1153676807,0.942176,2026591,21
1,2597200999,0.936979,2027798,11
1,1792277899,0.993141,2028595,5
1,3839060609,1.073928,2031571,32
1,2705643373,1.061120,2036431,49
1,3075992989,0.864897,2037280,3
1,3433140499,0.895954,2040382,38
1,390986863,0.979277,2041898,15
1,1203171677,0.855246,2043539,17
1,3558277693,0.878342,2044044,1
1,1475762999,1.027455,2046957,35
1,1740069157,0.835024,2048299,11
1,2270411041,0.994614,2053227,64
1,197410111,0.877786,2055706,29
1,195400201,0.859233,2056200,1
1,2607710051,0.931753,2061383,67
1,1843869527,0.952484,2062893,15
1,306653471,0.997556,2066055,39
1,954014251,0.924387,2067762,18
1,1114425799,0.914830,2068411,3
1,1134771731,0.940620,2068990,2
1,4155242999,0.935414,2078153,125
1,1275196627,0.946829,2078667,1
1,612597473,0.975280,2082180,44
1,717078407,0.853531,2083471,12
1,1599073457,0.889939,2088823,65
1,2148294119,0.919090,2089836,8
1,912560401,1.036916,2091232,11
1,3217668043,1.020780,2092825,16
1,3315514589,1.044423,2094457,17
1,346511239,0.997556,2095807,13
1,2470595399,0.895409,2098632,34
1,4210596799,0.988706,2100130,15
1,179791709,0.918559,2101339,11
1,1288932613,0.885539,2102681,13
1,1864940503,0.977281,2103618,7
1,3051527147,1.004871,2105947,27
1,1790894351,0.835609,2107025,9
1,2104717507,0.904092,2110045,37
1,3466461521,0.956066,2110827,5
1,248914007,1.031250,2111675,6
1,1357206853,1.061581,2112250,2
1,380871541,1.007782,2113530,12
1,3775448351,0.932277,2114878,13
1,3980835451,0.970261,2117443,30
1,546563839,0.977281,2120330,35
1,139694761,1.013098,2128209,106
1,651256609,0.944764,2130102,21
1,424323973,0.970764,2130952,6
1,77167469,1.032669,2134485,40
1,3471310163,0.885539,2135100,2
1,2601884053,0.938541,2136992,8
1,3447851339,0.902471,2140919,44
1,1657988369,0.875000,2142873,21
1,4027096433,0.948889,2143793,7
1,3108305713,1.062959,2144509,4
1,814078823,0.985738,2148527,51
1,1256935007,0.988706,2149045,1
1,2104341997,1.137946,2149776,4
1,2711827837,1.002925,2151967,25
1,3495270487,0.948889,2153544,16
1,3280585337,1.029829,2154623,9
1,504267683,0.942176,2155473,6
1,46667561,0.934370,2156595,10
1,1650241129,1.015985,2157668,9
1,2473722781,0.910550,2159585,21
1,2464092947,0.995105,2162610,37
1,624917017,0.882778,2164172,16
1,2586485917,1.015985,2166373,25
1,2848544681,0.872205,2170444,52
1,4186631153,1.081629,2171385,7
1,3894057703,0.846062,2172810,14
1,3965353727,0.882778,2176706,49
1,1625274029,0.852959,2177222,1
1,1495138283,1.084785,2178441,11
1,432431033,0.948889,2179795,13
1,1670597491,0.938021,2180587,5
1,736534457,0.944247,2181316,4
1,1029658639,0.993141,2182885,16
1,3266723513,0.861503,2183403,1
1,383922661,0.868840,2184333,7
1,4248928273,0.919621,2186578,26
1,166335373,0.791804,2187704,10
1,1205907761,0.994123,2189376,13
1,4215036239,0.952997,2190047,3
1,1096932553,1.037387,2190833,5
1,2959860733,0.952484,2195912,64
1,2717711849,0.962175,2196585,3
1,1852124717,0.946829,2198994,28
1,2334389107,1.012616,2199998,8
1,3036517969,0.907865,2201552,16
1,2799019987,0.934370,2202834,12
1,943327699,1.037387,2204671,20
1,848179571,1.086584,2205249,2
1,2806708243,0.987223,2206814,16
1,3425082347,0.914830,2210469,46
1,140428723,0.919621,2211389,7
1,3216967763,0.975280,2211975,2
1,340550279,0.899761,2212546,2
1,2432313073,0.919090,2214746,25
1,4068363419,0.984747,2216732,22
1,3975928133,0.975280,2218858,24
1,1934339947,0.901929,2222184,41
1,2677169101,1.002438,2224941,33
1,4279269451,1.061120,2227123,25
1,516650903,0.878342,2232331,68
1,2846338177,0.885539,2232975,3
1,914657021,1.005357,2236779,44
1,288162383,0.867152,2242246,55
1,1828189157,0.963190,2243240,5
1,2937145829,0.889391,2243897,3
1,2098432703,1.039738,2247152,40
1,3543187139,1.058356,2247812,3
1,3968905651,1.005842,2252236,57
1,3083550461,0.899761,2253399,10
1,3581916971,0.965215,2256997,45
1,687020959,1.118471,2257928,7
1,3575109301,0.950945,2258792,6
1,1010964413,0.957597,2260004,11
1,826742753,1.012133,2262670,32
1,1804182187,0.927551,2263249,2
1,929176673,0.970764,2268642,71
1,3479570953,0.975280,2269216,2
1,950549731,0.848367,2273485,55
1,21637151,0.968750,2275387,21
1,4080596209,1.055584,2277380,22
1,3552058249,1.008267,2280066,32
1,4121794933,0.836193,2280723,3
1,2097406967,0.982762,2281243,1
1,1842951961,1.084334,2283576,27
1,4011148003,1.063419,2284374,5
1,139228477,0.970764,2285082,4
1,2103234899,0.997066,2288672,45
1,3819456947,0.969254,2289959,12
1,3932770381,0.889391,2293919,48
1,1183172597,0.913227,2294439,1
1,1935117689,0.928078,2295781,10
1,2605470313,0.900304,2297794,21
1,2007232289,0.854103,2298825,8
1,3754074439,0.871645,2299831,8
1,3493193449,0.882225,2301536,18
1,667795123,1.025552,2302480,7
1,3421899779,0.953509,2304398,21
1,4200103573,0.994614,2305747,13
1,193961797,0.769283,2306888,10
1,1692318281,0.981270,2311650,62
1,506057599,1.020302,2312580,7
1,3703653521,0.961160,2313308,4
1,2451060383,0.855246,2314234,7
1,1595159329,1.005357,2314743,1
1,27265621,0.973777,2316279,16
1,1399470739,0.974780,2319318,37
1,1180321459,0.962683,2321869,30
1,1777573753,0.908940,2325946,52
1,3329595461,0.827388,2327374,14
1,3537073999,1.050483,2328408,8
1,3421057889,0.957597,2331156,33
1,2429396609,0.919621,2332154,8
1,2851577849,0.960652,2332889,4
1,1918513397,0.942176,2340362,96
1,547084481,0.935936,2342967,16
1,1777520341,1.111464,2347552,56
1,2018142223,0.940620,2348217,3
1,3500464361,0.899761,2348793,2
1,570338201,0.938541,2350627,20
1,1956159151,1.054659,2351142,1
1,1394092927,1.020780,2352706,16
1,2909365639,1.036445,2354123,14
1,2773509703,1.095534,2354629,1
1,2212679317,1.012133,2358218,45
1,2251756147,1.063419,2359290,9
1,670844527,0.978779,2362746,43
1,3774207079,0.985738,2364175,14
1,4039862773,1.083884,2366026,20
1,363561929,0.871645,2366530,1
1,3808096619,1.055121,2367188,3
1,1074853433,0.945797,2369500,27
1,1027643857,0.977281,2370504,8
1,215870579,0.954533,2371013,1
1,3437383451,0.922801,2371880,6
1,777584441,1.005357,2373930,23
1,1953869887,1.010685,2375001,9
1,3388727,0.987223,2376180,11
1,1216342999,0.970261,2377485,12
1,3865781071,0.954021,2382823,70
1,2930685497,1.002925,2388022,68
1,1362999073,1.015985,2388879,6
1,2221281961,0.872205,2389389,1
1,3276921397,1.109265,2392285,35
1,2944624201,1.086584,2393915,17
1,3798403897,0.914830,2395169,9
1,356046679,1.006328,2396320,10
1,844228303,1.025552,2397534,11
1,585891919,1.024123,2399150,17
1,807167551,0.983258,2401382,24
1,3698353903,0.884436,2402470,9
1,292373971,0.952484,2404458,22
1,517708571,0.983258,2407421,36
1,3321427817,0.927551,2410382,36
1,4170311897,0.877786,2412579,25
1,4038041017,0.963190,2413668,9
1,1148224801,0.940620,2415843,25
1,2549845057,0.981270,2420486,60
1,682343939,1.083884,2420992,1
1,710230273,0.927551,2421973,8
1,2267677043,1.025076,2423388,14
1,1264916129,0.981270,2424029,3
1,1290289853,0.877786,2425390,13
1,3828295507,1.002925,2426675,12
1,1518937093,0.981270,2427871,11
1,4181639173,1.027455,2428870,8
1,1818127097,0.938541,2431279,28
1,846637069,0.938541,2432897,17
1,1704448079,1.007782,2433554,3
1,3718396181,0.877229,2435337,19
1,1235883793,1.078012,2437647,27
1,1288390457,0.911622,2440652,32
1,3731348311,0.988706,2442664,22
1,1034103407,0.940620,2444076,1
1,3058656631,0.888841,2445259,6
1,2417441371,0.989199,2445995,3
1,2570516083,0.984747,2446870,6
1,2194647619,1.062959,2449419,30
1,3553085299,1.091516,2451543,24
1,246274559,1.078012,2454217,32
1,2878670737,1.073928,2458016,48
1,1481972867,0.798558,2458589,2
1,1213761049,1.098205,2459156,2
1,3512728409,0.932277,2460742,16
1,403400341,1.031250,2462575,20
1,3147023779,0.995105,2464212,17
1,4080754771,0.964709,2464934,4
1,768767411,0.918559,2465587,3
1,3691535101,0.956066,2468407,34
1,1162428649,1.037387,2469904,15
1,3639434803,0.921213,2470629,4
1,3160067609,0.978779,2472746,24
1,4069565147,0.904092,2474717,22
1,2445573421,0.897044,2476062,13
1,2233082689,0.852386,2479437,42
1,2395083877,0.992649,2480846,14
1,2732429173,1.072107,2481573,4
1,173948711,0.927551,2485922,56
1,555472349,0.963190,2488823,35
1,1932776231,1.044891,2491078,26
1,229762541,1.037387,2492073,8
1,2328523213,0.919621,2492583,1
1,3789936583,1.083434,2493173,2
1,431189977,0.969758,2493966,5
1,907062137,1.033615,2498710,54
1,2592453907,1.010685,2503079,53
1,3987286001,0.889391,2506748,46
1,528278381,0.977281,2507607,6
1,2408078473,0.960652,2508878,12
1,1777277617,0.811899,2514510,74
1,2356733941,0.914830,2517123,31
1,3141751243,0.990679,2518337,11
1,2774390753,1.083884,2519411,9
1,3872210681,0.946313,2520557,10
1,2703190871,1.012616,2522332,19
1,273936041,0.954533,2523957,17
1,3836885443,1.012133,2524968,8
1,1584798521,0.913227,2525699,4
1,1740651203,1.004871,2529292,45
1,3479348017,0.957597,2529801,1
1,23803951,1.007782,2531059,12
1,224179933,0.904092,2537853,91
1,1006980691,1.128899,2538914,9
1,2241712199,0.945280,2540886,22
1,4029385207,0.970764,2542584,13
1,1571353913,0.964709,2543609,8
1,1395852253,0.928604,2552206,101
1,2580802403,1.027455,2554032,17
1,3968135029,0.889391,2554971,7
1,3138263927,1.005357,2560878,78
1,4112927381,1.070284,2561751,6
1,1210416533,1.048157,2565540,48
1,3347969083,0.920152,2568572,37
1,2081693521,1.027455,2569784,11
1,2864590697,1.043488,2572328,30
1,2668368991,0.960652,2577172,63
1,441998203,0.935414,2578739,16
1,877038697,0.994614,2581192,29
1,3877525277,0.965215,2582055,6
1,465674203,0.898675,2583617,16
1,1460392403,0.962175,2586705,38
1,2007952511,0.835609,2591702,65
1,3501430937,0.876115,2593809,24
1,3309206861,0.808282,2595513,18
1,3929148497,0.940101,2596013,1
1,2971466851,0.950945,2596596,2
1,3567771289,1.012133,2598692,15
1,1022309377,0.922801,2600621,21
1,98941351,1.005357,2601405,5
1,146264057,0.940620,2607716,82
1,3251290541,0.921743,2608794,9
1,1275479581,1.061581,2610775,22
1,2153807437,0.928078,2611566,5
1,4058442029,1.039738,2613420,20
1,4053548791,0.955044,2614500,9
1,990764963,0.970261,2616824,27
1,1291648537,1.013098,2621475,60
1,693224893,0.925971,2623512,23
1,3697891091,0.906789,2627530,51
1,1433106893,0.952484,2629382,20
1,1405809241,1.012133,2630032,3
1,1605880547,0.952997,2632224,25
1,1639585861,0.935414,2633561,13
1,4084255529,0.904092,2635049,15
1,3096353339,1.106621,2637395,27
1,130718963,0.822059,2638107,4
1,7772773,1.008751,2639217,10
1,921085973,0.950432,2640766,16
1,693432413,1.042552,2641281,1
1,249343439,1.039738,2642980,18
1,2000053819,1.005357,2644349,13
1,1507756087,1.165084,2645067,1
1,3574115189,0.925971,2649028,37
1,2211316619,0.994123,2649843,3
1,699059089,1.002438,2653298,41
1,1293835969,0.928078,2654892,16
1,644918797,0.928604,2655823,7
1,4232283197,0.927551,2662983,96
1,1760635819,0.987223,2665653,32
1,594055663,1.088828,2666232,2
1,2618516531,0.877229,2667023,5
1,201455503,0.996576,2670948,50
1,2804057287,1.087482,2671670,4
1,4040424203,1.063419,2677001,70
1,1247144029,1.055584,2677652,3
1,172332851,0.895409,2678571,7
1,4237668431,0.877229,2679224,3
1,4210341859,0.920152,2679815,2
1,2679401143,1.069371,2680404,2
1,2200316593,1.003899,2683413,37
1,44331211,1.078012,2684392,8
1,1621278067,0.931753,2684904,1
1,3156247099,0.822059,2686105,11
1,2890577467,0.870524,2687104,8
1,3898037159,1.033615,2689644,30
1,2118736643,0.910550,2692389,33
1,2447367917,0.957597,2694448,23
1,3586772479,1.000488,2695250,5
1,3052218137,1.140518,2696676,14
1,2969036069,1.025076,2697338,3
1,2726979583,0.920152,2699941,31
1,1376285593,1.165084,2702301,24
1,3013705361,0.988706,2704003,18
1,305868239,1.025552,2705077,9
1,3730418437,1.061581,2706075,8
1,1181505433,0.981270,2710018,47
1,3200102053,0.997556,2710763,4
1,3972593179,0.991172,2711905,10
1,3992926997,0.970261,2714873,36
1,1466260297,1.040677,2715671,5
1,3155462071,1.033615,2718572,35
1,1221555799,0.878342,2720479,21
1,3946491683,0.991172,2724861,56
1,2221330399,1.139661,2725448,2
1,1364288213,1.014061,2725955,1
1,1558623401,0.910550,2727109,10
1,353620093,0.929655,2730402,41
1,3505232831,0.938541,2731063,3
1,1709050289,0.872205,2732062,8
1,1170285997,1.004871,2734739,32
1,724004213,0.938541,2735605,6
1,771234911,1.027455,2737389,19
1,2962041451,0.871645,2739157,19
1,1406752063,0.970764,2740385,11
1,3313075979,0.938021,2742660,26
1,2837090099,1.000488,2743657,8
1,411434801,1.047691,2744160,1
1,4198180741,0.920682,2745455,12
1,3617274917,0.927551,2748622,35
1,3545624191,0.962175,2749730,9
1,2324942953,0.991172,2751256,3
1,741961901,0.962175,2756612,65
1,1772718319,0.988706,2758281,17
1,542672197,1.024123,2759202,7
1,651098603,0.970764,2760207,8
1,1178271277,0.905711,2762747,30
1,3052587361,0.907327,2766256,44
1,2527068539,0.922801,2767114,6
1,3938700461,0.950945,2767916,5
1,1808331529,0.997556,2768564,3
1,1090461157,0.916963,2769634,9
1,1149867067,0.807073,2770765,10
1,1689136873,1.086584,2772881,24
1,60791957,1.007782,2776333,43
1,2758706231,0.978779,2777051,4
1,625870681,1.029829,2779500,29
1,1894152829,1.021258,2784907,71
1,1650487339,0.952484,2786666,19
1,3571151653,0.868840,2789623,36
1,527598233,1.098205,2790610,8
1,435909863,1.039738,2792384,19
1,2440631923,1.053732,2793743,13
1,1181020349,0.962683,2794465,4
1,731998171,0.893772,2796813,27
1,197086301,1.106179,2798722,19
1,1677262229,0.928078,2805862,91
1,2213424383,0.950945,2809167,38
1,1589535517,1.029829,2811818,31
1,1779791399,1.099538,2812469,3
1,1332053693,1.015985,2814515,23
1,1703996221,1.078012,2816779,26
1,3403593317,0.957597,2820294,44
1,2976136217,1.061581,2825412,67
1,2110660427,0.902471,2826418,8
1,2934529747,1.082983,2828616,25
1,2470894133,0.928078,2829753,10
1,1211693831,0.919621,2831585,20
1,1756214101,1.031250,2833363,19
1,2736423433,1.006813,2837567,54
1,3415973129,0.952484,2838843,12
1,3380826517,1.073928,2841236,28
1,1481153731,0.969254,2842400,8
1,1620665993,0.900304,2845705,41
1,3664641041,1.012133,2850137,53
1,2494014671,0.978779,2853977,35
1,4068788461,1.023646,2856446,23
1,3274206707,1.067086,2858675,25
1,4115549621,0.991172,2859400,4
1,3030053461,1.044423,2860274,6
1,650016359,1.048623,2861981,18
1,363782521,0.868840,2863671,18
1,2782704401,0.884436,2864670,8
1,2034168361,0.994614,2866028,13
1,875894381,0.859233,2868487,29
1,3253593047,0.900304,2869562,9
1,3330800899,1.020302,2870989,14
1,1251394519,0.889391,2872696,18
1,727533601,0.952484,2876122,43
1,3999970591,1.012133,2884907,119
1,1928874721,0.932277,2885555,3
1,574160593,0.835024,2888859,41
1,4118664091,0.868840,2890495,17
1,3899447857,1.014061,2892963,29
1,2975768707,1.002438,2893826,6
1,3305121727,1.097316,2894342,1
1,1034323151,0.934370,2896590,26
1,2779724561,0.932277,2898362,19
1,1629611257,0.913227,2900189,20
1,329014177,0.997066,2900831,3
1,3007211839,1.010685,2902047,11
1,1312994719,0.934370,2905902,44
1,2639331263,0.981767,2906590,3
1,1063801511,0.919621,2907386,5
1,3876213403,0.928078,2909659,26
1,3897568853,0.965215,2912212,28
1,3803333249,0.957597,2912864,3
1,4006535887,0.988212,2915911,37
1,1225266893,0.919090,2916970,9
1,588625501,0.974780,2917765,5
1,3047013733,0.952484,2919894,24
1,907198979,0.963190,2922213,27
1,1638137087,1.005357,2925039,34
1,3039671911,0.921213,2928840,48
1,2013846761,0.965215,2929416,2
1,165902897,1.002925,2933138,47
1,2147949127,1.032197,2935758,31
1,3527908379,1.004871,2937952,25
1,364838267,1.008751,2939526,16
1,4197882049,0.895954,2945896,85
1,2573530451,1.089725,2947607,18
1,3247901753,1.010685,2952481,59
1,3924349157,0.775605,2958005,55
1,532934137,0.826207,2959018,4
1,4253784487,1.084785,2959543,1
1,2269693093,0.962683,2962438,35
1,2575865459,0.846062,2962947,1
1,4271459519,0.940101,2963682,4
1,2391900377,0.876115,2964394,4
1,918645089,1.006328,2964968,2
1,3354449239,1.023646,2968219,40
1,2211455219,0.761629,2969002,5
1,3384072389,1.027455,2970295,12
1,3518558521,0.979277,2971082,5
1,1170149719,1.050483,2972225,10
1,3701895629,0.950945,2972879,3
1,2990972357,0.985738,2976534,46
1,2935461007,1.097316,2977751,11
1,3872502533,0.997066,2980209,29
1,3252616013,0.873324,2981917,18
1,589300727,0.977281,2982697,5
1,2111764093,0.888841,2983302,2
1,1334665931,1.061120,2984093,5
1,2535119633,0.900304,2988106,51
1,1911069997,1.058356,2989677,16
1,4093155487,1.006328,2991588,21
1,1938083689,0.988212,2992170,2
1,1025742901,1.033615,2996534,56
1,126322853,0.927551,2997028,1
1,2300585449,1.076652,2997884,6
1,2484628793,0.962683,2998604,4
1,1210541873,0.960652,2999108,1
1,3136731193,1.070284,3001243,24
1,2171761793,1.039268,3002942,18
1,83606189,0.953509,3004012,9
1,1529147743,1.004871,3005780,19
1,2567263967,0.904092,3009861,48
1,868361551,0.970261,3013806,47
1,2209502329,1.004871,3015462,17
1,2922415007,0.889391,3017658,25
1,19760179,0.950945,3020738,38
1,396382703,0.962683,3023485,33
1,3974772059,0.972272,3024418,7
1,369485141,1.020302,3031414,94
1,39078239,0.928078,3032400,8
1,2117197897,1.018386,3033689,12
1,1388008499,0.913227,3036168,29
1,1757166179,0.964709,3036756,2
1,1344599933,0.902471,3040943,53
1,246940741,0.903552,3041437,1
1,3786575063,1.047691,3044175,33
1,377315891,0.934370,3048825,59
1,3530554997,0.904092,3051253,28
1,2027767271,0.913227,3053865,31
1,3007736191,1.017906,3055446,12
1,850167173,0.988212,3058428,23
1,3791124353,1.033615,3061349,30
1,2493691279,0.954533,3065699,55
1,1540533413,0.915364,3067333,17
1,1878944161,0.919621,3068206,6
1,793214837,0.946313,3069078,6
1,3310122941,0.927551,3069943,6
1,1364441411,1.104854,3070452,1
1,973910557,0.938541,3072592,24
1,4052716729,1.031250,3074079,15
1,285178727,1.021736,3075366,12
1,4043825251,1.099094,3076790,14
1,621994081,1.003899,3078270,15
1,4291978217,0.919621,3080609,27
1,265606361,1.084785,3085153,59
1,2393878037,1.020302,3086023,6
1,4139007539,1.086584,3087171,10
1,3909502819,0.904092,3087825,3
1,1979439841,0.970764,3089526,18
1,393051031,1.025076,3092160,31
1,4266031267,0.913227,3093030,6
1,1308556957,0.855246,3093904,6
1,2917884901,0.974780,3094840,7
1,2499049001,0.998534,3097321,29
1,2680406753,0.871085,3102926,74
1,1655006519,0.839689,3105124,25
1,1335353287,1.020302,3107664,30
1,2551275563,1.027455,3108521,6
1,2499544661,0.981270,3112721,49
1,996292639,0.825615,3113460,4
1,783717401,0.962175,3114184,4
1,2075177653,1.012616,3116164,19
1,2114528201,0.928078,3118441,26
1,3042730921,0.970261,3120460,22
1,2106888877,1.005357,3121680,11
1,3123794543,1.072563,3122269,2
1,146151427,0.925443,3123606,13
1,3562705889,0.977281,3124114,1
1,2401132079,1.002438,3125187,9
1,273840053,1.007782,3126530,13
1,732110789,0.998534,3127040,1
1,1330571783,1.113220,3129091,23
1,3791116463,0.954533,3132775,46
1,3874344953,0.914830,3134840,23
1,1684827197,0.988706,3137586,33
1,894133573,0.985738,3138995,14
1,1124269933,0.931753,3143482,58
1,2947522861,0.942176,3145337,20
1,2872516043,0.922801,3148295,36
1,2442168571,1.036916,3150613,27
1,3848327683,1.007782,3156901,79
1,2080190207,0.901929,3157451,1
1,4154660537,0.877229,3158176,4
1,243042329,0.868840,3159450,12
1,3523948919,0.954533,3162609,25
1,1635641221,0.938541,3164283,15
1,423331159,1.120651,3167236,36
1,2473936463,1.005357,3172169,64
1,2956933531,0.948889,3173332,10
1,514678891,1.005357,3175724,28
1,944370457,1.115411,3177411,18
1,1452511327,1.000488,3179174,19
1,3929633737,0.972272,3181306,24
1,3007819189,0.986233,3184497,39
1,1655640541,0.978779,3191783,98
1,3013386163,0.905711,3192580,5
1,3185997229,1.140946,3193446,6
1,3295137259,1.017906,3194451,8
1,353261767,0.907865,3196560,24
1,1497002657,0.975280,3199450,35
1,2749448491,1.029829,3201141,18
1,2324583973,1.010685,3203882,33
1,1191674633,1.007782,3206974,38
1,3698570639,0.889391,3207636,3
1,643214059,0.829745,3208495,6
1,2217362869,0.942176,3210258,19
1,3519509159,0.934370,3212648,24
1,3678103339,0.868840,3215345,32
1,2836814107,0.889391,3216062,4
1,2580744053,0.938541,3218426,25
1,3033018379,0.919090,3219080,3
1,412470913,1.000488,3220143,9
1,1076341601,0.938021,3223034,35
1,1360906919,0.983258,3225714,32
1,2037456259,0.942176,3226851,10
1,3036739259,0.910550,3228276,14
1,3437474431,0.910550,3230620,27
1,198142687,0.872205,3232336,18
1,1004960029,1.025552,3234183,20
1,3651399527,0.932277,3236474,26
1,3788141117,0.928604,3237683,11
1,694677523,0.862636,3238259,2
1,54779993,1.067086,3239388,10
1,1463960917,0.871085,3242197,34
1,3471058337,0.882778,3243683,15
1,2135090317,0.938541,3244822,10
1,2100598649,1.054659,3245616,5
1,1557390589,1.113220,3246136,1
1,2710700723,1.046758,3247976,20
1,2181036919,0.931753,3248573,2
1,1753961501,1.062959,3252016,43
1,2723629063,1.070284,3255890,49
1,4149973781,0.880563,3258723,34
1,415891453,1.058356,3259968,8
1,828179557,0.977281,3263159,39
1,1206222817,1.058356,3266348,39
1,1387253083,0.884436,3267289,7
1,907697617,0.993632,3268357,9
1,2917035197,0.970764,3268947,2
1,3421383403,0.769283,3274432,57
1,3580555763,1.027455,3275622,8
1,316178381,1.062959,3276410,5
1,2927672947,1.090173,3285637,126
1,792117259,0.978779,3287114,15
1,407655709,0.970261,3288171,9
1,3403545713,0.946313,3289820,17
1,3469841519,0.981270,3292005,25
1,4185897647,1.161727,3296881,63
1,93085429,0.920152,3299601,31
1,1594194241,0.944764,3305310,75
1,1623126293,0.978779,3306249,7
1,906391573,1.002438,3307033,5
1,2877540067,0.973777,3307617,2
1,2782722599,1.054659,3308280,3
1,2476616893,1.025552,3309070,5
1,1868791103,1.043488,3311616,30
1,164119063,1.057433,3312539,7
1,220243229,0.961160,3315295,33
1,1547895953,0.988706,3316000,4
1,2445689111,0.904632,3316714,4
1,1049214961,1.081629,3319120,28
1,3322420099,0.871645,3321022,21
1,2758747669,0.862070,3323165,20
1,1063746421,1.090621,3325866,32
1,3710736817,1.084785,3326727,6
1,101763769,0.988706,3329864,36
1,3156062471,1.025552,3332303,28
1,724884397,0.947859,3334359,23
1,3827148691,0.977281,3335366,8
1,2943173617,1.039268,3337418,23
1,1661513519,0.880563,3339269,20
1,3181532351,1.067086,3339995,4
1,2141508983,0.929655,3342032,22
1,4043046587,0.946829,3348430,85
1,956245621,0.891584,3350969,30
1,485870867,1.017906,3352110,10
1,2514429769,0.996576,3356609,58
1,1623245521,0.889939,3362672,76
1,1902963481,0.942176,3364115,14
1,3097234867,0.962683,3365921,5
1,689169917,0.969254,3367843,17
1,3246788269,0.919621,3370028,25
1,683629627,0.877786,3374167,53
1,2452854011,1.137517,3375523,13
1,3866594681,1.012133,3376879,13
1,2423415481,1.095534,3378505,17
1,1460011591,1.048157,3384598,81
1,2575983791,0.947859,3385896,12
1,1100381783,1.020302,3386972,9
1,168548173,1.023646,3390135,39
1,3766482631,1.012133,3392221,23
1,789656537,1.052341,3392868,3
1,1891927967,1.118907,3393586,4
1,358777801,0.938541,3395616,23
1,650535943,1.027455,3399824,54
1,1651769527,1.015985,3402368,30
1,1461364969,0.957597,3405394,37
1,822857333,0.826207,3406040,3
1,3589119593,0.948889,3406697,3
1,4124531027,0.978779,3407362,3
1,3802060943,0.927551,3408017,3
1,2656079441,0.984747,3408939,7
1,1818436523,0.997556,3410496,16
1,3213685759,0.870524,3411441,7
1,359431837,0.938541,3414824,42
1,1152929251,1.005842,3416866,17
1,3263695997,0.898132,3419961,34
1,4168027789,0.868840,3421397,14
1,3344846503,0.993141,3422053,3
1,2887122737,0.919090,3423123,9
1,2979975491,1.027455,3423705,2
1,1064955343,1.000488,3426590,33
1,3892334951,0.982762,3428789,25
1,674437849,0.997556,3430064,12
1,3877171139,0.886090,3430582,1
1,1608885533,0.888841,3435696,67
1,4122818201,0.928078,3439847,53
1,875816861,1.057894,3442174,27
1,3269790827,1.035503,3443949,19
1,1284456757,1.044423,3444671,4
1,2967946019,1.079370,3448741,52
1,4100163799,0.963190,3449331,2
1,3287105323,0.989199,3451386,23
1,3987628501,1.136229,3451971,2
1,2089221283,1.063419,3454311,27
1,2300395483,0.936979,3457128,34
1,4262696279,0.973777,3463582,86
1,2832344087,0.889391,3465172,14
1,1347113083,0.950945,3468633,29
1,2775467269,0.936979,3469393,2
1,248836397,0.993141,3474298,64
1,130631219,0.849517,3476257,22
1,1098931807,0.988706,3476842,2
1,3530850749,0.961160,3477637,5
1,3520391141,0.921213,3478719,9
1,2028893303,1.078012,3479239,1
1,1299217807,0.969254,3479971,4
1,1902863353,1.005842,3486357,85
1,3877956541,0.985738,3489341,36
1,1198551259,0.927551,3490488,10
1,2180129291,0.901929,3493384,35
1,2794828999,0.940101,3495162,19
1,908815981,0.916963,3499110,50
1,1914435517,0.937500,3499701,2
1,3886907221,1.002438,3502520,34
1,2127759313,0.950945,3504360,20
1,3954420629,0.910550,3507279,35
1,535633073,0.927551,3507994,4
1,867396443,0.964709,3509977,22
1,6148049,0.993141,3510464,1
1,2261882179,0.908940,3512171,18
1,761650249,1.052341,3513739,16
1,1604205181,0.969758,3519214,68
1,1685368057,0.920152,3519947,4
1,2791056581,0.991172,3522825,35
1,3568425659,0.988706,3524188,11
1,2373238291,0.929655,3524923,4
1,1298945731,0.961160,3525435,1
1,3039778493,1.025552,3526092,3
1,3278133497,0.904632,3529393,41
1,2154514547,0.922801,3530882,15
1,3205655857,0.944764,3532380,15
1,3848173001,0.886090,3533319,7
1,702348221,0.886090,3534819,15
1,4416287,0.934370,3537602,34
1,4281191329,0.891584,3538957,13
1,3811516141,0.982762,3539483,1
1,1120044917,0.970764,3539989,1
1,4041110119,0.938541,3541132,10
1,2025508717,1.083884,3541936,5
1,373934467,0.991172,3544531,31
1,4219480849,0.952997,3545180,3
1,3560295913,0.920152,3549745,58
1,475085147,0.978779,3551809,23
1,697207549,1.007782,3552672,6
1,2018852291,0.855246,3556279,45
1,3781757461,0.988706,3557287,8
1,2045710001,0.971267,3557943,3
1,955748681,0.904632,3560258,27
1,1338865261,0.818488,3561829,16
1,1977525239,1.111464,3563616,19
1,3496402253,0.984747,3564197,2
1,2495744873,0.950945,3565536,13
1,2245693721,0.996576,3568407,30
1,3602360653,1.064337,3570469,10
1,3531244589,0.962175,3573605,35
1,3905387207,0.907865,3577643,51
1,3744949727,0.991172,3578815,10
1,2904604877,1.039738,3579390,2
1,2777088341,0.919621,3581083,18
1,312307277,0.973777,3582214,10
1,3476052383,0.877786,3583773,16
1,2068505711,0.841432,3586873,38
1,1176977561,0.913227,3591713,63
1,3265950661,0.964203,3592778,9
1,2412542599,0.981270,3593433,3
1,2273882279,0.965215,3595068,17
1,3463568077,0.980772,3596220,10
1,4247187229,0.925971,3600095,49
1,779845357,1.164665,3603683,45
1,1213494839,0.927551,3607337,46
1,1079776979,0.936458,3610067,33
1,358320701,0.965215,3612895,34
1,1220323693,0.903011,3613490,2
1,2911608449,1.027455,3615186,18
1,486347287,0.899761,3617302,24
1,1088921861,0.925443,3617949,3
1,2522645201,0.970764,3618669,4
1,468823777,1.083884,3619460,5
1,91864177,0.973777,3625090,70
1,4253159783,0.965215,3625887,5
1,1110945877,0.965215,3626958,9
1,4246598561,0.913227,3627889,4
1,2187762013,0.920152,3630230,27
1,1405877353,0.933847,3630825,2
1,3855415241,0.950945,3631970,10
1,1777356869,0.954021,3632620,3
1,3988282973,1.020302,3635789,39
1,596986139,1.076198,3636989,11
1,722894897,1.002438,3638110,10
1,3420713137,1.097761,3641632,44
1,3732181111,0.928604,3643191,16
1,960864901,0.903552,3645085,21
1,460551139,1.047691,3646936,20
1,510992941,0.975280,3651300,56
1,106382329,1.050483,3654812,44
1,389852839,0.884436,3659993,68
1,1725969871,0.875558,3660924,7
1,766651547,0.991172,3661503,2
1,1545255941,0.922801,3663269,19
1,3561940253,1.034559,3664129,6
1,3870255161,0.988706,3665544,14
1,705791971,0.945280,3666536,8
1,1568336491,0.935414,3675503,97
1,3247901453,1.020302,3676819,7
1,3045992471,0.859233,3677852,7
1,2090454229,1.055121,3679143,8
1,1755683899,1.054659,3681057,21
1,2240812667,1.104854,3683669,31
1,1183736441,0.978779,3687810,53
1,2307301069,0.950945,3689744,20
1,917896297,1.046292,3690467,4
1,58805207,0.852959,3693285,34
1,1764660329,0.988706,3695691,28
1,4058746499,0.963190,3700126,57
1,1997350139,0.988212,3701128,8
1,1829517223,0.970261,3703798,32
1,3621100493,1.023646,3705015,11
1,3195495551,1.115411,3708641,45
1,401630023,0.916963,3712083,43
1,1414594717,0.954533,3713983,21
1,2277715961,1.113658,3717096,38
1,3234731051,0.928604,3717879,5
1,2069295523,1.039268,3718404,1
1,463563743,0.936979,3719054,3
1,3543363167,0.936458,3721799,33
1,2046631739,0.997556,3725407,45
1,1846824877,0.981270,3726353,7
1,608991613,0.891584,3730741,52
1,3060976343,0.942176,3733094,27
1,978179003,1.089725,3736362,38
1,763642147,1.062959,3737450,9
1,4076252347,0.903011,3738458,8
1,971783399,1.054659,3739957,15
1,1589465093,0.946313,3744396,57
1,1393634503,0.938541,3750418,80
1,3673470181,0.965215,3751151,4
1,623461469,0.936979,3755223,52
1,3537022747,0.973777,3758119,35
1,1345397773,1.025552,3766572,115
1,2001815087,0.950945,3767849,12
1,850595791,1.037387,3772865,61
1,1633022863,0.938021,3774185,12
1,4152309803,0.882225,3777244,13
1,211664149,0.940101,3779062,18
1,2643692929,1.004871,3779716,3
1,2748268687,1.069371,3780304,2
1,1293401209,1.086584,3782049,18
1,2116867913,1.056971,3782777,4
1,1036179289,1.055584,3783790,8
1,1027651837,0.961160,3784780,7
1,1986536341,0.978779,3785759,7
1,4065718141,0.869402,3787759,22
1,4163571317,0.998534,3788839,9
1,618516973,0.919621,3789630,5
1,3695253197,0.964709,3790832,11
1,3857217799,1.000488,3792604,19
1,140974663,0.870524,3793383,5
1,458568683,0.936979,3798534,66
1,3188787611,0.918559,3800952,28
1,246621889,1.012133,3803694,33
1,2431231711,0.825615,3804285,2
1,2530978313,1.012616,3805143,6
1,911714059,0.942176,3806986,20
1,2693910803,1.046758,3807976,8
1,1729028779,0.877786,3809196,11
1,1425776311,1.052341,3812390,39
1,2889058069,1.039268,3813600,11
1,1566644587,0.786234,3814748,10
1,3557416507,0.925443,3815893,10
1,3765319793,0.977281,3816959,9
1,448127507,1.027930,3819779,34
1,1112276267,0.955044,3820997,11
1,3855163133,0.901929,3822490,15
1,2506130741,0.941657,3823765,12
1,373478947,0.975280,3828064,51
1,967598603,1.000488,3829016,7
1,1918461799,1.085235,3832899,47
1,2594310703,0.964709,3835723,34
1,2287943629,0.982762,3838474,33
1,649139401,0.864897,3841156,32
1,20058083,0.911622,3842230,7
1,2035998733,1.034559,3843177,7
1,680509259,0.965215,3849562,85
1,2940337949,0.913227,3854767,68
1,3498757051,0.848367,3856606,20
1,399483871,0.950945,3858027,14
1,3272622151,0.867715,3861108,38
1,4201934921,1.073928,3863926,34
1,2650267831,0.934370,3865359,14
1,1466345827,0.899761,3866080,4
1,3858333187,1.000488,3867431,13
1,730498183,0.919621,3868767,13
1,402074417,0.829745,3869484,4
1,1524322739,0.945280,3871468,22
1,3841196753,0.957597,3872461,8
1,309733451,0.997066,3873104,3
1,3917383277,1.046758,3875145,19
1,2303172979,0.965215,3879201,36
1,2977619149,0.996576,3882908,43
1,3870536221,1.082983,3886565,46
1,508646029,1.061581,3888742,25
1,27977311,0.927551,3890633,21
1,4075648169,0.938021,3891426,5
1,3950719823,0.941657,3893901,29
1,2386961713,0.922801,3895620,18
1,3447160583,1.154560,3897115,15
1,1376522933,1.012616,3898174,9
1,1850279581,1.022214,3898828,3
1,3898279277,0.982762,3900172,13
1,2192877803,0.855246,3901323,10
1,1879541509,0.918559,3902387,9
1,656964001,0.915364,3903384,8
1,3294260591,0.994614,3907036,46
1,4278859889,1.000488,3910483,43
1,2787971161,0.918559,3911472,8
1,1281878197,1.007782,3913935,29
1,278824747,0.920152,3914507,2
1,2593564889,0.927551,3916630,24
1,1889678591,0.964709,3920024,42
1,2855919841,0.947859,3922411,28
1,1262462561,0.882778,3923549,10
1,613688021,0.992649,3925167,17
1,2252776429,0.946313,3928630,37
1,1728316943,0.948889,3929789,10
1,1233146309,0.841432,3930508,4
1,2166907529,0.973777,3931004,1
1,815609159,0.866589,3932290,12
1,3378239237,0.877786,3938085,74
1,905640077,0.922801,3940495,28
1,64303271,1.033615,3943084,31
1,996982897,1.024123,3946454,42
1,4248248777,0.988706,3948229,19
1,1436533859,0.956066,3949305,9
1,4017550091,0.870524,3951640,27
1,4154566259,0.997066,3952851,11
1,1634772277,0.893772,3954749,21
1,3364180487,0.904092,3956435,18
1,4280377459,0.993141,3957225,5
1,2556347117,0.984747,3959918,32
1,651360197,1.007782,3960569,3
1,2409673723,0.928078,3961509,7
1,3529523681,0.948889,3962707,11
1,171281951,0.981270,3963713,8
1,2539094429,0.988706,3965478,19
1,2871777157,1.043488,3968502,37
1,563338031,0.942176,3972591,52
1,613481179,0.947859,3973881,12
1,3341998441,0.878342,3974964,9
1,2401637309,1.015985,3976224,7
1,2979065951,1.019823,3981935,60
1,1252526809,1.020302,3982859,3
1,361173019,1.020302,3984406,16
1,1149938663,1.029829,3986448,23
1,4181616709,1.027930,3988430,22
1,3332243183,0.960652,3991327,35
1,506724121,0.888841,3993234,21
1,3266662909,0.860369,3995215,22
1,2553694727,1.004871,3997668,29
1,3851079367,1.007782,4000022,27
1,1162015411,0.891584,4001715,18
1,1040900099,0.965215,4005858,53
1,2493333397,1.045825,4007623,19
1,2175446527,0.957087,4009963,27
1,1026627803,0.988706,4011808,20
1,1898318309,0.895954,4014071,26
1,3060683387,1.086584,4016543,29
1,1794878431,0.871085,4017485,7
1,1975601827,0.870524,4019324,20
1,460855819,0.981270,4021860,30
1,1459350311,0.984747,4028613,90
1,2184323203,0.965215,4029943,13
1,364548517,0.855246,4030730,5
1,930071047,1.002925,4034113,38
1,3724004803,1.098205,4037741,45
1,2295349031,1.055584,4039259,13
1,632713903,0.885539,4039861,2
1,1770466199,0.988706,4040380,1
1,4050100471,1.002925,4042427,23
1,1297106599,1.007782,4043074,3
1,52473089,0.942176,4047480,56
1,3106897279,0.813101,4049788,26
1,3182552267,0.962175,4050381,2
1,2575110929,1.187911,4051234,6
1,3383118433,0.965215,4052091,6
1,2944736029,0.988706,4053583,15
1,393175267,1.004871,4055071,15
1,4180308901,0.893772,4056427,13
1,3689024117,0.928078,4058191,19
1,412322759,0.978779,4061307,38
1,1055951291,1.052341,4062539,11
1,1496589319,0.938541,4064302,19
1,158509189,0.962683,4068493,54
1,2528006293,1.004871,4071436,36
1,901402267,0.998534,4072312,6
1,2599324261,1.027455,4074703,28
1,2776851743,1.055121,4078657,46
1,595686151,0.994614,4081295,31
1,193327301,0.970764,4083713,14
1,3266383061,0.965215,4084414,1
1,1225065799,0.990186,4085402,8
1,538819223,0.862070,4087510,24
1,3427607879,0.962175,4091118,45
1,3756653357,1.042552,4093104,22
1,250271507,0.938541,4094528,14
1,224639159,0.887192,4095527,8
1,2645232679,0.977281,4096114,2
1,4104257713,0.920152,4096755,3
1,3985631821,1.007782,4097482,4
1,3831037037,0.827978,4098136,3
1,91752329,1.027455,4099469,13
1,564651331,1.056971,4103461,51
1,2731402013,0.839108,4104397,7
1,1650483949,0.904632,4106712,27
1,375194527,0.978779,4107565,6
1,1726426679,1.036916,4110384,34
1,2088639181,0.919621,4112797,28
1,4280878067,0.963190,4114659,20
1,1084647149,1.015985,4116293,17
1,2686582517,0.970261,4118205,21
1,1296976921,0.950432,4119754,16
1,3429822863,0.970764,4122792,37
1,217824779,0.880563,4124066,12
1,293903789,0.984747,4124569,1
1,300242339,0.919621,4125144,2
1,287831329,0.945280,4127259,24
1,725924527,0.904632,4128342,9
1,4047216553,1.077559,4129901,16
1,1110931813,0.990679,4131671,19
1,1190092019,1.046758,4133245,16
1,3225778063,1.004871,4139859,82
1,2587901761,0.970261,4141032,10
1,3447190973,0.827978,4142460,14
1,1157885717,1.091068,4145067,31
1,1547832991,0.945280,4146133,9
1,1536651451,1.068458,4147283,10
1,2290312669,1.031723,4148982,18
1,691261513,0.877786,4150952,22
1,521544473,0.970764,4154731,48
1,2843795849,0.978779,4155380,3
1,3763745611,0.988706,4157839,29
1,633406919,0.938541,4160368,30
1,1533037483,0.964203,4163407,37
1,3803926879,0.942176,4166093,32
1,2639990237,0.928078,4169888,48
1,98599153,0.884436,4170743,6
1,3247862311,0.931753,4171532,5
1,2893479221,1.113220,4176940,71
1,3112630091,0.977281,4178223,12
1,3177303763,0.889939,4178950,4
1,826123981,1.031250,4183091,48
1,2172233579,0.907327,4184933,7
1,1891078961,0.919090,4185810,1
1,1937245157,0.956066,4186692,6
1,4187032403,0.805862,4187482,5
1,3331794469,0.934370,4189541,23
1,705450523,0.964203,4191572,23
1,3553650547,1.053732,4194334,33
1,1990176733,0.868840,4196180,20
1,1859872787,1.107503,4200398,54
1,1557304579,0.889391,4202470,23
1,1052435297,0.940101,4203533,9
1,1079917841,0.999023,4208919,71
1,1376697983,1.044891,4209714,5
1,1941752089,0.946313,4210998,12
1,622506097,0.977780,4211850,6
1,376751273,1.110145,4212358,1
1,339776179,1.073928,4214247,21
1,1938783349,0.982762,4214982,4
1,1117950287,0.978779,4220440,72
1,3727753067,1.004871,4223351,35
1,1805088317,0.882778,4224494,10
1,2529632881,0.919621,4228562,52
1,3853057471,1.118471,4229155,2
1,1069912859,0.928604,4230239,9
1,2902225861,0.973777,4231610,13
1,1197775741,0.796109,4233382,19
1,2500759153,0.935414,4234669,12
1,3820466437,0.938541,4235827,7
1,2591782313,0.928078,4238960,37
1,2226532057,0.964709,4239620,3
1,2183601449,0.857526,4240123,1
1,3342280343,0.934370,4242677,28
1,2754966283,0.950945,4243760,9
1,3663429799,0.940101,4244353,2
1,2479415129,0.975280,4245493,10
1,4150888517,0.988706,4246365,6
1,4232949037,0.954533,4247160,5
1,2802434573,1.004871,4248507,13
1,296527837,0.919090,4252156,46
1,370687351,0.877786,4254966,34
1,3094325141,1.078012,4258453,43
1,640817189,1.099538,4261402,36
1,2473612313,1.015985,4264155,33
1,1541387447,0.988706,4265735,16
1,3910307111,1.002438,4266389,3
1,151010177,0.988706,4267789,14
1,1006839857,0.953509,4271909,53
1,1544131909,0.919621,4274299,28
1,2704509221,0.994614,4274943,3
1,2435327347,0.934370,4275447,1
1,3167311331,0.940101,4276867,14
1,3880638227,0.897588,4281489,60
1,515562989,0.991172,4284077,26
1,3369225437,0.948889,4285165,9
1,4099320077,1.032669,4287536,13
1,4250863273,1.018386,4288754,8
1,4188854773,0.891584,4289494,4
1,3919964551,0.997556,4292856,37
1,3610470499,0.977281,4295687,34
1,502851509,0.923859,4297449,17
1,406240817,1.043488,4298256,5
1,4218591187,0.938021,4299830,16
1,309326363,0.954021,4301250,14
1,3068791651,0.997066,4302124,6
1,1098308591,1.029829,4302991,6
1,2616436913,0.945280,4305468,29
1,3503680181,0.984747,4308372,35
1,547542791,0.975280,4309509,10
1,1124328899,1.036916,4310016,1
1,2283705439,1.050483,4314719,61
1,3970887223,0.961160,4316494,19
1,4245008413,0.827978,4319449,36
1,3091147687,0.985738,4321843,28
1,326003047,0.904632,4322357,1
1,267332311,0.996576,4324191,20
1,362214551,1.076652,4324768,2
1,2808107803,0.960652,4325285,1
1,3446925103,0.957597,4326641,13
1,663797551,1.055584,4328414,19
1,3159345851,0.903552,4329575,10
1,2191321579,0.961160,4332687,38
1,1551783547,0.816098,4333694,8
1,2856701327,1.004871,4337076,42
1,1787421709,1.020302,4337583,1
1,1114483879,0.903552,4338234,3
1,3726416977,1.040677,4341109,30
1,1781129197,1.004871,4346540,69
1,2545571269,1.061581,4347570,8
1,3449322277,0.910550,4348862,12
1,1536451933,0.983258,4349445,2
1,3576027901,0.920152,4354982,73
1,2356230439,0.920152,4357022,23
1,962140919,0.954533,4360114,38
1,3409982297,0.995105,4362100,22
1,3831979157,0.962175,4364572,29
1,144718979,0.950945,4366457,21
1,865128643,0.950945,4368783,27
1,3568233791,0.980274,4371406,31
1,2679426031,0.973777,4372207,5
1,2852878793,0.928078,4373478,12
1,35642791,1.014061,4374335,6
1,1882533617,1.047691,4378131,48
1,3286305661,0.895409,4379128,8
1,369930283,0.963190,4379836,4
1,1227406393,1.055121,4383199,42
1,3349958057,0.983258,4385853,27
1,991596311,0.913227,4386607,4
1,2580319081,0.978779,4387395,5
1,2474079833,0.895409,4388398,8
1,2226527869,0.853531,4392654,40
1,1818432053,0.969254,4395443,31
1,2365687781,1.084785,4401183,76
1,3570738673,0.895954,4403821,31
1,1859453249,0.921743,4406133,27
1,3964931657,0.989199,4406989,6
1,1154534761,1.018386,4410778,48
1,2879763361,0.853531,4411367,2
1,1231159129,0.995105,4412229,6
1,4221918829,0.969758,4414767,30
1,3356280919,0.934370,4418548,48
1,6942797,0.950945,4419447,7
1,1991932157,0.938541,4421504,23
1,741541693,1.028405,4422008,1
1,2081189323,1.055121,4423153,10
1,884475829,1.018386,4423873,4
1,2541160603,0.981270,4428782,64
1,635686229,1.086584,4429507,4
1,3548978761,0.944764,4440602,149
1,3504594791,0.981270,4441621,8
1,4143081533,0.886090,4442285,3
1,4290991603,1.004871,4448691,83
1,3740205611,1.068458,4449923,11
1,121632377,1.040677,4452520,31
1,1352218489,0.970261,4453934,14
1,3383043449,0.907327,4454929,8
1,4112349103,0.984747,4455938,8
1,2711670701,1.013098,4459858,50
1,1370578207,0.935414,4460998,10
1,814416847,0.946313,4463247,26
1,2410227031,0.981270,4464606,13
1,570245633,0.982762,4465241,3
1,274282433,0.888841,4466233,8
1,2581324219,0.961160,4469766,44
1,2047601573,1.018386,4470491,4
1,3961254917,1.099538,4476173,75
1,609533723,1.064795,4476829,3
1,1941376351,0.784369,4478329,15
1,2114503247,0.960652,4479613,12
1,164533777,0.987223,4482420,34
1,2484511111,0.961160,4482926,1
1,3279668267,1.019344,4484831,21
1,357668257,0.974279,4485816,8
1,3097169527,1.020302,4487026,11
1,296728673,1.076198,4490476,37
1,373743499,0.907327,4491215,4
1,3595737007,1.023646,4492572,13
1,2836085881,0.893772,4493776,11
1,2081161553,0.916963,4496175,28
1,1089951529,1.090621,4497681,15
1,3768651763,0.864332,4499798,24
1,811856209,1.013098,4501292,15
1,2469063719,0.997066,4502992,18
1,4057909391,1.070284,4506514,44
1,2732288131,1.116723,4509532,37
1,123569741,0.965215,4512474,36
1,918779461,0.916963,4513053,2
1,3198168833,1.010685,4516206,39
1,2696610463,0.941657,4517062,6
1,2412972557,0.942176,4517986,7
1,3486559207,0.919621,4519625,17
1,1872120451,0.892679,4522794,39
1,1877276341,0.963190,4523523,4
1,308443843,1.039268,4525354,20
1,3289626799,0.994614,4528029,32
1,3190758013,0.965215,4531356,41
1,579098887,0.903552,4535193,49
1,2532164269,0.908403,4536350,10
1,606663023,1.012616,4537691,13
1,4250217017,0.975280,4538699,8
1,258891211,1.043488,4540185,15
1,1525384547,1.079370,4543215,37
1,2334126097,0.994614,4547150,50
1,2683675019,0.960652,4548568,12
1,3735506681,1.036916,4549386,5
1,3127071839,0.962175,4551717,27
1,40612111,0.821465,4552359,3
1,362074969,0.905711,4553904,16
1,1616958379,1.016466,4556088,25
1,2557775641,1.037387,4558478,28
1,641274961,0.938541,4559465,8
1,136698451,0.974780,4560103,3
1,3181106699,0.954533,4562030,21
1,1155170407,0.914830,4564015,22
1,4989841,1.002925,4566798,34
1,2823170947,1.007782,4568148,13
1,1944703001,0.964709,4570059,21
1,502985839,0.997556,4570576,1
1,3769978367,1.014543,4572703,24
1,3012587131,1.044423,4573218,1
1,1031729213,1.076198,4574569,13
1,1560527201,0.982762,4575287,4
1,2312540609,0.988706,4576765,15
1,214830983,1.048157,4579013,26
1,1050871273,1.031250,4580638,17
1,291166991,0.938541,4581291,3
1,1590296503,0.904632,4582739,14
1,2869343833,0.936979,4583464,4
1,28619257,0.983258,4584445,8
1,3350815313,0.946829,4589433,65
1,73833653,1.012133,4593384,47
1,3941101607,0.940101,4595716,10
1,805559803,0.988706,4597851,21
1,2225462149,0.931753,4601288,43
1,4178313833,1.136229,4605828,59
1,2333384377,0.914830,4607103,12
1,2173466797,0.938541,4610138,37
1,4289087059,1.099538,4613583,43
1,1413456529,1.153290,4614089,1
1,1592119729,0.911086,4615229,10
1,508302107,0.984747,4616634,14
1,994891423,0.889391,4617294,3
1,1912847977,0.975280,4617942,3
1,265732183,1.166760,4618654,4
1,2477966713,1.055121,4620149,15
1,3454661957,0.938541,4622487,27
1,809942423,1.090621,4623762,12
1,2561970289,1.054196,4627203,43
1,60289847,0.952484,4627985,5
1,1551796297,1.036916,4628700,4
1,3158657011,0.940101,4629701,8
1,2989520623,0.952484,4631538,20
1,4026515957,0.921213,4634937,42
1,2231289451,1.024123,4635800,6
1,179485291,0.871085,4639088,41
1,2684808811,0.928604,4639668,2
1,2807315359,0.877786,4642213,30
1,934795313,0.988706,4643352,10
1,3111154153,0.997556,4644211,6
1,2152901057,1.031250,4649566,66
1,273922091,1.029829,4654740,65
1,2258497103,0.908940,4657027,26
1,28750289,1.047691,4659535,30
1,1758100853,0.981270,4661235,18
1,3909661859,0.944764,4663008,19
1,1725517039,1.006813,4667313,55
1,4142671189,0.960652,4668114,5
1,98596639,0.899761,4668615,1
1,461593549,1.048157,4669681,9
1,1364670233,1.058356,4679279,131
1,2032372549,1.128899,4680287,8
1,345425609,1.022214,4680858,2
1,2294549539,1.025552,4684294,43
1,3051307733,0.947859,4688957,60
1,4158198643,0.855816,4689622,3
1,3824596933,0.980274,4691959,27
1,3521199391,0.983258,4693761,15
1,2331404459,0.808282,4697419,31
1,2819023357,1.055121,4698770,9
1,3468188107,1.020302,4699717,7
1,4200288691,0.982762,4701215,15
1,2936522531,0.977281,4702227,8
1,1226635811,1.047691,4703369,10
1,2944196753,0.869402,4707953,59
1,50073019,0.988212,4713054,66
1,1346141369,1.061581,4713912,6
1,1830000533,1.104854,4715188,12
1,1081815421,1.063419,4717926,33
1,1269043241,0.988212,4718561,3
1,2972537957,0.895409,4722485,50
1,1661329661,0.963190,4724181,18
1,1684194887,1.007782,4728747,59
1,262494299,1.073928,4730920,25
1,613221113,0.960652,4735967,66
1,3422966669,0.864332,4737390,14
1,499821667,1.161727,4744429,94
1,4233539939,0.846639,4747109,32
1,4278220631,0.914830,4747835,4
1,2611149353,1.046758,4750838,33
1,494189533,1.056971,4752407,16
1,4051318933,0.928078,4756978,57
1,3625718059,0.919621,4758192,11
1,1972951397,0.965215,4758704,1
1,949611361,0.978779,4760882,25
1,902745383,0.921743,4763711,34
1,1178946959,1.006813,4766326,31
1,1639084493,0.877229,4772753,85
1,2517387479,1.098205,4773891,10
1,616500779,0.902471,4777955,52
1,3584208449,0.965215,4779091,10
1,1976476891,0.994614,4779746,3
1,2540942011,0.995105,4783057,41
1,2001638921,0.919090,4783565,1
1,3985322527,1.034559,4785122,16
1,3509073149,0.934370,4786187,9
1,2403018703,0.944764,4788592,28
1,2104140637,0.904092,4790151,16
1,1350448469,0.962683,4793173,37
1,434688619,0.968750,4796630,39
1,1000950143,1.012616,4800101,27
1,3981746089,1.021258,4806274,77
1,2650108673,0.923859,4806942,3
1,2432158793,1.093303,4808495,16
1,3714641849,0.987223,4810056,16
1,3631475801,0.969758,4811896,20
1,1870520623,0.895409,4812910,8
1,384706981,0.882778,4814529,17
1,3393986317,0.855246,4815036,1
1,2030722439,0.848942,4816035,8
1,3045066617,0.954533,4816819,5
1,2700050303,1.097761,4817969,10
1,4134798659,0.985738,4820853,35
1,2782193371,1.002438,4821441,2
1,3441625349,1.073928,4823960,30
1,3627824231,1.048157,4825606,17
1,2254721837,1.067086,4828626,37
1,4114936967,0.825615,4830191,16
1,224487761,0.919621,4830757,2
1,1342156763,0.920152,4838274,101
1,2948125051,0.886641,4840185,21
1,1260649913,1.127168,4843953,45
1,1658717869,0.823246,4844912,7
1,1853484907,0.938021,4846758,20
1,2165601877,0.940620,4847272,1
1,4024745611,0.988706,4848139,6
1,2718605699,0.962175,4850673,30
1,677157557,1.061581,4853315,22
1,1651577069,0.925971,4855563,21
1,3742353367,0.981270,4856523,7
1,3119361601,0.869402,4858924,28
1,2350282229,0.984747,4861451,27
1,1768791587,1.082983,4862821,13
1,1101198313,0.886090,4864739,21
1,2773224491,0.993632,4866919,25
1,554083289,0.977281,4870066,39
1,1800942431,0.975280,4871423,13
1,1174269137,1.005357,4872773,13
1,1177529519,0.988706,4875446,32
1,1979629507,0.969254,4879687,54
1,663546623,0.957597,4880832,10
1,4166944357,1.055121,4882325,15
1,415431287,1.002925,4883463,10
1,3845830927,0.932277,4887684,54
1,3567945569,1.046292,4889023,13
1,342178591,1.070284,4889738,4
1,4112513123,0.902471,4890473,4
1,941211347,0.962683,4890984,1
1,3027318499,0.973777,4891497,1
1,3149046343,0.911086,4892706,11
1,4125241741,0.962683,4893842,10
1,3121606073,1.054659,4894639,5
1,4086730633,0.922801,4897028,28
1,813703757,1.029829,4903623,69
1,3346605037,0.897588,4908998,68
1,2746027279,0.913227,4912447,43
1,2173746317,0.839689,4913160,4
1,1807932911,0.960652,4915095,21
1,353227321,0.920152,4917197,24
1,865767037,0.832095,4918553,13
1,4029428023,0.922801,4920462,21
1,2009372257,0.953509,4923206,33
1,2198600267,0.981270,4923786,2
1,3408867181,0.981270,4925419,17
1,2701192973,0.889391,4926132,4
1,3253651279,0.970764,4928457,27
1,3357080099,0.928078,4929103,3
1,4020907207,0.886090,4929898,5
1,1511173619,1.050483,4930832,7
1,399268757,0.952997,4932610,19
1,2036745989,1.074382,4933120,1
1,654730201,0.858096,4934668,16
1,1441189661,0.886090,4938221,44
1,671571913,0.935414,4941593,42
1,1815074159,1.036445,4943581,22
1,962986121,0.931753,4944925,13
1,1000212817,0.962683,4945639,4
1,3017254579,0.928604,4948258,31
1,2877430981,0.997066,4951085,34
1,3256175423,1.036916,4952614,11
1,2944320739,1.025552,4954192,16
1,2568092701,0.957597,4955541,13
1,694189121,0.941139,4956181,3
1,1415590987,0.862070,4958174,20
1,1296983861,0.940101,4959681,15
1,3839662777,0.957597,4960404,4
1,3732172867,1.068458,4961053,3
1,1525273913,0.962683,4961705,3
1,3923517869,1.015985,4963685,22
1,2159306329,0.957597,4965801,24
1,2929124813,1.025552,4968001,25
1,261741833,0.922801,4969826,20
1,1528795687,0.868840,4971389,16
1,2610089969,0.872765,4971974,2
1,2074554451,0.970764,4972908,7
1,1848933641,0.936979,4974042,10
1,2278090657,0.978779,4974690,3
1,391776797,1.035503,4977916,40
1,443173441,0.931753,4982358,57
1,898655831,0.914830,4984674,27
1,2604755507,0.899761,4986518,20
1,569851043,0.969758,4989621,38
1,3986904967,0.955044,4990206,2
1,2143108259,1.078012,4991910,18
1,44529041,1.037387,4993035,10
1,439940183,1.012616,4996051,37
1,4113511079,0.950945,4997340,12
1,932849419,0.952484,5000635,36
1,4224203791,0.950945,5001724,9
1,3225786359,0.946829,5007818,67
1,2993549971,0.952997,5011527,44
1,4117817551,0.907327,5012045,1
1,2734536197,0.950945,5013609,16
1,3065950001,0.975280,5016910,41
1,278503727,0.888841,5017758,6
1,2946272143,0.862636,5018696,7
1,3774796981,1.053732,5019490,5
1,1202337203,0.884436,5022309,34
1,3002862319,0.975280,5025058,33
1,461252641,0.977281,5027451,28
1,2396047597,1.109265,5028241,5
1,222064247,0.910550,5030434,25
1,371081281,1.082983,5031134,4
1,2805413731,0.969254,5033346,25
1,4200838913,0.868840,5035187,20
1,1358092451,0.944764,5040811,74
1,3527349079,0.900304,5041816,8
1,2393740927,0.973777,5043816,22
1,1760440543,0.963190,5046301,29
1,2018272001,1.005842,5047899,15
1,3772974437,1.007782,5048844,7
1,1454155649,0.960652,5051532,32
1,3228998503,0.938541,5058310,85
1,1902156871,0.904092,5063719,67
1,1754166679,1.007782,5070577,91
1,2428745441,1.019344,5071921,13
1,1001255291,1.031250,5072788,6
1,3372744083,0.994614,5073721,7
1,564888001,1.061581,5074296,2
1,1785263453,0.962175,5074950,3
1,472192639,0.981270,5075960,8
1,15121991,1.063419,5077083,10
1,4006963777,0.997556,5080878,48
1,4205735393,0.993632,5081885,8
1,3979305943,0.869402,5091790,135
1,3684836119,0.844329,5093066,12
1,223737181,1.039738,5093643,2
1,3314917019,0.988706,5094228,2
1,3914770061,0.954533,5095438,11
1,2112723889,0.870524,5097068,17
1,2711585273,1.040677,5099882,34
1,1387607383,0.965215,5100540,3
1,2190652577,0.981270,5108339,81
1,2789303519,0.965215,5111678,30
1,2142651409,1.104854,5114532,33
1,369010549,1.039268,5115133,1
1,913327417,1.053732,5116751,17
1,98351833,1.064795,5120824,52
1,2961055157,1.078012,5123646,34
1,2945402377,1.022214,5127600,50
1,3263518061,1.082983,5135037,100
1,3344369243,1.039268,5135627,2
1,1291776181,1.033615,5136361,4
1,2632475819,0.936979,5137151,5
1,4118430059,0.984747,5138932,19
1,775394923,1.111464,5140362,14
1,3557046407,1.012133,5141561,11
1,3889417627,1.029829,5142568,8
1,2449208449,0.843171,5144627,23
1,3636535531,0.952484,5148208,45
1,1864045619,1.000976,5150394,25
1,995841247,1.048157,5154484,52
1,1707920363,0.999023,5155974,15
1,2949843467,0.867152,5157335,13
1,808679243,0.993632,5158893,16
1,443017361,0.982762,5161114,21
1,4148743007,0.877786,5164497,42
1,2945139919,0.811297,5167088,28
1,2254454497,0.818488,5167817,4
1,3337718291,0.913227,5169647,20
1,981301583,0.974780,5171915,26
1,341971373,0.877786,5173178,12
1,3890597941,0.813101,5173701,1
1,2850292147,0.916963,5179997,84
1,3296517857,0.934370,5181426,14
1,955685483,0.956066,5182362,7
1,38268823,0.846639,5183491,10
1,2347793621,0.957597,5184631,10
1,4236037189,0.827388,5186486,20
1,1737460091,0.956066,5188260,19
1,453021937,0.988706,5191568,41
1,288846043,0.981270,5192561,8
1,345258013,1.027455,5193344,5
1,3363415543,0.818488,5193930,2
1,3639524029,0.957597,5194660,4
1,361675031,0.954533,5196845,25
1,3064899359,0.973777,5199258,28
1,2210959417,0.876115,5200253,8
1,497688661,0.904632,5201731,15
1,3764572957,1.035031,5203074,13
1,2039034143,0.871645,5205629,26
1,1482834721,0.982762,5207130,15
1,2825945233,0.855816,5208895,6
1,1572198503,0.954533,5212587,43
1,3073291811,1.000488,5215591,36
1,2286504923,0.854103,5216867,12
1,1005239867,0.766103,5221421,59
1,1061089213,0.846639,5222015,2
1,2938678493,0.997066,5223156,10
1,830068853,0.923330,5223744,2
1,4131482321,0.942176,5226481,33
1,2580814193,0.977281,5226986,1
1,2406970061,0.900304,5228277,12
1,2596168877,0.931753,5229979,18
1,2225096443,0.970261,5232392,28
1,1117928671,0.995105,5233465,9
1,917430817,1.073018,5235301,20
1,2103017129,0.877229,5238691,42
1,677388059,0.969254,5239960,12
1,994745179,0.965215,5240480,1
1,3437403001,1.077106,5245015,58
1,3489708611,0.974780,5245864,6
1,2123993051,1.012133,5248556,32
1,2934831323,0.985738,5250122,16
1,2665087343,1.068914,5250704,2
1,4049794019,1.170520,5252124,14
1,3065226431,0.978779,5254244,24
1,3930454609,1.000488,5256322,23
1,418419763,0.871085,5256823,1
1,2626836893,0.779373,5258169,13
1,3197571899,1.014061,5259250,9
1,927585011,0.984747,5261606,24
1,1090404043,0.913227,5263585,22
1,2852632543,0.893772,5265484,18
1,2217600337,0.981270,5266209,4
1,2036366977,0.997066,5266922,4
1,4125374641,0.919621,5267503,2
1,13982819,0.885539,5271559,52
1,3747341393,1.029829,5274861,41
1,31354399,0.994614,5276557,18
1,2585744743,1.104854,5277210,3
1,2200272769,1.040677,5277715,1
1,3743958689,0.904092,5278917,11
1,1949384111,1.062959,5280200,12
1,2637289537,0.880563,5281269,9
1,2522018647,0.965215,5284930,46
1,3186109637,1.083884,5288022,38
1,2881134799,0.988212,5288537,1
1,20644333,0.990186,5291254,33
1,1318867727,0.938541,5291773,1
1,4080356911,1.005357,5292297,1
1,2428557629,0.973777,5293932,17
1,1826864771,1.025076,5295212,12
1,519131359,0.932277,5295861,3
1,348065203,0.975280,5301497,73
1,3746664203,0.994123,5302882,13
1,2452927481,0.978779,5305835,36
1,597310097,0.929655,5312740,74
1,1423255699,0.880563,5313502,2
1,2212964521,0.913227,5315049,15
1,3681440029,0.914830,5316271,11
1,3220644899,1.067086,5317351,9
1,4188765641,0.923859,5318217,6
1,3203178653,0.928078,5320123,21
1,4103244913,1.061581,5321116,8
1,514901771,0.988706,5322245,10
1,1440825107,1.133647,5323676,14
1,314011381,0.945280,5325308,17
1,2696258699,1.097761,5326581,12
1,3189985093,0.929129,5328769,25
1,972696073,0.965215,5329483,4
1,2649439061,0.968750,5332889,42
1,1140159133,0.889939,5333689,5
1,46603457,0.977281,5334735,9
1,1328755927,1.012133,5336664,21
1,4135677089,0.942176,5342531,77
1,209709641,1.055584,5356047,187
1,3815135197,0.836193,5357825,19
1,2244808087,0.895954,5358474,3
1,3986774453,0.975280,5363394,64
1,2683067971,0.977281,5365281,16
1,3434904523,1.027455,5366511,11
1,264097391,1.008751,5371509,63
1,470565859,1.167178,5377099,74
1,1283130379,0.914830,5380458,42
1,3971438461,0.877786,5381613,10
1,1557350321,0.977281,5382828,11
1,2551316413,1.020780,5385308,29
1,2710064969,0.984747,5387354,23
1,330852061,1.004871,5390310,36
1,363351551,1.003899,5392640,27
1,2554313911,1.029829,5393374,4
1,3091202591,0.965215,5394014,3
1,3224429101,1.018386,5397110,38
1,565931467,0.934370,5401276,53
1,1451288551,0.957597,5403537,26
1,2643644999,0.935414,5404745,11
1,2690631509,0.953509,5405537,5
1,1444922159,0.997066,5407025,15
1,597174637,0.868840,5408225,11
1,2947483013,0.997556,5411544,37
1,3322572413,1.036916,5413850,13
1,2128339483,0.931753,5415137,6
1,2989498069,0.928078,5418032,35
1,1482555133,0.940101,5420158,24
1,3176245627,1.027455,5420891,4
1,986041561,1.039268,5422531,17
1,73835483,0.994123,5427748,68
1,1006945301,1.062959,5428454,4
1,2195022157,0.764189,5430297,20
1,799217267,0.970764,5430807,1
1,3992804513,1.009718,5432583,19
1,2475816103,0.791187,5433585,8
1,156952703,0.895954,5434161,2
1,4123728827,1.070284,5435042,6
1,1388161441,1.070284,5437107,23
1,3343106713,1.035031,5439083,22
1,1973003359,1.078012,5439597,1
1,3494339801,1.000488,5440172,2
1,2713893401,0.977281,5442525,27
1,2974484377,1.020780,5444857,27
1,1076089159,0.835609,5446551,18
1,1801613327,0.973777,5447061,1
1,1505152949,0.889391,5448762,18
1,1055606311,0.988212,5450605,20
1,2530026019,1.050483,5451460,6
1,1326793513,0.952997,5452174,4
1,108573161,0.935414,5452680,1
1,4066706053,1.036916,5454453,19
1,2338834853,0.883883,5455733,12
1,2363171483,0.962175,5459177,43
1,2367883061,1.148198,5460746,16
1,347384941,1.055121,5463625,35
1,2844813229,1.055584,5465217,12
1,1157186687,1.136229,5469512,55
1,3110743499,1.025552,5470476,5
1,537566023,0.975280,5471133,3
1,3835124201,0.920152,5475736,59
1,3454472171,1.046292,5477585,20
1,892616531,1.039738,5480611,37
1,1001976047,0.852386,5484766,53
1,2487051383,0.910550,5486044,12
1,1978295821,1.003899,5486697,3
1,2586853403,0.964203,5488810,24
1,33930553,0.942176,5490072,12
1,988882903,0.965215,5492257,25
1,2553451583,0.978779,5493615,13
1,2696309387,1.050483,5494750,10
1,3418710599,0.898132,5496244,15
1,969689597,0.991172,5498507,26
1,434677427,0.953509,5499367,6
1,2621417723,0.904632,5499887,1
1,2777977913,1.061581,5501025,10
1,2972980057,0.940101,5501738,4
1,2597930353,0.895409,5507207,72
1,4228563007,1.012616,5508969,19
1,3151855999,0.914830,5512269,36
1,3545708017,1.031250,5513231,7
1,3867169357,1.000488,5513741,1
1,4203671911,0.952484,5518890,54
1,815658971,0.930180,5520543,15
1,2948744321,0.954533,5524406,49
1,3992958239,0.997556,5525210,5
1,3139846663,0.844329,5528017,34
1,2735827769,1.002438,5529990,22
1,697358537,1.002438,5530630,3
1,2079728107,0.993632,5531845,11
1,3088964797,0.888841,5532640,5
1,2706448949,0.904092,5535163,30
1,830511757,1.006328,5535950,5
1,2054311547,0.981270,5538491,30
1,1215468953,1.053732,5539282,5
1,2476894037,0.946313,5542240,36
1,2822649251,0.713295,5543245,8
1,1328223683,0.893225,5544327,9
1,2966077661,0.950945,5547083,33
1,3222033337,1.046758,5548788,18
1,1170220633,0.999023,5550921,24
1,1200170497,1.047691,5551769,6
1,430158227,1.082983,5552350,2
1,2870344679,0.948889,5553785,14
1,2328960349,0.920152,5554920,10
1,2411817293,1.020302,5555430,1
1,1796754403,0.954021,5559095,46
1,1586050759,1.031250,5560164,9
1,1292076899,0.913227,5563327,39
1,836654593,0.846062,5564246,7
1,3207314083,0.844907,5565335,9
1,3647968811,0.886090,5566813,10
1,424244413,1.020780,5568829,22
1,1532600219,1.002925,5569416,2
1,3498273287,0.984747,5572472,35
1,2359550279,1.012133,5574765,26
1,2080511471,0.935414,5575834,9
1,3758451553,1.004871,5579701,49
1,4194109477,1.083884,5580846,10
1,4068661829,0.997066,5583604,33
1,2251947403,0.993141,5589071,72
1,1455101699,0.977281,5591539,29
1,4202899829,0.974780,5596465,64
1,1807297621,0.938021,5597605,10
1,1254801589,0.922801,5599783,25
1,152285339,0.829745,5601116,13
1,1086550303,0.965215,5602041,7
1,634753783,0.931753,5608308,83
1,4154048623,0.922801,5610147,20
1,2421076561,0.895409,5611561,14
1,2569168387,0.911086,5614821,36
1,3736053403,0.978779,5620636,62
1,2188329229,0.898132,5622429,17
1,3339235303,0.979277,5624896,29
1,1587276241,0.982762,5626256,13
1,2966714573,1.055584,5627059,5
1,2240012063,1.066628,5628763,18
1,4289750867,0.904092,5632836,52
1,3287437847,1.067086,5633416,2
1,1010875933,1.031250,5637901,58
1,2039012551,0.952484,5641155,40
1,1447020269,0.885539,5645957,62
1,1012489649,0.973777,5646611,3
1,2296588537,0.970764,5647395,5
1,2786193737,1.078012,5648391,8
1,1162312951,0.928078,5651002,31
1,2145790169,0.974780,5655844,63
1,404562607,0.998534,5657953,24
1,3031872163,1.039268,5660088,24
1,3896303441,1.025076,5660671,2
1,3634297529,1.012616,5661541,6
1,289534261,0.973777,5663300,19
1,3502149017,0.908403,5664307,8
1,740805523,0.899761,5665163,6
1,1977418867,1.054659,5665752,2
1,90351319,0.988706,5667434,18
1,4261024447,0.973777,5668721,12
1,3045157891,1.034559,5672280,43
1,1745402419,1.100870,5674671,25
1,1414040503,1.019344,5676933,26
1,2886036847,0.938021,5678569,17
1,4293018739,1.027455,5680556,22
1,3023538619,0.907327,5681072,1
1,3143617801,1.031250,5683255,25
1,4228643623,0.961160,5684624,13
1,2252422751,0.872205,5685692,9
1,3601480871,0.950432,5688023,27
1,1086076213,0.916963,5689648,17
1,1049927779,0.919621,5690153,1
1,4001675803,1.025552,5690674,1
1,1918788539,0.897588,5691190,1
1,4034056673,1.000976,5691977,5
1,514848533,0.990186,5695904,50
1,1625153611,0.877786,5697118,11
1,1421972791,0.962175,5701322,54
1,1490757539,1.000488,5703378,23
1,961491511,0.973777,5704446,9
1,1711593683,0.984747,5706623,25
1,2965880993,0.946313,5708594,22
1,430214821,0.927551,5709164,2
1,1535837881,0.977281,5713378,54
1,1943819419,0.940101,5721146,87
1,805574741,1.111464,5723562,23
1,3158729969,1.056971,5724156,2
1,3976467323,0.787475,5725092,7
1,2761309567,1.004871,5725818,4
1,1432267897,1.007782,5726400,2
1,1957742177,0.964709,5728028,17
1,705987419,0.946313,5729595,16
1,148497689,1.047691,5730656,9
1,335067221,0.853531,5731929,12
1,1483604887,0.942176,5732576,3
1,447595781,0.991172,5733147,2
1,3020173349,0.899761,5734774,17
1,1295579009,0.962175,5735420,3
1,4964227,0.931753,5738281,35
1,1642206197,0.940101,5739208,7
1,1782580181,1.073928,5741454,26
1,1419093659,1.000488,5742800,13
1,291822131,0.940620,5747433,60
1,644952697,1.020302,5751086,46
1,492041491,0.975280,5751665,2
1,3302157619,1.095534,5757359,75
1,2208235793,1.033615,5765056,104
1,2371787819,1.036916,5765853,5
1,294722003,0.988706,5766424,2
1,364597613,1.086134,5768399,22
1,2664866459,0.985738,5769749,13
1,2524776461,0.855246,5770533,5
1,1323613391,0.981270,5771471,7
1,3945987797,1.012133,5772480,8
1,3099432377,0.973777,5774207,13
1,1646772467,0.884436,5776074,20
1,538529809,1.121522,5778387,27
1,2038443523,1.018386,5778890,1
1,1346197693,1.033615,5779838,6
1,2412372653,0.946313,5780574,4
1,243141923,0.841432,5781714,10
1,437825041,1.148198,5785409,47
1,1541371477,0.877786,5789294,49
1,2996020283,0.923330,5790586,12
1,2044977511,0.919621,5791520,7
1,1961881417,0.904092,5792248,4
1,3564682007,0.994614,5793542,12
1,158155229,0.876115,5794389,6
1,3669135241,0.954533,5799856,70
1,1940125961,1.012616,5800958,9
1,394815013,0.911622,5801746,5
1,983376803,1.006328,5803458,18
1,3748582693,0.919090,5804611,10
1,1214329891,0.980772,5806016,14
1,3166082807,0.973777,5812389,85
1,498709153,1.104854,5813253,6
1,537849773,0.946313,5814466,11
1,955301227,0.935414,5816589,24
1,2316677837,0.848367,5818839,26
1,1285862119,0.965215,5819907,4
1,2638723559,1.050483,5820511,2
1,3438635749,0.950945,5825541,51
1,946478371,0.934370,5830127,57
1,3504576857,1.111464,5830778,3
1,1498315307,0.994614,5831988,11
1,654167981,1.027930,5832715,4
1,2486675311,1.013098,5834353,17
1,3845939723,0.930180,5836680,27
1,3936844753,0.988212,5837272,2
1,3104571181,1.053732,5839183,21
1,625969871,1.111464,5842005,32
1,745125067,1.105296,5843023,8
1,3930855143,0.882225,5844651,17
1,528844399,1.020302,5845853,11
1,3298140271,1.012133,5850377,58
1,132223211,1.016466,5856331,79
1,565601389,0.839689,5861898,73
1,2477532829,1.118907,5862689,5
1,3451758463,0.955044,5863978,12
1,2928945697,0.957597,5865671,18
1,1248643063,0.921743,5866541,6
1,3763379839,1.002925,5873088,87
1,3414077857,0.911622,5874124,5
1,3062454293,0.969758,5877996,49
1,482395967,0.961160,5879298,10
1,4150806307,0.811297,5883685,56
1,1289935259,1.161727,5886079,28
1,3579440269,0.957597,5888138,23
1,3241148723,0.985738,5890904,33
1,220860163,1.070284,5891609,4
1,785376817,0.904092,5892121,1
1,2599043371,1.012133,5894652,30
1,3998210201,0.931753,5897473,34
1,3375660229,1.012133,5899881,28
1,327386711,0.907865,5901017,10
1,592397837,1.039738,5902294,12
1,3820444787,1.002438,5905475,39
1,1086360767,0.928078,5907377,21
1,4233608879,0.903552,5909224,20
1,3356365339,1.007782,5912093,35
1,4079461489,0.965215,5914221,24
1,3361190363,0.880563,5916554,27
1,3674997749,0.893772,5918812,26
1,1856491291,1.004871,5919403,2
1,1158799657,0.902471,5920181,5
1,2349523751,0.878342,5921113,7
1,175513319,1.035031,5922510,10
1,1626776093,0.965215,5924380,20
1,1048210067,1.000488,5925241,6
1,3563365283,1.024123,5926329,9
1,417182471,0.944247,5928763,15
1,2999835511,0.982762,5935222,81
1,373560563,1.008751,5940570,70
1,1944847661,1.050483,5941915,13
1,3523602209,0.857526,5943046,10
1,994036847,0.928078,5944889,20
1,1565284073,1.111464,5945692,5
1,3239275261,1.055584,5947335,17
1,143986487,0.903552,5949026,18
1,3938942419,1.062040,5949825,5
1,611842639,0.867152,5951254,14
1,797476811,0.868840,5952404,10
1,573465547,0.919621,5953189,5
1,1823929447,0.970764,5955037,20
1,294533479,0.928078,5956383,13
1,2319957221,1.047691,5958914,30
1,2428438237,0.955044,5962240,41
1,3306680323,1.015985,5965002,33
1,3056285161,0.993141,5967962,36
1,940610933,1.020780,5968749,5
1,3030640901,0.991172,5972533,48
1,34548079,0.941139,5973097,2
1,3095754197,0.919621,5973609,1
1,3136837933,0.843750,5979703,81
1,1049941229,0.855246,5981219,11
1,321572003,0.927551,5983697,29
1,3306724357,0.877786,5984618,7
1,3370092493,0.922801,5988802,51
1,813376121,0.942176,5989598,5
1,4222146751,0.878342,5990554,7
1,541568227,0.928078,5991276,4
1,2934224477,0.930180,5992209,7
1,2379526687,0.899761,5994891,32
1,3659564717,0.913227,5997321,28
1,1636722449,0.997066,5997964,3
1,3990887671,0.950945,5998766,5
1,3051332413,0.973777,6001593,34
1,1841096773,0.988212,6003024,14
1,829945601,0.965215,6005711,32
1,4271487839,0.965215,6006443,4
1,1895273711,0.868840,6007032,2
1,1773986783,1.148198,6009089,23
1,1187342297,0.944764,6010097,8
1,2769407029,1.005357,6011022,7
1,3412416143,0.942176,6011883,6
1,4076190191,0.901929,6014647,33
1,237387191,0.955044,6015997,13
1,3490634149,0.864897,6016923,7
1,364480499,1.039738,6018351,14
1,3411248147,0.946313,6020110,19
1,3883198177,0.942176,6021191,9
1,2958028979,1.005357,6022399,11
1,2554803079,1.006328,6023047,3
1,2327744899,0.962683,6024437,9
1,3530017471,0.895409,6025184,4
1,674451697,1.115411,6026521,13
1,3405516221,1.055121,6029893,27
1,3530729089,0.955044,6032849,33
1,4039419467,1.009718,6033775,7
1,161004887,0.944764,6036094,27
1,2781989179,1.050948,6041212,67
1,3154302629,0.991172,6044158,36
1,1166465771,1.128899,6044749,2
1,1941689779,0.804043,6045478,4
1,1619530469,0.919090,6046396,7
1,850809367,0.978779,6050036,44
1,1099004063,0.952997,6051820,19
1,1915579181,0.877229,6054638,34
1,1015927873,0.938021,6058295,46
1,1464290183,1.027455,6059434,10
1,1660285043,0.919621,6060814,13
1,2447517491,0.934370,6065877,66
1,850692751,1.048623,6069180,41
1,3654685141,0.889391,6070053,6
1,442714381,0.938541,6071387,13
1,712694321,0.977281,6073657,26
1,1331317307,1.050483,6078711,66
1,1288774717,0.864897,6080855,19
1,1079951053,0.941139,6081404,1
1,4180072433,0.948889,6084032,31
1,1388519723,0.962175,6085428,11
1,1836690431,0.908940,6088838,42
1,1278640501,0.938541,6090390,16
1,4213365971,1.037387,6091540,10
1,4118780189,1.068458,6095707,53
1,1052574571,0.970261,6099857,53
1,3965638249,0.854103,6100721,6
1,3353194459,0.942176,6103056,27
1,3736110067,0.880563,6104683,17
1,3324364177,1.012616,6106309,17
1,657606307,1.033615,6107439,10
1,1395079979,0.794267,6108787,13
1,418668031,0.886090,6110762,22
1,2771178019,1.033615,6112670,21
1,6137801,0.988706,6114203,16
1,1740047863,0.988706,6115627,14
1,3725805947,0.997066,6116210,2
1,2252872781,1.002438,6116712,1
1,1118439523,1.093303,6119810,38
1,3947473489,0.988706,6120323,1
1,194366167,1.012133,6121461,10
1,4220401477,0.861503,6126825,66
1,3772967953,0.919621,6132470,59
1,277034099,0.999023,6133453,3
1,1206788617,1.039268,6134391,7
1,1412561597,0.946313,6138335,50
1,2390727089,1.001464,6139837,15
1,2586331837,0.927551,6141463,17
1,4094223499,0.920152,6142461,8
1,735850769,0.938541,6144638,25
1,3951141869,0.994614,6146544,21
1,744256133,1.091516,6147334,5
1,3136646561,0.846639,6151120,48
1,765519341,1.044423,6152963,20
1,728122687,0.897588,6154252,12
1,843671617,1.020302,6156428,25
1,1129303729,1.073018,6159040,31
1,3219622909,0.908940,6165845,91
1,3175655047,0.915897,6167610,19
1,2014558927,0.975280,6170008,28
1,1987250981,0.981270,6172881,35
1,3483980317,1.043020,6173471,2
1,716880719,1.050483,6174271,5
1,3327263921,1.004871,6175257,8
1,1546560167,1.147773,6178306,37
1,2638583993,0.905711,6178817,1
1,1668053,0.982762,6183274,58
1,1008353233,0.897588,6187060,43
1,402829351,0.914830,6191513,54
1,3156667853,0.854103,6192259,4
1,2001035941,0.977281,6193056,5
1,146382391,0.997556,6193629,2
1,1295323597,0.950945,6194555,7
1,2262664093,0.970764,6196049,15
1,1177383761,0.942176,6198378,27
1,379486871,1.176761,6199576,11
1,341095423,0.928078,6201489,21
1,2858596523,0.975280,6202561,9
1,3349985621,0.994123,6204971,28
1,3062129821,1.098205,6209123,53
1,1551205471,0.895409,6210338,11
1,259111351,0.993632,6211473,10
1,227865349,0.978779,6212677,11
1,2585013667,0.938021,6214575,21
1,1019486639,1.019344,6218514,50
1,2316945571,0.973777,6219019,1
1,448625417,0.864897,6222460,43
1,188163139,1.072563,6231018,112
1,865917347,0.975280,6238891,91
1,1559429273,1.093303,6239783,4
1,1444556371,0.957597,6240369,2
1,4005020269,0.940101,6244542,53
1,2916239957,1.086584,6246463,21
1,2671593721,0.857526,6248095,17
1,1338800027,1.100870,6252385,55
1,903206201,1.055584,6253886,15
1,2369679619,1.167596,6256567,32
1,4134253367,0.928078,6259104,30
1,2090624551,0.844329,6261441,27
1,3854862287,1.000488,6262449,8
1,2106154247,1.020780,6264839,28
1,3009918013,0.899761,6265985,10
1,84227023,1.012133,6266691,4
1,4286141773,0.978779,6267904,11
1,61439549,0.927551,6274569,89
1,4091795987,0.940101,6277387,34
1,3668729833,0.985738,6280717,41
1,2242679051,1.022214,6281647,7
1,965894947,0.954533,6284708,34
1,1875888743,1.039268,6285590,6
1,1010732867,0.997066,6286588,8
1,726388153,0.950432,6287514,7
1,101567857,1.081178,6288961,12
1,4040153081,0.904632,6289644,3
1,2994064193,1.095980,6291057,14
1,1362751513,0.970261,6291920,6
1,1560228931,1.000488,6292574,3
1,4003085231,0.940620,6293094,1
1,1092371263,0.927551,6293671,2
1,939667067,0.934370,6294323,3
1,579169043,1.027455,6297996,45
1,2730643529,1.007782,6298522,1
1,4228919627,0.940620,6302160,46
1,1870604159,1.012133,6304433,26
1,2518507991,0.946313,6305725,12
1,2385141359,1.010685,6310780,66
1,3507574541,0.893772,6314006,40
1,3857486401,0.938541,6316252,26
1,2911487431,1.034559,6317130,6
1,3290768083,0.964709,6319458,27
1,3515959939,0.977281,6320241,5
1,2638494667,0.935414,6321178,7
1,146501633,1.047691,6321885,4
1,4243258417,0.957597,6323673,19
1,3291003473,1.020780,6326968,41
1,1273830253,1.012133,6328334,13
1,1214512681,1.057433,6332097,43
1,4154536147,1.078012,6335910,34
1,3204563897,0.956577,6337689,14
1,1742433787,0.959126,6338225,1
1,3738449093,0.993141,6340059,20
1,4029619183,1.121958,6340855,5
1,824728297,1.154560,6342604,18
1,4156406861,1.018386,6343638,8
1,1924544467,0.857526,6345564,21
1,503169967,0.942176,6349210,46
1,2582509087,0.957597,6350845,17
1,1836026737,1.020780,6351570,4
1,1534591397,0.989199,6352292,4
1,2753145107,0.954533,6358515,83
1,2638767539,1.002438,6361329,34
1,855911317,0.997066,6361829,1
1,653889823,1.012616,6363669,20
1,1366555427,0.970764,6366929,40
1,2484151507,0.991172,6367579,3
1,1182612133,0.982762,6369784,25
1,3157437533,0.848367,6372745,36
1,308648443,0.886090,6373254,1
1,2248212959,0.985738,6375571,27
1,183972223,0.947859,6382864,98
1,1192716419,1.050483,6387149,50
1,3345924443,1.033142,6388031,6
1,4204763029,0.964709,6388691,3
1,879200837,0.888841,6390593,21
1,1078534649,1.055584,6392808,23
1,3987605723,0.872205,6394733,21
1,3188212129,0.965215,6396556,20
1,463728607,0.888292,6397908,13
1,3523417819,0.927551,6398416,1
1,2249285141,0.878342,6403532,67
1,2478610129,1.037387,6405375,20
1,381681691,0.955044,6406214,6
1,1579736813,0.908940,6407363,10
1,1040241809,1.070740,6408067,4
1,831067859,1.095534,6408849,5
1,2487249599,0.932277,6410053,11
1,2948684989,1.058356,6413642,45
1,1243755197,1.050483,6414571,7
1,306747811,0.997556,6416951,28
1,2487337213,0.884436,6417542,2
1,3746154497,0.993141,6418953,14
1,274998313,0.870524,6419588,3
1,24051113,0.844329,6420641,9
1,3605155469,1.047691,6421988,13
1,3909406363,0.970261,6424029,23
1,4023516473,0.904632,6427822,48
1,720342869,0.982762,6428545,4
1,2054128631,0.997556,6429762,11
1,477067477,0.931753,6431332,16
1,2077197251,0.868840,6432753,14
1,3540803179,0.986233,6434423,13
1,3898894037,1.084785,6436216,19
1,858244033,0.984747,6438748,15
1,1484453263,0.981270,6440625,17
1,133166357,0.969254,6441781,10
1,982435243,0.947859,6443057,12
1,4197925559,0.980772,6444763,18
1,1530712159,0.854103,6449058,55
1,4238795707,0.981270,6450307,11
1,2668567127,0.965215,6451811,15
1,2400386501,1.082983,6453095,12
1,2375100043,0.970261,6459478,85
1,4123015711,0.844329,6460060,2
1,1653620611,0.907865,6460845,5
1,2004683831,0.910014,6461710,6
1,163818971,0.981270,6462292,2
1,1981209947,0.843750,6464347,23
1,1881485299,0.977281,6466259,21
1,3453880883,1.007782,6469994,47
1,1586401717,1.027455,6472957,36
1,4134254177,0.936979,6474534,16
1,2441512877,0.957597,6475182,3
1,3051121309,1.067086,6476749,16
1,38684791,0.882225,6478375,17
1,2581624079,0.885539,6480139,19
1,3576833483,0.904092,6482205,23
1,1156348009,0.962683,6482780,2
1,1260622703,0.875558,6484135,13
1,3138949711,1.029829,6485767,17
1,556398433,0.833854,6487246,15
1,125212141,0.888841,6489084,16
1,1118216353,0.970261,6490713,17
1,3335868583,0.997066,6492206,15
1,3156052301,0.961160,6495742,42
1,193796983,1.000488,6496889,10
1,1442844973,0.910550,6497394,1
1,960384353,1.007782,6499303,21
1,3845012453,0.988706,6504586,69
1,2066677241,1.082983,6506084,15
1,3371668813,0.957597,6507154,9
1,3030629243,0.928078,6508384,11
1,1753070507,0.920152,6509251,6
1,3374570371,1.018386,6511439,25
1,2776681813,0.922801,6513276,20
1,48344117,1.039268,6513978,4
1,2466514079,0.950945,6515603,17
1,981412709,0.946313,6516676,9
1,137785181,1.039738,6520388,47
1,1335424997,0.944764,6521255,6
1,4140977389,0.996576,6522474,11
1,3464507143,0.934370,6523466,8
1,1138934213,1.003899,6524807,13
1,2079824359,0.977281,6527009,25
1,2456715601,0.956066,6528074,9
1,3383593597,0.919090,6529787,18
1,4247848471,1.052341,6533025,40
1,703443989,0.907865,6533604,2
1,2554325239,0.996576,6536138,25
1,3918862781,0.914830,6537799,17
1,4120009973,0.965215,6538872,9
1,1297629959,0.999023,6542184,28
1,767785913,1.015985,6545636,41
1,448873471,1.062959,6547571,20
1,1968852239,1.094196,6552026,57
1,3062544673,1.000488,6554211,25
1,483267661,0.973777,6556112,21
1,3209371303,0.841432,6557618,15
1,3724887961,1.040677,6558682,9
1,1674936689,0.988706,6563227,59
1,906127561,0.988706,6566610,42
1,544307597,0.878342,6567879,12
1,1332521371,0.877786,6568683,5
1,2568661211,1.054659,6570036,13
1,3035948659,0.947859,6574125,52
1,3422312141,0.975280,6576105,22
1,40757153,0.867152,6576815,4
1,709372381,0.984747,6577668,6
1,1135997383,0.928078,6579025,13
1,3394946743,0.970764,6580236,11
1,792679409,1.029829,6581103,6
1,1003589183,0.995105,6581896,5
1,3366126767,0.962175,6582477,2
1,135595583,1.081629,6584308,20
1,2363747753,0.927551,6584963,3
1,3979449553,1.095980,6586531,16
1,1346228903,0.853531,6587882,13
1,2877638791,0.969254,6591738,43
1,3385541767,0.888841,6593966,25
1,364235057,0.979277,6597675,44
1,3855144719,0.877786,6598485,5
1,1797680771,0.755190,6602289,48
1,862724287,0.997066,6602936,3
1,1238299157,0.962683,6603794,6
1,1513872617,1.020302,6606424,31
1,2220872473,0.885539,6607700,12
1,3307181641,1.072563,6609619,21
1,3385166119,1.012133,6611319,18
1,2185430263,0.912693,6612595,12
1,378939923,0.936979,6614216,17
1,3134861479,1.025552,6615982,19
1,2323170043,0.969254,6622822,91
1,4284237901,0.934370,6623545,4
1,1824053053,0.946313,6625900,27
1,3171985309,1.006813,6626910,8
1,902403217,1.136229,6627550,3
1,507363293,1.048623,6629051,15
1,3749603183,1.054196,6629787,4
1,2063555873,0.962175,6633378,45
1,2827022243,0.940101,6634445,9
1,3508683301,1.004871,6635085,3
1,2351987471,1.018386,6635733,3
1,3165891607,0.928604,6639312,40
1,836862127,0.836777,6640607,12
1,3084876191,0.994614,6643163,16
1,1266969877,1.079822,6647415,52
1,3354380119,1.012133,6650202,33
1,982413109,0.970261,6651625,14
1,316056847,0.981270,6657640,80
1,3601510169,0.994614,6659559,21
1,1830351793,0.993632,6662815,40
1,2929878089,0.991172,6664378,16
1,2402794939,0.981270,6665874,15
1,1842163481,0.913227,6666533,3
1,4162579609,0.798558,6668093,16
1,305443813,0.922801,6668877,5
1,14421941,0.936979,6669650,5
1,101423639,1.002438,6671891,26
1,4263786767,1.006328,6678865,93
1,492647501,1.040677,6680141,12
1,2872715647,1.097761,6681229,9
1,147330983,0.908403,6684232,37
1,3570845011,0.934370,6687476,40
1,2804817683,0.859233,6690378,35
1,3027341651,1.099094,6691095,4
1,1090587559,1.055121,6692437,13
1,3927957949,0.995105,6695198,30
1,2409065881,0.953509,6695722,1
1,1101718153,1.024123,6696857,10
1,3536931337,1.078012,6703543,86
1,2451332813,1.005357,6704694,10
1,3854329273,1.012133,6705416,4
1,3212604887,0.942176,6707618,25
1,2531149339,0.895409,6708895,12
1,1239823267,1.073928,6711382,29
1,2365513687,0.925971,6713035,17
1,970839739,0.854103,6715098,23
1,1170068441,0.938541,6718209,38
1,3094393441,1.027455,6718922,4
1,2320205131,1.003899,6719998,9
1,656421281,0.990186,6721887,21
1,40970341,0.965215,6723222,13
1,2643053377,1.063419,6724845,17
1,323649523,1.035031,6726820,22
1,10567577,0.994123,6727872,9
1,1211845181,0.981270,6728726,6
1,1366884901,0.922801,6732568,49
1,3264983717,1.047691,6733078,1
1,22264283,0.927551,6736227,39
1,1980512381,0.952484,6738420,25
1,2733621587,1.055584,6739212,5
1,914256667,0.938541,6740006,5
1,3988521263,0.977281,6741433,10
1,3778995163,0.895409,6745225,35
1,1876390267,0.862636,6746982,12
1,46128781,1.012616,6748185,9
1,3745390213,1.091068,6750311,24
1,1005652057,1.012616,6752137,20
1,1668662363,0.885539,6752866,4
1,2541612737,0.920152,6754429,16
1,849962591,0.860369,6755080,3
1,4086307451,1.073928,6755800,4
1,1743182893,1.069828,6756941,10
1,1603866907,1.090173,6759818,35
1,761129377,1.027455,6760603,5
1,1288784983,1.149898,6761252,3
1,385543831,0.996576,6761983,4
1,3245404621,1.043488,6762981,8
1,1917051271,0.977281,6765239,26
1,816401129,0.897044,6765748,1
1,963006139,0.938021,6767652,21
1,88210021,1.050483,6769966,27
1,3032348101,0.878342,6776370,85
1,2774786407,1.018386,6780449,52
1,3568020011,0.989199,6781241,5
1,16857259,1.089725,6781942,4
1,3584957833,0.895409,6783294,13
1,2267442953,0.893772,6784705,14
1,2875874453,0.924387,6786827,24
1,3604796291,1.078012,6787349,1
1,822054491,0.969254,6792269,64
1,2474730787,1.126301,6793053,5
1,1515668153,0.975280,6795097,23
1,2259942397,1.025552,6796108,8
1,1776654461,0.942176,6796933,1
1,2151755231,0.968750,6799575,30
1,2484002809,0.923330,6800114,1
1,1955214697,1.012616,6801177,9
1,3868479301,0.991172,6802858,15
1,1252392719,0.904092,6804313,14
1,3228265193,0.975280,6807258,36
1,2891337073,1.031250,6811281,51
1,2256890057,1.079370,6812624,13
1,2017107641,0.974780,6814605,22
1,3654707911,0.964203,6816745,24
1,1723400521,0.999023,6819614,35
1,153235099,1.000488,6821234,17
1,167860367,0.919090,6821735,1
1,1809964019,1.020302,6823450,18
1,3691523029,0.997066,6823958,1
1,165688241,1.073928,6825860,21
1,62899037,1.029829,6826369,1
1,557687281,1.106621,6830581,54
1,712904957,1.020780,6831090,1
1,1848858727,0.884436,6832582,15
1,2697213553,0.844329,6836299,47
1,3461584453,0.920152,6837516,11
1,279877453,0.910550,6838375,6
1,903993523,0.891584,6839997,17
1,3435288503,0.910550,6841680,16
1,2899186067,0.931753,6843611,17
1,2267350823,0.984747,6851873,95
1,3947394107,0.970261,6853283,11
1,231435619,1.018386,6855398,24
1,13555147,0.928078,6856444,9
1,1815589967,1.097316,6859538,38
1,1724794139,0.889939,6868312,119
1,1914628577,0.919621,6872382,52
1,2224464829,0.928078,6873729,13
1,1499834617,1.111464,6875421,18
1,2991479041,1.014061,6879067,46
1,2034747973,0.908940,6880691,17
1,3337300867,0.970261,6883028,27
1,2797230893,1.078012,6884028,8
1,3094589263,1.032669,6886502,29
1,2836473469,1.027455,6887079,2
1,4183070993,1.058356,6888141,9
1,47429741,0.984747,6894151,80
1,816602009,0.919621,6894955,5
1,1812224831,0.936458,6896884,21
1,3715814189,0.983258,6898041,10
1,4984181,1.079370,6902687,56
1,545647007,1.053732,6903691,8
1,704290753,0.981270,6905243,16
1,1720972541,0.987223,6906468,8
1,531915991,0.969254,6907614,10
1,3975906359,0.904092,6910646,37
1,2002695329,0.942176,6912280,17
1,1176003541,1.104412,6916300,51
1,2651121691,0.970764,6918071,19
1,3582534821,0.857526,6918994,7
1,1000380221,0.927551,6919641,3
1,414645667,0.868840,6923461,48
1,1416003091,1.000488,6924813,13
1,214301429,1.012133,6925671,6
1,1521704911,1.047691,6933196,101
1,3728644583,0.877786,6933785,2
1,2205310693,1.005357,6935064,12
1,155777761,0.895409,6935978,7
1,2855538239,1.078012,6936979,8
1,2149623001,0.922801,6940061,38
1,1453977193,0.861503,6941347,12
1,408789013,0.891584,6942471,10
1,1694446891,0.942176,6945010,30
1,679098257,0.957597,6945954,3
1,3285808003,0.929655,6951302,53
1,3727182059,0.850666,6954575,38
1,3639164171,0.846639,6956410,20
1,775809341,1.029829,6961695,69
1,3865095613,0.914830,6962696,8
1,3677408123,0.938541,6965655,36
1,214711213,0.838525,6966716,9
1,2771691071,0.857526,6967524,5
1,2423873489,0.969758,6972719,68
1,1997417923,0.980772,6974217,15
1,2370308527,0.914830,6977585,42
1,2035181573,1.070284,6979493,21
1,1445858027,0.892679,6982021,30
1,1018414619,1.063419,6983380,13
1,364565587,0.893772,6983886,1
1,64072681,0.978779,6986687,34
1,1895062363,0.783746,6987279,2
1,1922783089,0.907865,6990452,39
1,404390521,0.982762,6990949,1
1,2887833821,0.911622,6991465,1
1,548719837,0.997066,6996091,60
1,3581641541,0.953509,6997105,8
1,732022549,0.978779,6999023,21
1,2146708129,0.932277,7000023,8
1,3876292661,1.063419,7001176,7
1,2291227691,1.053732,7004060,34
1,748520753,0.981270,7004979,7
1,469110253,1.169268,7012728,102
1,766776587,0.902471,7013597,6
1,1960391267,0.839689,7014393,5
1,2320458719,0.919090,7016382,22
1,3227384231,1.010685,7020318,50
1,782463707,1.015985,7022653,27
1,898289849,0.936979,7025324,32
1,3314962597,0.938541,7026885,16
1,688836779,1.029829,7030464,45
1,2119924991,0.984747,7033777,41
1,3805880011,0.922801,7035347,16
1,3820310531,0.899761,7036689,13
1,3788098399,0.996576,7037695,8
1,23565049,1.043488,7038257,2
1,1318929961,0.877229,7039395,10
1,2240874719,0.991172,7040668,12
1,1513518107,0.960652,7041536,6
1,2909813701,0.977281,7042185,3
1,3198812917,1.120651,7043047,6
1,2970981989,0.978779,7045316,26
1,3169652729,0.906789,7046043,4
1,2852170201,0.984747,7049490,37
1,1393242121,1.039738,7052603,23
1,1093535749,1.002925,7058972,82
1,1543603693,1.032197,7059901,7
1,2059541087,0.993632,7060736,4
1,2318381591,0.960652,7062331,16
1,24714317,0.952484,7062891,2
1,4089839371,0.973777,7063698,5
1,531388733,0.968750,7064208,1
1,2813663641,0.998534,7065837,17
1,4059185759,0.977281,7067815,22
1,1419794561,0.975280,7069217,14
1,423342011,0.979277,7072098,35
1,3546074683,0.877229,7072615,1
1,1801932997,0.903011,7074039,14
1,284000737,0.921213,7074816,5
1,2948895661,0.860369,7076097,12
1,2376212543,0.854675,7077306,11
1,1303462067,1.000488,7079228,21
1,3538052653,0.979277,7080370,10
1,378715903,1.000488,7083401,37
1,2940540773,0.907865,7084681,12
1,179550373,0.846062,7086504,20
1,3206474959,1.054659,7087391,6
1,1799858107,1.095534,7088612,11
1,524063807,1.103085,7089347,4
1,353867879,0.922801,7090762,14
1,1027887719,0.960652,7094353,45
1,2145392071,0.982762,7097652,41
1,2644958867,0.984747,7100821,39
1,1510596443,1.005357,7104388,38
1,472689431,1.058356,7105287,6
1,3126161089,1.040677,7106213,7
1,1271182481,0.837360,7107424,11
1,1089717407,0.991172,7108809,11
1,935111123,0.979277,7111008,25
1,665952887,0.934370,7112979,22
1,296157691,1.025552,7118942,79
1,3768071689,1.010685,7120973,23
1,2058101839,1.050483,7123797,34
1,3908015047,1.007782,7124872,9
1,1634364503,0.932277,7125879,8
1,2031274643,0.940101,7126674,5
1,3483323101,0.970764,7127892,11
1,1722779479,0.935414,7133540,74
1,151881139,1.127168,7134107,2
1,4234765747,0.961160,7135109,8
1,1190136029,0.880563,7137782,32
1,2019485987,0.872205,7139409,17
1,2516895973,0.901929,7142210,34
1,1576770583,0.886090,7142938,4
1,327183091,1.004871,7147759,63
1,474517931,1.064337,7151502,43
1,197481001,0.944764,7152727,11
1,3744871643,1.057433,7160852,95
1,1238619947,1.024123,7163574,30
1,1253203009,1.097761,7165612,23
1,4246028393,0.924387,7167328,18
1,3378249599,1.004871,7169248,21
1,3095039153,1.115411,7169764,1
1,1473316367,0.901929,7172671,35
1,3761943827,0.830333,7176047,42
1,4282902301,1.043488,7178173,24
1,2444317553,0.964709,7180789,31
1,179838499,0.895409,7182903,24
1,3093210521,0.862070,7188578,75
1,2164350119,1.119780,7189777,11
1,2116243223,0.960652,7190989,11
1,4075629059,0.982762,7193240,26
1,100729931,0.868840,7193734,1
1,1780034939,0.974780,7195304,16
1,1112416411,0.960652,7196440,10
1,3682549963,0.947859,7198487,23
1,1579777631,0.960652,7200822,27
1,572732417,1.184618,7201941,10
1,2446198751,1.015985,7203575,17
1,2494376671,0.820275,7204645,9
1,858967807,0.913227,7207470,31
1,2405025523,0.946313,7208766,12
1,110784523,0.965215,7212485,45
1,1155695747,1.039268,7213557,9
1,4073075933,1.118907,7214697,10
1,2668899529,0.981767,7217371,32
1,1103212393,0.950945,7218997,17
1,2276421779,0.925443,7220624,17
1,144107393,0.970261,7226571,79
1,3118594289,0.986233,7231054,58
1,2689530359,1.012133,7231642,2
1,4286254163,0.743461,7232508,6
1,3167936881,0.942176,7233717,11
1,3906579497,0.899761,7237304,45
1,164291441,0.997066,7238296,8
1,614904449,1.116723,7239004,4
1,3215449277,0.942176,7240460,14
1,3006991439,0.919090,7243631,39
1,3623653307,0.827978,7244371,4
1,1086701939,0.986233,7244876,1
1,3830195783,0.935414,7246155,12
1,2152422509,1.027455,7247303,10
1,2969440511,0.826207,7252294,65
1,3835956407,0.919621,7254364,19
1,1663264177,1.048623,7255030,3
1,2220765221,0.920682,7255960,7
1,1731358241,0.927551,7263089,80
1,3429093769,0.998534,7264420,12
1,1759169597,0.877786,7266676,26
1,1493920279,1.022214,7267395,4
1,4104969493,0.992649,7268255,6
1,849362251,0.947859,7269115,6
1,3313723489,0.917495,7269829,4
1,3458046863,1.025552,7270555,4
1,210610123,1.048157,7271275,4
1,422129801,0.798558,7274367,38
1,4235723353,0.960652,7275383,8
1,2298102409,0.994614,7276999,17
1,1492094473,0.825615,7277993,8
1,3021747881,0.964709,7287226,126
1,1906968181,0.848367,7290948,47
1,3619935757,0.990186,7292236,12
1,357969701,0.911622,7296021,48
1,3776429381,0.919090,7296810,5
1,310744321,0.997066,7297496,2
1,1317531989,1.110145,7298032,1
1,2070359143,0.960652,7299819,19
1,3003608149,1.002925,7304097,55
1,296015147,0.902471,7305017,7
1,899896937,0.880563,7306508,15
1,1821516713,0.962683,7308646,24
1,888408863,0.982762,7310205,16
1,4139775793,0.969254,7311291,9
1,84957713,0.882778,7312907,10
1,1439494351,0.971267,7315628,32
1,1649175949,1.025552,7316285,3
1,2666933849,0.885539,7316870,2
1,1467643237,0.846062,7317393,1
1,1878052783,1.027455,7318238,3
1,2450890201,0.914830,7318903,3
1,3351073381,0.957597,7320607,18
1,3667736399,0.970261,7324254,46
1,3492791989,0.942176,7326449,25
1,1234325531,1.007782,7327162,4
1,292561669,0.946313,7328507,13
1,120289237,1.014543,7329369,6
1,717896737,1.116723,7330497,10
1,930583471,0.955044,7331299,5
1,4048933013,1.008751,7336636,70
1,2196591049,1.007782,7337559,7
1,965766959,0.872205,7339257,18
1,582133997,1.025552,7341524,25
1,1375334099,0.919090,7345770,54
1,2882102053,0.969758,7346698,7
1,2454736873,0.899761,7347830,10
1,2459070083,0.877229,7349103,12
1,1090519613,0.928078,7350308,11
1,2206230571,1.016466,7351303,8
1,3745398479,1.067086,7354123,34
1,592193773,1.012616,7354698,2
1,1353918751,1.033615,7362826,90
1,574798327,0.922801,7363880,6
1,4082407711,0.908940,7364401,1
1,442229941,0.970764,7365395,8
1,1563920341,1.104854,7366189,5
1,4125795923,1.140946,7367270,9
1,217368989,0.985738,7370014,33
1,1658398979,1.106621,7370866,6
1,1263448633,1.090173,7372782,21
1,3233904217,0.995105,7373295,1
1,124197467,0.885539,7373866,2
1,1512124697,1.105296,7377179,41
1,4072620401,0.895954,7381397,54
1,2528232293,1.050483,7382466,9
1,2661406871,0.913227,7383745,12
1,1477835311,0.945280,7385660,21
1,3781078963,1.018386,7387578,21
1,135229873,0.954533,7388072,1
1,3765336299,0.960652,7388864,5
1,3436214993,0.864897,7393643,62
1,1490140387,0.919090,7394644,8
1,3350934263,0.950945,7395582,7
1,471887483,0.862070,7396378,5
1,542024227,0.961160,7396947,2
1,8317453,1.033615,7398134,11
1,3337086847,1.000488,7399216,9
1,457332559,0.934370,7399723,1
1,1518995399,1.001951,7401772,23
1,3535801277,0.969254,7403878,24
1,4033803259,1.093303,7406364,28
1,3043755271,0.906789,7406871,1
1,1736062477,1.043488,7407800,7
1,3540688363,1.061581,7408678,6
1,3117560653,0.994614,7409745,9
1,3221674459,0.927551,7412205,29
1,3971689291,0.981270,7415333,30
1,2138821019,0.962175,7415954,2
1,184000847,0.892679,7419813,46
1,1400560853,0.932277,7420354,1
1,784819687,1.024123,7421078,4
1,3931347829,0.855816,7421664,2
1,3138670273,0.997556,7423012,13
1,473645677,0.839689,7424355,13
1,1572404671,1.005357,7425160,5
1,3042132631,0.931753,7426094,7
1,2739217231,0.920152,7428410,27
1,237589003,0.938541,7429254,6
1,1982951869,1.004871,7430054,5
1,2664105319,1.004871,7432798,33
1,2379306091,0.940101,7435349,30
1,2755476419,1.078012,7436906,16
1,749226581,1.047691,7438320,14
1,153593767,1.029354,7438964,3
1,3492115633,0.988212,7441646,32
1,3880074487,0.938021,7442582,7
1,1858452251,0.942176,7443664,9
1,3128655373,0.969758,7445804,24
1,3600444347,0.928078,7447096,12
1,1351265537,1.000976,7449693,31
1,2559530213,0.962175,7450201,1
1,927443773,0.954533,7453436,40
1,3265652339,0.942176,7454158,4
1,398839741,1.042552,7455097,7
1,866273041,0.938541,7456015,7
1,544663489,0.886090,7458425,24
1,3156880591,0.963190,7459652,11
1,2307476681,0.974780,7466125,71
1,2630561149,0.971267,7467868,16
1,328580821,0.914830,7469368,15
1,145246879,0.922801,7470213,6
1,1971477049,1.025552,7471139,7
1,698343599,1.004871,7472982,20
1,1733890001,0.986728,7475601,31
1,3969000253,1.081178,7478485,35
1,2942964083,0.846639,7480536,23
1,3710105753,0.877786,7481331,5
1,1770275149,0.910550,7482460,10
1,30794857,0.946829,7484142,18
1,891936979,0.964709,7487169,37
1,2675322061,0.973777,7489377,25
1,3308921303,0.970764,7490445,9
1,1544869093,0.961160,7494097,46
1,3442623307,1.039738,7495024,7
1,3176492411,1.079822,7496588,16
1,2053890389,1.015985,7497798,11
1,3096643681,0.950945,7498577,5
1,1473873623,1.007782,7499233,3
1,279146921,0.822059,7500713,15
1,3768056143,0.973777,7501376,3
1,3437334191,1.039738,7502656,12
1,4433941,1.003899,7503477,6
1,2912040179,1.044423,7504352,6
1,106970431,1.026980,7504922,2
1,3017774173,0.994123,7509494,59
1,1125563771,1.005357,7510705,11
1,715137769,1.118907,7513393,29
1,259028593,1.061581,7516353,36
1,116942797,1.046758,7522273,77
1,1554672349,1.029829,7525075,33
1,2535615437,1.045825,7526150,9
1,4230553541,1.013098,7529951,45
1,260837347,0.862636,7530824,6
1,3720753503,1.076198,7531619,5
1,908291471,1.031250,7536671,66
1,273419719,0.953509,7537239,2
1,2569117757,0.880563,7538737,15
1,1652539039,0.977281,7539755,8
1,578616851,0.961160,7542156,28
1,3061737527,1.018386,7544982,34
1,1314288407,0.922801,7545566,2
1,3090806879,1.012616,7546709,10
1,1830584827,0.932277,7549127,27
1,1287079777,0.928078,7550240,9
1,3174348889,0.980772,7554742,58
1,4170332563,0.911622,7558465,47
1,2037529213,0.799169,7559335,6
1,1982261539,1.007782,7562723,38
1,1140510257,0.984251,7563337,2
1,1328563133,0.957087,7563988,3
1,315578981,0.957597,7569463,56
1,1687129109,1.044891,7570227,2
1,1859880083,0.997556,7571026,5
1,3390691081,1.051877,7572228,11
1,1616091131,0.957597,7573927,18
1,4146685463,0.832682,7575212,12
1,3716794729,0.931753,7576146,7
1,2615400713,1.050483,7577648,15
1,2513894197,0.942176,7578725,9
1,3316713007,0.991172,7580354,17
1,2954582531,0.940101,7583509,39
1,2754693407,0.900304,7584155,3
1,4190601253,0.925443,7586618,29
1,1598462729,0.994614,7588043,14
1,3818012113,1.048157,7588763,4
1,1372070839,0.846062,7589828,9
1,842249621,1.027455,7591947,24
1,4033433051,1.070284,7598617,89
1,3617811893,1.063419,7600680,23
1,710824993,0.999023,7601735,9
1,2862927037,1.048157,7604485,33
1,4026091387,1.081178,7605915,14
1,3695366767,0.911622,7607350,14
1,2860115371,1.073928,7607867,1
1,3409927021,0.938021,7608595,4
1,1443026743,0.844329,7610921,27
1,1945653607,0.889391,7611853,7
1,1304517619,0.934370,7615381,44
1,724622053,0.954533,7616027,3
1,2864558371,0.906789,7616810,1
1,3462711463,0.977281,7626239,122
1,3020758021,0.919090,7627111,6
1,1098124003,0.938021,7628103,8
1,36914551,0.975280,7630083,22
1,121908401,0.880563,7630646,2
1,3275745677,0.954533,7631857,11
1,2719377539,1.023646,7634806,36
1,2000450371,0.891584,7635822,8
1,2856221593,1.031250,7636902,9
1,4101025223,1.061581,7639579,32
1,2838201169,1.006328,7640710,10
1,4053018731,0.977281,7644002,41
1,2305741897,0.946313,7644717,4
1,3880611113,0.920152,7645230,1
1,1778817629,0.860369,7645946,4
1,3768213269,0.940101,7650115,53
1,2980710833,0.961160,7652157,23
1,173398913,1.027930,7652870,4
1,3078282563,0.942176,7653458,2
1,967116253,0.860369,7655017,16
1,1739078573,0.988706,7655739,4
1,3871392227,1.044891,7656950,11
1,2255180561,0.957597,7657531,2
1,569276969,0.981270,7658892,13
1,655333171,0.970261,7660253,13
1,777459523,1.008751,7662036,19
1,2431951933,1.062959,7662886,1
1,2531661983,1.005357,7668332,57
1,1094353097,0.961160,7669959,13
1,1586064661,0.899761,7671181,11
1,385774357,1.084785,7672469,12
1,853358357,1.012616,7672979,1
1,3125569019,1.033615,7673913,7
1,4138674773,0.903011,7675623,18
1,4214130073,1.166760,7676555,7
1,3471310043,0.994614,7678340,19
1,2624925839,1.083884,7679477,10
1,2907463037,0.931753,7683752,55
1,310983527,0.958616,7684814,9
1,961699931,0.928604,7685749,7
1,743521657,0.984747,7687584,20
1,3418990849,0.956066,7690189,31
1,392870207,1.057894,7690772,2
1,2319634201,0.977281,7691558,5
1,1032428911,1.012616,7692071,1
1,3725535449,1.025552,7693418,13
1,1868244857,1.048157,7694640,11
1,3369010523,1.050483,7696958,27
1,463322257,0.911086,7699775,34
1,1763252861,1.015985,7703862,52
1,1865431991,0.964709,7708792,64
1,2500572583,0.944764,7709513,4
1,1936217519,0.962175,7710446,7
1,771094453,0.835024,7711037,2
1,2271523747,0.997556,7711687,3
1,3433063903,0.971267,7713325,17
1,2399263793,1.091068,7714390,9
1,3384896899,1.091516,7715185,5
1,1144654127,0.952484,7715971,5
1,1520935723,1.105738,7716559,2
1,3781711057,1.076198,7718667,24
1,549566033,1.029354,7720855,22
1,2243843933,0.950432,7724031,39
1,1789650589,0.964709,7725723,15
1,1801091807,0.899761,7730981,68
1,1687711897,0.956577,7734135,39
1,2784221851,1.056047,7734869,4
1,3599971027,0.919621,7738824,50
1,1522563671,0.869402,7740797,22
1,661061381,1.070284,7741867,9
1,789047759,0.994614,7744538,32
1,2087364121,1.036916,7745047,1
1,1633222037,0.878342,7746686,17
1,1673136697,0.940101,7748236,16
1,886043827,0.826207,7751819,45
1,1037393551,1.005357,7754500,32
1,2192951933,0.953509,7757385,35
1,3298484573,0.946313,7758744,13
1,2780250323,0.942176,7759464,4
1,1609588999,0.796722,7760970,15
1,3444289561,1.015985,7767090,77
1,971659991,0.919621,7769344,11
1,1888631077,1.073928,7770369,6
1,3675531901,0.940101,7771577,10
1,2391690409,0.998534,7772984,13
1,1546042717,1.047691,7774282,12
1,857693371,0.916963,7776399,24
1,445232357,0.938541,7779548,39
1,1990519519,0.876115,7780352,5
1,2330281193,0.975280,7781971,17
1,3754549319,0.964203,7784586,31
1,3551634077,0.961160,7786560,22
1,2866999787,0.857526,7789445,35
1,482195947,1.063419,7790167,4
1,3990117091,0.919090,7793766,45
1,3388197299,1.076198,7796314,30
1,2959202581,1.025076,7798085,18
1,593582123,0.964709,7799171,9
1,1187144971,1.064795,7800671,15
1,991300517,0.886090,7802780,24
1,2931274417,1.035974,7804061,12
1,4278069017,0.965215,7804928,6
1,3247801201,1.013098,7807734,34
1,3203828623,0.969254,7809604,20
1,3523015163,1.047691,7811252,17
1,3506063923,1.111464,7814556,41
1,177615083,1.020302,7815681,10
1,3558471383,1.034559,7817938,26
1,2177157739,0.982762,7818655,4
1,4284632501,0.864332,7819752,9
1,1269592381,1.040677,7821656,21
1,468337787,0.981270,7823685,18
1,418443601,0.950945,7826384,32
1,3001911013,0.919090,7828673,24
1,1305808729,0.997066,7829404,4
1,796281701,0.884436,7830612,11
1,4132092187,0.899761,7831751,10
1,1415400199,1.000488,7835605,49
1,2623854661,0.893772,7840508,64
1,1651166221,0.935414,7841449,5
1,891090181,1.090621,7843786,27
1,3233131663,0.969254,7845699,21
1,1449018143,0.973777,7846630,7
1,2563701649,0.970261,7847144,1
1,700005893,1.007782,7849125,22
1,4138790819,1.068458,7849645,1
1,4290454613,1.183794,7851838,25
1,280687219,0.838525,7852761,7
1,32923963,0.960652,7853535,5
1,2483881193,0.970764,7855708,25
1,2077550707,1.027930,7859387,46
1,2737807703,0.846639,7860534,10
1,300471289,0.778119,7872307,143
1,809281597,1.016466,7873831,13
1,304008077,0.938021,7874682,6
1,3037002289,0.984747,7877695,37
1,1439201947,1.003899,7878626,7
1,1584224303,1.018386,7880045,14
1,2585259191,0.963190,7882097,23
1,2822398661,0.997066,7883377,12
1,1102290143,1.025076,7885493,24
1,246627487,1.052341,7887606,24
1,320691073,1.000488,7888872,12
1,1777698973,1.013098,7891201,27
1,690918037,1.094196,7891774,2
1,4149889157,0.885539,7894245,29
1,3298662383,0.911622,7895119,6
1,3628071817,0.925443,7896833,18
1,844098247,0.922801,7901839,65
1,196810027,1.046758,7902483,3
1,4094649863,1.039268,7903284,5
1,1665291113,1.105738,7903997,4
1,3955048787,0.895409,7905215,11
1,4109822963,0.969254,7906645,14
1,4294529977,0.793036,7907659,8
1,912059609,0.889391,7909146,15
1,1161144097,0.978779,7915300,82
1,3571466687,1.073928,7917364,23
1,3768585391,0.888841,7918702,13
1,3694772759,1.111903,7920831,24
1,2672251103,0.970764,7925920,61
1,808985039,1.093303,7931523,71
1,4015718197,1.007782,7933243,18
1,556292741,1.003899,7934452,11
1,1640667577,0.911622,7935314,6
1,2041495073,0.970764,7936388,9
1,4145585441,1.018386,7938859,29
1,3928449773,1.073928,7940148,12
1,30161861,1.018386,7940856,4
1,2890931579,0.965215,7942062,11
1,3544606067,1.055584,7943061,8
1,3832903049,0.970764,7945463,28
1,3889147523,0.934370,7946681,11
1,1599869329,0.920152,7948730,23
1,1912994911,0.938541,7951755,37
1,2211884683,1.002925,7954032,26
1,2318371309,0.962175,7955240,11
1,3583603781,1.069371,7956389,10
1,144985747,1.133647,7960386,51
1,147390409,1.076198,7962148,19
1,4286008417,1.025552,7963993,20
1,2058118903,0.928078,7964511,1
1,854957419,0.952484,7965444,7
1,1592680247,0.988706,7966667,11
1,2802570919,0.920682,7967183,1
1,800867513,0.920152,7968532,13
1,1340433701,0.927551,7969116,2
1,715392511,1.077106,7975047,58
1,238482971,1.062040,7977625,28
1,1348615691,1.055584,7980155,30
1,2705895707,0.994614,7980668,1
1,3364943381,0.970764,7982852,25
1,3492652123,1.015985,7986852,51
1,2221530667,1.140090,7990101,40
1,1946313197,1.106621,7993195,38
1,4052436611,1.039268,7997118,50
1,1758912523,1.055121,8001418,55
1,1830090803,1.084785,8003043,17
1,833551877,0.886090,8005789,33
1,4021430513,0.927551,8007975,25
1,3930678217,1.002438,8009393,14
1,288883367,1.044423,8010519,10
1,992589271,1.111903,8012983,29
1,3923118361,0.957597,8015721,33
1,498393733,1.140946,8017834,24
1,2686212973,0.889391,8020646,34
1,802050257,0.918559,8022626,22
1,1601744621,1.063419,8024121,15
1,1186851619,1.002438,8025332,8
1,204553147,0.945280,8026975,17
1,1618340597,0.904632,8028259,12
1,134165747,0.927551,8030096,19
1,3403650721,1.002925,8033555,43
1,2490975491,0.923330,8038094,56
1,4276558673,1.000488,8038899,5
1,3717608291,0.910550,8041310,28
1,1194992173,1.013098,8043916,31
1,3752971483,1.073928,8044577,3
1,1475459261,1.000488,8049197,58
1,1913796343,0.898675,8049804,2
1,3549003743,1.007782,8050751,7
1,1741028281,0.914830,8051348,2
1,1100257519,0.997066,8053463,24
1,2985900923,1.004871,8055796,27
1,1448953133,0.977281,8056931,10
1,2038278577,1.015985,8057448,1
1,37192003,0.884436,8059054,17
1,3279255877,0.904092,8059705,3
1,4014561557,0.999023,8061785,23
1,2626590977,1.017906,8062721,7
1,1304599019,1.029829,8063380,3
1,1845907457,0.906250,8066048,32
1,678412541,0.936979,8066974,7
1,2037063877,1.004871,8067903,7
1,4275472067,1.033615,8070027,24
1,19565891,0.955044,8070791,5
1,845905271,0.970764,8072890,19
1,3098331931,1.046758,8074484,16
1,3662031803,0.993141,8076638,11
1,42841963,0.853531,8081401,56
1,1012148701,1.124132,8082145,4
1,642546227,1.095980,8082660,1
1,750818021,0.899761,8083857,11
1,1330120349,0.919621,8084432,2
1,826248011,1.002438,8085917,15
1,244941119,0.983258,8086628,4
1,3406479523,0.844907,8088178,16
1,640878611,0.955044,8089591,14
1,2012153723,1.063419,8090810,11
1,724227913,0.935414,8091530,4
1,2194497923,0.962683,8093089,16
1,1135117177,1.124132,8094010,7
1,12497827,0.853531,8095125,10
1,3530367847,0.816098,8096403,12
1,2845835659,1.012133,8097953,16
1,3325664827,1.025552,8098692,4
1,2325863773,1.032197,8100893,25
1,3037178491,1.035503,8102251,13
1,848115641,0.889391,8103045,5
1,4092421759,0.991172,8103570,1
1,1166127317,0.997556,8104560,8
1,1613405249,0.965215,8108408,49
1,3346568497,0.884436,8111854,43
1,2630535619,1.003899,8112374,1
1,3514294603,0.911622,8114766,28
1,2090227961,0.919621,8116045,12
1,4015551833,0.890488,8118042,22
1,1129685783,0.914830,8119247,11
1,3778514797,0.928078,8119910,3
1,3050945731,0.885539,8120427,1
1,3910851017,0.846639,8121640,11
1,1514547857,0.986233,8123814,25
1,913811629,0.929655,8125385,16
1,1785974209,0.957597,8126946,16
1,3795183391,0.997066,8128235,12
1,246441241,0.867152,8130971,29
1,3228970499,0.940620,8131838,6
1,3489630941,1.018386,8132642,5
1,105187627,0.945280,8137151,56
1,1757702081,0.970261,8139218,23
1,3537315679,0.910550,8143215,51
1,1457812567,1.033615,8145001,19
1,952486193,0.982762,8145502,1
1,3399688927,0.940101,8151256,76
1,380953687,0.980772,8155346,52
1,1311406973,0.994614,8155862,1
1,3216542317,1.024123,8156587,4
1,3451340609,0.920152,8157584,8
1,711403397,0.974780,8159621,23
1,2063705639,0.980274,8160547,7
1,63297371,0.962683,8166594,80
1,4017624427,0.956066,8169413,34
1,3029709713,1.031250,8171042,17
1,947865619,0.946829,8172041,8
1,1061107493,0.919621,8177344,65
1,960532361,1.040677,8179818,16
1,2806107349,0.885539,8182785,33
1,2388051031,0.888841,8185674,35
1,2814831913,0.983258,8187734,23
1,673293151,0.897588,8189014,12
1,1734915293,1.033615,8190155,10
1,3008158291,1.126301,8193404,40
1,2701069571,0.938541,8193913,1
1,1574788973,0.988706,8195778,20
1,343994117,0.923859,8198307,30
1,3689521127,0.970764,8199327,8
1,3842269733,1.064337,8200600,12
1,3538267259,0.928604,8205591,65
1,1114184549,0.978779,8207698,24
1,3941485901,1.021736,8208292,2
1,787072697,1.036916,8213763,72
1,4089207827,1.134078,8214765,8
1,1626396283,0.970261,8215696,7
1,957352709,0.872205,8216548,6
1,1762309229,0.904632,8217056,1
1,3266324129,0.901929,8217697,3
1,639700043,0.815499,8220636,36
1,2561494489,0.954533,8221840,11
1,1847667061,0.995105,8222486,3
1,1246132427,1.076652,8226086,45
1,3335684581,0.973777,8232306,78
1,3429076909,1.086584,8232971,3
1,4017983297,0.935414,8240777,103
1,2109680899,1.006813,8241867,9
1,2242999277,0.907327,8245316,43
1,2320678039,0.952484,8249465,53
1,3047200889,0.893772,8250043,2
1,74174941,0.872765,8251663,17
1,1710859517,0.827388,8253301,17
1,2537852587,0.969758,8255973,32
1,2216410993,1.020780,8258723,33
1,1105071509,1.076198,8259578,6
1,3227813167,1.006328,8263225,46
1,1621645133,0.970764,8270409,97
1,1667095763,0.950945,8273780,42
1,3075858817,1.091068,8279347,68
1,2877612887,0.877786,8281498,10
1,1255739713,1.002438,8282168,1
1,2176074097,0.935414,8287699,73
1,1730960291,0.977281,8290661,36
1,1619057717,0.964709,8293807,39
1,1222252727,0.964709,8294819,8
1,1109302643,0.897044,8295824,8
1,3091858039,0.911622,8296538,4
1,123780869,0.996086,8297641,8
1,1328523059,1.025552,8302321,60
1,3600969989,0.955044,8303106,5
1,2484190763,1.007782,8305014,21
1,1710660067,0.846639,8306018,8
1,535573579,0.982762,8309317,41
1,3757894687,0.876115,8311035,18
1,1465494971,1.015985,8311763,4
1,252358063,0.961160,8316123,56
1,3948307829,0.973276,8316638,1
1,648763019,0.952997,8319233,31
1,234446767,0.957597,8320114,6
1,1034200073,0.927551,8324665,59
1,1896443873,1.050483,8325393,4
1,406620751,1.035503,8329332,50
1,1566863237,1.017906,8331237,21
1,4089439139,0.978779,8332447,6
1,1539714557,0.961160,8338844,85
1,1823052263,0.996576,8341538,32
1,3219563429,1.120651,8342832,12
1,2908233479,0.888841,8344113,12
1,2499138683,0.965215,8349295,64
1,994903711,1.263211,8351232,21
1,332423851,0.950432,8351949,4
1,2207427941,1.104412,8353579,17
1,724022441,0.955044,8354766,8
1,509153387,0.994123,8357240,29
1,3646540441,0.963190,8358462,11
1,617419091,0.948889,8361170,32
1,2937689507,0.997556,8362177,8
1,2178102029,1.031250,8364236,23
1,3078338981,0.993632,8365736,15
1,2088563039,0.919621,8371583,77
1,372239353,0.925971,8375794,54
1,3425031677,0.970764,8379305,39
1,66592277,0.931753,8379961,3
1,2255429543,0.912693,8387285,83
1,3843065977,0.970261,8388182,4
1,1617175999,0.985738,8388766,2
1,3749899039,0.948889,8391037,26
1,4109000383,0.857526,8392471,14
1,4235663903,0.936979,8393344,6
1,769326601,0.902471,8394280,7
1,1366130323,0.855246,8396217,21
1,1499805007,0.960652,8397148,7
1,2256298727,0.991172,8397738,2
1,996041533,1.070284,8399651,21
1,4025201903,0.994614,8400664,8
1,2475020173,0.977281,8404632,50
1,431310497,0.970764,8405480,6
1,76919741,1.018386,8407310,20
1,950317729,1.033615,8410526,40
1,2784279727,1.093303,8411331,5
1,3507216131,0.957597,8412191,6
1,1587862121,1.061581,8412981,5
1,2837233981,0.982762,8414476,15
1,4196510887,0.923330,8424937,143
1,3276333149,1.016466,8425514,2
1,1672448969,1.003899,8428603,38
1,2473009673,0.962683,8430384,19
1,1438913369,1.034559,8432013,17
1,1529991787,0.796109,8433781,19
1,3626128367,0.946829,8436068,21
1,444815363,0.807073,8436585,1
1,1801307531,0.885539,8437797,11
1,1631180333,0.902471,8443564,73
1,234635543,0.991172,8449125,73
1,2562659779,0.904092,8450403,12
1,2665965671,1.025552,8450990,2
1,3687348473,0.895409,8453175,25
1,1365812873,0.942176,8454667,15
1,489778297,0.974780,8455594,7
1,843568459,1.050483,8457228,17
1,2935889507,0.922801,8459353,24
1,1159613713,0.973777,8463358,51
1,88579373,0.994123,8465117,19
1,1817545753,1.061581,8467153,23
1,4038306043,0.852386,8468728,16
1,2594248343,1.007782,8469444,4
1,3558967381,1.027455,8470642,11
1,2823974471,1.029354,8471150,1
1,3387526151,1.014543,8471875,4
1,3761407019,0.946829,8473081,11
1,2592956477,1.113658,8473936,6
1,1443689531,0.958616,8474729,5
1,323650441,0.862070,8476488,19
1,652968629,0.900304,8478809,27
1,813737669,0.982762,8479521,4
1,2868355213,1.043488,8481304,19
1,3791866697,0.950945,8484088,29
1,3413413513,0.934370,8489573,59
1,3733621963,0.910550,8493676,48
1,935668649,0.950945,8496160,29
1,2242774379,0.977281,8498640,27
1,2553430727,0.871645,8500373,16
1,928817039,0.839108,8503413,37
1,1521755071,0.922801,8505675,26
1,2814183611,0.913227,8508299,31
1,3623643697,1.021736,8508953,3
1,2541949721,0.884436,8511554,31
1,1767457291,0.886641,8512352,5
1,3376844063,1.029829,8514190,20
1,941930683,0.936979,8518131,50
1,1880278849,0.993632,8522958,63
1,3843920281,1.079822,8525159,25
1,4251334961,1.083884,8527503,27
1,2323720319,0.942176,8528860,13
1,3695870921,0.983258,8530071,11
1,781638157,0.957597,8531700,17
1,1498414201,1.063419,8535490,48
1,4047370577,1.027455,8536358,6
1,1910923753,0.993632,8539484,38
1,881146597,0.980274,8540965,15
1,4218865411,0.964709,8541559,2
1,713136863,0.801000,8542207,3
1,2509401197,0.988706,8546774,59
1,3379691587,0.877786,8549941,38
1,2009659901,0.904092,8550693,1
1,492234271,1.073928,8551286,2
1,2402675969,0.872205,8553606,27
1,3777048409,0.919621,8554459,6
1,9853007,0.910550,8555014,2
1,4109857417,1.025552,8559379,54
1,4159195603,0.954533,8561381,22
1,4215819721,1.004871,8563369,22
1,1625566069,0.928078,8566949,45
1,871530661,0.919621,8571093,53
1,1482677191,0.946313,8573640,30
1,2640088657,0.922801,8576451,34
1,442668817,0.988706,8578291,20
1,4270651237,0.889391,8579227,7
1,2399630741,1.078012,8580654,14
1,3676799257,0.962683,8582282,17
1,3534310643,0.891584,8585120,30
1,4148440451,1.064337,8592603,82
1,65977189,1.086584,8598107,70
1,1789928989,1.044423,8600082,22
1,902484631,0.930180,8601237,10
1,2492028701,1.050483,8602531,12
1,1922571439,0.928078,8603464,7
1,1214976263,0.957087,8604037,2
1,4090788847,0.932277,8605403,13
1,2288046217,0.983258,8606737,13
1,66465433,0.854103,8609976,40
1,1831878751,1.050483,8611464,15
1,35418913,0.927551,8612442,8
1,1253596397,0.903011,8614833,28
1,1494122011,0.969758,8615555,4
1,1373016079,0.955044,8617458,21
1,290781539,1.047691,8618173,4
1,1622450287,0.885539,8619103,7
1,385748603,0.868840,8623968,63
1,79094831,0.969254,8626509,30
1,3714178801,1.132354,8630648,53
1,4015329583,0.855246,8636258,74
1,1346970259,0.977780,8643040,86
1,3250473823,1.026028,8644820,19
1,1921726771,1.140090,8648464,43
1,1023079063,0.950945,8651010,30
1,3824857249,0.920152,8652362,13
1,1380681457,1.003899,8653641,12
1,2923134679,0.898675,8654311,3
1,211532443,0.915364,8655597,12
1,3453961409,0.962683,8656741,10
1,1201549711,1.067086,8658092,13
1,3422524811,0.944247,8662101,51
1,666858259,0.919621,8664702,31
1,3601273831,1.002438,8666906,25
1,816647399,0.952484,8671067,53
1,3483077413,0.958616,8673541,29
1,4063450957,1.014061,8675043,15
1,1874201387,0.824432,8676887,20
1,1892949599,0.993141,8685444,116
1,2619593819,0.945280,8691978,68
1,2408950051,1.012616,8693307,10
1,2859484307,0.822059,8693813,1
1,1126400927,0.962175,8695855,23
1,801866053,1.111464,8696568,4
1,224737607,1.143511,8699097,30
1,226278293,1.000488,8700447,13
1,2301053113,0.893772,8701161,4
1,430305131,0.977281,8701751,2
1,295202351,0.887192,8702881,10
1,1015408949,1.020780,8703466,2
1,2324941013,1.039268,8707746,55
1,2704828433,0.927551,8708599,6
1,2446265641,0.944764,8710643,23
1,777638237,0.994123,8714020,42
1,2295076991,0.808282,8721655,103
1,3198880357,0.986233,8722513,6
1,989216633,1.020302,8723317,5
1,1433598391,0.988706,8727821,58
1,1700345681,0.922801,8742647,199
1,1817166797,0.987223,8744408,17
1,3741451289,0.904092,8748334,47
1,1292803531,0.889939,8748998,3
1,1249171673,1.004871,8749579,2
1,192744457,0.993141,8753367,48
1,713744893,0.942176,8755686,27
1,4182825697,1.047691,8757100,14
1,2211604669,1.012133,8757819,4
1,186257549,1.029354,8761340,44
1,1400900009,1.010685,8763022,18
1,630917789,0.952484,8766390,42
1,2780101199,1.027455,8770609,54
1,1400216117,1.034559,8771888,12
1,1190354567,0.885539,8772697,5
1,3529584733,0.910550,8778099,71
1,4153354573,1.018386,8778615,1
1,3182990249,0.910550,8780037,14
1,2463462959,0.981270,8780692,3
1,3774600997,1.116723,8781906,11
1,1471083599,1.054659,8784030,24
1,1987416449,1.083884,8786204,25
1,3115370959,1.047691,8787910,18
1,1751174651,0.908940,8790692,29
1,1121475449,0.811297,8791785,9
1,2973483439,0.986233,8793950,12
1,308910311,0.694566,8795418,13
1,3018241483,0.969254,8797194,19
1,132541769,1.104412,8799367,23
1,4093460017,0.988706,8804079,61
1,862296397,1.052341,8806882,34
1,902988431,0.977281,8810884,51
1,798579829,0.978779,8811403,1
1,2610224597,0.925971,8812128,4
1,3459763907,1.070284,8812853,4
1,3086718247,0.931753,8815045,25
1,1991175451,0.964709,8816543,15
1,930104239,0.848942,8817123,2
1,3245340191,0.808282,8817852,4
1,2209841149,0.969254,8818383,1
1,3109632509,0.975280,8820221,20
1,510529741,1.024123,8821698,15
1,3515451293,1.036445,8822772,9
1,2152321697,1.009718,8823687,7
1,3505142099,1.020780,8824685,8
1,3043531501,0.920682,8825200,1
1,1183245139,0.914830,8826892,18
1,3127086971,0.962683,8828044,10
1,1055797573,1.044891,8832028,50
1,2878429943,0.938541,8832891,6
1,436180313,0.910550,8835502,31
1,1379889733,0.941657,8837355,20
1,2792857999,0.984747,8838086,4
1,1841183699,0.997066,8839512,14
1,2467286519,0.938541,8846688,90
1,2359563677,0.977780,8848062,13
1,1021842373,0.975280,8849139,7
1,2383296469,0.914830,8854011,63
1,3533100833,0.900304,8854943,7
1,34097579,1.052341,8859414,58
1,2853805441,0.902471,8861111,18
1,3229747151,0.994614,8862806,18
1,21358747,1.003899,8866934,53
1,3019914143,0.913227,8870517,45
1,1341552451,0.920152,8872445,21
1,2625826369,1.079822,8880284,106
1,1313796163,0.928604,8882956,32
1,3045835369,0.936979,8885211,26
1,1876572377,1.050483,8890049,63
1,2913253699,0.964709,8891633,12
1,2442794561,1.039738,8893973,27
1,339818231,0.985738,8895761,6
1,3959862209,0.985738,8896764,6
1,3616301947,0.958616,8897481,2
1,2961341171,0.878342,8898221,4
1,1272774059,0.848942,8898814,2
1,3161539099,1.106621,8900794,22
1,998664769,0.931753,8902835,23
1,3137341099,0.942176,8904389,16
1,4136571493,0.876115,8907701,41
1,2560655887,1.002438,8909395,18
1,3456876751,1.090621,8911443,23
1,1094644697,1.171354,8911959,1
1,4043965609,0.942176,8913026,9
1,1964712517,0.963190,8914929,21
1,158061331,0.907865,8917664,33
1,1149782671,0.942176,8920131,29
1,1188836771,0.952484,8928336,111
1,1962674969,0.950945,8930036,18
1,684262477,0.921743,8930813,5
1,3555025687,0.907327,8932025,11
1,174181213,0.867715,8933874,20
1,1459504303,0.931753,8935456,16
1,1853650313,0.911086,8940162,61
1,1421993087,0.966732,8941602,14
1,178793843,0.956066,8945595,51
1,2273094673,0.953509,8946105,1
1,2200790617,0.950432,8949060,32
1,1589827081,0.958616,8951393,27
1,1721023243,0.910550,8953089,15
1,4146822851,0.944764,8953624,1
1,4011516121,0.965215,8954283,3
1,3089750659,1.040677,8955845,16
1,3776659681,0.888841,8957120,12
1,3929607599,1.050483,8958121,8
1,4246829189,0.994614,8961155,37
1,2558405957,0.981270,8962019,6
1,2377639169,0.993632,8962739,4
1,3584433857,0.965215,8966040,41
1,1545017009,0.961160,8970485,57
1,37503673,0.949404,8971737,12
1,1730990299,0.984747,8973786,23
1,2199236353,0.826207,8975821,23
1,1907279683,1.104854,8978250,28
1,817492807,0.942176,8978769,1
1,1027583483,1.048157,8980755,22
1,3994941983,0.984747,8981902,10
1,626355953,0.950945,8982552,3
1,2937771307,0.955044,8986351,48
1,3842695723,1.027930,8987138,5
1,712847929,0.893772,8991828,61
1,2598167437,0.928078,8992760,7
1,1858809103,0.941657,8993878,5
1,2507203697,1.004871,8994690,5
1,317967149,0.934370,8997956,27
1,1023466603,0.846062,8999540,14
1,3617882699,0.953509,9004862,70
1,1434319963,1.118907,9005391,1
1,852241991,1.005357,9010302,64
1,1939542877,0.952484,9013961,46
1,4108971611,0.984747,9015117,10
1,4142780009,1.012133,9016959,20
1,1916643331,0.904632,9021879,64
1,657854623,1.007782,9025619,47
1,4120160147,0.964709,9026842,11
1,3110614187,1.012133,9032160,70
1,1649313121,1.086584,9033920,19
1,957283619,0.929655,9035891,22
1,3529128401,0.961160,9038367,29
1,4284699701,1.069371,9040763,28
1,3797138123,1.061581,9041486,4
1,1129052917,1.033615,9044519,37
1,2379922967,1.004871,9046916,28
1,877121771,1.063419,9057580,131
1,817891829,0.938021,9060660,36
1,4242837449,0.995105,9062233,16
1,2163315359,0.962175,9064287,23
1,758681527,0.945797,9065495,11
1,401449877,0.970261,9066493,8
1,1541573933,0.944764,9068190,18
1,4154046037,0.984251,9070585,28
1,135640781,0.965215,9072273,18
1,3900300269,0.889939,9073490,11
1,708811669,1.021736,9079523,80
1,490696957,1.018386,9081447,21
1,3953118187,1.050483,9082042,2
1,1673851099,0.908940,9082626,2
1,3094113793,1.029829,9083275,3
1,1068449969,1.046758,9084770,15
1,399773987,0.920152,9086385,17
1,2445651151,0.962175,9087322,7
1,3599550719,0.954021,9091208,49
1,2370163703,0.969254,9092144,7
1,582620539,1.090621,9094745,31
1,4227031651,0.946313,9097448,27
1,2162937757,1.002925,9100671,24
1,1655798563,1.043488,9102528,16
1,3336408487,0.848942,9105422,35
1,3214890923,0.904092,9105945,1
1,3034419103,0.984747,9106832,6
1,1416997369,1.035031,9107902,9
1,4270436717,1.008751,9110871,36
1,1665525601,1.116723,9112091,11
1,1113819419,0.973777,9114006,21
1,261172589,1.036916,9116884,35
1,1514213639,1.012133,9118374,15
1,2251339663,0.891584,9118885,1
1,2952795553,1.079370,9119526,3
1,3621815053,1.105296,9121713,25
1,3500802971,0.806468,9122427,4
1,73867817,1.031250,9123683,12
1,674871629,1.020780,9126421,33
1,248629621,1.037387,9128401,22
1,1240399273,0.818488,9130033,17
1,789998059,0.928078,9132499,29
1,799082131,1.006328,9135231,33
1,1494446669,1.027455,9136668,14
1,3636752173,1.109265,9137181,1
1,3150029731,1.023646,9138049,6
1,613346879,1.091068,9140441,28
1,952010729,0.932277,9142063,17
1,12094799,0.965215,9143111,9
1,286594909,1.042552,9153832,143
1,1073959441,1.054659,9155533,18
1,2332154423,1.012616,9161788,80
1,4111268767,0.975280,9162406,2
1,930171997,0.937500,9163472,9
1,1701715013,0.886641,9165098,17
1,1413842863,1.089725,9168893,48
1,3002805431,0.928078,9171651,33
1,2912740267,1.048157,9173212,16
1,1302458173,1.044891,9174842,17
1,590268379,0.957597,9176282,14
1,3782713793,1.015985,9176862,2
1,1288822939,0.880563,9177998,10
1,646349453,0.862070,9179130,10
1,2638485583,0.878342,9180749,17
1,3648483323,1.068458,9182110,13
1,3752374139,1.082983,9183474,13
1,2688753083,0.839689,9184338,6
1,3006695137,0.877786,9186442,24
1,153005761,0.910550,9188619,25
1,1904812121,0.907327,9190440,20
1,2923392319,1.020302,9192080,17
1,329048191,0.852386,9192728,3
1,654743567,0.977281,9194782,23
1,831290591,0.920152,9196070,12
1,860984479,1.021736,9201148,62
1,3296595979,0.993632,9204103,22
1,2755135771,1.020302,9206372,24
1,500685821,0.900304,9206961,2
1,1079797793,1.006328,9207884,7
1,2004099829,0.936979,9209395,15
1,363223303,0.963190,9211778,28
1,3139305781,0.811899,9212703,7
1,2005888537,0.970764,9214054,13
1,1199211791,1.103970,9214565,1
1,3770937109,0.911622,9215217,3
1,1292181427,1.124132,9217892,32
1,4124007319,0.957597,9219963,23
1,2464378997,0.969758,9224116,53
1,1866080299,1.056971,9224625,1
1,2887169309,1.163407,9226882,26
1,3077248831,1.020302,9227763,6
1,2096795507,1.061581,9229969,25
1,3610395427,1.002925,9232374,28
1,2953592401,1.000488,9233851,15
1,2146945751,0.914830,9239631,76
1,2044136131,0.940620,9241186,16
1,3705874391,0.913227,9242269,9
1,1915538353,0.995105,9242778,1
1,2161126697,0.848942,9245431,32
1,3453533921,0.860369,9246373,7
1,1675525223,0.934370,9246963,2
1,3949533227,0.903552,9248248,12
1,1623697639,1.013098,9249114,6
1,2048501563,0.911622,9250117,8
1,340176937,0.975280,9252985,35
1,672950693,1.118907,9257251,50
1,1077802799,0.893772,9258001,4
1,1846026839,0.919090,9259705,16
1,261130369,0.911622,9265583,78
1,1163959567,0.946313,9266577,8
1,977438467,1.106621,9268271,18
1,4039163281,0.927551,9269963,18
1,914582861,0.997556,9271191,11
1,3066562003,0.994614,9274133,36
1,1859861021,1.073018,9274787,3
1,2390589407,1.097316,9275452,3
1,3227695619,0.998534,9276234,5
1,1307400277,0.848942,9277683,14
1,3118034741,0.997556,9278410,4
1,3543980519,0.982762,9280473,23
1,396751009,0.940620,9281673,11
1,3652741459,0.978779,9282185,1
1,2746560473,1.012616,9282989,5
1,3309936263,0.932277,9286561,45
1,3959010857,0.944247,9287563,8
1,759732817,0.938541,9290151,31
1,485440463,0.962175,9296345,82
1,78081161,0.927551,9298820,28
1,3154962677,0.956066,9300544,18
1,1149256139,1.076652,9305162,40
1,1234229141,1.042552,9305989,3
1,3146241647,0.968750,9308892,35
1,333732071,0.969758,9310031,10
1,1934875093,0.928078,9312721,32
1,1182581723,0.852386,9314845,24
1,60513997,0.870524,9316251,14
1,1135735919,0.904092,9317346,9
1,3006212971,0.932277,9318774,14
1,3166511207,0.878342,9321659,35
1,163132523,0.773714,9324198,30
1,4209775301,0.973777,9324987,5
1,2681043439,0.924387,9326904,21
1,2497186217,1.012616,9328458,16
1,2111729161,0.867152,9329044,2
1,2721263921,1.023646,9329763,4
1,46556641,1.006813,9330898,10
1,1702988993,0.950945,9332169,12
1,524282753,0.931753,9333935,19
1,913331509,0.952484,9334655,4
1,3323048347,1.012616,9335791,10
1,2121720907,0.984747,9337214,14
1,3867997313,1.000488,9338138,7
1,1030839653,0.714662,9341974,47
1,951353849,1.126301,9344674,32
1,2229128269,1.064337,9345332,3
1,3288837521,0.960652,9348299,36
1,1440984619,1.000488,9348813,1
1,198364333,1.010685,9351962,39
1,2611406311,0.882778,9353254,12
1,3931874783,0.922801,9355776,25
1,4193501203,1.043488,9356449,3
1,424136287,1.043488,9357099,3
1,3661258537,1.010685,9357613,1
1,3981375611,0.965215,9358968,13
1,4181079137,0.997066,9359831,6
1,2369341397,0.782499,9361315,12
1,3593288899,1.089725,9362607,12
1,1902377657,1.029829,9366768,53
1,838257247,1.031250,9367631,6
1,3339302261,1.078012,9369270,17
1,3146190547,0.965215,9374271,65
1,3781868491,0.985738,9377668,42
1,1572442141,0.942176,9381060,42
1,612572069,0.981270,9382675,17
1,15403651,1.039738,9383854,11
1,1732136017,0.910550,9384848,8
1,1209248617,0.962175,9387309,29
1,1781692321,0.970764,9390540,40
1,401732659,0.887192,9391189,3
1,2603539031,0.957597,9392413,11
1,3235915741,0.954533,9392922,1
1,269838493,1.133647,9393921,8
1,2485503169,0.948374,9395533,17
1,191591629,1.044891,9396108,2
1,2014228253,0.903011,9397245,10
1,2514611681,0.907865,9403850,84
1,3859366633,0.931753,9406271,28
1,4074248551,0.835024,9410894,44
1,3116536559,0.949404,9412929,22
1,2920755251,1.106621,9417703,62
1,3931745287,0.919621,9418771,9
1,1936281463,1.027455,9420683,21
1,3103692983,1.148198,9421283,2
1,3520127803,0.804043,9422515,11
1,1330540067,0.958616,9425005,29
1,3508671563,1.086584,9426279,12
1,3388401307,1.044423,9429587,41
1,2616516701,0.946313,9432056,29
1,2758714669,0.878342,9433680,17
1,3070793881,1.025076,9438801,67
1,1278809899,0.914830,9442857,52
1,630634463,1.024123,9443382,1
1,650290957,0.904632,9444165,5
1,3867557371,0.964709,9445323,10
1,1064273723,0.897588,9453375,108
1,1417330583,0.918559,9454102,4
1,3066562201,0.823246,9456485,28
1,429702781,0.937500,9456998,1
1,1159115519,1.120651,9458689,12
1,2970587339,1.046292,9462582,49
1,97597477,0.997556,9463725,8
1,1300192573,0.877786,9464821,9
1,3989491063,1.031250,9465482,3
1,2931851513,0.919621,9468103,31
1,4084365997,1.073928,9471275,39
1,2677162541,0.925443,9471782,1
1,3216360083,0.982762,9473420,17
1,3461373857,0.938541,9477559,53
1,201941323,0.994123,9480421,35
1,1864484939,1.087033,9481070,3
1,2011765981,1.069371,9483969,35
1,3126489511,0.857526,9484630,3
1,2543903629,0.928078,9486332,18
1,3783803981,0.901929,9487460,10
1,338421569,0.965215,9491531,52
1,2568893867,1.072563,9492745,11
1,1190424491,1.091068,9493338,2
1,3969272669,0.922801,9494061,4
1,4038093277,0.846639,9497155,38
1,2049103361,1.043488,9498579,14
1,1811353639,1.047691,9501464,35
1,56583491,0.946313,9506367,60
1,2201555381,1.105738,9508511,24
1,1424934803,0.886641,9510256,4
1,1695812023,0.853531,9511456,9
1,1169969491,0.931753,9517084,73
1,3284359447,1.002925,9520965,49
1,4100053849,1.020780,9522605,17
1,2339678921,1.008751,9523820,11
1,2608300789,0.965215,9527889,52
1,1081739951,0.861503,9531333,43
1,1697907989,1.026980,9534625,41
1,2574292277,0.985738,9535202,2
1,3999536077,0.958616,9535713,1
1,4284153931,0.938021,9539093,42
1,1447119757,0.848942,9541692,31
1,2861035337,0.855816,9546046,56
1,1253662981,1.013098,9548821,32
1,394260563,0.928078,9555651,91
1,3214074053,0.978779,9562231,88
1,2668436107,0.919621,9563352,6
1,3391774783,1.047691,9564917,16
1,3327171469,1.089725,9565496,2
1,2067677107,0.904092,9566444,7
1,3620814023,0.818488,9567385,7
1,2294565071,0.895409,9568158,2
1,1045000427,0.946829,9570995,34
1,813016879,1.073928,9575648,60
1,655547797,0.931753,9576641,8
1,3348780637,0.977281,9577995,13
1,5615653,1.055584,9578682,4
1,2467088549,0.957597,9582178,44
1,3708746863,1.015985,9583055,6
1,44517749,0.982762,9584470,14
1,2189016173,0.932277,9586445,22
1,4074055919,0.905711,9587031,2
1,1859288089,1.039738,9587681,3
1,468153359,0.938541,9589106,14
1,618777773,1.061581,9593738,60
1,719352299,1.143511,9596699,36
1,1621157033,1.068458,9598664,22
1,1398812209,0.945280,9599233,2
1,1797773231,0.963190,9599971,4
1,511709977,1.063419,9604602,60
1,2704907549,0.906789,9605112,1
1,2399120641,0.989199,9605913,5
1,4061168413,0.914830,9607131,11
1,1484862529,0.918559,9608767,13
1,2496707713,1.012133,9609635,6
1,1596382219,1.000488,9610368,4
1,4012588751,0.977281,9612208,7
1,1932289187,0.910550,9616020,43
1,1585983541,1.009235,9619195,39
1,3766873489,0.910550,9620538,13
1,1233439069,0.931753,9623418,35
1,1663175347,1.077559,9625393,22
1,182848763,1.080726,9626176,5
1,2878208363,1.054659,9627891,18
1,3856753829,0.899761,9629174,12
1,3562096409,0.970764,9632283,38
1,1189128973,0.941139,9632857,2
1,3730744559,0.813101,9635117,26
1,3397605553,0.962175,9637785,32
1,1905311857,1.066628,9638911,10
1,2412722513,0.965215,9640886,22
1,2937613247,0.938541,9642038,10
1,933805099,1.062959,9646184,53
1,3291196123,0.911622,9646979,5
1,3556948757,1.083884,9648884,21
1,1846092481,1.069371,9649947,9
1,2449949387,1.022214,9653180,40
1,3673036231,0.853531,9653702,1
1,2050055089,1.016466,9654563,6
1,2951641309,1.054196,9655301,4
1,3529494383,0.929129,9656173,6
1,3302450839,0.956066,9658586,28
1,2394841157,0.919621,9659165,2
1,3598712203,1.037387,9659975,5
1,4146590219,0.963190,9661540,16
1,3554695499,0.852959,9663241,18
1,40139797,0.897044,9664623,9
1,2742840679,0.970764,9666759,24
1,3840338633,0.841432,9668400,17
1,4131530407,0.936979,9670493,21
1,1394233349,0.981270,9672956,29
1,751175809,1.055121,9673528,2
1,3974645669,0.888841,9674184,3
1,1059664849,0.942176,9676166,22
1,471498343,1.004871,9678949,33
1,526491811,0.965215,9679805,6
1,2791754527,1.005842,9683117,41
1,2777692579,0.985738,9685728,31
1,2420647501,0.895954,9688602,35
1,123617687,1.007782,9689100,1
1,1239607067,0.957597,9689615,1
1,1307915237,0.993141,9690481,6
1,2484369343,1.052341,9692039,16
1,3912177439,0.885539,9693251,11
1,4026234379,1.015985,9696438,39
1,14807011,1.148198,9697354,7
1,3223785241,0.935414,9699674,27
1,3040387507,1.027455,9700255,2
1,2789510803,1.023646,9700978,4
1,3698652323,0.902471,9701702,4
1,2020522831,1.027455,9702567,6
1,4113629423,0.968750,9703363,5
1,3996835789,0.920682,9704656,12
1,1993549163,0.919621,9706020,13
1,1431410137,1.039268,9707155,10
1,333625801,0.931753,9708504,13
1,2590852129,0.886090,9710596,19
1,2281686947,0.829745,9712184,16
1,304971031,0.877786,9713461,12
1,918865711,1.097761,9716295,18
1,2818682627,0.886090,9717069,3
1,3291088201,0.993632,9718694,12
1,3330649247,1.005357,9721134,27
1,1333069219,1.007782,9722424,12
1,1652963251,0.906250,9728113,75
1,3733340867,0.973777,9729879,19
1,2082575783,0.941657,9733199,41
1,3618770429,0.986728,9736221,37
1,1376763523,0.826207,9737847,17
1,2834669611,0.895409,9740599,33
1,561240551,0.835024,9741814,11
1,2051739289,0.895409,9743517,18
1,3424734251,1.000488,9744718,11
1,1220652847,1.042552,9745717,8
1,962137853,1.106621,9746453,4
1,836085277,0.930180,9747179,4
1,1417762601,0.942176,9747898,4
1,1834016759,1.013098,9748840,7
1,1607245349,1.032197,9751379,30
1,3234067423,0.897588,9753801,28
1,2934668329,0.903552,9755091,12
1,3067020833,1.012616,9756375,12
1,4032047939,1.033615,9757304,7
1,763066313,0.969758,9758028,4
1,220096277,0.981270,9758667,3
1,1938960293,1.111464,9762181,44
1,2451588397,0.993632,9762898,4
1,2231107667,0.889391,9766163,40
1,452859833,1.124132,9766819,3
1,2241456419,0.997066,9767886,9
1,1550375137,1.039268,9769865,15
1,1977739741,0.899761,9770415,1
1,1291946197,0.936979,9771620,11
1,2902516489,1.070284,9776530,61
1,1182968999,0.895409,9779076,30
1,3824708021,0.942176,9780784,18
1,367346017,1.007782,9781560,5
1,1081818601,1.058356,9784091,30
1,2844904969,1.039268,9785310,11
1,3704159807,0.884436,9787520,25
1,2309053003,1.082983,9788930,14
