agent_id,prime,g,timestamp_us,checked_since
0,1862992177,0.983258,27105536,38
0,3298747457,0.742146,27109183,46
0,1114980151,1.009718,27110614,14
0,2409535801,1.032197,27111197,2
0,725887307,1.099538,27113229,23
0,3222621947,1.147773,27113740,1
0,2948414251,0.832682,27115303,16
0,1979284819,0.927551,27115901,2
0,3100356307,1.091516,27117599,18
0,1018694023,0.761629,27123263,70
0,1087143383,1.125868,27125833,30
0,4048895759,1.033615,27126966,7
0,3902742301,1.031723,27130006,37
0,463018561,0.939581,27135212,68
0,2521666421,0.942694,27136626,14
0,1112390969,1.106621,27140505,49
0,194327197,0.849517,27142264,19
0,348813397,0.984747,27144501,26
0,927738353,0.911622,27145443,7
0,3940338757,0.880563,27147297,20
0,491630861,1.004871,27152117,63
0,1268426387,0.876115,27155294,39
0,1987818997,0.851240,27156449,10
0,1391189461,0.971267,27162354,78
0,2961624641,0.693863,27165388,37
0,4029093661,0.751301,27169785,52
0,4132516319,0.978280,27170903,9
0,98564447,1.095534,27173302,15
0,431339849,0.968750,27178241,56
0,2595885503,0.827388,27181789,44
0,942314299,0.882225,27183285,15
0,2928430919,1.017906,27184367,9
0,756634111,1.014061,27187879,44
0,2066395813,0.889391,27194670,91
0,2708745547,0.970764,27195248,2
0,2240233907,0.910550,27196727,15
0,4009469203,0.854103,27202062,70
0,2285484077,0.888841,27204306,26
0,772202293,1.156672,27210135,77
0,2085908053,1.052341,27211272,10
0,3082593299,1.008267,27211932,3
0,2078953291,0.921213,27213924,22
0,4042684157,0.888841,27214584,3
0,534683713,0.946829,27216912,27
0,1965064033,1.050019,27217771,6
0,3822276257,0.925443,27218914,10
0,2089244041,0.927551,27222700,48
0,3892020347,1.104854,27226972,50
0,430398257,0.908940,27229442,29
0,3455811563,1.074382,27231928,26
0,911008583,0.846062,27232526,2
0,877959293,1.067086,27233521,8
0,4062553577,1.177176,27234953,14
0,4071252023,0.970764,27235742,5
0,2990823887,1.071652,27236461,4
0,3042252463,0.781875,27236975,1
0,1643192071,1.008751,27238882,21
0,2248002287,1.037387,27239828,7
0,3113589961,0.981270,27240835,8
0,2010539107,0.860369,27245782,64
0,1159869803,0.910550,27246359,2
0,3930866101,1.073928,27247923,16
0,3684469277,1.125868,27251020,38
0,418928047,0.977281,27251946,7
0,1606900409,1.000976,27252888,7
0,37463467,1.067086,27253525,3
0,2785865239,0.884436,27255087,16
0,3157345223,0.858096,27256015,7
0,3388290419,0.954021,27258836,34
0,1140953507,1.012133,27260030,11
0,2446706809,1.063419,27267943,107
0,2483449211,0.846639,27268878,7
0,1239732029,0.986728,27270940,23
0,264330277,1.194878,27271627,1
0,2352793273,0.940101,27274325,32
0,3132996157,1.133647,27275944,4
0,4106681149,0.973777,27278299,24
0,461648059,0.978779,27279787,15
0,2595043939,0.876115,27284295,55
0,1576559861,0.988706,27287910,45
0,856544573,1.031250,27290792,35
0,2706755773,0.950432,27291942,10
0,331872529,0.921743,27296228,55
0,4219488869,1.008267,27298619,28
0,3921988039,0.984747,27299410,5
0,2011571153,0.921743,27300061,3
0,4198468501,0.882225,27300649,2
0,1011567437,0.753248,27301574,7
0,75194503,0.902471,27302973,14
0,582873667,1.070284,27305014,23
0,1199634307,0.944247,27306648,17
0,4177680907,0.906789,27307571,7
0,2614950077,1.223947,27310830,40
0,3435236023,0.736201,27312337,15
0,1733428831,0.908940,27313271,7
0,1365318137,1.044891,27314681,14
0,489236333,0.860369,27316448,19
0,2228154967,0.940101,27317661,11
0,3628715033,1.039268,27319284,17
0,1374235769,0.893772,27322102,34
0,2473679849,0.745429,27325269,39
0,1358437159,1.219151,27325778,1
0,3999056783,1.128467,27328341,26
0,2383293541,0.988706,27329712,13
0,3259372489,0.879453,27333240,42
0,1605290369,0.986728,27333910,3
0,2690684407,0.755837,27338526,60
0,3765178007,0.773714,27340361,20
0,1701476989,1.095980,27341508,10
0,2291786863,0.950432,27342305,5
0,4152555839,1.064795,27344717,28
0,1506816821,1.085235,27347363,31
0,2168907857,1.004385,27349900,30
0,262599523,0.987223,27350764,6
0,1594908191,0.752600,27354455,46
0,3511091237,0.976781,27359435,65
0,264386869,0.791804,27360437,8
0,2018304577,0.981270,27362478,23
0,2408149327,0.958107,27362992,1
0,2886042037,0.942694,27364192,11
0,537554191,1.054659,27367404,40
0,819389357,0.891036,27369658,26
0,2899884433,0.899761,27370723,9
0,422223427,0.971267,27371789,9
0,412746781,1.079370,27372639,6
0,2157641393,1.039268,27374647,18
0,1194803807,0.802219,27376583,21
0,3088257881,0.985738,27381116,42
0,946514017,0.730208,27383285,23
0,414042311,1.126735,27384922,17
0,2392154309,1.097316,27386266,13
0,2582592923,0.911622,27387073,5
0,2720717429,1.009235,27389403,27
0,2831468137,0.921213,27393489,52
0,3934585019,0.928078,27394343,6
0,1433145533,1.194061,27397574,40
0,3199902161,0.813101,27406380,120
0,4085778973,0.980772,27409318,36
0,2281794547,0.986728,27410798,15
0,2927935987,0.970764,27412572,19
0,538189033,0.928078,27413208,3
0,3400102961,0.830921,27414619,14
0,1521026257,1.043020,27416238,17
0,2706550813,1.025076,27418974,33
0,4234968421,1.061120,27420682,18
0,1040920711,0.927551,27423078,28
0,3793193399,0.989199,27424861,19
0,2097240469,0.860369,27430152,65
0,4061121101,0.878342,27431088,7
0,4201363997,1.000976,27431894,5
0,3335306867,0.912157,27433176,12
0,825939409,1.025552,27434026,6
0,2726542171,1.051877,27435584,13
0,2914867649,0.969758,27436105,1
0,4206629783,0.947859,27438575,29
0,3512613341,1.101756,27439091,1
0,824589347,1.064795,27441856,33
0,334643033,0.972774,27442787,7
0,3191038589,0.947859,27444915,24
0,1321002701,0.797334,27446545,17
0,1573051199,0.977281,27449323,33
0,345625543,0.823246,27451711,28
0,1025204293,0.880563,27453480,19
0,2099457011,1.009718,27454280,5
0,2328736247,0.981767,27454798,1
0,4052472409,1.033615,27457408,31
0,4290457183,0.977281,27458285,6
0,3146869163,0.773714,27461037,33
0,4000349651,0.940101,27463509,29
0,3672393997,1.130628,27467500,51
0,2699006501,0.784369,27468501,8
0,3140701021,0.818488,27472506,51
0,3423139303,1.068458,27479210,85
0,84497783,0.910550,27480881,3
0,3143063533,0.756482,27485141,53
0,4181464489,1.009718,27490196,66
0,3313749577,1.113658,27492113,21
0,1936369907,1.137517,27493184,9
0,2466315557,0.849517,27498428,69
0,1955772991,0.984747,27503627,68
0,3578941433,0.852959,27510902,98
0,3175787023,1.211114,27515610,61
0,3057682213,0.915897,27516184,2
0,1609695169,0.818488,27516985,5
0,2837313979,0.891036,27520863,49
0,1191788777,0.884436,27522140,12
0,3543343021,0.899761,27522656,1
0,4081533593,1.126735,27525951,41
0,3414578963,1.008267,27526957,8
0,844513603,1.038798,27530604,46
0,656564617,0.789333,27531915,8
0,1148636257,0.659219,27533543,17
0,3258820937,1.004871,27539913,82
0,1831615703,0.913227,27541349,14
0,1678321859,1.068458,27542197,6
0,1229951623,0.877229,27543400,11
0,2211721073,0.916963,27544622,11
0,684225383,1.073928,27545963,13
0,3786448067,0.888841,27547167,11
0,1142968951,0.827388,27548929,19
0,3569978023,0.973276,27553842,64
0,3238141561,1.008751,27554976,10
0,120594283,0.932801,27555546,2
0,336062003,1.006328,27556889,13
0,515051161,0.973276,27557462,2
0,4178981887,0.924387,27559101,17
0,2530123627,0.791804,27560879,19
0,2412746041,0.970764,27563139,26
0,196734533,1.006328,27563929,5
0,4164067819,0.914830,27564580,3
0,2243561623,0.793652,27565086,1
0,2558290109,0.875558,27566644,16
0,3887019167,1.085235,27567511,6
0,3253792981,1.099538,27570342,34
0,4144730771,0.846639,27573317,36
0,3098430331,0.950432,27575298,22
0,1220102893,0.846639,27576016,4
0,2850392683,1.039268,27577018,8
0,2931215453,0.715345,27579098,19
0,1360161809,0.906789,27579917,5
0,2149132043,0.901929,27584836,49
0,171195847,1.031250,27586379,12
0,3208794151,1.014061,27589403,37
0,1598897203,0.971267,27590758,13
0,3604924229,0.846639,27594762,51
0,2387085031,0.688919,27598150,42
0,3607383499,1.191605,27598730,2
0,588811187,0.757128,27603460,60
0,3471416687,1.093750,27604569,9
0,4075562669,0.789333,27605149,2
0,696357719,1.075745,27610545,71
0,675734971,1.009718,27613640,38
0,211267919,0.783746,27614365,4
0,3644120803,0.758416,27615590,11
0,1872338683,1.006328,27618212,31
0,2391410849,0.884988,27619475,12
0,4128173341,0.665852,27621172,18
0,2497202723,0.858096,27624829,46
0,125663851,0.954021,27629333,58
0,2374702861,1.046292,27633290,50
0,282180413,0.938541,27634086,5
0,2875672663,0.902471,27636370,23
0,3805668341,0.796722,27637168,3
0,1240006549,0.877229,27638953,19
0,262935899,1.127168,27640151,11
0,149185583,1.048623,27641490,13
0,4079486989,1.002438,27642272,2
0,3108533891,0.827978,27648461,82
0,3328543681,1.125868,27650994,30
0,2545644877,0.822059,27652766,19
0,3242949613,0.907327,27653844,9
0,3865075217,1.056047,27655599,19
0,2667442969,0.755837,27656812,11
0,458022121,1.064795,27658089,12
0,2060954173,0.925971,27660637,30
0,192345137,1.098205,27661841,11
0,283016389,0.908403,27664711,35
0,3793611077,0.852959,27665714,8
0,357377297,0.944247,27666422,4
0,3426106891,0.815499,27672364,79
0,3292309333,1.095980,27673780,14
0,936528371,1.093303,27674362,2
0,2583232919,0.824432,27676752,28
0,3567472367,0.939581,27679292,30
0,6198719,1.156672,27681272,18
0,3645171991,0.972774,27682780,15
0,1485260509,0.866589,27687434,47
0,978608443,1.149898,27688512,7
0,4048203037,0.722139,27689727,11
0,2596166513,1.108825,27690318,2
0,3349075999,1.017426,27691322,8
0,3971401583,0.879453,27696009,55
0,19225651,0.953509,27698689,32
0,815524343,0.911086,27701441,33
0,1303120237,1.088828,27705372,50
0,138088537,0.756482,27709724,56
0,2780753879,1.098205,27713262,44
0,1839303931,1.007782,27714826,16
0,3200992463,0.971267,27716593,19
0,1191264673,0.969758,27718279,18
0,2378018827,0.957087,27721364,38
0,3743464433,0.822059,27723339,22
0,275620237,0.699470,27729493,82
0,2361702521,0.897588,27730347,6
0,3491674583,0.858096,27731209,6
0,2693296909,1.067086,27733031,20
0,361280641,1.159624,27734287,12
0,4228202191,1.220752,27735375,9
0,4218090997,1.074382,27737983,31
0,344322383,0.822059,27742671,61
0,3345967847,1.115411,27743860,6
0,2318087701,0.999023,27745505,17
0,2325627107,0.721462,27746437,7
0,1726064257,0.791187,27747499,9
0,351535259,0.931229,27748143,3
0,1433145443,0.895409,27752893,59
0,3149326903,0.822059,27753572,3
0,786347059,0.950432,27754572,8
0,2319712411,0.822653,27758704,53
0,137851177,0.906250,27760250,16
0,2131006597,0.938021,27761310,9
0,2889987593,0.970764,27765503,54
0,3170495483,0.971267,27766733,11
0,2047658617,0.946829,27767455,4
0,322414109,0.984747,27768384,7
0,825436243,0.858664,27769164,5
0,3203622041,0.858096,27770027,6
0,3135028459,0.942694,27770966,7
0,4109621227,0.969758,27772255,12
0,3063771661,0.973777,27774510,26
0,578914207,1.157094,27776984,29
0,3200084651,0.955044,27778409,14
0,4191913793,0.940101,27780475,22
0,2259288263,0.938021,27785352,59
0,4060720387,0.877786,27786095,4
0,397508561,0.784369,27789494,26
0,293508283,1.162987,27790806,10
0,780770587,0.929129,27794255,43
0,2324453557,1.115848,27795734,15
0,1306828027,1.066628,27798347,31
0,3047796133,0.888841,27799980,17
0,2539394017,0.942176,27801607,17
0,3639137779,0.691042,27803166,16
0,3801465043,0.822653,27804162,8
0,2496321811,0.969254,27807056,35
0,3385168481,0.929129,27808116,9
0,4029378091,0.718750,27809184,9
0,3732012173,0.851240,27813957,62
0,582572069,0.936979,27815301,13
0,800580289,1.166760,27818892,45
0,324007501,1.086134,27819473,2
0,22716887,1.099538,27822555,38
0,2087056453,0.673871,27824248,18
0,2899014823,0.987223,27824972,4
0,3036228901,0.880563,27825694,4
0,361877669,0.942176,27827392,18
0,1807643839,1.040677,27833071,75
0,1027663591,0.858096,27833581,1
0,310755847,1.223947,27836091,30
0,1120348241,1.069828,27839036,32
0,3658685221,0.914830,27842759,47
0,1314856097,0.884988,27843405,3
0,2439025741,0.787475,27844391,7
0,3948856559,0.782499,27846196,19
0,1793066221,0.981270,27848739,30
0,332199863,1.064337,27849461,4
0,1870386997,1.146496,27853981,57
0,486587077,0.915364,27856904,35
0,1769754923,0.946313,27858319,14
0,4183298659,0.972774,27863192,63
0,1963416149,0.950432,27864063,6
0,3118729751,0.942176,27865336,12
0,802507669,1.192833,27867445,24
0,3535921931,0.889391,27868032,2
0,1284047827,1.068458,27870010,22
0,4144145393,0.937500,27870946,7
0,2301776707,0.853531,27873830,35
0,1537691119,0.977281,27875604,19
0,379419869,0.977281,27877438,20
0,931870897,0.873883,27881029,45
0,755454743,0.888841,27882864,20
0,734241623,0.889391,27883999,10
0,1441861013,0.912157,27886092,19
0,943560659,0.783123,27893989,90
0,93649711,1.000488,27894951,5
0,2973973721,1.111903,27896434,15
0,4263138179,0.736201,27897370,7
0,437449193,0.971267,27898711,13
0,1769847977,1.043020,27899866,10
0,925086527,1.142657,27900875,8
0,2167762469,0.884436,27901453,2
0,466145021,0.940101,27902804,13
0,2693427311,1.000488,27904359,16
0,965649007,0.771185,27905433,9
0,3263689601,0.827388,27906014,2
0,2903674703,0.773714,27907226,11
0,3021218887,0.876115,27908008,5
0,1670388233,1.102642,27908785,5
0,1881705697,1.002438,27909499,4
0,1578660271,0.946313,27911981,29
0,676621951,0.846639,27912562,2
0,1705100461,1.002438,27913141,2
0,180288631,0.834439,27913793,3
0,2875734679,1.101756,27914452,3
0,3936641327,1.128899,27916986,30
0,1197608381,0.803435,27918468,15
0,1182368641,0.938541,27919667,11
0,3734673221,0.969254,27922410,33
0,2372052029,0.880008,27925080,32
0,2409164203,0.668049,27926439,13
0,1541602057,0.858096,27933165,90
0,4002549883,1.134508,27936266,38
0,3621690823,0.860369,27937484,11
0,2909455979,0.908403,27939464,22
0,3678666287,0.950945,27940981,11
0,3858702941,1.235067,27944034,37
0,3544150513,1.091963,27944618,2
0,2836308841,0.919621,27945123,1
0,1230142157,0.813101,27948464,39
0,3702363913,1.009718,27951088,31
0,970357579,0.907327,27954899,48
0,2599080787,0.919621,27956110,11
0,2546920639,0.977281,27957840,18
0,181969013,0.817294,27958976,10
0,1799409467,0.901929,27960324,13
0,459492853,1.004385,27960971,3
0,3634576573,1.008751,27963165,25
0,1837408211,0.942694,27965154,22
0,186875387,1.000000,27971466,84
0,265517471,0.930180,27973783,27
0,1480911233,0.843750,27974860,9
0,3042276229,1.108825,27975439,2
0,1778910649,1.035031,27978187,33
0,399857531,1.035974,27983087,64
0,1536223099,0.940101,27984301,11
0,2136981283,0.894864,27985243,7
0,2287858813,1.023646,27987576,27
0,1737036493,0.724838,27988742,5
0,3790730467,1.035974,27989338,2
0,1571097877,0.960652,27990542,11
0,3177933929,0.916963,27992203,5
0,4114422187,1.158360,27993596,10
0,2834385949,1.081178,27994547,6
0,3943528327,0.651770,27997124,29
0,3503352121,0.813701,27998407,12
0,1137013217,1.220752,28000036,17
0,2131782479,0.973276,28001663,17
0,4206666889,1.227930,28002452,5
0,3600033791,1.064795,28003742,12
0,789044807,0.736201,28007125,42
0,2296710211,1.144365,28007911,5
0,2677018777,0.884436,28008976,9
0,335854231,0.707797,28012049,38
0,3190943419,1.068914,28014586,30
0,3553651813,1.064795,28015877,12
0,1342933931,0.993141,28016801,7
0,3386542469,0.923330,28021739,64
0,1129255261,0.950432,28024913,39
0,3956821637,0.973276,28025858,7
0,3580638161,0.991172,28026574,4
0,4253908817,1.014061,28027655,9
0,2300183533,0.914296,28030746,38
0,1427701283,0.983258,28032092,13
0,464110909,1.002438,28035609,44
0,4644677,1.098205,28037702,24
0,4260167179,0.722139,28038580,6
0,576964877,0.911086,28039778,11
0,3815997473,0.915897,28040484,4
0,176746313,0.977780,28041621,10
0,3792558379,1.213933,28043531,21
0,4285065671,0.978779,28048300,56
0,1190933587,1.095534,28050294,22
0,1914087191,1.070740,28052187,18
0,829526471,1.033615,28053839,17
0,4215876941,0.738188,28054916,9
0,2751396491,0.976781,28056905,22
0,989754797,1.129332,28057632,4
0,982988983,0.956577,28058361,4
0,2055104867,0.736201,28059308,7
0,3125449489,0.844907,28061555,26
0,321172681,0.804043,28063171,17
0,18934367,0.916963,28064644,15
0,1599527929,0.976781,28066772,24
0,2324718691,0.971267,28068943,25
0,859771727,0.910550,28069525,2
0,3610859069,0.970764,28070672,10
0,703740743,1.128899,28074244,45
0,401641687,0.832682,28076234,22
0,629451601,0.880008,28077153,7
0,3896360551,0.973276,28077671,1
0,80386819,0.791804,28078512,6
0,2998944943,0.973276,28082739,54
0,49295641,1.016466,28085730,37
0,2899229701,0.915364,28086387,3
0,267024851,0.911622,28089197,34
0,877320811,0.849517,28093028,44
0,1935052837,0.789333,28093562,1
0,345792361,0.919621,28096325,17
0,2536473869,0.906789,28097223,5
0,3487112353,0.897588,28099419,25
0,3094133387,0.981767,28101469,23
0,3513315409,0.863202,28103066,15
0,695417137,0.766103,28105471,28
0,2742322393,0.791804,28106047,2
0,1975837243,0.832682,28108507,29
0,820148239,1.291121,28111453,36
0,1593943391,0.919621,28112660,11
0,1107921337,1.058356,28117356,61
0,1421875327,0.603538,28117940,2
0,4051547779,0.936979,28119161,11
0,366290003,0.876115,28119942,5
0,905787101,0.911086,28121875,21
0,788627633,0.818488,28122873,8
0,2632105423,1.160044,28123392,1
0,1140421127,0.945280,28125446,23
0,3625639933,0.964709,28129040,45
0,901597789,1.169685,28130323,12
0,3385960321,0.766103,28131121,5
0,2067810497,0.757128,28133218,24
0,742524379,1.050019,28134006,5
0,3074378117,0.934370,28136683,32
0,4244856097,0.947859,28137478,5
0,2655431677,1.035974,28138137,3
0,2205155233,1.004385,28140390,26
0,44731889,1.128467,28144247,49
0,3186190919,0.955044,28144910,3
0,3665450123,0.758416,28149937,61
0,1407809827,0.950945,28151131,8
0,404279123,0.822653,28152772,17
0,2313880073,0.877786,28154530,19
0,3026811187,0.797334,28155668,10
0,597210001,0.844329,28160005,56
0,1382461469,0.786234,28163230,40
0,1348609181,0.891036,28165688,29
0,555747683,0.846639,28167728,23
0,4272638329,1.043488,28169993,26
0,3648049859,1.075745,28171130,10
0,1132175731,0.782499,28172698,16
0,2344165387,0.946313,28175790,38
0,4137270253,0.730208,28176527,4
0,390651101,1.033615,28177246,4
0,3910944383,1.035974,28178802,16
0,3208914227,0.958107,28179320,1
0,1596714481,0.944247,28180049,4
0,3675942841,0.884436,28181330,12
0,289521719,0.813101,28182245,7
0,2680039277,0.815499,28184800,30
0,4266695749,0.827388,28187126,27
0,104934589,1.144365,28188323,11
0,4202478517,0.963190,28189054,4
0,3554903137,0.946313,28190465,14
0,3808354139,0.849517,28192038,16
0,3265647611,0.997556,28193796,14
0,1748092987,1.264371,28195870,23
0,143265523,0.920152,28197976,10
0,223795643,1.229123,28199462,10
0,643533503,1.007782,28200395,6
0,3556160161,0.818488,28203017,31
0,1097699269,0.977281,28206759,47
0,3592901717,0.993632,28207617,6
0,1578878027,0.930180,28209587,22
0,568391599,0.876673,28210240,3
0,2266034593,0.986728,28210742,1
0,2364499619,0.879453,28213410,32
0,3645828353,1.141374,28214273,6
0,301478173,1.024123,28217013,33
0,80450287,1.062500,28218215,11
0,1583800951,1.062959,28218799,2
0,1814731223,1.127168,28220441,17
0,555474763,1.088828,28221099,3
0,4201223809,1.008267,28221678,2
0,1911593023,1.037387,28223658,22
0,912912509,1.074382,28225561,21
0,1810618141,1.103085,28227195,17
0,2016075517,0.989199,28228060,6
0,3332265707,0.884436,28229490,14
0,1682444087,0.978779,28230205,4
0,668382889,0.891036,28231065,6
0,1668619669,1.048623,28235476,57
0,1161485489,0.746083,28236474,8
0,1133630137,1.135799,28236983,1
0,1328931847,1.142657,28238696,18
0,876674467,1.229123,28239419,4
0,2357076871,0.663649,28239999,2
0,545120981,0.867152,28241481,15
0,2401208629,0.972774,28243661,25
0,2553190063,0.832682,28244244,2
0,2317866763,0.911622,28245381,10
0,306765377,0.913227,28248331,36
0,1231608953,1.077559,28249809,12
0,3755308649,0.792420,28250343,1
0,396531823,0.944247,28254999,58
0,2665723147,1.004871,28255891,6
0,3256696283,1.032197,28260257,56
0,646971749,0.993632,28264436,54
0,300809477,1.085235,28269231,62
0,1650433777,0.846639,28269823,2
0,3295804957,1.136229,28270338,1
0,3156150143,0.844329,28275892,73
0,1661190761,0.864897,28276604,4
0,536668493,0.910014,28277888,12
0,2050366271,1.115848,28279116,11
0,3491955823,1.031250,28281528,26
0,203519003,0.977281,28284076,30
0,2966256493,0.916963,28284662,2
0,3432489133,0.908940,28285876,11
0,2357801923,0.938021,28286942,9
0,131426359,1.050019,28290260,41
0,1849536217,0.827978,28296960,85
0,939720083,1.071652,28297629,3
0,303242857,1.121958,28304805,80
0,534899051,1.017906,28306960,22
0,1632582761,1.017906,28308166,11
0,2913196999,0.824432,28310245,23
0,3230185583,0.978779,28310829,2
0,1167152113,0.766103,28311613,5
0,2428259807,0.860369,28312831,11
0,1421148761,0.867152,28315015,25
0,1029620989,0.873324,28315671,3
0,4173877339,0.858096,28318542,35
0,2267306707,0.879453,28323519,65
0,3538277761,0.699470,28325362,20
0,2235712487,1.170520,28327471,24
0,227421527,1.008267,28330027,30
0,3025672711,0.688210,28330810,5
0,1856833487,0.760987,28331835,8
0,804200407,0.732211,28333470,17
0,1658970689,1.122393,28336269,34
0,3096840337,1.032197,28337117,6
0,964937321,1.178419,28338109,8
0,3288434057,0.822653,28339585,15
0,367988419,1.132354,28342468,35
0,1381917917,1.215942,28343049,2
0,1335786299,0.981767,28348375,70
0,1798736257,0.889391,28350981,27
0,3842009321,0.913227,28352203,10
0,2037387017,0.715345,28353432,11
0,3742244837,1.127168,28354804,13
0,2150950759,1.125434,28357857,35
0,923923943,0.983258,28361398,44
0,2760315587,1.146496,28363222,20
0,20029663,0.732211,28364135,7
0,2570196451,0.941657,28366241,24
0,644457223,1.014061,28368984,33
0,3523820897,0.846639,28370182,11
0,1224343963,0.970764,28371801,17
0,1040555449,0.975280,28373152,13
0,2302489117,1.035974,28374083,7
0,3600953333,0.910550,28377602,44
0,4003508771,0.846062,28378598,8
0,3186857981,1.019344,28379403,5
0,2811807821,1.004871,28380676,12
0,3101065361,0.983258,28382010,13
0,4165518509,1.031723,28384132,24
0,845618827,1.162987,28388126,51
0,2084857549,0.844329,28389894,19
0,3426893033,0.719429,28391441,16
0,3805347223,0.839108,28392313,6
0,1874399771,0.981767,28392964,3
0,167979827,0.911086,28394451,15
0,1945750777,1.004385,28395043,2
0,574552073,0.983258,28395752,4
0,4124342921,0.932801,28396266,1
0,3807490879,0.842012,28397272,8
0,2446691413,1.080726,28398394,6
0,2558691041,0.920152,28399056,3
0,276814949,0.846062,28400121,9
0,574570357,1.039268,28403443,28
0,649438771,0.981270,28407088,42
0,1663745899,1.033142,28407974,6
0,168620453,0.946313,28409397,12
0,3823678483,1.050019,28411237,20
0,3357276449,0.924387,28413349,24
0,1930925219,0.858664,28419648,84
0,730312631,0.822653,28421972,27
0,3177008413,0.915364,28423749,19
0,789444941,0.938541,28425799,23
0,2929205317,1.039268,28430505,61
0,399287003,0.619507,28434303,48
0,2659240217,1.048623,28435639,13
0,2768831383,0.930180,28436769,10
0,2532794699,1.043488,28438117,13
0,3965627333,0.691042,28439189,9
0,2902684117,0.981270,28441592,28
0,2939406313,0.987223,28444900,41
0,1948427993,0.969758,28445407,1
0,227417903,0.970764,28446330,7
0,2141514223,0.911086,28447627,12
0,3096776911,0.932277,28448273,3
0,3408654451,0.908403,28448864,2
0,687803939,1.090173,28451804,36
0,202968547,1.037387,28456082,55
0,2276098763,0.884988,28457709,17
0,2663351233,0.911086,28459448,12
0,2567366311,1.043020,28464442,64
0,3984114091,1.128899,28467330,32
0,2316218701,0.973777,28468406,9
0,3906515593,0.880563,28468920,1
0,3399342607,0.901929,28469505,2
0,763010351,1.017426,28471069,16
0,708320357,1.132354,28471571,1
0,1877690741,0.987223,28472299,4
0,1685443451,0.729539,28472893,2
0,3645556633,0.888841,28475928,37
0,1774205791,0.832682,28479594,46
0,3100285813,0.932801,28480594,8
0,3489067559,0.945797,28481895,12
0,4248046463,0.916963,28483471,16
0,2112891551,0.916963,28487412,50
0,4046328857,1.035974,28487922,1
0,2502005579,0.858096,28489194,12
0,3265488949,0.947859,28492639,43
0,1236919309,0.888841,28496221,45
0,4243328599,0.938021,28498985,33
0,945872663,1.275138,28499771,5
0,1148809913,1.159624,28501948,20
0,4038499793,0.928078,28508372,69
0,1490570141,0.888841,28509204,3
0,301211597,0.665852,28513473,55
0,3402334801,0.986728,28516508,37
0,2434874063,1.163407,28518065,16
0,2830719791,1.074382,28518719,3
0,3643771171,0.866589,28519938,11
0,1046434801,0.924387,28524367,57
0,122945813,0.908940,28526038,18
0,2083200017,1.225940,28528918,35
0,3974861003,0.761629,28531105,25
0,3424421563,0.813101,28531616,1
0,2896254289,0.833854,28533667,23
0,2956780037,0.813701,28537651,51
0,2674730609,0.784369,28538372,4
0,2865211147,0.985738,28540144,19
0,4080469079,1.152443,28542620,29
0,881455591,1.023646,28543130,1
0,1003959779,1.062959,28544982,20
0,2803382401,0.978779,28546675,18
0,3087389273,1.035974,28548720,23
0,2376292213,1.158360,28551473,33
0,354554353,1.055584,28554916,43
0,3806592991,0.885539,28556693,19
0,2826256253,1.178419,28559027,23
0,1425109027,1.100870,28560178,10
0,1301379641,0.906789,28562015,20
0,3142788851,0.834439,28565342,39
0,4074633419,1.104854,28566371,8
0,1144795117,1.007782,28570585,54
0,1326237079,0.844329,28571732,10
0,3993116327,0.796722,28574926,39
0,824547781,0.908403,28575429,1
0,652107373,0.956577,28576157,4
0,471682531,0.899761,28580220,52
0,2906953163,0.947859,28582484,26
0,2975204161,0.844907,28587020,59
0,3457582949,1.044891,28587599,2
0,54564313,0.963190,28590597,37
0,4014730847,0.882225,28591903,12
0,1012418063,1.008751,28593172,12
0,1448762201,1.079370,28594032,6
0,3507668683,1.160465,28595033,8
0,711211537,1.000488,28596366,13
0,881377621,0.886090,28597006,3
0,3840377903,0.725512,28599831,34
0,3347844743,0.968750,28604130,49
0,2236278299,1.049554,28606918,18
0,3563831563,1.101313,28607907,4
0,459993161,0.946313,28608982,9
0,2739978931,0.973777,28619556,145
0,917946079,1.062959,28620495,7
0,468195451,0.753248,28622043,16
0,1095914873,1.101313,28622547,1
0,1049435141,0.939581,28624581,23
0,930807901,0.915897,28626408,20
0,323715397,0.862070,28627809,14
0,2708837951,1.281250,28628958,10
0,594300673,0.863202,28631546,31
0,1866852833,0.863202,28633944,28
0,3461641853,1.007782,28634886,7
0,502313477,1.254290,28635387,1
0,2652248089,1.030776,28637703,27
0,1204522211,0.784369,28639481,19
0,2680384979,0.970764,28641625,24
0,3665836037,0.981270,28644700,38
0,4163806247,0.815499,28645705,8
0,838908209,1.188322,28646840,10
0,723244241,0.907327,28649940,38
0,3808061057,0.853531,28652550,31
0,2554613861,0.959126,28654943,28
0,4052963039,0.815499,28658038,33
0,945900887,0.941657,28658692,3
0,2413241561,0.973276,28660894,25
0,690379933,0.980772,28661894,8
0,1958457089,1.100870,28662751,6
0,1777575259,1.098205,28663396,2
0,29700763,0.784369,28666497,38
0,1888897403,0.751301,28668756,26
0,1597848199,0.942694,28669273,1
0,157581323,1.073928,28672064,34
0,3524460607,0.751301,28672638,2
0,3193454749,1.171354,28676134,44
0,2597282089,0.939581,28677902,19
0,3652461443,1.064795,28684026,81
0,627430703,0.919621,28685237,11
0,1815344633,0.981270,28686169,7
0,1875561767,0.773714,28687040,6
0,1983297229,1.038798,28690845,48
0,971252003,1.073928,28693093,26
0,3644866331,1.007782,28700738,103
0,3813420851,1.033615,28703134,28
0,3969667981,0.934370,28706848,42
0,740369389,0.884988,28707375,1
0,2921839919,1.006328,28712145,46
0,1215102157,0.789333,28712912,2
0,1781620531,0.933847,28714190,12
0,1303959817,1.062959,28716087,21
0,1402814407,0.851240,28716896,5
0,2924658487,1.067086,28717485,2
0,1835406577,0.932801,28718557,9
0,976985507,0.852959,28720389,20
0,1366113893,1.002925,28723082,32
0,1317664559,0.947859,28725143,23
0,2444736683,0.804043,28726076,7
0,3755158621,0.932801,28727296,11
0,3926913829,1.128467,28729001,18
0,2961488147,1.069828,28731942,36
0,3815500109,0.693863,28734905,36
0,2210676541,0.638143,28736047,10
0,3990019403,1.062959,28742414,85
0,131407999,0.843171,28743957,16
0,3600190213,0.882225,28744675,4
0,4124744801,0.820275,28750304,74
0,1944467183,1.009718,28751590,12
0,567385519,1.191605,28753290,18
0,1975844603,0.884436,28755922,31
0,4171132241,0.971267,28758181,26
0,2300956739,0.858096,28764050,74
0,1765039879,0.862070,28765199,10
0,1951907081,0.950945,28766757,15
0,1841100539,0.915897,28768760,22
0,253517861,0.699470,28769394,3
0,3846524683,0.886090,28775058,75
0,1638831553,0.908940,28777372,27
0,3925159523,0.823246,28780192,33
0,4190184659,0.846639,28782140,21
0,3526488949,0.796722,28787889,76
0,66394907,1.050483,28793774,78
0,26319049,0.928078,28794538,5
0,3145377799,0.976781,28796163,17
0,1017944957,0.882225,28798065,21
0,4174575071,0.860369,28800047,22
0,757451441,0.877786,28802568,30
0,2866040587,0.973276,28807463,59
0,2942852489,0.882225,28809448,22
0,1476802139,1.101313,28812528,22
0,1961150119,1.081178,28815790,38
0,2105857459,0.827388,28818475,32
0,2676640139,1.071652,28819757,12
0,3718664293,1.054659,28820476,4
0,3334573727,0.760987,28825588,67
0,3988267411,0.899761,28826451,6
0,243458291,1.071652,28827237,5
0,1075426903,0.791187,28830262,37
0,2641968361,0.758416,28831955,18
0,1989636169,1.006328,28833785,20
0,619303277,0.745429,28834717,7
0,589687367,0.822653,28837322,31
0,310079713,0.913227,28838599,12
0,518946443,1.168015,28841758,39
0,2949034307,1.250781,28844654,35
0,2061105217,1.099538,28846980,27
0,943671191,1.106621,28848257,12
0,2947389503,0.915364,28850810,30
0,1449852169,1.062959,28854700,48
0,2822759741,0.832682,28855457,4
0,1886512123,1.086134,28857439,22
0,3117521213,1.039738,28858309,6
0,1262974481,1.002438,28859163,6
0,582692333,1.074382,28860788,17
0,1372176011,0.848942,28865210,51
0,3655406933,0.981767,28866235,8
0,3000666419,0.760987,28867234,8
0,1502455109,0.978779,28867924,1
0,2326948147,1.002438,28869852,21
0,1935946643,1.098205,28870927,9
0,1621113799,1.102642,28872615,18
0,3812296333,1.069828,28874734,24
0,2833381489,0.956577,28876855,24
0,2562505247,1.012133,28877510,3
0,3114273101,1.008751,28883333,77
0,2833704541,0.915364,28886224,35
0,1544835379,1.064795,28888122,21
0,2633147779,0.938021,28888704,2
0,1370785439,0.820275,28889569,6
0,2184322277,0.844329,28890350,5
0,1376414803,0.813101,28892320,22
0,2622137431,0.942176,28893106,5
0,2743717441,1.101313,28895150,23
0,2917319929,0.820275,28897555,28
0,307414571,0.727528,28901052,44
0,2969298887,0.844329,28903459,28
0,3054500419,0.956577,28904809,13
0,4005494659,0.880563,28905967,10
0,453050387,1.037387,28906527,2
0,3445177849,0.950432,28909298,33
0,102978709,1.062959,28911419,21
0,3847455343,1.006328,28912029,2
0,3718045063,0.988706,28916595,45
0,2946283253,0.811899,28917291,1
0,2952325681,0.827388,28918645,13
0,187041109,0.858096,28921364,33
0,1937539049,0.939581,28922742,13
0,591698663,0.937500,28924220,15
0,1004138921,1.102642,28929900,75
0,1294641709,1.278198,28931103,11
0,2695273613,0.846062,28934122,37
0,1307555467,1.113658,28937281,39
0,3587597599,1.010685,28938771,15
0,497169923,0.952484,28939688,7
0,902385559,0.844907,28940555,6
0,1994335279,0.688919,28942122,16
0,235639697,0.815499,28946740,60
0,3303338891,1.095980,28947671,7
0,1436415151,0.962683,28948681,8
0,269234041,1.149898,28949387,4
0,4041897217,0.910550,28950445,9
0,3667095319,0.923330,28951463,8
0,2657908889,1.183381,28952531,9
0,1348849709,0.944247,28953035,1
0,2360799073,0.964203,28953550,1
0,1456158181,1.197736,28958798,69
0,3337248209,0.950945,28960445,17
0,3695250103,1.058356,28963131,32
0,3725049079,0.976781,28964068,7
0,4174925767,0.940620,28964987,3
0,1134287443,1.173436,28965719,4
0,3671187829,1.024123,28966588,6
0,3448188871,1.130628,28967174,2
0,1365002759,0.936979,28968166,8
0,3985710247,0.884988,28970720,27
0,999986041,0.781875,28972228,15
0,2243324789,1.095534,28972950,4
0,1202175371,0.915364,28974231,12
0,3323042027,0.858664,28979484,69
0,881934737,1.012616,28981101,17
0,2139578459,0.906789,28989132,109
0,734608447,0.993632,28993140,51
0,2890347893,0.911622,28997430,55
0,2269301927,0.981767,28998225,5
0,1181096951,0.981270,28998950,4
0,1021329653,1.014061,28999522,2
0,1079222047,1.006328,29000248,4
0,128079851,0.822653,29004520,55
0,1769484121,0.942694,29007429,35
0,2641693981,1.001951,29008435,8
0,2318143691,0.727528,29016145,87
0,266624117,1.091963,29016993,2
0,840856019,0.822059,29017823,5
0,657295043,0.968750,29018476,3
0,2932492769,0.640434,29018983,1
0,3675362377,0.978779,29019632,3
0,3294070487,0.964203,29022454,34
0,299362927,0.950945,29027224,62
0,998692447,0.898132,29029343,24
0,1142171341,1.066628,29031314,22
0,960769259,0.738188,29032315,8
0,135236089,0.725512,29033231,7
0,2012685557,0.855246,29035983,33
0,791188219,0.973777,29036925,7
0,4186054339,1.171771,29037868,7
0,3934134283,1.197736,29038515,3
0,1975048067,1.044891,29039455,7
0,4021603693,0.916963,29044667,68
0,1816172641,0.958616,29046699,23
0,742247981,0.884436,29049383,32
0,3475127443,1.000488,29049900,1
0,221751041,0.886090,29052012,24
0,1803416267,1.110145,29052957,7
0,320741251,0.897588,29056832,49
0,1830127561,0.923859,29057481,3
0,549209891,0.839108,29058053,2
0,2691945203,0.915364,29059963,21
0,2234227649,0.920152,29060745,4
0,3571915987,1.066628,29061661,6
0,922811471,1.111903,29062170,1
0,1714445101,1.104854,29062749,2
0,3382308451,0.720107,29064029,12
0,1071775517,1.091963,29066077,23
0,3178722563,0.782499,29068334,22
0,2790786223,0.989199,29069076,4
0,2367087193,0.963190,29073286,51
0,502842359,1.009718,29074113,5
0,1693375043,0.750651,29075043,7
0,1808763763,1.160465,29076402,13
0,1602832507,0.849517,29077826,14
0,768949439,0.956066,29079664,20
0,2511455977,1.094643,29080947,12
0,2055692767,1.033615,29084809,49
0,3505254419,0.956577,29085901,9
0,4071495683,0.752600,29086407,1
0,2599249013,0.755837,29087494,9
0,848800207,0.849517,29088006,1
0,93259483,0.853531,29089479,15
0,1511921819,0.756482,29094538,66
0,4270795961,0.977281,29096800,26
0,1804194421,1.194878,29098373,16
0,2030541521,0.882225,29099792,14
0,3722359313,0.851240,29100452,3
0,965251193,0.941657,29103171,31
0,929592809,0.970764,29106504,41
0,566833427,0.813701,29108682,25
0,3683653499,1.070284,29109752,9
0,3398411873,0.876115,29113527,48
0,1487472913,1.161307,29115708,21
0,1364188649,1.059739,29120227,42
0,1471475897,1.120651,29121768,9
0,1398258307,1.046292,29122937,10
0,827983421,0.822653,29123441,1
0,3779544911,0.740170,29125157,18
0,3803074937,0.958107,29130112,64
0,143573047,0.884436,29131374,12
0,2583961669,0.987223,29132650,12
0,2137400347,1.008267,29134629,22
0,527063627,0.745429,29139834,68
0,2439892981,0.963190,29140978,10
0,781749179,0.841432,29141489,1
0,3862040033,0.956577,29143315,20
0,697841579,0.824432,29145646,27
0,593178853,1.068458,29154061,114
0,3387096893,1.012133,29155486,14
0,476593319,0.908403,29160049,59
0,331748141,0.872205,29161465,14
0,1290343433,1.086584,29163634,25
0,2338259489,0.946829,29165393,19
0,4009104343,0.898132,29165920,1
0,4034885249,0.872205,29173246,94
0,958725433,0.891036,29175304,23
0,3090987409,1.035974,29179352,49
0,3780611537,0.784369,29180433,9
0,852286159,0.978779,29181578,10
0,2867612789,0.724164,29182653,9
0,1115598529,1.095534,29188193,73
0,4245624937,1.101313,29191014,34
0,3775913497,0.908403,29192579,16
0,3566939069,1.039268,29193720,10
0,168929507,0.833854,29195406,18
0,4054142243,0.908940,29196541,10
0,2595203029,0.814900,29197060,1
0,3858276449,1.128899,29198398,13
0,628764943,0.725512,29199043,3
0,4028981533,1.033615,29202066,37
0,644028481,0.722139,29204656,31
0,1634587399,0.969758,29206697,23
0,239531519,0.978779,29207216,1
0,255172573,0.927551,29207944,4
0,3737372783,1.012616,29208809,6
0,175631173,0.791804,29209599,5
0,675796501,1.009235,29214234,60
0,2132284727,0.950432,29214893,3
0,1908026293,0.916963,29218058,34
0,2330646959,0.906789,29221345,26
0,2300131541,0.851240,29224460,36
0,3942826577,1.116723,29225241,5
0,3071267779,0.993632,29226524,12
0,160538009,1.132354,29227027,1
0,1121701027,1.035031,29232570,73
0,3481273391,0.803435,29237127,59
0,2345943143,0.783746,29241059,50
0,916297073,0.923859,29244764,47
0,2697258253,0.813101,29246519,19
0,131280641,0.971267,29247228,4
0,3318074989,0.879453,29250667,43
0,2182367437,1.012133,29251793,10
0,1859126111,1.158360,29253785,22
0,1899186119,0.932801,29254653,6
0,1313122093,1.047691,29255864,11
0,1559030129,1.199365,29258836,36
0,2310211693,1.050483,29260955,24
0,2071241077,0.977281,29261608,3
0,2137802899,1.110145,29262608,8
0,3042683333,1.066170,29263838,11
0,857080129,0.813101,29268802,65
0,2265545803,0.950432,29269959,10
0,642052597,1.075745,29272118,20
0,1523227553,0.914830,29273473,13
0,1614572693,0.877786,29275029,16
0,1375631063,0.817294,29276247,11
0,2324161823,0.910014,29277041,2
0,3396683039,1.006328,29279043,22
0,1157175727,1.001951,29280848,17
0,1990186613,1.031723,29282721,20
0,4264872319,0.964709,29283388,3
0,3428665579,0.889391,29284333,7
0,1926942449,1.017906,29285126,5
0,3561508901,0.939581,29287515,28
0,3456957407,0.906789,29288529,8
0,422132653,0.852959,29290151,17
0,530423227,0.954021,29291585,14
0,683954129,1.086584,29292297,4
0,3440118991,0.938541,29295307,37
0,15468653,0.879453,29297249,22
0,1560675379,1.171771,29298029,5
0,690448351,0.820275,29300212,25
0,2773188949,1.012616,29302604,28
0,3052037113,1.027930,29303822,11
0,3482589353,1.085235,29304901,9
0,2279539907,0.846639,29305480,2
0,280357853,0.864332,29306555,9
0,3232179521,1.222350,29308454,21
0,381430123,0.817891,29311122,32
0,3987844691,1.012133,29312055,7
0,44801063,0.773714,29314287,26
0,1194460291,1.168432,29321144,88
0,860101547,0.963190,29325265,32
0,157037791,0.802219,29326017,1
0,511595869,0.950945,29327989,22
0,2247410537,0.691748,29332009,51
0,3550772791,0.882225,29333227,11
0,3317104027,0.836777,29333749,1
0,1466736539,0.831508,29335518,19
0,4126674791,1.039738,29337523,22
0,4097651147,0.967237,29340775,40
0,326949911,0.893772,29342762,22
0,93911261,1.043020,29347607,63
0,1024609559,0.929129,29352900,68
0,82616467,0.978779,29353699,5
0,4155160117,0.950945,29354781,9
0,3806437189,1.014061,29357307,30
0,1372659931,0.818488,29358231,7
0,3969689663,1.009718,29359662,14
0,2994967841,0.964709,29360453,5
0,328372171,0.694566,29363198,33
0,4055016607,0.753248,29365954,33
0,889996013,0.910550,29367855,21
0,2263927223,0.916963,29370318,29
0,2087199971,0.851240,29372365,23
0,3057648793,0.796722,29373698,13
0,551617243,1.012616,29374274,2
0,4120699381,0.915364,29374868,2
0,1337596489,1.064795,29376404,12
0,1103541409,0.814900,29381900,70
0,1124122169,0.911622,29384506,31
0,651814777,0.846639,29385373,6
0,671439833,1.006328,29387899,30
0,1727894507,1.001951,29392535,60
0,1046596949,0.846639,29394296,19
0,2953336921,1.166760,29398623,56
0,877793771,0.915364,29399899,12
0,3634420507,0.942694,29400410,1
0,2713550263,1.219551,29401994,16
0,2679823963,0.950432,29403143,10
0,4146076213,0.911086,29404346,11
0,1663877773,1.064795,29405914,16
0,1277501977,1.021736,29408158,26
0,2356573409,0.969758,29412289,53
0,3893373749,0.786234,29414199,21
0,1150880771,0.853531,29414767,2
0,830037259,0.937500,29415415,3
0,1502096611,0.888841,29418986,45
0,3186532813,1.002438,29419992,8
0,355354187,0.925971,29422930,31
0,4245586717,0.735538,29425990,24
0,1016252869,0.978779,29427994,18
0,3184880459,0.911086,29429948,21
0,3734018831,1.205861,29432694,33
0,2750547539,0.894864,29433209,1
0,3312642833,0.921743,29434835,17
0,1366046701,1.038798,29436680,20
0,2876835317,0.831508,29439278,31
0,2433268241,0.940101,29440612,13
0,1403840419,1.132354,29448244,103
0,990041363,0.950945,29449520,12
0,1850985707,1.098205,29450183,3
0,3436116701,1.163407,29450850,3
0,3216216301,1.063419,29454288,43
0,20709121,0.743461,29455343,9
0,1833430237,0.904092,29456487,10
0,1744051159,1.035974,29460307,48
0,4088098087,1.043020,29461944,17
0,3014631079,0.981270,29463096,10
0,3647293709,0.911622,29464724,17
0,3410393729,1.225542,29466355,17
0,658145687,0.946313,29476785,143
0,3872326907,1.035031,29477447,3
0,2350800857,1.012616,29479716,19
0,796954657,0.932801,29480791,9
0,3320209621,0.883883,29489309,113
0,469920301,0.994614,29490656,13
0,3023443069,0.971267,29491167,1
0,2032810943,0.752600,29493076,21
0,3803752241,0.938021,29497152,52
0,2560184647,1.043488,29498081,7
0,3528527393,0.947859,29499978,21
0,1929704743,0.938021,29500489,1
0,3465538903,0.814900,29501570,9
0,4028295917,0.827978,29503682,24
0,79129937,0.831508,29505500,20
0,745316027,0.981270,29509518,51
0,2387058257,0.844329,29510876,13
0,2785899383,1.043488,29512368,15
0,1173360809,0.883883,29513148,5
0,403253933,0.975280,29514283,10
0,1016603167,0.991172,29515691,14
0,358117021,0.907327,29516205,1
0,1990321409,0.823246,29516989,5
0,1912673683,0.855246,29519450,29
0,3867952079,1.105296,29523614,53
0,608862329,0.746083,29524566,3
0,1099301429,0.950432,29529713,52
0,3071067871,0.811899,29532925,37
0,158907871,0.880563,29533792,6
0,597858277,0.955044,29535495,18
0,805037879,1.099538,29536365,6
0,2308643923,0.843750,29538195,20
0,1131845153,0.938021,29538844,3
0,792090301,0.893772,29541382,30
0,1272976319,0.897588,29543866,29
0,3974317901,0.970764,29544588,4
0,974146247,1.235067,29548862,55
0,3149750941,0.781875,29550560,18
0,2761059391,0.787475,29551695,10
0,837438461,0.738188,29556904,68
0,2981311453,0.947859,29558114,11
0,278773571,0.817891,29560858,33
0,4067710111,0.836193,29563250,28
0,1049454631,1.127168,29564593,13
0,1541626901,0.919621,29565106,1
0,4249530559,1.159624,29566672,16
0,142839583,1.135799,29567875,11
0,3653833217,0.864897,29571674,48
0,1267706191,0.978779,29575067,42
0,3358892483,0.981270,29577948,35
0,2664577277,1.006328,29580048,20
0,4062276373,1.044891,29581127,9
0,1690176913,0.914830,29584426,41
0,3478270883,0.880563,29585918,12
0,2307291433,0.993632,29587271,13
0,755288687,1.032197,29587778,1
0,2402514853,0.756482,29592795,65
0,1519177501,0.950432,29595964,39
0,2631189947,0.877786,29600829,63
0,1929116983,0.908940,29605007,52
0,2178777563,0.720107,29606735,18
0,2625118543,0.725512,29607804,9
0,936049999,0.952484,29609373,16
0,1313589517,0.758416,29613236,49
0,1959166199,1.033142,29615138,21
0,1749105823,0.915897,29618790,46
0,967357847,1.008751,29620777,22
0,4293863683,0.843750,29623318,30
0,3519579521,1.084785,29625420,24
0,3391615343,1.008267,29626827,9
0,2551168127,1.008751,29627369,1
0,55665689,1.228725,29628837,15
0,1743583129,0.971267,29631275,14
0,798188107,0.995105,29632309,6
0,1797759983,1.000976,29634023,18
0,3615293807,0.981270,29635594,16
0,1567744463,0.827388,29638483,35
0,2498841833,1.098205,29640528,23
0,2172625001,1.008751,29644584,52
0,2488199281,0.924387,29646481,21
0,4049271851,1.106621,29651753,69
0,2150326483,0.844329,29652743,8
0,3604429849,0.995105,29655139,28
0,90748543,0.822653,29657318,25
0,1490937521,1.113658,29658040,4
0,4034561413,0.985738,29662623,59
0,2906377939,0.975280,29667958,70
0,2786492659,0.971267,29670222,26
0,2525400121,0.993632,29671850,17
0,761231803,0.919621,29676345,58
0,1761964313,0.796722,29678106,19
0,2217484123,0.986728,29680709,31
0,1518649849,0.915364,29681860,7
0,4197483193,0.758416,29684358,29
0,3166055597,0.876673,29686067,18
0,1969735853,0.942694,29687968,18
0,2619561167,1.054196,29692263,55
0,3387183551,0.884436,29694237,22
0,323582617,1.000976,29696569,27
0,2336988541,0.844329,29698336,19
0,3953246071,0.969254,29698998,3
0,482515213,0.962683,29699497,1
0,2980314773,0.969254,29701009,15
0,3277927889,1.001951,29703121,24
0,62464603,0.866589,29703754,3
0,1897540987,0.849517,29705310,16
0,2692855211,0.977281,29708618,41
0,3011470597,0.969758,29712131,44
0,3745389113,0.829745,29714049,21
0,2709948523,0.937500,29715397,13
0,2781362989,1.079370,29716329,7
0,2294913143,0.981767,29717603,12
0,2306642843,0.849517,29719298,18
0,1626397573,1.067086,29719808,1
0,1757656361,0.940101,29723045,40
0,3750263863,0.952484,29726065,37
0,119208521,0.942176,29729922,44
0,1846420577,0.915364,29731076,10
0,3071184583,1.009718,29733704,17
0,3032897519,0.880563,29737474,45
0,1619013899,0.787475,29743093,74
0,546795959,0.782499,29745343,26
0,257219489,0.891036,29747101,19
0,3256000283,0.981767,29749000,21
0,2361175541,0.981270,29754411,71
0,587707793,0.724838,29756185,19
0,4099114087,0.902471,29757529,13
0,2861997643,0.915364,29758252,4
0,1303299797,1.043020,29763620,70
0,50724629,0.864897,29765373,19
0,2413479197,0.946313,29767139,19
0,1291313879,0.908940,29771012,49
0,252781801,0.987223,29772911,21
0,2716182407,0.849517,29777108,54
0,3772256699,1.012133,29777755,3
0,169898233,0.959126,29778248,1
0,3703452593,0.969254,29780743,28
0,3385951691,1.075745,29781276,1
0,1396820239,0.849517,29782130,6
0,768582197,0.888841,29783707,13
0,3104442421,1.031723,29786399,29
0,248798411,0.729539,29787545,10
0,836267479,1.033615,29788405,6
0,5075269,0.981767,29789231,3
0,24450749,0.880563,29789740,1
0,2984029507,0.850666,29790900,10
0,1680577429,1.033615,29791549,3
0,873867749,1.086584,29792123,2
0,1534775707,0.981767,29795873,47
0,3958196239,1.038798,29796665,5
0,420578887,1.066170,29797935,12
0,972411677,0.942694,29799215,12
0,548309159,0.938541,29800072,6
0,2986572467,1.004871,29800583,1
0,3753967627,1.129332,29804091,44
0,1964258221,0.971267,29804949,6
0,1006377187,1.097316,29805671,4
0,737110589,0.973777,29806326,3
0,2176468289,0.945797,29807592,12
0,3487275823,0.797334,29811475,49
0,113586727,0.971267,29815326,49
0,3322116361,0.817891,29816038,4
0,2618977289,1.064337,29820024,51
0,3735307691,1.161727,29822203,25
0,2067455701,0.970764,29823843,17
0,1181407693,0.814900,29826162,27
0,1296169109,1.033142,29826740,2
0,502905331,0.942694,29829004,26
0,1104660241,0.952484,29829789,5
0,1446466117,1.006328,29832166,23
0,181217579,0.893772,29833602,14
0,3844324871,0.811297,29834393,5
0,2934669649,1.066628,29836621,9
0,3814346297,0.958616,29838730,23
0,924322747,0.915364,29840924,25
0,4093095689,0.853531,29842908,22
0,218725267,0.849517,29845078,25
0,2726416793,0.822059,29848654,45
0,61726013,0.760987,29849783,10
0,3604258507,1.004871,29853115,40
0,616379977,1.004871,29853718,2
0,2047268501,0.978779,29856348,31
0,273568037,0.878342,29857330,8
0,4221981019,1.189554,29859314,22
0,3652205939,0.858664,29859968,3
0,2760866873,0.722139,29862197,25
0,3218707573,1.111903,29867882,75
0,3563940481,0.880563,29868947,9
0,923259683,1.035031,29870306,13
0,456653987,0.914830,29871375,9
0,2464851283,0.972272,29873207,20
0,799912019,0.632764,29875466,26
0,61104889,1.066628,29877362,21
0,2490831331,0.877786,29878224,6
0,118962637,0.966732,29879076,6
0,279517829,0.952484,29879997,7
0,3469179643,0.919621,29882742,33
0,657861817,1.234276,29883317,2
0,4124415877,1.132786,29883910,2
0,1846547741,1.039268,29886012,24
0,1391056703,1.127168,29887537,10
0,501865723,0.791187,29888412,6
0,2188678903,0.789333,29890989,30
0,1189555753,1.097761,29894380,40
0,4070671807,1.127168,29896238,20
0,1348230343,0.820275,29898012,19
0,1141888141,0.836193,29899151,10
0,578195941,0.844329,29900011,6
0,2461342567,1.033615,29901503,15
0,1293238867,1.004871,29903695,25
0,2789694709,0.914830,29907205,44
0,2999231023,0.812500,29911150,50
0,3058126427,0.846062,29913831,32
0,76926659,0.915364,29914606,5
0,222540569,0.947859,29916237,17
0,3588507187,1.004871,29917165,7
0,1626495649,0.914830,29921787,60
0,3723546809,1.038798,29922733,7
0,2392071827,0.971267,29924372,17
0,1812784627,1.043488,29924955,2
0,1368646889,0.853531,29925532,2
0,3049794731,0.824432,29926399,6
0,986729477,1.004871,29926968,2
0,2570635027,0.947859,29928877,21
0,3228306047,0.975280,29930013,10
0,3939084469,0.818488,29931717,18
0,1192043129,0.791187,29932930,11
0,1980105671,0.927551,29934022,5
0,2791790791,0.621867,29934840,5
0,3905338321,1.078012,29939801,48
0,452406991,0.752600,29941903,21
0,2753159923,0.978779,29948273,85
0,2075333069,0.834439,29950132,20
0,1873609189,0.916963,29951901,19
0,1656165073,1.008267,29955961,52
0,2820951349,0.701561,29958147,25
0,3999496411,0.852386,29959872,18
0,1834700671,0.849517,29962278,28
0,1343130829,1.052341,29963969,18
0,3573452689,0.982762,29964482,1
0,1782064607,0.920152,29969392,64
0,938980927,0.701561,29972500,38
0,434189419,1.084785,29975179,32
0,1539149849,0.932801,29975910,4
0,4224785203,1.014061,29977052,10
0,1724526689,0.787475,29980148,38
0,3690387247,0.916963,29983197,37
0,3280031581,1.050019,29986501,41
0,2421026519,0.974780,29989269,29
0,1450968797,1.007782,29990015,4
0,2593209481,1.044891,29991357,13
0,1220618801,0.884436,29992351,8
0,2459173637,1.031250,29998421,78
0,2803970887,0.849517,30000418,22
0,3770779871,0.844329,30001067,3
0,3163689541,0.815499,30002058,8
0,144331843,0.958107,30003956,21
0,293449763,1.160044,30005016,9
0,2473600543,1.079370,30006083,9
0,707731379,0.820275,30006596,1
0,2752836767,1.016466,30008711,24
0,1599648373,0.756482,30011039,27
0,3067943443,0.875558,30013296,26
0,3362080801,0.944247,30021007,104
0,2768728387,0.938541,30023687,32
0,3302377079,1.066628,30025180,15
0,1832179903,0.927551,30028975,48
0,69186119,0.920152,30030168,11
0,1320554189,1.064337,30030826,3
0,708965819,0.978779,30036311,67
0,261845351,0.802219,30037046,4
0,3788394539,1.035031,30045083,95
0,1480968007,1.194470,30047298,23
0,1746482939,1.038798,30047887,2
0,3928439663,0.849517,30048474,2
0,3660125411,1.071652,30050451,22
0,3689050049,0.736201,30053484,37
0,2755274573,0.875558,30056028,30
0,1289616893,1.100870,30058374,27
0,2522477863,0.811297,30060773,28
0,453589001,0.902471,30062309,16
0,3360473279,1.197736,30063868,16
0,2437284583,0.908403,30065004,10
0,4168244917,1.146496,30066228,11
0,3288018871,0.813701,30067317,9
0,3328303753,0.577068,30069014,18
0,769579597,1.135799,30069529,1
0,209230433,0.973777,30074068,59
0,2312271217,0.993632,30075341,12
0,2985569287,0.906789,30076266,7
0,3723430927,0.776234,30077624,13
0,1287618083,0.884988,30080718,38
0,3312528911,0.975280,30084306,45
0,4010733817,0.972774,30086308,22
0,2320598381,1.125434,30086954,3
0,813689413,1.000488,30088584,17
0,413149553,1.033615,30090909,24
0,2525960159,1.175100,30094803,48
0,3834140369,1.052341,30095316,1
0,1609176469,0.971267,30099058,45
0,366346117,0.832682,30100209,10
0,2385885847,0.974780,30102050,18
0,327727783,1.044891,30103297,11
0,829438277,0.906789,30103803,1
0,2662951777,1.062959,30106087,26
0,2864945431,1.069828,30107364,12
0,4149803143,1.002438,30111029,46
0,2630435501,0.659960,30113700,32
0,3846289351,0.908940,30115196,15
0,924753329,0.940101,30119689,58
0,1895647093,0.938021,30120419,4
0,3281196847,0.876115,30122608,25
0,271423609,0.915897,30123800,11
0,110828621,0.851240,30124799,8
0,3334750901,0.846062,30126860,23
0,1571986919,0.938021,30128630,19
0,1051613357,1.064795,30134811,82
0,1592193833,1.075745,30135959,10
0,3073550057,1.064795,30137446,15
0,375587419,0.937500,30139786,23
0,679502507,0.882225,30141563,19
0,3521041361,0.940620,30147955,65
0,4255735997,0.916963,30148533,1
0,2102270197,0.942694,30149687,10
0,2595546937,0.940620,30151602,21
0,2518666523,1.062500,30152888,12
0,2274458551,1.128467,30157316,57
0,1962731437,0.872205,30162095,62
0,665834297,0.729539,30163590,15
0,3531988381,1.067086,30164662,9
0,720189293,0.940101,30165247,2
0,694331789,1.040677,30165827,2
0,2224267567,0.950945,30168635,34
0,245228353,1.065254,30171649,37
0,1478841929,0.986728,30175091,43
0,37330273,1.062959,30176624,16
0,348903143,0.753896,30179786,39
0,650785309,0.973777,30180368,2
0,3347125933,0.934370,30180944,2
0,3672605639,0.867152,30183910,36
0,1460154511,0.919621,30184624,4
0,1683153749,1.191605,30185965,13
0,1060678901,0.766740,30186479,1
0,3763407071,0.872205,30187055,2
0,3608367409,0.776234,30189301,26
0,2567934581,0.985738,30191347,23
0,1291075771,1.074382,30193246,21
0,3701388211,0.816696,30194182,7
0,2293491911,1.223947,30194694,1
0,2624259061,1.044891,30196412,14
0,4274785817,1.130628,30197502,9
0,756213131,0.952484,30198711,11
0,484206109,1.015505,30199779,9
0,2565814463,0.797334,30201066,9
0,1955932249,0.950945,30205219,53
0,3703036297,0.858096,30207969,33
0,1282286053,0.958616,30211777,48
0,1494794437,1.031723,30212281,1
0,1291214059,1.095980,30213847,16
0,679267621,1.004871,30215123,12
0,1210464809,1.035974,30216330,11
0,3930690287,0.884436,30216995,3
0,710166767,0.940101,30218265,12
0,3086679539,0.833854,30221032,33
0,1141727753,0.852959,30221668,3
0,2712762203,0.889391,30222390,4
0,1945076327,0.942694,30223535,10
0,189660923,0.937500,30224822,12
0,893715343,0.956577,30226644,20
0,595011119,0.938541,30227642,8
0,1200309067,0.908403,30229897,26
0,4152030089,0.889391,30230623,4
0,2840624539,0.947859,30231908,12
0,3465431087,1.130628,30233531,17
0,2171428549,0.911086,30234737,11
0,523948039,0.866589,30235312,2
0,1008514349,0.822653,30237365,23
0,398838229,0.919621,30238083,4
0,2019538753,0.889391,30239503,14
0,3750279479,0.967237,30242267,29
0,666504827,0.910550,30246943,45
0,2523758801,1.233485,30247743,2
0,2829494309,1.127168,30248249,1
0,3866707643,1.035031,30249113,6
0,1576220249,0.893772,30254130,65
0,1791494503,1.169268,30255957,20
0,1378204081,0.683225,30258555,31
0,3900076067,0.745429,30260604,23
0,140874787,1.040677,30261099,1
0,1118869217,0.784369,30263006,21
0,3323030101,1.035974,30267643,60
0,1669440067,0.919621,30269760,24
0,1199925371,0.968750,30271249,15
0,766606963,1.035974,30272179,7
0,2829338227,0.985738,30273033,6
0,1099972787,0.854103,30274227,11
0,3333190579,0.915364,30275367,10
0,1278807989,0.741488,30281801,83
0,1130207149,0.888841,30282978,10
0,1504701139,0.932801,30284132,10
0,1524548471,0.940620,30285763,17
0,1345323379,0.692454,30290939,68
0,2847723589,1.140946,30292636,18
0,2280537313,0.823246,30294128,15
0,2555289481,0.906789,30296267,19
0,1285351201,0.919621,30301246,62
0,3568930627,0.761629,30302959,18
0,2317668247,0.738188,30303895,7
0,3837381043,1.000488,30307128,40
0,2348001671,1.004385,30308489,13
0,1857585557,0.930180,30310803,27
0,3487040647,1.066170,30311527,4
0,400690921,0.848942,30312105,2
0,3977823631,1.038798,30312902,5
0,749081083,0.907327,30313618,4
0,2104151639,0.968750,30314138,1
0,551514233,0.844329,30316266,24
0,3575692661,0.969254,30317480,11
0,606851293,0.930180,30318194,4
0,468212893,0.946829,30322335,53
0,842053033,0.910550,30322846,1
0,984412181,0.919621,30324889,23
0,888856697,0.911622,30325953,9
0,2487030197,0.908940,30327022,9
0,231388259,0.920152,30328291,12
0,2367918893,1.006328,30329153,6
0,2492009099,0.932801,30330077,7
0,3900151921,0.973276,30331080,8
0,1999696939,1.017426,30331592,1
0,1679685703,0.942694,30334830,40
0,4088555411,0.818488,30337091,26
0,2054928973,0.910014,30338174,9
0,2329706957,0.864332,30340147,22
0,2549100703,0.944247,30341013,6
0,254335087,0.950945,30341734,4
0,408761399,1.012133,30349192,79
0,883277537,1.012133,30349959,2
0,1484554271,0.897044,30351646,18
0,2159392847,0.940101,30352995,13
0,1193975927,1.040677,30355472,29
0,974342153,0.722139,30356037,2
0,3663223673,1.074382,30358088,23
0,2981728513,0.916963,30358800,4
0,2568340597,1.035503,30360987,25
0,2717934473,0.916963,30365889,64
0,1007347331,1.061120,30369179,41
0,2181563953,0.913227,30370366,11
0,1151091451,0.850666,30374295,50
0,1462956931,0.925443,30375505,11
0,2911712611,0.638908,30377136,17
0,3055540249,0.846639,30378550,14
0,2414596621,0.826207,30379970,14
0,1808970269,0.886090,30381051,9
0,2597518421,0.932801,30384297,40
0,2408878861,0.891584,30388362,52
0,2563127783,1.107944,30391379,37
0,940564913,0.950945,30394043,32
0,891448763,0.995105,30396155,24
0,4287861077,1.095534,30399531,37
0,2950801361,0.766740,30405842,81
0,1201700723,1.163407,30407275,14
0,674648549,0.719429,30409030,19
0,812503009,0.978779,30410948,21
0,65779421,0.968750,30413053,24
0,3937919807,1.002438,30416352,41
0,3082903441,1.001951,30421124,62
0,3975758279,0.968750,30422412,12
0,462902467,0.791804,30423541,10
0,3669539707,0.908940,30424271,4
0,1411208969,1.077106,30433508,126
0,3192498781,0.817891,30436464,36
0,318730891,0.945797,30441433,65
0,2714054383,0.912157,30442301,6
0,1583336269,1.100870,30444280,22
0,4004019977,0.815499,30446440,20
0,3850933811,0.923330,30447881,14
0,3484861337,1.190785,30450854,22
0,721580333,0.877786,30452428,14
0,94915417,0.727528,30452928,1
0,564783361,0.940101,30456154,40
0,316738351,0.858664,30457498,13
0,1484089549,1.001951,30458017,1
0,1795770181,0.902471,30460409,28
0,2259278369,0.806468,30461278,6
0,687093983,0.841432,30463397,24
0,4271204057,0.713295,30464676,12
0,3545407759,0.972774,30465811,10
0,3498309791,0.947859,30466895,9
0,2824011233,0.971267,30467683,5
0,981625171,1.033615,30468188,1
0,2354573857,0.783746,30469612,14
0,1330037087,1.178005,30473558,50
0,552902807,0.970764,30474687,10
0,3450295313,0.981767,30475902,11
0,819564793,0.656994,30477728,20
0,2640853351,0.755837,30480487,33
0,1654207537,1.059278,30482887,28
0,325586633,0.760987,30485260,28
0,1783109357,0.973777,30485913,3
0,4025185987,1.130628,30487340,14
0,397571753,0.944764,30487987,3
0,597046909,0.786855,30489123,10
0,3053827489,0.970261,30490674,16
0,257286061,1.189554,30491463,5
0,2773288237,0.919621,30495968,58
0,3784168447,1.074382,30496489,1
0,434166487,1.000976,30496998,1
0,3429538823,1.002438,30502160,61
0,1021419911,0.907327,30503394,11
0,796912091,0.880563,30504959,16
0,441433763,0.902471,30507946,34
0,3310459811,0.822059,30509597,17
0,91348063,1.023646,30512121,30
0,3801136177,0.923330,30514578,29
0,974289161,0.824432,30516894,27
0,3792033799,1.012616,30517677,5
0,1642339,1.002438,30522193,59
0,4045315163,0.853531,30523472,12
0,2076016793,0.958616,30526221,33
0,2786794709,0.875558,30527650,14
0,48782407,0.981767,30531917,55
0,205677083,0.883883,30532967,9
0,288165433,0.955044,30534723,19
0,3862594213,1.035031,30535308,2
0,1192243751,0.844907,30536229,7
0,951383473,0.813701,30537085,6
0,176838901,0.886090,30538143,9
0,3781262657,1.006328,30538791,3
0,3402110627,0.866589,30541327,30
0,3648126257,0.955044,30544299,36
0,3556145407,0.851240,30545033,4
0,3034628959,0.760987,30548761,43
0,573199409,0.799169,30549285,1
0,3031259507,0.929129,30550085,5
0,46340363,1.097316,30555450,56
0,2956805849,0.875000,30557745,24
0,2381132539,0.942694,30560351,31
0,1362351743,1.101313,30561636,12
0,3670023011,0.787475,30563127,15
0,2498156033,0.921743,30563918,5
0,3617244427,0.841432,30567488,45
0,211201097,1.063419,30568398,7
0,2524906019,0.981270,30569602,11
0,1251010793,0.946829,30570317,4
0,542726711,1.063419,30575288,65
0,4032999577,0.971267,30576288,8
0,270070709,0.659960,30576936,3
0,463369771,1.137946,30578349,14
0,1164210623,0.628894,30579911,16
0,903626903,1.031723,30583150,40
0,3114985397,1.002438,30584440,12
0,102459977,0.997556,30587309,35
0,284768381,0.813101,30589081,19
0,3107456623,1.095980,30595245,82
0,2965610891,0.988706,30600727,72
0,4149371383,0.884436,30601391,3
0,3662118323,0.886090,30603826,22
0,405697813,1.024123,30604380,1
0,112436047,1.256623,30605645,12
0,255442729,0.778746,30607349,18
0,2550432887,0.939581,30608187,3
0,739088291,1.014061,30609903,18
0,223183999,0.789333,30610616,4
0,273591581,0.792420,30612932,27
0,3545182141,0.968750,30614710,19
0,4033421089,0.911086,30616556,20
0,4213103537,0.938541,30626292,133
0,2247598187,1.068458,30628061,19
0,3319379851,0.942694,30628579,1
0,1394034893,1.033615,30629784,11
0,2254910507,1.069828,30633156,42
0,2646460213,1.125868,30636675,44
0,538699817,1.071652,30638287,17
0,292461019,0.844329,30639429,10
0,3839565607,0.970764,30641983,30
0,267950681,0.950432,30644502,30
0,1716508163,1.006328,30645298,5
0,3772033009,1.070284,30646227,7
0,210189313,0.784369,30647977,19
0,2781977713,0.869402,30650011,23
0,144386383,0.820275,30652851,30
0,3684494707,0.983258,30659493,71
0,2547596797,0.851240,30660329,3
0,2393884561,0.940101,30663213,35
0,3034620539,1.170520,30663870,3
0,2820309637,0.815499,30667227,42
0,1897240663,1.160465,30668778,16
0,1997502323,0.923330,30669369,2
0,3319449271,1.126735,30672667,41
0,834233363,0.853531,30674222,16
0,4030433863,0.866589,30675016,5
0,425958943,0.915897,30676569,16
0,254881589,0.963190,30678741,25
0,1482384517,0.858096,30679805,9
0,3401423089,0.940620,30682965,39
0,943395403,0.791187,30683900,7
0,2138043041,1.140946,30685535,17
0,1133442913,1.032197,30686183,3
0,4006293931,1.104854,30688795,31
0,701632487,1.074382,30690375,16
0,2909008987,0.914296,30693185,34
0,3155234911,1.035974,30694890,18
0,185797511,1.039268,30695736,6
0,3218004299,1.129332,30696898,10
0,3439882613,0.893772,30697900,8
0,75159739,0.711238,30698471,2
0,3869426027,0.734209,30699201,4
0,3693783199,0.869402,30699866,3
0,2163636857,0.880563,30700871,8
0,1947215159,0.907327,30701654,5
0,2378157919,1.180489,30703656,22
0,1757614711,1.158360,30709009,63
0,4111387993,1.032669,30711640,31
0,713456587,1.109705,30715676,49
0,3803632549,0.944247,30716907,11
0,2233555631,1.071652,30718469,16
0,1706294617,0.817294,30718988,1
0,672164123,1.099538,30720189,11
0,2120640019,1.070740,30722585,28
0,1444774543,1.035974,30723797,11
0,1535141087,0.976781,30724455,3
0,3531530047,0.762910,30727558,38
0,4028847181,1.073928,30728064,1
0,966739237,0.862070,30730695,31
0,926865871,1.059739,30733586,35
0,1682908267,0.906789,30735153,16
0,3650484151,0.804043,30737078,21
0,1858241747,0.916963,30737803,4
0,293906299,0.846062,30738662,6
0,2423841491,0.942694,30739728,9
0,1647426101,0.731544,30741432,18
0,953632619,0.988706,30742507,9
0,1635683347,1.147347,30744009,15
0,526603841,0.908403,30744934,7
0,1008922529,0.911622,30745507,2
0,48442637,1.073928,30747541,23
0,3642708577,0.981270,30749298,19
0,1684747679,0.698771,30750862,16
0,2561064151,0.755837,30752420,16
0,2931368611,0.940101,30753891,10
0,2804827843,0.956066,30754625,4
0,3155438603,0.985738,30755615,8
0,4167264271,0.950945,30758213,11
0,2335598809,1.067086,30760449,19
0,410426857,0.973276,30763482,37
0,3404931449,1.130628,30769042,73
0,2650054889,0.822653,30771224,25
0,2389541683,0.863202,30773379,24
0,230573191,0.970764,30775420,23
0,3663053773,1.190375,30776143,4
0,1733147939,0.882225,30778048,21
0,1872820721,0.863202,30778637,2
0,2736295747,0.791187,30781304,31
0,1975944673,1.043488,30782116,5
0,2338891903,1.017906,30783812,18
0,260164601,0.755837,30784392,2
0,261510859,0.977281,30785454,9
0,1402728133,1.066628,30787090,17
0,4275849923,0.903011,30787820,4
0,3566066831,0.884988,30788543,4
0,1517422073,1.198143,30789468,7
0,3488785771,0.947859,30790682,11
0,3419310127,0.939581,30791751,9
0,3757411487,1.107944,30793245,15
0,3292302521,1.008267,30793898,3
0,1219817959,0.677484,30795671,19
0,1365944717,0.791804,30796667,8
0,3202787551,0.990186,30799909,40
0,642680593,1.220752,30800478,2
0,1625292649,1.021736,30802533,23
0,2608039787,0.753248,30803188,3
0,767293253,1.002925,30805165,22
0,803727167,0.718750,30808704,44
0,116791327,1.000000,30809634,7
0,1813364149,0.969254,30810295,3
0,530835797,1.067086,30812496,21
0,3895335881,0.893772,30813580,9
0,419701141,0.822653,30815534,22
0,2441801633,0.875000,30816621,7
0,2569810391,0.939581,30818436,19
0,336691573,0.880563,30819077,3
0,1832257129,0.973777,30819654,2
0,2365794271,0.914830,30820375,4
0,3021108229,1.000488,30821572,11
0,3811430653,1.039268,30822435,6
0,2247644963,1.038798,30824017,16
0,2147496257,0.858664,30825766,19
0,983875913,0.854103,30828213,29
0,3542218151,0.911622,30830749,30
0,575994431,1.033615,30831686,7
0,3330328411,0.852959,30832620,7
0,780606397,0.973777,30834244,17
0,322416487,0.946313,30834757,1
0,642423179,0.941657,30836513,19
0,801486523,0.986728,30838579,23
0,901000693,0.976781,30839231,3
0,1040177779,0.908940,30839899,3
0,2519759183,0.722139,30844596,61
0,397907621,0.916963,30845454,6
0,925841893,0.977281,30846454,8
0,1992019927,0.755190,30847750,12
0,137594861,1.000488,30848892,10
0,1409870689,0.815499,30849890,8
0,503475191,0.942176,30851303,14
0,1339827679,1.101313,30854894,44
0,1285980767,0.811297,30861921,75
0,3442445653,1.043020,30867951,77
0,3082457099,0.956577,30868462,1
0,3423594107,1.250391,30869398,7
0,2003845873,1.057894,30870464,9
0,4218587557,0.899761,30872443,22
0,2455899991,0.986728,30874437,22
0,3867784831,0.711238,30875797,13
0,1367850949,1.043020,30877298,15
0,2727329783,1.086134,30877828,1
0,682188931,1.033615,30878820,8
0,1661583047,1.004385,30883050,54
0,4255217347,1.056047,30883634,2
0,2414696743,1.220351,30885262,17
0,1376016953,1.014061,30885909,3
0,1320581723,0.722139,30889972,52
0,2149144181,1.000976,30892504,30
0,2447185669,1.154137,30893720,11
0,1353863233,0.944247,30899380,75
0,3443846449,1.033142,30899895,1
0,4262086547,0.995105,30901518,17
0,3715318081,0.903552,30903358,20
0,43360969,0.836193,30904140,5
0,4094985439,1.162987,30905714,16
0,2178094333,1.012133,30906931,11
0,3115071623,1.202618,30907440,1
0,4158010079,1.043020,30910157,27
0,1671342527,0.872205,30914719,59
0,2415119561,1.002438,30918643,47
0,367515719,0.866589,30920282,17
0,779095043,0.970764,30921899,17
0,4021326299,0.911086,30930091,111
0,1330436803,0.950945,30932853,33
0,2772924823,0.844329,30934420,16
0,3436434109,0.975280,30935006,2
0,1378795127,1.038798,30936017,8
0,3475453057,0.940101,30936663,3
0,1576556867,1.000976,30937957,12
0,1470317867,0.985738,30939389,14
0,3861734089,0.938021,30940246,6
0,1093385101,0.813101,30941603,13
0,3977781229,0.938541,30943160,16
0,1099701173,0.919621,30944012,6
0,2538304009,0.942694,30947655,46
0,4131958679,0.851240,30949856,25
0,251753783,1.097316,30950496,3
0,3247702181,0.884436,30951418,7
0,4017785887,1.050483,30952770,13
0,2183955871,1.035503,30953277,1
0,1690781173,0.787475,30953934,3
0,865376077,0.977780,30957091,39
0,2632929701,0.989199,30958731,13
0,1547036851,0.913227,30962109,29
0,3627580783,1.043020,30963179,5
0,552053273,1.073928,30964343,9
0,4066805747,0.817891,30965352,8
0,3338784881,0.822059,30969408,52
0,1491888389,1.008267,30970402,8
0,3628459453,1.095980,30971195,5
0,3543657589,0.930180,30971783,2
0,1047390989,1.012133,30973908,24
0,1532106679,0.983258,30976522,31
0,3097205471,1.032669,30980393,49
0,1930785733,1.035031,30981676,12
0,1115136593,1.078012,30983785,24
0,169503797,0.771818,30985262,15
0,1885613707,0.977780,30987457,25
0,997004497,1.082983,30989018,16
0,2544742997,0.974279,30990516,15
0,2715737407,0.763550,30992107,16
0,2784824279,0.933847,30995772,46
0,2392215857,1.005357,30996695,7
0,352507277,0.787475,30998107,14
0,1679326043,0.725512,31002056,50
0,600116263,0.801000,31002559,1
0,3045163657,0.855246,31004381,20
0,750821011,1.132354,31005870,15
0,4204407763,1.079370,31006664,5
0,563555809,0.994614,31008228,16
0,549481249,0.853531,31014434,79
0,2832738737,0.760987,31016356,21
0,401794907,0.831508,31017712,13
0,3400263263,0.835024,31018795,9
0,2118583807,0.858096,31019700,4
0,1320270737,0.950945,31021577,20
0,1165224337,0.880563,31022434,6
0,628479161,1.035974,31023019,2
0,85887779,0.804043,31026504,44
0,4064011901,1.085235,31027102,2
0,3102562549,0.889391,31029938,34
0,2133630043,1.008751,31031503,16
0,199832261,0.911622,31035959,57
0,2845460021,0.937500,31036897,7
0,329161867,1.106621,31037956,9
0,198794273,0.976781,31039011,9
0,3338586149,1.099538,31044656,74
0,2483939329,0.920152,31045435,5
0,3611797243,0.914830,31048003,30
0,50578511,1.158360,31051928,50
0,1689368357,1.004385,31053288,13
0,656918429,1.008267,31055544,26
0,3425439503,0.940101,31058010,29
0,2793918103,0.855246,31065770,86
0,2471357771,0.976781,31066812,5
0,3490463993,0.745429,31072232,71
0,1153284283,0.913227,31074144,21
0,4009361011,0.824432,31076903,33
0,785281207,0.933847,31078882,22
0,2789708531,1.063419,31080521,17
0,3339373949,0.971267,31082019,15
0,906971579,1.002438,31082738,4
0,4189944943,0.921743,31083472,4
0,2615421251,1.027930,31084258,5
0,2019173423,0.906250,31084975,4
0,1796954267,1.115411,31088919,50
0,3095831149,0.815499,31091733,34
0,2847088171,0.989199,31092391,3
0,362772547,1.019344,31095861,43
0,525442859,0.824432,31097276,14
0,2356506601,1.000488,31098762,15
0,3608563097,0.913227,31104651,77
0,4141545461,0.846639,31107638,36
0,817392833,0.983258,31113728,81
0,1940017309,0.973777,31116685,30
0,2951175781,0.888841,31117382,3
0,1293480449,0.867152,31119420,23
0,279328397,1.131923,31122009,28
0,2723108719,1.037387,31125397,42
0,2953582279,0.940101,31127159,19
0,2132862103,0.946313,31128930,19
0,48447151,0.864897,31129988,9
0,3130908227,1.002438,31136658,89
0,3204197797,1.039268,31142349,75
0,359560913,0.844907,31144253,21
0,4011297523,1.101313,31147344,38
0,1531451237,1.004871,31148546,11
0,3714822593,0.942694,31150034,15
0,1898035253,0.963190,31151454,14
0,1672797109,0.971267,31152041,2
0,2713183861,0.977281,31154370,27
0,3359184167,0.946313,31155084,4
0,412511663,1.039268,31158175,38
0,1884213319,1.002438,31160218,23
0,3318259391,0.921743,31162895,27
0,3680342153,1.136229,31164824,21
0,950314367,0.920152,31166675,7
0,1113214699,0.967237,31170638,46
0,1833709387,0.805862,31171239,2
0,2741340361,1.113658,31172438,11
0,3670045349,1.002925,31173863,14
0,3704506973,0.994614,31174516,3
0,2949213089,0.877786,31178027,44
0,3552440503,0.915897,31181403,42
0,2786507387,1.167596,31184507,38
0,2657306317,1.219551,31185094,2
0,3219496919,0.720107,31186734,17
0,3955331491,1.086584,31187250,1
0,861915683,0.722139,31188464,11
0,1858411363,1.048157,31188977,1
0,2155094021,0.987223,31190236,12
0,1328112589,0.950945,31190750,1
0,172443571,1.225542,31191461,4
0,73844857,1.006328,31194110,32
0,365623283,1.282773,31196020,21
0,694304207,0.941657,31196530,1
0,3287807813,0.833854,31198026,15
0,716521079,1.177176,31199811,18
0,267213311,0.972774,31200751,7
0,3874315903,0.848942,31204947,53
0,1823014243,0.911622,31205741,5
0,2246450093,1.177176,31206323,2
0,358889107,1.002438,31208216,21
0,836509621,0.942176,31210200,22
0,3282476893,0.940620,31212038,20
0,2240896709,0.843750,31212831,5
0,3417606637,1.107944,31214038,11
0,328263059,0.815499,31215304,12
0,1481195927,0.884436,31221582,79
0,3156475627,1.019823,31222694,7
0,1237021601,0.882225,31223301,2
0,594451477,0.978779,31225828,30
0,4016760091,0.858096,31229359,44
0,3399736913,0.813701,31233781,57
0,2594420051,0.895409,31235269,15
0,988132039,0.906250,31236338,9
0,3127995797,1.038798,31237058,4
0,2190604679,0.908403,31237853,5
0,848322571,0.914830,31241908,52
0,572450587,1.001951,31242767,6
0,1318479607,0.884436,31244757,22
0,1453672189,0.781875,31246523,19
0,1706214241,0.944247,31251737,68
0,4165768471,0.884436,31252667,7
0,1235074949,0.983258,31254716,23
0,736728373,0.986728,31256554,20
0,1617906053,0.950432,31263526,93
0,936793853,1.074382,31264185,3
0,3562222207,0.756482,31265325,5
0,1539677417,1.004385,31267489,24
0,786318887,0.971267,31272157,41
0,1395678259,0.950945,31272840,1
0,3309110261,0.971267,31277415,59
0,3355174117,0.983258,31278214,5
0,288276127,0.906789,31279003,5
0,1200693539,0.897588,31280913,19
0,2997440093,0.953509,31282018,9
0,3112141453,0.900304,31283436,14
0,2889826279,0.682510,31285300,20
0,1999734133,0.942176,31286090,5
0,3174136541,0.760987,31286891,5
0,1413823253,0.973777,31289215,27
0,1862366827,1.073928,31292387,39
0,3909564271,0.848367,31293745,13
0,2706882319,0.893772,31294824,9
0,3380131619,0.885539,31297075,26
0,2684423171,0.964203,31297637,2
0,2770828789,0.915897,31300448,34
0,664753139,0.999023,31301108,3
0,855323951,0.880563,31304490,42
0,1130650369,0.980772,31306034,16
0,2301091127,1.035031,31307253,11
0,2793715513,0.967237,31308181,7
0,38310143,0.944247,31309161,8
0,3045336641,1.104854,31314208,66
0,1594600793,0.805862,31315138,7
0,1708919207,0.688919,31315718,2
0,2274308143,0.941657,31316722,8
0,4030018171,0.956577,31317380,3
0,3010756037,0.995105,31319511,24
0,1122148409,0.832682,31320226,4
0,3183289129,0.880563,31321575,9
0,3799716559,0.983258,31326748,65
0,3587567759,0.932801,31328043,12
0,280192111,0.756482,31328686,3
0,285913963,0.911086,31331567,35
0,840746161,0.876115,31334437,35
0,3489117367,1.156672,31335735,12
0,20724959,0.877786,31338047,27
0,969176489,1.139661,31338976,7
0,924895141,0.937500,31339621,3
0,2377973537,0.844329,31342585,36
0,677054533,0.940101,31343568,8
0,3685684469,0.964709,31349414,77
0,231607109,1.008267,31349983,2
0,2883991447,1.002438,31351067,9
0,585457987,0.831508,31355075,50
0,1391793967,0.855246,31358474,42
0,664636057,1.128467,31362594,53
0,1856029663,0.758416,31363179,2
0,4210975099,0.784369,31364821,17
0,2242167293,0.942694,31368176,37
0,2218762703,0.944247,31369470,12
0,3974672069,0.773082,31372286,19
0,683962637,1.132354,31373307,6
0,4225623977,0.987223,31374296,6
0,3930584213,1.033615,31375379,9
0,2638503199,0.983258,31377213,20
0,3093011741,0.934370,31380026,34
0,81463049,0.778746,31382049,23
0,464788817,0.936979,31382835,5
0,2409708233,0.842012,31383762,7
0,910974739,0.694566,31385244,15
0,3088604249,0.960652,31388267,37
0,597031009,0.760345,31389395,10
0,616185061,0.822653,31391229,20
0,2044228817,1.091963,31393082,20
0,3752231771,1.222350,31397161,52
0,2577325297,0.964709,31399344,25
0,3651114283,0.970764,31399868,1
0,2636965819,1.234672,31401576,18
0,2112245771,0.908940,31403410,20
0,3202531547,1.189554,31405951,30
0,2445161203,0.889391,31407786,20
0,4233007523,0.987223,31409503,18
0,51712799,0.846062,31414119,60
0,343248341,0.932801,31416170,23
0,3130842503,0.952997,31419405,40
0,1166235127,0.820870,31421038,17
0,2846697031,0.801000,31423299,26
0,874553353,0.978779,31424671,8
0,1034551333,0.950432,31425469,5
0,3454428787,0.925971,31429804,53
0,2127483287,1.132786,31431180,13
0,1401153563,0.820275,31432663,15
0,1855467373,0.882225,31434644,22
0,4125046109,0.978779,31436356,18
0,1490490257,1.001951,31439165,34
0,3243717769,0.818488,31439670,1
0,3046442149,0.891036,31440592,7
0,3218280367,0.914830,31441252,3
0,517823959,0.858664,31442046,5
0,979447823,0.860369,31443453,14
0,3487107797,0.981270,31444394,7
0,1403813657,0.860369,31447970,45
0,3920201653,0.893772,31448484,1
0,2048170321,0.950432,31449263,5
0,1221715553,0.958616,31450398,10
0,3421809019,0.913227,31451403,8
0,60035429,0.770552,31452725,13
0,4166775269,0.977281,31453459,4
0,248687687,0.981270,31454100,3
0,3242258879,1.063419,31455098,8
0,3685165931,1.035503,31457020,21
0,1021225559,0.880563,31458870,20
0,3951861391,1.004871,31459526,3
0,1696012957,0.844329,31463109,45
0,3447857351,0.846639,31467664,59
0,692248747,0.937500,31472591,60
0,2362137013,1.101313,31474396,5
0,1128498311,0.915364,31475961,13
0,1644834293,0.853531,31476728,3
0,2212776257,0.853531,31479334,31
0,1329194869,0.813701,31482773,43
0,3817919621,0.864332,31483627,6
0,2394674771,0.970764,31484701,9
0,3916136681,0.906250,31486611,21
0,1426808693,0.914830,31487897,12
0,2564980727,0.851240,31488491,2
0,807082873,0.726856,31490531,23
0,65712107,0.933847,31491876,13
0,2240756261,0.942176,31493151,12
0,1500224729,0.872205,31496313,39
0,2854432517,1.098205,31499540,40
0,3285806479,1.159624,31500405,6
0,1111558579,1.070740,31501045,3
0,379761581,1.079370,31504539,44
0,3592120391,0.962683,31505259,4
0,2973113399,1.017906,31506255,8
0,2850242281,0.855246,31507743,15
0,344791633,0.772450,31508932,11
0,3919475243,0.991172,31510003,9
0,985463833,0.721462,31510582,2
0,1380282619,0.730208,31511302,4
0,2512472969,1.033142,31512157,6
0,3296187407,1.132354,31514067,21
0,2517280373,0.822653,31516036,22
0,731479531,1.017906,31517527,15
0,3243737801,0.863202,31519081,16
0,3623467849,0.936979,31519601,1
0,4210762207,1.080274,31521235,17
0,3010032253,0.875558,31522794,16
0,262986407,1.070740,31525478,32
0,2462004661,1.095980,31527796,22
0,1582609331,0.971267,31531933,50
0,3968888971,0.846639,31533776,20
0,2469205399,0.851240,31538197,57
0,1576777817,0.975280,31539271,9
0,2583493477,0.916963,31540279,8
0,1968399533,0.921743,31541000,4
0,521217947,0.940620,31541930,7
0,3367421411,0.888841,31542791,6
0,1712500487,0.973777,31544566,19
0,4195201559,1.064337,31546268,18
0,4137687913,1.066170,31547699,14
0,3599294801,0.743461,31548350,3
0,2225386403,1.043488,31549623,12
0,1048978787,1.099538,31550831,11
0,3322558691,0.908403,31553716,35
0,2455459043,0.895409,31554581,6
0,1515410807,0.927551,31556973,28
0,3309101483,1.033615,31559436,29
0,138606497,0.975280,31560354,7
0,4267096231,1.099538,31561088,4
0,679756799,0.950432,31561942,6
0,2009700947,0.972774,31563784,20
0,4083752723,0.906789,31564878,9
0,3679461251,0.911622,31565458,2
0,1568363023,0.784369,31570368,64
0,261634627,0.784369,31571077,4
0,1161400703,0.756482,31572623,11
0,1492096337,0.547544,31579767,80
0,3563641819,1.073928,31582062,24
0,3152635063,0.732211,31584949,35
0,736481203,0.844907,31585895,7
0,888818353,0.908940,31587234,13
0,1452395807,0.902471,31588999,19
0,1014007691,1.104854,31594250,69
0,3854445949,1.017906,31595812,16
0,2805985667,1.019823,31598783,36
0,3219138907,1.016946,31601181,28
0,41058187,0.919621,31601751,2
0,3686844737,0.858664,31604212,27
0,25236229,1.014061,31606677,29
0,1395887083,0.988706,31611663,65
0,2192103103,1.160465,31613088,14
0,3143702869,1.029829,31614502,14
0,4261397801,1.000488,31616280,19
0,1033285501,1.067086,31617216,7
0,729969241,0.971267,31619748,30
0,3111556303,1.000976,31620612,6
0,1194455839,1.104854,31623628,37
0,2485062061,1.116723,31624344,4
0,4030579621,0.913227,31629591,64
0,2351044601,1.012616,31630326,4
0,3175013717,0.942694,31636890,85
0,1152025183,0.911086,31638253,13
0,2421203749,1.129332,31641119,35
0,2925852929,0.849517,31641698,2
0,2012644817,0.916963,31642359,3
0,4219483493,1.104854,31644485,24
0,3110473739,0.877229,31646241,19
0,3610044709,0.987223,31647310,9
0,4260251161,1.009718,31653046,76
0,1018800389,0.784369,31655020,22
0,3741184963,0.844329,31655684,3
0,3295353091,0.725512,31656465,5
0,14763583,0.925971,31657786,13
0,3946958053,0.815499,31659279,15
0,791122417,0.886090,31661315,23
0,2899921061,0.913227,31668753,100
0,2772742019,0.884988,31670036,12
0,2585883623,0.942694,31672368,27
0,3243540067,0.886090,31673088,4
0,1150707769,0.839108,31675431,23
0,3583614721,0.882225,31676941,15
0,2004887491,1.079370,31677519,2
0,2619585679,0.743461,31679545,8
0,2186597191,0.853531,31680738,9
0,2162716069,0.876115,31683957,40
0,365820769,0.919621,31684948,8
0,165565123,0.944247,31687188,26
0,11851591,0.884436,31689633,29
0,2696892923,1.094643,31690289,3
0,19087051,0.791187,31693242,35
0,2759926177,1.000976,31694084,6
0,1040714203,1.054659,31695426,13
0,862733633,1.150323,31696281,6
0,1326733073,1.064795,31697771,15
0,727155227,0.956066,31698416,3
0,3455946569,0.820870,31706230,105
0,145109183,0.801000,31709719,44
0,2591072909,0.973276,31710303,2
0,872615543,1.203835,31711640,13
0,1892970683,0.964203,31714949,41
0,3852247901,1.059739,31715601,3
0,1663235351,0.960652,31716669,9
0,923652241,1.075745,31718858,25
0,4224637567,1.006328,31720858,22
0,2745174097,0.743461,31723318,29
0,1289838859,1.103085,31725150,20
0,1000939561,0.952484,31727125,22
0,1115466089,1.132786,31730096,31
0,2874703313,0.975280,31731414,9
0,2593648819,1.002438,31732245,4
0,3170000879,0.919621,31739872,100
0,1491564181,0.884988,31740751,6
0,1824423151,1.173020,31742604,20
0,3501125227,0.955044,31744039,14
0,966278407,0.915364,31745449,14
0,875311037,1.031723,31746310,6
0,231735703,1.035031,31755252,122
0,1726651207,1.068458,31759382,53
0,1676099749,1.129764,31761147,19
0,3442884377,0.891036,31761799,3
0,1321456901,0.947859,31762889,9
0,2812038653,1.098205,31764109,11
0,577237487,1.047225,31764703,2
0,1606170457,0.829745,31765784,9
0,4165586609,1.004871,31768107,27
0,1011509963,0.844907,31771136,37
0,3081891811,0.853531,31774766,45
0,2083477423,1.033615,31776279,15
0,398335493,0.640434,31777217,3
0,848753791,0.911622,31777957,4
0,642040813,0.954021,31781322,27
0,221565503,0.940101,31781996,1
0,1648097501,1.070284,31783725,16
0,3228925831,1.086134,31784544,5
0,2003906449,0.724164,31787509,36
0,12302497,0.822653,31788278,5
0,124114019,0.853531,31790307,23
0,3296941409,0.628894,31792634,27
0,1676663893,0.877229,31793152,1
0,1346126641,0.940101,31794987,20
0,1415992621,0.757128,31797031,23
0,3402982753,0.993632,31798730,18
0,3171740189,1.008751,31803519,62
0,208900819,0.915364,31807312,48
0,3339974597,1.154137,31808592,12
0,3166780079,0.855246,31809253,3
0,2700561667,0.669509,31813281,51
0,1752739277,0.745429,31814765,15
0,2724600211,0.846639,31815689,7
0,2978626531,0.915364,31818990,41
0,150917971,0.908940,31819496,1
0,3777619579,0.853531,31821850,27
0,2355499831,0.918559,31823693,20
0,1034058329,1.019823,31825118,14
0,3473480669,0.813701,31826395,12
0,2388453061,0.844329,31827395,8
0,3337330547,0.939581,31831416,51
0,1198991957,1.035503,31832692,12
0,952958077,0.827388,31834172,9
0,2277743647,0.778746,31838409,54
0,3318749783,1.012616,31841612,37
0,3337455239,0.884436,31843252,17
0,1930188263,0.915364,31845783,30
0,2039728081,0.844329,31848602,34
0,785489993,0.938541,31851266,32
0,641645167,0.920152,31855686,56
0,2499318557,0.920152,31859710,51
0,3024674209,0.815499,31860642,7
0,4100909723,1.094196,31863181,30
0,2353957337,0.853531,31864118,7
0,1719824597,0.884436,31867404,41
0,2858105713,1.095980,31867984,2
0,2836795127,1.002438,31869399,14
0,2954746583,0.973777,31869984,2
0,456551239,0.969254,31871536,16
0,2725191439,0.814900,31872258,4
0,589671611,0.902471,31877485,68
0,2323614487,0.915364,31880259,29
0,1412767621,1.017906,31881937,17
0,890134643,0.919621,31883510,15
0,54511291,0.758416,31884095,2
0,924017921,1.012616,31887460,42
0,288146473,0.940101,31888302,6
0,2872202761,0.783746,31889940,17
0,2870686957,0.855246,31891016,9
0,450502807,1.099538,31895849,63
0,4164651157,0.813701,31897192,13
0,1340411951,1.000000,31897849,3
0,955475057,0.813701,31900668,34
0,2665475447,0.908403,31902103,14
0,3808975483,0.969758,31903238,10
0,2280759053,1.142229,31904448,11
0,2224698503,0.940101,31906079,17
0,3891093251,1.140518,31906951,6
0,528209639,1.097316,31908442,15
0,2882451227,0.969758,31910150,18
0,353321977,1.128899,31911356,11
0,1135745411,0.971267,31911866,1
0,1811966707,0.911622,31912582,4
0,3622234267,0.953509,31913449,6
0,490666403,0.973777,31918576,67
0,1208960173,0.880008,31919775,11
0,3194795389,1.035974,31921406,17
0,1813890713,0.947859,31922842,14
0,3163575431,0.884988,31929290,86
0,1059997927,0.883883,31929803,1
0,2695740583,0.908403,31931088,12
0,3977320253,0.956066,31933899,34
0,374987869,0.775605,31934754,6
0,235996433,1.071652,31937479,33
0,1411165319,1.106621,31939584,24
0,564094831,0.818488,31942474,35
0,2754706699,0.973777,31944235,19
0,929506013,1.006328,31945234,8
0,2625834361,0.880563,31945808,2
0,4141970177,0.877229,31946885,9
0,983696107,0.824432,31947735,6
0,3574570057,0.938021,31950157,28
0,829182707,0.853531,31951089,7
0,2828862661,0.751951,31958850,105
0,164345899,0.803435,31962705,49
0,1842302963,1.095980,31967919,68
0,1298139761,0.975280,31968557,3
0,1458688261,1.128899,31971299,33
0,198660331,0.889391,31971804,1
0,4015465823,0.858096,31975459,46
0,1615871857,1.201399,31976451,8
0,1402735913,1.133647,31980721,55
0,1392217661,0.940101,31983846,35
0,1256282431,1.047225,31985410,16
0,4020460571,0.864332,31991229,77
0,821473753,1.173020,31993553,27
0,1594260907,0.899761,31994141,2
0,3879917689,0.752600,31994789,3
0,1963751453,0.761629,31995512,4
0,436650931,0.718750,31997871,27
0,1401399443,1.016466,31999708,20
0,3241742201,0.938541,32000502,5
0,2229800467,1.002438,32001359,6
0,715436291,0.716027,32001868,1
0,3514552397,1.123263,32004265,28
0,3634851223,0.983258,32006591,27
0,1618171223,0.849517,32007489,5
0,3818184091,0.829745,32010541,37
0,3778201001,0.952484,32011396,6
0,2116327607,1.000488,32012047,3
0,3329861471,0.875558,32014163,24
0,3217248823,0.950432,32016069,21
0,673916069,1.012133,32016986,7
0,2550032207,1.014061,32018342,13
0,2530871969,0.940101,32018924,2
0,163263671,0.876115,32020474,16
0,3213209983,0.956066,32021343,6
0,2570039663,0.944247,32024370,37
0,863019301,0.947859,32029465,67
0,1868266753,0.970764,32030189,4
0,552675463,0.911086,32031037,6
0,673525829,0.853531,32033068,23
0,3457753597,0.822059,32034483,14
0,2363898401,1.047225,32039100,60
0,853124513,0.877786,32040164,9
0,1135426811,1.063419,32045169,65
0,1234156543,0.964709,32046178,8
0,219692623,1.006328,32047375,11
0,3747290761,0.815499,32049779,28
0,2631150983,0.804043,32053347,45
0,2769289877,0.766103,32055458,24
0,1638338521,1.025552,32057154,18
0,2276942909,0.911086,32057738,2
0,3620352937,1.105296,32058738,8
0,1534219777,0.973777,32064010,69
0,3911034889,1.016466,32065509,15
0,502396127,0.888841,32070835,70
0,1269053707,0.941657,32073161,27
0,820860847,1.008267,32076886,47
0,2405715817,0.783746,32077534,3
0,3870575707,0.942176,32079166,17
0,100547509,1.098205,32084259,62
0,2803636777,1.168432,32084918,3
0,4209931849,0.920152,32086419,15
0,4191087119,1.064795,32090159,29
0,3191753729,0.897044,32091435,9
0,1192281551,1.102642,32094877,43
0,3457968193,1.066628,32097705,34
0,2812048207,1.048157,32098646,7
0,685334681,0.730876,32099701,9
0,1045106633,0.766103,32103177,42
0,1962861587,0.800391,32105743,30
0,2324325067,0.956066,32106250,1
0,276545249,1.071652,32106902,3
0,4292366087,1.095980,32107708,5
0,3109281319,0.925971,32108510,5
0,3938292613,0.827978,32109240,4
0,2134317461,0.880008,32109834,2
0,3833579081,0.649519,32111321,15
0,1028968669,0.897588,32113507,25
0,3826473011,1.128899,32114786,12
0,1090572647,1.133647,32115502,4
0,3477254089,0.973777,32116091,2
0,249816263,0.711238,32121334,69
0,36530761,0.855246,32122737,14
0,2152600771,1.035974,32125141,28
0,254214937,1.035974,32127725,31
0,892710127,0.781250,32129575,20
0,3551333537,1.004871,32130288,4
0,1712244661,0.736201,32132845,30
0,2155175021,0.932801,32133562,4
0,992247521,0.906789,32134070,1
0,1907736799,0.976781,32135558,15
0,3500329561,1.126735,32136965,14
0,3647412337,1.158360,32140134,33
0,252065587,0.990186,32143538,42
0,1602413041,1.072107,32145835,24
0,2285126741,0.916963,32146918,9
0,1579646917,0.946313,32149113,25
0,3785951891,0.945797,32150037,7
0,4292652323,0.940101,32150626,2
0,2089112653,0.792420,32151969,13
0,1266755069,0.907327,32154154,25
0,3881482049,0.860369,32155154,8
0,2842518589,0.889391,32156156,8
0,3827237699,0.888841,32160036,49
0,1218982339,0.937500,32162423,28
0,2084057993,0.971267,32164248,20
0,836516357,0.969758,32166010,19
0,1978578673,0.940101,32166881,6
0,1710606559,0.938021,32169847,36
0,660377561,1.004385,32171475,17
0,1292347261,0.978779,32175909,57
0,911976389,0.910014,32177672,19
0,3276516169,0.938541,32179571,21
0,1124732657,0.908940,32180422,6
0,2133332647,0.792420,32181842,14
0,2856562103,0.722139,32184103,26
0,197750279,1.048623,32188404,51
0,3898765081,0.651021,32189137,4
0,2809215667,0.970764,32190879,5
0,824316433,1.261277,32196733,71
0,1389911791,1.048157,32198389,17
0,2693295589,1.002438,32200506,24
0,139697473,1.055584,32202962,29
0,3687975217,1.094196,32203893,7
0,2548127711,0.849517,32204553,3
0,3630600109,1.085235,32205488,7
0,2259587237,0.906789,32207189,18
0,3428816873,1.061581,32211318,53
0,1874492083,1.016466,32213513,25
0,2343517069,0.891584,32214245,4
0,797347619,0.755837,32216930,32
0,2035345261,0.762910,32217653,4
0,3387442657,0.852959,32218716,9
0,3349018817,1.022214,32220210,15
0,937261447,0.805862,32221491,12
0,3769216571,0.880563,32223335,20
0,3967630633,1.004871,32229091,76
0,4163961563,0.820275,32229738,3
0,3309974729,0.915364,32231574,20
0,430352473,0.902471,32232847,12
0,3921877943,1.132786,32234759,21
0,1593061427,0.888841,32235340,2
0,3215202829,0.760987,32236128,5
0,845510311,1.097316,32239781,46
0,4207533899,0.814900,32241621,20
0,1032419033,1.094196,32245025,36
0,1712457377,0.879453,32250759,73
0,104115881,0.955044,32254483,47
0,3270496171,0.968750,32256256,19
0,1818950543,0.813701,32260853,59
0,2328073421,0.938021,32261361,1
0,3596568659,0.976781,32264247,35
0,1491256927,0.973777,32269298,66
0,2733918541,0.915897,32269943,3
0,268904393,0.937500,32271910,22
0,1234631393,0.760345,32274087,25
0,789735211,0.938021,32276126,23
0,547213481,0.784369,32277528,14
0,2532032917,0.950432,32278739,11
0,3849431093,1.128467,32280135,11
0,2898321353,0.812500,32281026,6
0,318542333,0.755837,32281953,7
0,597102349,0.916963,32283581,17
0,679497473,0.923330,32284073,1
0,3825788371,1.098205,32287225,39
0,1550874223,1.095980,32290549,37
0,1017856843,1.023646,32291715,10
0,2254292063,0.970764,32294507,32
0,2042995901,0.971267,32295587,9
0,3255285343,0.938021,32296170,2
0,3561908531,0.970764,32297027,6
0,632818117,0.963190,32298710,18
0,696207977,1.100870,32301547,34
0,3403546073,0.969254,32303037,15
0,3981205801,1.086134,32304308,12
0,1620474701,0.846062,32307141,34
0,2607020797,0.902471,32309079,21
0,2636232761,0.952484,32310567,15
0,3169975427,0.796722,32313038,29
0,3982739,1.000976,32315824,34
0,291570733,1.062500,32318487,32
0,4113396631,0.822653,32319629,10
0,4285164839,0.895409,32320984,13
0,1801089347,1.019344,32322259,12
0,2895773611,1.033615,32326006,47
0,830865589,1.066628,32327558,16
0,123696371,1.006328,32331355,48
0,4176407591,1.001951,32332234,6
0,761760203,0.787475,32335054,34
0,2571318803,1.066628,32336812,19
0,2598064037,0.814900,32338724,21
0,2349550591,1.002438,32339314,2
0,2058294653,1.064795,32340249,7
0,3781024241,0.855246,32341040,5
0,3261032927,1.039268,32342330,12
0,2374455179,1.002438,32343330,8
0,2758974679,1.068458,32345651,27
0,1331859491,0.880008,32346226,2
0,1424427469,0.791187,32346804,2
0,3915558443,0.894864,32348992,25
0,1390849949,0.936979,32349862,6
0,908439379,0.950432,32354708,62
0,111931289,1.033615,32355786,9
0,1650761953,0.911622,32357901,24
0,3405265957,1.127168,32360440,30
0,4035612041,1.040677,32364026,45
0,2622857491,0.963190,32365236,11
0,583817599,0.854103,32367623,28
0,3147049153,0.972774,32370295,32
0,3943640189,0.820275,32370952,3
0,2874099673,1.066628,32372994,23
0,2290942837,1.035031,32374057,9
0,1171318739,1.064795,32375266,11
0,1979022527,1.016466,32376911,17
0,1357050817,0.952484,32378598,18
0,2601918269,0.921743,32379460,6
0,263309177,0.824432,32381012,16
0,70252909,0.858096,32381724,4
0,3340266239,0.950945,32383298,16
0,1404816683,0.783746,32384872,16
0,367982639,0.942176,32386511,17
0,3330381179,1.102642,32388086,16
0,1998274351,0.895409,32391006,35
0,724267363,0.730208,32397367,64
0,2639332783,0.940101,32399227,18
0,210647303,0.884988,32401898,32
0,1664195251,0.820870,32403821,21
0,3769260947,1.191605,32409868,80
0,743072579,0.781875,32411350,15
0,1256949979,0.977281,32415489,53
0,2119035619,0.980772,32416633,10
0,1316850047,0.958616,32417707,9
0,2663648297,1.064795,32418286,2
0,1829520461,1.074382,32421160,35
0,3668699483,1.176761,32422375,11
0,543644029,0.940620,32424133,19
0,1122595277,0.942694,32425344,11
0,856987657,0.883883,32426326,8
0,2172963257,1.152443,32427880,16
0,4159520467,0.849517,32429516,17
0,3279158327,0.888841,32430807,12
0,1001513713,0.975280,32431322,1
0,622544009,1.002438,32432377,9
0,1850130679,1.048623,32438380,80
0,3553734493,0.849517,32439524,10
0,3352056203,0.880563,32440952,14
0,661164157,0.722139,32443265,27
0,1079814259,0.969758,32444744,15
0,2760483269,1.067086,32447085,23
0,3512784167,1.312872,32448109,8
0,3442060067,0.956577,32448620,1
0,4044037909,1.269381,32449129,1
0,1369152923,0.964709,32450201,9
0,4088272633,0.899761,32452202,20
0,3253037471,0.853531,32452950,4
0,1971244861,0.911622,32454377,14
0,4045424833,0.791187,32459394,66
0,27835757,0.868840,32462622,40
0,2244774491,0.908940,32463200,2
0,4089579709,0.944247,32464474,12
0,2559639059,0.791804,32465471,8
0,2963933699,0.981270,32466249,5
0,2683884227,0.814900,32466917,3
0,359131397,0.797334,32468115,11
0,3018590177,1.043488,32468911,5
0,2918132101,1.079370,32472100,39
0,3798162119,1.063419,32472960,6
0,451587737,0.813101,32474871,21
0,1162150631,1.033615,32476216,13
0,4039079393,0.883883,32480370,53
0,238486163,0.836193,32482624,26
0,171728567,1.007782,32484034,14
0,1013529371,0.844907,32485310,12
0,3337350851,0.827978,32488561,40
0,2208229481,0.823246,32489562,8
0,3379324969,1.125868,32490136,2
0,535210229,0.839108,32493437,41
0,3475261243,0.911622,32494339,2
0,3888026291,0.574524,32498809,45
0,2269918559,0.601918,32500378,12
0,1836380617,0.911622,32501556,10
0,1167833113,0.866589,32503329,19
0,2263287937,0.981767,32504037,4
0,834322459,0.927551,32505869,20
0,1919028401,0.932801,32506441,2
0,2825567531,0.635075,32508282,20
0,3565643561,0.906789,32511886,45
0,1567748711,0.942694,32512829,7
0,3029482931,0.970261,32515981,38
0,1725100669,1.207884,32516712,4
0,192677519,0.937500,32518142,14
0,1224060421,0.877786,32519414,12
0,869631079,1.014061,32521807,28
0,567753337,0.811297,32523095,12
0,1234379561,0.751951,32524013,7
0,2132469191,0.902471,32525372,13
0,3477074369,1.012616,32526595,11
0,1198206277,1.032197,32528710,24
0,3099274949,0.950432,32529230,1
0,1111539899,0.981270,32529801,2
0,2978272681,1.170520,32533595,48
0,2114755847,1.043020,32534463,6
0,3829959401,1.043488,32536295,20
0,2107432097,1.163407,32538200,21
0,2396498123,1.132786,32539690,15
0,1071228623,0.946829,32540424,4
0,2982114193,1.095534,32541432,8
0,2784198283,1.035031,32544830,42
0,549620069,0.877229,32545536,4
0,3890205751,0.805862,32547604,23
0,2932176103,0.817294,32550477,30
0,996113099,0.975280,32551303,5
0,3457976161,0.676041,32551887,2
0,3673389221,0.916963,32552404,1
0,3669193579,0.939581,32555810,40
0,1557283951,0.789333,32556912,9
0,1737301691,0.848942,32560717,48
0,1903883497,0.911622,32562491,19
0,186255809,0.971267,32563538,9
0,3686536583,0.946313,32564955,14
0,1984975717,1.190785,32565464,1
0,2522961799,0.920152,32569388,50
0,3043319809,0.884988,32573440,52
0,2084016377,1.125868,32574308,6
0,1471700561,1.019344,32575165,6
0,2933238923,1.130628,32577779,31
0,968812673,1.100870,32578919,10
0,2037264589,0.976781,32582419,44
0,3548939747,0.977281,32583560,10
0,2519256149,0.791187,32584214,3
0,15400969,0.911622,32585523,13
0,1064672747,0.753248,32591277,76
0,278042231,0.988706,32593267,22
0,3354803657,1.006328,32597139,45
0,2889289423,0.877229,32598169,8
0,2559295709,0.796722,32602212,35
0,2302238681,0.818488,32605135,33
0,1774040869,1.054196,32605793,3
0,362911567,1.066628,32607564,19
0,3813692251,1.008267,32609498,21
0,3792642283,0.994614,32611543,23
0,2562423173,0.970764,32613034,15
0,232463843,0.974279,32614944,21
0,2250346271,0.866589,32615732,5
0,474431873,0.888841,32616943,11
0,3979303763,0.964709,32617739,5
0,1071280519,1.067086,32619382,17
0,3621496457,0.956577,32620951,16
0,2844002549,1.198143,32623485,30
0,3594906193,0.911622,32624414,7
0,1091259523,1.114973,32626028,17
0,3449520917,1.014061,32627591,16
0,915144353,0.987223,32630923,41
0,1494312467,0.753248,32632332,14
0,2044670521,1.086134,32638507,82
0,2911261391,0.756482,32641544,37
0,2278883429,1.043020,32644216,32
0,310902521,1.127168,32647027,34
0,3845138441,1.012133,32648786,19
0,3192817853,1.073928,32649655,6
0,1047117319,0.918559,32654716,60
0,1550551567,1.010685,32655679,7
0,3648722531,0.940101,32656984,10
0,1464519521,0.875558,32657863,6
0,3081961387,1.069828,32661848,50
0,1255409521,1.033615,32663668,20
0,1817435441,0.815499,32666058,28
0,1177406339,0.970764,32667825,19
0,2152562371,1.067086,32669029,11
0,1614539639,0.939581,32669686,3
0,1027502407,0.978779,32670622,7
0,2718486739,0.911622,32672453,20
0,2386335197,0.956066,32675623,39
0,1625377561,0.846062,32677870,26
0,2123488957,0.813101,32678391,1
0,349920203,1.004871,32678971,2
0,545456027,1.078012,32680747,19
0,3203987419,1.127168,32683082,27
0,3039637171,0.877786,32684506,14
0,1167294629,0.975280,32685362,6
0,1556385577,1.003899,32687472,24
0,3295713829,0.939581,32688531,9
0,4104143297,0.814900,32690987,29
0,3976821449,1.007782,32695688,61
0,2631524923,0.817891,32696627,7
0,1401799507,0.978779,32697909,12
0,1327796383,1.006328,32699803,16
0,780061889,0.913227,32700621,5
0,652824719,0.796722,32701130,1
0,1187282483,1.131923,32701642,1
0,3112419913,1.226737,32703942,10
0,952712441,0.784369,32705234,10
0,1312960003,1.062959,32708402,39
0,1902351443,0.908940,32710440,23
0,4106330453,1.046292,32710955,1
0,2516886161,0.832682,32713201,26
0,3073835459,0.880563,32713781,2
0,1412275619,1.101313,32714855,9
0,2141939957,0.880563,32716148,12
0,474712499,1.033142,32717354,11
0,1215106913,0.783746,32719109,19
0,1692824389,1.225143,32720592,15
0,3259681367,0.872765,32721518,7
0,3848075557,0.952997,32724634,38
0,1279477349,1.062959,32725348,4
0,4244214673,0.793652,32726634,12
0,1600373039,1.173020,32729243,31
0,3434701597,0.854103,32730385,10
0,3233147069,1.091963,32731594,11
0,1731514877,0.889391,32740287,118
0,1229943241,1.054659,32741707,14
0,880517291,1.093303,32743205,15
0,4004982827,0.851240,32745317,24
0,1262699771,0.960652,32747787,29
0,1247041931,0.971267,32748371,2
0,1931807987,0.884436,32751322,36
0,2104314397,0.906789,32751976,3
0,3306466369,1.000488,32752832,6
0,1637925167,0.971267,32753336,1
0,2404393907,1.070740,32755945,27
0,3101333471,0.977780,32759409,43
0,2587873649,1.147347,32759929,1
0,2516015477,0.755190,32760827,4
0,3136421177,1.073928,32761657,5
0,2919977653,1.033142,32765809,53
0,1183931321,1.002438,32766325,1
0,1372284559,0.908403,32768998,32
0,1081985741,1.012133,32769716,4
0,2483561557,0.939581,32771124,14
0,3852464221,0.907327,32772358,11
0,2120560081,0.789333,32773154,5
0,1313667161,1.084785,32776585,43
0,3917619269,0.936979,32777855,12
0,3797057461,0.939581,32779625,19
0,372533687,0.851240,32782157,30
0,1327130033,0.939581,32783808,17
0,612410989,1.000488,32786894,38
0,4135044497,1.084785,32788452,16
0,764998571,1.115848,32790943,29
0,2792350411,0.972774,32791536,2
0,2333602681,0.852959,32792468,7
0,4081219963,1.069828,32794805,27
0,1486113943,0.891036,32795736,7
0,69895207,0.875558,32798607,35
0,2540214701,0.844329,32799467,6
0,3056938991,1.040677,32802692,35
0,2822586337,0.756482,32808206,56
0,3664189337,0.903552,32808889,1
0,217897441,1.006328,32809674,5
0,1809745607,0.802219,32810893,11
0,3929866069,1.040677,32811629,4
0,1372601669,1.070284,32817015,71
0,2628717341,0.820275,32817806,5
0,3453220031,1.191605,32823557,76
0,237518579,0.950432,32825034,15
0,3670469689,0.811297,32826589,16
0,4100031193,0.894864,32827582,8
0,2933041303,0.827388,32828875,12
0,127074173,0.887192,32829945,9
0,3795745253,0.910550,32830886,7
0,195866663,0.857526,32833422,30
0,1349276309,1.004871,32833995,2
0,152474359,0.702256,32835610,17
0,3061137511,1.048623,32838622,37
0,1909214611,0.863202,32839203,2
0,1346400169,0.972272,32840684,15
0,3517678979,0.693159,32845314,60
0,2481365749,1.029354,32845969,3
0,1754467199,0.944247,32852985,93
0,1588645657,1.094643,32857450,52
0,2653210601,0.975280,32858331,6
0,1953475033,1.104854,32860449,24
0,171605639,1.033615,32861596,6
0,4068483379,0.906789,32862897,12
0,216762277,0.977281,32864162,12
0,1396824001,1.008267,32867519,42
0,193937857,0.906789,32869210,18
0,167227523,1.035974,32870074,6
0,286148153,0.956577,32871200,10
0,1375555837,0.970764,32878490,98
0,260374831,1.006328,32879335,6
0,2578315657,1.163827,32880974,17
0,3441047773,0.883883,32884725,47
0,2731608007,1.063419,32886775,23
0,87003307,0.846639,32887272,1
0,2780891819,0.970764,32888056,5
0,3293949809,0.883883,32889052,8
0,478385683,0.950432,32891801,33
0,646750231,0.815499,32893289,15
0,4218789769,1.002438,32894376,9
0,841339753,0.889391,32894888,1
0,2079743251,0.972774,32895622,4
0,293938679,0.882225,32899412,48
0,1546163539,0.827978,32901378,22
0,158110321,0.789333,32901944,2
0,2461910219,0.820275,32902882,7
0,2665454749,1.070740,32904628,15
0,1966836017,0.913227,32908206,30
0,1111460957,0.883883,32909095,4
0,628729063,1.088828,32909676,2
0,3573986587,0.939581,32910743,9
0,1209744127,1.071652,32911536,5
0,3086966489,0.782499,32914234,32
0,2101597811,1.037387,32914752,1
0,861991393,0.891584,32916714,22
0,2752071313,0.760987,32918332,17
0,364763369,1.261277,32919049,4
0,67703093,0.730876,32920037,8
0,3154234367,0.932277,32921039,8
0,1344176839,1.130628,32922028,8
0,2703485023,0.927551,32923305,12
0,3631759903,1.155828,32924229,7
0,1453799623,1.189554,32925646,14
0,722119267,0.947859,32931305,75
0,656287609,1.137517,32931955,3
0,2039832127,0.997556,32933871,21
0,2701898891,0.743461,32936194,27
0,380984353,1.221951,32936765,2
0,2478523207,0.851240,32938182,14
0,1811044847,0.784369,32940304,24
0,3060099121,0.755837,32941226,7
0,2993274821,0.985738,32942786,16
0,716974411,0.846639,32946988,54
0,3601437733,1.035974,32948471,15
0,2935331891,0.880563,32949474,8
0,2714494357,1.035031,32950682,11
0,703771493,1.225542,32951835,10
0,1929989417,0.908940,32952903,9
0,3211174501,0.736201,32954460,16
0,2309591591,0.907327,32954968,1
0,3053912129,1.033615,32956020,9
0,825869813,0.753248,32956892,6
0,1091182693,1.071652,32959685,29
0,4284976079,1.037387,32962588,35
0,539164771,0.848942,32964305,16
0,1650560189,0.968750,32965104,5
0,2456325811,0.907327,32965897,5
0,2119531849,0.889391,32966412,1
0,3263366867,0.815499,32967959,16
0,1807712311,0.784369,32969724,19
0,43374827,0.846062,32972393,32
0,1301702573,0.789333,32977160,62
0,432060311,0.975280,32979750,31
0,3416524777,0.983258,32980968,11
0,1259922593,0.818488,32983630,32
0,507889829,0.832682,32984479,6
0,2663082371,0.991172,32986321,20
0,2991044857,0.936979,32987390,9
0,2061108911,0.952484,32991321,50
0,3143551441,0.973276,32992045,4
0,854911919,1.039268,32993604,16
0,1120755421,0.877229,32994119,1
0,4147555781,0.884436,32994922,5
0,325228789,0.911622,32997048,24
0,235328231,0.952484,32998314,12
0,1623500491,0.852959,33001129,34
0,3594129221,1.125868,33001710,2
0,4202316059,0.950432,33003420,18
0,902145929,1.067086,33004211,5
0,3617840309,0.913227,33006374,20
0,1234050793,0.936979,33007474,9
0,2932267061,0.822653,33008842,13
0,3431840491,0.814900,33011107,12
0,1698083227,0.804043,33012704,15
0,287050583,0.738188,33016568,49
0,3920587219,0.781875,33017573,8
0,757926709,0.827388,33018077,1
0,363877463,1.085235,33019003,7
0,2976870977,1.137946,33019937,7
0,2018053727,0.810695,33020726,5
0,79889353,0.981270,33024497,48
0,3811856617,0.960143,33025920,14
0,3209505847,0.849517,33028321,28
0,1271557681,1.079370,33029595,12
0,3451829929,0.850666,33030954,13
0,888374297,0.822653,33032650,18
0,3222689447,1.207884,33038535,78
0,2269982213,0.758416,33043289,62
0,617938771,1.068458,33044302,8
0,893560403,1.072563,33045085,5
0,14136907,0.940101,33047037,22
0,327013913,0.816696,33048046,8
0,2301908759,0.973777,33048764,4
0,428440591,0.848367,33052830,52
0,3737894687,1.082983,33054675,20
0,3748137401,0.919621,33058605,50
0,3112610843,1.213933,33059325,4
0,2276490031,0.806468,33060543,11
0,2487330409,0.915364,33062430,16
0,758508523,0.866589,33063523,9
0,1984051753,0.925443,33065220,18
0,2047205299,0.895409,33066299,9
0,433279877,0.938541,33067011,4
0,1181721889,1.066628,33068904,18
0,3433582483,0.977281,33072294,42
0,2263085017,0.971267,33073934,17
0,1704125557,1.094196,33074444,1
0,46876273,1.003899,33075639,11
0,2955274331,1.000488,33076148,1
0,3880029863,0.852959,33077999,20
0,1608712439,0.822059,33078999,8
0,2170578821,1.012616,33079710,4
0,3134791097,0.950945,33080370,3
0,3037605061,1.133647,33081226,6
0,1031112961,0.981270,33082782,16
0,414577847,1.008751,33084971,25
0,2371131673,0.889939,33087566,31
0,3645637153,0.827388,33088620,9
0,381564077,0.787475,33090031,14
0,114044141,1.094196,33093325,41
0,2832036617,0.973276,33094467,10
0,522545747,1.035974,33095459,8
0,2818194637,0.849517,33098843,42
0,3299488523,0.813701,33103047,52
0,2706932959,0.970764,33104930,20
0,8895919,1.062500,33106609,18
0,3898312151,0.919621,33109086,24
0,80180917,1.080726,33111146,23
0,4187254063,0.981270,33114525,21
0,1658337353,0.869402,33117145,29
0,3462434167,1.258176,33117659,1
0,2816275331,1.162987,33119019,13
0,1953242471,1.031723,33120018,8
0,3724421801,0.987223,33121652,17
0,2358408791,1.159624,33122164,1
0,1530875873,0.735538,33123304,10
0,1327253491,0.659219,33127470,53
0,3185870917,0.761629,33130856,42
0,3002823139,1.173020,33131652,5
0,682567583,1.073928,33133486,20
0,2453445413,0.932277,33135595,24
0,1902896123,0.963190,33136957,13
0,1188859751,0.942176,33138105,10
0,3047945051,1.199365,33141345,40
0,4044778109,0.884988,33141997,3
0,1885165367,1.006328,33142513,1
0,3197365817,0.980772,33143801,12
0,1254418397,1.001951,33146084,26
0,3792396953,0.760345,33146655,2
0,1462088293,0.827388,33147651,8
0,2270535401,0.970764,33148651,8
0,154620667,0.970764,33153344,61
0,1958821091,0.875558,33155106,19
0,2438742809,0.829745,33156581,15
0,1849722499,0.709175,33158335,19
0,1640962633,1.067086,33160161,20
0,126687479,0.984747,33164571,53
0,2617365911,1.012616,33165734,10
0,1747753837,0.987223,33167507,19
0,4237691443,0.751951,33169842,24
0,639362807,0.858096,33170515,3
0,2468454647,0.829745,33171941,14
0,2011930381,1.050019,33173094,10
0,750760873,1.075745,33173955,6
0,773570519,0.782499,33174752,5
0,3352561249,0.971267,33176513,19
0,3141269569,0.970764,33177171,3
0,3928259249,0.947859,33179287,24
0,4058340073,0.950945,33181555,26
0,2897137073,1.099538,33182694,10
0,2420833067,1.040677,33185298,31
0,3453354769,1.103085,33187756,29
0,2856658669,1.064795,33192315,59
0,726032653,0.820275,33193443,10
0,691542889,0.960652,33194646,11
0,3657412061,1.187500,33195311,3
0,897883351,0.725512,33198541,40
0,3781919321,1.070284,33200651,24
0,1483825099,0.854103,33201237,2
0,640184543,0.981767,33202230,8
0,1103527153,1.033142,33203712,15
0,3043263329,1.094196,33206383,32
0,1332219113,0.978779,33206896,1
0,620706403,0.877786,33208877,22
0,3577714769,0.925971,33211023,20
0,1007939291,1.068458,33211698,3
0,2506831991,0.823246,33212501,5
0,2145547853,0.827388,33215824,26
0,40691249,1.135799,33216545,2
0,554330939,0.756482,33221053,57
0,3225030923,0.927551,33222609,16
0,2637157681,0.760345,33223609,8
0,1666749761,0.903552,33224319,4
0,3343920773,0.883883,33226079,19
0,2141715533,1.032197,33228422,27
0,987226507,0.923330,33229491,9
0,1365196813,1.090173,33230906,14
0,75847853,0.944247,33231468,2
0,1926198817,1.064795,33233576,24
0,2410968913,1.056047,33236667,38
0,3259782457,0.745429,33237733,9
0,1080205783,0.817294,33239775,23
0,2598992059,0.855246,33242333,30
0,2522756189,0.918559,33243062,4
0,3548367773,0.783123,33246306,40
0,1789489211,1.035031,33246824,1
0,1494142921,1.098650,33248045,11
0,4137383303,1.043020,33250594,30
0,3780584173,1.019823,33256927,84
0,1473164921,1.044891,33257444,1
0,2424742811,1.314730,33260008,30
0,544722083,1.033615,33263484,43
0,690394723,0.939581,33264206,4
0,478492033,0.938021,33266874,32
0,3652452493,0.969254,33267958,6
0,1608476873,0.932277,33268755,5
0,671155349,1.202211,33269454,4
0,385451723,0.834439,33270800,13
0,1194369523,0.805862,33271735,7
0,4287121339,0.944247,33274934,37
0,3088571197,1.064795,33279579,60
0,2409847183,0.813101,33281084,13
0,2049568429,1.035031,33281769,3
0,3144176237,0.975280,33282491,4
0,1885611817,1.078012,33283844,13
0,361897793,1.188322,33285392,16
0,2826000061,0.813701,33286536,10
0,3063087877,0.969758,33289761,40
0,3754460207,0.852959,33290837,9
0,1236689453,1.009718,33292259,14
0,1366243939,0.844329,33292982,4
0,394921049,1.062959,33295014,23
0,3951055859,0.880563,33297290,26
0,3477260693,1.069828,33298085,5
0,2634398609,0.939581,33299083,8
0,1088471581,1.037387,33301610,30
0,2760577331,0.941657,33304754,39
0,378677237,0.793652,33307357,31
0,2823715253,0.793652,33307876,1
0,3146814871,0.969758,33308459,2
0,1348573987,0.851240,33309596,10
0,3398332219,1.035974,33312527,35
0,1841970259,1.099538,33314019,12
0,4189059899,0.827978,33314853,5
0,515796923,0.897588,33317902,22
0,2271720779,0.889391,33318896,5
0,1215348839,0.946313,33321078,25
0,2295279517,0.941657,33323337,26
0,143482133,0.910014,33324737,14
0,624952241,0.940101,33326485,19
0,3387921527,0.853531,33328126,17
0,3414821551,1.031723,33331221,38
0,4020112897,1.012616,33331799,2
0,3920575963,1.125868,33334001,25
0,70589929,1.108825,33334564,2
0,4117870381,0.773082,33336274,18
0,3972633887,1.095534,33339645,42
0,1040043089,0.947859,33340990,13
0,3727214459,0.913227,33343384,28
0,402897511,1.033615,33346265,35
0,927894481,1.058356,33347396,10
0,1715446529,0.853531,33349095,18
0,86972057,0.705032,33351692,31
0,1780411463,1.016466,33352542,4
0,4159745153,1.173436,33353975,14
0,560729353,1.125434,33358601,60
0,4119063209,1.194470,33361129,30
0,2292124699,1.040677,33362121,8
0,82695709,0.972272,33364312,25
0,1845210607,0.766103,33365048,4
0,456096107,0.716027,33365699,3
0,4242518831,0.836777,33366863,10
0,2504941447,0.911622,33369117,21
0,155170957,0.877786,33372010,35
0,2972455147,1.052341,33373081,9
0,49349981,0.848942,33377372,52
0,2577056063,1.000976,33379662,26
0,3611283439,1.032197,33382298,31
0,254344567,0.884436,33384059,19
0,2521526741,0.851240,33385475,14
0,3640225031,0.755837,33386140,3
0,216979151,1.086584,33390779,60
0,1306665457,0.853531,33391704,7
0,3559548059,0.880008,33395797,52
0,184614799,0.886090,33398484,32
0,1239531119,0.911086,33399071,2
0,4002510959,1.037387,33402439,42
0,632807569,0.908940,33405955,44
0,126007327,0.925971,33406522,2
0,2459470171,1.099538,33407811,12
0,2018330297,0.884436,33412300,58
0,2019240259,0.969758,33412949,3
0,66252827,1.043488,33413723,5
0,3447581363,0.992649,33415504,14
0,258194137,1.109265,33416249,4
0,776236861,0.879453,33417455,11
0,2292136519,1.079370,33421961,57
0,2441882783,0.897044,33426866,64
0,463375771,1.000488,33430364,44
0,1694052337,1.038798,33433452,38
0,3519601513,0.823246,33434798,13
0,2286816683,1.106621,33436428,17
0,1185661627,0.945797,33437233,5
0,2458967011,0.952484,33438787,16
0,706653967,0.860369,33440139,13
0,2815590263,0.889391,33441708,16
0,166038713,0.783746,33444092,28
0,2287046947,1.032197,33445288,11
0,611047433,1.002438,33446637,13
0,3304557749,1.033142,33448959,27
0,2407123507,0.873324,33452202,40
0,3139392527,0.904092,33456201,51
0,2999836253,0.941657,33457011,5
0,3212445637,0.880563,33457526,1
0,93639223,0.942176,33460959,43
0,2971930051,1.035503,33461672,4
0,1897636003,1.000976,33463574,21
0,2655068561,0.822653,33465951,28
0,2681968019,1.178419,33466749,5
0,2788686617,1.000488,33468514,19
0,3359187991,1.004871,33469025,1
0,2764424219,0.971267,33471132,24
0,1343385503,1.000976,33472141,8
0,397419901,1.002438,33474128,22
0,1691316971,0.873883,33475554,14
0,2276617261,0.925443,33476134,2
0,1526099563,0.981270,33477210,9
0,1067129071,1.078917,33478073,6
0,3049604203,0.946313,33480250,25
0,1841521573,0.782499,33481041,5
0,3658170199,0.947859,33482044,8
0,2391542009,1.064337,33483673,17
0,378733967,1.001951,33485156,15
0,1176272351,0.760345,33487691,30
0,1624039567,0.793652,33490230,30
0,4121992447,0.848942,33491176,7
0,2187284131,0.958107,33492243,9
0,3848695553,1.019344,33492962,4
0,690404569,0.947859,33494031,9
0,2395995559,1.035503,33494624,2
0,3498465013,0.950432,33495690,9
0,2564449801,0.883883,33497257,16
0,4262350387,1.039268,33497770,1
0,442041913,0.906789,33499796,23
0,1098372257,0.848942,33503460,46
0,1479163459,0.766103,33504037,2
0,1664953777,0.970764,33507837,48
0,3302334797,0.882225,33508763,7
0,3615672691,1.043020,33510180,14
0,25976207,0.937500,33511929,19
0,1414228433,0.940101,33515218,41
0,828611383,0.813701,33518173,32
0,425006789,0.940101,33520569,28
0,3557357893,1.132354,33528013,82
0,931985077,0.820275,33529432,12
0,1850508013,0.844329,33530990,16
0,2494847851,0.950432,33532614,17
0,605324549,0.949404,33533106,1
0,589362013,1.119343,33536123,37
0,2367480107,0.989199,33537619,15
0,2575141637,0.946313,33538339,4
0,6551011,0.971267,33543924,74
0,1020344473,1.073928,33544638,4
0,304411361,1.086584,55997952,18
0,3780413597,1.070284,55999163,7
0,2650034389,0.950432,56000592,14
0,3986954119,0.891036,56001521,7
0,1714532251,0.919621,56004431,35
0,3903250453,1.073928,56007237,34
0,1993378531,0.762910,56008032,5
0,2625642373,0.940620,56009633,13
0,3581157271,0.911622,56010447,5
0,2684478161,0.750651,56011728,12
0,3059325677,0.938541,56012666,7
0,4156326191,1.002438,56016359,44
0,2070660769,1.040677,56017444,9
0,2707207961,0.824432,56020533,38
0,3346028821,0.895409,56022100,16
0,4081257199,0.956066,56022828,4
0,3545378957,0.851240,56024167,13
0,2294272489,1.106621,56025454,12
0,3907522511,1.094196,56026740,12
0,2768065199,0.978779,56027743,8
0,247492051,0.915364,56030197,29
0,200287651,1.006328,56032526,27
0,3026556109,1.023646,56035267,33
0,2616079811,0.786234,56035994,4
0,1045331537,1.006328,56039024,37
0,2362342747,1.095534,56040947,21
0,1027418419,0.969758,56042920,22
0,2720483863,1.064795,56043652,4
0,3011870431,0.815499,56044520,6
0,915133399,1.064795,56046233,18
0,4009419719,0.993141,56048145,21
0,2026870627,0.846639,56051163,37
0,3302417903,0.766740,56052385,11
0,2740551367,0.915897,56053805,14
0,2778009757,0.836777,56058540,57
0,4128502687,0.735538,56060957,14
0,79268851,0.808886,56063440,26
0,4209404473,0.860369,56065785,27
0,1652700163,0.762910,56066922,10
0,2992897507,0.960652,56074694,105
0,3944525017,0.952997,56076181,15
0,940043113,0.942176,56078230,23
0,3167025671,1.104854,56078952,4
0,1277353117,0.814900,56080364,14
0,1727214481,0.913227,56082482,24
0,3409629313,0.939581,56084178,18
0,203013817,1.125868,56089211,66
0,3635069507,1.025552,56091272,23
0,1079235433,1.000976,56092062,5
0,816913831,1.073928,56092777,4
0,198561977,0.991172,56094261,15
0,1506292901,0.885539,56095052,5
0,451810267,1.136229,56096188,10
0,2384566057,0.723490,56100042,49
0,206572417,1.008267,56101152,10
0,2518902559,1.087033,56103278,24
0,3593183863,0.913227,56104418,10
0,1264480219,0.745429,56110632,82
0,2440344791,0.880563,56111639,8
0,116934343,1.226737,56115656,48
0,3192407753,0.866589,56118774,36
0,1091202971,0.880563,56119717,7
0,289646351,0.879453,56120219,1
0,3643075957,0.853531,56121707,15
0,1477352953,1.066170,56123339,17
0,2003905391,0.693159,56124275,7
0,3464209781,1.002438,56125767,15
0,889708717,1.000976,56126967,11
0,296912137,1.061581,56128442,15
0,1602970619,0.846062,56129388,7
0,1374345629,0.875558,56130335,7
0,1980493121,0.781250,56130845,1
0,696022937,0.863202,56131769,7
0,3826513843,0.727528,56133969,25
0,1935044017,0.877229,56135871,21
0,1326871181,1.008751,56136451,2
0,3009193141,0.930180,56139706,40
0,4254669667,0.751301,56143913,54
0,2869344739,0.923330,56145893,22
0,446891299,1.000000,56147302,14
0,1058578921,0.920152,56147805,1
0,3173371687,0.981767,56148740,7
0,2011716851,0.849517,56149399,3
0,4163415593,0.973777,56150893,15
0,1534565237,1.073928,56152320,14
0,1135224089,0.964709,56153726,14
0,455097659,1.033615,56158214,58
0,1549801021,0.787475,56162831,44
0,4113824353,0.958107,56164063,6
0,4225534121,1.009718,56165103,6
0,242793559,0.976781,56167079,22
0,3165135319,0.741488,56167936,6
0,62193721,0.849517,56168422,1
0,134775973,1.035974,56170091,18
0,1451886217,1.050483,56171296,11
0,1486972117,0.989199,56172010,4
0,791454071,0.994614,56175672,46
0,3066972739,0.994614,56178970,41
0,1074254789,0.954021,56181777,34
0,975963509,0.944764,56182906,10
0,2846901139,1.056047,56185290,28
0,3166432111,0.942176,56185815,1
0,2519896103,1.070284,56189314,44
0,1652019773,0.977281,56190038,4
0,2457932749,1.082983,56192145,24
0,3597912823,0.787475,56193153,8
0,2173744429,1.037387,56199102,79
0,1688091523,1.066628,56199686,2
0,3333196627,0.932277,56200825,10
0,3638065609,0.996086,56205386,59
0,1308238313,0.644993,56207162,19
0,1373282783,0.846639,56208510,13
0,2037139129,1.158360,56212153,46
0,3653769467,0.781875,56215753,41
0,4080591223,1.040677,56217414,17
0,2029918417,0.827388,56218481,9
0,2020706251,0.791187,56219133,3
0,2216206199,1.012616,56222527,40
0,2910520889,1.016466,56223629,9
0,1578782237,0.972774,56226501,35
0,279777739,0.941657,56228167,15
0,490500547,0.985738,56232937,62
0,3071327807,1.035974,56235693,33
0,599033557,0.986728,56236198,1
0,3014703217,1.097316,56239715,44
0,4163191861,0.941657,56240778,9
0,524853401,0.952484,56243652,35
0,3672236549,1.062959,56244654,8
0,1070050507,0.849517,56249023,56
0,3886103159,0.758416,56250596,16
0,2359460941,0.969254,56251238,3
0,1543280839,0.822059,56251831,2
0,3474506159,0.853531,56252830,8
0,2110122323,1.070284,56255167,27
0,1454124817,0.822653,56260842,75
0,1012169089,0.746083,56261886,5
0,1999730717,1.086134,56266142,38
0,335558819,0.817891,56267267,6
0,70211431,0.919621,56267843,2
0,4053637387,1.027930,56271079,40
0,3784738627,0.972774,56274170,38
0,2198476993,0.822653,56275369,11
0,2572697639,0.880563,56277060,18
0,545503181,0.858096,56279307,26
0,3839170499,0.876673,56281428,24
0,3499624207,0.987223,56282226,5
0,3049915147,0.940101,56283573,13
0,2141192597,1.095534,56284287,4
0,2010739561,0.938541,56284875,2
0,680150347,0.883883,56285660,5
0,2497043711,0.907327,56286605,7
0,4219851457,0.938541,56287186,2
0,3830738141,1.314359,56289895,21
0,1619532041,1.122393,56294364,56
0,90730597,0.730208,56299113,62
0,2857886443,1.015505,56301020,21
0,3460852037,1.007782,56301672,3
0,3369796363,1.128899,56308648,94
0,1215577981,0.977281,56309729,9
0,4052003911,0.766740,56310516,5
0,104048171,1.158360,56313104,31
0,1311546029,1.058356,56313824,4
0,3921219157,1.050483,56315172,13
0,1733014001,1.073928,56316047,6
0,1507945093,0.975280,56317251,11
0,31249909,1.038798,56320679,43
0,3594539477,0.705032,56324003,41
0,1289389237,1.160465,56324512,1
0,4186430293,0.849517,56327271,33
0,2291650073,0.952484,56328404,10
0,4223978771,1.205861,56330523,24
0,2853568603,1.067086,56342886,171
0,3771896839,0.987223,56344759,14
0,1872078431,0.987223,56346789,22
0,1773542801,1.070284,56351051,52
0,1337220571,0.796722,56353052,22
0,581838643,1.066628,56353768,4
0,3316446589,0.753248,56358049,55
0,4004428229,0.944247,56361083,37
0,3741090809,1.059739,56362650,16
0,2282581811,0.942694,56363776,5
0,136498183,1.039738,56369049,53
0,3195831893,0.761629,56378242,120
0,2334160277,0.989199,56378830,2
0,1700233021,0.940101,56380610,19
0,2342539229,0.879453,56381122,1
0,1714636579,0.808886,56382820,18
0,2799990937,1.024123,56387163,56
0,3631933423,0.792420,56388118,7
0,2342789773,0.968750,56390996,35
0,3309919799,0.981270,56391939,7
0,1263827507,1.010685,56392451,1
0,886612739,0.889391,56393518,9
0,2068523983,1.037387,56394739,11
0,4156336147,1.133217,56396164,14
0,476854487,0.846639,56397732,16
0,2760541207,0.973777,56399208,15
0,20308447,0.938541,56403698,58
0,4230514091,1.016466,56404841,10
0,2287117057,1.031250,56407650,34
0,981950681,0.748697,56408223,2
0,3513732881,1.021736,56409228,8
0,86501957,0.815499,56410907,18
0,3973608413,0.829745,56413232,27
0,1631398481,1.073928,56415210,22
0,3223016903,1.025076,56418433,40
0,1572742447,1.037387,56419513,9
0,3757586999,0.803435,56420173,3
0,4281029917,0.923330,56421046,3
0,953095831,1.048623,56421928,5
0,1717120357,0.970764,56424252,27
0,425507113,1.127168,56425609,13
0,4146803249,0.924387,56427910,24
0,335780813,0.882225,56429122,11
0,24628039,1.009718,56429626,1
0,850296353,1.070740,56430896,12
0,445029881,0.981270,56432661,19
0,2063881,0.894864,56433139,1
0,2636269213,1.071652,56436431,41
0,2720355103,0.822059,56437156,4
0,3066214603,0.915897,56440966,48
0,2185707413,0.969254,56443012,23
0,2994479431,0.756482,56444359,13
0,1480621321,0.921743,56446463,24
0,3904978279,0.970764,56447336,6
0,1367578033,0.750651,56451480,53
0,1584329837,0.851240,56454790,41
0,2776530019,0.854103,56456211,14
0,1528959233,0.789333,56459354,39
0,1613325019,0.942176,56461251,21
0,2248384321,0.788714,56463704,29
0,3713313691,1.104854,56464221,1
0,382528427,0.813101,56466351,20
0,2165534089,0.869402,56467014,3
0,320142863,1.004385,56471034,37
0,3646664911,0.911622,56472042,4
0,2756393111,1.099538,56472983,6
0,3768230611,0.879453,56473646,3
0,1127495137,1.097316,56476307,32
0,1476291871,0.947859,56476901,2
0,1688825587,0.766103,56478470,16
0,2609949161,0.975280,56479056,2
0,1391510713,0.978779,56480683,17
0,2933132129,1.106621,56481677,8
0,897402343,0.713295,56482824,10
0,2533771787,0.864332,56483329,1
0,281218319,1.071652,56484452,10
0,2095110653,0.849517,56490572,81
0,1743194741,0.756482,56494917,56
0,1917718199,0.985738,56497870,36
0,4159194863,0.945280,56502579,61
0,3982658497,0.902471,56503503,7
0,3012221,1.077106,56504963,15
0,2526343877,0.862070,56512472,101
0,3562639921,0.916963,56513961,15
0,2881420931,0.908940,56515676,18
0,2540519417,0.870524,56519492,48
0,111910339,0.970261,56520495,8
0,2632249657,0.981270,56521005,1
0,2036735513,0.977281,56523827,30
0,236198801,0.852959,56526856,37
0,992905057,0.932277,56529850,34
0,707787169,1.069828,56536004,82
0,1888628389,0.932801,56536587,2
0,2748520427,1.067086,56539849,40
0,898456561,0.687500,56541625,19
0,1605315739,0.846639,56542351,4
0,661540109,1.194470,56544891,30
0,4022188367,0.818488,56546116,11
0,2140109623,1.071652,56546988,6
0,3952649027,1.095980,56548054,9
0,292308097,0.915364,56551834,48
0,2883860893,0.910550,56552492,3
0,1786477513,1.063419,56553149,3
0,2080877833,0.919621,56555885,33
0,3595338697,1.100870,56557441,16
0,1473395591,0.944247,56558519,9
0,465969409,1.003899,56559366,6
0,3286353853,0.814900,56561343,22
0,3304723921,0.827978,56561918,2
0,3468614081,1.040677,56562987,9
0,1170954557,0.969254,56566585,45
0,1116082733,1.066628,56568618,18
0,833175527,0.862070,56569431,5
0,3352954639,1.003899,56572467,25
0,1855531549,0.967237,56574965,25
0,1554432673,0.946829,56576266,12
0,762791719,0.970764,56576782,1
0,3849730043,0.888841,56577859,9
0,3579119407,0.820275,56578509,3
0,2443070689,0.722139,56580822,27
0,3622050791,0.981767,56582040,11
0,1429079339,1.095980,56582547,1
0,1662892997,0.879453,56585095,30
0,1083648649,0.823246,56586021,7
0,4239201947,0.973777,56587933,21
0,3375405221,0.932801,56589550,17
0,648061399,1.019344,56592439,35
0,1980812849,1.138804,56593375,7
0,1737215537,0.927551,56595689,27
0,2941801463,0.921743,56596208,1
0,2840420369,0.669509,56598175,22
0,2179896661,0.915364,56603941,76
0,56626811,0.880008,56604990,9
0,2488939601,1.163827,56606333,13
0,1200176309,0.977281,56606844,1
0,1278604667,0.855246,56609035,25
0,210180409,1.125434,56616018,94
0,2659343839,1.019344,56617853,20
0,178289533,1.075745,56618572,4
0,2350075901,0.803435,56619225,3
0,2948595631,0.844907,56620801,16
0,1124001239,0.908940,56621391,2
0,2670804757,0.866589,56624160,28
0,4058304673,1.151171,56626376,25
0,3497639107,1.004385,56629453,35
0,2200130027,1.073018,56630051,2
0,940091149,0.971267,56632370,27
0,2617339169,1.068458,56634618,26
0,3101468837,0.970764,56635269,3
0,1518480179,1.062959,56635775,1
0,1009439947,0.851240,56636769,8
0,4110031811,0.939581,56637842,9
0,299460977,0.983258,56640041,25
0,1806618091,0.906789,56642168,24
0,2942968573,1.000488,56642760,2
0,4032468521,0.758416,56643472,4
0,1988213837,0.851240,56644653,10
0,262063939,0.939581,56645368,4
0,1208252231,1.002438,56651384,80
0,1743203219,0.938541,56651971,2
0,1922659867,1.099538,56652841,6
0,2814801961,0.969758,56655101,26
0,190469707,0.938541,56659497,57
0,3493154309,0.796722,56661404,21
0,3250669313,0.813101,56663370,22
0,2606034463,1.048157,56665360,22
0,1441455773,1.110145,56666092,4
0,252932513,1.142657,56667912,20
0,2186698081,0.849517,56669180,12
0,614742691,0.952484,56672953,43
0,44157593,0.987223,56676256,27
0,883791323,1.027930,56680914,57
0,2210146597,0.950432,56681772,6
0,284096003,0.701561,56688786,94
0,125627659,0.947859,56689845,9
0,322016887,0.834439,56690977,10
0,411065927,1.031250,56693779,34
0,2604016057,1.191605,56695121,13
0,983268271,0.971267,56696972,20
0,3374944493,0.816696,56697689,4
0,2429943071,0.791804,56698207,1
0,2809493663,0.946313,56702854,60
0,3090245437,0.804043,56704965,24
0,2000643143,1.040677,56708062,38
0,2897374097,0.947859,56714222,82
0,2829100877,0.700167,56715216,8
0,2996034647,1.222350,56716357,10
0,1452592681,0.870524,56717979,17
0,2384134751,0.827388,56718563,2
0,43077113,1.035031,56719195,3
0,1667691409,0.967237,56720541,13
0,3905144471,0.920152,56723781,40
0,3694716089,0.853531,56725619,20
0,1550533207,1.056047,56727087,9
0,1194310177,1.064337,56728201,9
0,4270710911,1.062500,56729208,8
0,3799218949,0.970764,56732358,36
0,2886651161,0.884988,56733091,4
0,627695389,0.911622,56735012,21
0,3978812699,0.848942,56737222,25
0,3778357369,0.963190,56743675,86
0,1650956851,1.052341,56744186,1
0,1628355389,1.043020,56747911,47
0,2828116117,1.040677,56749247,13
0,1608940043,0.956577,56752651,42
0,2464989581,0.824432,56754342,18
0,1933117621,0.969254,56755892,16
0,4272165031,0.908940,56758145,26
0,1859664137,0.919090,56758719,2
0,3163623059,0.864332,56763961,69
0,2254011239,1.035031,56768109,53
0,946557377,1.012133,56769413,12
0,247073249,0.851240,56770399,8
0,1623150773,0.994614,56773755,37
0,3128257591,0.946313,56774299,1
0,1163791777,0.784369,56774804,1
0,740577883,0.981270,56775592,5
0,2400526699,0.950945,56779131,27
0,463717523,1.278580,56780570,10
0,3483516233,1.097761,56781083,1
0,1227710521,0.784369,56782211,10
0,792778361,1.098205,56785218,37
0,1759144229,0.946829,56788594,42
0,322232567,1.189554,56789726,10
0,4238591411,0.849517,56791717,22
0,1557680231,1.000976,56793268,16
0,2919103441,0.858096,56795252,22
0,547697881,1.033615,56795759,1
0,808636769,0.970764,56798002,26
0,933754693,1.223947,56798794,5
0,967136321,0.758416,56800057,12
0,2715428351,0.997556,56805314,69
0,4191452039,0.760987,56806603,12
0,4195182683,1.110145,56808243,16
0,239117057,0.797334,56808971,4
0,947798827,1.055584,56813874,64
0,2630955001,0.849517,56816633,33
0,477965669,0.973777,56819863,40
0,2521391681,0.949404,56821980,24
0,281256247,1.191605,56823523,16
0,4262830619,0.958616,56826909,42
0,2355223127,0.880008,56830957,45
0,2011211317,0.958107,56832196,11
0,4251058663,0.993632,56834243,23
0,2662153421,1.039268,56836572,24
0,577626167,0.741488,56841407,63
0,2474798419,0.986728,56842409,8
0,2285991833,0.791804,56844880,29
0,740831401,1.007782,56846489,17
0,295530239,1.012133,56849018,30
0,3149435629,0.919621,56850089,9
0,1654554383,0.914830,56851163,9
0,1308368693,0.829745,56853988,34
0,85627151,0.981270,56855464,15
0,463044727,1.127168,56856462,8
0,3806182703,1.166760,56858321,20
0,2183893717,0.770552,56859802,15
0,1145089291,0.942694,56861561,19
0,619441183,1.004385,56863404,20
0,4164894199,1.035974,56863997,2
0,3100115479,0.977780,56867222,40
0,928786951,0.969758,56867799,2
0,2817849679,0.915364,56869016,11
0,605871137,0.822059,56873005,51
0,3407699069,0.864897,56875189,25
0,1528566157,0.938021,56877074,17
0,3363875521,0.916963,56878143,9
0,673745623,1.031250,56880216,9
0,564194713,0.783746,56881661,11
0,2247649297,1.191195,56882305,3
0,3902910659,0.771818,56883056,3
0,1716487879,0.813701,56886864,48
0,2665061107,0.842012,56888852,22
0,2697973981,0.753248,56889651,5
0,3670216399,0.972774,56890443,5
0,1365764353,1.228725,56892205,19
0,1017829339,0.915897,56895865,46
0,1184740409,0.981270,56898762,35
0,3003965177,1.102642,56900944,25
0,112637159,0.663649,56902013,9
0,3525570079,1.019823,56905896,49
0,743403179,0.914830,56906625,4
0,3597303379,1.025076,56907349,4
0,4017449599,0.880563,56915907,116
0,1296348503,0.760987,56918029,24
0,2577212083,1.073928,56921116,38
0,3038775581,0.971267,56922813,18
0,3382039369,1.039738,56925074,26
0,4185310471,0.977780,56926567,15
0,3523035773,0.834439,56927785,11
0,50233949,1.054196,56931206,43
0,275021867,1.000488,56931696,1
0,576514157,0.973777,56933122,11
0,3725218283,0.758416,56934203,9
0,3700690421,0.895409,56936103,21
0,1772218213,0.988706,56936826,4
0,2528410571,1.014061,56945127,110
0,3407220067,1.004871,56946214,9
0,140052197,0.939581,56948039,20
0,994048481,0.962683,56948759,4
0,1918526009,1.033142,56949683,7
0,3875519929,1.021736,56950561,6
0,616603873,1.062959,56951265,4
0,149939401,1.063419,56951771,1
0,633787981,1.009718,56953947,25
0,131989727,1.066170,56955087,10
0,3593142583,1.064795,56955672,2
0,3020060447,1.000976,56956809,10
0,298593307,0.916963,56957878,9
0,1401018323,0.911622,56960897,37
0,1490030291,1.056047,56961543,3
0,2830044671,0.822059,56963187,17
0,1904568971,0.916963,56964048,6
0,71589449,0.801000,56965595,16
0,408822989,0.849517,56968969,42
0,222711109,1.004385,56970860,21
0,3617300779,1.163407,56971444,2
0,2681502179,0.977780,56973852,28
0,3451548263,0.789333,56977224,42
0,1419014033,0.875558,56978482,7
0,2433858457,0.941657,56982780,41
0,3992246639,0.930180,56984017,7
0,1153787981,0.989199,56986067,23
0,1294715039,1.198143,56987205,10
0,2918806547,1.073928,56990152,36
0,325989241,0.895409,56991214,9
0,1260226021,0.938021,56993686,29
0,1761703841,1.017426,56995098,14
0,949314059,0.846062,56998046,36
0,2990249309,1.184618,57006456,114
0,3141272089,0.991172,57007313,6
0,1178846693,1.168432,57008663,13
0,270658307,0.950432,57009923,12
0,68840621,0.907327,57010488,2
0,1517032481,0.988706,57011267,5
0,1531973803,1.107503,57012888,17
0,3111450497,1.242949,57014325,14
0,449051917,1.055121,57015251,7
0,1567388357,1.227135,57016119,6
0,3920729951,0.880008,57017199,9
0,3832581811,1.142657,57019867,32
0,90255709,0.848367,57021750,21
0,711783019,0.824432,57024656,35
0,2549616541,0.969254,57027611,36
0,511282693,0.914296,57029234,17
0,2056226591,0.851240,57030313,9
0,3278616989,0.956577,57034250,46
0,3965596357,1.017906,57035825,16
0,1002003503,0.852386,57036479,3
0,1012352069,0.846639,57039864,40
0,3250217713,1.095980,57042417,30
0,131535247,0.919621,57042988,2
0,4170280267,0.938021,57047706,61
0,2392676411,0.892679,57048573,6
0,4166173751,0.958107,57050210,17
0,1394936033,0.971267,57050848,3
0,392856263,0.836193,57052748,21
0,3432638947,1.073928,57054869,24
0,293914549,0.854103,57059143,55
0,3988023397,0.883883,57060140,8
0,567019331,0.791804,57061340,11
0,711057799,0.973777,57062053,4
0,2255861297,0.956577,57062568,1
0,830296801,0.876115,57063076,1
0,508339697,0.848367,57063928,6
0,1570927181,0.752600,57066602,32
0,423120739,0.815499,57069051,29
0,1172770453,0.813701,57070888,20
0,57155323,0.906789,57072925,23
0,4139977967,0.854103,57073856,7
0,3214335493,0.987223,57075428,16
0,3542699483,1.037387,57076922,15
0,2380689089,0.858664,57079671,33
0,2224913833,1.016466,57081504,16
0,2902768103,0.801000,57083290,19
0,1474099883,0.832682,57086224,21
0,2146826179,0.811297,57087234,6
0,2961942617,0.880563,57090260,37
0,3165962399,0.851240,57095313,66
0,4032796993,0.910014,57095892,2
0,2485319147,0.925971,57099418,44
0,2726957747,0.814900,57100339,7
0,2002371353,0.789333,57102808,29
0,1329700079,1.017906,57104933,24
0,3200574001,0.768648,57105587,3
0,2333173691,0.784369,57107213,17
0,2957060791,0.786855,57108206,8
0,1609038791,1.152867,57108942,4
0,1316917009,0.989199,57110425,15
0,303696707,1.095534,57111484,9
0,2167086079,0.822653,57114081,31
0,3989260757,0.989199,57118082,51
0,1103222509,1.038798,57119010,7
0,387685687,1.098205,57119597,2
0,1017345859,0.827388,57120247,3
0,2020774243,0.950945,57122777,30
0,2105050733,1.040677,57124687,21
0,956032057,1.055584,57125266,2
0,94468103,0.858096,57125832,2
0,903905477,1.093303,57126470,3
0,3202721117,1.040677,57127135,3
0,2138993561,1.132786,57128976,20
0,42833867,0.920152,57130114,10
0,1250820629,0.791804,57133410,41
0,4205060003,1.088828,57133994,2
0,3458332987,0.796722,57139038,60
0,2293894331,1.131923,57143103,49
0,510715841,1.037387,57145027,21
0,892930889,0.946313,57145530,1
0,4141859203,0.913227,57146193,3
0,283849207,1.102642,57147619,14
0,1177315547,1.284675,57148407,5
0,480900467,0.939581,57149902,15
0,2314293491,1.062959,57150760,6
0,3902630791,0.866589,57151691,7
0,3324107653,0.921743,57157777,81
0,104855249,0.977281,57159818,23
0,475647223,0.971267,57160753,7
0,288739349,0.942176,57163417,32
0,1415953951,1.039268,57165252,20
0,2000066297,0.875558,57167451,25
0,1859302117,0.846639,57168459,8
0,877499417,1.012616,57169522,9
0,3891623741,1.062959,57170616,9
0,2431354907,0.895409,57171682,9
0,811685867,0.814900,57172191,1
0,1009417301,0.817891,57172769,2
0,382167677,0.942694,57174042,12
0,3456335401,0.813701,57175527,15
0,169849637,0.913227,57177991,29
0,572601763,0.940101,57179049,9
0,1149132181,1.055584,57184966,74
0,430824451,0.724838,57187295,13
0,3337187131,1.156672,57191688,53
0,1232424689,0.846639,57194227,30
0,1603934083,0.940101,57197323,38
0,214558451,1.094643,57198037,4
0,3633223471,1.088828,57199038,8
0,2322477439,1.129332,57200108,9
0,2436904181,0.920152,57201941,20
0,783829721,0.908403,57202447,1
0,4066659007,1.025552,57204786,27
0,3386197099,1.211114,57206269,15
0,569130577,0.858664,57207053,5
0,1935012389,0.976781,57208191,10
0,1268792339,1.068458,57209677,15
0,1317398941,0.782499,57212907,40
0,119402893,0.867152,57214729,20
0,2197365337,1.064795,57215929,11
0,799663003,0.696672,57216660,4
0,1649085467,1.074382,57219605,36
0,2808124819,1.290742,57220393,5
0,3441070013,0.960652,57221466,9
0,72708151,0.891036,57223850,28
0,1823981759,1.016466,57224582,4
0,3481820413,0.836777,57225246,3
0,727868429,0.773714,57230906,72
0,3062254231,0.895409,57232761,20
0,2825533619,1.128467,57233479,4
0,4217082901,0.994614,57233994,1
0,3987446839,1.074382,57235138,10
0,984336391,0.904092,57236276,10
0,2909416903,1.091963,57239935,42
0,1041889769,0.973276,57240466,1
0,3973456819,0.945797,57244064,45
0,1725140251,0.973777,57244790,3
0,388250399,0.895409,57245799,8
0,226412651,0.724164,57246936,10
0,1287420223,0.844329,57247523,2
0,3610910333,1.050483,57253548,80
0,934808843,0.938541,57257209,46
0,2650743049,0.796722,57258771,16
0,2712311003,1.012616,57260610,20
0,2589165647,0.988706,57261119,1
0,240564479,0.858096,57263505,28
0,2347239319,1.027930,57264293,5
0,1025576429,0.877786,57264941,3
0,174453163,0.970764,57266071,10
0,452803333,0.863202,57267901,20
0,1466701297,1.014061,57268480,2
0,4143683233,0.792420,57270179,18
0,3803883953,0.844907,57274464,55
0,1736006827,0.913227,57277227,33
0,2478506609,0.960652,57277805,2
0,2543554577,0.882225,57279002,11
0,791315149,1.074382,57281817,34
0,3348438221,0.942694,57282467,3
0,298064399,1.129332,57283182,4
0,3250576687,0.910014,57283919,4
0,1717838093,0.644993,57285589,13
0,2586412163,0.797334,57290874,54
0,1747994819,1.252342,57292173,10
0,1601516221,1.128899,57293622,14
0,2226096277,0.921213,57295107,15
0,2005037911,1.043020,57295628,1
0,1163516681,1.071652,57299331,47
0,264852113,0.950432,57300740,14
0,1688168101,1.225542,57302435,18
0,1396552061,0.893772,57304348,21
0,2656286543,0.967237,57305006,3
0,1635113209,0.938021,57306908,21
0,1499350163,0.906789,57307417,1
0,3195870589,1.197736,57308915,15
0,883323929,1.000976,57309695,5
0,619840847,0.766740,57310755,9
0,2745048037,0.875558,57311624,6
0,271987537,0.981767,57315688,52
0,3133370003,1.073928,57316272,2
0,2506306013,0.916963,57318947,32
0,2679068141,0.817891,57319746,5
0,3669615023,0.975280,57322292,30
0,4182796771,0.919621,57323090,5
0,1180787497,1.009235,57325128,23
0,1857049199,0.812500,57325780,3
0,2385173863,0.906250,57327760,22
0,2289673993,1.086584,57328616,6
0,734463959,0.903011,57329622,8
0,4137762241,1.233089,57330627,8
0,1217280553,0.916963,57332884,26
0,3782987843,1.173436,57335008,24
0,1091418761,0.985738,57336415,14
0,2005672301,0.844329,57339033,31
0,44893369,0.999023,57345221,75
0,671948311,0.805862,57346252,8
0,163091087,0.928078,57350246,51
0,2232293111,0.994614,57352084,20
0,3556014109,0.983258,57353014,7
0,327679169,1.102642,57354285,12
0,2090248663,0.858096,57354871,2
0,3513669629,1.064795,57357903,37
0,2108381651,0.891036,57359680,19
0,2197562489,0.981767,57363259,45
0,679684669,0.978779,57364534,12
0,2148060311,1.068458,57366024,15
0,2610753809,0.724838,57367682,17
0,2594124041,1.024123,57369238,16
0,1684210601,0.750651,57375344,81
0,613947563,0.914830,57377520,25
0,34803493,1.085235,57378286,5
0,1412096303,1.001951,57380754,29
0,2532160669,1.033142,57385403,60
0,2445553109,1.039268,57387307,21
0,3518191097,1.043488,57388506,6
0,1894803067,0.923859,57391855,29
0,1646746613,0.975280,57393416,12
0,1218079211,0.718750,57394635,11
0,2701009217,0.944247,57397026,28
0,1944447217,0.989199,57399786,33
0,952142627,0.956577,57401538,19
0,504584671,1.264371,57402334,5
0,2760829843,1.064337,57404316,22
0,2282022713,1.033142,57406911,31
0,2646959999,0.688919,57408669,18
0,3788801669,0.889391,57409175,1
0,2381962703,0.797334,57412631,43
0,12579377,0.988706,57413676,9
0,1662366383,1.290742,57414752,9
0,278911343,0.822059,57416241,15
0,3839229551,0.787475,57418654,28
0,1379058763,0.942694,57419652,8
0,2297125771,1.008751,57422047,28
0,4181469427,0.818488,57425409,42
0,1168411067,1.163407,57429205,48
0,791004413,0.936979,57430343,10
0,395379427,0.983258,57431685,13
0,1259457281,1.163407,57434997,41
0,3677929909,0.878342,57439769,62
0,1332747541,0.971267,57440903,10
0,4293275699,1.101313,57447118,76
0,2883816241,0.877229,57450345,37
0,1437327413,1.038798,57453452,38
0,437551207,0.969254,57455483,23
0,1779046571,1.000976,57456126,3
0,2701574347,0.906250,57457464,13
0,2286022483,0.976781,57458326,6
0,2274816317,0.827978,57461356,37
0,2658358333,0.977281,57462912,16
0,2471799731,0.973777,57463572,3
0,3121213387,1.004385,57466531,36
0,1063175471,1.054196,57467616,9
0,4083559489,0.781875,57468625,8
0,413055581,0.907327,57471319,32
0,2716288273,0.803435,57472934,17
0,1342850513,0.915364,57473848,7
0,1767919409,0.908403,57474864,8
0,2904860807,0.786855,57477533,32
0,2041098091,0.855246,57478056,1
0,1423326283,0.781250,57478574,1
0,673748681,1.073928,57480272,18
0,994573103,0.954021,57481138,6
0,3136016479,1.039268,57482777,17
0,1334444593,0.880563,57485754,36
0,2150766623,1.008267,57487528,19
0,3978220471,0.911622,57488840,12
0,3146000021,1.002438,57489634,5
0,2777874109,0.862070,57491348,15
0,2566881283,0.961668,57492797,14
0,2099686483,0.988706,57494992,12
0,197690791,0.974780,57498446,41
0,2190207493,1.012133,57499385,7
0,331702687,1.043488,57500870,15
0,2600810057,0.913227,57501375,1
0,1639530097,0.893772,57501884,1
0,373661719,1.082983,57503424,16
0,4085024407,0.841432,57505545,24
0,4097087053,1.098205,57507383,20
0,4169333891,1.059739,57508173,5
0,3786842989,0.775605,57508903,4
0,36609967,0.751951,57510724,20
0,1150925557,1.043020,57511862,10
0,2366664563,0.863202,57515027,39
0,1263674443,0.781875,57516520,15
0,3117064879,0.963190,57517314,5
0,2826580111,0.968750,57519143,20
0,1687645181,0.877229,57520779,17
0,3444113269,1.168015,57521922,10
0,1400631487,1.069371,57524606,32
0,2103085643,0.784369,57525751,10
0,3435979273,1.000488,57527999,26
0,4060154429,1.010685,57528924,7
0,677692021,0.944247,57529494,2
0,2910318253,0.949404,57530373,6
0,3791050147,1.169268,57531307,7
0,3214347529,0.882225,57532719,14
0,188675783,0.908940,57533583,6
0,331932967,0.789333,57535207,17
0,1985914169,0.699470,57536344,10
0,2508058123,1.220752,57537564,11
0,812065433,0.977780,57538132,2
0,2061466543,0.836193,57538730,2
0,643291127,0.877786,57542672,50
0,4285205437,1.173436,57543818,10
0,778254629,1.080726,57545300,9
0,85708439,0.862070,57548226,35
0,2984824613,0.906789,57553597,68
0,1784614021,0.938021,57555027,14
0,3250980367,0.858664,57555955,7
0,4058076733,1.031723,57556613,3
0,816223999,1.000488,57559520,35
0,3308523083,0.978779,57560164,3
0,1220775161,0.956577,57562018,20
0,3803738969,0.940101,57566358,56
0,1565060831,0.815499,57569945,45
0,1379497883,0.955044,57570948,8
0,2211099491,0.971267,57574388,43
0,2146152527,1.009718,57574978,2
0,2899158469,0.925443,57576115,10
0,3153060037,0.852959,57577193,9
0,687028207,0.920152,57578277,9
0,2425822831,0.971267,57580681,28
0,1732114151,1.010685,57583450,33
0,3968567017,0.969758,57584678,11
0,79699153,1.039268,57585797,10
0,3479978807,1.080726,57586729,7
0,3047245007,0.947859,57587240,1
0,2163586823,0.969254,57591866,60
0,152306663,1.070284,57595423,40
0,2787619127,0.942694,57598623,28
0,2395872889,1.043020,57600099,12
0,2374840669,0.968750,57601125,8
0,1697747647,0.897044,57604006,35
0,2462438669,0.848367,57608592,59
0,3684142073,1.003899,57609874,12
0,550008253,1.004385,57612402,30
0,3095799691,0.761629,57614725,27
0,2144246813,1.070284,57616452,18
0,975353311,0.964203,57616972,1
0,1799886871,0.946313,57618734,19
0,2942534381,0.964203,57619805,9
0,2051877041,0.842012,57621283,15
0,1713632561,1.086584,57624930,46
0,941967101,1.002438,57627561,31
0,1795374533,0.984747,57630728,39
0,827758163,1.095980,57631659,7
0,3750078509,1.009718,57632310,3
0,3311907719,0.942694,57633381,9
0,312694661,0.963190,57634023,3
0,1130031587,1.064795,57640731,90
0,3813767291,1.055584,57644321,45
0,2271949373,0.832682,57645250,7
0,3732518299,0.745429,57646126,6
0,3124072999,0.813101,57648242,24
0,95549381,0.953509,57652956,58
0,2521566959,0.930180,57654392,14
0,1776587863,0.862070,57655662,9
0,2776723097,0.911622,57657660,22
0,2283856243,0.846062,57659092,14
0,3071303933,0.827388,57661497,28
0,2083619387,1.017906,57663331,20
0,1161851419,1.082983,57663904,2
0,3763226939,1.039268,57667014,38
0,2208602293,1.035974,57671280,55
0,2581650047,1.110145,57672908,17
0,1298370163,1.000976,57673420,1
0,349824217,0.899761,57675814,28
0,2873244713,0.991172,57678057,26
0,3795887441,1.104854,57680728,32
0,3408682481,1.062959,57681802,9
0,1109291317,0.813701,57682516,4
0,1111957787,0.932277,57685451,36
0,4268662367,1.101313,57688136,32
0,3511111033,0.968750,57688994,6
0,4177161071,0.950432,57690836,20
0,3159282961,1.032197,57691690,6
0,2927939603,0.942694,57695917,50
0,462755441,0.846062,57696517,2
0,2323383017,0.963190,57697449,7
0,561417011,0.949404,57698518,9
0,553315927,1.078012,57699111,2
0,4264890041,1.058356,57700043,7
0,180728981,0.688210,57701669,17
0,455877979,0.895409,57702527,6
0,1675578109,0.833854,57708205,75
0,2638245721,0.768648,57713194,53
0,3446767993,1.021736,57715005,15
0,3547187101,1.031723,57717189,23
0,86873467,1.135799,57719232,23
0,233098909,0.944247,57720926,18
0,422040917,0.694566,57722334,14
0,2885088257,0.975280,57722845,1
0,3542512009,0.915364,57723697,6
0,2249582161,0.945280,57724201,1
0,558105263,0.910550,57729638,71
0,2220165503,1.043020,57732529,35
0,2645704063,0.977281,57734734,25
0,3554269153,1.086584,57736223,15
0,566170427,0.970261,57738263,23
0,342883969,0.910550,57741646,42
0,3390952907,0.859801,57742655,8
0,3170052791,0.852959,57743312,3
0,1097205497,0.910550,57744233,7
0,1908174337,1.032197,57745436,11
0,1174980413,0.784369,57746158,4
0,3396675119,0.882225,57751490,70
0,274522093,0.877786,57752497,8
0,3183744007,0.920152,57753004,1
0,2880435541,0.730208,57756588,45
0,2037652447,1.106621,57758646,23
0,3606715787,0.918559,57759371,4
0,2194570991,1.068458,57766700,93
0,1805158237,0.988706,57767377,3
0,1395759719,0.860369,57770959,45
0,425255917,1.075745,57771813,3
0,1826313487,0.952484,57772551,4
0,3357102899,0.972272,57773344,5
0,571184423,1.078012,57774899,16
0,1947673073,0.919621,57775621,4
0,1725832613,0.815499,57777177,16
0,3905093167,1.000976,57779108,21
0,2534787061,1.086584,57780604,15
0,831040099,0.791804,57781385,5
0,207225497,0.880563,57782156,5
0,2197694677,0.877786,57783223,9
0,3055481449,0.852959,57783946,4
0,201913891,1.004385,57784996,9
0,977781643,1.074382,57786893,21
0,3706847149,1.063419,57788464,16
0,2223972109,0.907327,57790525,23
0,1974695963,0.907327,57796850,84
0,342743117,1.238620,57799166,24
0,4093707061,1.032197,57801370,12
0,1992728741,0.944247,57803327,18
0,343220153,1.144365,57804064,4
0,331116029,0.938021,57804995,7
0,3535429067,0.833854,57806137,10
0,2469014027,0.970764,57807266,10
0,74081107,0.741488,57808366,8
0,3553346227,0.835024,57810508,24
0,369766513,0.964709,57811348,6
0,453144161,0.762910,57816809,72
0,2421010019,0.855246,57817736,7
0,2231757763,1.024123,57819798,23
0,1309550351,1.062500,57820516,4
0,431839433,0.701561,57821990,15
0,3596344541,0.962683,57825369,42
0,656665483,1.152867,57828741,42
0,3761430503,0.880563,57830603,20
0,824015011,0.938021,57832577,22
0,1265242843,0.919621,57833783,11
0,438272917,1.000976,57837564,48
0,2815488131,0.693159,57838711,10
0,491981233,0.914830,57840678,22
0,842323171,1.000976,57842595,21
0,1649639819,1.019823,57844433,20
0,4049663621,0.597848,57846423,22
0,3544452617,0.913227,57848330,21
0,465823849,0.668779,57849251,7
0,2175374627,0.910550,57849902,3
0,555002873,0.997556,57852129,21
0,2738888381,0.757128,57853011,6
0,1204754119,0.839108,57854986,22
0,199506523,1.013098,57855907,7
0,2393408389,1.159624,57858647,30
0,4000451041,0.969254,57859171,1
0,1813590343,0.906789,57861567,28
0,1313912869,1.035503,57863043,15
0,4165072871,0.932277,57864694,17
0,4197022057,0.913227,57866318,17
0,432751379,0.866589,57866959,3
0,2167952249,1.048157,57873749,91
0,236728577,0.906789,57874378,3
0,3095851723,0.938541,57877462,38
0,43178867,0.906250,57878738,12
0,2661199439,0.973276,57882740,51
0,242508923,0.789333,57883668,7
0,2598405109,0.950945,57885598,21
0,3085823537,0.843750,57887092,15
0,1020571597,0.986728,57888020,7
0,2641851137,0.939581,57892312,55
0,3506292767,0.849517,57892896,2
0,2519705351,0.938021,57894190,12
0,3090694757,0.899761,57894835,3
0,1375447631,0.796722,57897026,25
0,128634073,0.919621,57898159,10
0,1761777287,0.844329,57898871,4
0,2624312497,1.157094,57900226,9
0,2524653953,0.938541,57900833,2
0,1656783599,1.031723,57905755,47
0,1642380283,1.012133,57909874,49
0,2782301597,0.980772,57911647,19
0,2972175541,1.043020,57912229,2
0,3862868479,0.920152,57914141,21
0,820478383,1.110145,57914858,4
0,3935694857,0.933847,57916062,11
0,2945511293,0.923330,57917562,15
0,3537513541,1.055584,57918562,8
0,3427932379,0.897588,57922228,46
0,2106111089,0.978280,57922738,1
0,1662398321,0.869402,57923873,10
0,521199253,1.010685,57925350,15
0,886119821,1.102642,57927523,25
0,4148571227,0.940101,57930897,42
0,3998888303,0.977780,57932965,23
0,3986732261,1.129332,57934970,22
0,50298233,0.842012,57936170,11
0,1885640431,0.818488,57937940,19
0,3948522679,1.099094,57941314,42
0,3541131401,1.173020,57947374,81
0,3714630863,0.758416,57948444,9
0,2905924471,0.934370,57956681,107
0,938128753,0.971267,57957487,5
0,2985055427,0.930180,57960117,29
0,3613515553,1.044891,57962037,21
0,3898734107,0.937500,57963246,11
0,340184233,1.033142,57963956,4
0,408294637,1.073928,57965236,12
0,3691833623,0.884988,57965754,1
0,725903083,0.938021,57966264,1
0,2956708193,0.940101,57973623,99
0,3142062289,1.004385,57974748,10
0,3682675289,1.006328,57975757,8
0,4097241061,1.035031,57976694,7
0,1375813249,0.888841,57977819,10
0,2053968439,1.070284,57978686,6
0,1658091727,0.916963,57979711,8
0,3275286437,1.161727,57980434,4
0,3070017991,0.971267,57982348,21
0,3190038017,0.883883,57983623,12
0,2184041819,0.906250,57984204,2
0,3864303161,0.858096,57986239,23
0,1840814191,1.094196,57988580,27
0,2446166627,0.883883,57989715,10
0,820432643,0.823246,57990708,8
0,1713875309,1.107944,57993244,30
0,2636052877,0.841432,57996078,34
0,3733002079,1.062959,58001344,69
0,2242424869,0.876115,58002689,9
0,1475626937,0.872205,58003430,4
0,436194763,0.963190,58004162,4
0,1955449231,1.019823,58004683,1
0,413466349,1.222750,58009077,43
0,602835223,0.942694,58011574,27
0,4265433541,0.884436,58014803,40
0,2870620223,0.977281,58015313,1
0,1697623771,0.805862,58016873,16
0,879420943,1.052341,58017529,3
0,3086452141,0.947859,58018821,12
0,3619083203,0.884988,58019972,10
0,430537999,0.858096,58023259,41
0,1984813333,0.958616,58024620,13
0,2180943137,0.883883,58026672,23
0,1234365233,1.005357,58028646,22
0,3332363087,1.002438,58030991,27
0,1755296863,0.891036,58034294,41
0,3349035269,0.813701,58035083,5
0,3977113489,1.128467,58035737,3
0,2093051791,0.846062,58037296,16
0,2393755943,0.808886,58041297,51
0,2183599703,0.938541,58042012,4
0,3855087031,0.898132,58042959,7
0,2805394811,0.932277,58043626,3
0,902685389,0.993632,58044767,10
0,1245522049,1.035974,58045683,7
0,2267001823,0.938021,58046835,10
0,313428809,0.906789,58047543,4
0,1056769823,0.950432,58049108,16
0,2188356683,0.928078,58049898,5
0,2217825139,0.823246,58051378,15
0,1470942853,0.831508,58052596,11
0,2219713981,0.894864,58054354,19
0,447204119,0.908403,58056192,20
0,4288092749,0.969254,58060209,48
0,1576780463,0.824432,58070082,132
0,818224177,0.942176,58071310,11
0,3975134921,0.911622,58072524,11
0,2802200281,0.789333,58073248,4
0,1150365017,1.073928,58073966,4
0,3418168409,1.000488,58074826,6
0,853040723,0.880008,58077989,39
0,2992095833,0.877229,58078496,1
0,1120704679,1.158360,58079003,1
0,1230362797,0.921743,58080418,14
0,3120374623,0.858664,58081854,14
0,397613483,1.040677,58082711,6
0,1922060993,0.899761,58084885,25
0,3016762043,0.988706,58085611,4
0,234472669,1.004871,58086611,8
0,3874169443,0.817891,58089357,33
0,697372051,0.981270,58090136,5
0,148751699,0.823246,58091475,13
0,2156303111,1.040677,58093441,22
0,3135541921,1.017906,58095901,29
0,2975928517,0.897044,58097445,16
0,1597517023,0.815499,58098177,4
0,2632867441,1.008267,58102523,56
0,371189089,1.004871,58103174,3
0,4067708837,0.725512,58106149,32
0,4043904031,0.753248,58107101,7
0,3903149539,0.993141,58108450,1
0,2579578511,0.950945,58111085,27
0,3899341669,0.849517,58112174,9
0,1652695853,0.841432,58114564,28
0,3047767057,0.751301,58118422,49
0,3799100359,0.884436,58119006,2
0,505226591,0.955044,58119793,5
0,3473356379,0.946313,58121506,18
0,2966269171,0.885539,58125601,52
0,1067150137,0.724838,58126464,6
0,2299030859,0.918559,58128746,26
0,3822929129,0.907327,58135545,91
0,1580103587,1.197736,58138016,29
0,2885127913,0.751301,58145790,105
0,1302934837,1.137517,58146300,1
0,1830053747,1.075745,58147786,15
0,4017999031,0.975280,58148596,5
0,1209789499,1.168432,58149743,10
0,2804670443,1.102642,58151100,13
0,1653826907,0.832682,58153435,27
0,691932641,0.727528,58154917,15
0,581582299,0.986728,58156617,18
0,2273637253,0.964709,58159610,30
0,3449747233,1.062959,58167104,97
0,2076679519,0.927551,58169184,23
0,2161988027,0.945797,58176964,105
0,3752047199,0.882225,58177974,8
0,1267917631,1.024123,58179949,22
0,453617261,1.095980,58182690,33
0,3025702529,0.813701,58184662,22
0,1436484601,0.858664,58188044,42
0,2768965543,1.132354,58188763,4
0,2573816549,0.852959,58190107,13
0,120960017,0.958107,58191588,15
0,3436852249,1.008751,58192373,5
0,1416189053,1.035974,58192884,1
0,2518898581,1.000488,58194714,20
0,2972112139,0.972774,58195223,1
0,2636769587,0.960652,58196432,11
0,3689270677,1.037387,58197445,8
0,4198834399,0.851240,58199305,20
0,2691155213,0.889391,58201002,18
0,1752329021,0.858096,58202563,16
0,384432821,0.808886,58205184,31
0,2523768431,1.052341,58207494,22
0,4260734053,0.867152,58211877,41
0,2197037123,1.043020,58212560,1
0,4289913737,0.869402,58213078,1
0,1953849323,1.063419,58213816,4
0,2224664359,0.897044,58216157,27
0,3863499149,1.068458,58218332,25
0,200875799,1.171354,58219466,10
0,114151733,1.039268,58220813,13
0,2031825563,1.014061,58221691,6
0,2237038057,0.899761,58222907,11
0,2388512057,1.095980,58224740,20
0,50177783,0.722139,58227770,35
0,1604970007,0.768648,58229854,23
0,2765794331,1.073928,58230366,1
0,3260664221,0.969254,58232197,20
0,1261961219,0.846639,58233671,15
0,3044819149,0.836193,58236965,41
0,712929089,1.147773,58237619,3
0,703543223,0.921743,58241751,53
0,3814656413,0.740170,58243244,15
0,2011769993,1.039268,58244393,10
0,2069325749,1.007782,58245899,15
0,3750213811,0.715345,58246973,9
0,3306078781,0.955044,58247481,1
0,1694036609,1.193243,58248543,9
0,4170838109,0.988706,58251731,39
0,2131526279,0.791187,58254046,27
0,371161369,0.939581,58256499,29
0,2221779899,1.044891,58257576,9
0,1847739913,0.894864,58258494,7
0,1466162323,0.946829,58259148,3
0,2632453081,1.163827,58260983,20
0,2357892521,1.008267,58262831,16
0,2890588243,0.791804,58264205,13
0,3153312683,0.906789,58264801,2
0,1471313377,1.146496,58268047,37
0,4211140097,0.844329,58270243,25
0,3610321711,1.102642,58271178,7
0,549279781,0.829745,58271757,2
0,803823667,1.105296,58272760,8
0,3421787783,0.910550,58274884,24
0,413553727,0.939581,58277899,37
0,3561130123,0.915364,58279722,20
0,2724118079,0.906789,58284847,67
0,916943917,1.052341,58285710,6
0,3384866267,1.062959,58286226,1
0,913942609,1.031723,58287572,13
0,1565407453,0.940620,58289128,16
0,3751899761,1.128899,58289649,1
0,2972967163,0.950945,58290589,7
0,2582258123,1.062500,58291099,1
0,1189479839,0.883883,58291752,3
0,629084627,0.875000,58294569,34
0,3214263583,0.844329,58296562,22
0,1787924197,1.032669,58300438,49
0,665925301,1.074382,58301658,11
0,2391707011,0.784369,58303232,16
0,2590553311,0.659960,58307721,58
0,3718531633,1.035974,58314876,77
0,23738063,1.040677,58316226,9
0,595041253,1.178005,58316956,4
0,1983763469,0.969254,58320333,42
0,4207095187,0.897044,58321264,7
0,3666701243,0.851240,58322066,5
0,2056479097,0.903552,58324729,32
0,4289106187,1.067086,58327767,37
0,4087486771,0.843750,58328764,8
0,86627809,0.978779,58329896,10
0,2832212909,1.004385,58332563,32
0,4139756737,0.942176,58335519,36
0,3591583109,0.844329,58337138,17
0,676783829,0.793652,58338896,19
0,2488907761,1.079370,58341017,24
0,85990897,1.032197,58342412,14
0,2372170153,0.817891,58344726,27
0,1857377801,1.094196,58348941,54
0,4117099031,0.908940,58349673,4
0,3140163031,1.070740,58351439,19
0,1402238137,0.756482,58353588,24
0,3666370793,0.954021,58355348,19
0,3657630919,0.937500,58359342,51
0,4133934619,0.940101,58362391,37
0,501064121,0.958107,58362899,1
0,341780221,1.008267,58366288,38
0,2556532513,1.033615,58369764,41
0,1382005553,1.156672,58371197,14
0,66541403,0.877786,58372447,9
0,2688426893,1.035974,58374587,24
0,3513318763,1.035031,58378271,46
0,4127665291,0.846639,58381314,37
0,502222769,0.958107,58384265,36
0,1174393567,0.815499,58384793,1
0,4091945623,0.907327,58387112,27
0,1478430341,1.009718,58390070,36
0,103889983,0.972272,58392744,32
0,2457109969,0.995105,58395629,35
0,3324227899,1.004385,58397607,22
0,1896420451,1.166760,58401549,50
0,583454987,1.001951,58403391,20
0,1432849877,0.761629,58404893,15
0,2715860243,0.963190,58406685,19
0,1027588819,0.930180,58407408,4
0,2895284437,0.877786,58408263,6
0,1269455087,0.824432,58410177,21
0,906844307,0.827978,58411183,8
0,2874284167,0.987223,58413022,16
0,328924597,0.802219,58420494,84
0,2517036721,0.963190,58421971,12
0,1215897157,1.069828,58424098,24
0,2310360319,1.095980,58426220,24
0,1797004589,0.852386,58428613,28
0,3170867789,0.975280,58431229,31
0,843745577,0.939581,58433754,30
0,723131561,1.035503,58434255,1
0,3250070827,1.058356,58435255,8
0,236979409,0.851240,58436237,8
0,1028391667,0.935936,58438278,23
0,1780921561,0.962175,58438789,1
0,1005020507,0.895409,58441616,34
0,1778398931,1.158360,58442888,12
0,144378151,0.977780,58444654,19
0,117940819,0.846639,58446190,16
0,3773619139,0.873883,58446776,2
0,1891477061,0.955044,58449662,35
0,2563374703,0.844907,58451997,27
0,984783719,0.727528,58452934,7
0,2557337689,0.940620,58455540,31
0,2022155129,0.950945,58456760,11
0,2623645553,0.906789,58458456,18
0,1029518123,1.229520,58461487,37
0,2272350083,0.877786,58462493,8
0,1789536733,0.891584,58465033,30
0,2997841757,0.960652,58466320,12
0,1669417327,0.932801,58468650,27
0,2119130297,0.921743,58472136,41
0,85857511,1.144365,58472991,6
0,3152449831,1.197736,58474470,12
0,2070137389,1.063419,58475416,7
0,4122137791,1.006328,58481856,86
0,1988115869,0.789333,58485248,42
0,2501073469,1.012616,58487017,19
0,258082547,1.064337,58487665,3
0,718897463,0.841432,58488309,3
0,3803035559,1.037387,58489738,14
0,2449299383,0.945797,58491872,24
0,1039960787,0.897044,58496244,56
0,2677810871,0.760345,58498798,30
0,1708251199,0.911622,58500355,16
0,2270215999,1.068458,58502762,28
0,2493241637,0.913227,58504611,20
0,572877443,0.942176,58506857,26
0,2584009511,0.973777,58507784,7
0,2425173577,0.751301,58508495,4
0,414315281,0.895409,58510521,23
0,3472984579,0.991172,58511379,6
0,3884562629,0.969254,58513282,21
0,3922094791,0.705724,58514845,12
0,4113978013,0.970261,58517118,26
0,1389533527,0.725512,58518870,5
0,272993221,0.877229,58521236,27
0,1303180471,1.107944,58522940,18
0,1715861627,0.950945,58525771,34
0,711093947,0.662176,58527811,23
0,3620337299,0.853531,58529094,12
0,3144596171,0.940101,58529900,5
0,2582184989,0.844907,58530893,8
0,1164950659,0.875558,58533146,26
0,4176108161,0.778746,58535321,25
0,4268649367,0.947859,58539972,60
0,2429437327,1.079370,58547378,100
0,510681077,0.811297,58550683,41
0,1772111317,0.736201,58551189,1
0,2975465509,0.946313,58555121,50
0,1883221363,0.766103,58557620,29
0,4222184767,1.158360,58560836,39
0,1407472873,1.043020,58566917,80
0,2872851343,1.073928,58569884,32
0,4124164027,0.894864,58571127,11
0,1987982729,0.889391,58572758,17
0,582187553,1.191605,58573262,1
0,1244351239,1.019344,58574035,2
0,1905578707,0.853531,58575540,15
0,3036968749,0.882225,58576894,13
0,2762147299,0.930180,58578530,17
0,2607349187,0.942176,58581848,41
0,3080952229,0.784369,58582502,3
0,1011926141,0.962683,58587681,68
0,2827828799,0.814900,58589731,23
0,1208392567,0.834439,58591003,12
0,3420006199,0.946313,58592214,11
0,1956384043,0.938541,58594054,20
0,3103084601,0.889391,58595118,9
0,1729928797,0.766740,58597230,24
0,1521707437,0.906789,58598803,16
0,3399509381,0.969254,58599306,1
0,1038688909,0.876115,58600370,9
0,4237700689,1.004871,58601020,3
0,2677226771,1.035974,58601535,1
0,3966431893,0.771818,58602630,9
0,1596378857,0.822059,58606633,51
0,2114881567,0.981767,58607699,9
0,2287853369,0.888841,58613523,77
0,1586742019,1.019823,58619147,70
0,750739903,1.098205,58621842,16
0,1673216063,0.958107,58629582,102
0,872186873,0.959126,58630441,6
0,2513413369,0.806468,58633534,38
0,3656058547,0.993632,58634476,7
0,947837837,0.956066,58635206,4
0,1361776357,0.930180,58640319,67
0,155272823,0.932801,58642977,32
0,490082581,0.799169,58644113,9
0,4209753497,1.091963,58644642,1
0,4220577629,0.796109,58645368,4
0,1775351861,1.086584,58646655,12
0,1967739751,1.061581,58652383,76
0,3028539461,1.079370,58653168,5
0,92433949,1.116723,58656519,42
0,2813715131,0.640434,58657679,10
0,1405629301,0.604346,58663155,72
0,3209217337,0.950432,58664850,18
0,2273572181,0.973276,58666974,24
0,4057887013,1.005357,58668390,14
0,3726395483,0.724164,58669943,16
0,409686191,0.940101,58671291,13
0,2267305049,1.037387,58672672,11
0,3867159833,0.880563,58674935,26
0,2517940177,0.988212,58678577,46
0,1323007871,0.975280,58681066,26
0,1221085751,0.986728,58682857,18
0,1107227711,0.934370,58684353,15
0,2193595403,0.939581,58687961,43
0,2527535411,1.062959,58689251,12
0,426125701,0.817294,58694904,75
0,500615747,1.033615,58695549,3
0,2786565247,0.947859,58696074,1
0,3488979001,0.969254,58701119,66
0,1919424127,0.875558,58701701,2
0,736537847,1.073928,58702217,1
0,178888163,1.003899,58704327,24
0,682704107,0.877786,58705253,7
0,2401920181,0.940101,58705839,2
0,2033446771,0.688919,58708306,29
0,1826969983,0.938021,58710155,20
0,3869572807,0.855246,58711299,10
0,607985629,0.983258,58712091,5
0,3111907027,0.942694,58712692,2
0,248389741,0.988706,58713331,3
0,2982116453,1.050019,58715388,23
0,1047933707,0.756482,58716393,8
0,1346987137,0.944247,58718490,24
0,745685441,0.911622,58723905,53
0,4176713771,0.880008,58724600,1
0,1202464759,0.983258,58725116,1
0,159427663,1.024123,58726515,14
0,744679967,0.977281,58732357,76
0,1250486437,1.132354,58733975,17
0,2586206971,0.766103,58735960,22
0,1103053009,1.001951,58738422,29
0,3229631221,0.958616,58740103,18
0,2906339971,0.820275,58743333,40
0,2379926009,1.213933,58743988,3
0,988477849,1.032197,58745057,9
0,1425280271,1.001951,58747448,28
0,2763608063,0.889391,58749241,19
0,769069387,0.906789,58749965,4
0,3435011089,0.884988,58750751,5
0,3620947717,0.844907,58751755,8
0,346728401,0.832682,58753024,12
0,3581867059,0.889939,58754801,19
0,2853261661,0.736201,58756704,21
0,711783701,1.050019,58759796,38
0,3100601299,0.878342,58760315,1
0,1270891571,0.797334,58762006,18
0,3958394329,1.075291,58762868,6
0,1002238121,1.017426,58763936,9
0,2576560849,1.215942,58765065,10
0,3623834491,1.012133,58767051,22
0,19390271,0.665852,58772219,68
0,3944938619,1.063419,58773026,5
0,1653223783,1.053732,58774254,5
0,1381147967,0.950945,58775654,12
0,4253915053,1.021736,58777164,15
0,231332077,1.017426,58779424,26
0,3613413899,0.911622,58780705,9
0,4111081759,0.888841,58782621,21
0,248055917,0.983258,58788907,84
0,906500411,0.910550,58790244,13
0,1694693863,1.002438,58791946,18
0,2638987583,0.882225,58797431,72
0,3445796659,0.915897,58798510,9
0,2864650367,0.771818,58799799,12
0,1723959229,0.976781,58801703,21
0,2469176399,0.850666,58804236,30
0,1545476227,0.722139,58808605,55
0,3737176159,0.814900,58814924,84
0,2228513627,0.914830,58815851,7
0,1764917617,0.791187,58816492,3
0,1480178407,0.827978,58818139,17
0,1962411799,0.756482,58823214,62
0,44881871,0.955044,58828164,48
0,3490895563,0.846062,58832340,51
0,1496666441,0.801000,58834375,23
0,2753057161,1.094196,58835922,16
0,209739007,0.880008,58836493,2
0,3700690997,0.899761,58836997,1
0,2285892853,1.014061,58837722,4
0,2973721643,0.826207,58839834,24
0,1600729099,0.972774,58840551,4
0,2110190441,1.016466,58841221,3
0,355033361,1.007782,58843178,22
0,41217257,0.889391,58850323,96
0,3358448453,0.784369,58851675,13
0,3171252901,0.968750,58852473,5
0,2538236749,1.012616,58853207,4
0,2319401587,0.897588,58857063,49
0,1975957111,1.073928,58860677,45
0,2358291329,1.027930,58861460,5
0,3690799081,0.988706,58862691,11
0,2751346153,1.088828,58863348,3
0,1321576441,0.884436,58864280,7
0,994502549,0.923330,58864932,3
0,2276259449,0.854103,58867254,27
0,741847703,0.916963,58870281,37
0,1529264339,0.940101,58873018,33
0,1291409111,1.019823,58873613,2
0,2977368481,1.000488,58875933,27
0,3768191809,0.867152,58877680,19
0,1098790373,0.975280,58878482,3
0,2968190161,1.128899,58880473,22
0,2980685593,0.938021,58881334,6
0,2903562797,0.970764,58884495,36
0,3305445877,1.095980,58885500,8
0,3813355523,1.033142,58887064,16
0,2658467087,1.097761,58888070,8
0,2151092591,0.971267,58890458,28
0,3393184579,1.007782,58891189,4
0,2570011859,0.985738,58892689,15
0,5423311,1.139661,58893516,6
0,1795339321,0.908403,58896818,41
0,3234636547,0.908940,58898023,11
0,4263299869,0.939581,58898894,6
0,3675396649,0.971267,58900303,14
0,3540541621,0.853531,58901715,14
0,4143910643,0.950945,58903496,19
0,228771817,1.037387,58906672,39
0,1970478463,0.927551,58908234,16
0,3400962023,0.787475,58912512,55
0,1940969963,1.110145,58913168,3
0,877849697,0.875558,58913885,4
0,3477435827,0.969254,58915309,14
0,1385160143,0.880563,58916037,4
0,981669881,0.941657,58916624,2
0,2606923427,0.956066,58917564,7
0,3909398807,0.973777,58918209,3
0,1914234671,0.858664,58918792,2
0,2580471557,0.822059,58920700,21
0,1460599691,1.012133,58922977,26
0,1403860547,0.889391,58925208,21
0,111786319,0.950945,58926494,12
0,2417385079,0.889391,58927490,6
0,469079497,1.094643,58928422,7
0,483596611,0.846639,58930454,23
0,1539343427,0.972774,58931527,9
0,679598467,0.946313,58935658,53
0,1774408477,0.925443,58936793,10
0,1056019927,1.035974,58937378,2
0,2062455193,0.946313,58941508,53
0,2785289233,1.000976,58942217,4
0,1805592539,0.950945,58943996,19
0,2764925341,0.940101,58944655,3
0,993449539,1.043488,58945374,4
0,2686534313,0.876115,58947199,20
0,2018207771,0.975280,58948197,8
0,632192573,0.976781,58949483,12
0,1039485059,0.817891,58950198,4
0,1095915311,1.160465,58950985,5
0,3660366733,0.789333,58951641,3
0,1325300617,0.823246,58952228,2
0,2128308571,0.849517,58953599,13
0,1934205331,1.161727,58955220,17
0,3915504017,0.971267,58955728,1
0,1024487567,0.911622,58957970,26
0,4188131993,0.907327,58959247,12
0,2313053227,1.047225,58960677,14
0,3387083261,0.813101,58962178,15
0,4117273781,1.012133,58962699,1
0,707303953,0.836777,58963628,7
0,3337283591,0.969758,58964278,3
0,2592053059,1.066628,58967382,38
0,2642641367,0.937500,58968031,3
0,1728058477,0.882225,58968817,5
0,701616457,0.784369,58973860,66
0,3718093591,0.846639,58977445,45
0,1598257919,0.938021,58978542,9
0,199376909,0.938021,58981763,40
0,3006932993,1.003899,58986719,65
0,3582699427,0.977281,58987999,12
0,2543340859,0.908940,58989932,21
0,2294104753,0.950432,58991979,23
0,4053944663,1.067086,58996086,52
0,1629331343,0.877786,58998130,23
0,2765449513,0.940101,58999835,18
0,1069424849,1.063419,59003077,40
0,2653177519,0.927551,59005540,29
0,433742201,0.969758,59007936,28
0,3267474853,0.766103,59013282,70
0,2417957887,0.973777,59014076,5
0,1430455861,1.048157,59014656,2
0,3337999703,0.786234,59016503,20
0,278722751,1.095980,59019594,38
0,1075728877,0.848942,59020311,4
0,3451210871,1.070284,59023065,33
0,647378489,1.158360,59024830,19
0,72790301,1.068458,59026637,16
0,3818346341,0.969254,59030218,33
0,1319791351,0.981767,59031635,12
0,1755979579,0.927551,59034198,30
0,1903173523,1.156672,59035894,18
0,1744701319,0.846062,59036900,8
0,3834545513,0.981270,59038315,14
0,4116351931,0.852959,59040577,26
0,194395667,0.940101,59041287,4
0,2525782949,0.791804,59043253,22
0,1019846713,1.147773,59044527,12
0,158363477,1.125868,59045677,10
0,386220091,0.987223,59047648,22
0,1870187827,1.031723,59050180,30
0,1020372583,0.889391,59050836,3
0,3265322233,0.836193,59052110,12
0,709364701,0.839108,59052684,2
0,1474260497,1.128899,59054871,25
0,3972409039,0.987223,59061029,82
0,605049589,0.782499,59061606,2
0,3600548093,0.891036,59062394,5
0,2975163043,0.883883,59064780,28
0,2134148981,1.040677,59069130,56
0,4080381443,1.048157,59071452,27
0,1618662127,1.063419,59074487,37
0,2787648499,0.993141,59079257,62
0,1674435577,0.760345,59080693,14
0,3600674471,0.827978,59081500,5
0,115405561,0.921743,59083041,16
0,3153598843,0.945797,59083566,1
0,2127669829,1.085235,59086170,31
0,64833661,0.914830,59086953,5
0,2358316589,0.783746,59088984,23
0,1873090619,1.040677,59092780,48
0,2677772659,1.137517,59095886,38
0,28646203,0.991172,59097372,15
0,2307816037,0.934370,59100251,35
0,3660731353,1.142229,59105797,73
0,1465754447,0.938021,59106522,4
0,305747399,0.815499,59107310,5
0,1134254423,1.088828,59110067,33
0,2839844897,1.080726,59110707,3
0,2898064733,0.911086,59112129,14
0,3809127613,0.860369,59113631,15
0,3178489529,0.750000,59114151,1
0,9801223,1.129332,59115463,13
0,4115281283,0.970764,59116327,6
0,1370908283,0.972774,59118371,23
0,534135533,1.008751,59118949,2
0,3063719189,0.793652,59120293,13
0,2923041887,0.862070,59121013,4
0,797839589,0.938021,59121866,6
0,2353537321,0.942176,59123976,24
0,1429913521,1.128899,59126849,35
0,1281109967,1.178005,59128879,18
0,3004049,0.919621,59135370,87
0,2203269979,1.101313,59137140,19
0,2653846277,1.099094,59137722,2
0,3837549343,0.802219,59139841,24
0,2007178081,0.942176,59140917,9
0,370546067,0.984747,59145323,57
0,611339777,0.613965,59146023,4
0,4029336173,1.054659,59146810,5
0,3978990749,0.801610,59151018,54
0,491026511,1.082983,59151668,3
0,3764583439,0.911086,59154384,31
0,3202389277,0.799169,59155879,15
0,2240161327,0.730208,59156602,4
0,3944108227,0.863202,59160041,43
0,1287916099,0.920152,59160750,4
0,3764420089,1.007782,59161754,8
0,2561884151,0.869402,59162413,3
0,207628823,0.827978,59164237,20
0,4035234233,0.875558,59165794,16
0,1301405557,1.002438,59166594,5
0,1061242579,0.946313,59167596,8
0,3433787821,0.945797,59170200,31
0,204605789,0.844329,59170973,5
0,1771091879,0.940101,59172180,11
0,734129063,0.910550,59172769,2
0,2358334271,0.882225,59175804,37
0,2823463801,0.946313,59178750,36
0,2411025571,1.033615,59181147,28
0,2740095781,1.162987,59184238,38
0,3889201033,0.877786,59186080,20
0,2699133077,1.050019,59187560,15
0,323326007,0.953509,59190075,30
0,3075679811,1.033615,59192466,28
0,385698959,0.882225,59193685,11
0,1147702951,0.973777,59195515,20
0,2989940519,0.849517,59198188,32
0,3057678989,0.858096,59199889,18
0,3056602007,1.004871,59203188,41
0,2129078663,0.766103,59207059,49
0,787051571,0.722139,59211053,51
0,308770963,0.786855,59214000,36
0,1925109541,1.125868,59214516,1
0,909303077,0.903552,59216070,16
0,2698120027,0.836193,59218336,26
0,1108696313,0.882225,59222549,54
0,795117139,0.836193,59224870,27
0,2671218761,0.946313,59226490,17
0,729993749,0.915364,59227677,8
0,977572481,0.688210,59228452,5
0,1728682381,0.921743,59229522,9
0,2315377927,0.791804,59232236,29
0,947258617,1.070284,59236196,48
0,6323651,0.987223,59237886,18
0,1774453987,0.908940,59238884,8
0,3544261351,1.014061,59243529,60
0,3309964057,1.079370,59245643,24
0,615268859,0.937500,59247261,17
0,103061393,0.927551,59248522,12
0,2485474627,1.002438,59249256,4
0,1226410511,0.902471,59249907,3
0,521157977,1.160465,59251036,10
0,2689724383,1.008751,59251640,2
0,3751615391,1.000976,59255026,42
0,2725432891,0.797334,59256380,13
0,211050647,0.938541,59259030,32
0,956764531,0.973276,59259679,3
0,2617629433,1.009718,59261032,13
0,3398573159,0.908403,59262933,21
0,1617117617,0.781250,59263855,7
0,3110294329,0.786855,59264918,9
0,4024263889,1.039268,59266197,12
0,536390453,1.137517,59268526,27
0,3434037437,1.064795,59270650,24
0,1534719647,1.000976,59272495,20
0,4206082057,0.920152,59278607,81
0,3827201947,0.946313,59279541,7
0,2107730897,1.008267,59281950,28
0,22522453,1.033615,59284742,34
0,3680231479,1.066628,59289456,61
0,559178591,1.008267,59290317,6
0,3153970709,1.039268,59292989,32
0,2897116097,0.969254,59295181,25
0,835905757,1.074382,59295975,5
0,3993774467,0.946313,59298048,23
0,2317518377,0.964709,59298966,7
0,1401673759,0.844907,59302121,39
0,3324133957,0.817294,59302628,1
0,1616281663,0.849517,59304801,25
0,492967703,0.743461,59305591,5
0,2679956203,0.853531,59309385,48
0,248432761,0.884436,59314145,62
0,3384822767,0.932277,59315908,19
0,3628338643,0.853531,59318029,24
0,2573575633,1.035974,59319394,13
0,3176500661,0.827388,59320119,4
0,2688036557,0.981767,59322577,29
0,2922121439,1.002438,59324268,18
0,564449989,0.813101,59325056,5
0,1457738713,0.976781,59327601,30
0,530365697,1.081629,59329005,14
0,911721359,0.817294,59331683,32
0,1531116113,0.880563,59332538,6
0,1474979647,1.046292,59333630,5
0,1329202489,1.095534,59334508,6
0,2562932459,1.033142,59337704,37
0,3050123149,0.947859,59339548,20
0,3561922421,0.950945,59341606,23
0,204790259,1.014061,59342736,10
0,3115152043,1.125868,59343462,4
0,4000450481,0.920152,59344050,2
0,1361811923,0.815499,59346725,32
0,4259817241,1.004871,59348009,12
0,746963071,0.945797,59349211,11
0,563675363,1.077106,59349708,1
0,155557253,1.064337,59350631,7
0,809660051,0.817891,59352176,16
0,755126539,0.908403,59352966,5
0,80414317,1.062959,59354157,11
0,4277138989,0.797334,59359217,66
0,3939809611,0.910550,59360850,17
0,516248653,0.971267,59362534,18
0,3076149673,1.062500,59364800,26
0,3852065429,0.963190,59367538,33
0,2586466327,0.849517,59373211,75
0,546128227,1.012133,59375524,27
0,172312859,0.972774,59376234,4
0,1189816457,0.892679,59377231,8
0,1342279487,0.884436,59382010,62
0,3747825619,1.035974,59387399,71
0,2196957647,1.000976,59388617,11
0,2503087241,1.009718,59400229,160
0,656956543,0.832682,59403533,41
0,3499236869,0.971267,59406276,33
0,3481220213,1.032197,59412085,77
0,2939071991,1.050483,59412616,1
0,785555119,0.877786,59413339,4
0,1032104081,0.789333,59414401,9
0,1491515951,0.849517,59417077,32
0,280570999,1.000488,59418985,21
0,876022963,0.886090,59420681,18
0,563925083,0.758416,59422165,15
0,3212406529,0.864897,59423463,12
0,3895735717,0.906250,59425730,26
0,948621071,1.031723,59426868,10
0,978228781,0.910550,59427516,3
0,755388299,0.848367,59429000,15
0,3307258589,0.822653,59430070,9
0,423358583,1.119343,59431852,19
0,2721848281,1.052341,59436176,52
0,3582331013,1.111464,59438657,27
0,3883986451,0.989199,59439681,8
0,4061452511,1.033615,59440758,9
0,2707650889,0.783746,59444403,46
0,3164987369,0.781250,59447162,33
0,784607711,0.958107,59447879,4
0,4250420611,0.906250,59449158,12
0,501398851,0.880563,59453636,58
0,3055669759,1.102642,59457158,44
0,1846465513,0.940101,59459629,29
0,3436878059,0.928078,59460923,12
0,4060909819,1.014061,59461580,3
0,2096793493,0.892679,59463914,27
0,3649074329,1.039738,59466302,28
0,3183469987,0.858096,59468356,23
0,3289233971,1.180489,59469283,7
0,2013759383,0.796722,59470003,4
0,1447619197,0.940101,59470932,7
0,3865343323,0.787475,59472072,10
0,105350537,0.834439,59478917,92
0,96620813,1.122393,59479685,5
0,1208016461,0.882225,59481095,14
0,1611644033,0.941657,59481674,2
0,3078620681,0.820275,59483719,23
0,2931283171,0.851240,59484795,9
0,1346532017,0.942176,59489118,56
0,641276969,1.129332,59490952,20
0,3174548281,1.012616,59493499,30
0,3347654273,1.095980,59495051,16
0,982098361,1.035503,59498916,49
0,910743709,0.880563,59501720,34
0,541070879,0.877786,59503341,17
0,3684389119,1.080726,59505472,24
0,1370900849,0.813701,59506402,7
0,1881946613,0.908940,59508030,17
0,3371748053,1.016466,59509034,8
0,1598162963,1.086584,59509819,5
0,1896558589,1.098205,59515497,75
0,2863004099,0.880563,59516925,14
0,2506752671,0.852959,59518622,18
0,706527277,1.104854,59520941,27
0,546946447,0.876673,59524383,43
0,3265502557,1.012133,59526290,21
0,3559132457,0.999023,59528673,28
0,3874209403,0.988706,59534083,71
0,2942223253,0.939581,59535780,18
0,4237188391,1.074382,59536852,9
0,1068689051,0.886090,59537438,2
0,3501213229,0.793652,59544206,85
0,2518100203,0.978779,59546284,23
0,576742213,0.877786,59547478,11
0,2759898707,1.157094,59547983,1
0,1597861,1.008267,59549371,14
0,3175127471,0.915364,59551498,24
0,994172537,0.942176,59555351,49
0,1934576711,0.908940,59556419,9
0,1789380349,0.920152,59557359,7
0,2102418949,0.858096,59558145,5
0,2397380389,0.875558,59558934,5
0,4010392307,0.970764,59560641,18
0,3800077481,0.885539,59566667,80
0,3946683371,0.818488,59569069,28
0,3489356963,0.973276,59570423,13
0,2873045447,0.886090,59571008,2
0,3439427219,0.822653,59574465,43
0,1415640641,1.007782,59575113,3
0,3401464061,0.855246,59576616,15
0,550774729,1.194470,59578308,18
0,2801547899,1.133647,59583641,70
0,3415528049,0.944247,59587082,43
0,2014630081,1.048157,59587859,5
0,1065326617,1.102642,59589413,16
0,71317969,1.048623,59590674,12
0,998779423,0.971267,59594684,51
0,3783569017,0.858096,59597308,31
0,2396184061,1.062959,59601877,59
0,364456679,1.068458,59602385,1
0,2383026917,0.911086,59604004,17
0,2822754167,0.969758,59604734,4
0,984813209,1.001951,59607059,27
0,1632738391,0.752600,59607644,2
0,3397696219,0.978779,59609547,21
0,473717527,0.941657,59611321,19
0,2672513587,0.950945,59611973,3
0,2845784759,0.911622,59612700,4
0,76455277,0.956066,59614033,13
0,707008573,0.969758,59614679,3
0,1604496967,0.993141,59617781,38
0,1576690613,0.864332,59618370,2
0,451900469,0.771818,59619315,7
0,3118898161,1.129332,59620872,16
0,254100881,1.031723,59621992,10
0,1166053943,0.781875,59623747,19
0,1914022199,0.820275,59624326,2
0,3938766599,0.891036,59624978,3
0,1018415347,0.913227,59625567,2
0,3704325323,1.098205,59626289,4
0,4177584791,1.182968,59627848,16
0,2476391651,1.109705,59631297,43
0,2096592119,1.050019,59631890,2
0,1279957241,0.997556,59633306,14
0,1470768757,0.782499,59637402,52
0,186473083,0.886090,59640962,41
0,2138893807,1.193652,59643497,28
0,532028317,0.766103,59645639,24
0,293835263,0.853531,59647119,15
0,1878940603,0.975280,59649475,27
0,2324694139,0.954021,59650050,2
0,3369448021,0.843171,59650637,2
0,1973789203,0.884436,59652332,18
0,1316530043,0.758416,59654600,26
0,3169157599,0.760345,59655185,2
0,661466593,1.068458,59660291,67
0,1988971123,1.033142,59660943,3
0,450680533,0.797334,59665002,52
0,3943045369,1.032197,59665726,4
0,2846683459,0.817891,59670361,60
0,1259822329,0.813701,59672124,19
0,1634013523,0.813701,59672767,3
0,4276924123,0.911622,59674353,16
0,1362447817,1.033615,59675904,16
0,1054454539,1.064795,59676417,1
0,2693387737,0.818488,59678872,29
0,3826849553,0.827978,59680486,17
0,1759513661,0.942176,59681478,8
0,2972100151,0.889391,59683937,29
0,2088984551,0.911622,59685221,12
0,1539690209,0.822653,59687263,23
0,1259650627,1.043488,59690921,46
0,534335369,0.983258,59691776,6
0,1494570547,1.012616,59692425,3
0,1479821381,1.064795,59694053,17
0,4023990727,1.004871,59694649,2
0,402779479,1.063419,59695499,6
0,2196469603,0.753248,59696015,1
0,2915500073,0.910550,59696727,4
0,1920779239,0.921743,59697599,6
0,4048029703,0.920152,59698239,3
0,2246744729,0.907327,59698756,1
0,1025546659,0.934370,59701208,29
0,2945585483,1.037387,59702003,5
0,1595323781,0.919621,59703498,15
0,1654938547,1.061581,59704008,1
0,2899544801,1.095980,59705786,19
0,3712600291,0.813101,59707828,23
0,3775331767,0.815499,59710999,39
0,4050335227,0.820275,59711665,3
0,1473762259,0.942694,59712464,5
0,2603392993,0.699470,59714311,20
0,2234257807,0.852959,59716066,19
0,3491875447,0.901929,59717755,18
0,4138685339,0.947859,59719048,12
0,827949371,0.942694,59720466,14
0,2239256009,0.952484,59722961,29
0,2525295317,1.166760,59725354,28
0,4018016677,1.033615,59727015,17
0,966196073,0.908940,59727617,2
0,1080373169,1.062500,59729238,17
0,1887510047,1.000488,59730236,8
0,2162154431,0.756482,59736355,81
0,2879232397,0.888841,59743042,86
0,1384493267,0.846639,59746210,37
0,402915353,0.946829,59747280,9
0,1227604817,0.852959,59748204,7
0,1631419721,0.960652,59750804,31
0,181444163,0.688210,59752074,12
0,405570463,0.940101,59753347,12
0,2837908877,0.906250,59754689,13
0,4281274399,0.877229,59755788,9
0,897498911,1.004871,59758198,28
0,2161871641,0.888841,59758913,4
0,3983077459,1.016466,59764184,69
0,2902474147,1.035031,59769956,76
0,2491009589,0.983258,59771803,20
0,1481832809,1.068458,59773981,25
0,1801805867,0.813701,59774838,6
0,3277170437,0.875558,59775832,8
0,3432447323,0.889391,59779477,46
0,655076057,0.983258,59781244,19
0,879804181,0.908940,59783294,23
0,544999487,0.971267,59786800,44
0,3411519941,0.846639,59788361,16
0,1347357931,1.039738,59789009,3
0,1108914217,0.946313,59790625,17
0,1292875193,0.884436,59792752,24
0,491339939,1.066170,59795495,33
0,2133151693,0.940101,59796361,6
0,2254748827,0.814900,59798262,21
0,4225667167,1.093750,59799765,15
0,25681553,0.970764,59801779,23
0,2258330413,1.101313,59804666,35
0,3653333161,1.014061,59809281,59
0,2553928607,0.811899,59810439,10
0,3211426747,1.019344,59812581,24
0,2247787771,1.024123,59813305,4
0,1373314583,0.942176,59813957,3
0,2247027421,0.884988,59815251,12
0,246540407,1.024123,59817849,31
0,1168551887,0.932801,59819914,23
0,141333259,1.070284,59822784,35
0,1354252871,0.940101,59823287,1
0,1554128803,1.046292,59825741,29
0,4026799849,1.043020,59827022,12
0,3034960637,0.877229,59828449,14
0,3248077333,1.095534,59829242,5
0,4066615477,1.023646,59830315,9
0,966415717,0.987223,59833322,37
0,4171867543,0.932801,59834617,12
0,481826809,0.913227,59835331,4
0,1912337263,0.925971,59836281,7
0,3220385459,0.880008,59840014,47
0,2445609827,0.955044,59840728,4
0,516969209,0.884988,59843886,39
0,901180003,0.973777,59844900,8
0,1792829881,0.815499,59848259,36
0,3438570367,1.037387,59852667,56
0,2551810351,0.940101,59854293,17
0,748558703,1.062959,59860685,85
0,4005735733,1.001951,59861968,12
0,3695037641,0.787475,59862967,8
0,2167344677,0.899761,59863755,5
0,4262137261,0.852386,59864268,1
0,4142190761,0.940101,59865336,9
0,4167625801,0.969254,59866053,4
0,2528521097,0.839108,59868460,28
0,1085459443,0.986728,59869535,9
0,3838840991,0.873883,59870255,4
0,2686928773,0.844329,59870766,1
0,2750096201,0.813101,59871629,6
0,309501233,1.067086,59872972,13
0,2961152827,0.844329,59875791,34
0,2582555251,0.906789,59877420,17
0,3932687753,0.985738,59880031,31
0,3090502549,0.858096,59881448,14
0,3495386887,1.070284,59882175,4
0,1153063031,1.101313,59883181,8
0,371132101,1.064795,59885863,32
0,4208139697,0.913227,59888182,27
0,256647203,0.853531,59890635,29
0,2747732041,0.950432,59891414,5
0,4122609137,1.195695,59893251,20
0,2413633513,0.851240,59894402,10
0,596255831,0.946313,59894975,2
0,1162292221,1.067086,59896324,13
0,3760124201,0.942694,59899901,45
0,1288827047,0.818488,59904032,53
0,707487707,0.879453,59905598,16
0,1982567333,1.037387,59906805,11
0,1134798941,0.971267,59908372,16
0,2099831317,0.975280,59909656,12
0,1019793659,0.820275,59912822,39
0,444058123,0.970764,59913963,10
0,3638940259,1.095534,59916078,24
0,1406722091,1.000488,59926283,140
0,4250501599,0.969254,59927157,6
0,300043,1.067086,59928950,21
0,3665944943,0.976781,59929463,1
0,3253834273,0.970764,59933667,54
0,3737952913,1.006328,59934598,7
0,3060483637,0.853531,59937906,41
0,3634697917,1.094196,59938973,9
0,933426203,0.871645,59942009,37
0,87116563,1.128467,59943127,10
0,4035831133,1.082983,59945106,22
0,2343169943,0.904092,59948124,33
0,4174242647,0.925971,59948719,2
0,2743757507,0.911086,59949868,8
0,4254627973,0.820275,59953055,39
0,2398416989,1.019344,59954760,18
0,3459423437,0.846639,59956801,23
0,4228286219,1.040677,59957936,10
0,886675597,0.912157,59959831,21
0,2475463303,0.875558,59962284,29
0,3054705847,0.846062,59966062,48
0,69018449,1.095980,59967107,9
0,2113866047,0.862070,59972092,65
0,104033357,0.860369,59973006,7
0,628196039,0.971267,59975403,28
0,1464228281,0.846062,59976541,10
0,395507557,0.908403,59977560,8
0,3991142327,0.827388,59978089,1
0,473156011,1.025552,59982157,52
0,2867735509,0.963190,59984423,26
0,3982085959,0.976781,59990190,76
0,2854125517,1.039268,59991545,13
0,1778770517,1.015505,59996531,65
0,1991487241,1.031723,59999853,41
0,1231737523,0.848942,60000363,1
0,2730658519,0.817891,60001011,3
0,743230811,1.048623,60002567,16
0,2596985653,1.004871,60003083,1
0,3808830703,1.023646,60003601,1
0,3340334887,1.066628,60004254,3
0,2384946593,0.973777,60004903,3
0,3943293481,0.920152,60010282,71
0,3406165907,0.950945,60011006,4
0,2065798799,0.848942,60013058,23
0,3921265109,0.789333,60015315,26
0,1137311137,0.888841,60017216,21
0,3635129929,1.129332,60020105,35
0,1452841499,0.970764,60022725,31
0,1345024699,1.009235,60023445,4
0,3167952701,0.981270,60025499,23
0,4272041569,1.056047,60027122,17
0,2797305479,0.923330,60027711,2
0,2788877393,1.104854,60030257,30
0,1405726649,1.132786,60034276,51
0,3777089791,0.973777,60034929,3
0,3908361599,0.973276,60035806,6
0,624155821,0.971267,60036315,1
0,2316699527,0.945797,60038278,22
0,2301609329,0.978779,60039348,9
0,579843571,0.781875,60040140,5
0,3697899851,0.950945,60042050,21
0,3674046667,0.822059,60042642,2
0,1945718777,0.815499,60043232,2
0,64555429,1.012616,60043864,3
0,556573657,1.021736,60045914,23
0,3256489427,1.021736,60048238,27
0,1717812589,1.066628,60048902,3
0,1151668061,0.792420,60056496,89
0,2930183051,0.908403,60057839,11
0,2381899577,0.724838,60058492,3
0,2253104839,0.813701,60059490,8
0,1022076787,0.981270,60064291,62
0,1581848269,1.054659,60067170,35
0,2750135827,0.791804,60068459,12
0,3018544391,1.063419,60069050,2
0,1157599901,0.792420,60069641,2
0,1672657499,0.993141,60070503,6
0,3526313753,1.070284,60071845,13
0,3698695031,1.105296,60074457,31
0,2552917567,0.969254,60077287,34
0,3304689071,0.947859,60081500,54
0,1169632447,0.950432,60082295,5
0,114994573,0.897588,60084256,22
0,1203261427,1.078012,60090921,89
0,1143097103,0.851240,60091911,8
0,588911051,1.164665,60092709,5
0,922128113,1.016466,60093498,5
0,1887231769,0.936979,60094499,8
0,825730271,0.855246,60097381,35
0,3424502747,0.964709,60100220,34
0,594127867,1.070284,60106461,83
0,3947471867,0.844907,60109725,40
0,666253663,0.970764,60111143,14
0,3046497659,0.879453,60113471,27
0,2714459369,1.104854,60114198,4
0,3020005927,0.942694,60114841,3
0,1218695249,0.699470,60116597,19
0,1863492443,1.001951,60117457,6
0,1415108873,0.969254,60121727,55
0,2943246769,0.897044,60122306,2
0,2345691587,0.944247,60123302,8
0,1344657719,1.006328,60129935,89
0,2342298953,1.094196,60132110,25
0,3562014739,1.004871,60137215,67
0,3638131151,1.104854,60141505,55
0,916324043,0.913227,60142586,9
0,66526013,1.157094,60143089,1
0,1440686129,0.916963,60143671,2
0,734018819,1.040677,60145009,13
0,776036309,0.690335,60145602,2
0,1673749373,0.858096,60147020,14
0,205417649,0.755837,60147666,3
0,1739735849,0.886090,60148382,4
0,2572585021,0.972774,60149800,14
0,2042044717,0.884436,60152873,33
0,1485972877,1.014061,60154803,19
0,3236822773,0.891036,60155637,5
0,2746482223,1.101313,60157201,16
0,3028466843,0.852959,60160006,34
0,1878492149,0.818488,60161576,16
0,1457671157,0.973777,60164316,33
0,262261583,1.196920,60167955,46
0,383078039,0.892679,60168609,3
0,1742052607,0.884436,60172906,55
0,368059103,0.944247,60173898,8
0,252138427,1.067086,60175167,12
0,1809047519,0.884436,60182862,104
0,513031,1.043488,60183685,7
0,2819510107,0.907327,60184195,1
0,2635095907,0.913227,60186380,25
0,2577613033,0.886090,60188502,24
0,74739739,0.987223,60189065,2
0,3191248499,0.789333,60190832,19
0,3476072357,0.782499,60195386,59
0,239682349,0.939581,60197481,24
0,3196158341,1.037387,60198055,2
0,2812603049,0.969758,60198845,5
0,3514173079,0.745429,60201450,31
0,2320400569,0.940101,60204695,40
0,1936573801,0.968750,60209612,64
0,1879057097,1.160465,60210943,13
0,4004278321,0.908940,60211798,6
0,979061689,1.000976,60215041,40
0,840130427,1.067086,60216318,12
0,438465061,0.851240,60219143,34
0,1009465367,0.958107,60222995,49
0,761548289,0.940101,60224630,17
0,3057481249,1.035974,60225564,7
0,3806966201,1.035503,60226798,9
0,673351727,0.971267,60227318,1
0,167899811,1.147773,60228092,5
0,1376142277,1.142229,60230147,23
0,1481685241,0.973777,60231695,16
0,4020359107,1.064337,60233187,15
0,1989682231,0.797334,60237610,57
0,3449845103,0.956577,60239035,14
0,2404095391,1.035503,60240039,8
0,2115292027,0.851240,60241250,11
0,1923362471,1.035974,60241919,3
0,1107421223,1.091963,60243467,16
0,1382785739,0.884436,60249950,86
0,353800457,1.055584,60250515,2
0,1101962341,0.946313,60251728,11
0,1103475277,0.846639,60252588,6
0,4012621631,0.939581,60253956,13
0,1909673719,0.972774,60256084,20
0,1679756833,0.880008,60259902,46
0,3985916227,0.883883,60261684,19
0,3248758753,0.827978,60264005,27
0,3323177983,1.000976,60265844,20
0,1272513469,0.938541,60266495,3
0,2201392097,1.032197,60269372,35
0,1879240943,0.849517,60271340,22
0,2481881081,1.048157,60274307,36
0,675179059,1.043488,60277669,42
0,4065019289,1.009718,60282016,56
0,2373110759,0.822059,60286170,53
0,2601781471,1.109705,60286762,2
0,2125994249,1.082983,60287692,7
0,552175781,0.860369,60288624,7
0,1286762273,0.884988,60291432,34
0,1411352323,0.693159,60293475,23
0,3264556847,0.846062,60300631,96
0,1529482091,1.136229,60304997,56
0,3693130087,1.035031,60305506,1
0,266096947,0.946313,60306148,3
0,2525157073,0.824432,60307011,6
0,656168917,0.866589,60308008,8
0,3556107559,1.048623,60313758,76
0,3131719847,0.940101,60316234,29
0,1495820321,0.876673,60320509,55
0,40341143,1.115848,60321494,8
0,2852047181,1.012616,60322218,4
0,3657858629,0.877786,60323779,16
0,1423319069,0.846062,60327276,44
0,172081001,0.792420,60332598,70
0,926750899,0.911622,60333526,7
0,1001245573,0.944247,60337602,52
0,2440300507,0.848942,60341937,56
0,95160991,1.067086,60344672,33
0,381293257,1.079370,60346781,24
0,1724190569,0.947859,60349449,32
0,4014835961,1.064337,60350535,9
0,808033547,0.940101,60352926,28
0,1442664667,0.940101,60355683,33
0,2533248869,0.677484,60357364,13
0,4099929467,0.921743,60357916,1
0,3747063503,0.732211,60358828,4
0,390814453,1.025552,60363610,62
0,3704194337,1.043020,60374663,152
0,1252144147,0.947859,60376773,24
0,3569835671,1.003899,60377648,6
0,3287640413,0.908403,60378442,5
0,2452404431,0.916963,60382154,47
0,3167072639,0.969254,60383506,13
0,4248576901,0.934370,60389598,81
0,3147029563,1.104854,60390952,13
0,29390723,0.793652,60398821,107
0,2713114601,1.073928,60399907,9
0,2723043473,0.846639,60403257,42
0,359915327,0.884988,60405178,21
0,1058378851,0.925971,60406180,8
0,4075198597,0.945797,60408017,20
0,897747659,1.000000,60409840,20
0,1009315667,1.048623,60411052,11
0,3064739963,0.895409,60412963,21
0,2675342041,0.889391,60414533,16
0,4180839409,1.191605,60422061,101
0,3027175111,1.000976,60424391,27
0,4080481387,0.818488,60425810,14
0,4012453771,1.035503,60426743,7
0,2693265469,0.938021,60427677,7
0,1071807683,0.842012,60431886,54
0,1008295081,0.927551,60435128,40
0,3842851811,1.009718,60435778,3
0,1737931469,0.786234,60437974,25
0,3497575027,0.956577,60440095,24
0,3861371531,0.950945,60440965,6
0,1171071557,1.054196,60441680,4
0,1790062231,0.872205,60444151,29
0,2341343209,0.973777,60445216,9
0,2973585569,1.073928,60446000,5
0,3090810197,0.908940,60446792,5
0,2075518583,0.962683,60456248,129
0,2811044497,0.915364,60458701,29
0,2759527633,1.061581,60459964,8
0,1046382329,1.031250,60461653,16
0,4270999703,1.002438,60462323,3
0,3914327831,0.963190,60464106,19
0,1273291307,0.827388,60465520,14
0,3076773857,0.820275,60467576,23
0,2802212951,0.916963,60469687,24
0,3021299867,1.033142,60470681,8
0,4262283409,0.724164,60471466,5
0,2795498597,0.971267,60472969,15
0,852142199,0.906789,60474380,14
0,3305031407,0.876115,60479249,63
0,1449925069,0.787475,60479836,2
0,3816408157,0.787475,60481739,21
0,3310962469,0.854103,60487124,71
0,1787620069,0.822653,60490357,40
0,790453967,0.975280,60495206,63
0,1469912999,1.068458,60496209,8
0,1067933491,0.910550,60496866,3
0,3585153809,1.102642,60500237,42
0,2591860267,0.844907,60501878,17
0,3809740327,0.875558,60502868,8
0,2589889909,0.884436,60506663,48
0,762939757,0.945797,60509893,40
0,1591162193,1.066628,60514104,54
0,1456430021,1.255068,60518455,56
0,1666282483,0.942694,60522618,53
0,4064604067,0.886090,60523134,1
0,2302639039,0.877786,60526239,38
0,3635409451,1.097761,60527048,5
0,4003575647,1.097761,60531882,63
0,1805628169,0.950432,60532463,2
0,1484640907,0.942176,60537163,61
0,2562733339,1.033142,60537736,2
0,128808853,0.877786,60539076,13
0,4263487661,0.970764,60542604,44
0,3166162169,0.787475,60544164,16
0,2594016457,0.973276,60544957,5
0,753061367,0.879453,60545540,2
0,357799921,1.004871,60546759,11
0,3393031331,0.848367,60547768,8
0,1920157079,1.105296,60548635,6
0,2112808403,0.830921,60551411,33
0,3604953901,0.889391,60554382,36
0,2038123739,1.075745,60554902,1
0,797442713,0.981270,60555747,6
0,1369737847,0.937500,60556752,8
0,2583426889,0.793652,60562297,69
0,2846958167,1.119343,60562820,1
0,2936062387,0.914830,60564154,11
0,2810201599,1.021736,60565180,8
0,2889219247,0.817294,60566748,16
0,1488815453,1.001951,60567336,2
0,1179833117,0.940620,60567982,3
0,3162292597,0.911086,60568705,4
0,445612333,1.031723,60569560,6
0,750976409,0.971267,60572593,37
0,945355751,0.866589,60573525,7
0,3166494713,0.854103,60576983,43
0,2538462859,1.126735,60580985,51
0,2953161371,1.002438,60581909,7
0,2908171373,0.782499,60582423,1
0,2796298331,0.906789,60585651,40
0,747697831,0.942694,60589915,55
0,2258298463,1.175100,60592801,35
0,2801992927,0.815499,60595118,27
0,1469904197,0.846062,60596259,10
0,2910331849,0.820275,60596846,2
0,325144153,1.104854,60599367,30
0,326457517,0.946313,60600984,17
0,153779737,0.911622,60603022,23
0,475227619,1.074382,60604432,14
0,2704287983,0.815499,60606711,26
0,1264791617,1.066628,60607350,3
0,2913227437,0.783746,60608345,8
0,4065686351,0.906789,60610458,24
0,4277426693,0.753248,60611826,13
0,136740217,0.877786,60614147,27
0,3242925811,1.007782,60618570,57
0,642223163,1.032197,60619076,1
0,3385781939,0.970764,60620915,20
0,220820009,0.908940,60621408,1
0,854265353,0.947859,60621979,2
0,4202647139,0.875558,60623691,18
0,4195477157,1.000000,60628450,62
0,672328201,0.817294,60629508,9
0,3381730591,0.972774,60630158,3
0,2576344213,0.968750,60633869,47
0,2387667379,1.082983,60635427,16
0,2062594081,1.009718,60636285,6
0,142860899,0.958107,60637198,7
0,658913963,0.875558,60638192,8
0,3366462227,0.973777,60639250,9
0,2253615109,1.084785,60639967,4
0,823469929,1.012616,60640539,2
0,3559650833,0.876115,60642257,18
0,1844549851,1.006328,60644611,27
0,661474769,0.674595,60645187,2
0,3300367207,0.946829,60647522,27
0,1668356941,0.970764,60648873,13
0,2558578597,0.829745,60649797,7
0,236112491,0.942694,60651548,19
0,98762957,0.966732,60655611,52
0,3886973023,0.851240,60656404,5
0,704347223,0.813101,60657477,9
0,3920221751,0.950432,60659178,18
0,613332781,0.789333,60659902,4
0,1777818389,1.009718,60661113,11
0,914168201,0.942694,60665666,55
0,546875599,0.919621,60668846,37
0,365066021,0.786855,60671037,25
0,3392448431,0.915897,60671628,2
0,501781937,0.921743,60673253,17
0,2510135609,0.822059,60675100,20
0,640657757,1.016466,60675963,6
0,1827609331,0.877229,60677945,22
0,3889934479,0.906789,60678888,7
0,3817748237,1.006328,60682191,41
0,4232572457,1.003899,60684464,26
0,538675303,0.990186,60685610,10
0,1648113149,0.944247,60692123,87
0,285043519,0.906789,60692983,6
0,931608571,0.908403,60696356,42
0,3126872117,0.908403,60696998,3
0,2479475629,0.846062,60697512,1
0,3937222433,0.967237,60699566,23
0,1367403203,1.107944,60701884,27
0,512538707,0.852959,60703716,20
0,641145917,0.882225,60704578,6
0,1881107051,0.915364,60712682,110
0,132194239,0.938021,60714102,14
0,110175983,1.094196,60715585,15
0,242704109,0.958107,60716868,12
0,1122235319,1.074382,60718080,11
0,111098153,1.032197,60718925,6
0,3708396103,1.050019,60720699,19
0,1774719853,1.003899,60721699,8
0,1195201789,1.064795,60722640,7
0,13452743,0.938541,60725227,31
0,3264344411,0.858664,60729033,48
0,2468585891,0.822653,60731150,24
0,1310085181,0.986728,60733748,31
0,3458288429,0.919621,60735664,21
0,3979453507,0.886090,60737957,26
0,2027983267,0.853531,60739096,10
0,278762213,0.920152,60740301,11
0,1314304583,0.750000,60742062,19
0,3994146473,0.946829,60744733,32
0,447004589,1.001951,60748376,46
0,2496848569,0.849517,60749867,15
0,2604464557,0.916963,60753604,47
0,711110339,0.784369,60755376,19
0,3453598003,1.068458,60755894,1
0,4148063471,0.880008,60757393,15
0,1956106903,1.035503,60758742,13
0,135846101,0.782499,60759591,6
0,832425877,0.846639,60760380,5
0,3524988587,0.877786,60762570,25
0,135692077,0.975280,60765867,41
0,3896684167,0.609976,60767866,19
0,2704925681,0.939581,60770912,35
0,2104219067,1.100870,60772914,22
0,1235760263,0.950945,60773488,2
0,153329819,0.768648,60783851,142
0,2660096429,1.047691,60787505,46
0,4253521709,0.925971,60791312,48
0,2141736343,0.987223,60793427,24
0,823858979,1.038798,60797916,58
0,2987097667,0.907327,60799268,13
0,2682818447,0.813701,60801041,19
0,3054276943,1.265529,60801968,7
0,3484597027,0.946829,60806318,56
0,3288377797,0.789333,60806819,1
0,1904931527,0.970764,60810966,52
0,272639287,1.126735,60811475,1
0,2775941183,1.048623,60811989,1
0,787119119,1.000976,60816781,62
0,2518458883,1.009718,60817494,4
0,1598438747,1.164665,60818151,3
0,276059687,0.973777,60825648,101
0,914602823,0.894864,60830124,58
0,2792316421,0.880563,60832101,22
0,2016965233,0.789333,60833446,13
0,912669899,0.911086,60834945,15
0,1398657971,0.724838,60839582,60
0,3782583661,1.033142,60841074,15
0,492409259,0.907327,60841787,4
0,849157651,0.946313,60842433,3
0,2454032369,0.916963,60843507,9
0,642780167,0.976781,60844421,7
0,2343219091,0.755837,60848207,48
0,928196233,0.833854,60849751,16
0,419109877,0.858096,60850470,4
0,1128993871,0.880563,60855172,61
0,353818123,0.854103,60859090,50
0,2189509247,1.017906,60860012,7
0,1397445571,0.944247,60863451,43
0,1874158457,0.938021,60865019,16
0,305462383,1.024123,60866291,12
0,2133973411,1.035503,60869989,43
0,3629649031,0.981270,60873455,41
0,1662825803,0.822653,60874270,5
0,1116290863,1.099538,60875692,14
0,2236316101,0.942694,60881080,71
0,2441137681,1.075745,60881790,4
0,647201,0.849517,60882763,9
0,2479693487,0.978779,60887130,56
0,405357661,0.844907,60888675,16
0,733900927,0.942176,60893682,65
0,1976295479,0.858096,60894405,4
0,1603941319,1.002438,60895546,10
0,375126611,0.913227,60898036,29
0,3372893983,1.068458,60900100,23
0,1716478669,0.882225,60900621,1
0,1098877139,1.035031,60903361,33
0,834316607,0.834439,60904083,4
0,397248569,0.983258,60905350,12
0,1805693843,1.102642,60909701,56
0,3463005851,1.285055,60911896,25
0,2793312559,1.136229,60912550,3
0,2479365359,1.072563,60913417,6
0,2161603699,1.050483,60914067,3
0,3619844779,1.230314,60921586,101
0,203918831,0.921743,60923627,23
0,3021584711,0.509672,60924347,4
0,1784230601,1.107944,60928489,53
0,2101601611,1.104854,60930064,16
0,2008026679,0.945797,60931271,11
0,3990365437,0.855246,60933741,29
0,735481517,0.976781,60935920,25
0,366934301,1.095534,60937196,12
0,132363017,1.105296,60938041,6
0,2346068359,0.908403,60939948,21
0,1967928481,0.911086,60944721,62
0,2587750943,0.939581,60945447,4
0,867810259,0.855246,60946735,12
0,1016014199,1.061120,60947387,3
0,1734907373,0.908940,60952090,61
0,1778075531,1.037387,60953371,12
0,1998161479,1.037387,60954854,15
0,4134816683,0.877229,60958188,41
0,2593194209,0.924387,60959384,11
0,1220617129,0.815499,60960023,3
0,3942253747,1.006328,60961237,11
0,70416613,0.877786,60962376,10
0,1680169303,0.897588,60965732,42
0,2900406923,0.814900,60967493,19
0,2398024303,0.970764,60970256,33
0,453967781,0.913227,60971830,12
0,1192941103,1.033615,60972498,3
0,3689890861,1.066628,60976719,52
0,454190203,1.014061,60978358,17
0,4275479479,1.035031,60979228,6
0,3786674569,0.971267,60979871,3
0,1906774867,0.971267,60980382,1
0,1117358233,0.945797,60981300,7
0,2712585053,0.875558,60982508,11
0,2091796771,0.789333,60984060,16
0,1171306711,1.078012,60985127,9
0,524849459,1.101756,60985838,4
0,1292269631,1.073928,60986646,5
0,1651188569,1.066628,60987857,11
0,3661505489,0.771818,60990970,38
0,1815906439,0.846639,60993780,34
0,994579753,0.736201,60994699,7
0,851303857,1.111464,60995636,7
0,2678974453,0.975280,60997973,27
0,2048178367,0.958107,60999045,9
0,844902931,0.869402,61000173,10
0,3787283657,0.760345,61001248,9
0,98539319,0.942694,61002735,15
0,994278157,0.938541,61003315,2
0,3177670007,1.002438,61004749,14
0,4115958289,0.960652,61007080,27
0,3836113669,0.791804,61008709,17
0,2907680131,0.786855,61010763,23
0,3341945861,1.004385,61013139,28
0,527080621,1.064795,61014341,11
0,149952403,0.846639,61016599,26
0,2208861133,1.000976,61022136,73
0,3979564621,0.877786,61022719,2
0,2581795669,0.835609,61024509,19
0,1208594573,0.908940,61029780,69
0,744086713,1.008267,61031054,12
0,2839607369,1.129332,61031696,3
0,3823714711,0.940101,61033319,17
0,1174818641,0.939581,61035720,28
0,174587233,1.008267,61036987,12
0,3712738993,0.889391,61037579,2
0,171991081,0.913227,61038133,2
0,151660297,0.944247,61039617,15
0,2262234907,0.832682,61042498,35
0,312953149,0.766103,61043697,11
0,1404268279,0.797334,61048881,68
0,2181656671,0.846639,61050220,13
0,674017873,1.023646,61051483,12
0,1378198021,0.971267,61058466,94
0,3485096729,0.784369,61059473,8
0,1024034971,0.833854,61060191,4
0,2128997749,0.822059,61061762,16
0,3766340971,0.968750,61062279,1
0,1797098027,0.781875,61063065,5
0,4067766727,1.009718,61063999,7
0,666303397,0.940101,61064794,5
0,4064497889,0.972774,61066271,15
0,1917972671,0.784369,61067064,5
0,552682421,0.916963,61068192,10
0,444406901,0.880563,61071277,38
0,1248488893,1.064337,61073389,24
0,4184207561,1.199365,61074654,8
0,1762342727,0.817294,61076435,19
0,3774417929,0.997556,61081065,60
0,3527741033,0.908940,61084830,38
0,1573409353,1.122393,61086587,17
0,2053343233,0.939581,61087433,6
0,2146624889,0.851240,61088028,2
0,502338113,0.906789,61091674,46
0,2689434247,0.911622,61092177,1
0,1262689781,1.099538,61093461,12
0,288541511,0.958107,61094040,2
0,3494688019,0.818488,61094624,2
0,488498489,0.858096,61098910,55
0,1875160471,1.008751,61100691,19
0,3030397247,0.969758,61104564,49
0,171769699,0.986728,61105497,7
0,2491901381,0.781875,61110356,63
0,476195329,0.866589,61112528,25
0,3059835431,0.846062,61115697,39
0,631966229,0.844329,61116963,12
0,1891232627,0.817891,61117761,5
0,4243222603,1.065712,61119316,16
0,3647948809,0.812500,61120795,15
0,2354222449,1.007782,61124356,45
0,3243115063,1.021736,61124999,3
0,3011881651,1.070284,61130196,68
0,2312019713,1.031250,61133029,34
0,2253546109,0.848942,61133684,3
0,237138613,1.004871,61135653,22
0,4084307329,0.971267,61137695,23
0,3821460449,0.783746,61138765,9
0,134185693,0.939581,61139480,4
0,839355043,0.938021,61145160,75
0,137293991,0.978779,61148368,40
0,1681481303,0.981270,61149507,10
0,2319761371,0.895409,61151968,29
0,391425263,1.132786,61153243,12
0,1446763231,0.983258,61155127,20
0,2974846079,0.889391,61158574,43
0,964193383,1.037387,61159154,2
0,3736472329,0.907327,61159799,3
0,2644833151,0.876115,61160321,1
0,2445290279,0.938541,61161035,4
0,2960157857,0.880008,61163777,33
0,1525193237,0.978779,61165692,21
0,1050833401,0.851240,61166341,3
0,2879196031,1.000488,61167560,11
0,1901544629,1.004871,61169390,20
0,1448791649,0.846639,61171237,20
0,2559605227,0.940101,61176151,64
0,781789381,1.066170,61177522,9
0,3154829809,0.877229,61178278,2
0,520546349,1.099094,61182905,60
0,3864507191,0.858664,61184693,19
0,311021489,0.941657,61185625,7
0,1714391281,1.127168,61186482,6
0,2162430929,1.033615,61188369,21
0,1035374377,0.858664,61189364,8
0,2160497789,0.946313,61190358,8
0,4171128107,0.977281,61192269,21
0,997579283,0.880008,61193199,7
0,1878506107,0.910550,61195326,24
0,293205617,1.062500,61196890,16
0,3279853091,0.983258,61197755,6
0,252368483,0.818488,61198746,8
0,325289813,1.004385,61201479,33
0,2840781289,1.129332,61203382,21
0,2100660469,1.135799,61203966,2
0,1350496087,0.793652,61205811,20
0,3666702437,0.914830,61206460,3
0,3393140869,0.848367,61208852,28
0,2049992573,1.008751,61210478,17
0,2628333551,0.860369,61212320,20
0,630508171,0.855246,61213735,14
0,654639361,0.884436,61219768,80
0,1147606507,1.070284,61222104,27
0,3918690463,0.945797,61222689,2
0,3457047481,0.833854,61224404,18
0,1028087791,0.962683,61225498,9
0,1935297151,0.784369,61227978,27
0,3995064383,1.058356,61228597,2
0,2461281269,0.940101,61232672,52
0,850507643,0.938021,61236468,48
0,1486842607,0.797334,61238807,27
0,1217988923,1.115411,61239382,2
0,3401009779,0.906789,61240184,5
0,617316083,0.877786,61242041,20
0,2090605337,0.889391,61243452,14
0,1305483493,0.915364,61244178,4
0,3679601701,0.925971,61246172,22
0,1740423697,0.940101,61249129,36
0,4269851357,0.766103,61252351,40
0,3290594387,1.008267,61253699,13
0,999800701,0.989199,61256126,28
0,107168251,1.146496,61257743,17
0,1224448567,0.879453,61258612,6
0,3681466939,0.811899,61259904,12
0,2882786021,0.916963,61260699,5
0,2060000479,1.125434,61264454,47
0,1658382281,0.932277,61264971,1
0,418440689,0.796722,61266457,15
0,2777063819,1.004385,61268167,18
0,2446406173,1.003899,61270693,30
0,662100451,0.950432,61272540,20
0,2429615831,0.973777,61273347,5
0,1269877241,0.789333,61274352,8
0,4252769831,0.920152,61276328,22
0,2789814481,1.039268,61277317,8
0,1910191093,0.920152,61280762,37
0,2741882483,1.002438,61284317,44
0,1512123553,0.880563,61286631,27
0,2797665841,0.942694,61287141,1
0,1706270219,0.852959,61287938,5
0,359527807,0.877786,61288454,1
0,815579549,0.880008,61289242,5
0,4137312409,0.975280,61290943,18
0,65360821,0.991172,61294446,44
0,3267429349,1.037387,61300125,75
0,2868494417,0.851240,61301126,8
0,3365363389,0.877229,61302761,17
0,1865298709,1.238620,61305294,30
0,1078638433,1.062500,61306492,11
0,45910339,1.000488,61307120,3
0,358077943,0.986728,61309301,25
0,3769410173,1.002438,61311962,32
0,4275810887,0.908940,61315343,42
0,3540533743,0.908940,61317171,20
0,2251637677,0.945797,61318241,9
0,345471691,1.035503,61321265,37
0,2766003937,0.843750,61323246,22
0,79463533,0.818488,61326198,36
0,1106058241,0.969254,61327676,15
0,1912615169,1.137517,61328725,9
0,1455651563,0.940101,61330007,12
0,3712160173,0.940101,61332540,30
0,3140473859,1.002438,61333633,9
0,3449119007,1.037387,61337925,55
0,2713094089,0.969758,61342962,66
0,4210108897,0.915364,61345583,31
0,4015047461,0.946829,61346720,10
0,1908719201,0.781875,61347227,1
0,1781967751,0.844329,61348990,19
0,1512939949,0.848367,61351947,36
0,1135797757,0.863202,61352881,7
0,1854173669,0.938021,61354234,13
0,2807426273,1.095088,61355032,5
0,1068063163,0.863202,61355691,3
0,4164317593,1.012616,61356966,12
0,792249599,0.970764,61359084,24
0,550508327,0.846639,61359793,4
0,71640629,0.846639,61361959,25
0,3285506557,0.954021,61363040,9
0,443610719,0.817294,61364245,11
0,1256765291,0.971267,61365684,14
0,1832734769,0.920152,61367946,26
0,3241576501,0.973276,61373179,69
0,1742242009,1.002438,61376060,35
0,1398505319,0.846062,61376722,3
0,179741587,1.033615,61379028,27
0,683543009,0.893772,61379530,1
0,2043988741,0.973276,61385240,69
0,1889419351,0.852959,61385864,2
0,1650712417,0.950432,61388455,31
0,2888664217,0.944247,61389245,5
0,3230192177,1.070284,61390933,18
0,1232547973,0.973276,61391586,3
0,3518848439,0.895409,61392456,6
0,2012106839,0.875000,61393467,8
0,989056669,0.829745,61395176,18
0,3958792289,0.921743,61395901,4
0,1516700047,0.880563,61397034,10
0,2731006543,0.783746,61397760,4
0,695072401,0.995105,61398406,3
0,2152861637,1.066170,61399747,13
0,2539208797,0.846639,61402419,32
0,818970739,0.827978,61403959,16
0,2488201171,0.879453,61412915,122
0,2626455911,1.031723,61413423,1
0,1030071047,1.043020,61421004,102
0,3455174417,0.851240,61422068,9
0,3135466319,0.981270,61424198,24
0,405950641,0.753248,61428014,48
0,143574779,1.031723,61428665,3
0,2040172021,0.971267,61431202,30
0,898027877,1.004385,61433871,32
0,1890498521,0.814900,61434871,8
0,811556293,0.813101,61436352,15
0,671303713,0.911086,61436910,2
0,1074605299,0.813701,61438041,10
0,1904549299,0.718750,61439606,16
0,135418669,0.969254,61441010,14
0,2806074767,0.911086,61442854,20
0,507070463,0.916963,61443437,2
0,1892486539,1.110145,61445828,28
0,3751260523,0.784369,61446634,5
0,673259227,1.043020,61447139,1
0,642867163,1.016466,61448693,16
0,1094520139,0.713295,61449624,7
0,4176642499,0.975280,61450628,8
0,1293750611,0.882225,61451342,4
0,3514240579,1.055584,61452686,13
0,1807834283,0.924387,61456408,47
0,743375497,1.048157,61459135,33
0,1845536821,0.875558,61461105,22
0,1434454213,1.039738,61462449,13
0,223597939,0.985738,61465057,31
0,1745763893,1.033615,61467662,31
0,1796323741,0.938541,61473614,79
0,360853487,0.858664,61474683,9
0,2309907443,0.797334,61475199,1
0,2508901777,1.194878,61476477,12
0,1997806537,0.969254,61477619,10
0,3944601767,0.853531,61478707,9
0,3467233697,0.947859,61479702,8
0,1411018627,0.940101,61480837,10
0,1570380979,1.074382,61484329,40
0,669598063,0.942176,61484984,3
0,707269249,1.012133,61487530,28
0,1866075509,1.105296,61489946,28
0,4134175049,0.792420,61492327,28
0,2784578777,0.946313,61494605,26
0,3010404433,0.937500,61495116,1
0,1958395039,1.068458,61496259,10
0,1468949897,1.008751,61497891,17
0,2465357009,0.814900,61501265,42
0,1382427881,0.880563,61502470,11
0,1042063471,0.920152,61504382,21
0,2201241971,1.031723,61506147,19
0,3322892039,0.968750,61512461,84
0,3520783109,1.000488,61513531,9
0,506528887,0.851240,61514177,3
0,2901899569,0.911622,61514837,3
0,3493177859,0.884436,61515343,1
0,3269356861,0.969254,61516206,6
0,2082411131,1.012133,61517566,13
0,1586156279,1.043488,61519332,19
0,642974639,1.129332,61520393,9
0,620895749,0.938021,61524926,59
0,291818599,0.975280,61525915,8
0,4027002631,0.846639,61527407,15
0,1640384617,0.882225,61528188,5
0,2324163613,0.877786,61530611,28
0,1145653651,0.720107,61531817,11
0,3607771771,0.939581,61532759,7
0,638443901,0.817294,61534458,18
0,816632821,1.000976,61535530,9
0,2187145453,1.079370,61536045,1
0,2144750117,1.116723,61538314,26
0,3353756837,1.032669,61539595,12
0,4146601309,0.792420,61540178,2
0,648425831,1.000488,61543699,44
0,507880991,0.693863,61544844,10
0,2094715093,1.156672,61548081,40
0,1849891577,0.846639,61549285,11
0,724592311,0.914830,61549794,1
0,2403783047,0.946313,61551705,21
0,2688817283,0.853531,61552765,9
0,2573199437,0.971267,61554807,23
0,3281348281,0.973276,61555802,8
0,852487099,0.956577,61556321,1
0,1551768769,0.989199,61561027,61
0,612339877,0.973276,61561609,2
0,38285701,0.906789,61563071,15
0,2818005499,0.817294,61565686,31
0,1510652669,0.696672,61567811,24
0,2228950103,1.173020,61569586,19
0,563483749,0.877786,61571128,16
0,2512023743,0.852959,61572420,12
0,180082757,0.889391,61573204,5
0,496127651,0.969254,61574141,7
0,2307847193,1.064337,61575628,15
0,530103697,0.938021,61576967,13
0,3767960519,0.993632,61578309,13
0,1702520291,1.104854,61578963,3
0,2796373057,1.039268,61579463,1
0,373083197,0.970764,61582421,36
0,1682135419,0.914830,61583209,5
0,845609813,1.069371,61583790,2
0,3355013203,0.753248,61585693,21
0,4012259491,1.000000,61587318,13
0,3163216883,0.938541,61589122,17
0,1620597619,0.866589,61589649,1
0,363398209,0.914830,61592101,29
0,1219729139,0.925443,61594994,35
0,4027484477,0.858096,61596056,9
0,4016727503,0.941657,61596653,2
0,4003398593,0.846639,61598484,20
0,2614180489,1.101313,61598992,1
0,4207916899,1.004871,61599661,3
0,2061277663,0.911622,61600682,8
0,3888364481,1.159624,61602451,19
0,1720022089,0.690335,61603032,2
0,1091886869,0.735538,61608269,69
0,132910181,1.066170,61609817,16
0,2090366459,0.846062,61612500,32
0,679706033,0.813101,61614534,23
0,1371084877,0.813701,61615046,1
0,423319157,0.956577,61619413,56
0,822408973,0.773082,61620541,10
0,2382417199,0.768648,61622456,21
0,1160995159,0.978779,61625009,30
0,2798801363,0.864332,61626492,15
0,2029398871,0.858096,61627077,2
0,1361361857,0.888841,61628629,16
0,586931857,1.071652,61630113,15
0,579181157,0.820275,61631864,19
0,4286443307,0.879453,61634207,27
0,3837245887,0.970764,61636687,29
0,757788371,0.919621,61638243,16
0,1260499259,1.064795,61643152,64
0,2032753729,1.006328,61644428,12
0,2743526573,0.941657,61648981,59
0,1413265921,0.972774,61649895,7
0,193905379,0.939581,61650891,8
0,3859303937,0.983258,61651606,4
0,35988493,0.906789,61654466,35
0,4117460539,0.975280,61657309,34
0,2288900501,0.971267,61659146,20
0,2300857817,0.876115,61665822,89
0,663312997,0.981270,61667374,16
0,2387375863,0.939581,61670331,36
0,3012754403,0.938021,61671829,15
0,2668699783,0.914830,61672542,4
0,1015538681,0.942694,61673200,3
0,3205232237,1.017906,61675528,27
0,1340108899,1.222750,61677940,28
0,516469621,0.786234,61678796,6
0,3634437223,0.783746,61680352,16
0,550346633,0.824432,61685609,69
0,3970871477,0.864332,61686687,9
0,519179741,0.925443,61689245,27
0,2425217303,1.139661,61693031,35
0,1500359639,1.100870,61694500,9
0,2654878943,0.950945,61697089,27
0,137620099,1.040677,61697817,4
0,1383888421,0.850092,61701311,41
0,1342948969,0.942694,61704336,37
0,1858466947,0.880008,61707237,35
0,387723983,1.033615,61710465,40
0,3881677603,0.692454,61712455,22
0,4217086717,1.003899,61713400,7
0,3367092149,1.017906,61714826,14
0,481784959,1.043488,61718621,48
0,1597396561,1.000488,61719204,2
0,883809239,1.000488,61720143,7
0,4204434571,1.043488,61724219,52
0,399066431,0.969254,61726683,28
0,3297852911,1.032197,61728179,15
0,1504027069,1.095980,61730666,29
0,1640074109,1.106621,61734753,52
0,969479659,1.064795,61743699,122
0,3034591751,0.908940,61745107,14
0,1535220481,0.880563,61746866,19
0,333787579,0.969254,61748139,12
0,1612168109,0.858096,61748999,6
0,1836789607,0.941657,61753279,55
0,3610850171,1.004871,61753937,3
0,4150271339,1.004385,61754597,3
0,1722815749,0.969254,61756975,28
0,758547487,0.876673,61757626,3
0,3191599001,0.818488,61759190,16
0,965191627,0.915364,61764312,67
0,491219959,1.101313,61766644,27
0,1550702299,0.950945,61767719,9
0,3917770543,0.938541,61770492,33
0,1295332189,1.125868,61774407,50
0,4082395711,1.050019,61774992,2
0,2603419853,0.787475,61777605,31
0,274603897,0.973777,61778803,11
0,815041789,0.834439,61780980,25
0,4150135817,0.960652,61782194,11
0,1969163093,0.851240,61784174,22
0,3770444879,1.056047,61784833,3
0,3030212641,1.043488,61786028,11
0,2286236591,0.823246,61787253,11
0,3779593283,0.823246,61787828,2
0,4106620867,0.977281,61789174,13
0,1865509939,1.008267,61793547,50
0,3360846967,0.911622,61794662,9
0,3931470469,1.004871,61796365,18
0,2294296937,0.940620,61798529,25
0,2948769199,0.940101,61799053,1
0,3864223073,0.781875,61800256,11
0,1327775161,0.936979,61800982,4
0,3852180803,0.973276,61802685,18
0,1202300591,1.068458,61804176,15
0,3709611721,0.858664,61804693,1
0,1139387047,0.851240,61806610,21
0,3937460563,0.858096,61809208,30
0,1294992043,0.813101,61811886,32
0,600002747,0.817891,61814492,31
0,14747927,0.973777,61815110,3
0,1104260851,0.822653,61821829,90
0,602572073,0.844329,61825617,48
0,3391698767,0.884436,61826687,9
0,1373759837,0.920152,61832564,78
0,1994107537,1.157938,61833910,13
0,2115062797,1.062959,61834485,2
0,191281919,0.719429,61836471,22
0,3950623463,1.031250,61840269,48
0,2312699429,0.891036,61845881,74
0,4226058989,1.068458,61847024,10
0,2775759061,1.067086,61851016,51
0,2703034993,0.722139,61854093,38
0,314551297,0.875000,61855576,15
0,2866718563,0.753248,61857203,17
0,2611344389,1.069828,61858687,15
0,563388179,1.070284,61859269,2
0,3479345059,1.035974,61859785,1
0,2778768007,0.913227,61861194,14
0,598249357,0.844329,61866731,73
0,3602608169,0.916963,61868839,24
0,3094193551,0.956066,61872829,51
0,1194661327,0.973777,61874730,21
0,2085077437,0.977780,61876082,13
0,1555787081,0.855246,61877012,7
0,4087077773,0.848367,61878436,14
0,2807125817,0.813701,61881751,41
0,3946368373,0.907327,61883601,20
0,2892952567,0.848942,61884264,3
0,3972017429,0.939581,61887145,35
0,4073545823,0.875558,61890175,37
0,4246477831,1.208692,61893497,38
0,959044913,1.125868,61894081,2
0,3933780503,0.908403,61896342,24
0,4113175481,1.070740,61897149,5
0,3607045483,1.064337,61898035,6
0,3029972717,0.799169,61898900,6
0,4279637951,1.126735,61899772,6
0,3015348071,0.910550,61904898,67
0,3755764739,1.077106,61906186,12
0,1970179903,0.978779,61908958,33
0,1334335111,1.043020,61912328,42
0,1812364087,0.849517,61913329,8
0,3455621693,0.944247,61914756,14
0,2960264269,1.067086,61918475,47
0,2861324299,0.824432,61920243,19
0,3452377933,0.904092,61922428,25
0,3133373539,1.035031,61923785,13
0,3868038443,1.094643,61926388,31
0,1546451839,1.094643,61927118,4
0,3970596499,1.098205,61928546,14
0,600466793,0.851240,61930734,25
0,4277347379,0.889391,61932725,22
0,427271293,0.877786,61933304,2
0,1742681701,1.035974,61936276,36
0,1400082547,0.817891,61937967,18
0,3378766603,1.030776,61939173,11
0,249973897,1.067086,61940933,19
0,312633127,1.067086,61941991,9
0,3477509807,0.962683,61943133,10
0,868084843,1.056047,61944559,14
0,3962436397,0.940101,61946404,20
0,1812183683,0.988706,61947751,13
0,2766870709,0.906250,61949601,20
0,3107327021,1.038798,61951014,14
0,2717902441,0.875000,61951947,7
0,3252645943,0.969254,61952748,5
0,1679112739,1.068458,61954162,14
0,1779820901,0.869402,61956563,28
0,3776634187,0.978779,61958694,24
0,3070192093,0.844907,61961094,28
0,1620808729,0.876115,61962515,14
0,1662262409,1.085235,61968464,79
0,3369593891,1.031723,61970667,25
0,1893166819,0.914830,61973165,29
0,3877225361,0.755190,61974096,7
0,2289021023,1.048623,61975311,11
0,3105768011,0.855246,61976514,11
0,2983615333,0.751301,61979966,43
0,730316009,0.938021,61981455,15
0,3731548153,0.880008,61982683,11
0,292504139,0.925971,61983461,5
0,2616849629,0.854103,61986582,38
0,2468332927,0.945280,61988700,24
0,183530873,0.811899,61989202,1
0,2800206743,0.797334,61990415,11
0,2819522921,0.920152,61993260,34
0,2892243539,0.947859,61994188,7
0,347780021,0.940101,61995193,8
0,3435407047,0.942176,61998125,31
0,1995979189,0.793652,62000899,33
0,2470841099,0.986728,62001619,4
0,1796853907,1.033615,62002622,8
0,858439129,0.940101,62003837,11
0,67851571,0.910550,62005165,13
0,2427475931,0.938021,62005891,4
0,3772018741,0.908940,62007035,10
0,3423078473,1.032197,62008376,13
0,2533259821,0.877229,62010075,18
0,3603489187,1.066170,62010941,6
0,2028431513,0.843750,62013965,37
0,3138334777,1.068458,62014540,2
0,3859672099,1.223947,62015476,7
0,2007545569,0.773714,62016476,8
0,465563551,1.129332,62017766,12
0,3679472257,0.945797,62020213,29
0,423814411,1.031723,62021067,6
0,3486881231,0.933847,62022497,14
0,3242715241,0.942694,62024677,25
0,326285123,0.722139,62026025,13
0,279600553,0.879453,62027023,8
0,3909481567,1.043020,62029708,32
0,1568593787,1.164665,62030372,3
0,2109647161,0.942176,62030958,2
0,3860549377,0.804043,62033080,24
0,2378935061,0.908403,62034510,14
0,2987715377,0.846062,62039002,58
0,2297520559,0.902471,62044755,76
0,1599526387,0.822059,62045562,5
0,482745877,0.818488,62049969,57
0,4095827501,1.017906,62051252,12
0,1320528719,1.066628,62051994,4
0,650672989,0.879453,62052851,6
0,597207311,0.971267,62056144,41
0,449758597,0.822059,62058397,26
0,3929872237,0.863202,62059328,7
0,2571150403,1.043488,62060108,5
0,2664198839,0.973276,62063132,37
0,2672308729,1.235067,62063851,4
0,67526141,0.940101,62066716,35
0,176120569,1.104854,62067984,12
0,635843713,1.064337,62069458,15
0,3778150021,0.843750,62073454,51
0,3217636547,0.750651,62076066,31
0,479395933,0.978779,62077118,9
0,2758553813,1.033615,62083760,89
0,955781441,0.942694,62087523,48
0,2475722531,1.035503,62094497,93
0,652065809,0.975280,62095846,13
0,3987185129,0.844329,62101801,73
0,1176014431,0.941657,62103519,18
0,1150220927,1.003899,62105018,15
0,664678253,0.908403,62105950,7
0,2834877701,0.791187,62107292,13
0,1570545551,0.793036,62109413,24
0,2526007571,0.911622,62113706,55
0,3154611091,0.822059,62115263,16
0,1452517441,1.194470,62117592,27
0,2433484639,1.031723,62120320,33
0,50852111,0.813701,62121163,6
0,845562233,0.998534,62122940,19
0,1644182983,0.971267,62124353,14
0,3648207679,0.991172,62125012,3
0,3883824661,0.877229,62127058,23
0,2886287003,0.815499,62128061,8
0,1533352027,0.927551,62130241,25
0,1101241991,1.111903,62131461,11
0,3263783077,0.883883,62132457,8
0,2519156681,1.000488,62135210,33
0,2217368779,0.991172,62136898,18
0,3302682653,0.894864,62141159,55
0,3827356531,0.911622,62142376,11
0,915580111,0.781875,62143233,6
0,1209982381,0.946313,62144717,15
0,4243931147,0.954021,62145997,12
0,3481166921,1.017426,62146926,7
0,3055051157,0.938021,62147917,8
0,736662337,1.038798,62150785,35
0,2264737099,0.938541,62151582,5
0,2235162161,1.063419,62152299,4
0,1215327133,0.911622,62153434,10
0,2165997341,0.804043,62154021,2
0,2655934241,1.101313,62155507,15
0,4155286241,0.915364,62156088,2
0,3159599381,1.031250,62156675,2
0,2943135593,0.839108,62158302,17
0,2643897857,0.939581,62159998,18
0,627656233,1.128899,62162033,23
0,3580143503,0.911086,62164651,31
0,2716515713,0.970764,62166549,21
0,4061171669,0.911622,62168385,20
0,3605379317,1.079370,62170849,29
0,2631893603,0.884436,62171363,1
0,1563827497,0.855246,62173342,22
0,2510037799,1.039268,62175041,18
0,1662922717,0.946313,62176324,12
0,3168533449,0.760345,62178677,27
0,447511721,0.952484,62182959,55
0,1562393359,1.039268,62183753,5
0,3514635647,0.877786,62185743,22
0,2331224887,1.151171,62186614,6
0,4215295589,1.001951,62189222,31
0,4070045647,0.940101,62191144,21
0,1524582277,0.787475,62193472,27
0,3561476279,0.791804,62194269,5
0,787540739,0.789333,62195624,13
0,2304747859,1.168432,62196277,3
0,3036815129,1.156672,62199218,36
0,964309693,1.002438,62201109,17
0,2814412751,0.846639,62203760,29
0,986639623,0.919621,62207294,44
0,60832529,1.043020,62211480,54
0,2673202361,0.864897,62215569,52
0,3055963831,0.938021,62216154,2
0,3449438687,0.907327,62217584,14
0,1843886909,0.944247,62221531,50
0,1940009293,0.844907,62223517,22
0,1068438667,1.066628,62227509,49
0,1374247591,1.066628,62228729,11
0,1557429217,0.983258,62230223,15
0,4271225323,1.094643,62231587,13
0,859125689,0.911622,62232443,6
0,1715996897,1.047225,62233156,4
0,1972169831,0.907327,62237704,59
0,1090090877,1.003899,62238584,6
0,2592995773,0.930180,62240770,25
0,2634462899,0.919621,62243521,33
0,3414042389,0.721462,62246197,32
0,2558989061,0.910550,62247255,9
0,3287862623,0.915897,62250228,36
0,2204911003,1.099538,62252496,26
0,1485351299,1.066628,62253971,15
0,1296548291,0.972774,62256086,24
0,150117281,0.942176,62258616,30
0,2466826793,0.880563,62260094,15
0,20833039,0.879453,62262005,21
0,4209670529,0.876115,62264949,36
0,2204378513,0.983258,62267389,29
0,2959060393,0.942694,62269583,25
0,399481681,0.971267,62273725,53
0,3315639853,0.977281,62275064,13
0,2139463411,0.732211,62277183,24
0,1041698639,0.877786,62288734,159
0,2899709807,0.981270,62289612,6
0,310137881,1.067086,62290179,2
0,138607537,0.880563,62292144,22
0,1434797737,1.160465,62293482,13
0,446006117,0.972774,62294128,3
0,1746772103,0.846062,62295680,16
0,4026685681,0.908940,62297654,22
0,877703089,0.880008,62298504,6
0,3371140147,0.880563,62299577,9
0,3284974477,0.725512,62300456,6
0,3156511361,0.844907,62302570,24
0,3884394967,0.942694,62304038,11
0,3229509469,0.977780,62305103,8
0,964573301,0.908403,62306687,16
0,1149272183,1.069828,62308303,17
0,1663964293,0.884436,62309860,16
0,2779348399,0.931229,62311143,12
0,2110888753,1.061581,62311662,1
0,2401689827,1.008751,62315525,49
0,2345672171,0.818488,62316392,6
0,1998615683,0.947859,62317038,3
0,3175935109,1.037387,62320198,39
0,448186679,0.877786,62321899,18
0,1040197261,0.850666,62324206,27
0,4108525241,0.888841,62329042,63
0,3170308373,0.971267,62330386,13
0,3826889933,0.981270,62333259,35
0,4005037331,0.815499,62333844,2
0,617512697,1.079370,62335539,18
0,3759443881,0.973777,62336817,12
0,300973723,0.844329,62339355,30
0,3167678623,0.972272,62340850,15
0,389872211,1.095534,62345297,57
0,2630431841,0.972272,62345937,3
0,4200695537,0.846062,62347697,19
0,2582794471,0.844907,62348903,11
0,2364482597,0.941657,62349626,4
0,4006501189,1.125868,62350767,10
0,4208014583,0.854103,62352466,18
0,2950544683,0.844329,62353344,6
0,3324316379,0.844907,62354686,13
0,329073013,0.888841,62355189,1
0,1843811609,0.851240,62360117,64
0,1148696327,0.977281,62363966,49
0,1985315939,0.705724,62364544,2
0,3053680999,0.817294,62366824,26
0,1271089991,0.901929,62367756,7
0,1718118769,1.017906,62368540,5
0,448467893,0.932277,62369682,10
0,3009872141,0.883883,62370957,12
0,1494269351,0.939581,62372029,9
0,4000018483,0.913227,62372619,2
0,1774232311,0.869402,62373825,11
0,1108412717,0.880563,62374463,3
0,210574873,0.993141,62375246,5
0,3184888033,1.097761,62376825,16
0,3581446469,0.815499,62377683,6
0,2483764561,1.064795,62380567,35
0,2532190109,1.094643,62384013,43
0,1548104947,0.844907,62386824,34
0,3140595637,1.031723,62388179,13
0,3747868457,0.876115,62389260,9
0,105616183,0.858664,62390674,14
0,3874246931,0.969758,62391462,5
0,2180312507,1.074382,62394773,41
0,122218237,0.891036,62395832,9
0,4214028293,1.003899,62398525,32
0,2827246867,0.977281,62399314,5
0,247974641,0.940101,62402872,45
0,1653757337,1.007782,62406426,41
0,1375295371,0.891036,62409358,35
0,2139925157,0.946313,62412318,36
0,3483998383,1.067086,62414854,30
0,2174340439,0.907327,62415506,3
0,78516869,1.097316,62416566,9
0,2985756737,0.969254,62417695,10
0,419475439,1.073928,62420588,35
0,241053479,0.950432,62424820,54
0,1328520289,0.920152,62427662,34
0,3748538083,1.024123,62429153,15
0,1274143939,0.906250,62430714,16
0,2983797863,0.978779,62435486,62
0,1578775169,1.031723,62437308,20
0,1746587393,0.962683,62440318,37
0,2100363143,0.914830,62442998,32
0,3240699853,0.962683,62444130,10
0,744732971,1.032197,62444645,1
0,3446410283,1.110145,62446480,20
0,538038311,0.932801,62448088,17
0,1440978349,1.002438,62448891,5
0,380149061,1.000488,62452185,41
0,1699385759,1.135799,62453119,7
0,3689029991,1.052341,62455652,30
0,2195708227,1.158360,62456591,7
0,2104709557,0.877229,62457386,5
0,128081809,1.130628,62458295,7
0,158240861,1.078012,62460268,22
0,4184327503,0.813701,62461414,10
0,2283556183,0.820275,62463524,24
0,3917475383,0.782499,62465098,16
0,280305737,0.971267,62466082,8
0,2104793489,0.973777,62471782,75
0,1153344461,0.908940,62473626,20
0,3667115923,0.814900,62474978,13
0,3227742373,0.884988,62476193,11
0,3154277171,0.947859,62476702,1
0,690239399,0.921743,62478042,13
0,1591350389,0.877786,62479881,20
0,57752273,0.820275,62480792,7
0,1947833411,1.007782,62482344,16
0,854252923,0.971267,62482999,3
0,397934483,0.797334,62486296,41
0,289045019,0.827978,62487009,4
0,3739345859,1.129332,62488231,11
0,1486767577,0.864897,62489991,19
0,1992131201,0.993141,62492807,34
0,2252632523,0.818488,62495063,26
0,1062739297,0.796722,62503659,117
0,3829293443,0.956577,62504862,11
0,427893023,1.004385,62506617,19
0,1877150263,0.875558,62507201,2
0,2221044233,1.044891,62508616,11
0,2814551,0.939581,62509625,6
0,326823143,0.973777,62510719,9
0,4167753599,0.849517,62515501,62
0,3681228559,0.973777,62516157,3
0,3283758311,0.956066,62516741,2
0,1695220133,0.879453,62522394,75
0,100828859,0.978779,62524503,24
0,3830370107,0.907327,62530398,78
0,2966739913,0.724838,62531397,8
0,679802657,0.782499,62532522,10
0,1233424183,1.006328,62533941,14
0,783669427,0.971267,62536836,35
0,855412223,1.070284,62538535,18
0,180705947,0.976781,62542043,44
0,2870353751,0.756482,62544224,25
0,1035699733,0.949404,62548143,50
0,3007168279,0.880008,62549012,6
0,430494269,1.038798,62551956,36
0,325545497,0.969758,62552460,1
0,39066737,0.853531,62552953,1
0,1663849609,0.801000,62554582,17
0,2500558201,0.921743,62556767,25
0,1058168473,0.908940,62558898,24
0,336844583,0.913227,62559959,9
0,187354393,0.834439,62560528,2
0,4081178317,0.813701,62561759,11
0,671300561,0.938021,62563513,19
0,1061503021,0.882225,62564432,7
0,1366665493,1.017906,62564947,1
0,2428477211,0.848367,62565464,1
0,4033263727,0.908940,62568296,34
0,3321861589,0.891036,62569094,5
0,3938065739,1.110145,62569754,3
0,851536747,0.903552,62570332,2
0,4236031843,0.956577,62572604,26
0,1172770903,0.950432,62573390,5
0,3332461723,0.946313,62574948,16
0,508403639,0.760987,62576367,14
0,2194672789,0.895409,62577491,10
0,604106383,0.968750,62579039,16
0,3494974481,0.993632,62581062,23
0,2027428969,1.062959,62581709,3
0,1005684431,0.939581,62582709,8
0,3852431797,0.877786,62585247,30
0,3816008191,1.000488,62586125,6
0,248288693,0.911086,62586974,6
0,1149929167,0.827978,62591680,61
0,4030634677,0.962683,62593243,16
0,3739651247,0.822653,62593838,2
0,466371109,1.032197,62594336,1
0,3039886079,1.031723,62595135,5
0,145589201,0.940101,62596825,18
0,1707653141,0.752600,62597616,5
0,2644622083,0.877229,62599380,19
0,3044695067,0.849517,62602196,34
0,2412420929,1.000488,62608207,80
0,1506477613,1.078917,62608852,3
0,670020097,0.973276,62613545,56
0,3592352171,0.978779,62614938,13
0,1947649159,1.043488,62616078,10
0,3071389207,0.827388,62616813,4
0,1766427317,0.920152,62617675,6
0,2100806857,1.000488,62618403,4
0,4274378257,0.978779,62620380,22
0,1445409661,0.973777,62620895,1
0,4216393693,1.132354,62623025,24
0,465126253,0.882225,62626964,50
0,1021042961,1.081178,62628171,11
0,3371478463,0.942176,62630989,34
0,3033400549,0.852959,62634633,46
0,313320509,1.104854,62635761,10
0,714489833,1.073928,62636966,11
0,346725139,1.037387,62637747,5
0,1406741101,1.129332,62639031,12
0,3691664131,1.068458,62639679,3
0,629215619,1.094643,62640522,6
0,3710955373,0.950432,62642657,24
0,584196017,1.126735,62643164,1
0,511156039,0.787475,62644241,9
0,1760178397,0.911622,62652314,109
0,930385451,0.876115,62654926,31
0,412489897,1.063419,62656324,14
0,3964715257,0.853531,62656901,2
0,2383467199,0.843171,62657483,2
0,3301336501,1.006328,62658063,2
0,3954378587,0.952484,62660606,30
0,217390109,1.050019,62663078,29
0,3968634983,1.064337,62664503,14
0,2225246831,0.853531,62665843,13
0,447174703,1.008267,62667676,20
0,505265317,0.911086,62668253,2
0,2874347809,0.993141,62668760,1
0,109086979,0.849517,62671003,26
0,2214842659,1.002438,62676107,67
0,1280782973,0.846062,62676759,3
0,4055158693,0.910550,62677414,3
0,858800119,1.043488,62679253,20
0,2532661459,0.942176,62680127,6
0,639040313,1.068458,62681540,14
0,4194021371,0.933847,62686136,59
0,2708124911,1.004871,62689025,35
0,3324573719,0.853531,62690028,8
0,2813677183,0.971267,62690909,6
0,3761865953,0.751301,62695595,61
0,198600757,0.884988,62697428,20
0,1585425449,0.787475,62698160,4
0,1858988993,1.000000,62704038,78
0,1358692463,0.971267,62705237,11
0,1255139731,1.001951,62706968,18
0,3513846283,0.971267,62708999,23
0,1591676213,0.822059,62710834,20
0,988632107,1.000488,62711483,3
0,2438628193,0.981767,62713719,22
0,2852835509,1.006328,62718866,56
0,3397758781,0.793652,62720849,20
0,3106615231,0.970764,62722560,18
0,965220439,0.811297,62723132,2
0,2146408973,1.070740,62723790,3
0,60814249,1.009718,62724294,1
0,2905890727,0.911622,62724881,2
0,706333123,1.035974,62727391,29
0,827569817,1.040677,62730495,38
0,4041246829,1.073928,62732749,26
0,753832637,0.970764,62733539,5
0,875809163,0.877786,62734329,5
0,299295197,0.921743,62738733,57
0,1993920697,0.844907,62744548,77
0,1265768789,1.012133,62747365,34
0,3722062937,0.848942,62748712,13
0,2543334701,0.848942,62750690,22
0,3828455927,0.784369,62753507,34
0,984871253,1.003899,62756531,37
0,2648914039,1.098205,62757548,8
0,4247376383,1.127168,62759259,18
0,388081717,0.894864,62760881,17
0,2313705167,0.818488,62761949,9
0,3801482033,0.958107,62763639,18
0,1015823521,1.070284,62764982,13
0,2721247153,0.793652,62766394,14
0,1630079551,0.876115,62768011,17
0,2584085081,0.817891,62768718,4
0,3124738693,0.786855,62770900,25
0,1632605171,0.955044,62773930,37
0,1124402561,1.070740,62775129,11
0,4167869449,0.844907,62779746,60
0,2964656297,1.004385,62780388,3
0,2836805801,0.766103,62781935,16
0,2996704031,1.033142,62783780,20
0,1192179869,0.888841,62787076,41
0,408814141,1.003899,62787783,4
0,3154736317,0.784369,62789130,13
0,2379246083,1.002438,62790279,10
0,1719170239,1.017906,62793367,38
0,3538471597,0.981767,62793950,2
0,3960381133,0.805862,62795657,18
0,715029541,0.903552,62797084,14
0,344537647,1.067086,62800789,47
0,3580849199,0.876115,62804517,47
0,766204301,0.820275,62805720,11
0,3520677427,1.035974,62807745,22
0,2216813629,1.033615,62808751,8
0,298614011,0.886090,62810034,12
0,1151003827,0.911086,62813326,41
0,455786503,0.973276,62817183,42
0,3472969873,0.875558,62818898,18
0,47645831,0.950432,62820735,20
0,2293344601,0.793652,62823464,33
0,43726321,1.032197,62826408,36
0,2014884491,0.846639,62827261,6
0,3227165897,0.877786,62827909,3
0,2719133383,0.844329,62834350,86
0,1964244059,0.970764,62836412,23
0,1882156487,0.781250,62837760,13
0,4044530927,0.920152,62840086,27
0,1119000229,0.864332,62841494,14
0,790162673,0.981270,62843541,23
0,938660347,1.164665,62846498,36
0,598043687,1.008751,62851682,68
0,2737270927,0.972774,62853033,13
0,3157895311,0.969254,62856200,39
0,2941661543,0.906789,62861049,63
0,3353401451,0.762910,62861638,2
0,1458672697,1.164665,62862843,11
0,581430323,0.886090,62863638,5
0,2160311143,1.070740,62867098,43
0,3861952687,1.039738,62872571,72
0,4001273257,0.981270,62880264,104
0,1199394979,0.940101,62882173,21
0,2900911373,0.866589,62883313,10
0,1249798427,0.946829,62888210,64
0,2423184833,0.981270,62889642,14
0,2969288197,0.946313,62890790,10
0,1629493343,1.171354,62892561,19
0,2047640269,0.910550,62894253,18
0,953690383,0.941657,62897284,37
0,1174781129,0.820275,62899321,23
0,441138421,1.225542,62899969,3
0,3311667769,1.038798,62901234,12
0,2770239569,0.970764,62903550,27
0,1112294647,0.985738,62906224,32
0,1882182647,1.099538,62908340,24
0,1949982973,0.889391,62911283,36
0,1979333641,0.908403,62912565,12
0,918773777,1.024123,62913549,8
0,1462384481,0.793652,62914135,2
0,2164315961,0.956066,62917906,44
0,2095323193,1.035503,62919507,15
0,2153994761,0.783746,62920446,7
0,1169809243,0.937500,62921532,9
0,3942053807,1.047225,62922561,8
0,4194821921,1.004871,62923706,10
0,1761590021,0.950432,62926035,27
0,907921699,1.071652,62928487,29
0,426447743,0.882225,62928997,1
0,4189517867,0.911622,62929662,3
0,4208364751,1.004385,62930458,5
0,1199511979,0.877229,62934108,46
0,1231537547,1.157938,62934897,5
0,1566811237,0.895409,62937301,28
0,1067411923,0.877786,62938515,11
0,1386602663,0.844907,62939588,9
0,2339495869,0.760987,62940803,11
0,81222007,0.969758,62943544,33
0,1607947097,1.074382,62945264,18
0,1133420711,0.853531,62946124,6
0,168310621,0.960652,62948663,30
0,1117142393,1.090173,62951752,38
0,1210978801,0.901929,62952610,6
0,2439431627,1.066628,62954864,26
0,3558096299,1.031723,62957893,37
0,2815340179,0.846062,62962114,54
0,2209266253,1.048623,62963951,20
0,2712516517,1.007782,62964681,4
0,4248679247,0.793652,62965973,12
0,2109956533,0.948889,62967529,16
0,4193984071,1.043488,62968908,13
0,3055674569,0.860369,62970464,16
0,1541299229,0.924387,62970988,1
0,4195119647,0.849517,62972061,9
0,3298623253,0.886090,62974530,29
0,1321139447,0.981767,62976946,28
0,4112356439,0.973276,62978852,21
0,1581890039,0.877786,62980845,22
0,3997107251,0.773082,62982469,17
0,816449783,1.000976,62984381,21
0,657987167,1.063419,62987459,38
0,1367089699,0.817891,62990912,43
0,1314677197,0.797334,62997115,82
0,1570540493,0.886090,62998814,18
0,3315302119,0.846639,63001985,39
0,2121958529,1.035974,63003481,15
0,1115285989,0.969254,63005251,19
0,2427818017,1.075745,63006667,14
0,561346501,0.849517,63008727,23
0,850612271,1.008751,63010769,23
0,2549182399,0.827978,63011711,7
0,224978701,0.720107,63012213,1
0,2867870869,0.827978,63014192,22
0,4082159689,1.198143,63014975,5
0,1582029829,0.945797,63015694,4
0,2259655781,1.094196,63016207,1
0,543268111,0.989199,63017769,16
0,2298828919,1.098205,63019976,22
0,1003160299,1.024123,63022891,33
0,168056323,0.814900,63024377,15
0,1384941263,1.129332,63025104,4
0,2022432463,1.129332,63030356,69
0,2793587491,0.817891,63032822,29
0,1791009391,0.969254,63035155,27
0,3140680661,0.889391,63035744,2
0,1264994723,0.820275,63037650,21
0,62411677,0.913227,63038773,10
0,3102087551,0.942694,63040760,22
0,1202099933,1.166760,63042317,16
0,531387257,0.911622,63043042,4
0,1191595003,1.064795,63047114,52
0,4214057279,0.849517,63050646,44
0,3224349203,0.893772,63051578,7
0,2283285607,1.070284,63052574,8
0,94037627,1.104854,63053078,1
0,3809307421,1.008751,63054491,14
0,300457979,0.981270,63055350,6
0,4261634519,0.969254,63056564,11
0,1976909489,0.813701,63057357,5
0,2267284381,1.070284,63058277,7
0,1129512467,0.888841,63059838,16
0,1818251803,0.880563,63062094,26
0,556596071,0.939581,63062751,3
0,3319737649,0.971267,63063329,2
0,2875473067,0.906789,63064825,15
0,3336762683,0.908940,63065550,4
0,2195380531,1.098205,63066564,8
0,4068806839,0.910550,63067489,7
0,2347256567,0.836193,63068490,8
0,3692389087,1.129764,63069212,4
0,487164859,1.035974,63070343,10
0,916052647,0.984747,63071480,10
0,2679133463,0.920152,63074574,38
0,2963060977,1.017906,63076408,20
0,2752869479,0.937500,63077753,13
0,941583151,1.035031,63080220,29
0,2665917799,0.755837,63081017,5
0,3996422953,1.070740,63087824,91
0,2583977119,0.942694,63089663,20
0,2049589897,0.864332,63090591,7
0,3503631223,0.815499,63091799,11
0,1808993701,0.938541,63092727,7
0,1316155361,0.827388,63093809,9
0,116900921,0.952484,63095932,24
0,3671880257,1.071652,63096789,6
0,3782202967,1.037387,63098837,23
0,4094845141,1.048157,63099412,2
0,767115137,1.054659,63100345,7
0,368712283,0.884436,63100993,3
0,2925302683,0.876115,63103464,29
0,2560942757,0.908940,63105661,25
0,8976301,0.914830,63108095,29
0,4030800443,0.973777,63114536,86
0,181834787,1.031723,63117001,29
0,4001574809,0.891036,63120516,44
0,3835239619,0.970764,63121665,10
0,2950729213,1.070284,63124853,35
0,1611356069,0.958616,63127841,36
0,4286466781,0.938541,63129410,16
0,1056695603,0.973276,63131249,20
0,3143662127,1.067086,63134003,33
0,3774863531,0.784369,63134800,5
0,1244235961,0.984747,63135304,1
0,2354600467,0.693863,63135879,2
0,3326879533,0.725512,63140050,53
0,1030944359,1.067086,63141273,11
0,3929659033,0.908403,63141857,2
0,3272301293,1.086584,63144521,32
0,2673659297,0.844329,63145458,7
0,3847739671,1.105296,63146884,14
0,2994691529,1.038798,63147747,6
0,1836464827,1.098205,63150234,29
0,2787835979,1.073928,63151229,8
0,2794864759,0.950432,63151805,2
0,3751584899,0.946313,63153435,17
0,3351682297,0.978779,63154931,15
0,2234284567,0.833854,63155927,8
0,3447613843,0.950945,63156790,6
0,1400374267,0.945797,63158708,21
0,444914879,0.973777,63165447,90
0,145047373,0.727528,63166441,8
0,1171761953,1.098205,63168974,30
0,1967556179,1.105296,63169760,5
0,3078404003,0.911086,63170767,8
0,3259866131,1.114973,63175797,66
0,622578251,1.033615,63176304,1
0,3538369973,0.940101,63177593,12
0,949797617,0.918559,63178098,1
0,242760871,0.940101,63181890,48
0,3568610909,1.032197,63183254,13
0,1522266917,0.939581,63185034,19
0,2212956743,0.950432,63186038,8
0,2880278923,0.952484,63186828,5
0,411846731,0.940101,63187958,10
0,2392319833,1.001951,63188758,5
0,1906715383,0.988706,63189993,11
0,1990478977,0.985738,63194004,51
0,476550827,0.968750,63194790,5
0,293744839,0.913227,63198408,46
0,3457882091,0.981767,63198925,1
0,693201419,0.752600,63199577,3
0,3429607607,1.001951,63200161,2
0,3460886101,0.973777,63201367,11
0,38338127,0.880563,63202420,9
0,1729176853,0.875558,63203551,10
0,2065183711,0.906789,63206596,37
0,1112794087,1.044891,63208857,26
0,3402499873,1.000488,63210264,14
0,3297964427,1.004871,63211333,9
0,3537704801,0.938021,63212050,4
0,2789480051,1.001951,63212564,1
0,23852483,0.942694,63215651,38
0,3157410461,1.043020,63216366,4
0,2638624763,1.033142,63217509,10
0,869225653,1.073928,63218716,11
0,1352604833,0.907327,63222913,54
0,2596286491,0.941657,63223639,4
0,1529018087,0.940101,63224909,8
0,4140560741,1.100870,63228149,37
0,3826581617,0.852959,63228896,4
0,514350803,0.939581,63230941,23
0,4001974411,0.938541,63233900,36
0,911700623,0.908403,63234830,7
0,1387290601,0.864332,63238681,49
0,471200819,1.070740,63239532,6
0,2694066173,0.968750,63243125,45
0,2983879649,1.064795,63245792,32
0,1585540699,0.911622,63251597,77
0,2280725191,0.877229,63252672,9
0,2606667733,0.817294,63256686,51
0,238234237,0.921743,63257468,5
0,2983448977,0.852959,63260031,30
0,1349796179,1.019344,63262068,23
0,1459455563,0.955044,63263833,19
0,608954323,0.858664,63266241,28
0,1029587413,0.981270,63267668,14
0,2714426287,1.100870,63270561,35
0,4240621387,1.000488,63272059,15
0,1551245963,0.906789,63272574,1
0,2985140707,1.002438,63274065,15
0,4179527909,0.858096,63274855,5
0,3012066139,1.167178,63275855,8
0,2752789693,1.066628,63277559,18
0,3241781167,0.910550,63278490,7
0,831695401,0.814900,63279269,5
0,3735620773,0.944247,63282855,45
0,2010827213,0.813701,63283720,6
0,725657953,0.906789,63284774,9
0,1585005613,0.848367,63285569,5
0,3268031861,1.007782,63286844,12
0,1218334589,0.971267,63288893,23
0,1120331629,1.035503,63289757,6
0,3723255199,0.939581,63290766,8
0,2583166123,0.877229,63292483,18
0,2531225701,0.908940,63296545,52
0,824929961,0.880008,63301054,58
0,3619672099,1.015505,63304919,49
0,3624280703,0.983258,63307864,36
0,472549013,0.981270,63308579,4
0,2985400597,0.784369,63309652,9
0,1019749793,0.913227,63310362,4
0,1051097207,1.037387,63312689,27
0,2646708293,1.035503,63313550,6
0,546084053,0.920152,63315027,15
0,1476304717,0.841432,63317367,27
0,1279202521,0.907327,63318429,9
0,1613475893,1.066170,63319577,10
0,2172124547,1.008267,63322394,34
0,145189757,0.834439,63323393,8
0,153820327,1.111464,63324033,3
0,1795713107,0.970764,63325027,8
0,1285153423,1.006328,63325961,7
0,478105499,0.725512,63327379,10
0,2530015391,0.955044,63328608,11
0,3113140243,1.000976,63329817,11
0,2380270853,0.908940,63330613,5
0,618835543,1.002438,63331684,9
0,43727753,1.098205,63334068,28
0,2037831113,1.110145,63340744,89
0,4093566509,1.064337,63341476,4
0,1535148347,1.097316,63342543,9
0,2584307969,0.880563,63343117,2
0,4065475109,0.891036,63343632,1
0,226452959,0.911086,63344986,13
0,3740441567,0.977281,63346976,22
0,790045759,1.109705,63347633,3
0,1541505047,0.753248,63348773,10
0,2094549871,0.911622,63350687,21
0,2216293327,0.937500,63352106,14
0,3920265653,0.853531,63355575,41
0,4083633557,1.062959,63356310,4
0,1947558391,0.876115,63356892,2
0,2003666671,0.971267,63357695,5
0,2431307269,1.004385,63360165,29
0,26635657,0.915897,63361217,9
0,548741813,1.222350,63362206,8
0,3167717363,1.156672,63362796,2
0,211156403,0.813701,63363790,8
0,2624267057,0.815499,63364784,8
0,1162488737,0.880563,63366396,17
0,2542951721,1.090173,63368578,25
0,719763131,0.955044,63370066,15
0,2081944679,0.947859,63372112,23
0,1744477283,0.899761,63374926,34
0,2104456763,0.938541,63375449,1
0,194813249,1.068458,63376021,2
0,1161382867,0.873883,63378147,24
0,3211431859,0.884988,63379852,18
0,329773079,0.911086,63381138,12
0,2267609579,0.899761,63384786,46
0,3827300177,0.805862,63385369,2
0,1607174081,0.803435,63388535,39
0,2648403413,0.915364,63390319,19
0,1144671433,1.003899,63394871,59
0,138787679,1.048623,63396564,18
0,754972453,1.048623,63397429,6
0,2242180751,0.846062,63398158,4
0,561012451,0.915364,63401098,36
0,1383069749,1.040677,63404349,40
0,869448893,0.781875,63404863,1
0,1955530979,1.063419,63405719,6
0,3815701661,0.846062,63408045,27
0,2398387843,0.947859,63409741,18
0,2730676349,1.102642,63410891,10
0,3430698877,0.877229,63417967,95
0,2115940901,0.937500,63420699,33
0,2704618571,1.225542,63421898,11
0,2055152123,0.866589,63423400,15
0,3481561033,0.877229,63424121,4
0,4117901917,0.944247,63424912,5
0,3052320353,1.091516,63425645,4
0,2099969089,1.033615,63427685,23
0,2450932259,0.970261,63431780,46
0,1259071669,0.880008,63433227,14
0,705356153,0.804043,63433941,4
0,1565472977,0.971267,63434453,1
0,2195824621,0.862070,63437482,37
0,420286739,1.063419,63438962,15
0,2818820713,1.035974,63440025,9
0,1842458587,1.039268,63446270,83
0,59265139,0.846062,63447315,9
0,2043521537,0.977281,63449564,26
0,3208264849,1.001951,63450980,14
0,3049592867,1.043020,63451561,2
0,4275598981,0.941657,63454451,35
0,1482574519,0.983258,63457688,40
0,251819627,0.904092,63459656,22
0,1089001909,0.958616,63460512,6
0,920110447,0.913227,63461375,6
0,2315942089,0.849517,63462928,16
0,1683489077,0.811899,63464060,10
0,4117175681,0.851240,63465475,14
0,34104997,1.167178,63466035,2
0,586576093,0.817891,63466546,1
0,1459190431,0.975280,63467143,2
0,3886673249,0.971267,63468283,10
0,107171717,1.073928,63469684,14
0,620771461,0.969758,63471858,25
0,611887711,0.908403,63473201,13
0,3372571681,0.911622,63473912,4
0,3076759853,0.858664,63475535,17
0,3555804023,1.132786,63477245,18
0,1746758327,1.039268,63479853,31
0,2023697257,0.978779,63480366,1
0,2753793587,0.983258,63483530,39
0,1962650843,1.158360,63486858,41
0,3616287967,0.911622,63487514,3
0,1801775951,0.882225,63489290,19
0,2787676679,0.983258,63491390,24
0,1626199537,0.855246,63493678,26
0,2277185957,0.929129,63499363,75
0,4147006687,0.913227,63499952,2
0,985110377,0.939581,63502478,30
0,1837857899,1.002438,63505097,31
0,675421337,0.827388,63505739,3
0,2332840789,0.786855,63507922,25
0,1583661403,0.930180,63511923,51
0,3279839183,1.109705,63512932,8
0,3724460101,1.017906,63513662,4
0,2571507241,0.879453,63514300,3
0,1740504193,0.829745,63516905,31
0,2240251499,0.942176,63524467,102
0,1895483717,1.068458,63526612,24
0,1192356239,0.875558,63527332,4
0,3881485159,0.781875,63528619,12
0,2239212601,0.848367,63529340,4
0,1174528499,0.942694,63533185,43
0,1576795189,1.000488,63534026,5
0,711569813,0.971267,63537390,42
0,2396538227,1.035503,63538109,4
0,1083780869,1.048623,63538619,1
0,1915178581,0.822653,63539338,4
0,1852688821,1.006328,63542289,36
0,1363607639,0.942694,63543636,13
0,1513196021,0.938021,63544354,4
0,1590468059,1.074382,63547928,45
0,2045534833,0.799169,63548508,2
0,3711387139,1.132354,63549158,3
0,2315781173,0.971267,63549661,1
0,2195275351,1.126735,63550243,2
0,3429522391,1.097761,63551183,7
0,3885369401,0.910550,63556209,66
0,1708977467,1.062500,63556867,3
0,4208157071,1.066628,63559465,31
0,313655959,0.983258,63561307,20
0,2049252649,0.863202,63564749,43
0,4093749697,1.106621,63566231,15
0,958303831,1.104854,63567582,13
0,2315798077,1.064337,63568154,2
0,2426264219,0.722139,63569154,8
0,3422528359,0.940101,63570164,8
0,2777629163,0.906789,63571795,17
0,2542446377,0.820275,63572720,7
0,1922568763,1.128467,63578254,73
0,3880079131,0.852959,63580041,19
0,927890683,0.911622,63580567,1
0,1472656877,1.002438,63585268,61
0,1665236137,1.035503,63588770,44
0,3685035037,1.037387,63589489,4
0,601727011,1.012133,63590202,4
0,3305802733,0.920152,63593074,35
0,3952052869,1.037387,63593863,5
0,704607301,0.913227,63594376,1
0,3763466461,0.895409,63595096,4
0,3998553899,1.161727,63596034,7
0,879040639,0.919621,63599066,37
0,165078181,0.882225,63600330,12
0,583686431,0.911086,63602933,31
0,3522092267,0.891036,63604704,19
0,78915803,0.971267,63605755,9
0,3136435037,0.914296,63608015,26
0,3282237967,1.064795,63611668,46
0,3947422733,0.753248,63614121,29
0,2372930029,1.100870,63615818,18
0,2060123893,1.093750,63618293,29
0,622287823,0.761629,63619574,12
0,2203734227,1.063419,63620498,7
0,329267143,0.815499,63621698,11
0,381562261,0.815499,63622762,9
0,2506329029,0.866589,63624870,24
0,383270971,1.129332,63628236,42
0,2427660467,1.163827,63630418,25
0,263243777,0.844329,63637929,96
0,1595304787,0.969254,63640083,24
0,721170353,0.848367,63641291,11
0,2383576781,1.043488,63644518,40
0,1830401959,0.988706,63645938,14
0,1725294161,0.813701,63650772,63
0,471016853,0.855246,63652598,20
0,1590636499,1.093750,63656464,49
0,400718807,0.976781,63660053,45
0,1900922941,1.001951,63661327,12
0,4049233871,0.906789,63661984,3
0,4037634617,0.796722,63664188,25
0,2659553119,0.955044,63666598,28
0,197058151,1.130628,63669056,29
0,382228151,0.969254,63670119,9
0,3152996813,0.784369,63671475,13
0,3655723361,1.101313,63672132,3
0,3714423731,0.945797,63673346,11
0,38005819,0.942694,63673840,1
0,3591266761,0.846639,63674763,7
0,2931343321,0.956577,63675284,1
0,803809477,0.946313,63676989,18
0,3612037771,0.814900,63678058,9
0,2103661877,0.954021,63679074,8
0,1194043793,0.908403,63680629,16
0,4051202801,0.940101,63683734,38
0,110514497,0.882225,63687784,52
0,2007731057,0.933847,63688726,7
0,256354409,1.071652,63689228,1
0,3233907797,1.050483,63689728,1
0,2233673863,0.975280,63690508,5
0,1284328673,0.877229,63694909,57
0,4011051293,1.074382,63698140,40
0,1354657441,0.775605,63699761,17
0,580472003,1.167596,63705510,76
0,1309415209,1.062959,63706013,1
0,49983049,0.797334,63707896,21
0,2934951871,0.882225,63710238,27
0,1274184853,0.940101,63712010,19
0,3396311837,0.858664,63714419,28
0,1928547151,1.260115,63715005,2
0,1755647057,0.970764,63716484,15
0,1941781321,0.783746,63717215,4
0,1655683231,1.067086,63717731,1
0,1725185303,0.782499,63723763,80
0,1401241783,0.813701,63724970,11
0,136688837,1.025552,63725466,1
0,233822401,0.850666,63726047,2
0,1690022239,1.115848,63730358,55
0,2844350449,0.843750,63731234,6
0,544714307,0.983258,63733892,32
0,3860350111,0.846062,63736691,30
0,1139608741,0.818488,63738121,14
0,2039063119,0.820275,63740328,15
0,2442829933,0.978779,63741880,14
0,2664623477,1.033142,63743536,17
0,1450378201,0.880563,63745517,22
0,3458567513,1.033615,63746443,7
0,923580611,0.895409,63747595,10
0,1476606577,0.820275,63751389,48
0,3007216939,1.068458,63752618,11
0,1273175093,0.852959,63753685,9
0,3152313299,1.078012,63754904,11
0,3049993901,0.941657,63758134,40
0,2628079859,0.987223,63759634,15
0,1026160943,1.064795,63762171,30
0,461095501,0.976781,63765255,38
0,368456069,1.050019,63766530,12
0,1589322587,0.880563,63768789,26
0,376273033,1.032197,63771953,39
0,1184683909,0.815499,63772611,3
0,462945367,0.927551,63773830,11
0,507411889,0.978779,63774339,1
0,3295748143,0.942694,63775052,4
0,4248057029,1.035503,63777667,31
0,4192918313,1.047225,63778183,1
0,520965733,0.940101,63779617,14
0,504342149,0.812500,63780399,5
0,1664968517,0.882225,63781047,3
0,2502716773,0.853531,63782461,14
0,4103677757,1.109705,63784521,23
0,1243054349,1.104854,63785376,6
0,2651115349,0.818488,63787275,21
0,1036569307,0.851240,63789045,19
0,3036352411,0.970764,63794942,78
0,2885280859,0.995105,63796364,14
0,3649499369,0.911086,63798965,31
0,724182539,0.812500,63799886,7
0,4029049483,0.977281,63801650,19
0,432812293,0.973276,63803562,21
0,340175323,0.873883,63805600,23
0,1343606809,1.000976,63806595,8
0,295756781,1.043020,63807975,12
0,3027173419,0.889391,63810889,35
0,2628701401,0.928078,63812313,14
0,3739393223,0.938541,63815002,32
0,536367551,1.035974,63817053,23
0,1438895797,0.986728,63818193,10
0,1871651129,1.073928,63822687,58
0,87561043,0.889391,63824168,15
0,1976378981,0.985738,63824896,4
0,589527073,0.969254,63826295,14
0,2762026391,0.969254,63827358,9
0,1518929837,1.068458,63828075,4
0,1100476787,0.853531,63829353,12
0,2118528299,0.915364,63831463,24
0,4214117669,0.973276,63832470,8
0,1333770017,1.006328,63833338,6
0,792182309,1.006328,63834278,7
0,1496533937,0.973276,63834994,4
0,155614369,1.066170,63835836,6
0,3514155143,0.975280,63838504,32
0,2136930581,0.729539,63841020,23
0,631656089,1.040677,63842049,8
0,607249499,0.804043,63842988,7
0,2460781969,1.004871,63843910,7
0,2625614951,0.817891,63845749,20
0,1824087481,0.797334,63846689,7
0,2347575553,1.067086,63847542,6
0,831841471,0.823246,63848623,9
0,2240460151,0.908940,63851649,37
0,2083162171,0.751301,63854041,28
0,241814003,0.883883,63854624,2
0,3218561803,0.782499,63856198,16
0,3160484141,0.981767,63857892,18
0,2908112807,0.913227,63858967,9
0,1819144609,0.814900,63863876,64
0,2285835089,0.823246,63865422,16
0,206804029,0.886090,63866337,7
0,4047018253,0.756482,63866985,3
0,3455834051,0.793652,63867655,3
0,1508191339,0.762910,63869908,26
0,2179250813,1.002438,63873131,40
0,2423558479,0.875558,63874195,9
0,99960389,1.097316,63874969,5
0,2829061,1.035031,63877180,26
0,124376513,1.033615,63886820,132
0,3942657571,0.884436,63887609,5
0,3857542099,0.987223,63889602,22
0,850566019,1.013098,63890733,10
0,3816932503,0.985738,63891867,10
0,2024351669,0.877786,63892378,1
0,4099309171,0.915364,63893522,10
0,232549439,0.895409,63894246,4
0,3665953981,1.000488,63895799,16
0,1896616573,0.986728,63896306,1
0,1730909267,0.797334,63897093,5
0,123339257,1.067086,63902014,64
0,2120207519,1.031723,63904203,25
0,743208251,0.830333,63908680,58
0,2813396167,0.915364,63911070,28
0,1543547491,0.875558,63912560,15
0,1551698767,1.082983,63914828,26
0,969512849,0.975280,63916801,22
0,1256082137,0.789333,63918639,20
0,348187643,0.941657,63919641,8
0,3221733811,0.827388,63921689,23
0,1923993443,0.950945,63923039,13
0,653461637,0.880008,63926275,40
0,3737860109,0.789333,63928262,22
0,1426518073,0.970764,63929819,16
0,4071013757,0.971267,63936182,85
0,3858323449,1.066628,63938177,22
0,4178446637,1.039268,63941781,42
0,630444523,0.789333,63943965,25
0,3043423843,1.157094,63946359,28
0,515962787,0.950432,63947908,16
0,1120587653,1.050019,63949460,16
0,489008887,0.877229,63956619,96
0,1306395089,1.033142,63957471,6
0,407465923,1.025076,63957982,1
0,2729274257,0.696672,63958769,5
0,842003993,0.889391,63959418,3
0,359609011,0.791187,63961469,23
0,1370189567,0.973777,63963118,17
0,1790119537,0.869402,63965455,27
0,457034833,0.755837,63966384,7
0,3367656541,0.822059,63967252,5
0,1527826231,1.127168,63970443,39
0,2432340839,0.973276,63971601,10
0,3523466867,1.136229,63973084,15
0,2082218893,1.098205,63974923,20
0,1951342163,0.911622,63976061,10
0,2409396701,0.977281,63976789,4
0,1679683289,0.860369,63979756,36
0,178204139,0.849517,63982419,32
0,1684226891,0.817294,63985795,42
0,1415134957,0.908940,63987422,17
0,3437705197,1.004871,63990443,37
0,2529883163,1.035974,63992988,30
0,2361269399,0.971267,63994826,20
0,3665000393,0.969758,63999597,62
0,3467654423,0.906789,64000524,7
0,1571569861,0.915364,64001892,13
0,1241842661,0.994614,64003680,19
0,3692551091,0.928078,64004970,12
0,2849376641,1.000976,64006305,13
0,2758594441,0.975280,64007168,6
0,2830911731,0.860369,64008728,16
0,2702053813,0.942176,64013352,60
0,537302569,0.938021,64015097,19
0,606974561,0.911086,64016925,20
0,1873701343,0.882225,64017795,6
0,58226111,0.852959,64018369,2
0,3023718359,0.988706,64019855,15
0,2432772467,0.877786,64021816,22
0,2459967407,0.942694,64023665,20
0,134262217,1.220752,64025002,13
0,52722629,0.799169,64026192,11
0,763822567,0.806468,64028303,24
0,2662605821,0.973777,64029452,10
0,2011716221,1.066628,64032130,32
0,2313477611,0.942176,64034674,30
0,3806811539,0.758416,64036584,21
0,2457689041,0.981270,64040727,53
0,2244073081,0.808886,64042836,24
0,3554207249,1.104854,64045824,31
0,1546759037,0.851240,64046445,2
0,4232918567,1.079370,64047036,2
0,3608120077,0.939581,64048812,19
0,2981170417,0.813701,64049387,2
0,3724253321,0.970764,64051159,19
0,776621939,0.889391,64052304,10
0,455723551,1.101313,64054756,29
0,1857710677,0.932277,64060567,77
0,3959142589,0.730876,64061230,3
0,4059555883,0.787475,64062590,13
0,546696551,0.876115,64065050,29
0,31236217,1.127168,64066860,20
0,134470327,0.888841,64067645,5
0,4119483523,1.014061,64069083,14
0,3695360693,0.864897,64072880,48
0,1047260849,0.941657,64075758,35
0,1448919739,1.031723,64076341,2
0,2784503009,1.068458,64078871,30
0,4135040011,0.995105,64079457,2
0,3594595003,0.975280,64080946,15
0,3702313859,0.791804,64088703,105
0,1105021339,1.064337,64090048,13
0,3961125811,0.970764,64093581,44
0,88029017,0.919621,64095749,25
0,2940769187,0.852959,64100870,67
0,3325923113,0.889391,64102224,13
0,3612532361,0.852959,64108563,84
0,1024389697,1.107944,64109206,3
0,905455813,0.913227,64110416,11
0,2448716233,0.977780,64112813,28
0,2847135191,0.787475,64114247,14
0,1749892849,0.981767,64115043,5
0,2719250173,0.975280,64116328,12
0,623200379,1.055584,64117751,14
0,3296644721,0.941657,64119735,22
0,316898297,0.705032,64120453,4
0,392343389,0.939581,64121394,7
0,2305864597,0.844907,64122609,11
0,2830330753,1.033142,64123184,2
0,1304250551,1.115848,64123914,4
0,2204743897,0.908403,64125825,21
0,418830791,0.940101,64126824,8
0,2323191961,1.127168,64129433,31
0,764616977,0.784369,64130704,12
0,63047843,0.940101,64135871,68
0,3866089483,0.945797,64136602,4
0,3879651827,1.034559,64137686,9
0,1090267523,1.073928,64138623,7
0,1777325447,0.941657,64141036,28
0,2240794511,0.908403,64144206,39
0,1543966079,0.911086,64145204,8
0,2899201271,1.094643,64148461,35
0,2376232997,0.889391,64150680,25
0,1742469403,0.908403,64153848,39
0,3274546591,0.875558,64156390,30
0,878504117,1.064795,64156967,2
0,2781235999,0.842012,64158174,11
0,1260217381,0.916963,64159876,18
0,2412410309,0.964203,64162619,33
0,3111187841,0.983258,64163832,11
0,491620531,0.860369,64165517,18
0,425560021,1.017426,64166233,4
0,4280792617,1.188322,64166957,4
0,1201970983,0.937500,64167616,3
0,701107697,1.135799,64169175,16
0,3644445229,0.880563,64174239,66
0,4202841821,0.755837,64175808,16
0,2174582239,0.886090,64177172,13
0,911104097,0.880563,64179346,25
0,1499396099,0.858664,64179858,1
0,495410701,1.064795,64184570,61
0,1042789411,0.919621,64187517,36
0,672887123,1.069828,64195500,108
0,1379727409,0.970764,64196771,12
0,2558299189,0.981270,64199650,35
0,2586686563,0.969254,64201966,27
0,2612184457,1.068458,64205493,44
0,2486545091,1.035503,64208877,42
0,2734636753,0.864332,64210240,13
0,905872061,0.858664,64212288,23
0,2385848293,0.752600,64213704,14
0,549911617,0.938541,64214900,11
0,2007198269,0.971267,64215637,4
0,3461683501,1.171354,64219010,42
0,1352397149,1.073928,64219731,4
0,467012167,1.024123,64220235,1
0,3369035203,0.963190,64221380,10
0,2040476239,0.906789,64222045,3
0,2655060491,0.853531,64225133,38
0,2382471607,1.000976,64227717,29
0,1889010661,1.064795,64228235,1
0,197850671,0.844907,64232016,48
0,2049966307,1.129332,64233636,17
0,4086635789,0.872205,64235190,16
0,1116923597,0.889391,64235841,3
0,2597607799,0.981767,64237333,15
0,652842121,1.099538,64238465,10
0,2872618351,0.813701,64239761,12
0,2497840561,0.963190,64241166,14
0,2862858211,1.071652,64245684,58
0,3767876729,1.098205,64246539,6
0,1680057383,0.938021,64249049,26
0,3275440219,1.000976,64249703,3
0,3527082677,0.940101,64253100,40
0,1231656253,0.811899,64254407,12
0,1508319671,0.822059,64255478,9
0,694447469,1.063419,64256263,5
0,4135908103,0.914830,64258113,20
0,1265010169,0.970764,64258630,1
0,3093788869,0.858664,64262949,55
0,2021715211,0.973276,64263672,4
0,2074612961,1.037387,64264316,3
0,634338401,0.815499,64268236,50
0,3813646699,1.007782,64271536,41
0,956903093,0.994614,64274070,30
0,571948591,0.725512,64278008,50
0,2875306873,0.987223,64280258,26
0,2974727321,0.978779,64281056,5
0,2174728991,0.913227,64281721,3
0,3186033419,0.981767,64282303,2
0,2894716771,1.048157,64283722,14
0,1160357357,0.848367,64284718,8
0,1709271229,0.946313,64286065,13
0,3884675407,0.846639,64288388,27
0,306590611,0.882225,64289306,7
0,709897417,0.791187,64289876,2
0,2223372677,0.848942,64291640,19
0,2993753573,1.071652,64292984,13
0,1317528983,0.941657,64295802,34
0,1341166909,1.002438,64296525,4
0,3563061323,1.002438,64300666,53
0,1383744421,0.969254,64305722,66
0,1070411401,0.973276,64308984,40
0,471087601,0.844907,64309630,3
0,4127144491,0.877786,64310222,2
0,4182536623,0.946829,64310877,3
0,2739116251,0.973276,64311735,6
0,107092003,1.035503,64312366,3
0,2557998841,0.908940,64312953,2
0,1886889223,0.787475,64314241,12
0,852802537,1.032197,64316504,26
0,2258838817,1.067086,64317002,1
0,1712206631,0.884436,64318008,8
0,1748058281,0.942694,64320465,29
0,1924734269,0.911086,64321264,5
0,3640698527,0.975280,64322055,5
0,3963374561,0.787475,64324183,24
0,2169413849,0.930180,64325180,8
0,308517191,0.930180,64328539,42
0,3757531753,0.784369,64329272,4
0,3099419009,0.985738,64330676,14
0,363679829,0.919621,64332505,20
0,1924662067,0.971267,64333505,8
0,1477471453,1.064795,64334291,5
0,3432814279,0.827978,64335151,6
0,2951577779,0.993632,64338317,39
0,3203176723,0.709175,64339180,6
0,1240541707,1.012133,64341109,21
0,1592598649,1.070740,64345050,50
0,4111237337,0.822653,64347989,36
0,297954311,0.945797,64348835,6
0,852281387,1.025552,64349686,6
0,1103779241,0.815499,64350541,6
0,4164110021,0.977281,64351689,6
0,1974711227,1.105296,64355648,48
0,2895609331,0.947859,64357672,22
0,602529233,0.907327,64359850,25
0,608954057,0.972774,64363242,42
0,3888645461,1.000488,64366049,34
0,3114702103,1.033142,64366638,2
0,1350950873,0.971267,64367644,8
0,3853535669,0.815499,64369195,16
0,284857549,1.094643,64370748,16
0,2383686449,0.789333,64373825,38
0,793016303,0.762910,64374970,10
0,3473444111,1.038798,64376040,9
0,3237920527,0.942694,64376635,2
0,3205722757,0.886090,64378965,27
0,2378370077,0.830921,64379750,5
0,2596174939,1.099538,64383497,47
0,1619984929,1.040677,64384060,2
0,2696742379,0.877229,64385754,18
0,2052802099,0.941657,64386267,1
0,2556967487,1.037387,64389166,35
0,1209872221,0.820275,64394575,71
0,1896078307,1.126735,64395791,11
0,1712375653,0.792420,64397346,16
0,253412777,1.035031,64399381,23
0,393688853,0.940101,64402614,40
0,3220361857,0.960652,64405439,34
0,450965023,1.035974,64407349,21
0,1817663599,0.971267,64408003,3
0,3828582679,0.814900,64409570,16
0,1904492411,0.822653,64412333,33
0,1876762799,1.101313,64413844,15
0,3022184267,0.915897,64416892,37
0,3965749637,0.855246,64417467,2
0,3810057473,0.911086,64419522,23
0,37312823,1.039268,64420440,7
0,4146736717,1.000976,64421238,5
0,371924713,1.035503,64421818,2
0,430614167,1.008267,64423172,13
0,938092853,0.822059,64424314,10
0,589981309,0.766103,64424890,2
0,2081302079,0.938021,64427286,28
0,18109969,0.691042,64429241,22
0,3395244701,0.972774,64430526,12
0,537345827,1.035503,64431669,10
0,878289743,1.054196,64434261,31
0,384949979,1.037387,64437641,42
0,3945703513,0.968750,64440753,38
0,3017055409,0.914830,64444116,42
0,114425579,1.039268,64451724,103
0,134629289,0.996576,64453922,21
0,1151069009,0.877786,64455706,17
0,2749852811,1.098205,64460184,57
0,554284673,0.880563,64462772,31
0,3281295697,0.884988,64463761,8
0,2157908281,0.977780,64464400,3
0,2486953411,0.853531,64466241,20
0,2429788919,0.973777,64467248,8
0,3124885909,0.942176,64472743,72
0,2681767603,1.023646,64473745,8
0,3547070159,0.910550,64476093,27
0,2940199331,0.895409,64478070,22
0,3944408387,1.000976,64479278,11
0,292752673,1.137517,64480820,16
0,1060831201,0.848942,64484205,42
0,618468451,0.999023,64485619,14
0,3935540177,0.983258,64486685,9
0,3960973087,0.911622,64491609,64
0,2615782651,0.875558,64493040,14
0,1291029673,0.882225,64494938,21
0,4107798221,0.945797,64496211,12
0,2356835177,1.058356,64497419,11
0,3064949933,1.009718,64499258,20
0,1119856537,0.976781,64500618,13
0,2215656293,0.978779,64504550,50
0,1913391119,1.204241,64506377,20
0,3141546797,1.000488,64506885,1
0,681481523,0.753248,64515419,116
0,388882961,0.858096,64516129,4
0,2607257641,0.942694,64517982,20
0,884636149,0.841432,64521288,41
0,1699821349,0.757128,64522003,4
0,3657295843,1.095980,64522529,1
0,2882423339,1.070740,64523397,6
0,3496621873,1.187911,64529679,84
0,4221322073,0.970764,64533824,53
0,41377807,0.968750,64537959,53
0,458428609,1.033142,64540580,31
0,187188607,0.946313,64541220,3
0,1179310651,0.907327,64541871,3
0,2900812639,0.916963,64544275,28
0,1928060947,1.002438,64545342,9
0,834852581,0.882225,64547325,22
0,1814064113,0.820275,64548391,9
0,2369179003,0.834439,64553366,65
0,2843384171,1.000976,64554512,10
0,2921003191,0.719429,64557762,35
0,2480650747,0.846639,64560489,32
0,2701836097,1.073928,64561409,7
0,3410113981,1.064795,64562484,9
0,1781455339,1.070284,64564330,20
0,3598942033,0.851240,64568131,48
0,1481662163,0.827388,64569977,20
0,2395104589,1.014061,64571415,14
0,1534463443,0.981767,64573419,22
0,4156990423,0.844329,64575190,19
0,1958359969,0.889391,64576466,12
0,2834130223,0.880563,64577058,2
0,4158987809,0.908403,64579309,26
0,1705554889,1.064795,64579886,2
0,934580953,0.942694,64581807,21
0,3698186743,0.942176,64583588,19
0,2508725669,1.064795,64584231,3
0,3657434167,1.064337,64585010,5
0,3091334479,1.006328,64585660,3
0,1219674089,0.843750,64587700,23
0,4284809197,0.827388,64591660,50
0,3162894121,0.952484,64594347,32
0,4218951029,1.008267,64595565,11
0,1835446931,1.012616,64596286,4
0,700167467,0.983258,64597151,6
0,1502904743,0.853531,64598075,7
0,519523687,0.969254,64600473,28
0,1865694269,0.913227,64601478,8
0,3683024941,1.082983,64603677,25
0,1679579173,0.846639,64604604,7
0,3183218513,0.952484,64605683,9
0,120539831,0.942176,64609678,51
0,1147261559,0.973777,64610889,11
0,2164672571,0.858664,64613694,34
0,3474932179,1.032197,64617271,45
0,1023586307,1.035031,64618116,6
0,4057536019,0.941657,64619181,9
0,1223477579,0.752600,64621039,20
0,1562164003,0.818488,64621968,7
0,2798388763,1.069828,64623030,9
0,2163549697,0.875558,64624584,16
0,522176971,0.718750,64625998,14
0,1226843089,0.977780,64629072,38
0,2752849681,0.950945,64629781,4
0,2340153551,1.099538,64632044,26
0,1810840093,0.822653,64635694,46
0,1616313857,1.073928,64637520,20
0,418730509,0.940101,64638161,3
0,807523729,1.064795,64639075,7
0,2080255951,1.064337,64640720,17
0,1619475257,0.911086,64644978,55
0,2778908123,0.866589,64645491,1
0,3223695653,0.911622,64647398,21
0,2974039139,1.078917,64648321,7
0,410767999,1.127168,64649319,8
0,833368387,1.008267,64649961,3
0,2623311577,0.880008,64651867,21
0,4018232677,1.101756,64655728,49
0,4233092029,0.732211,64656948,11
0,1341858767,1.067086,64659218,22
0,2323774681,0.938021,64660769,15
0,247470599,0.942694,64661836,9
0,787660891,0.820275,64663871,23
0,30498623,0.836193,64666463,31
0,2588015891,0.977281,64668108,17
0,537993187,0.791187,64672316,54
0,1097769797,0.952484,64674635,27
0,2596412807,0.880563,64675422,5
0,370015871,1.075745,64677681,26
0,3149678899,0.944247,64678473,5
0,2040210167,0.973276,64679900,14
0,690125743,0.983258,64681879,22
0,3367768301,0.911622,64683429,16
0,4074113081,1.064795,64685624,25
0,3524766199,0.911622,64688103,29
0,532525613,0.981767,64690582,29
0,3698382899,0.913227,64691788,11
0,4015387549,0.815499,64695723,50
0,4246479667,0.907327,64697640,21
0,2027374061,0.817294,64698505,6
0,1322294329,0.916963,64703275,62
0,2636858033,0.880563,64706301,37
0,94478513,1.050483,64712296,80
0,1276553099,0.975280,64715749,43
0,2246283187,0.913227,64716619,6
0,3649587959,0.846062,64718529,21
0,1920884177,0.883883,64719814,12
0,3165496751,0.915364,64722283,29
0,257892043,0.946313,64723350,9
0,2910813511,0.952484,64724429,9
0,4234225027,0.879453,64725440,8
0,464135389,0.969254,64727644,25
0,3082988929,0.940101,64731519,49
0,1012682393,0.891036,64735803,55
0,1606315489,0.938541,64739941,53
0,2248512127,0.886090,64742050,24
0,758556257,0.876673,64743116,9
0,484151413,1.068458,64747258,53
0,2051011111,1.101313,64750292,37
0,2596018973,0.876115,64751081,5
0,97469093,0.942176,64752481,14
0,3023140067,0.829745,64754947,29
0,3138698999,1.070284,64757482,30
0,2738983913,0.891036,64758483,8
0,25550807,1.000488,64759399,7
0,3581901599,0.907327,64761548,21
0,814532737,0.855246,64763246,18
0,573853439,0.766103,64765646,18
0,1910883509,0.946829,64769576,48
0,2370801593,0.973777,64771491,21
0,3115780799,1.035503,64772641,10
0,779229179,0.915364,64773987,13
0,3184032149,1.006328,64775135,10
0,229996747,0.973777,64775711,2
0,2019109733,1.008267,64779578,49
0,1835259443,0.818488,64780233,3
0,2881437527,0.911622,64781314,9
0,2774837279,0.940101,64782458,10
0,3949290517,0.956577,64783045,2
0,288972811,1.012616,64787748,61
0,2975713973,1.015505,64788965,11
0,2122268947,0.891036,64790106,10
0,2012286071,0.924387,64793623,44
0,1627566751,0.938021,64794964,13
0,584753731,0.791187,64796025,9
0,2750479367,1.032197,64796961,7
0,462646489,1.066170,64798027,9
0,2628097291,0.955044,64801677,46
0,2037496429,1.033615,64804284,31
0,2805663719,0.849517,64809684,69
0,1984277129,1.035031,64811892,25
0,3688787629,1.062959,64815203,41
0,473089861,0.938021,64815853,3
0,979998781,1.000488,64816985,10
0,1835165639,1.019344,64820501,44
0,1378441027,1.012133,64824238,47
0,237945271,0.833854,64827615,42
0,1913580241,1.017426,64829242,17
0,4146326621,0.724164,64832266,37
0,233707541,0.973276,64833330,9
0,2811536801,1.062959,64834254,7
0,291776663,0.981767,64839232,65
0,939348559,0.891036,64841844,31
0,291057061,1.008267,64843109,12
0,2330120189,0.851240,64843837,4
0,947334431,0.950945,64846997,39
0,3066630583,0.822653,64848898,21
0,661893137,0.882225,64849679,5
0,1444007261,0.886090,64851109,14
0,1157865637,0.877229,64851617,1
0,172826177,0.786855,64852110,1
0,2583998359,1.033615,64853600,15
0,1293072931,0.906789,64857534,50
0,2828091391,0.946829,64861832,55
0,19214081,0.971267,64864092,22
0,2526511037,0.888841,64867069,33
0,3273905471,1.128467,64870385,41
0,1247435227,0.950945,64871941,16
0,661949671,0.880008,64873293,13
0,1829217157,0.975280,64875191,21
0,1861334093,1.043488,64876054,6
0,1529818943,0.981767,64877693,17
0,65107513,0.848367,64878398,4
0,3610232519,0.913227,64882055,46
0,2165755789,0.906789,64883350,12
0,931534619,0.924387,64884357,8
0,777391723,0.908403,64885004,3
0,305815513,0.946313,64885997,8
0,490518937,0.883883,64888732,33
0,1496408191,1.086584,64889878,10
0,2219751563,1.094643,64893450,45
0,3162756659,1.054659,64898637,68
0,4206755279,0.942694,64899444,5
0,3894569317,0.786234,64901074,17
0,1443231667,1.187911,64903272,25
0,679583423,1.035503,64905882,31
0,3131703727,0.925443,64910495,60
0,2783111381,0.970764,64911076,2
0,1095041567,0.950945,64912687,17
0,1198295027,0.817294,64914523,20
0,578671631,0.895409,64916993,29
0,2261677771,0.869402,64922319,70
0,2525040871,0.820275,64923032,4
0,2020638287,0.915364,64924107,9
0,3492081361,0.846639,64924769,3
0,3987378559,0.940101,64926546,19
0,1974234649,1.000976,64930750,54
0,3477710003,1.003899,64933077,27
0,2016282491,0.879453,64936993,50
0,2444660111,1.081178,64937582,2
0,2729862151,0.699470,64941839,55
0,1858148641,1.012133,64947159,70
0,4102884913,1.067086,64951080,50
0,3324434803,0.971267,64951670,2
0,3878812403,1.139661,64952331,3
0,1612001803,0.818488,64953884,16
0,384286949,0.942176,64954674,5
0,3185527409,0.902471,64960851,82
0,2235541421,0.975280,64964157,41
0,4103381707,1.000488,64967985,43
0,2638749769,1.039738,64970200,25
0,518687123,0.919621,64973352,39
0,3357570283,0.987223,64973858,1
0,2334690653,0.944247,64976322,29
0,2800933063,0.848942,64977255,7
0,478936561,0.752600,64980576,41
0,1682806819,0.889939,64983026,29
0,1383892723,0.969254,64983615,2
0,2011415267,1.024123,64986235,31
0,2706679567,0.822059,64987515,12
0,1828544383,0.895409,64992434,64
0,2030754643,0.938021,64993024,2
0,2714953259,0.883883,64994229,11
0,168980173,1.173436,64996262,23
0,2614756681,0.973276,64998446,25
0,1770242849,0.912157,65003352,64
0,215173703,1.063419,65004408,9
0,2967575057,1.067086,65006451,23
0,488709439,0.907327,65008701,26
0,1152295861,1.000976,65009490,5
0,2693508709,1.054659,65011539,23
0,1903283357,0.846639,65012896,13
0,3789160079,0.942694,65016689,48
0,2463057133,1.012133,65017409,4
0,3918697171,1.035503,65018127,4
0,1438686199,1.035974,65021875,47
0,2206205009,0.858664,65024182,27
0,4093370753,0.880563,65026447,26
0,157163639,1.014061,65029195,33
0,1958622583,1.062500,65029784,2
0,3826168417,1.040677,65030569,5
0,3323583209,1.033142,65031706,10
0,411775297,1.066628,65036485,62
0,1982586377,0.721462,65037063,2
0,3157425569,0.984747,65038404,13
0,2919281483,0.956577,65038981,2
0,2554388789,1.104854,65040601,17
0,482986841,0.824432,65041528,7
0,1137947467,1.004871,65044660,38
0,204328777,0.844329,65045923,12
0,3095303261,0.944247,65046582,3
0,4170940723,0.855246,65048758,25
0,523312781,1.157094,65049541,5
0,1100193487,0.875558,65050896,13
0,64765501,0.942694,65051954,9
0,1973722643,1.116723,65053028,9
0,1733146873,0.853531,65054524,15
0,1987550659,1.040677,65057412,35
0,4230919019,0.834439,65057931,1
0,4233649297,0.858096,65058666,4
0,160053811,1.052341,65060647,22
0,1476100397,1.035503,65062550,21
0,90801341,0.817294,65063887,13
0,1343962517,0.882225,65064887,8
0,2524372849,1.157938,65066261,13
0,2251072871,1.093750,65067333,9
0,2755224917,0.950945,65069333,16
0,3444525697,0.891036,65071751,28
0,1653914111,0.915364,65072761,8
0,2369893139,0.877786,65073777,8
0,2859700889,1.127168,65074980,11
0,1503297139,0.938541,65076123,10
0,689542603,1.066628,65079207,38
0,3034483279,0.976781,65080068,6
0,1211696077,1.062959,65080709,3
0,402956779,1.035503,65081425,4
0,3532542121,0.858096,65082982,16
0,4284391961,0.919621,65084755,19
0,2189003693,0.846062,65086449,18
0,3463269421,0.972774,65087670,11
0,855564401,0.877786,65089995,27
0,3674321891,0.813701,65091696,18
0,3008937259,0.975280,65093045,13
0,2292863179,0.997556,65094668,17
0,996222641,0.938541,65096918,26
0,4066543337,1.033142,65103776,92
0,3695543881,0.789333,65104565,5
0,2873433341,0.981767,65105774,11
0,1965469153,0.886090,65106637,6
0,1757742871,1.025552,65107769,10
0,466591093,1.125434,65108422,3
0,3753484717,0.834439,65109010,2
0,19415311,0.848367,65110952,22
0,572395163,1.033142,65113210,26
0,305289629,0.910550,65115313,24
0,3535125457,0.975280,65116883,16
0,1028634713,1.035974,65117879,8
0,707315639,1.012616,65120762,35
0,2827551599,0.880563,65121268,1
0,2907945577,1.073928,65122833,16
0,2487681013,0.940101,65126213,42
0,537986909,1.035031,65127128,7
0,2612128577,0.866589,65129030,21
0,3769359959,0.889391,65129691,3
0,4267606111,1.063419,65130902,11
0,134358307,0.862070,65132028,10
0,3474388531,1.095980,65135128,38
0,456414293,1.095534,65139386,55
0,3166085693,0.815499,65140176,5
0,3532739461,0.919621,65142149,22
0,683138987,1.158360,65143645,15
0,1594102957,0.848367,65146109,29
0,2169096269,0.942694,65148488,28
0,1643321437,0.924387,65149484,8
0,1266169127,0.955044,65151731,26
0,603717161,0.938021,65155126,42
0,2451198143,0.725512,65156051,7
0,1012125637,0.875558,65158240,25
0,3021366347,1.001951,65159593,13
0,1364593331,0.913227,65161564,22
0,2235089729,1.000976,65163246,18
0,1005291241,0.724838,65164754,15
0,3423305549,0.947859,65166731,22
0,123601949,0.954021,65171997,64
0,4107355531,1.033615,65175754,47
0,1297053323,0.844329,65176479,4
0,4086761501,0.784369,65177962,15
0,2505356807,0.942176,65179865,21
0,2843942509,0.946313,65181346,15
0,3561010151,1.111464,65182628,12
0,3394930793,0.971267,65184117,15
0,3872446969,1.095980,65186171,23
0,670763173,1.069828,65187665,15
0,2993582593,0.879453,65188170,1
0,3593992357,1.002438,65193939,76
0,1361291513,1.004871,65194869,7
0,623624317,0.867152,65198663,48
0,242735489,1.128899,65200275,17
0,1138144519,0.846639,65202732,29
0,509035349,0.913227,65204001,12
0,354274147,1.016466,65205077,9
0,2442441601,0.908940,65205936,6
0,345519821,1.048623,65206585,3
0,2670600997,0.869402,65207928,13
0,3028120379,1.202211,65213458,73
0,2302520881,0.753248,65214042,2
0,3820667243,0.932801,65216016,22
0,1479744887,1.064337,65216675,3
0,952178543,0.911622,65225585,121
0,2140910579,1.140946,65228089,28
0,2949059209,1.043488,65230907,34
0,4105780157,1.000976,65233251,27
0,4012835789,0.875558,65234467,11
0,1509481541,1.132354,65235333,6
0,2626654843,0.908403,65239829,58
0,3318252503,0.722139,65246678,92
0,974344649,1.001951,65248029,13
0,289327691,0.955044,65251259,40
0,4128574469,0.876673,65253095,20
0,2883651259,1.003899,65257043,50
0,1361420933,1.039268,65258457,14
0,2111619749,0.853531,65261006,30
0,3954262057,0.939581,65262412,14
0,1306553359,0.814900,65268440,80
0,1330137517,0.813701,65270638,25
0,1092814937,1.075745,65271134,1
0,147989767,1.136229,65272892,15
0,3952020157,0.981767,65274447,14
0,1960416853,0.975280,65274995,1
0,1448410001,1.016466,65276832,20
0,1174526687,1.031250,65281525,61
0,1419880601,1.125434,65283424,21
0,2377960033,0.977281,65290326,93
0,1090464601,0.813101,65291115,5
0,1091436557,1.014061,65292163,9
0,2252370517,0.846639,65293716,16
0,2733343001,1.002438,65295341,17
0,4168846007,0.808886,65296638,12
0,1331690389,0.849517,65299891,40
0,4265611981,0.973777,65300614,4
0,1472666411,0.796722,65304297,46
0,2197579309,0.956577,65305710,14
0,1099919173,0.925971,65308809,38
0,2763611423,1.064795,65310232,14
0,138507617,0.753248,65312112,21
0,2900431801,1.033142,65314861,33
0,1052050787,0.941657,65317328,29
0,4178799841,1.158360,65320338,37
0,89798143,0.787475,65321615,12
0,3518163419,0.799169,65322549,7
0,1899442043,0.973777,65325441,35
0,854870083,0.925443,65329923,58
0,2389476767,0.755190,65331199,12
0,3068527853,0.846639,65331989,5
0,883692259,0.705032,65336804,63
0,3858090367,0.976781,65338160,13
0,180060763,0.897044,65340676,30
0,2606929211,0.938021,65341328,3
0,281809049,1.069828,65344460,39
0,2847202871,0.997556,65347012,30
0,1693910443,0.970764,65349060,23
0,961353269,1.101313,65353925,63
0,433850437,0.916963,65355758,20
0,1725341729,0.968750,65359334,45
0,3312639997,0.884436,65360567,11
0,2355161849,1.067086,65361639,9
0,2007343159,0.846639,65362645,8
0,2071901921,1.111464,65364068,14
0,2986239341,0.841432,65365082,8
0,4249176013,0.970764,65366015,7
0,3953992363,0.991172,65366875,6
0,2481088327,1.044891,65367388,1
0,2739396397,1.008267,65369018,17
0,1958532319,0.827978,65369746,4
0,473567201,0.880563,65370880,10
0,1741673207,0.940101,65374186,41
0,3790140961,0.910550,65375925,15
0,615805741,0.942176,0,45
0,3180491429,0.753248,1268,8
0,3954940019,0.873883,3679,28
0,2894721371,0.745429,6352,32
0,163213969,0.782499,8872,30
0,2478062311,0.884436,10306,14
0,1346440787,0.928078,10946,3
0,583436783,0.822059,11872,7
0,3496360457,1.009718,12513,3
0,872437333,0.720107,14837,27
0,1374222263,1.100870,18342,39
0,4191623509,1.228725,18873,1
0,1666409149,0.919621,19456,2
0,1268047259,0.952484,22125,32
0,67748101,0.753248,26713,57
0,121970873,1.067086,28909,25
0,4278888641,0.972774,30115,11
0,324186197,0.969758,32777,32
0,273118883,0.804043,42341,131
0,4111146751,0.977281,49843,101
0,3955327501,1.004871,52371,30
0,1933890241,1.067086,52948,2
0,1512237589,0.987223,56874,50
0,3564749273,1.109705,57808,7
0,2716079021,0.823246,60550,33
0,2821341769,1.004871,61117,2
0,1857728267,0.849517,62821,18
0,3696784853,1.084785,63476,3
0,1948544309,0.908940,65549,19
0,2861760949,0.911086,66071,1
0,3261024719,0.829745,66661,2
0,2650576457,0.864332,70391,32
0,2535685127,0.880563,73777,40
0,3527218207,0.632764,76030,26
0,2503129199,1.044891,76960,7
0,2718959939,0.973276,77942,8
0,3914842853,1.016466,78457,1
0,2336434927,0.973777,80308,20
0,1883846521,0.829745,82799,29
0,2223284003,0.956066,83305,1
0,2757739559,1.126735,88291,65
0,2541997919,0.863202,89158,6
0,641926561,0.911086,90349,11
0,1631018591,1.008267,93096,33
0,3443853253,0.972272,93673,2
0,235342183,0.969254,94865,11
0,708990701,1.032669,96970,24
0,868759951,0.849517,99563,31
0,24237989,1.031250,100829,12
0,1542858859,1.194061,101343,1
0,1203538811,1.223947,102352,8
0,211397297,0.942176,106197,49
0,2123310017,0.722139,107329,10
0,667155119,0.958616,109653,27
0,3022282541,0.762910,116456,91
0,603886637,0.921743,117452,8
0,265860037,0.818488,119276,20
0,709586209,0.844329,120998,12
0,727916887,0.793652,122293,12
0,3703040387,0.956577,123991,18
0,2072067541,1.072563,125475,12
0,1868479079,0.911622,127619,24
0,715057351,0.793652,131068,43
0,1808298463,0.894864,131655,2
0,1457716409,0.813101,132168,1
0,4191033559,0.781875,132891,4
0,1942746821,0.947859,137025,53
0,907377901,0.851240,138511,15
0,1773126697,0.975280,140139,17
0,1384266539,0.781875,140928,5
0,2575999513,0.860369,143668,33
0,434812351,0.753248,145513,20
0,2195731997,1.116723,148454,36
0,3575195947,1.079370,149518,9
0,3267350939,1.004871,151355,20
0,1929421421,0.786855,152908,16
0,725844499,1.070740,154804,21
0,2059023881,0.938021,159349,59
0,362299727,1.108825,161056,18
0,3127686833,1.033142,162680,17
0,1976130889,0.924387,167172,58
0,721670867,1.031250,172859,55
0,2502929699,0.804043,175675,31
0,778447931,1.012133,178771,38
0,46135241,1.025552,180257,15
0,1800514349,1.006328,181330,9
0,2332287571,1.132354,186042,61
0,206041181,0.786234,191234,68
0,1487000707,1.002438,194681,43
0,1051985609,0.844329,196159,15
0,1375134121,0.895409,196669,1
0,3674858489,0.915364,197183,1
0,2314292951,1.016466,197698,1
0,1863630101,0.724164,200433,33
0,749711251,1.101313,202561,24
0,4178578433,0.738188,205507,36
0,2391633521,0.919621,207347,20
0,293519539,1.131060,210225,35
0,90915659,1.062959,212389,25
0,3276319601,0.978779,213394,8
0,3501936169,1.091963,214667,12
0,1669944019,0.880008,217134,29
0,4245269051,1.163407,219879,33
0,3398387413,0.880008,223003,35
0,1677482753,1.093303,224978,22
0,2953920523,1.035031,226874,21
0,1473063799,1.203835,227462,2
0,3710484263,1.094643,229508,20
0,2560306691,1.064795,230029,1
0,4279863979,0.938021,233883,49
0,2675214523,0.928078,234675,5
0,2419169257,1.031250,235250,2
0,3456243211,0.981767,236305,9
0,1799281721,1.208692,238008,18
0,3921179461,0.968750,238945,7
0,1268369383,0.849517,240889,20
0,3283872083,0.911622,241983,9
0,2602778221,1.127168,242983,8
0,2729980889,1.012616,244267,12
0,214700357,0.978779,245315,9
0,2396137577,0.833854,245889,2
0,3992204449,0.784369,246399,1
0,202937759,0.846639,246899,1
0,3236519401,1.101313,249286,28
0,671905853,1.146070,250345,9
0,948797533,0.873883,251061,4
0,277998599,0.939581,255394,56
0,719213333,1.009718,257708,27
0,2226283201,0.751301,260520,34
0,871859057,1.062959,264805,55
0,1688705947,0.877229,265597,5
0,664981067,0.741488,266660,9
0,1033317997,0.877786,268356,18
0,1079433427,0.735538,269497,10
0,2438521081,1.125434,271180,13
0,1667796433,0.727528,274146,23
0,2506004251,1.000000,277061,31
0,2431673033,0.755837,281010,50
0,2071648361,0.913227,282016,8
0,4291875727,0.906789,282537,1
0,2843095049,1.021736,285892,42
0,3715040419,1.075745,286473,2
0,4070828843,0.882225,288331,20
0,109125007,1.129332,289174,6
0,3539247583,0.886090,291496,27
0,3247867853,1.075745,292504,8
0,3351895163,1.129332,294427,21
0,4081993873,1.133647,295635,11
0,2637497171,1.048623,296219,2
0,4136800771,0.787475,296941,4
0,3753626021,0.888841,298503,16
0,720498313,0.981767,299219,4
0,4065648043,1.070284,300639,14
0,3909310081,1.119343,304075,43
0,3230861449,1.008267,308065,51
0,434165107,0.911086,308857,5
0,820140767,1.015505,309930,9
0,873628909,1.052341,311688,19
0,3923537459,0.921743,313403,18
0,2937344777,1.035974,314748,13
0,2765112587,0.791804,315675,7
0,789960481,1.171771,316251,2
0,1569134923,0.789333,317109,6
0,4041200143,0.906789,318251,10
0,3943528013,0.691042,318904,3
0,3601540973,0.782499,319629,4
0,1072202353,0.945280,322902,39
0,3088214399,0.812500,327034,49
0,3312880523,0.793652,327760,3
0,2727327919,0.940101,329044,12
0,738986783,0.977281,329547,1
0,3095555317,0.941657,333346,46
0,2427524621,1.064795,334496,10
0,2489093291,0.956577,336347,20
0,3813353987,0.836193,338598,26
0,3358579369,1.098205,339250,3
0,858705961,0.910550,339760,1
0,3300562697,0.916963,341107,13
0,2721389861,1.043020,343211,24
0,4191923783,1.048623,344219,8
0,4070477447,1.016466,352982,119
0,2618457383,1.062959,355726,33
0,1902015677,0.971267,359830,52
0,3902755517,0.753248,361187,13
0,822742793,1.167178,362526,13
0,4037958007,0.848367,368016,72
0,3800670641,0.844329,368806,5
0,3673559107,0.877786,370912,24
0,93060503,0.723490,374969,48
0,2646021319,0.915364,378103,21
0,2110313059,1.127168,380847,30
0,1107223363,0.851240,382339,15
0,656448563,1.040677,390113,105
0,3927594277,0.972774,391345,11
0,3880908401,1.080274,393473,24
0,2007993769,0.975280,394128,3
0,1126201577,0.805862,397833,47
0,600923611,1.323614,399881,23
0,3851905969,0.970764,400466,2
0,2467195099,0.827978,403487,37
0,1246100491,0.877786,404768,12
0,1446234109,0.827388,409325,59
0,1048436171,0.823246,414428,67
0,1766155759,0.964203,415644,11
0,4084515847,1.025552,416862,11
0,3456960649,0.805862,420421,45
0,3221984357,0.766740,421139,4
0,4065055177,0.968750,421649,1
0,1550954869,0.902471,423212,16
0,2159582771,0.981270,426303,38
0,3777224903,1.095980,429351,33
0,3617252141,1.035503,431560,25
0,517764673,0.958107,432766,11
0,1454746357,1.085235,433866,7
0,3003588649,0.690335,435650,19
0,2882457167,1.002438,437024,13
0,100021487,1.006328,437670,3
0,2119109677,1.063419,444346,89
0,1212101533,0.880563,445143,5
0,183000691,1.004871,445800,3
0,3708330347,1.031723,448255,29
0,339215363,0.944247,449717,15
0,359434157,0.841432,450798,9
0,3157314539,1.093303,454393,45
0,203157611,0.791187,456230,20
0,604255543,0.925971,458057,20
0,137029267,0.938021,458556,1
0,3225937811,0.970764,460387,20
0,165751297,0.941657,461851,15
0,71027317,0.781250,462419,2
0,1468742749,0.942694,463980,16
0,748320481,0.827388,469984,80
0,1285476953,0.897588,471119,10
0,3802554727,0.763550,474915,43
0,151787201,0.933847,475989,9
0,1062067753,0.897044,479474,29
0,3822665153,1.035031,480259,1
0,835225441,0.933847,482088,20
0,238940279,0.919621,490358,112
0,3002426671,1.085235,492838,29
0,1552261247,0.957087,493842,8
0,2080589627,0.973777,495047,11
0,2911727101,0.913227,500646,74
0,2622997687,0.942176,501868,11
0,2974168403,0.817294,505021,39
0,1302580457,0.884436,506582,16
0,628217231,1.157938,507510,7
0,3091732451,0.846639,512971,72
0,3900585649,1.047225,513971,8
0,44508439,1.000488,515160,11
0,4039231543,1.157094,521325,82
0,1550691581,1.050483,521982,3
0,871343807,0.820275,523960,22
0,2679239911,0.945797,524552,2
0,3181471693,0.950432,525839,12
0,2507384731,1.084785,527190,13
0,565680019,1.097316,527978,5
0,652817393,0.673871,529973,19
0,4078804363,0.789333,530753,3
0,1044865093,0.882225,531687,7
0,212320001,0.875558,533023,13
0,1181024071,1.001951,534581,16
0,150135331,1.032197,535643,9
0,3058052951,0.855246,539116,41
0,3946032317,1.008267,543797,59
0,3152663933,1.054659,545166,13
0,3695749139,0.755190,550013,61
0,309191977,1.078012,551233,11
0,1060968109,1.006328,551886,3
0,1331996987,0.921743,555403,44
0,159304217,1.039738,557799,28
0,68197981,1.035031,562971,68
0,3761412901,0.753248,564658,18
0,2027573183,0.939581,565811,10
0,1837435097,0.939581,567565,19
0,1094240467,0.969254,568070,1
0,2042546801,1.039268,569282,11
0,3928399481,0.946313,572930,46
0,3372836947,0.972272,573720,5
0,3309201743,1.015505,574520,5
0,266183317,0.908940,575231,4
0,3637313137,1.008267,576169,7
0,4234056989,1.119343,579382,35
0,2049563413,0.844329,583347,37
0,2123296309,0.921743,587375,49
0,953265979,0.814900,588584,11
0,2862808667,1.056047,590911,27
0,1454762653,0.879453,592611,18
0,3148132619,0.952997,594310,18
0,463560961,1.105296,596340,23
0,1177029397,0.815499,604388,109
0,3013591993,0.889391,605824,14
0,3840583841,0.969758,608721,34
0,1381068613,1.106621,611948,40
0,2479186987,1.050483,614694,33
0,3161531291,0.855246,615769,9
0,3173531591,0.919621,616779,8
0,1052444291,1.081178,619440,32
0,963848381,0.872205,620096,3
0,2440462307,0.895409,623607,44
0,407434141,0.869402,625306,18
0,856486753,0.977780,626088,5
0,1739799071,0.818488,628271,25
0,1815429079,0.860369,629005,4
0,4193461681,0.944247,630145,10
0,296791871,1.154137,630800,3
0,1067662433,1.125868,632630,16
0,3200673989,1.128899,633235,2
0,3975191953,0.848367,637466,52
0,499402691,0.783746,638054,2
0,446456029,0.973276,639601,16
0,1094806901,0.863202,640524,7
0,57302213,0.913227,642839,27
0,577776973,1.002438,643765,7
0,3445397159,1.157094,645531,19
0,4266942287,0.976781,647741,25
0,2858931589,0.946313,652377,60
0,1443299119,0.921743,653939,16
0,3610154771,0.844329,659254,70
0,1585695983,0.973777,662342,38
0,1009365733,1.067086,663842,15
0,2248146391,0.963190,664371,1
0,1176486313,0.977281,665302,7
0,2472278437,0.853531,666177,6
0,2775826309,0.720107,668517,27
0,306213631,0.846639,670144,17
0,3012345653,1.035974,670870,4
0,163918837,0.930180,672431,16
0,3314343031,1.048157,675254,34
0,560112067,0.938541,676248,8
0,2460501853,1.104854,677451,11
0,4085557219,1.031250,681569,48
0,4105549753,0.801000,683942,15
0,475401643,1.054659,685423,13
0,1838423359,0.988706,688109,30
0,3946139299,0.783746,689329,11
0,3360249899,1.004871,692967,46
0,3054109651,0.853531,695417,29
0,3602107793,0.882225,696776,13
0,1743309937,0.977780,700718,50
0,4141819313,0.973777,702006,12
0,2496337381,0.822653,702586,2
0,744223631,0.978779,707365,62
0,3466309283,0.880563,708588,11
0,1506484249,0.843750,713437,63
0,2793243113,0.797334,714442,8
0,50770051,0.829745,715489,9
0,325816979,0.889391,717954,29
0,2129510359,0.954021,719834,20
0,1458544007,0.947859,720631,5
0,2673594431,0.971267,724378,47
0,1891172369,0.925971,728664,55
0,1675109221,0.811899,731256,31
0,4124441729,1.071652,732953,18
0,1183498187,1.132786,733608,3
0,3015132803,1.163827,735239,17
0,869069759,1.021736,736621,9
0,772593641,1.006328,738557,21
0,104359403,0.950945,739335,5
0,1809737723,1.098205,741270,16
0,1520136911,0.850666,746008,61
0,4010004461,1.001951,746746,4
0,3511051507,0.972774,747255,1
0,4254010591,0.944247,747914,3
0,3417381481,1.033142,748910,8
0,3291807329,0.938021,749976,9
0,878115047,1.002438,750489,1
0,606017123,0.908403,751411,7
0,3891978613,0.820275,753042,17
0,342161117,1.067086,753774,4
0,1096042637,1.001951,754767,8
0,3633077543,0.981270,758348,45
0,1507033327,0.940101,760117,19
0,1346168653,1.002438,762088,22
0,4029177331,0.958107,763642,16
0,3610726291,1.040677,764585,7
0,372963889,0.886090,765515,7
0,506222933,0.871645,767481,22
0,2692873847,1.157938,769182,18
0,1968587741,0.766103,771860,32
0,2943541057,1.070284,773909,23
0,319665067,0.849517,774485,2
0,4220320739,0.853531,775079,2
0,3482279497,0.987223,776010,7
0,2666190497,1.125000,777226,11
0,4047667321,0.752600,781205,51
0,3275631811,1.063419,782780,12
0,2512942049,0.889391,783810,8
0,1936673719,1.115848,786331,16
0,1976583481,0.993632,787005,1
0,1357697819,1.033615,788371,13
0,480116449,0.877786,789438,9
0,1782336277,1.004871,793523,52
0,3292618933,0.987223,795413,21
0,3366952657,1.016466,800610,68
0,1807976257,0.947859,801539,7
0,1039818781,0.930180,804320,27
0,1895067793,0.760345,806968,31
0,861697703,0.911086,807898,7
0,1315568203,1.008267,808692,5
0,3073096231,1.012616,809850,10
0,2840743267,0.895409,813076,40
0,1571070187,1.170520,814169,9
0,2955565891,1.115848,815863,18
0,1349595349,0.976781,818807,36
0,1942055023,1.038798,820708,21
0,2898114917,0.981270,822008,12
0,3434857277,0.942694,824137,24
0,2699039557,1.031723,829068,64
0,3888061537,1.019823,830566,15
0,531043993,1.035974,836799,83
0,3715786609,0.970764,837809,8
0,2763834131,0.811899,838387,2
0,790142053,1.078012,838893,1
0,4068594947,1.222750,839539,3
0,2650512017,0.781250,840407,6
0,511411919,0.679643,840986,2
0,3841699051,1.048157,841860,6
0,35794807,0.853531,844743,35
0,1078169063,1.004871,847206,29
0,4072103417,0.916963,848439,11
0,2665331947,0.973777,849526,9
0,3321143383,0.876673,850593,9
0,3277981519,0.871645,853186,27
0,3914272309,1.064795,854142,7
0,2826348797,1.095980,856335,25
0,814185013,0.942694,859501,36
0,2338634113,0.804043,861283,19
0,2910687287,0.850666,862007,4
0,234239041,0.886090,864032,23
0,2788973917,1.008267,865806,19
0,1727010401,0.914830,867420,17
0,4115063921,0.877786,868910,15
0,3101081527,0.827978,869573,3
0,3594130583,0.952484,871833,26
0,3739849679,1.001951,872424,2
0,1922700491,1.004871,873431,8
0,268913741,1.079370,876383,36
0,3411660169,0.883883,880094,47
0,3758832673,0.975280,880869,5
0,196308137,0.914830,882838,22
0,2177537507,0.958616,885957,34
0,1668582353,0.883883,886842,6
0,1626229667,0.848942,890219,23
0,3506601947,1.008751,892537,24
0,655318751,0.944247,893613,8
0,1260847673,0.880563,894469,6
0,1720177357,0.822059,895121,3
0,3310752611,0.889391,898975,49
0,2653776467,0.855246,900043,9
0,2146211651,1.004871,901395,13
0,1574041561,0.933847,903035,17
0,24430559,0.947859,904309,12
0,333622319,0.778746,905371,9
0,3701859559,0.877229,906513,10
0,2177424031,0.980772,907718,11
0,2623328723,0.876115,910400,32
0,796881677,1.031723,914604,54
0,1438905661,1.099538,916308,18
0,3338010857,1.002438,920414,52
0,2444078957,0.751951,921436,8
0,2534154239,0.942694,924337,35
0,1302503513,0.791804,925604,12
0,1166611087,1.032197,927088,15
0,2200393387,0.978280,927745,3
0,4131618671,0.668049,930714,36
0,63389021,1.075745,933672,36
0,4027111111,0.942694,936203,30
0,2489658167,1.119343,940516,51
0,2814999937,0.725512,941106,2
0,4265604137,0.675318,942040,7
0,1486758677,0.975280,944560,30
0,1640990339,1.140518,947117,28
0,1362769103,0.939581,948067,7
0,3150304873,1.127168,949977,21
0,1491065539,0.971267,951329,13
0,2606143157,0.844907,952469,10
0,1709560981,0.791804,953329,6
0,4260131339,0.883883,954412,9
0,119498611,0.796722,955403,8
0,3890050361,0.928078,955920,1
0,2597874289,0.833854,956578,3
0,1993572013,0.817294,958999,28
0,2183788093,1.228725,961682,32
0,3998618941,0.854103,962834,10
0,3599795383,0.981270,964037,11
0,1156659629,0.853531,964548,1
0,3127012373,0.907327,967773,40
0,2844991339,0.911622,968862,9
0,423804013,1.002438,970481,17
0,67582547,0.873324,973279,34
0,332275231,0.996086,976090,34
0,1134537763,0.967237,977860,19
0,3953698423,1.064337,981100,40
0,3964098469,0.941657,981682,2
0,3325838377,0.787475,987796,77
0,148221209,0.911622,989289,15
0,3646961777,0.796722,990979,4
0,3370971407,0.879453,992290,10
0,1424200447,0.971267,994687,28
0,1001945531,0.774345,996107,14
0,2678450713,0.981767,996834,4
0,2506425059,0.647260,999021,25
0,1755465079,1.043488,1000572,16
0,2421070097,0.952484,1003592,37
0,3207731459,1.037387,1005003,14
0,3271280693,0.988706,1006088,9
0,1610667143,0.750651,1008540,29
0,2673415091,0.846639,1011491,36
0,2990527949,0.631219,1013054,16
0,1356101627,1.031723,1014760,18
0,551149559,0.938541,1018551,48
0,2973707351,0.983258,1020107,16
0,150065789,1.068458,1020758,3
0,127540121,0.882225,1021325,2
0,3013672091,0.899761,1022543,11
0,2524050029,1.101756,1024656,24
0,1718098639,0.946829,1027459,34
0,213380513,0.925971,1029425,22
0,963470887,0.789333,1030917,15
0,1693587631,0.880563,1032754,20
0,1641117553,0.880008,1033891,10
0,2999271601,1.166760,1037460,45
0,1880408591,0.867152,1043278,73
0,3041488811,1.101313,1044722,14
0,3833915549,0.977281,1046527,17
0,1890254671,1.064795,1048247,18
0,528693793,1.071652,1048960,4
0,1407593189,1.006328,1050531,16
0,4223563213,1.070740,1052034,15
0,148972073,0.976781,1053290,12
0,1718455733,0.815499,1054081,5
0,1059131893,0.894864,1055706,17
0,3263746939,0.883883,1056433,4
0,1263377683,0.936979,1056950,1
0,3998371301,1.113658,1057949,8
0,3554101597,0.907327,1059645,18
0,448133809,0.942694,1060160,1
0,761537459,0.855246,1061223,9
0,1928709683,1.071652,1062085,6
0,562428617,1.044891,1064477,28
0,3055484431,0.884988,1065768,12
0,450303649,1.095534,1066974,11
0,1821567703,1.009718,1067558,2
0,429125987,0.760345,1068065,1
0,792520873,1.037387,1069551,15
0,1298721661,0.786855,1072855,41
0,1246990813,0.817891,1073365,1
0,1218335533,0.946313,1074511,10
0,517874113,0.945797,1075925,14
0,3409580777,0.846639,1077272,13
0,1884688483,0.877786,1079102,20
0,2979400217,1.037387,1081144,23
0,1959906653,0.973777,1084717,45
0,838046879,0.668779,1093314,98
0,1185564833,1.043020,1093991,1
0,3119322671,1.078012,1095145,10
0,3074686331,0.987223,1096643,15
0,936347861,0.808886,1098279,17
0,828334487,1.033615,1099425,10
0,1774785671,0.944247,1101411,22
0,3974688079,0.893772,1102556,10
0,1803886901,0.869402,1103547,8
0,1725054329,0.893772,1107192,46
0,2935090057,0.866589,1107707,1
0,2270818051,0.949404,1109351,17
0,2020215193,1.004385,1110360,8
0,3730102979,0.852386,1113280,35
0,846531481,1.033142,1114550,12
0,2015077429,0.884436,1115611,9
0,3285284207,0.973276,1116204,2
0,3731307313,0.954021,1121594,71
0,3911236327,0.862070,1122316,4
0,1615185883,1.017906,1123869,16
0,2744300717,0.981767,1127228,42
0,569364403,0.973276,1127821,2
0,700434737,0.855816,1130207,28
0,713446319,0.656994,1131704,15
0,2629459633,1.094643,1132294,2
0,700230523,0.915364,1134546,26
0,3893150347,1.067086,1135121,2
0,11797771,0.993141,1136016,7
0,3013128383,0.942176,1142746,90
0,3062070437,0.768648,1144530,15
0,3043192681,0.893772,1146522,22
0,893317387,1.220752,1147171,3
0,2784730391,0.967237,1148316,10
0,417109183,1.048157,1149453,7
0,132017021,0.939581,1150677,11
0,593836387,0.968750,1151540,6
0,3533175397,0.940101,1155130,45
0,1662515269,1.001951,1156404,12
0,3677592629,0.921213,1156917,1
0,2567655733,0.942694,1158278,13
0,434313377,0.827978,1160517,26
0,3645590281,1.000976,1161794,12
0,1903225099,0.983258,1169808,108
0,292939277,0.888841,1170867,9
0,876252043,0.908940,1174101,40
0,3633069959,0.862070,1175802,18
0,1148620987,1.043020,1176449,3
0,3928229341,0.973777,1178711,26
0,2452026289,0.910550,1179714,8
0,306495841,0.852386,1181129,14
0,3047764589,0.822059,1183725,31
0,4133477267,0.866589,1184463,4
0,4051023323,1.095534,1187428,36
0,2375956139,1.106621,1194187,86
0,1713725603,1.064795,1197250,21
0,1368196381,0.801610,1198016,2
0,3066487451,1.009718,1202715,61
0,3637053767,1.010685,1203997,12
0,2411677531,1.104854,1205150,10
0,3042070711,0.851240,1212704,102
0,1914553309,0.879453,1213434,4
0,2688687583,1.039738,1214446,8
0,984923189,0.849517,1217181,33
0,3204094639,1.054659,1217982,5
0,3770775509,1.090173,1221210,40
0,3849830167,0.908940,1222083,6
0,1463410519,1.295274,1222820,4
0,2193218143,1.095980,1223475,3
0,4209786739,1.115411,1224221,3
0,3850777193,0.954021,1224865,3
0,4115533559,1.015505,1227751,35
0,2957612201,0.872205,1232244,58
0,2942984437,0.876115,1233384,10
0,2989329397,0.817294,1234038,3
0,3909328733,1.035031,1237565,44
0,575205073,1.000488,1238484,7
0,1774173917,0.883883,1240606,24
0,37210961,1.019823,1242190,15
0,1606119881,0.963190,1244193,22
0,1287206467,0.869402,1248399,49
0,2629573649,0.960652,1249295,6
0,2278708039,1.007782,1250432,10
0,3410598847,1.000488,1253461,34
0,3650841979,0.970764,1256297,34
0,172817081,0.977281,1258051,19
0,4080660431,0.752600,1260405,27
0,4204203499,1.074382,1262744,27
0,614308451,0.973276,1263877,10
0,686939399,0.928078,1267177,41
0,2317908017,0.950432,1270333,39
0,1942984529,0.875000,1271767,14
0,2062079309,0.938021,1278909,96
0,3026094923,1.031250,1280602,18
0,3575698823,1.207884,1281673,9
0,1550788529,0.849517,1283230,16
0,1991424037,1.094196,1285624,28
0,3644441953,1.040677,1287112,15
0,296911261,0.937500,1292079,65
0,2824092119,1.004871,1292727,3
0,3994968949,1.008751,1294314,12
0,3229072589,0.760345,1299780,53
0,1936775257,0.771185,1300607,3
0,3769898959,0.958616,1304606,51
0,1298492219,0.693863,1305894,12
0,3588866317,1.075745,1306890,8
0,1638315611,1.033142,1308934,23
0,828169829,1.133647,1310294,13
0,338579821,0.932277,1312533,26
0,2220693793,0.963190,1313309,5
0,449282149,0.751951,1322398,124
0,3966722537,0.910550,1324726,26
0,2741094929,0.994614,1326236,15
0,1637820109,0.985738,1330094,49
0,411415157,0.944247,1332413,27
0,77332207,1.070740,1335226,34
0,1315382851,1.024123,1336292,9
0,3953726683,0.846639,1340238,50
0,4034022541,0.705032,1341930,18
0,527509511,0.916963,1342501,2
0,2376105581,1.133647,1343363,6
0,3858599809,0.753248,1344717,13
0,4062225119,0.893772,1346418,18
0,1630620113,0.915897,1350816,51
0,4068572113,1.127168,1353305,29
0,2872796419,1.095980,1353955,3
0,2135764571,1.105296,1355791,17
0,544229201,0.920152,1358486,32
0,845489857,0.985738,1362291,48
0,4277075963,1.073928,1364794,29
0,3240338207,1.014061,1365719,7
0,3853979813,0.944247,1368606,35
0,3961739549,1.097316,1369262,3
0,217503673,0.844907,1372492,40
0,3384094607,0.789333,1374129,17
0,811975973,0.871645,1374978,6
0,2539661207,1.033142,1376183,11
0,1624784041,0.941657,1376965,5
0,1132116917,0.897588,1378187,11
0,1803052357,0.956577,1379044,6
0,1085526361,0.805862,1379899,6
0,906558553,0.945797,1380476,2
0,3387743693,0.920152,1386363,78
0,4189057973,1.091516,1392011,74
0,1740072853,0.897044,1393154,10
0,66368521,0.760987,1394979,20
0,2368920791,1.035503,1396807,15
0,258255089,0.891036,1401124,43
0,3179509519,1.095534,1404009,24
0,485821261,1.099538,1404848,4
0,806802959,0.946829,1405500,3
0,2809500517,1.044891,1410212,61
0,2572518077,0.983258,1411558,13
0,2889340177,0.813701,1412901,13
0,232100581,0.868840,1418569,75
0,4015383161,1.012133,1419364,5
0,758573009,0.915364,1421276,21
0,3101468827,1.099094,1423948,32
0,3986727553,1.012133,1424449,1
0,788490779,0.793652,1428033,45
0,302838667,1.073928,1428605,2
0,3303161447,0.698072,1431846,40
0,2038198249,0.882225,1434032,25
0,1759391797,0.891036,1434825,5
0,4045256473,0.971267,1437909,38
0,1863549053,0.987223,1438557,3
0,2515319203,1.014061,1440045,15
0,4192723231,1.035503,1441609,16
0,3962591891,0.876115,1442333,4
0,2851855463,1.114535,1443064,4
0,1301792683,0.756482,1445130,23
0,3888745253,0.815499,1447957,34
0,3780456473,0.842012,1449086,10
0,1156598141,0.851240,1450932,20
0,481120669,1.161727,1452134,11
0,152223103,0.830921,1453481,13
0,924578147,0.691042,1456946,39
0,366100703,0.880563,1457747,5
0,2725155439,0.877786,1458538,5
0,2875771421,0.858096,1459610,9
0,3239041279,0.938021,1460613,5
0,775994347,0.844329,1462194,16
0,1284991573,0.945797,1468003,77
0,2664210391,1.008751,1469713,18
0,3256336093,0.853531,1470585,6
0,3098717873,0.988706,1472143,16
0,722172823,1.035974,1473362,11
0,1428127849,0.977281,1477019,46
0,1508500093,0.844329,1477606,2
0,2071066079,0.969254,1478485,6
0,140848793,1.157094,1479467,8
0,826168097,0.813101,1480397,7
0,894397199,1.105296,1484128,47
0,4206265363,0.925443,1484639,1
0,389719657,1.069828,1486617,22
0,455556511,0.832682,1487906,12
0,404167637,0.915897,1488835,7
0,3680179681,1.007782,1489415,2
0,497786411,1.192833,1489933,1
0,2690385011,0.936979,1491688,19
0,605396101,0.804043,1492883,11
0,205933151,0.804043,1493453,2
0,1395735067,0.813101,1494657,11
0,4233172319,0.781250,1496433,19
0,169464199,0.814900,1501099,55
0,3700954321,1.233089,1502653,3
0,221032151,1.043020,1503827,7
0,3996967363,0.908940,1510041,82
0,479866553,0.973777,1511806,19
0,145829317,0.914830,1515727,50
0,628207757,1.031250,1516376,3
0,3833385313,0.978779,1519199,33
0,3953688367,1.008267,1520427,11
0,98297783,0.994614,1521957,13
0,3980847989,0.901929,1522910,7
0,3396486307,1.084785,1528491,73
0,194839039,1.333903,1530875,28
0,1501775953,1.017426,1532238,13
0,1484043721,0.895409,1533232,8
0,1227867097,0.862070,1535209,22
0,152403529,0.920152,1536268,9
0,3524249629,0.836193,1537542,12
0,152389799,0.846639,1538386,6
0,4275067343,1.003899,1540432,23
0,202534511,0.850666,1541289,6
0,1803759077,0.910550,1543475,25
0,2829034231,0.987223,1544624,10
0,2436500951,1.290742,1547792,39
0,2460963767,0.832682,1548726,7
0,960807151,0.955044,1549448,4
0,4010624459,0.759060,1549963,1
0,2908519573,1.043020,1550690,4
0,2734586011,0.882225,1553013,27
0,896203453,1.043020,1553599,2
0,3464539513,1.085235,1556470,35
0,291937433,1.021736,1557465,8
0,1692709013,1.054659,1558248,5
0,1191690389,0.827388,1558759,1
0,410095327,1.100870,1560810,23
0,76486903,0.942694,1562141,13
0,1225278211,0.973276,1565778,46
0,2831412107,1.098205,1566931,10
0,3500408921,1.004871,1572172,65
0,192421549,0.628117,1573038,6
0,3365787079,1.006328,1579898,90
0,1773567623,1.014061,1581057,10
0,1622517073,0.973777,1584976,50
0,3713149997,0.782499,1588354,42
0,979117157,0.849517,1589855,15
0,3514122527,0.977281,1591499,17
0,1396096939,0.906250,1594241,33
0,4051762633,0.942694,1596773,30
0,153230039,0.893772,1599008,26
0,2384569841,0.983258,1600428,14
0,1790378923,0.985738,1601562,5
0,2086077731,0.855816,1603002,14
0,4136014457,0.919621,1603511,1
0,388151207,1.086584,1608650,53
0,64703501,1.280869,1610024,11
0,1744347533,1.004385,1614471,57
0,722709193,0.938541,1615184,4
0,4183495003,0.797334,1615773,2
0,319709501,1.043020,1616691,7
0,3444597659,1.067086,1618174,15
0,991072403,1.105296,1619579,14
0,3916831531,1.014061,1622670,38
0,2898381019,0.889391,1623744,9
0,1331319307,0.945797,1624670,7
0,2076410429,0.902471,1629997,70
0,2351884979,0.906789,1633452,43
0,22028491,0.967237,1635407,22
0,2757209009,0.989199,1636195,5
0,381904931,0.985738,1636841,3
0,2324185711,0.947859,1641453,60
0,3436022771,1.075745,1648452,94
0,1185338251,1.078012,1649380,7
0,840185617,0.885539,1650296,7
0,624563311,1.009718,1650872,2
0,3962439431,0.858096,1653957,38
0,77580751,1.219951,1657022,35
0,2106846733,0.863202,1657967,7
0,479497873,1.032197,1658810,5
0,3530998333,1.068458,1659843,7
0,1412797691,0.913227,1660850,8
0,504744677,1.142229,1661563,4
0,3202300181,1.035974,1662081,1
0,569956861,0.850092,1664908,32
0,1364683673,0.725512,1665574,3
0,716581273,0.920152,1666425,6
0,2766834067,1.064795,1667853,14
0,1996209911,1.033615,1669084,11
0,2848511773,1.064337,1672868,48
0,130880539,0.911086,1676988,53
0,2425902173,0.705032,1678269,12
0,372011467,0.879453,1678850,2
0,3693939619,1.043488,1679784,7
0,62812513,1.094196,1682226,29
0,2862068999,0.844329,1684614,28
0,3644564939,1.002438,1686050,14
0,1897451461,0.880563,1688801,33
0,3804395267,1.000488,1689658,6
0,3709285081,0.849517,1691072,14
0,1022243423,0.849517,1693191,24
0,70393069,1.003899,1695918,33
0,3854840653,0.940101,1696566,3
0,182681953,1.031723,1698033,15
0,3982104271,1.000488,1699526,15
0,386562857,0.985738,1701000,15
0,542506729,1.066170,1702972,22
0,3947200963,1.004871,1704607,13
0,507527983,0.950945,1705492,6
0,605509,0.915364,1707872,15
0,1582064329,1.014061,1708611,1
0,614223403,0.882225,1710521,21
0,1934100499,1.017426,1711023,1
0,339315059,0.851240,1712798,19
0,4010068453,0.907327,1714917,24
0,3535165939,1.003899,1715858,7
0,1960681147,0.693159,1716448,2
0,126598057,1.225940,1717227,5
0,524593481,1.095534,1717867,3
0,1544908531,0.946313,1720831,36
0,3637224277,0.813101,1722247,14
0,619315421,0.793652,1725109,35
0,46263131,0.986728,1728809,47
0,2615356379,1.039738,1734273,72
0,1167328543,0.727528,1734783,1
0,1348057283,1.070740,1736646,20
0,87758999,1.004871,1738683,23
0,3860810831,0.895409,1742027,39
0,2863972453,1.016466,1743182,10
0,3148956977,0.969254,1743769,2
0,2129339789,0.933847,1746799,37
0,514745821,1.234672,1748365,16
0,3612721873,0.788714,1748879,1
0,2349174557,0.934370,1750079,11
0,157103189,0.854103,1751135,9
0,1415206417,1.043020,1751638,1
0,2190229423,1.041146,1754539,35
0,1489958203,0.815499,1757793,40
0,337015163,0.889391,1759216,9
0,3151153559,0.918559,1760587,13
0,1260681551,0.743461,1762843,26
0,584566051,0.944247,1766024,37
0,1130365253,1.006328,1770373,56
0,3065351969,0.950432,1773338,36
0,2027153641,0.947859,1775663,27
0,1073853889,0.946829,1776300,3
0,2630969279,0.820275,1777028,4
0,224572421,1.104854,1779072,23
0,641947763,1.066628,1780134,9
0,1298778293,1.035503,1781210,9
0,804948037,0.977281,1782908,18
0,3852100823,0.884436,1783423,1
0,1486330033,0.938541,1784562,10
0,116400901,1.040677,1787494,36
0,4109871427,1.070284,1788794,12
0,2745395189,0.978779,1789659,6
0,696625627,0.862070,1790168,1
0,2568878981,0.884436,1790962,5
0,4126295281,1.004871,1791613,3
0,730952449,1.044891,1792679,9
0,3098883187,0.722139,1795009,27
0,2285559937,0.958107,1796991,22
0,2584291613,0.946313,1800423,43
0,3685929593,0.969758,1801015,2
0,197185909,0.977281,1802001,8
0,3495124901,0.858664,1802513,1
0,4200195911,0.883883,1803386,6
0,1109533753,0.771818,1807039,42
0,836231909,0.891036,1807576,1
0,2787908687,0.834439,1808787,11
0,1726504259,1.135799,1816401,85
0,531110417,0.825615,1819333,34
0,1018613119,0.854103,1820761,14
0,236159293,0.855246,1821821,9
0,472091833,0.978779,1826578,62
0,2484015913,1.005357,1827160,2
0,41380733,0.955044,1827739,2
0,1247670839,1.095534,1829307,16
0,3474200981,0.877786,1830301,8
0,2116876087,1.116723,1831398,9
0,3838925171,0.656994,1832467,9
0,3057123061,0.880563,1835222,33
0,1690441591,1.033615,1837261,23
0,2877573173,1.004871,1840850,45
0,1515525289,1.091963,1846169,70
0,2182133981,0.850666,1847021,6
0,2229503399,0.743461,1850041,37
0,1937347403,1.111903,1852793,33
0,2784563989,0.727528,1855527,33
0,1097218201,0.691042,1856446,7
0,778685317,0.915897,1856953,1
0,4085782807,0.950432,1858086,10
0,1109701247,1.006328,1859789,18
0,2874579091,0.801000,1864974,64
0,540580427,1.033142,1869177,51
0,2354588527,0.971267,1871093,21
0,90115547,0.877229,1871876,5
0,1272740363,0.859801,1872598,4
0,1037520709,0.938021,1873318,4
0,544661573,0.854103,1874174,6
0,1975877273,0.820275,1875741,16
0,552933977,0.976781,1882271,87
0,108566113,0.970764,1889626,99
0,3074118427,1.063419,1891539,21
0,1338300433,1.107944,1892669,10
0,1174017311,0.975280,1895789,38
0,164875001,0.882225,1897203,14
0,2121917621,0.884988,1897937,4
0,3122901773,1.066628,1898449,1
0,1668731819,0.867152,1900709,26
0,341392511,0.884436,1902069,13
0,951019471,0.855246,1903494,14
0,2147859023,0.970764,1909101,69
0,2145067619,0.941657,1910053,7
0,2575664851,0.938021,1910859,5
0,2908864003,0.988706,1912299,2
0,1570937497,1.084785,1914100,16
0,3660292583,0.875558,1914910,5
0,176924849,0.746083,1916377,15
0,112296533,1.021736,1917425,9
0,3949589179,0.864897,1918578,10
0,3090400241,0.983258,1919228,3
0,1692618883,1.027930,1920851,17
0,1552785791,1.257788,1924636,48
0,1732164979,1.067086,1926769,24
0,3588609641,0.940101,1928463,18
0,239889359,1.094196,1929604,10
0,1770585601,0.977281,1931567,22
0,1458321833,0.921743,1934398,34
0,1671338671,1.033615,1935621,11
0,2482702361,0.895409,1937669,23
0,2289814019,1.094643,1938246,2
0,1484307541,1.283154,1938835,2
0,2584814189,0.911622,1940947,24
0,2860496623,0.889391,1946629,75
0,1865491627,0.787475,1948398,19
0,368691041,0.822653,1949043,3
0,2710854331,0.981767,1949554,1
0,1874347481,0.971267,1950770,11
0,2355955463,1.040677,1951415,3
0,1803516563,1.003899,1952923,15
0,67599281,0.860369,1955925,37
0,874836223,1.037387,1956714,5
0,2182758989,0.941657,1957360,3
0,1669396019,1.137517,1958716,13
0,3293015969,0.864897,1961321,31
0,2787699377,0.855246,1962244,7
0,3997384609,0.993632,1968728,78
0,138802843,0.908940,1971241,29
0,1398244823,0.813701,1971949,1
0,3786591371,0.940101,1973097,10
0,3913736597,0.954021,1973678,2
0,4133903981,1.002438,1977607,50
0,3020982761,1.105296,1978465,6
0,3548470433,1.127168,1982313,49
0,1335883387,0.813101,1982979,3
0,2437037,0.876115,1984016,9
0,620713001,1.031250,1986068,23
0,1853247947,1.095980,1986651,2
0,2375481499,0.976781,1989763,38
0,2263253477,0.911622,1990410,3
0,3258217741,0.818488,1991611,11
0,3466394759,0.977780,1993260,17
0,168382339,0.947859,1996682,43
0,4080622937,0.875558,2000255,45
0,366424147,0.786855,2002358,24
0,4076050481,1.033142,2003652,12
0,3888498323,1.007782,2004595,7
0,3715242901,0.906789,2007142,30
0,3598763281,1.095980,2013049,74
0,126862573,0.848367,2013583,1
0,165437071,0.960652,2016359,19
0,3119756933,0.964203,2017221,4
0,685097891,0.956577,2018284,9
0,2278873691,1.002438,2022295,51
0,3511543597,0.784369,2025476,39
0,2805314537,0.877786,2025991,1
0,2718669977,0.813701,2027399,14
0,988493617,0.880563,2029161,19
0,4157808587,0.971267,2029760,2
0,3359543683,0.899761,2030900,10
0,2031406103,0.991172,2031618,4
0,3233789879,1.004385,2032570,7
0,2452690319,0.921213,2033978,14
0,1683646571,1.037387,2035043,9
0,3904752583,0.930180,2036882,20
0,3506345347,0.851240,2042557,75
0,3055917013,0.983258,2043210,3
0,3619095059,0.955044,2047907,61
0,1790068249,0.981767,2053158,69
0,4276293379,1.044891,2055003,20
0,3617225903,0.787475,2056984,22
0,856163977,0.920152,2060826,49
0,2671974889,1.076198,2064848,51
0,486474991,0.570259,2065568,4
0,2606956369,1.062040,2066154,2
0,192050627,0.854103,2067249,5
0,3837300347,1.054659,2068054,5
0,586700861,1.004871,2069402,13
0,3373668569,0.877786,2069907,1
0,857220527,0.906789,2070483,2
0,2206627229,0.946313,2076293,74
0,525892057,1.104854,2077162,6
0,1692178151,0.985738,2077753,2
0,1260408503,0.975280,2079449,18
0,722394173,1.062959,2084014,59
0,1450224449,0.969254,2085213,11
0,411257023,0.971267,2086764,16
0,3146327011,1.048623,2087276,1
0,1837014721,0.908403,2088145,6
0,125497769,0.977780,2090038,21
0,3110287043,0.875558,2091747,18
0,3920467819,0.977281,2093306,16
0,1803201559,0.908940,2094377,9
0,1053311137,0.942694,2100727,85
0,3975394679,0.851240,2102652,21
0,1337390909,0.799169,2104361,18
0,3320256041,0.975280,2106136,19
0,295005439,0.928078,2108461,27
0,3639705743,0.836193,2110568,24
0,4119026609,1.140946,2111222,3
0,2468510183,1.062959,2111874,3
0,2931899479,0.924387,2114809,31
0,1761363559,1.018386,2120180,55
0,3252012857,0.884436,2121423,9
0,1018219333,1.000976,2126594,68
0,2253999667,0.822653,2130445,49
0,1110622417,0.927551,2131502,9
0,535785163,0.880563,2132791,12
0,4205269213,0.985738,2133654,6
0,2901481447,1.007782,2135778,24
0,3864458417,1.043488,2136636,6
0,2160199549,0.964203,2138689,23
0,1318184347,0.875558,2140245,16
0,1721694061,1.194470,2141815,16
0,836084369,0.715345,2143440,17
0,501520717,0.964203,2144092,3
0,3344367421,0.875000,2146431,27
0,1421320507,0.973777,2147087,3
0,3378176729,0.894864,2148223,10
0,4152019559,0.944247,2149160,7
0,1106815613,0.973777,2150158,8
0,3669831721,0.732211,2151014,6
0,4017405299,1.002438,2151752,4
0,843953923,0.849517,2153719,22
0,4246692767,0.732211,2155376,17
0,1019662753,1.222750,2156714,13
0,3312893539,1.080726,2157585,6
0,578674477,0.960652,2159846,26
0,1708321609,0.956577,2160426,2
0,494679007,0.970764,2161087,3
0,1516228741,0.934370,2162862,6
0,1151455117,1.053732,2163504,1
0,3525376951,0.882225,2164368,6
0,2100870133,0.999023,2166918,30
0,2042698039,0.955044,2168555,17
0,2228918057,1.099538,2174303,68
0,979554679,0.986728,2175450,9
0,3791411717,1.244519,2176030,2
0,407175547,1.001951,2176812,5
0,1921908647,1.002438,2178313,15
0,3731897759,1.003899,2179874,16
0,4187258879,0.691042,2180886,8
0,644714117,0.884436,2187467,88
0,3918193093,0.984747,2189931,29
0,134513987,0.860369,2193850,50
0,3007262897,0.832682,2195541,18
0,2656229449,1.199365,2196536,8
0,4261373843,1.000488,2197132,2
0,581055791,0.891036,2206068,122
0,1199502833,1.221951,2207567,15
0,3202632887,1.004385,2208222,3
0,1823474423,1.024123,2209563,13
0,846087181,1.159202,2212635,38
0,2980082843,0.751951,2214262,17
0,3646318283,0.977281,2214853,2
0,2196697091,0.889391,2215869,7
0,3332700971,0.827978,2221432,62
0,4222301269,0.970764,2222851,12
0,841342993,0.875558,2223838,8
0,224879047,0.814900,2225680,14
0,3323100659,1.101313,2227494,19
0,1556713667,0.932801,2228858,13
0,2050094309,1.168432,2230938,21
0,2212622329,1.178419,2232941,22
0,1714949857,0.945797,2234417,15
0,1333335247,1.012133,2235870,14
0,1690005871,0.854103,2237220,13
0,241618339,0.818488,2237933,4
0,1566437941,0.938541,2238736,5
0,2580033383,1.002438,2241321,29
0,123206683,0.876115,2242350,8
0,1007483573,1.050019,2243007,3
0,2891999381,0.834439,2244276,12
0,1680954127,1.004385,2247289,37
0,899002787,0.849517,2247946,3
0,3951804911,1.037387,2250433,29
0,1790006849,0.852959,2251291,6
0,1293443909,0.952484,2252073,5
0,4129284917,0.958107,2254003,21
0,3140745173,0.852959,2256767,33
0,264860363,0.945797,2258052,12
0,3831779929,1.008751,2260801,33
0,999682811,1.032197,2261390,2
0,983134693,0.969758,2263300,21
0,2196021587,0.844329,2264293,8
0,1813818607,0.899761,2264877,2
0,730495021,0.897044,2266981,24
0,905999519,1.004871,2268954,22
0,2457323857,1.035974,2271489,30
0,3620687167,0.820275,2274805,41
0,1339286539,0.823246,2275596,5
0,1917468563,0.950945,2278627,37
0,1579346501,0.827388,2279282,3
0,3261791671,1.127168,2280497,11
0,1944791879,0.813701,2281575,9
0,2241377029,0.969758,2282998,14
0,2347203581,1.152867,2284987,22
0,88896727,0.916963,2289680,61
0,2717476079,0.858096,2291951,26
0,2166458023,1.000488,2294970,37
0,2780131591,0.950945,2296314,13
0,893136659,0.893772,2298707,28
0,1885687691,0.827388,2300429,18
0,2833125091,0.902471,2301648,11
0,254189671,1.117160,2304471,34
0,2214451583,0.876115,2305766,12
0,2977382483,0.971267,2307248,15
0,258685529,0.927551,2313118,78
0,1423895233,1.102642,2313776,3
0,674883479,0.994614,2324856,132
0,3975070763,0.843171,2325983,7
0,297827669,0.895409,2328026,23
0,3801228349,0.811899,2329226,11
0,1783454857,0.963190,2329740,1
0,3184465511,0.986728,2336186,86
0,3748316939,0.884436,2336778,2
0,336488983,0.849517,2338320,16
0,390055987,1.222750,2340652,27
0,3163133483,1.056047,2343680,37
0,2256721919,0.916963,2345939,26
0,489116891,1.017426,2348187,26
0,1504773947,0.969758,2349605,14
0,4088271997,1.073928,2351176,16
0,2134437293,0.973777,2355880,61
0,59277313,0.908403,2359287,43
0,3071495551,1.006328,2359811,1
0,2795112347,0.942176,2360668,6
0,279168551,0.817294,2361724,9
0,406582831,0.859801,2362381,3
0,3999395977,0.781875,2362890,1
0,593506493,0.875558,2363532,3
0,254426591,1.079370,2368116,59
0,3297139591,0.908940,2369813,18
0,1600307591,1.119343,2373884,47
0,1837989227,0.939581,2376444,30
0,21470417,0.906789,2378443,20
0,1060272991,0.815499,2381833,42
0,3892266509,1.002438,2382350,1
0,704623033,0.969254,2385251,35
0,1228444097,0.814900,2385959,4
0,1927511623,0.911622,2386961,8
0,469968739,1.098205,2387461,1
0,1698715027,1.079370,2388106,3
0,417249431,1.063419,2392889,62
0,2932008929,0.925971,2393827,7
0,150168881,0.971267,2396844,37
0,3358630309,0.846062,2398319,15
0,773080453,1.064795,2399234,7
0,4224847607,1.001951,2401711,29
0,3569948671,0.969254,2404757,37
0,454046839,0.942694,2407366,31
0,1268466751,0.849517,2409908,30
0,3102213857,0.860369,2410834,7
0,3270058271,1.001951,2411969,10
0,2394341171,1.163407,2412628,3
0,1882731863,0.919621,2413845,11
0,3948740183,1.095980,2414715,6
0,2997709987,0.946313,2415935,11
0,705994283,0.977281,2417978,23
0,2740529567,1.050483,2422014,47
0,4098469717,0.820275,2422845,5
0,2699393947,1.078917,2425179,15
0,4100915261,0.789333,2426671,11
0,1925185937,0.877786,2427816,10
0,3267853159,1.025076,2428762,7
0,2228776859,0.850666,2433213,57
0,584691571,0.932801,2433726,1
0,2821028699,0.782499,2434594,6
0,1117188469,1.033615,2435942,13
0,2118782531,0.939581,2436805,6
0,723994637,0.945797,2438429,17
0,3191150737,1.024123,2442701,55
0,2281942093,0.985738,2443772,9
0,207110723,0.977780,2448662,64
0,1845652561,1.100870,2452720,52
0,2575817779,0.897588,2453527,5
0,3852613411,0.884988,2456013,29
0,1249219889,1.009235,2458672,32
0,2221125523,1.012616,2459816,10
0,1566665017,0.571115,2460671,6
0,2403876799,0.811297,2461958,12
0,3001981877,1.126735,2463032,9
0,2700504799,1.059739,2463619,2
0,1916837861,0.818488,2464900,12
0,2441494501,1.002438,2466392,15
0,3791109479,1.003899,2467331,7
0,3464996063,1.100870,2471337,51
0,3840748753,0.738188,2473577,26
0,1173711323,1.033615,2477765,47
0,3963310517,1.023646,2478527,4
0,869797849,0.955044,2479175,3
0,1177239169,0.907327,2479825,3
0,979828009,0.755190,2481473,15
0,1130175931,0.843171,2482364,6
0,2497100911,0.843171,2483373,8
0,3622209187,1.102642,2485582,25
0,473039383,0.973276,2486499,7
0,198597293,1.032197,2487223,4
0,3600959951,0.813101,2492406,68
0,795352501,0.908403,2496136,47
0,3722895053,0.987223,2500430,55
0,2502234901,1.159624,2503044,31
0,3939639049,1.033142,2503838,5
0,3259795631,0.720107,2504414,2
0,4110044291,0.855246,2505905,15
0,1448990239,0.970764,2507326,14
0,1420982369,1.102642,2508107,5
0,2142747487,0.973777,2512673,59
0,981978989,1.097316,2517039,56
0,2966901631,0.869402,2518669,17
0,4002469451,0.893772,2519459,5
0,3919501217,1.050483,2522996,39
0,1886620811,0.751301,2529361,70
0,4219189231,1.033615,2530965,14
0,1277062247,0.911622,2532476,15
0,3270628307,0.946313,2533345,6
0,948221669,1.070740,2535553,25
0,226640123,0.986728,2536397,6
0,1313157647,0.846639,2537251,6
0,3404464199,1.031723,2539214,22
0,3496294411,0.970764,2541396,25
0,4281694933,1.171354,2541917,1
0,1813825753,0.730208,2542561,3
0,1264339319,1.037387,2543776,11
0,1101920747,0.854103,2545614,20
0,2325009317,1.047225,2546478,6
0,3451324477,0.990186,2547060,2
0,1926248033,0.973276,2549930,35
0,4092837953,1.079370,2550716,5
0,532139093,0.814900,2551721,8
0,3757048871,0.983258,2556860,67
0,2709206821,0.945797,2557871,8
0,358114817,0.984747,2564983,96
0,357524473,0.752600,2566533,16
0,762173617,1.164665,2567247,4
0,2101528301,1.001951,2568743,15
0,1648764241,0.988706,2572103,42
0,4171511371,1.063419,2578692,79
0,1295004439,0.957087,2579666,7
0,2394574957,1.037387,2580941,12
0,860554171,0.884988,2586065,64
0,1902262871,1.037387,2587935,20
0,2772496171,0.941657,2591028,38
0,2124615083,0.916963,2591837,5
0,1790844071,0.942694,2592916,9
0,1357496033,0.886090,2597390,58
0,4128933583,1.157094,2599863,29
0,1653968311,0.939581,2600515,3
0,3810269321,0.820275,2601018,1
0,3600560113,1.039738,2602715,18
0,4205203231,0.846639,2603658,7
0,358583053,1.093750,2604513,6
0,2991941489,0.914830,2606152,17
0,1197266561,0.813701,2606656,1
0,2558500127,1.002438,2607455,5
0,2734386701,0.827978,2610054,31
0,3959184899,0.981270,2610571,1
0,1511330309,0.823246,2612606,23
0,2203978559,0.938021,2613264,3
0,1057053631,0.945797,2614333,9
0,2456851231,0.970764,2614911,2
0,2542879301,1.161307,2616665,19
0,476206117,0.813101,2618145,15
0,2723575403,0.818488,2618658,1
0,3023727439,0.895409,2619677,8
0,3160463773,1.001951,2620685,8
0,2246431097,0.882225,2622663,22
0,196125539,0.815499,2624413,19
0,3411051503,1.078917,2627663,36
0,1899774001,0.871645,2631969,40
0,892071347,0.919621,2634259,24
0,3468459173,0.675318,2635607,13
0,1797518101,1.162987,2639762,53
0,2922502607,0.848367,2640700,7
0,476161733,0.945280,2641417,4
0,3514480903,0.876115,2642007,2
0,1721421349,0.846639,2642516,1
0,3269534353,1.128899,2647850,70
0,643347377,1.043020,2650649,34
0,4269467399,0.974780,2651175,1
0,3490847989,0.952484,2652806,17
0,1332104161,0.814900,2655215,28
0,2892260593,0.789333,2656693,15
0,3723667487,1.035031,2658321,17
0,2366583811,0.910014,2659751,14
0,3213185959,0.954021,2661462,18
0,2521597951,1.064795,2663716,26
0,2382712307,0.858664,2666066,27
0,2452235263,0.910550,2669048,36
0,2587437439,0.927551,2669562,1
0,4103380817,1.079370,2671113,16
0,3755581699,1.067086,2671904,5
0,3413637181,0.911086,2673536,17
0,147166273,1.192833,2675978,29
0,3803410441,0.863202,2679617,46
0,1401467339,1.319179,2683444,41
0,298766197,1.037387,2687053,42
0,1576885699,0.939581,2689965,35
0,3381586823,0.986728,2690897,7
0,3928216933,0.886090,2691409,1
0,3112501247,1.004871,2692281,6
0,325249531,0.919621,2693001,4
0,207378329,0.947859,2694196,11
0,3459016543,0.822653,2700441,83
0,551136673,0.913227,2703591,39
0,229259647,1.012616,2705215,17
0,3788546929,0.978779,2706853,17
0,1104102269,0.971267,2707997,10
0,3054845113,0.973777,2710749,33
0,4256880203,1.009718,2712451,18
0,1453621139,1.012133,2712967,1
0,1264057247,0.930180,2715663,32
0,604740991,0.782499,2716174,1
0,724090687,1.033615,2716766,2
0,65708971,0.907327,2719711,36
0,2612914237,0.975280,2721087,13
0,2589432793,1.006328,2724255,39
0,266273641,1.006328,2727050,34
0,4067352431,1.127168,2728065,5
0,1959786287,0.902471,2729585,15
0,3214658591,0.722139,2730453,6
0,2496359053,1.025552,2732289,8
0,395978657,0.827388,2734625,20
0,1599351209,1.162987,2735712,9
0,2895039947,0.981270,2738889,39
0,3445979687,1.121958,2739543,3
0,2625854873,0.973276,2744887,68
0,1709568793,1.126735,2750050,67
0,1715840509,0.915897,2752440,28
0,566405629,0.981767,2754645,25
0,3828416227,1.167178,2757534,35
0,391564783,0.872205,2758257,4
0,3580063573,0.919621,2766240,108
0,928718393,0.877229,2768364,24
0,4262250709,1.035031,2768881,1
0,349760623,0.691042,2772396,44
0,191929799,0.932801,2775689,41
0,588470959,0.789333,2777031,13
0,1406627147,0.908940,2779787,33
0,1790808001,1.081178,2780439,3
0,3532967063,1.071652,2782297,20
0,43506233,0.945797,2783348,9
0,2268310607,0.877786,2784596,8
0,4107118423,0.852959,2786036,14
0,1665478427,0.871645,2788087,23
0,1238291003,0.962683,2790439,25
0,2749339511,0.945797,2791120,3
0,2958356959,1.160465,2793986,34
0,2638173481,0.950945,2794931,7
0,1903369339,0.938541,2795585,3
0,2156631251,0.858096,2797899,27
0,1675498537,0.987223,2798966,9
0,2250976951,0.755190,2799896,7
0,184245221,1.128467,2800830,7
0,2050583489,1.188322,2802808,22
0,471006037,0.977281,2804148,13
0,495910409,0.946313,2804654,1
0,823649863,0.854103,2806902,26
0,1100959129,1.079370,2807835,7
0,4159585081,1.127168,2809616,19
0,3653492009,0.940101,2810485,6
0,2443532701,0.844329,2812108,17
0,3645493193,0.910550,2815280,39
0,2214861317,1.008267,2816053,5
0,3873800401,1.063419,2816907,6
0,3117397733,0.908940,2819108,25
0,1541284219,0.786855,2821015,21
0,4267516819,0.975280,2823830,34
0,514498643,0.851240,2825245,14
0,2628099157,0.889939,2826382,10
0,159357817,1.002438,2826961,2
0,2531883131,0.866589,2827548,2
0,1014837451,1.031250,2830946,38
0,696146609,0.963190,2832868,21
0,2096405123,1.008267,2835105,10
0,4229399123,0.915897,2836656,13
0,3894075389,1.284675,2840385,47
0,3772061561,0.960652,2842007,17
0,2639268257,0.911086,2843417,14
0,2830673563,0.938541,2845462,23
0,2221098811,0.971267,2846040,2
0,2270814617,0.848367,2850602,59
0,3345560947,0.911622,2853075,29
0,3858548033,0.773714,2853863,5
0,2425411909,0.793652,2855063,11
0,253728667,0.955044,2860458,71
0,108531979,0.964709,2865912,72
0,727272517,1.061581,2866625,4
0,1953920831,0.864332,2867570,7
0,793092541,0.882778,2872608,66
0,944211641,0.879453,2873821,11
0,3220393633,0.962683,2876431,31
0,3928576777,0.942176,2878686,26
0,2264472937,0.904092,2879960,12
0,2028747883,1.117160,2880829,6
0,1905762239,0.910550,2883300,29
0,1836327611,1.146496,2883820,1
0,250894337,0.978779,2887637,44
0,1739682977,0.771818,2889782,24
0,756905953,1.008751,2890789,8
0,3387942697,0.969254,2892527,16
0,1855637743,1.100870,2893701,10
0,566791873,0.883883,2899370,75
0,3367094813,0.982762,2899948,2
0,1031735533,0.766103,2900601,3
0,3330289139,0.891036,2901317,4
0,673031119,1.032197,2908137,91
0,1414358191,1.190785,2910185,23
0,2314860343,1.207884,2910853,3
0,2845886903,0.969254,2912066,11
0,2805739093,0.942176,2916502,57
0,2672215859,1.002438,2917086,2
0,1747856489,0.880008,2918638,16
0,2804476183,0.852959,2919643,8
0,3761508977,0.781875,2920920,12
0,1685129653,1.097316,2924080,39
0,3381326771,0.993141,2924950,6
0,1624202299,0.971267,2925880,7
0,4169072203,0.753248,2927243,13
0,3395257913,0.976781,2928955,18
0,1981664777,0.913227,2929671,4
0,3801578309,0.880563,2931233,16
0,592503367,0.860369,2931813,2
0,1162042877,0.691042,2937689,60
0,168920837,0.940101,2939404,16
0,3113132383,0.760345,2942561,39
0,3907606249,1.038798,2945644,38
0,3049730771,0.946313,2949576,50
0,2083152661,1.011651,2955953,85
0,2844961891,0.877786,2956671,4
0,2782073729,1.255068,2961279,59
0,4120897519,0.988706,2963559,26
0,1118297707,0.846062,2966800,40
0,422896807,0.869402,2969666,35
0,1412145389,1.154137,2976760,95
0,2958443753,0.670966,2977544,5
0,2437148029,0.938541,2980035,29
0,3264975739,0.911622,2980689,3
0,2514366551,0.760987,2981272,2
0,2594336053,0.722139,2982837,16
0,4110294113,0.817891,2988861,75
0,2810016961,1.159624,2990577,18
0,1317657839,1.067086,2992861,23
0,1841408983,0.787475,2996669,48
0,3677164643,0.973276,2999902,40
0,2161669379,0.889391,3000900,8
0,4197657847,1.014061,3006232,70
0,2304455149,0.911086,3006883,3
0,1400506139,0.893772,3010254,42
0,3830599301,0.950432,3011455,11
0,58682633,1.111464,3016545,67
0,369890243,0.981767,3017539,8
0,2755272383,0.832682,3020074,30
0,514990391,1.201399,3022396,27
0,3594906743,0.789333,3025860,43
0,4196185223,1.158360,3027635,19
0,1511369351,1.040677,3028509,6
0,1669192381,0.753248,3031063,30
0,461244989,0.910550,3034022,36
0,2390834741,1.126301,3041866,89
0,984446971,0.977281,3042964,7
0,1448880761,1.044891,3043682,4
0,288199853,1.135799,3044879,11
0,559330249,1.199365,3050074,68
0,3534032009,0.882225,3051549,15
0,3611024597,1.000976,3053331,19
0,4057884833,0.761629,3057877,59
0,4208253433,0.906250,3060634,33
0,3383828803,1.156672,3065048,57
0,2775016793,1.046292,3065845,5
0,1163435621,1.168432,3066562,4
0,1815813787,1.122393,3068676,24
0,475857167,0.848942,3073846,68
0,1108642891,1.125868,3076360,30
0,1920093073,0.893772,3077160,5
0,1713898709,1.017426,3080533,42
0,250845919,1.212323,3082516,22
0,2487829361,1.068458,3083019,1
0,1364233847,0.910550,3087083,52
0,3247550759,1.071652,3089743,27
0,405895249,0.910550,3090606,6
0,2873552921,0.910550,3091617,8
0,1946205379,0.846062,3092268,3
0,3838016639,0.813101,3095917,43
0,2455782239,0.876115,3097692,19
0,1709140561,1.004385,3099176,15
0,4052106197,0.906250,3100663,15
0,4050040927,0.978779,3101455,5
0,1764709159,0.911086,3102038,2
0,2777547881,0.834439,3102957,7
0,1418096657,0.899761,3103812,6
0,3456342493,1.081178,3105506,18
0,3453635347,1.094643,3106019,1
0,3479854817,0.786855,3107792,19
0,1373861011,0.964709,3110333,30
0,3381055607,0.882225,3110852,1
0,238844693,0.875000,3112467,17
0,1957429447,0.815499,3114597,24
0,4129818089,0.970764,3116573,22
0,3047135141,0.972774,3117160,2
0,2819824967,1.012133,3118640,15
0,2061867011,0.958616,3119797,10
0,693433721,0.945797,3121500,18
0,1793218811,0.827388,3122015,1
0,1417303661,0.945797,3125625,45
0,2527821899,0.849517,3129216,45
0,2643151519,1.105296,3132025,34
0,3647182247,0.988706,3132957,7
0,577079507,1.094196,3135482,30
0,1199455981,1.101756,3136280,5
0,4222113517,0.938541,3139655,38
0,992909549,0.950945,3140190,1
0,74935387,0.629670,3143749,28
0,1508845883,0.899761,3145617,18
0,3320544629,1.028405,3146286,3
0,386619931,0.945797,3149362,38
0,3342306031,1.047691,3149958,2
0,2803255859,1.031250,3151301,13
0,601693289,0.916963,3154873,45
0,2452259791,0.971267,3155807,7
0,2138503207,0.813701,3157657,20
0,1122243323,0.628894,3160045,28
0,292891427,0.991172,3161521,15
0,3709768927,1.012616,3162742,11
0,3683636447,0.973777,3163960,11
0,451007153,0.946313,3167252,41
0,3839854037,0.938541,3170201,36
0,813938383,0.688210,3171413,11
0,61200443,0.962683,3172610,11
0,1308614207,0.916963,3174825,25
0,165804143,0.848942,3178285,43
0,644643421,1.039738,3179211,7
0,1580417389,0.983258,3180626,14
0,2611496263,1.102642,3183657,37
0,890217701,1.043488,3185073,14
0,116185231,0.884988,3188355,41
0,3643895419,1.035974,3189227,6
0,1573195957,0.901929,3190430,11
0,1172989507,0.662913,3191086,3
0,3556510571,0.969758,3192303,11
0,4129763371,0.952484,3198471,77
0,2955951247,1.047225,3199773,12
0,606510563,1.040677,3200485,1
0,754517299,1.062959,3201349,6
0,1237707347,0.891036,3205568,54
0,2837104243,1.070284,3206288,4
0,3621063997,1.019823,3207872,16
0,2123908649,0.981270,3209499,17
0,1910776717,1.078012,3210425,7
0,295978253,0.818488,3212268,20
0,1237259449,1.017906,3213682,14
0,501369941,0.940101,3214680,8
0,2082875959,1.004871,3219440,62
0,681376529,0.802219,3220716,12
0,3810291497,0.915364,3222349,17
0,634820231,1.009235,3223142,5
0,3781486147,0.944247,3224139,8
0,1600076759,0.942176,3228366,54
0,3335561107,0.938541,3229585,11
0,3684033863,0.971267,3232824,40
0,3918130583,0.971267,3233342,1
0,3877468709,0.877229,3236156,34
0,3585511903,0.855246,3239958,43
0,1002539537,1.207884,3243866,35
0,519264323,1.039268,3245685,16
0,3804626789,0.944247,3248105,28
0,4219289323,1.040677,3250875,33
0,2509821737,0.811899,3258112,97
0,1069906027,0.863202,3259113,8
0,819336587,0.850666,3261288,25
0,1792735171,0.977281,3263689,28
0,1325732323,0.852386,3264828,10
0,563898469,0.721462,3265754,7
0,923704811,0.875558,3267803,23
0,3550685767,1.068458,3269077,12
0,739722257,0.824432,3270423,13
0,1218742411,1.063419,3271695,12
0,887999569,0.745429,3274293,31
0,4158182159,0.993632,3274819,1
0,2701744583,1.120651,3278112,41
0,3383230783,0.977780,3278765,3
0,2059501987,1.000976,3280106,13
0,3152670239,0.938021,3282442,27
0,2679648661,0.910550,3283746,12
0,3069358307,1.055584,3285373,17
0,1863957833,1.063419,3286650,12
0,1820730313,1.085235,3287160,1
0,3824945027,1.003899,3287827,3
0,59033477,1.035974,3289082,12
0,1245072989,1.093750,3291470,28
0,3636979649,0.915364,3293935,29
0,298967663,1.156250,3298030,48
0,1185283751,0.846639,3299821,19
0,3023800007,0.786855,3302721,33
0,3424767161,1.000976,3303458,4
0,1014322031,0.946829,3304956,15
0,178103921,0.849517,3305601,3
0,2426435663,1.012133,3307365,19
0,805088969,0.883883,3309701,27
0,2240521189,1.095980,3312233,30
0,542636533,0.750651,3313094,6
0,4013187121,0.911622,3313668,2
0,1554093263,1.082983,3314666,8
0,3046383383,1.000488,3315317,3
0,2902654063,0.925971,3316320,8
0,321716137,0.981270,3319122,34
0,1784753077,0.969254,3321660,30
0,3025264469,0.755190,3322314,3
0,2997241861,1.082983,3323859,15
0,2767083439,1.125000,3328868,65
0,2497032793,1.031723,3334622,76
0,909090373,0.897044,3336467,20
0,3433640311,0.907327,3337606,10
0,417339889,0.940101,3340083,29
0,3419201171,0.827978,3340816,4
0,582743279,0.876115,3344458,41
0,855447179,0.820275,3348005,26
0,3712071631,0.880563,3348702,1
0,1255228831,1.247654,3352928,54
0,1908202007,1.015505,3353651,4
0,1230369703,0.908940,3355653,22
0,935854571,0.942694,3358052,28
0,762734353,1.256623,3358923,6
0,329960083,1.050019,3364193,69
0,2153462159,1.161307,3367207,37
0,1405064923,0.973276,3370942,47
0,1186627073,0.916963,3372978,23
0,73817171,1.018386,3374941,22
0,501120281,1.035031,3380395,72
0,601636891,0.882225,3381036,3
0,3069734939,1.022214,3383426,28
0,3092981609,0.873324,3385055,17
0,2039296549,1.159624,3386623,16
0,3344251909,0.818488,3387277,3
0,2188950523,1.016466,3388570,12
0,558202789,0.969758,3393086,58
0,1903759063,0.981767,3395694,31
0,1992415039,1.094643,3398313,24
0,368851081,0.880008,3399266,7
0,1346660681,0.849517,3399773,1
0,3962853281,1.097761,3403487,44
0,2617105703,0.858096,3406400,35
0,4118752679,0.911622,3407694,12
0,4148573941,0.975280,3410104,28
0,679368509,1.044891,3413541,43
0,3505247621,0.971267,3414551,8
0,3031390753,0.846639,3418352,48
0,632716963,1.127168,3418943,2
0,2073980101,1.093750,3420294,13
0,3431783039,0.781250,3420892,2
0,369480701,1.070284,3423624,33
0,246939083,0.784369,3424361,4
0,1274171783,0.786234,3426214,20
0,3983002669,0.938021,3428683,29
0,1997140609,0.952484,3429396,4
0,799618639,1.068458,3431301,21
0,67889839,0.955044,3432588,12
0,3254719777,0.851240,3436376,48
0,145739393,1.095534,3439036,32
0,2711397817,1.032197,3441075,23
0,635500319,0.942694,3441589,1
0,131747897,1.019344,3442290,4
0,2421541429,0.829745,3442937,3
0,1796309117,1.139661,3444536,12
0,1552653049,0.901929,3451853,81
0,2441584741,0.975280,3453028,8
0,2813360819,0.975280,3454601,16
0,1688725663,0.884436,3455326,4
0,3297597467,1.000976,3456458,10
0,3664246043,0.975280,3462236,76
0,1022857313,0.846062,3463373,10
0,2516888287,1.213933,3463953,2
0,699328837,0.940620,3465380,14
0,2520910919,0.880008,3469113,47
0,1866782959,1.064337,3470753,17
0,3019808543,1.006328,3472328,16
0,534684259,0.891036,3474366,23
0,2204383807,0.970261,3475928,16
0,605069467,1.093303,3478661,33
0,1218017501,1.085235,3482322,46
0,2406247573,0.946313,3484866,30
0,3478264571,0.988706,3486354,15
0,2079545173,0.895409,3487230,6
0,3081654197,0.908403,3491725,58
0,3647338741,0.913227,3493228,15
0,1962426409,1.093750,3493808,2
0,1961812921,0.944247,3497542,47
0,3797177347,1.014061,3499939,28
0,1176345757,0.792420,3501380,11
0,3417869977,0.987223,3505038,45
0,1233137461,1.004385,3506176,10
0,3028882643,0.894864,3507063,4
0,1835834941,0.913227,3511641,59
0,49329373,0.981767,3512561,7
0,2764930603,0.814900,3513361,5
0,8950549,0.938541,3514332,8
0,705945041,1.067086,3515601,12
0,698969153,0.877786,3518187,31
0,1080188069,0.846062,3519603,14
0,1998816307,0.940101,3521876,26
0,1455865259,0.930180,3522602,4
0,2327497849,0.978779,3523192,2
0,4040694503,0.977780,3525248,23
0,1679699321,0.854103,3527571,27
0,2936525663,0.852959,3528516,7
0,4226182951,0.720107,3529740,11
0,474030797,0.866589,3531696,22
0,1803300061,0.762910,3532977,12
0,3121204687,0.944247,3535243,26
0,1621036861,0.919621,3538142,35
0,934685537,1.117160,3542769,60
0,165924757,0.945797,3544194,14
0,1999686439,1.059739,3547270,33
0,3512856001,1.000000,3548296,8
0,430197011,1.113658,3549138,6
0,2174983259,0.973276,3550944,7
0,2138968499,0.973777,3555122,48
0,171604801,0.762910,3556701,16
0,1761674269,0.991172,3557838,10
0,2214448931,0.952484,3558496,3
0,1926926263,0.752600,3559431,7
0,1008865757,0.866589,3560079,3
0,2764010863,1.167596,3561803,18
0,579939589,0.888841,3562440,3
0,793336787,0.644235,3563453,8
0,1634614019,1.067086,3564600,10
0,1981152427,1.035031,3570564,79
0,1678771027,0.975280,3572458,21
0,710204863,1.012133,3574159,18
0,677333197,1.012133,3574943,5
0,2033934569,0.858096,3576357,14
0,3582828497,0.884988,3579449,38
0,3325982993,0.781875,3584502,66
0,4109498693,1.173020,3585719,11
0,931903769,0.824432,3588970,40
0,2955705829,0.895409,3594352,71
0,1913758103,0.952484,3595352,8
0,1022874701,1.099538,3596707,13
0,4060565129,0.938541,3600218,44
0,402314743,0.860369,3601648,14
0,1936972417,0.944247,3604615,32
0,411182197,1.000488,3605272,3
0,3664015723,0.693863,3607768,29
0,3334834337,1.070740,3610697,33
0,3451512769,1.067086,3611236,1
0,1353472723,1.127168,3615030,48
0,3303116701,0.911622,3617011,22
0,2342623901,0.721462,3618781,19
0,4059013873,0.977281,3620270,15
0,246352387,1.000976,3621965,18
0,3795990967,0.934370,3624357,28
0,2238127261,0.938541,3626403,23
0,2281234261,1.063419,3634037,103
0,3562265713,1.038798,3635662,17
0,3580710821,1.071652,3637727,23
0,866522621,0.970764,3638317,2
0,245619163,1.033615,3645346,94
0,3139644311,0.875558,3645868,1
0,1588492679,0.950432,3646455,2
0,3602423059,0.836777,3647595,10
0,1439275583,1.031723,3648742,10
0,2966681609,1.001951,3653113,39
0,2044310971,0.908940,3657675,54
0,638193967,0.758416,3658282,2
0,2210587913,0.743461,3659989,18
0,2559519359,0.855246,3663300,41
0,3453349813,1.040677,3671084,105
0,1890824701,1.040677,3672719,17
0,2737863743,0.880563,3675211,29
0,2785254139,0.906789,3675725,1
0,1166902181,1.000976,3677001,12
0,3303190477,0.952484,3679255,26
0,1882217401,1.125868,3679901,3
0,1479718951,1.000488,3680548,3
0,1137933857,0.880008,3681613,9
0,1114803923,1.067086,3682683,9
0,1160082317,1.047225,3684234,16
0,3254545709,1.073928,3689007,62
0,477143417,0.891584,3689853,6
0,2153413901,0.772450,3690499,3
0,694835677,1.051877,3691217,4
0,2337339947,1.064337,3691868,3
0,1905535607,0.880563,3693079,11
0,1254267019,1.095534,3694418,13
0,1352337881,0.938021,3695778,13
0,3026712193,0.981270,3697076,12
0,2062231811,0.903011,3697586,1
0,3794236223,1.132354,3698172,2
0,2093397247,1.091068,3703155,65
0,2715901633,0.920152,3704422,9
0,1027366493,1.086134,3705513,9
0,1279401421,0.730208,3706095,2
0,722836067,0.978779,3706603,1
0,1386609733,0.932277,3708815,25
0,2894887129,0.691042,3709391,2
0,3081114241,1.055584,3711421,23
0,3430886749,0.928078,3715158,47
0,2269253827,1.065254,3715867,4
0,1397121233,0.716027,3717211,12
0,3946065689,0.987223,3723822,86
0,2267823559,0.787475,3726813,36
0,3565960903,0.738188,3728740,21
0,2812635851,1.033615,3734625,78
0,1710559883,1.070284,3741051,83
0,2956110821,0.970764,3742447,13
0,1565161229,1.009718,3747003,59
0,165075413,0.971267,3754547,97
0,2214095677,0.813701,3759712,47
0,2926977301,0.945797,3760790,8
0,2932945339,1.000976,3764019,40
0,1395251867,0.800391,3766150,24
0,1091065813,1.048623,3767281,10
0,1477550549,1.012616,3768273,8
0,1790051983,0.761629,3770048,19
0,689925143,0.886090,3771819,19
0,356194879,1.048623,3774636,34
0,4258240319,0.880008,3783590,122
0,344817779,1.014061,3788485,64
0,1243203103,0.806468,3791859,42
0,908193947,0.914296,3792644,5
0,3226118227,1.272455,3795314,32
0,3912154171,1.016466,3798061,33
0,3541276841,1.070740,3800860,34
0,3355350629,1.015505,3801723,6
0,4132781189,0.924387,3802589,6
0,398888627,1.001951,3806015,43
0,212331767,1.088828,3807011,8
0,339568763,1.012616,3808431,12
0,250946651,0.972272,3809229,5
0,2959179667,1.131923,3813130,47
0,1100359277,1.043488,3814851,18
0,3468774359,1.105296,3816270,14
0,1107140389,0.915364,3820782,58
0,41404529,1.166760,3823167,28
0,2142744343,0.843750,3826718,44
0,2853332563,1.163407,3829258,30
0,347718689,0.781250,3830741,15
0,125904257,0.827388,3832270,16
0,1698574037,0.981767,3833478,11
0,3632893163,0.919621,3837399,50
0,1085815337,0.864897,3839012,17
0,2659412117,0.950432,3841613,31
0,3940541123,1.106621,3843599,22
0,1491732773,0.889391,3850177,88
0,134145593,0.745429,3855144,60
0,1398760933,0.773714,3856379,11
0,2178041311,0.955044,3859309,18
0,314072921,0.876115,3860204,4
0,1399892519,0.781875,3860792,2
0,2937270461,0.954021,3863252,29
0,422635979,0.916963,3865423,25
0,437477783,1.047225,3866215,5
0,2703956347,0.894864,3867844,17
0,1229403463,0.939581,3869950,24
0,2520464189,0.867152,3871229,12
0,2100925241,0.938021,3872019,5
0,800703479,0.985738,3874426,28
0,49723547,1.012133,3875141,4
0,106349891,0.945280,3875986,6
0,872635997,1.000976,3877325,13
0,2445040529,0.783123,3878945,17
0,2148560537,1.040677,3879808,6
0,676787807,1.070740,3880669,6
0,1427119787,0.952997,3882434,19
0,3732740029,0.916963,3883942,15
0,1584816377,1.055584,3887739,48
0,255980243,0.758416,3888590,6
0,3611019967,0.925971,3890369,19
0,4145055191,1.190375,3891799,14
0,2520026623,1.140518,3895256,43
0,127630859,1.029354,3898342,38
0,4116090899,0.953509,3899552,11
0,2673609163,0.938541,3901175,17
0,2273866031,0.766740,3901760,2
0,2966702363,0.696672,3902406,3
0,3731897593,0.691042,3910919,110
0,2004949963,1.006328,3913216,26
0,3772902137,0.969758,3915847,29
0,1943975903,1.017906,3916746,6
0,3406357067,0.882225,3917254,1
0,1420029887,1.062959,3918559,12
0,1728874853,1.033142,3920533,22
0,148253669,0.911086,3924104,45
0,1623999569,1.012616,3926697,31
0,841647949,0.880563,3931178,58
0,2192645153,0.884436,3933622,29
0,1274128159,0.947859,3939579,79
0,496474787,0.829745,3942969,42
0,3572742937,0.955044,3943768,5
0,2645449799,0.884436,3946049,26
0,3940177001,1.000488,3948931,35
0,4174541951,0.851240,3950079,10
0,405242077,1.006328,3950578,1
0,1855092401,0.848942,3951159,2
0,3729325177,0.947859,3951881,4
0,40127777,1.035974,3952711,6
0,2287306403,1.039738,3953432,4
0,39177991,1.001951,3954422,8
0,37475209,0.889391,3955896,15
0,987392573,0.721462,3956821,2
0,73324169,0.877229,3963499,75
0,2194156007,0.877229,3965467,19
0,228393863,0.970764,3965966,1
0,3767153311,1.012616,3967453,15
0,366144641,1.017906,3968309,6
0,1733907181,0.940620,3969735,14
0,3018059171,0.946829,3970394,3
0,2058724099,0.720107,3972433,23
0,3757953341,0.897044,3973034,2
0,3650628829,1.037387,3974170,10
0,3276075707,0.862070,3975587,14
0,3138599183,0.987223,3977094,15
0,1955994779,0.944247,3981504,57
0,3293456279,1.035974,3982441,7
0,347081663,0.705724,3983665,11
0,1498384429,0.879453,3986681,37
0,960873973,0.876115,3988095,14
0,3226485193,1.107944,3988939,6
0,3887721697,0.941657,3991008,23
0,1268118773,0.911622,3991665,3
0,2937822809,0.975280,3992391,4
0,2431772723,1.037387,3995139,33
0,72689173,1.105296,3997580,29
0,1693967087,0.822653,3998658,9
0,2603127733,1.129332,3999517,6
0,165560251,1.002438,4000238,4
0,338155067,1.135799,4000752,1
0,3585153419,1.166760,4002658,21
0,2289569171,0.973276,4003519,6
0,3078265049,1.006328,4005361,20
0,2568815519,1.032197,4005878,1
0,3230218193,1.204241,4006808,7
0,958450679,0.732211,4007874,9
0,3879317557,1.229123,4008747,6
0,2928507467,1.101313,4014939,78
0,803541523,0.875558,4016855,18
0,352658689,1.032197,4017845,8
0,1746085087,1.014061,4019620,19
0,1799040097,0.950432,4020693,9
0,1883159591,0.854103,4023878,39
0,2718300881,0.939581,4024810,7
0,21859979,0.846639,4027753,36
0,2187633157,0.920152,4031554,48
0,854758969,1.122393,4035258,47
0,4162405417,1.019823,4039487,54
0,1962989713,1.075745,4040626,10
0,3306258223,1.031250,4045706,66
0,3204341297,0.973276,4046793,9
0,178405267,1.091516,4047434,3
0,703094699,1.073928,4049489,23
0,3578022559,1.025076,4050563,9
0,1689833177,0.915364,4052951,28
0,511743059,0.719429,4053659,4
0,1327401983,0.822653,4055638,22
0,494735837,1.033615,4056501,6
0,1005445801,0.976781,4057361,6
0,3955446863,0.907327,4058160,5
0,3382110811,1.095534,4060716,26
0,3673369967,0.981270,4063616,21
0,2326225361,0.884436,4067505,47
0,1952204591,1.038798,4068937,14
0,3338872367,0.891036,4073218,55
0,4213642099,0.827388,4074360,10
0,428094179,0.850666,4075006,3
0,2201983681,1.019823,4076774,19
0,3032208989,0.981270,4077786,8
0,665353303,1.160044,4078790,8
0,3606338093,1.012133,4079512,4
0,2397154709,1.222350,4082830,41
0,341377963,0.858096,4087746,64
0,2387316517,0.872205,4088465,4
0,3209471329,0.776234,4091003,30
0,2788539031,0.762910,4091727,4
0,3797833861,0.970764,4092659,7
0,2972121787,0.893772,4093750,9
0,867582619,0.880008,4096138,28
0,2466033623,0.815499,4098829,32
0,1503815927,0.883883,4099481,3
0,2324691893,0.846639,4103076,45
0,3126054917,0.973276,4104840,19
0,2439961651,0.815499,4105978,10
0,249695053,0.976781,4106833,6
0,7188583,1.106179,4108220,14
0,834841939,0.815499,4109977,19
0,574396297,0.946313,4113232,36
0,4033347847,1.095534,4114209,6
0,2674760113,1.067086,4115915,18
0,611679989,1.113658,4120567,58
0,72356899,1.002438,4124643,52
0,1746960937,1.019344,4126757,24
0,1932248167,0.801000,4130001,40
0,2916755783,1.078917,4131073,9
0,1405082137,0.976781,4132145,9
0,339955159,1.006328,4133780,17
0,2577967009,1.167178,4134426,3
0,145097657,1.033615,4134929,1
0,2534369147,0.844329,4136704,19
0,3628023169,0.940101,4137986,12
0,1042030273,0.782499,4141274,41
0,1583777159,0.938541,4144161,35
0,3580829149,0.860369,4145306,10
0,1157240647,0.930180,4146798,15
0,1697466787,0.906789,4148001,11
0,4213764239,0.986728,4149424,14
0,3970957201,0.969254,4150922,15
0,2982136099,0.916963,4152549,17
0,279160289,0.846639,4153256,4
0,2349906551,0.784369,4154322,9
0,1780529393,0.822653,4155521,11
0,2771570423,1.063419,4159166,46
0,3870559183,0.880008,4160305,10
0,2801727343,1.102642,4163244,31
0,726638167,0.988706,4165182,9
0,360073253,0.862070,4166248,6
0,1326429473,0.818488,4166911,3
0,3179179327,0.783746,4167715,5
0,403255261,1.004871,4171171,43
0,2471066183,0.773714,4173844,32
0,4083859181,0.827388,4175484,17
0,923369507,0.866589,4176330,6
0,4198294003,0.983258,4177837,15
0,2065218823,1.111464,4178350,1
0,411621949,0.927551,4179693,13
0,3105540649,1.033142,4182707,37
0,1951145527,1.101313,4187123,56
0,3923347579,1.098205,4187918,5
0,3013328891,1.065254,4190771,34
0,723639439,0.975280,4194065,41
0,1259795477,1.130628,4196668,31
0,3881792617,1.035031,4198654,22
0,2846833427,1.220752,4199866,11
0,48758719,1.116723,4205526,75
0,4072679549,0.846639,4207215,18
0,708363163,0.977281,4208277,9
0,3219773489,1.101313,4212703,57
0,824210251,1.024123,4214671,22
0,1225158821,0.713295,4215175,1
0,612158927,1.035031,4216189,3
0,1983901291,0.903552,4216875,2
0,851992109,0.804043,4217383,1
0,779508551,1.073928,4218396,8
0,2371616827,1.007782,4219178,5
0,1990988647,1.094643,4220315,10
0,3335788397,1.132354,4220896,2
0,3578515763,1.021736,4222798,18
0,4268503451,1.031250,4224576,19
0,277370957,0.880008,4227606,37
0,2922067301,1.135799,4230211,30
0,1732648219,1.070740,4233140,35
0,23513473,0.644993,4234602,15
0,286831829,0.844907,4240256,72
0,2706258161,1.009718,4241878,15
0,3078225697,0.915364,4242426,1
0,2678660507,0.940101,4245693,40
0,761325157,1.219151,4247877,25
0,1755069317,0.913227,4253256,71
0,2264220197,0.893772,4254318,9
0,1782691091,0.988706,4256362,23
0,3428536487,1.012133,4260017,46
0,2179424677,1.073928,4260742,4
0,2212033007,1.033615,4265078,51
0,2094805289,0.722139,4268976,35
0,3495454093,0.974780,4270346,11
0,2415189433,1.039738,4271433,9
0,2921078687,1.033142,4275158,47
0,1197088747,1.147773,4276022,6
0,1459587991,1.027930,4277391,13
0,1361840273,0.941657,4281800,57
0,27436561,1.021736,4283114,13
0,292219079,0.789333,4284035,7
0,4010403203,1.125868,4285459,14
0,1809635911,1.002438,4290635,68
0,1192136641,0.820275,4292955,27
0,1971235177,1.168432,4297585,60
0,894552397,0.748697,4299275,18
0,305818829,1.048623,4300063,5
0,1828164521,0.762910,4300800,4
0,835703521,0.727528,4301379,2
0,4162139441,0.888841,4304184,34
0,2413819931,0.946313,4306025,20
0,3449988259,0.981270,4307798,19
0,3929574511,0.927551,4312912,67
0,899027653,1.038798,4314458,16
0,3876316193,0.820275,4319072,55
0,1321754963,0.876115,4323706,56
0,536712997,1.024123,4325313,16
0,2417947321,0.911622,4329172,49
0,2676555269,0.938541,4334774,74
0,2903034989,1.094196,4337576,34
0,2598053327,0.911086,4338091,1
0,310531747,0.799169,4342071,51
0,1266482599,0.877229,4345254,39
0,2167134467,0.813101,4346870,17
0,4200485651,0.981270,4347522,3
0,2621897203,1.001951,4349706,25
0,1414620199,0.815499,4350565,6
0,1472144881,0.858664,4352840,26
0,2048860657,1.052341,4353557,4
0,264899461,0.941657,4357826,55
0,1248525547,0.851240,4364147,84
0,3313218739,1.070740,4365291,10
0,2180811757,0.813701,4366811,11
0,3404285471,0.846639,4370050,27
0,3001509529,0.973777,4371726,14
0,2859247747,0.913227,4373127,12
0,733202681,0.889391,4375043,21
0,713185427,1.156672,4377434,28
0,286844759,0.880563,4378432,8
0,811459339,0.945280,4379293,6
0,4140194507,1.032197,4380296,8
0,2238953917,0.977780,4380820,1
0,1874848691,1.104854,4381771,7
0,3517489819,0.930180,4382906,10
0,1799015501,1.002438,4383488,2
0,867994339,0.846639,4387216,47
0,33938561,1.025552,4389185,22
0,3077490653,0.908940,4391375,25
0,2472158849,0.784369,4392853,15
0,373911683,1.357128,4395231,28
0,2985130817,1.062959,4396710,15
0,2303199131,0.928078,4398132,14
0,873737071,1.001951,4400181,23
0,3893010959,1.070284,4405926,76
0,2305056433,0.908940,4408524,31
0,4195857811,0.940620,4409388,6
0,185187719,0.719429,4410868,15
0,1603974187,1.039268,4413071,25
0,2108864201,1.040677,4414215,10
0,3149675117,1.078012,4416337,24
0,2869807879,0.932277,4416988,3
0,2198058517,0.761629,4421603,60
0,3306950197,0.817294,4422773,7
0,2233537783,1.032197,4423377,1
0,404304707,1.189554,4430837,98
0,620608577,0.958107,4431435,2
0,3012627623,1.035503,4432860,14
0,2780220371,1.095534,4433446,2
0,1201328201,0.852959,4434805,13
0,487638997,0.925443,4436280,15
0,1145666297,1.128899,4436797,1
0,1701634997,0.952484,4439480,32
0,779923783,0.939581,4442917,43
0,3360131263,0.820275,4447489,59
0,3040633003,0.919621,4450110,31
0,1672715257,1.012133,4451531,14
0,3841534771,1.187911,4452115,2
0,3192671899,0.976781,4454517,28
0,691824157,0.947859,4456209,18
0,3570278917,1.012616,4458466,26
0,3305007947,0.813701,4461568,38
0,3259734307,0.973777,4463604,23
0,2290731697,1.038798,4465709,24
0,328743199,0.888841,4472983,80
0,20971043,1.128467,4474943,18
0,89850367,0.920152,4475523,2
0,3572421323,0.818488,4476249,4
0,540364939,0.808886,4477304,9
0,4113165857,0.929129,4479281,22
0,1958516869,0.908940,4480701,14
0,1905113803,0.939581,4481987,12
0,2786424169,1.008267,4485003,37
0,2083300481,1.007782,4487034,23
0,2875452721,0.894864,4488036,8
0,2288708621,0.696672,4489535,15
0,2196248339,1.194878,4490387,6
0,1623186827,1.021736,4491183,5
0,3587180843,1.053732,4491897,4
0,1907340191,1.012616,4492557,3
0,269900383,1.002438,4493130,2
0,2154108041,0.938021,4493975,6
0,1409740699,0.824432,4496231,26
0,757870901,0.983258,4496944,4
0,3345990367,0.906789,4498588,17
0,3254275579,0.921743,4499313,4
0,773691781,0.820870,4502050,33
0,325935847,0.920152,4503538,15
0,3591288643,0.813701,4506627,38
0,3121810607,1.139661,4507214,2
0,2988394789,0.911622,4508695,15
0,1896419149,1.202618,4511096,28
0,946900219,0.880008,4512874,19
0,2698382083,1.125868,4514139,12
0,2005485893,1.001951,4516875,33
0,3957091231,1.049554,4517605,4
0,878932121,0.916963,4519578,22
0,2000738809,0.880563,4523779,49
0,710981177,1.001951,4530843,92
0,3160669753,1.040677,4531723,6
0,2880853369,0.908940,4534954,40
0,3135429853,1.073928,4535613,3
0,3490989461,0.904092,4536401,5
0,3146747893,0.968750,4537966,16
0,605349541,1.012133,4539100,10
0,2852491613,0.908940,4540442,13
0,3670181741,0.920152,4543055,31
0,1526026741,0.858664,4544492,14
0,3232771331,0.983258,4549200,61
0,1811330273,1.194470,4550762,16
0,3414515953,0.908940,4551407,3
0,2269623227,0.753248,4552766,13
0,2712408781,0.875558,4555706,36
0,3640980149,0.834439,4558881,39
0,1254003613,0.822653,4559464,2
0,1009428073,1.009718,4560817,13
0,607395559,0.843750,4561394,2
0,2703086389,1.064337,4562044,3
0,379319509,1.064337,4563608,16
0,2479405447,0.844329,4566288,32
0,2718510427,0.976781,4568539,26
0,3259674053,1.066170,4569463,7
0,145304051,0.940101,4570173,4
0,750933563,0.983258,4572687,25
0,702930667,0.755837,4582472,119
0,394778497,1.085235,4585160,30
0,4067553583,1.044891,4587143,22
0,88093429,0.914830,4589378,26
0,3392363237,0.781875,4590800,14
0,2601816673,1.095980,4591650,6
0,2014708013,1.048157,4593282,17
0,1593998333,1.052341,4593939,3
0,985661861,1.014061,4595070,10
0,4244554313,1.046292,4597052,22
0,2806795573,0.913227,4598191,10
0,1493162243,0.848367,4600798,31
0,1080767593,0.952484,4602415,17
0,2574420259,0.815499,4604891,29
0,493013341,1.091963,4609219,56
0,1666283279,0.883883,4610983,19
0,2146523543,1.097316,4612769,19
0,2766168659,1.002438,4614671,21
0,4225015793,0.756482,4615606,7
0,1780515049,1.110145,4619551,50
0,554490697,0.771818,4620400,6
0,3854668087,0.846639,4623072,32
0,1607915503,0.983258,4625238,20
0,1364190757,0.822653,4626115,6
0,3429377143,1.002438,4627259,10
0,1517130691,1.032669,4628119,6
0,2004229379,0.848942,4630543,26
0,2986156661,0.975280,4633943,42
0,2429382227,1.067086,4635298,13
0,2785748411,1.002438,4635878,2
0,2295254641,1.004871,4636526,3
0,2542577537,0.848942,4637522,8
0,58572587,0.776234,4639015,15
0,46529129,1.187911,4643275,55
0,1159603217,1.071652,4646558,41
0,2650356307,0.975280,4648395,20
0,2444266871,0.944247,4649626,11
0,2730385991,0.942694,4651048,14
0,2757170519,0.787475,4651989,7
0,1178657111,0.818488,4653189,11
0,1679429761,0.877786,4654446,12
0,2994372211,0.950945,4656635,25
0,3494686177,1.004385,4658549,21
0,2402991671,0.784369,4661854,41
0,2774167163,0.884436,4665096,40
0,775113253,1.066170,4666503,14
0,3240061327,0.884988,4668406,21
0,634795991,0.820275,4670111,18
0,4123647329,0.949404,4671250,10
0,4275464029,1.074382,4672396,10
0,4214754413,0.773082,4675014,27
0,2771235169,1.067086,4678360,28
0,3180278771,0.741488,4680261,18
0,3971889743,1.167178,4681684,14
0,2086471253,0.933847,4683809,24
0,1432063813,0.843171,4684599,5
0,3968024171,1.162987,4688524,50
0,1665574567,1.015505,4690007,15
0,175469741,0.971267,4692246,26
0,2881123789,0.844329,4695759,44
0,1412385649,0.895409,4697589,20
0,2066324983,1.062500,4698666,9
0,135557777,0.913227,4699361,4
0,2165554921,0.938541,4702113,33
0,3676505743,1.158360,4704151,23
0,3359189837,1.068458,4704659,1
0,488009323,1.074382,4708518,49
0,2204619113,1.095980,4712865,56
0,2622851489,0.940101,4713440,2
0,2996020271,0.776234,4714591,10
0,3836848781,0.830333,4715171,2
0,314734421,0.822653,4717705,30
0,355576057,1.016466,4720026,27
0,465330979,0.755837,4723391,42
0,127564403,1.222750,4724935,16
0,3330944411,0.947859,4727784,31
0,975376949,0.916963,4731309,43
0,2771823377,1.105296,4733529,23
0,3469362151,0.753248,4738173,60
0,1229144179,0.969254,4739379,11
0,2244226087,1.029354,4742156,31
0,2495177803,0.977281,4742694,1
0,1036530181,0.897588,4743758,9
0,3765366181,1.000488,4748681,64
0,131485247,0.969758,4750090,14
0,183571981,0.946313,4750657,2
0,1740164329,0.871645,4751942,12
0,2252749853,0.970764,4753304,13
0,2063098811,0.852959,4755367,23
0,687512101,0.915364,4757204,20
0,465557161,1.048623,4760669,43
0,3283228969,1.031723,4762786,24
0,1741022747,0.971267,4763795,8
0,1941676673,0.900304,4764444,3
0,498413213,1.095534,4765581,10
0,2809727227,0.941657,4766233,3
0,2747926549,0.915897,4767220,8
0,3232918487,1.163407,4767816,2
0,1804871269,0.851240,4768881,9
0,3734553131,1.146496,4769462,2
0,393661841,0.843750,4771081,17
0,1548253403,1.119343,4777438,80
0,4247809333,0.988706,4783085,58
0,750844079,0.933847,4783781,1
0,687262193,0.933847,4785332,16
0,3132469001,1.043020,4788910,45
0,4097228731,0.817891,4790618,18
0,1208519509,0.906250,4794130,44
0,3884620669,0.983258,4794993,6
0,920358773,0.911622,4798100,38
0,1715629633,0.604346,4799088,8
0,961869149,0.958616,4799601,1
0,769671653,1.024123,4801909,27
0,818009419,0.755837,4803464,16
0,2849287561,1.043488,4805015,16
0,141797471,0.875558,4811529,87
0,1334440439,1.025552,4813022,15
0,1085167177,0.989199,4814429,14
0,1011073939,1.127168,4814942,1
0,3989298721,0.805862,4816705,19
0,990003583,0.694566,4819163,29
0,2625747307,0.914830,4820370,11
0,2602321159,0.880563,4822272,21
0,3425344583,0.760345,4823905,17
0,396603833,0.940101,4825940,23
0,3498586387,1.065254,4831068,62
0,1238691737,1.000488,4835096,51
0,1756076053,0.944247,4837535,26
0,1571360177,1.095980,4840091,30
0,2879607217,0.882225,4840597,1
0,2055707053,1.031723,4841955,13
0,2031960629,0.906250,4845112,39
0,383774717,1.064795,4845631,1
0,788438993,0.911622,4847129,15
0,1081416709,0.907327,4847628,1
0,1491462541,0.913227,4848426,5
0,1833501359,0.932277,4849011,2
0,2297015683,1.035974,4851487,29
0,2996434759,1.009718,4856320,63
0,28650911,0.976781,4857096,5
0,305110361,1.095980,4860750,46
0,3428793881,0.786855,4861469,4
0,3026430259,0.956577,4863242,19
0,1849875847,0.970764,4864804,16
0,1041081233,1.043488,4866148,13
0,1152322417,0.958107,4870152,51
0,3597044999,0.803435,4872418,26
0,3802558471,1.070284,4876346,50
0,335225801,1.017906,4876927,2
0,621178541,0.977281,4877977,4
0,3974519299,0.895409,4879562,16
0,1581300263,0.970764,4880489,7
0,1514730551,1.001951,4882850,13
0,4110022933,1.101313,4884553,14
0,1379509,0.963190,4885866,13
0,3158513863,0.911622,4888823,36
0,3790623097,1.094196,4890858,23
0,3681819851,1.035503,4893748,35
0,3973857631,1.190785,4896641,35
0,1888018037,1.024123,4898705,23
0,2344460903,1.176761,4901040,27
0,872781779,1.008267,4902241,11
0,1703834849,1.069828,4903099,6
0,560567993,1.031723,4904505,14
0,2323821883,1.306908,4907168,32
0,70439497,0.876673,4908500,13
0,3547796893,1.190785,4909153,3
0,3646790453,0.969758,4911982,34
0,1453021469,0.925443,4912920,7
0,2586634601,0.725512,4913707,5
0,2088474383,0.944247,4914649,7
0,4062795773,1.012616,4917963,41
0,257476633,0.952997,4918458,1
0,612960043,0.800391,4919862,14
0,3452151803,0.735538,4920383,1
0,3876711953,1.106621,4920962,2
0,538215697,0.755837,4921592,3
0,2763467669,0.913227,4923284,18
0,3697400471,0.993141,4925190,21
0,2368863821,0.929129,4926071,6
0,3268059187,1.073928,4926926,6
0,819229273,0.793652,4927704,5
0,1332633089,0.878342,4930794,38
0,740123213,0.673871,4932417,17
0,621472021,0.902471,4935348,31
0,1988001007,0.942176,4939805,57
0,1644486863,0.969254,4941776,19
0,4259291143,0.977281,4943977,25
0,348742861,0.938021,4945451,15
0,4002722357,0.939581,4947354,21
0,3495364259,0.941657,4948909,16
0,1388055161,0.932277,4955927,94
0,1799851147,0.818488,4958208,26
0,2081672777,0.914830,4959206,8
0,2238915403,0.781875,4960347,10
0,1633475153,0.884436,4961287,7
0,742944739,0.977780,4962352,9
0,2815253143,0.981767,4964276,21
0,520441703,0.722139,4964929,3
0,3737629321,0.830333,4965720,5
0,2002958413,0.975280,4967351,17
0,2682573077,0.846062,4969261,21
0,2639698571,1.219151,4970539,12
0,165050819,1.004871,4971814,12
0,3368618257,0.940101,4974195,28
0,1570248257,0.858096,4975536,13
0,433743539,0.879453,4976114,2
0,4233954061,0.846639,4978033,21
0,428964269,1.035974,4979026,8
0,3021024107,0.735538,4982637,41
0,2468237363,0.975280,4986235,28
0,2628190171,0.981767,4987283,6
0,4284319591,0.725512,4990744,43
0,3070590241,1.000488,4991601,6
0,3313775419,0.804043,4992110,1
0,1814736283,1.055584,4993317,11
0,2583405761,0.815499,4996122,34
0,1516345981,0.827388,4997207,9
0,187861153,1.081629,4998467,12
0,3010865371,0.940101,4999760,12
0,2299955237,0.895409,5001094,13
0,478795981,0.950945,5002222,10
0,634568257,1.209096,5008016,77
0,366679553,1.006328,5011873,49
0,3334636189,0.895409,5013214,13
0,324241781,0.985738,5013928,4
0,4084751507,1.104854,5017922,51
0,3695418761,0.883883,5018571,3
0,614797607,1.031723,5022898,56
0,3647085989,0.991172,5023761,6
0,2739282583,1.018386,5026242,29
0,2793706051,1.032197,5026822,2
0,2247199639,0.705724,5028098,12
0,2610850069,0.853531,5031121,37
0,3349206851,0.921743,5036687,69
0,2790277163,0.908940,5038322,17
0,417690751,1.133647,5039744,14
0,2246120111,0.851240,5045369,72
0,4099727237,1.063419,5047506,24
0,359468573,1.070284,5048705,11
0,1151633629,1.017906,5051663,36
0,3193791283,0.803435,5054682,37
0,170075533,0.910550,5059084,57
0,2177852381,1.064337,5061270,25
0,1370873753,1.191605,5067699,86
0,3619731601,0.894864,5072858,67
0,1667643763,0.947859,5074280,14
0,419325821,1.002438,5075641,13
0,1278927659,0.880563,5077140,15
0,1946465309,0.973777,5077791,3
0,2947529587,0.793652,5079857,23
0,295703813,0.911622,5080698,6
0,2564630597,0.883883,5082050,13
0,870981497,1.200586,5083739,13
0,347676559,0.987223,5084406,3
0,3330175817,1.101313,5095387,138
0,960338597,0.978779,5096548,8
0,3464301163,1.129332,5098104,16
0,1631730103,0.848942,5098683,2
0,1271324731,0.844907,5101007,27
0,118090559,0.927551,5102214,11
0,247342001,0.942694,5103835,17
0,3254362907,0.756482,5105530,18
0,2542414207,1.064337,5109238,47
0,1341483047,1.043488,5113374,53
0,1990863821,0.897588,5115491,24
0,1909096793,1.247263,5117523,23
0,1029983993,0.763550,5119562,23
0,2804764943,0.716027,5120212,3
0,1719801029,1.039268,5123979,48
0,3979246039,0.811899,5125959,22
0,3882304721,0.899761,5128694,33
0,566824061,0.932277,5130241,16
0,3215780699,0.834439,5130841,2
0,2453447107,0.776234,5131418,2
0,1548027343,1.095980,5134313,35
0,766161503,0.908403,5136706,28
0,3762405307,0.827388,5139156,22
0,1726190359,0.921743,5139901,4
0,1464911731,0.850666,5140702,5
0,2048307473,1.018386,5146177,69
0,2940892627,0.836193,5146858,3
0,4264804673,1.073928,5148001,10
0,337633111,0.846639,5150401,28
0,3472553047,0.987223,5153507,38
0,3612649673,1.002438,5156189,32
0,203391197,0.784369,5156975,5
0,1774429087,1.006328,5157699,4
0,2033273377,0.911086,5158277,2
0,435407941,0.956066,5162208,50
0,944111639,1.008267,5167102,64
0,1369873273,0.970764,5168810,18
0,2620092703,0.958107,5169879,9
0,2697126037,1.004871,5173807,50
0,2994109621,0.950945,5174463,3
0,748675357,0.906250,5175676,11
0,2364150443,0.937500,5176946,12
0,2365374601,0.844329,5178082,10
0,1813319113,0.893772,5178802,4
0,3313598489,0.860369,5180412,17
0,1255078663,1.039268,5184786,56
0,2853507773,0.799169,5186017,7
0,3309001823,0.981270,5186837,5
0,1706955451,1.173436,5187845,8
0,4114300639,0.875000,5190187,15
0,2684749889,0.938021,5191549,10
0,3328567399,0.888841,5193407,20
0,4294212463,1.029354,5197437,51
0,1499256691,0.950432,5198448,8
0,3249759641,1.097316,5199662,11
0,2353150729,0.980772,5200381,4
0,2460859253,0.940620,5201385,8
0,2013619109,0.988706,5202031,3
0,4006226927,1.043488,5203599,16
0,3972845251,0.916963,5205296,18
0,2999333251,0.877229,5206086,5
0,438473471,1.001951,5207078,8
0,995449673,0.977281,5208141,9
0,246918743,0.895409,5211639,44
0,118634819,0.635075,5212278,3
0,461239061,1.006328,5212796,1
0,995009773,1.106621,5213806,8
0,3996956903,0.923859,5217409,45
0,1437736661,1.043020,5221140,47
0,2396220581,0.884988,5223052,21
0,1874457223,1.008751,5226296,40
0,4161313909,0.864332,5227852,16
0,4019139227,1.031250,5229495,17
0,1598048017,0.938541,5230900,14
0,2133362411,0.988706,5232178,12
0,42428861,1.008267,5233579,14
0,1026334007,0.873324,5237156,45
0,1543573063,1.054659,5238290,10
0,3385755677,0.722139,5239911,17
0,3103488901,0.956066,5247493,94
0,4108694659,0.924387,5249605,23
0,1173685673,1.106621,5250823,11
0,249496129,0.969758,5255161,56
0,1096963661,0.938541,5257835,32
0,492002471,0.972774,5260024,25
0,3747864499,0.916963,5260896,6
0,4271543569,1.073928,5261761,6
0,2783763427,1.000488,5262843,9
0,3004993919,1.052341,5263357,1
0,2980241617,0.950432,5265625,26
0,3436745383,0.970764,5268236,31
0,1629640973,0.817294,5272634,57
0,4034234593,1.071652,5273145,1
0,3765158821,0.946313,5273725,2
0,133803181,0.877786,5275220,15
0,1425625847,0.944247,5277777,30
0,4029512051,0.877229,5279341,16
0,1413640597,1.133647,5280275,7
0,104571007,0.736201,5285394,67
0,181488211,0.822653,5286518,10
0,922891183,0.946829,5289279,29
0,2758265749,0.946313,5292637,28
0,3337944919,0.864897,5294662,17
0,4022837327,0.938541,5295699,8
0,474079387,0.815499,5298184,29
0,2569016273,1.023646,5298964,5
0,1030987501,0.988706,5299481,1
0,1575756349,1.065254,5300272,5
0,2729504879,0.908940,5301139,6
0,155669599,0.958107,5301853,4
0,3591189143,0.977281,5304107,26
0,3992676439,0.897044,5310372,83
0,1100807033,1.046292,5313053,32
0,2108019671,1.070284,5313790,4
0,32979851,1.131923,5315060,12
0,3635117309,1.099538,5318725,46
0,1310629667,1.002438,5320789,23
0,4211289697,1.016466,5321297,1
0,1505404363,1.046292,5321818,1
0,2345079559,0.858096,5322604,5
0,1199045047,1.125868,5324442,18
0,2163423797,1.033142,5327064,31
0,2939401789,1.133647,5329186,24
0,4236558737,0.948374,5330179,8
0,180782249,0.919621,5331715,16
0,997268689,0.952484,5333345,17
0,3002489627,1.008267,5341426,109
0,24810287,1.042552,5342345,7
0,2191100707,1.069371,5343837,15
0,636124261,0.948374,5345320,11
0,2008308839,0.913227,5345850,1
0,4140769333,0.915897,5346793,7
0,346956707,0.801000,5348773,22
0,1222092173,0.846639,5350802,20
0,530769961,1.098205,5352361,16
0,2751812143,0.880563,5353012,3
0,2701851727,0.854103,5354358,13
0,3582336383,0.942694,5356221,20
0,260040797,0.977281,5357635,14
0,2303615771,1.115848,5361850,54
0,501438631,0.955044,5362573,4
0,397515773,0.981767,5364129,16
0,850637119,0.771185,5369025,64
0,2625186877,0.942176,5370510,15
0,534423173,1.073928,5371574,9
0,3461370841,0.940101,5373354,19
0,4260767123,1.070284,5375284,21
0,46427369,0.866589,5377310,23
0,2898212651,0.991172,5379080,19
0,812036513,0.882225,5381409,27
0,3270067949,0.908940,5381990,2
0,3037134757,1.062959,5385858,49
0,411774053,1.004871,5388170,27
0,4117306651,1.035031,5389032,6
0,3666605819,0.940101,5395116,62
0,212324699,0.981767,5397396,24
0,114640597,0.801610,5398460,9
0,1536216919,0.783123,5403026,59
0,1533836131,0.851240,5405356,27
0,1369481437,0.820870,5406006,3
0,1414895161,1.074382,5411135,67
0,2439375163,0.815499,5413260,24
0,1177066439,1.004385,5415805,30
0,73927079,0.736201,5417415,17
0,2906188793,1.207884,5421629,54
0,1372566211,0.971267,5422850,11
0,1169009869,1.105296,5425169,27
0,3997650971,0.948374,5426871,18
0,2721806741,0.813701,5431213,56
0,519726553,0.758416,5433535,27
0,152794679,0.946313,5434248,4
0,2742125779,0.748697,5435807,16
0,1878948853,1.064337,5438631,34
0,4197235169,0.933847,5439705,9
0,3377765477,0.956066,5441123,14
0,3537957079,1.156672,5443101,22
0,3685931831,1.019823,5445908,29
0,1445855353,0.972774,5449227,41
0,3196231529,0.908403,5450592,11
0,1822698323,1.009235,5451402,5
0,168645761,1.031723,5455240,49
0,1074434831,1.097316,5460132,64
0,44297711,0.907327,5462519,28
0,1461104849,1.004871,5464971,29
0,732990761,0.827388,5466175,11
0,3837130417,0.781875,5469766,45
0,1609574699,0.815499,5471261,15
0,2668983007,1.075745,5472336,9
0,3925800773,1.000000,5475014,32
0,923066513,0.920152,5476692,18
0,322398683,1.032197,5477271,2
0,1787721301,0.846639,5480863,45
0,1122950053,0.815499,5481663,5
0,3509191997,0.888841,5482655,8
0,3368834297,0.745429,5483511,6
0,1180129967,0.853531,5484660,10
0,3334630837,0.908940,5488940,55
0,1841298989,0.908940,5489882,7
0,4039778261,0.830333,5490604,4
0,2587110221,1.021736,5491952,13
0,4248626351,0.812500,5497572,53
0,363648067,0.976781,5499855,24
0,184248011,1.064337,5505133,69
0,1661717129,0.833854,5508925,48
0,2761510289,1.042552,5509993,9
0,2422539323,1.189554,5512518,30
0,2210835229,0.755190,5514419,21
0,2449072573,0.987223,5516266,20
0,2370920927,1.037387,5518941,32
0,3789650539,1.140946,5520428,15
0,1918417313,1.095980,5521285,6
0,1919189033,0.895409,5521792,1
0,2439823471,0.745429,5522302,1
0,534357503,0.784369,5525853,44
0,12118189,0.884436,5527672,20
0,3780449693,0.892679,5529370,18
0,800498767,0.965215,5530794,14
0,3160942237,0.651021,5533677,35
0,1568304743,0.799169,5535601,21
0,850931449,0.846062,5536526,7
0,2775925643,0.927551,5537452,7
0,2702455307,0.975280,5539346,21
0,2837148437,0.942694,5540773,14
0,2250757169,0.981767,5543155,28
0,1316735669,0.891036,5543671,1
0,1968956573,0.801610,5544752,9
0,151153073,1.037387,5546843,24
0,2189455867,1.113658,5548291,10
0,815469833,0.908940,5549990,18
0,52767569,1.019823,5550479,1
0,3438819679,0.886090,5551482,8
0,3407169551,0.946313,5553033,13
0,4175993357,1.073928,5556067,37
0,272003339,0.977281,5557207,10
0,3145830907,1.071652,5558145,7
0,1725005339,1.033615,5559008,6
0,2747288501,0.848942,5559801,5
0,2663095363,1.075745,5561011,11
0,1274142887,1.064337,5561872,6
0,2473883413,0.891036,5563495,17
0,2471758453,0.985738,5568601,67
0,958147009,0.908940,5570500,21
0,3688053119,1.125434,5571092,2
0,193863511,0.882225,5575508,57
0,2122472663,1.035974,5576024,1
0,3055117193,0.947859,5576529,1
0,2245791481,0.941657,5578027,15
0,56423449,0.907327,5579147,10
0,2273040949,0.913227,5580160,8
0,2190258293,0.864897,5582787,31
0,1669132781,0.880008,5583869,9
0,2567687137,0.877229,5584446,2
0,1872182479,0.844907,5585385,7
0,3939524951,1.035031,5589179,48
0,1918241587,1.130628,5595265,76
0,2018396683,1.043488,5596421,10
0,4277253641,1.039268,5601632,54
0,482633981,0.758416,5602528,4
0,1336899661,1.073928,5604789,26
0,595498711,1.082983,5606153,13
0,1896033277,0.976781,5607707,16
0,3306818807,1.070740,5609612,21
0,587062909,0.915897,5610972,13
0,3497241373,0.946313,5611971,8
0,1984006363,0.844329,5614570,31
0,3053241179,0.818488,5616061,15
0,250601653,1.017906,5617617,16
0,2634588727,0.789333,5618623,8
0,365600437,0.766103,5619138,1
0,1408146581,0.960652,5620352,11
0,1830461183,0.969758,5620880,1
0,3654467693,0.741488,5623836,36
0,1588140131,0.848367,5624484,3
0,2521958617,0.911622,5638342,192
0,394986883,1.008267,5639613,12
0,4188775247,0.781875,5640278,3
0,1883772829,0.963190,5641134,6
0,2358350983,1.019344,5644078,36
0,3113717863,0.836193,5644884,5
0,4275595637,1.232296,5646810,21
0,2574379891,1.043020,5647675,6
0,2887288829,0.983258,5649286,12
0,2330479001,1.016466,5650162,6
0,2929129157,0.942176,5661167,149
0,2357122519,0.791804,5663369,25
0,2135482871,1.160465,5665642,26
0,580805891,0.753248,5667569,21
0,2467248293,1.157938,5668493,7
0,230168513,1.187911,5669760,12
0,1209362009,1.004871,5673112,42
0,2171215159,0.919621,5674454,13
0,4014431441,0.786855,5675527,9
0,1860218287,0.884988,5677154,17
0,3917053747,1.105296,5681998,63
0,1362567659,0.877786,5687334,70
0,3637902661,0.877786,5687858,1
0,3936622759,0.907327,5688791,7
0,41598169,0.977780,5690405,17
0,1115549881,1.081178,5691759,13
0,2559262469,0.921743,5701974,122
0,2651213731,0.999023,5704789,29
0,1619171947,0.876673,5706000,11
0,2279235913,0.969254,5709576,45
0,1186617521,0.760987,5710717,10
0,2005142339,1.125868,5713272,30
0,3162282191,0.767377,5715047,19
0,911929397,0.743461,5716946,21
0,1255461631,1.161307,5719623,32
0,3240015521,0.921743,5722999,42
0,136628467,0.983258,5724563,16
0,2308809323,1.120651,5725422,6
0,124738457,0.813101,5725932,1
0,3294996689,1.063419,5727766,20
0,3349387859,0.973777,5728841,9
0,2911548557,0.880563,5732078,40
0,3855598051,0.913227,5733151,9
0,39143053,0.829745,5735241,24
0,4293442781,0.942694,5737581,27
0,1656716813,0.888841,5738724,10
0,779792393,1.071652,5742601,47
0,233914001,0.914830,5746199,45
0,715959523,1.023646,5746707,1
0,940513507,1.098205,5748055,13
0,1737367783,0.916963,5749399,13
0,4151445811,0.901929,5749981,2
0,3966187837,0.908940,5751545,16
0,3985028263,0.942694,5752484,7
0,3972512653,0.855246,5754624,20
0,3552133139,0.942176,5758303,46
0,1591113313,0.908940,5758822,1
0,311221039,0.969254,5759662,3
0,3950901557,0.882225,5762087,28
0,3963243043,1.039268,5763802,18
0,3843557129,1.095980,5766394,31
0,652397099,0.958107,5767811,14
0,2851850831,1.019344,5772236,57
0,2334709253,1.035974,5775456,40
0,4261968881,0.848942,5776525,9
0,4144259237,1.008267,5777378,6
0,1850986849,0.944247,5778375,8
0,3269998471,1.002438,5779372,8
0,274359997,0.963190,5780500,10
0,1559519029,0.986728,5781435,7
0,2322427169,1.066628,5783347,21
0,889451191,0.880563,5784855,15
0,388757101,0.944247,5785864,8
0,4100733547,0.884436,5787074,11
0,1864438481,0.938541,5788791,18
0,1514578511,1.066628,5791542,33
0,2855826187,1.012133,5793169,17
0,3460074881,1.157938,5793954,5
0,1145215441,1.095534,5795011,9
0,3966716813,0.973276,5797402,28
0,559375163,1.162987,5800233,30
0,1094769463,0.937500,5801951,18
0,4291588183,0.911622,5803997,7
0,3024926573,1.031723,5806680,28
0,2010543341,0.939581,5807981,12
0,3773528279,0.862070,5808984,8
0,1764597343,1.033615,5810199,11
0,3642627847,1.019823,5811404,11
0,2290492661,0.981270,5811907,1
0,2140681979,0.758416,5812634,4
0,3967035383,0.758416,5813367,4
0,1048212107,0.889391,5814020,3
0,1931984311,0.848942,5814959,7
0,2067827257,0.889391,5815889,7
0,511613789,0.919621,5820714,63
0,885787997,1.163407,5821645,7
0,2586576451,1.167178,5822223,2
0,2098535189,0.738188,5824893,32
0,3233700149,1.006328,5825959,9
0,1528694357,0.938021,5827021,9
0,1949381809,1.067086,5829899,35
0,3944628529,1.094196,5830613,4
0,3983713169,0.880008,5835868,69
0,3495020513,0.730208,5837696,20
0,1293843503,1.070284,5841517,48
0,273774707,0.891584,5842789,12
0,415473743,0.886090,5843783,8
0,1982380039,0.783746,5845687,21
0,635210789,1.003899,5852380,90
0,1935388789,0.730208,5852964,2
0,1047257929,0.956577,5855931,31
0,2167416473,0.994614,5856518,2
0,1463432479,0.753248,5857171,3
0,3812414719,0.773714,5858386,11
0,3438820523,0.758416,5861057,29
0,2583942343,0.915364,5862973,21
0,2030359003,0.781875,5864048,9
0,3040624931,0.822059,5865603,16
0,4091352619,1.032197,5866759,10
0,2125582411,0.805862,5868036,12
0,2975019613,0.875558,5871346,41
0,2880487453,0.940101,5872067,4
0,823661549,0.858096,5872639,2
0,688785431,0.959126,5874194,16
0,300266459,0.796722,5874914,4
0,1470379921,1.044891,5875493,2
0,3936797351,0.910550,5876360,6
0,382260761,1.095980,5882643,84
0,2700814351,1.062959,5883228,2
0,1914682727,1.000976,5883956,4
0,2295588749,1.012616,5885374,14
0,2568492001,1.173020,5887349,22
0,1291118447,1.140518,5887877,1
0,3966605941,0.908940,5889515,17
0,1510301189,1.009718,5891136,17
0,2113336217,0.944247,5894879,47
0,3221636293,0.824432,5898726,49
0,1585862471,0.976781,5900011,12
0,1101066781,1.074382,5902701,28
0,3279417101,0.908940,5903247,1
0,2293487831,0.946313,5904462,11
0,3417788867,0.797334,5908376,35
0,3439511221,1.008751,5910106,16
0,965911211,1.132354,5910757,3
0,3498865471,0.813101,5912312,16
0,2075384561,1.188322,5914362,23
0,2669235949,0.919621,5914884,1
0,4027046669,1.064795,5915885,8
0,2702442793,0.879453,5918332,29
0,786961711,1.132354,5918848,1
0,2816257219,0.982762,5919857,8
0,650844889,1.174684,5921345,15
0,2159440847,1.050483,5921935,2
0,3528553001,0.702951,5925011,38
0,971159923,0.932801,5926914,21
0,3503706551,0.880008,5928834,21
0,3352541021,0.730876,5929632,5
0,2148628841,1.111464,5931815,25
0,2758992389,0.981767,5932956,10
0,4153236889,1.054196,5933957,8
0,3191004671,0.813701,5935594,17
0,872674727,0.969758,5936736,10
0,3276006137,0.938541,5937594,6
0,2226250643,0.915364,5942784,68
0,2428132339,1.098205,5943647,6
0,3174292711,0.827388,5944384,4
0,599112931,0.784369,5945454,9
0,3514187981,0.883883,5947570,24
0,2307995231,0.997556,5951557,51
0,3562658063,0.976781,5953619,23
0,4152028469,0.950432,5954582,7
0,634829837,1.113658,5955231,3
0,1964827549,0.916963,5955884,3
0,1009121759,0.760987,5957906,18
0,1488702967,0.791804,5959076,10
0,1789443599,0.977281,5961465,28
0,981109361,0.867152,5963151,15
0,1222423687,0.815499,5964724,16
0,863233603,0.844907,5966084,13
0,2446798247,1.048157,5968831,33
0,3071320927,1.002438,5970108,12
0,1318042417,0.938021,5971106,8
0,1340780323,0.942694,5973027,21
0,3711584537,1.039268,5974161,10
0,909509509,0.820275,5976132,22
0,1733710519,0.864897,5979032,35
0,126923023,0.941657,5980014,8
0,521074003,1.117160,5986031,80
0,644262097,1.054196,5987229,11
0,1466471933,0.971267,5988943,18
0,188229071,0.964709,5991745,34
0,1659397657,0.823246,5994487,33
0,1341334667,0.862070,5995637,10
0,2704838701,0.751301,5998659,37
0,4260886037,1.043020,5999529,6
0,300331139,0.858664,6001853,27
0,1172425279,0.827388,6002935,9
0,1640836121,0.971267,6003576,3
0,529052089,0.993632,6005441,16
0,397595479,1.079822,6007642,25
0,3472234877,1.074382,6008236,2
0,3464091439,0.973276,6008966,4
0,2265394787,1.132786,6010814,20
0,3486655561,0.804043,6018105,98
0,3839329643,1.002438,6019956,20
0,4060256573,1.133647,6020818,6
0,76822727,0.925443,6022215,14
0,3526195451,0.963190,6024361,24
0,2828915951,1.054659,6026156,19
0,3959841679,1.078012,6026666,1
0,2321873111,0.914830,6030307,44
0,1944169057,0.945797,6031804,15
0,1757214857,0.877229,6032458,3
0,1492186063,0.783746,6033672,11
0,1235130361,0.815499,6036011,27
0,2834653483,1.064795,6036870,6
0,305819639,0.877229,6037661,5
0,2012491661,0.969758,6039990,27
0,1260188453,0.944247,6041410,14
0,454482107,1.032197,6044637,40
0,1728028103,1.102642,6046217,16
0,1131432917,0.947859,6048882,32
0,1121414629,1.000976,6055953,95
0,1724043203,0.956066,6057865,21
0,2561529121,0.786855,6060594,33
0,3563523871,0.848367,6063408,34
0,1751536817,0.855246,6067474,52
0,2741856499,1.162987,6068198,4
0,508106377,0.921743,6069112,7
0,4008827741,0.827978,6070119,8
0,700028239,1.035974,6071047,7
0,1796025659,0.849517,6071630,2
0,1873272311,0.973777,6072234,2
0,4014281437,1.130628,6073944,18
0,3380018531,0.925971,6075230,12
0,1649192801,1.064337,6076230,8
0,1328360639,0.893772,6076822,2
0,3200654657,0.820275,6077331,1
0,1755603683,1.064337,6078331,8
0,583961531,0.872205,6079474,10
0,587930569,0.914830,6079976,1
0,2462055793,0.875558,6082161,25
0,1611056609,0.858096,6083859,18
0,265280593,0.813101,6084790,7
0,3573758983,1.098205,6086282,15
0,1771232849,0.745429,6089238,36
0,2331625481,0.971267,6092605,42
0,343800419,0.940101,6093540,7
0,253901327,1.044891,6095088,16
0,1749080051,0.854103,6095669,2
0,445772779,0.822059,6097097,14
0,481935451,0.981767,6098643,16
0,3262573883,0.971267,6099800,10
0,1978160627,0.880563,6100526,4
0,3510915319,1.002438,6103959,43
0,19076549,1.033615,6105001,9
0,3213566999,0.849517,6105799,5
0,288303563,0.563367,6107655,17
0,751811561,0.911622,6108249,2
0,3037321163,1.101756,6109390,10
0,2670897067,0.880563,6111141,5
0,4085577949,0.752600,6111943,1
0,2318415401,1.001951,6113784,19
0,759953443,0.899761,6120026,78
0,1705221691,1.157938,6121479,14
0,214318627,0.947859,6123302,20
0,1049102599,1.064795,6123871,2
0,2633832433,1.189554,6125220,13
0,1105265281,1.035031,6127189,22
0,2097468287,1.113658,6128685,15
0,1098067067,0.958107,6131635,36
0,1257256817,1.000976,6134051,28
0,1647718307,1.002438,6137926,49
0,1982625349,0.822653,6138577,3
0,4194146821,1.253900,6139933,13
0,473975791,0.757128,6140726,5
0,2479411853,0.822653,6141380,3
0,3329473747,0.915897,6143227,20
0,2978038009,1.219551,6143736,1
0,3542974417,0.967237,6145857,24
0,3549904339,1.044891,6146799,7
0,2401600463,0.721462,6147312,1
0,2726801603,1.129332,6147826,1
0,2910079993,0.732211,6148549,4
0,3276138379,1.078012,6150452,21
0,1137446881,0.901929,6151723,12
0,2731494047,0.973777,6152662,7
0,143307839,1.069828,6160182,101
0,1912592237,0.808886,6165650,71
0,2294299331,1.126735,6168765,34
0,1422423173,1.107944,6175146,82
0,1302294313,0.944247,6176312,10
0,722906831,0.911622,6177173,6
0,1483911383,0.932801,6179282,24
0,2261173601,0.880563,6179793,1
0,384275543,1.122393,6181779,22
0,1876968817,1.097761,6182645,6
0,907295057,1.062500,6183921,12
0,1539845701,0.939581,6186318,28
0,1155713717,0.903552,6188083,19
0,704640847,0.903552,6189313,11
0,1142921809,0.915897,6191138,20
0,3381616463,0.877786,6193539,28
0,2302550807,0.972272,6194187,3
0,1853411743,0.880563,6195835,17
0,1108683197,1.035031,6197809,22
0,2933162923,0.751301,6199364,16
0,1391130407,0.705032,6201287,21
0,3552045389,0.956577,6204677,42
0,2885068093,0.970764,6208337,46
0,1650364279,0.827388,6210749,24
0,286669139,0.927551,6211769,8
0,134173777,0.886090,6214190,13
0,1868734927,1.040677,6215866,15
0,431499547,1.035503,6216508,3
0,3670455199,1.105296,6217583,9
0,2525785391,1.097761,6219212,17
0,990941221,0.987223,6219918,4
0,3010238417,0.907327,6222652,33
0,1003460021,1.050019,6224492,20
0,2072404211,0.815499,6225422,7
0,3817384121,1.009235,6226075,3
0,3762596801,0.964203,6230688,60
0,2248346833,0.899761,6233626,36
0,3162617261,0.895409,6234641,8
0,287769709,1.163407,6235632,8
0,3119368501,0.908940,6236225,2
0,795378319,1.008267,6240957,60
0,3700394479,1.067086,6242202,11
0,3409285337,0.975280,6243203,8
0,323763613,1.063419,6245106,21
0,1869598249,1.035031,6250216,67
0,666830993,1.071652,6253945,47
0,2085041897,0.934370,6258574,60
0,4068174107,0.876673,6260271,18
0,674124323,0.791804,6261125,6
0,2510536057,1.025076,6261708,2
0,2416293557,0.806468,6262570,6
0,2874692263,1.047691,6263150,2
0,3369942167,0.950432,6265162,19
0,1254697237,1.081178,6267737,30
0,2030254981,0.851240,6270219,27
0,1269289211,0.877786,6272782,30
0,408166817,1.000000,6273274,1
0,2770161011,1.043488,6277358,52
0,3227737489,1.043020,6281494,53
0,2878064251,0.823246,6282915,14
0,1887086119,0.870524,6283853,7
0,2231203103,1.039268,6288928,66
0,4106921017,1.140946,6289506,2
0,1059549251,0.969758,6292108,31
0,2606830637,0.975280,6294422,27
0,5860573,1.043488,6296167,19
0,120814283,0.884988,6296948,5
0,201207137,0.853531,6297524,2
0,4222165517,1.008267,6298806,12
0,569695501,1.177176,6301426,31
0,4286704633,1.037387,6301954,1
0,2692676611,1.079370,6303231,12
0,1370949961,1.002438,6303813,2
0,1201908713,0.730876,6304821,8
0,776700767,1.009718,6305470,3
0,1527995881,1.012133,6306054,2
0,28488913,0.817294,6312553,83
0,3814792403,1.043020,6313634,9
0,2200220987,0.882778,6314221,2
0,3023300981,0.971267,6315658,1
0,1740343289,1.055584,6320233,51
0,2516616391,0.888841,6321674,14
0,3673785937,0.942176,6325191,43
0,318216167,0.813101,6325737,1
0,2287964621,1.116723,6326812,9
0,2610751291,1.035503,6328042,11
0,1748368033,1.158360,6329248,11
0,2237487313,0.999023,6331564,27
0,335739463,0.866589,6334945,42
0,599217317,0.866589,6337417,29
0,2926295453,0.820275,6337943,1
0,3310133423,0.923330,6339794,20
0,2112131243,1.125434,6341915,24
0,52430657,0.853531,6342463,2
0,2173887811,0.915364,6345401,36
0,10487143,1.171354,6347969,31
0,833190577,0.846062,6348682,4
0,1117524803,0.925971,6349954,12
0,3239226629,0.848942,6350874,7
0,2649745379,1.000976,6351823,7
0,3632528099,1.160044,6353103,12
0,3855394513,0.976781,6354449,13
0,776339593,0.846639,6357032,31
0,692661703,0.915364,6358025,8
0,2812792483,0.914296,6360300,26
0,3527229833,1.213531,6362270,22
0,1697941501,0.886090,6362861,2
0,2460824381,1.104854,6363512,3
0,307622767,1.215942,6365214,18
0,260431531,1.039738,6366772,16
0,1599011363,0.818488,6367794,4
0,162449557,0.976781,6371751,50
0,1877246681,0.952484,6372333,2
0,1741746761,1.111464,6373603,11
0,4223260469,0.827388,6374151,1
0,1172543719,0.571115,6375602,14
0,149799163,0.822653,6379128,44
0,979494101,0.987223,6380263,10
0,347522303,1.040677,6380780,1
0,459175127,1.038798,6384917,53
0,2182654919,1.095980,6386050,10
0,145491251,0.914830,6388851,34
0,4195727651,0.882225,6389711,6
0,3238825211,1.032197,6390367,3
0,3620418589,0.876115,6393689,41
0,3424776989,1.017906,6394771,9
0,3575915797,1.033615,6395623,6
0,3602873011,1.129332,6396987,13
0,3396151817,0.784369,6398463,15
0,3723957781,0.797334,6400439,22
0,3303354239,0.911622,6402658,25
0,2379300097,0.940101,6403230,2
0,314958379,1.070740,6404428,11
0,2404348993,1.039268,6405007,2
0,144858229,0.950945,6405790,5
0,641567821,0.851240,6407004,11
0,1010750701,0.927551,6407935,7
0,2990992783,1.102642,6408659,4
0,2955596923,1.063419,6412187,44
0,393393827,0.875558,6414917,28
0,2321401783,0.950432,6415462,1
0,2024592433,0.908940,6416256,5
0,3528680279,0.946313,6420187,33
0,2060358353,0.993632,6421045,2
0,807844987,0.811899,6422439,12
0,2554259633,1.149898,6423996,16
0,133677547,0.848367,6426344,27
0,1401398773,0.915364,6427491,10
0,3636599581,0.978280,6428348,6
0,4188780091,1.099538,6429153,5
0,1367694997,0.971267,6429940,5
0,1348691621,0.954021,6431575,17
0,1001692583,0.879453,6433773,25
0,482566423,0.970764,6434844,9
0,1734828779,1.066170,6435794,7
0,1040027741,0.925443,6436587,5
0,3490496221,1.159624,6438081,15
0,307654469,0.944247,6438656,2
0,3043728091,0.991172,6440928,26
0,3665868281,0.915897,6443112,25
0,2193843427,0.888841,6445633,30
0,3128332177,0.659960,6446300,3
0,188103497,0.745429,6448128,20
0,3578355629,1.097761,6451284,39
0,2775647339,1.038798,6452632,13
0,3330699101,1.154137,6453570,7
0,1386164083,1.194470,6457988,57
0,2902102667,1.088828,6459969,22
0,933945653,1.127168,6461180,11
0,3041616923,1.132354,6462887,18
0,124342831,0.919621,6463816,7
0,3694240489,1.180076,6465299,15
0,4128327283,1.043020,6467344,23
0,355128899,0.946313,6470457,38
0,792794897,0.916963,6472270,16
0,2530970573,0.938541,6477177,60
0,2815063033,1.033142,6477853,3
0,4084088189,0.973777,6478799,7
0,3910640023,1.043488,6479520,4
0,2747227789,1.131923,6484081,59
0,335001041,0.782499,6487382,41
0,3266090941,0.911622,6489494,24
0,951596699,0.849517,6490706,11
0,3888450763,0.946829,6493046,27
0,3199300457,0.873883,6494188,10
0,2489467273,1.068458,6496637,29
0,311907469,1.067086,6498188,16
0,4227785767,0.877229,6499893,18
0,2959940531,0.827388,6500544,3
0,968213261,0.939581,6503504,36
0,3291818773,0.846639,6504997,15
0,852144331,0.946313,6507412,28
0,2878286441,0.925971,6509044,17
0,3899425471,1.098205,6510669,17
0,1611589261,1.063419,6512079,14
0,2305281449,1.064795,6513079,8
0,1101931333,1.157094,6514904,20
0,2784793483,0.984747,6515698,5
0,640690133,1.177176,6517180,11
0,3402205861,0.863202,6518483,12
0,914040979,0.851240,6520942,16
0,1376535367,0.970764,6524115,37
0,1631692313,0.946829,6527764,46
0,1734849971,0.829745,6528639,6
0,1363899197,0.750651,6530286,17
0,1189304629,0.872205,6531490,11
0,923084693,0.815499,6532552,9
0,3465628193,0.988706,6533262,4
0,3349326853,0.761629,6534046,5
0,3915345991,0.971267,6538194,53
0,3396092827,0.662176,6538850,3
0,4023481883,0.882225,6539862,8
0,1006133333,0.768648,6545805,79
0,3704832451,1.002438,6546316,1
0,1971557771,0.962683,6548360,23
0,94426949,1.257400,6549846,15
0,1236706621,1.000000,6550568,4
0,1941773521,0.858664,6551847,12
0,1441963981,0.908940,6554527,32
0,3960625399,1.232296,6555674,10
0,736075267,0.904092,6557653,22
0,1062423577,0.729539,6558231,2
0,2621197429,0.983258,6559929,18
0,377311091,1.104854,6560720,5
0,580178161,0.985738,6565793,66
0,654848749,0.886090,6568940,39
0,312544819,0.787475,6569439,1
0,3398066047,1.040677,6572533,34
0,490899499,0.813701,6573054,1
0,2125260289,0.880563,6575723,32
0,2610069713,0.755837,6577806,21
0,4186124051,0.985738,6584543,90
0,3784628453,1.009718,6586862,27
0,37369207,0.803435,6588613,19
0,785987903,1.070740,6595867,97
0,4207746563,1.074382,6597006,10
0,617123123,1.031723,6598690,18
0,1136137441,1.070284,6599331,3
0,1940040023,1.070284,6600886,16
0,3620310713,0.791804,6602936,23
0,3818432129,0.907327,6606724,48
0,3008003281,0.963190,6607382,3
0,3694703081,1.017906,6608172,5
0,1750546363,0.952484,6609809,17
0,3496560049,1.070284,6611851,23
0,2221993097,0.813701,6612849,8
0,3233653561,0.913227,6616294,43
0,1624391603,0.855246,6617503,11
0,2256699817,0.910550,6619116,12
0,2639694437,1.012133,6623641,43
0,2075327141,1.000976,6624940,8
0,4141678033,1.050483,6627417,29
0,3599576381,0.891036,6628355,7
0,1470984973,1.203835,6629294,7
0,681977839,0.724838,6630292,8
0,2890073981,0.971267,6630939,3
0,3080427689,0.783123,6632226,12
0,3673490999,0.975280,6633247,8
0,712707781,1.039268,6636395,39
0,2477223979,0.741488,6638937,30
0,619709777,0.944247,6640959,23
0,2406866197,0.877229,6644821,49
0,490014407,0.848942,6647575,33
0,3380046559,0.978779,6650192,31
0,3570260723,1.009235,6652659,29
0,1989181261,0.942694,6653735,8
0,687236777,0.919621,6655500,19
0,4217388727,0.722139,6658035,30
0,2380880221,1.004871,6660739,32
0,3531637339,0.815499,6661589,6
0,1650967039,0.971267,6665101,44
0,2288422937,0.755837,6666853,19
0,263873689,0.817891,6667710,6
0,4037802239,0.919621,6668378,3
0,3342456511,1.091963,6669177,5
0,582712391,0.938021,6669689,1
0,2249929321,0.937500,6670678,8
0,91471007,0.713295,6671252,2
0,2975144611,1.135799,6674665,38
0,506827537,0.940620,6676232,16
0,3151453181,0.938541,6679201,36
0,799695241,0.854103,6680410,8
0,59120123,0.818488,6681207,5
0,204239941,0.940620,6682827,17
0,2601283379,0.930180,6684313,15
0,2552680307,0.950945,6686717,28
0,609056293,1.038798,6691348,60
0,3759434023,1.068458,6691859,1
0,4067855131,0.973777,6693561,18
0,2781774467,0.853531,6698037,58
0,2109699509,0.938021,6699325,12
0,81789551,1.073928,6699955,3
0,592174853,0.834439,6700817,6
0,1693388651,1.071652,6702029,11
0,999785923,1.007782,6704220,25
0,2492785951,0.818488,6705704,15
0,2485526699,1.035503,6707424,18
0,3413424479,0.971267,6709910,29
0,2235867677,1.126735,6710837,7
0,1338729577,0.981767,6711349,1
0,3196858387,1.081178,6712418,9
0,2473563247,0.940101,6712942,1
0,122359327,1.095980,6713720,5
0,2181463619,0.891036,6714927,11
0,2454194123,0.906789,6717546,31
0,1879926077,1.038798,6720005,29
0,3346163923,0.882225,6721566,12
0,2532606823,0.815499,6723078,15
0,165185921,0.670966,6723785,4
0,1670370829,0.942176,6727509,34
0,74706659,1.043020,6729995,27
0,2290681121,0.806468,6731472,15
0,2881173901,0.818488,6732758,12
0,904886351,0.883883,6734942,25
0,220237753,0.946313,6740671,76
0,401795539,1.220752,6741449,2
0,1534429409,0.903552,6742375,7
0,3713013263,0.903552,6743595,11
0,3849309479,0.693159,6744184,2
0,1301728853,1.095980,6744975,5
0,3622019273,0.984747,6745842,6
0,1014402751,1.050019,6746983,10
0,1908132077,0.884436,6751189,54
0,969642467,0.820275,6754641,43
0,1180578683,0.867152,6759979,70
0,1282876291,0.940620,6761820,20
0,87714911,0.820870,6762531,4
0,1297548997,0.822653,6766181,46
0,3882009343,0.803435,6767889,18
0,2927943911,0.679643,6769796,21
0,1584707741,0.919621,6771498,18
0,3425728567,0.870524,6772631,10
0,1500042949,1.068458,6773224,2
0,727325419,0.923859,6779258,75
0,2786522021,0.921743,6784413,64
0,3579029827,0.925971,6787029,31
0,547917787,0.975280,6790604,45
0,3525354491,0.849517,6792444,20
0,1041010417,0.873883,6795320,35
0,488256037,1.001951,6799370,52
0,342485149,1.128899,6800855,15
0,3952654913,0.938541,6801938,9
0,4271442979,1.110145,6803360,14
0,3249809867,0.848942,6807461,52
0,2265326573,1.012616,6807968,1
0,3693685033,0.889391,6815053,95
0,1078531001,1.014061,6815551,1
0,3988563499,0.824432,6817180,17
0,3039830393,0.940101,6818321,10
0,2751843943,1.164665,6818839,1
0,2640816611,0.876115,6819913,9
0,3747781343,0.964203,6821544,17
0,3643601627,1.025076,6823573,18
0,2347040107,0.950432,6824316,4
0,74662127,1.019823,6829598,55
0,2571897259,0.872205,6830484,4
0,2653781989,1.248045,6831213,4
0,2724942713,1.144365,6832906,18
0,1086163121,1.234672,6835629,33
0,3897871409,0.893772,6838227,31
0,2484468887,0.940101,6842917,61
0,2706970753,0.947859,6843836,7
0,360130129,0.848942,6846717,35
0,4269956069,1.099538,6848145,14
0,1548900319,1.132786,6851527,42
0,1577013839,1.102642,6853030,15
0,2223371251,0.940101,6855088,23
0,883558441,0.799169,6856920,20
0,3648564173,0.936979,6858131,11
0,2688337811,0.973276,6860037,21
0,730416961,0.921743,6861594,16
0,4203895991,0.913227,6862597,8
0,614285653,0.736201,6865128,30
0,1201237577,0.915364,6865916,5
0,2719499413,0.787475,6866902,8
0,843586729,1.156672,6868373,15
0,2112323947,0.729539,6869176,5
0,1662971213,0.812500,6870949,19
0,3730970141,0.748697,6872361,14
0,4278894317,0.927551,6874079,18
0,660334309,0.796109,6877182,38
0,1107368173,0.921743,6878365,5
0,173116453,0.952484,6880305,20
0,1869757717,1.043488,6881242,7
0,4264953697,1.033615,6884090,32
0,1786251253,0.853531,6885105,8
0,3988296737,1.101313,6890078,65
0,2166232511,0.939581,6891987,21
0,3791662351,0.947859,6892488,1
0,3358515593,0.724838,6893550,9
0,1532878843,0.822653,6894702,10
0,2473484731,0.817891,6896476,19
0,12383153,0.925971,6897942,15
0,1996837853,0.877786,6898885,7
0,2008359967,0.848942,6902819,50
0,2255783207,0.995105,6903325,1
0,2412358111,1.008267,6903983,3
0,61369879,1.008751,6904910,7
0,3547469027,1.099538,6905698,5
0,3636715267,0.938021,6906497,5
0,2960949499,1.035974,6907703,11
0,2061674323,1.047225,6909129,14
0,3166319993,0.817294,6915374,83
0,857029949,0.911086,6922512,96
0,2282471047,0.920152,6926290,43
0,3466999379,0.813101,6927102,5
0,1774664807,0.969758,6928519,14
0,832623151,0.969254,6930057,3
0,1516945379,0.892679,6934514,51
0,2654343737,1.070284,6935957,14
0,811108897,0.891036,6936452,1
0,3986686973,0.975280,6939420,36
0,85115047,0.877786,6939987,2
0,1692558457,0.973276,6941131,10
0,4235726009,0.970764,6943517,28
0,4110036869,1.227930,6944031,1
0,1923899609,1.191605,6945024,8
0,237776117,1.204241,6948672,46
0,1425195631,0.945797,6950383,18
0,3036595469,0.897588,6951737,13
0,3677352037,0.822059,6954554,34
0,1992529573,0.914830,6955621,9
0,1124787277,1.012616,6958312,32
0,783011707,1.220752,6963105,62
0,3733346887,0.971267,6963617,1
0,2608671883,0.693159,6965327,18
0,344445967,0.916963,6967033,18
0,4106765071,1.043020,6970840,48
0,264044747,1.000976,6973015,25
0,2858283409,0.908940,6974011,8
0,1697111789,1.131923,6975294,12
0,2629210607,1.037387,6978825,44
0,2292568903,0.732211,6980864,23
0,846921721,0.892679,6982462,11
0,2362456183,1.033615,6988232,73
0,2642520109,1.101313,6989592,13
0,4152706813,0.659219,6990319,4
0,3231609317,0.722139,6992635,27
0,1831256579,0.977780,6997409,62
0,285812713,0.880008,6999721,27
0,4015294873,0.880563,7003578,49
0,156072607,1.004385,7004856,12
0,3163902583,1.009718,7005717,6
0,2006368069,0.817891,7008837,38
0,2551421437,1.094196,7010892,23
0,1173728641,0.924387,7011469,2
0,1199344753,0.760345,7012395,7
0,461591509,0.973777,7013872,15
0,4089886181,0.834439,7015433,16
0,904631747,0.854103,7016022,2
0,3213527843,0.750651,7017800,19
0,1390458089,0.827388,7018307,1
0,3497808109,0.753248,7021328,37
0,3274250621,0.978779,7024972,46
0,2770899767,1.064337,7025690,4
0,403547569,1.057433,7034739,100
0,3006049037,1.037387,7035434,1
0,3953858039,0.929129,7037149,18
0,2160738329,0.907327,7038200,9
0,284656583,0.751301,7043047,63
0,1203638893,0.858664,7043629,2
0,4178854919,0.813101,7048385,62
0,1884608101,0.880563,7049378,8
0,514258259,0.786234,7049889,1
0,4002956029,0.815499,7050975,9
0,1511647349,0.665119,7051485,1
0,2716302763,0.815499,7052074,2
0,2545758931,0.963190,7054053,22
0,2131775059,0.862070,7054634,2
0,2195780021,1.139661,7056470,20
0,181917247,1.077106,7057119,3
0,830912371,0.716027,7058186,9
0,4047882383,0.963190,7058773,2
0,482741869,0.854103,7059624,6
0,1149945821,1.020780,7064010,56
0,377458441,0.820275,7067022,37
0,3548462573,0.855816,7067535,1
0,439329061,0.753248,7068251,4
0,3532364743,0.906789,7069044,5
0,2056940527,0.787475,7069850,5
0,991245991,1.106621,7073140,41
0,2720596357,1.091963,7074198,9
0,1911045911,0.938541,7076188,22
0,592825693,0.659960,7078643,29
0,3728247011,0.981767,7079932,12
0,1715363761,1.037387,7081018,9
0,1520013881,1.095980,7083401,28
0,2675728127,0.873324,7084067,3
0,2204638243,1.021736,7085463,9
0,1704439453,1.038798,7087401,21
0,3767199503,1.004871,7091639,52
0,734431249,1.012133,7092718,9
0,2585617129,0.956577,7093797,9
0,1685248337,0.846639,7094589,5
0,1016467477,0.977281,7095875,12
0,616813213,1.019344,7100322,57
0,4047390911,0.977780,7102443,24
0,3092945819,0.977281,7106664,54
0,3401638447,0.853531,7107598,7
0,4172184623,1.012616,7109376,19
0,3984903199,1.066628,7114073,61
0,2053614571,1.116723,7115429,13
0,504755249,1.040677,7117836,28
0,2522132761,0.787475,7120507,32
0,168658849,0.920152,7122050,16
0,1663663091,1.067086,7124806,33
0,447666601,0.972774,7128237,43
0,2817479261,0.811297,7131099,30
0,1110295093,0.913227,7133433,27
0,836824147,0.964709,7137017,30
0,3751945919,0.944247,7138899,18
0,2930280751,1.001951,7139480,2
0,2192072359,0.897588,7141238,19
0,2460398663,0.949404,7142443,11
0,1761572843,0.741488,7143742,12
0,1131810997,0.724838,7145011,12
0,3583469353,0.938021,7145591,2
0,238784681,1.070284,7147894,27
0,1235145151,0.766740,7149524,17
0,3101447101,1.152867,7150742,11
0,4009572647,1.075745,7151332,2
0,2600059603,1.066628,7153662,27
0,713378461,0.682510,7154860,11
0,4073757137,0.940101,7157673,34
0,154648211,0.921743,7158812,10
0,4274737483,1.098205,7159676,6
0,1621944437,0.775605,7160880,11
0,1225312903,1.116723,7162634,19
0,1393666387,0.750000,7165094,29
0,4117288321,0.950945,7166364,12
0,781547737,0.942694,7174231,106
0,234430543,1.014061,7177316,27
0,2832994139,0.950432,7183552,81
0,2157993847,1.070740,7184968,14
0,3260290529,0.991172,7191113,82
0,1132299163,1.086584,7196213,67
0,4055538299,0.897044,7198268,23
0,3969945269,0.848367,7198785,1
0,3711165889,1.035974,7200207,14
0,591786037,0.858096,7201215,8
0,3849589501,0.915897,7204232,37
0,2592731753,0.977281,7205375,10
0,898793449,0.817891,7206166,5
0,3834014363,1.074382,7208287,24
0,4035344123,1.033615,7208811,1
0,2474293439,1.204241,7210797,22
0,31961779,1.167596,7213517,33
0,1091486779,1.029354,7214231,4
0,3746423651,1.012133,7216512,26
0,3899118577,0.911622,7217373,6
0,4263571439,0.756482,7219013,17
0,3875127353,1.079370,7220982,22
0,2314186129,0.694566,7222399,14
0,500414819,1.159624,7224862,29
0,2426381417,0.675318,7225441,2
0,461081141,0.927551,7225954,1
0,2125529111,0.940101,7228635,21
0,4033975391,0.973777,7230848,22
0,1568072119,0.950945,7231779,6
0,1709300017,0.784369,7233481,14
0,2695813361,0.659960,7236190,32
0,2598642811,0.651021,7237992,3
0,3604201837,1.074382,7239214,9
0,4098880021,0.891584,7241746,28
0,1405325771,0.950945,7243401,17
0,4222928627,1.010685,7246568,39
0,2448631597,1.050019,7248845,26
0,768158197,0.938021,7250070,11
0,2674481729,0.908940,7250794,4
0,2066864627,1.132354,7252431,17
0,326789599,0.848942,7255180,33
0,4202575313,1.104854,7257578,28
0,1781828387,0.851240,7258640,9
0,2925303559,1.031250,7260210,16
0,2371726187,0.848942,7261008,5
0,117308923,0.899761,7265797,62
0,1054657223,0.930180,7267986,25
0,2017415867,0.947859,7268503,1
0,1027574851,0.818488,7270965,29
0,3190637041,1.004871,7272166,11
0,1739302871,0.848367,7274220,23
0,1578759037,1.037387,7277104,35
0,23036389,0.899761,7277668,2
0,2940227831,1.205861,7278879,11
0,2053865417,1.004871,7279537,3
0,3454052599,0.920152,7280885,13
0,1300880761,1.169268,7283426,30
0,782827069,0.950432,7284225,5
0,751014547,1.063419,7285292,9
0,3698439347,0.960652,7286719,14
0,885190463,0.919621,7287954,8
0,2746712471,1.073928,7289858,19
0,3334361111,0.911622,7291932,23
0,660309049,1.097316,7296436,56
0,974468191,0.696672,7297032,2
0,782744551,0.950432,7299515,29
0,1357890103,0.981270,7301009,15
0,580717771,1.064795,7304454,43
0,1433810687,0.973276,7305114,3
0,559624501,1.000000,7307514,28
0,4201305457,1.031723,7308304,5
0,2003029307,1.014061,7310635,27
0,2412554743,0.829745,7311231,2
0,3912272503,0.988706,7312646,14
0,373479473,0.851240,7313428,5
0,2255512739,0.908940,7314149,4
0,3064473469,0.913227,7315565,14
0,1061319439,0.882225,7324696,124
0,1989502667,0.942694,7325441,4
0,674604233,0.853531,7327964,30
0,1010223967,1.046292,7330780,34
0,3584494211,0.988706,7332982,25
0,1446524693,0.971267,7333700,4
0,3040124117,0.970764,7334428,4
0,1647770881,0.817294,7338411,46
0,2239576673,0.786234,7342332,36
0,3907463237,0.914830,7344549,23
0,1137336071,0.932801,7349660,67
0,1083372601,0.826207,7352472,34
0,11949307,1.068458,7353810,13
0,1590470059,0.846639,7354325,1
0,1455007583,1.071652,7356521,25
0,4001801773,1.004871,7357589,9
0,2814571103,0.776234,7359861,26
0,1679227639,1.253900,7361573,18
0,813303889,0.960652,7363460,21
0,3798538441,0.987223,7366279,34
0,1685740327,1.095980,7368547,26
0,2774053987,1.055584,7369057,1
0,1031118749,0.864332,7371190,24
0,727252733,1.024123,7373943,33
0,326243453,0.633535,7378074,53
0,1922389789,0.898132,7383537,72
0,1997056583,0.973276,7386428,35
0,915936809,1.081178,7389098,32
0,924120851,1.047225,7390399,8
0,809374091,1.059278,7394693,55
0,4115917973,0.939581,7395618,4
0,1708769653,0.805862,7397415,19
0,3580185541,0.981767,7399689,26
0,1093668911,1.071652,7400397,4
0,1839989881,1.074382,7401814,14
0,2526781529,0.947859,7402461,3
0,2117447447,0.942176,7407080,60
0,1414929619,0.877229,7409673,31
0,3202422913,1.002438,7412140,29
0,1691835151,1.050019,7413217,9
0,2400240961,0.952484,7414491,12
0,2601970961,0.914830,7417809,41
0,2030148257,1.021736,7419421,17
0,2778958367,0.699470,7421620,25
0,1892005853,1.002438,7427964,84
0,3452722879,1.064795,7429820,20
0,3160733083,0.916963,7431739,21
0,17993357,0.848942,7433685,22
0,3995208857,1.004385,7434467,5
0,3617914793,0.781875,7436812,27
0,1417168631,1.133647,7438563,14
0,3155366831,0.977281,7439720,10
0,1794409541,0.946313,7440724,8
0,13176433,0.675318,7444123,28
0,2584045267,1.008267,7444837,2
0,1084637569,0.983258,7445983,10
0,309758203,1.021736,7447556,16
0,3552006421,0.690335,7448276,4
0,610835677,0.860369,7449493,11
0,955321709,0.822653,7451277,19
0,4143748867,0.969758,7454236,36
0,3764009947,0.770552,7454757,1
0,3323525797,0.958616,7455831,9
0,614453377,0.783746,7462568,90
0,1327800169,1.003899,7464141,16
0,791892107,0.880563,7466618,29
0,3864309019,1.094643,7470475,49
0,3671017321,0.796722,7472941,29
0,684764623,0.975280,7474637,18
0,676154987,0.761629,7477387,33
0,3192741073,0.844329,7480680,41
0,3650608993,0.942176,7490409,133
0,1351773953,1.079370,7490979,2
0,231896659,1.064795,7494605,42
0,735091457,0.923330,7495542,7
0,3936003611,0.876115,7496682,10
0,2644777081,1.130628,7497953,12
0,2175512531,1.178419,7498468,1
0,99308533,0.920152,7499605,7
0,1035861961,0.976781,7500210,2
0,1918965311,0.988706,7503030,34
0,918652193,0.908940,7504638,17
0,925689397,1.000488,7508438,48
0,2772924211,1.078012,7509317,6
0,3874802567,0.978779,7514518,68
0,3628832023,0.969254,7515863,13
0,3932471677,0.858096,7520350,58
0,4030825571,1.192833,7521625,12
0,4134133739,1.035974,7523206,16
0,1897645109,0.851240,7526385,39
0,1948228171,1.068458,7527889,15
0,1456767709,0.913227,7530070,25
0,1513755673,0.946313,7530642,2
0,532113559,0.814900,7531647,8
0,2999683727,0.940101,7534845,39
0,574663853,1.130628,7535346,1
0,1375919009,0.911086,7536133,5
0,69746239,1.079370,7540469,52
0,3934242727,0.873883,7541009,1
0,3786441557,1.067086,7546297,56
0,2187282533,0.833854,7549011,30
0,316670077,0.972774,7549647,3
0,2708337689,1.142229,7550302,3
0,410714077,0.945280,7551822,15
0,876653473,0.791804,7553154,13
0,414364781,0.920152,7554145,8
0,3499218929,0.936979,7555153,8
0,2945719363,1.288092,7556217,9
0,479074201,0.730208,7557279,9
0,974101171,1.014061,7558842,16
0,1618140599,0.907327,7559497,3
0,3389174447,1.038798,7560283,5
0,454795469,0.836777,7565036,62
0,3614356987,0.875558,7566612,16
0,4265210387,1.099094,7571627,65
0,657486019,1.088828,7574368,33
0,3505213367,1.247263,7576353,22
0,1571362997,1.073018,7581861,72
0,1603555907,0.880563,7586413,59
0,3540543901,1.040677,7589666,40
0,4149838229,0.967237,7590666,8
0,1050359797,0.787475,7593853,39
0,3224039081,1.009718,7595226,10
0,1190605631,0.963190,7597149,21
0,688215487,0.962175,7600021,35
0,498746389,0.908940,7602364,25
0,4294543867,0.939581,7603817,14
0,2031829717,0.985738,7606213,28
0,460506313,0.781250,7607630,14
0,4110013693,0.827978,7608713,9
0,4246366783,1.095980,7610636,21
0,608260283,1.004871,7611994,13
0,766727417,0.919621,7614250,26
0,3069629897,0.908403,7615269,8
0,552448493,0.985738,7616898,17
0,995996579,0.981767,7622577,75
0,30236707,1.095980,7623977,14
0,1834744507,1.009718,7626330,27
0,1936415783,0.938541,7626852,1
0,1575404771,0.858096,7627437,2
0,967467343,0.939581,7631164,47
0,1277282557,1.012616,7632930,19
0,3392587063,0.789333,7637418,58
0,1386079231,1.075745,7640959,44
0,752552531,0.750651,7641535,2
0,3953817377,1.033615,7642255,4
0,1820809681,1.019823,7643715,11
0,3585737383,0.921213,7644727,8
0,3703207813,0.730208,7645667,7
0,2711407789,0.815499,7648080,15
0,1508676011,0.950432,7649361,9
0,1632599161,1.106621,7650233,6
0,825298493,0.986728,7651086,6
0,3933331697,0.727528,7654683,45
0,1284051121,0.941657,7655322,3
0,3237702731,0.813101,7657224,21
0,1608225083,0.776234,7658090,6
0,3825524221,0.921743,7658883,5
0,4230908863,1.189144,7663586,61
0,1609012861,0.937500,7664245,3
0,771756809,0.937500,7666214,22
0,134198983,1.221951,7668461,26
0,1297214299,1.032669,7669950,15
0,1560325873,0.928078,7670666,4
0,2933489011,1.016466,7677816,96
0,3370129387,0.999023,7678882,9
0,1362192101,0.906789,7685885,94
0,2236388201,1.111903,7687371,15
0,739640357,0.791804,7689075,18
0,3870025121,1.064337,7690001,7
0,1705367513,1.017906,7690588,2
0,455162143,0.906789,7692974,28
0,2047636753,0.894318,7693972,8
0,911867197,0.886090,7694907,7
0,1122112843,0.822653,7695551,3
0,534318307,0.662913,7696685,10
0,1473802667,0.950945,7697338,3
0,4049335663,1.103085,7699058,14
0,3364297939,1.014061,7700641,16
0,2795103107,1.309147,7702557,21
0,3813410747,0.906789,7704572,20
0,1755970751,0.956577,7705178,2
0,2858095423,0.947859,7706455,12
0,2438850937,1.125868,7707178,4
0,1188835847,0.902471,7709075,21
0,2245610929,1.004385,7709651,2
0,1468074887,0.889391,7710794,10
0,2594038273,0.947859,7711574,5
0,4265190973,0.831508,7713065,15
0,51811553,0.786855,7713912,6
0,2629292287,0.969254,7715615,18
0,800719301,0.851240,7716404,5
0,973094077,1.014061,7720185,48
0,1072182701,0.895409,7720845,3
0,973873903,0.743461,7723228,28
0,2350611493,1.091963,7724930,18
0,99553031,0.883883,7725711,5
0,3965563813,0.942694,7728395,32
0,321971249,1.016466,7729169,5
0,2360479819,0.946313,7730575,14
0,2861649821,0.975280,7734788,54
0,4282228091,0.815499,7737420,31
0,3564652799,1.039268,7738793,13
0,360548261,1.194470,7739440,3
0,1501645879,1.173020,7743145,44
0,2299140607,0.944247,7746818,41
0,494790281,0.956577,7747347,1
0,755409443,0.699470,7751285,35
0,68241637,0.914830,7752254,5
0,958129591,0.731544,7752778,1
0,95402669,0.822059,7756230,43
0,546583171,0.921743,7757005,5
0,1794312043,1.104854,7764683,104
0,2560382261,1.129332,7766094,14
0,1716345457,0.755190,7766672,2
0,1052009873,0.746083,7768940,26
0,382140347,1.129332,7769743,5
0,250597267,0.718750,7772138,28
0,1961117153,1.017906,7772788,3
0,2267704319,0.984747,7777066,55
0,4102002193,0.921743,7782836,76
0,1577175409,0.742804,7783766,7
0,2194856693,0.991172,7784770,8
0,2188270927,1.064337,7788686,50
0,3448492309,0.786855,7790676,22
0,2886614821,0.940101,7792158,15
0,365232443,1.035974,7794255,24
0,2222273323,0.858096,7797281,37
0,2579448017,1.127168,7799997,29
0,2793868027,1.054659,7801889,19
0,2424121589,0.849517,7805931,49
0,2351588273,0.880563,7807082,10
0,1312842749,1.067086,7808011,7
0,325413659,0.844907,7810276,26
0,2754100099,0.973777,7811203,7
0,3206598767,0.897588,7813044,20
0,2593278521,0.784369,7814946,21
0,4106576891,0.969758,7816792,20
0,4104631631,1.002438,7818704,21
0,4220483749,0.846639,7820076,13
0,3802995281,0.858664,7820999,7
0,891034499,0.796722,7821995,8
0,212489471,0.818488,7823619,17
0,1779613769,0.844329,7825446,20
0,650058859,1.033615,7826027,2
0,461061817,0.920152,7829126,38
0,897963289,1.012616,7831516,28
0,2584139527,0.894864,7833556,23
0,1307090933,0.916963,7835185,17
0,2225212663,1.002438,7836595,14
0,57103499,0.942694,7838570,22
0,931199219,0.877229,7839646,9
0,894971923,1.024123,7840922,12
0,860566879,0.907327,7843250,27
0,404584087,1.070284,7845227,22
0,1467035641,1.098205,7849423,49
0,3860689037,1.163407,7853078,31
0,1230810239,0.908403,7856306,36
0,1396842379,1.035503,7860861,59
0,2251850761,0.921743,7863803,36
0,2830991729,0.804043,7864944,10
0,3082781323,1.006328,7865461,1
0,2392776079,0.781875,7867960,29
0,3859023431,1.037387,7870973,37
0,1116548921,0.928078,7871898,7
0,694660951,0.880008,7872838,7
0,2162958419,0.875558,7874317,15
0,3839245181,0.946829,7875326,8
0,1659351041,1.070740,7878348,37
0,2352557843,1.090173,7880948,31
0,3284806303,0.784369,7881746,5
0,747504011,0.971267,7882593,6
0,1894249573,0.889391,7883873,12
0,1044376247,0.751301,7885165,12
0,2589362819,0.770552,7886376,11
0,671423591,0.950432,7887362,8
0,778828621,0.864897,7888868,15
0,1001900093,0.927551,7893004,53
0,1137262333,1.111464,7893937,7
0,3071251439,1.009718,7894459,1
0,2146961393,1.064795,7895747,12
0,1878183371,0.813701,7896477,4
0,2270912837,1.062959,7907022,142
0,2800177651,0.732211,7907550,1
0,2935399391,0.820870,7908633,9
0,2682175579,0.919621,7911798,36
0,793751701,0.977281,7912464,3
0,4155011741,1.166760,7912981,1
0,2369199727,1.031723,7914414,14
0,3321539633,0.880563,7915974,16
0,336399647,0.851240,7917814,20
0,1324759661,1.021736,7920008,25
0,4242212411,0.940101,7921225,11
0,2268168157,0.978779,7922301,9
0,3026394529,0.915364,7929103,91
0,1914938453,0.977281,7930234,10
0,2099571959,0.975280,7933543,41
0,4185312223,1.189554,7934415,6
0,3293426827,1.079370,7939817,71
0,2098124891,1.013098,7940402,2
0,705511087,1.039268,7940983,2
0,337265881,0.907327,7947348,85
0,420799801,0.822653,7947855,1
0,3607263091,1.133647,7948509,3
0,636771749,1.079370,7954740,63
0,1048500953,0.947859,7957391,29
0,1292038859,1.035974,7959583,25
0,3221452583,0.855246,7960442,6
0,3895832107,1.064795,7961376,7
0,3116148313,1.059278,7963006,17
0,4073657023,0.946829,7963941,7
0,1202472707,0.975280,7965570,17
0,4104533777,1.156250,7966356,5
0,4168314767,0.950432,7967792,14
0,1691018911,0.908403,7970061,26
0,2740426651,1.043020,7970716,3
0,3447716257,0.808886,7971241,1
0,4210610939,0.701561,7971972,4
0,1925420383,1.260115,7972625,3
0,3031192261,0.816696,7973562,7
0,60087413,0.987223,7975387,20
0,2780470457,1.040677,7980367,65
0,2657535887,0.889391,7981095,4
0,199261109,1.156250,7983070,22
0,2953264801,0.895409,7983572,1
0,2760007457,0.825615,7984637,9
0,3612965303,0.760345,7985382,4
0,2435569681,1.157938,7989369,51
0,1845809137,0.906789,7992468,38
0,3796018487,0.920152,7994724,26
0,1229052313,0.889391,7998859,53
0,1258367951,1.006328,8001609,33
0,1222662121,0.792420,8003512,21
0,1957146047,0.977780,8005306,14
0,676304483,0.748697,8006391,9
0,143694389,1.064337,8008771,28
0,776095939,0.915897,8009271,1
0,2999202091,1.019344,8012209,33
0,1222276381,0.981270,8013499,12
0,2795073301,0.988706,8016595,38
0,3899251277,1.033142,8019004,28
0,2576304041,0.993632,8019653,3
0,2044345301,0.815499,8022435,33
0,3713601289,0.817294,8023299,6
0,3903009967,0.975280,8028999,75
0,4286288011,1.040677,8030913,21
0,116326823,0.940101,8031483,2
0,2525277907,0.950432,8032968,15
0,1949041117,1.070740,8034944,22
0,2133027803,0.938541,8037273,27
0,1458852389,0.908940,8038412,10
0,112573009,1.157094,8040820,28
0,1352048821,1.035031,8042377,16
0,2615537153,0.889391,8047910,73
0,4205051401,0.969758,8049963,23
0,85147963,1.094196,8050874,7
0,2798451401,0.844329,8054084,35
0,3193219901,0.775605,8057327,26
0,3438029989,1.031250,8062080,59
0,812916257,0.760345,8062578,1
0,1849352543,0.955044,8064776,25
0,1492056589,1.159202,8066541,19
0,3488166457,0.804043,8067540,8
0,2274566633,0.925971,8069158,17
0,468913117,0.910550,8071476,27
0,2326657427,0.977281,8072207,4
0,80852461,1.149898,8073001,5
0,827616367,0.725512,8078752,76
0,1907137481,1.000976,8080098,13
0,4141058387,0.962683,8083908,48
0,48951283,0.814900,8087205,41
0,2372182721,1.017426,8088065,6
0,3203739593,0.893772,8088939,6
0,3325468469,0.911622,8091687,33
0,3831386147,0.942176,8095819,53
0,550407071,1.015505,8100599,62
0,2304918233,0.766740,8101725,10
0,727647953,1.035974,8102307,2
0,4149186241,1.037387,8103447,10
0,345484177,0.904092,8109490,77
0,531871121,0.789333,8110146,3
0,2807958217,0.940101,8112970,34
0,1255516247,0.968750,8113968,8
0,3666127247,0.963190,8114476,1
0,2559695051,0.941657,8116459,22
0,1020779681,0.944247,8118246,18
0,1865063861,1.033615,8121214,36
0,1279250339,0.902471,8125691,55
0,1479988187,0.860369,8127141,14
0,3533704891,0.942176,8132282,67
0,355006387,0.805862,8133841,16
0,2644685399,0.956066,8136306,29
0,2208287953,1.190785,8138161,20
0,915305051,0.815499,8139450,12
0,2156389663,0.938021,8142394,36
0,845630879,1.110145,8144157,19
0,986807819,0.934370,8144946,5
0,971072233,0.973777,8146219,12
0,141558343,0.940101,8150135,50
0,310764049,0.987223,8150844,4
0,254221081,0.820275,8151413,2
0,2198503823,0.955044,8153342,21
0,2162286689,0.969254,8154267,7
0,3917343247,0.884436,8155608,10
0,2109046397,0.919621,8159899,41
0,2539105729,0.791804,8161703,17
0,1021363361,1.142657,8165513,48
0,3896614247,0.921213,8169456,50
0,2768153347,0.818488,8173604,53
0,754363957,0.946829,8175104,15
0,543740063,0.981270,8180688,74
0,3432925471,0.908940,8181770,9
0,2053381271,0.986728,8183189,14
0,2986442773,1.117160,8185788,31
0,4253745169,1.136229,8186637,6
0,52410571,1.076652,8188609,22
0,2840747939,1.024123,8190389,19
0,2055539891,1.220752,8192225,20
0,279377249,0.988706,8196171,50
0,1706285527,0.948374,8199060,35
0,1396948027,0.964203,8199859,5
0,3062139601,0.947859,8200512,3
0,1046248303,0.927551,8206405,78
0,2185184201,1.067086,8210390,46
0,524242049,1.032669,8211320,7
0,1853556041,0.988706,8212523,11
0,4016715803,0.851240,8217402,61
0,3812060719,0.817891,8217942,1
0,4261673599,1.000488,8218749,5
0,2816819129,1.130628,8219892,10
0,2672284339,1.006328,8223127,40
0,2990399107,1.008267,8223713,2
0,2349885763,0.956066,8224429,4
0,4045163,1.080726,8226041,17
0,1959166499,1.098205,8226761,4
0,1371683893,0.983258,8227268,1
0,1753105483,0.791804,8228767,15
0,3836836277,1.012616,8230398,17
0,1213548079,1.161727,8231392,8
0,429548089,1.009718,8232239,6
0,2792063669,0.883883,8238264,80
0,2893687789,1.012616,8239273,8
0,2223314693,0.983258,8240475,11
0,1184415733,1.048157,8243784,40
0,3423394571,0.920152,8244741,7
0,3178359553,0.947859,8246645,21
0,1185415589,1.032197,8247290,3
0,3434677219,1.130628,8248217,7
0,2225002763,1.002438,8248803,2
0,2922069833,0.906789,8251269,29
0,3457427287,0.853531,8253178,21
0,3048522437,0.942694,8254319,10
0,3415914923,0.981270,8255254,7
0,2482274507,0.799169,8257342,19
0,1196939209,0.869402,8258024,3
0,748152497,1.000976,8258602,2
0,140250823,0.782499,8259885,12
0,3080011073,1.159202,8262834,21
0,2119394227,1.066170,8263802,5
0,3588781877,0.975280,8266269,29
0,2828045141,1.006328,8271762,72
0,718242443,0.858664,8273381,17
0,270491597,1.035503,8275557,25
0,3369335609,1.131060,8280263,61
0,477784319,0.903552,8281755,15
0,1066881577,0.948374,8282263,1
0,3011896087,0.882225,8284584,27
0,499166039,1.093303,8285507,7
0,1868781731,0.995105,8286021,1
0,3212161921,1.002438,8291003,65
0,2140497011,1.253511,8291736,4
0,3662607821,0.958616,8292255,1
0,1431628879,1.160465,8293325,9
0,1421720297,0.919621,8294396,9
0,4058200087,0.944247,8296512,24
0,2269371947,0.906789,8298146,17
0,3496769303,0.927551,8299006,6
0,3004480247,0.751301,8299743,4
0,3491932399,1.043020,8300946,11
0,3188044259,1.068458,8302085,10
0,3621815767,1.078012,8305456,42
0,2839448467,1.006328,8306664,11
0,1230800353,0.944247,8309413,33
0,3539776313,1.241770,8310423,8
0,2349787747,0.906789,8311859,14
0,1376115089,0.911086,8312639,5
0,971862641,1.070740,8313749,6
0,3965215237,0.973276,8315230,15
0,1783069219,0.855246,8317854,31
0,1531424383,0.971267,8322496,57
0,72146891,0.915364,8323923,13
0,531474473,1.035974,8326691,33
0,3569913251,1.126735,8328243,16
0,425838047,0.910550,8329237,8
0,950027257,0.877786,8330651,14
0,2066695021,0.942176,8332778,24
0,3784084673,1.004871,8336072,41
0,2545394867,1.035974,8337223,10
0,3519859831,1.070740,8338788,16
0,818574997,0.908940,8341398,31
0,3517994503,1.064337,8343086,18
0,1822704229,0.849517,8345327,26
0,1277477797,0.947859,8347292,22
0,2827590607,1.017906,8348501,11
0,1680423847,1.071652,8350833,27
0,285920381,0.908940,8351896,9
0,3953657401,0.939581,8353444,16
0,2959216661,1.017426,8358696,69
0,791938951,1.025076,8364824,63
0,779760803,1.138804,8367465,29
0,2679874649,0.882225,8367982,1
0,42433093,1.015505,8368963,8
0,3193498597,0.735538,8372199,40
0,3524742857,1.139661,8372784,2
0,1852027003,0.858096,8373862,9
0,2884493501,0.766103,8375786,21
0,2363624383,0.766740,8377138,13
0,3021946687,0.625781,8378984,20
0,3130358701,0.793652,8380903,20
0,2160498661,0.908940,8381885,7
0,2811050687,0.970764,8382890,8
0,1186707733,1.039738,8383890,8
0,673872587,0.727528,8386004,24
0,3655031983,1.012133,8387220,11
0,1398969199,0.824432,8388441,11
0,3036039991,0.875000,8392237,48
0,2632673959,0.962683,8392960,4
0,2134466443,1.017906,8394404,14
0,1907921893,1.048623,8395542,10
0,2058467699,0.942694,8396614,9
0,2289649519,0.975280,8397968,13
0,2899204453,0.820275,8398842,6
0,387485011,1.098205,8403458,60
0,1271885317,1.010685,8404531,9
0,2009115421,0.846639,8408471,50
0,2673413467,0.975280,8409478,8
0,3399136421,1.073018,8410759,12
0,2360613193,0.766103,8418288,96
0,4179565219,0.981767,8419619,10
0,423389363,0.789333,8421894,26
0,3999498439,0.849517,8422544,3
0,895890001,0.977780,8424365,20
0,1281782233,1.091516,8425157,5
0,255363769,1.030776,8426781,17
0,3406486297,0.860369,8428703,21
0,2536096309,0.920152,8433767,66
0,509052067,0.958616,8436157,28
0,1794976693,1.099538,8438426,26
0,3016943849,0.843750,8439573,10
0,833513981,1.100870,8442240,32
0,426130763,0.913227,8442823,2
0,323196569,0.983258,8444366,16
0,1604645947,1.043488,8448530,53
0,2244401977,0.813101,8453859,70
0,1002737227,0.888841,8455903,23
0,1657636637,0.970764,8460249,56
0,2854185079,1.126735,8461388,10
0,341632853,1.032197,8462935,12
0,2572284307,0.773082,8465910,24
0,1950473831,1.071652,8468872,29
0,1904332693,0.994614,8469490,1
0,1926219091,1.102642,8471534,23
0,3146499973,1.117160,8475282,47
0,588306679,0.855246,8478226,36
0,353076041,0.964203,8479707,15
0,14187001,0.786855,8482434,33
0,1769813141,0.748697,8483866,14
0,3652855589,1.031723,8485489,17
0,2678472187,1.001951,8486707,11
0,2245905653,1.127168,8487579,6
0,2998539307,1.032197,8489136,16
0,1035314857,0.977780,8491669,30
0,2281809239,1.033615,8493148,15
0,95183989,0.797334,8494904,19
0,3947398193,0.950945,8495475,2
0,3431240807,0.850092,8497302,20
0,2142629579,1.122393,8499294,22
0,278160601,0.715345,8505404,81
0,3647893687,0.897044,8507102,18
0,3130612411,1.131923,8508591,15
0,1911035803,0.724164,8510075,15
0,4210610077,0.880008,8510673,2
0,1881521839,0.976781,8513071,28
0,3860796473,1.043020,8513929,6
0,3583383481,0.970764,8519101,63
0,499062869,0.820275,8522361,40
0,3197102267,0.787475,8523029,3
0,68927329,1.225542,8528214,65
0,178144907,1.048157,8529977,19
0,1442263217,0.824432,8531055,9
0,1096335847,0.994614,8531847,5
0,3533500543,1.160465,8533337,15
0,524228153,0.877229,8533914,2
0,124429313,0.813701,8535931,23
0,1773162353,0.791187,8536795,6
0,2281786043,1.009718,8540718,50
0,3882903329,0.975280,8545356,60
0,1309214407,1.075745,8548160,34
0,3568827299,0.901929,8549376,11
0,3790646591,0.822653,8551867,29
0,1393212803,0.967237,8552932,9
0,3589287461,1.099538,8553441,1
0,478677299,1.080726,8554499,9
0,904959019,1.004871,8556053,16
0,2591675467,1.125868,8558736,32
0,3465599993,0.756482,8559318,2
0,2148521933,1.031723,8560318,8
0,2693808703,0.796722,8562711,28
0,3355792831,1.004385,8564404,13
0,2977391629,0.735538,8565792,13
0,3452614369,0.789333,8568782,23
0,1574793107,0.942176,8569678,4
0,563479361,0.880008,8570659,8
0,54694513,0.781875,8572749,24
0,520902103,0.699470,8573326,2
0,1860367441,0.875558,8574949,17
0,3782113787,0.952484,8577637,32
0,1525592303,1.038798,8579419,19
0,2914587437,0.817294,8583428,51
0,4066771019,0.993632,8586091,32
0,1832798897,0.884436,8586602,1
0,2058349093,0.908940,8588724,24
0,1255205827,0.936979,8589805,9
0,2689782071,0.834439,8591229,14
0,3608635661,1.039738,8592713,15
0,2519468807,0.983258,8593574,6
0,4109365693,1.170520,8595223,17
0,677512027,1.129332,8596842,17
0,2448990073,0.722139,8600083,40
0,283180607,0.891036,8601079,8
0,1994748131,0.999023,8604657,45
0,3664714657,0.882225,8607752,38
0,577715353,1.009718,8610911,39
0,3130384531,1.033615,8612605,18
0,3241807691,1.003899,8614094,15
0,607994459,1.120651,8615994,21
0,1046202037,0.978779,8621647,70
0,657994399,0.851240,8624356,29
0,2509384313,0.827388,8626487,24
0,2954403469,1.064795,8627619,10
0,3089154319,0.938541,8629056,14
0,4032472237,0.938541,8630052,8
0,4128597581,0.969758,8633280,40
0,3273405407,0.721462,8634074,5
0,1381308329,1.031723,8635275,11
0,4108074851,0.829745,8638023,33
0,4193702389,1.024123,8640508,29
0,324993091,1.043020,8643375,35
0,3977544563,0.844329,8644517,10
0,2029252639,0.941657,8645242,4
0,3176890219,0.947859,8647018,19
0,141754027,1.094643,8648784,19
0,1082544797,0.818488,8649357,2
0,2061856567,0.945797,8650441,9
0,4214360567,0.895409,8650962,1
0,1728170011,0.864897,8654594,46
0,2654426587,1.002438,8656509,21
0,1595016193,0.783746,8657847,13
0,728517767,0.988706,8661066,40
0,1323517691,1.032197,8663482,28
0,32849161,1.000488,8665224,19
0,2155764799,1.012616,8668108,30
0,1585821977,1.222750,8671180,25
0,1901673161,0.968750,8676911,71
0,1436992901,0.916963,8678554,17
0,1835706839,1.002438,8679071,1
0,2603107121,0.993632,8681034,22
0,4273271633,0.899761,8683077,23
0,3817876369,0.907327,8683582,1
0,1181590997,1.135799,8684164,2
0,3582468821,0.969758,8686210,23
0,2068764751,1.270150,8686869,3
0,486191269,1.035974,8688282,14
0,418407109,1.132786,8689198,7
0,1617247867,0.705724,8690476,12
0,3812287901,0.895409,8691270,5
0,3028936643,0.974279,8692977,18
0,926288567,1.189144,8693627,3
0,157291091,1.001951,8696218,31
0,1033306033,0.973777,8700146,50
0,1536705733,0.820275,8700723,2
0,1355543219,1.209096,8702916,25
0,812813371,1.111464,8704974,23
0,3908118937,1.132354,8707150,25
0,2615727781,1.068458,8710614,43
0,153956951,0.824432,8712235,17
0,983704003,1.291121,8714765,30
0,3950295169,0.969758,8715482,4
0,1101584873,0.924387,8716760,12
0,3090285949,1.038328,8719499,33
0,1592786557,1.131060,8720585,9
0,721585651,0.782499,8723298,26
0,2058299081,1.098205,8724406,9
0,1659245579,1.213933,8725337,7
0,2699328887,0.877229,8726213,6
0,1440523709,0.820275,8728566,25
0,3302501471,0.941657,8729165,2
0,2072289127,1.046292,8730099,7
0,1538798117,0.902471,8730823,4
0,1908492347,0.801000,8732816,22
0,3798214139,0.925443,8734381,16
0,555845179,0.834439,8737547,39
0,2807533907,0.867152,8740216,32
0,717736727,0.864332,8743141,33
0,187225849,0.773714,8745554,28
0,353605261,0.920152,8746557,8
0,2432109917,0.796722,8747421,6
0,1244037841,0.753248,8750670,40
0,377598931,0.722139,8753273,31
0,4259527033,0.911622,8753940,3
0,4145211299,0.722139,8754812,6
0,507056659,0.817294,8756795,22
0,2168826859,0.880008,8759747,36
0,3632758117,1.035974,8760607,6
0,4077057679,0.942694,8762033,14
0,4050715061,0.947859,8763592,16
0,3236825359,0.932277,8764655,9
0,104370869,1.135799,8765229,2
0,2188387843,0.786855,8767055,20
0,2676376607,1.067086,8768121,9
0,2071455527,0.832682,8769574,10
0,425635159,1.133647,8773955,39
0,2395542241,0.859801,8777994,49
0,803552117,1.025076,8779360,13
0,1021138421,0.734209,8780029,3
0,4076484173,0.946829,8781240,11
0,2948263457,1.033142,8782737,15
0,2404242949,1.156672,8784986,26
0,333030211,0.866589,8786115,10
0,2950130237,0.827388,8788235,24
0,2707917599,0.891584,8788887,3
0,3505751233,0.977281,8789748,6
0,2070885953,1.048623,8791109,13
0,3622392533,0.956577,8793430,27
0,3344680711,0.772450,8793952,1
0,3398332219,1.005357,8795517,16
0,3044026507,1.253511,8796024,1
0,3981732311,0.985738,8798777,33
0,3019107139,1.204241,8804869,81
0,3145588961,0.851240,8805522,3
0,478030001,0.882225,8806233,4
0,539332181,0.899761,8808685,29
0,2996786789,0.944247,8813654,65
0,1853159071,1.032197,8814809,10
0,2470855061,0.947859,8819718,64
0,215983931,0.796722,8821279,16
0,2543045917,0.950945,8821936,3
0,594986059,1.085235,8823276,13
0,1959530567,0.889391,8828037,58
0,3260227141,1.000488,8830224,22
0,3120669247,1.062959,8831722,15
0,1435097263,1.017906,8833495,19
0,3392686751,0.907327,8835535,23
0,1576346293,0.875558,8837022,15
0,3485826749,0.942694,8837890,6
0,3759699263,0.768648,8838609,4
0,2086330229,0.956066,8840110,15
0,1542432503,0.972774,8841398,12
0,1578712129,1.074382,8842043,3
0,3162318329,0.815499,8843949,21
0,3006466289,1.035031,8845080,10
0,722977943,1.038798,8846160,9
0,2452044403,0.956577,8847515,13
0,811614857,0.820275,8848145,3
0,677891143,0.975280,8850769,31
0,3555830269,0.694566,8851359,2
0,2574738931,0.969758,8852024,3
0,2811733907,0.942694,8853097,9
0,2801883103,0.901929,8855144,23
0,4052037617,1.003899,8857330,25
0,195159871,1.063419,8857908,2
0,2237538397,0.932277,8858776,6
0,4156268539,1.012616,8860628,20
0,3147720343,1.098205,8862829,25
0,481035433,0.975280,8863671,6
0,3090838367,1.064795,8864821,10
0,233340851,0.824432,8865621,5
0,563818771,0.978779,8868014,28
0,4104782179,0.893772,8868868,6
0,3313685047,0.822059,8869517,3
0,1371926921,1.132354,8870997,15
0,318037193,1.037387,8872039,5
0,1829363483,0.978779,8872647,2
0,2901872021,1.070740,8873307,3
0,2080853221,1.006328,8876285,23
0,1739137783,0.978280,8878079,17
0,66914297,1.005357,8878796,4
0,305386999,1.043020,8879724,7
0,1186117243,1.207884,8880814,9
0,2827352113,1.050019,8883835,37
0,2861566679,1.040677,8885037,11
0,4275189467,0.866589,8887091,23
0,2901770713,0.906789,8889346,26
0,1234415531,1.077559,8891258,21
0,829804523,0.950945,8894860,45
0,1131594397,1.040677,8896347,15
0,570530797,0.963190,8897482,10
0,787590647,0.971267,8899043,16
0,2502250889,0.981270,8902201,39
0,2538063029,0.908403,8903415,11
0,2433879733,1.003899,8908883,72
0,421354847,1.082983,8909950,9
0,440997703,1.033142,8911780,20
0,2610429089,0.811899,8913058,12
0,1892491163,0.918559,8914075,8
0,3084344297,0.921743,8917928,49
0,3016974481,0.940620,8920179,26
0,3595294643,0.873883,8922026,20
0,987546139,1.139661,8928818,85
0,1067038871,0.851240,8929574,4
0,3413546581,1.088828,8930227,3
0,2382589691,1.066170,8932423,25
0,815758159,0.858664,8934918,27
0,2832559487,0.817294,8937408,29
0,2950588127,1.004871,8938640,11
0,1444392461,0.972774,8943771,67
0,128007557,1.068458,8954669,150
0,2019521857,1.002438,8955668,8
0,1876557583,1.064795,8957584,21
0,4036794631,0.908403,8958796,11
0,3306734297,0.950945,8959927,10
0,2818970419,1.017906,8961773,20
0,3771150949,0.844329,8963602,20
0,2065677707,0.817891,8969456,77
0,2799156421,1.038798,8969972,1
0,580642879,1.064337,8974048,47
0,677921369,1.044891,8980251,68
0,1759586399,0.958616,8982827,28
0,3928941041,0.813101,8983834,8
0,2481430871,1.088828,8986940,38
0,362827837,1.207884,8988560,17
0,70456849,0.946829,8989534,8
0,1501436869,0.818488,8993047,44
0,555120779,1.052341,8994808,19
0,727236997,0.919621,8998938,53
0,3045896159,1.187500,8999529,2
0,3240212099,0.705032,9001282,19
0,2193478201,1.012133,9003268,22
0,1507199387,0.970764,9003785,1
0,959387549,0.914830,9008078,55
0,695596331,0.579601,9009633,16
0,1172655287,0.775605,9010223,2
0,3102977123,0.931229,9011369,10
0,1688014373,1.001951,9012569,11
0,2469773161,1.130628,9014694,24
0,3414687301,0.855246,9015843,10
0,543491231,1.086134,9017750,21
0,1477013441,0.969254,9020629,35
0,137554997,0.952484,9022663,23
0,792209471,0.947859,9024352,18
0,1186901537,1.008267,9025633,12
0,781522127,1.157094,9029145,39
0,3320742301,0.893772,9029882,4
0,16919897,1.035974,9030712,6
0,67692047,1.059739,9032330,17
0,1994023319,0.987223,9032984,3
0,4092987419,1.079370,9034638,15
0,2171300041,0.942694,9035164,1
0,2966142469,0.844907,9037916,33
0,1878102151,1.187911,9038853,7
0,2566699147,0.911086,9040486,17
0,904560413,0.941657,9041140,3
0,2899712527,0.969254,9042071,7
0,1927804091,0.879453,9045460,42
0,2341558127,0.815499,9050592,67
0,787488187,0.705032,9051522,7
0,3190174963,1.101756,9056374,63
0,2028216917,0.969254,9057576,11
0,3814554659,0.814900,9059564,22
0,1979674579,0.941657,9064130,59
0,416256257,1.066628,9067636,44
0,2023424869,0.924387,9069690,23
0,113492843,0.940101,9070961,12
0,3818617651,0.975280,9072523,16
0,2886685631,0.977281,9075827,41
0,108276733,0.976781,9078965,35
0,1913696893,0.942176,9080883,7
0,3758696609,0.894864,9081956,7
0,395902963,0.753248,9084173,23
0,938080853,0.991172,9088452,55
0,120782323,0.866589,9091053,31
0,537894241,0.858096,9092181,10
0,3389581033,0.818488,9092897,4
0,2821359227,1.019823,9095351,29
0,2044774783,0.787475,9100894,73
0,1650025669,1.125434,9102739,20
0,429268639,0.977281,9104012,12
0,941838809,0.985738,9106322,27
0,344994677,1.004871,9107807,15
0,1055585963,0.869402,9108465,3
0,1137457163,0.908403,9115132,89
0,486725359,0.841432,9117463,27
0,3530506411,0.846639,9118042,2
0,753880837,0.724838,9121645,45
0,2706547087,1.009718,9125792,53
0,3002919683,0.983258,9129092,41
0,1132412321,0.873883,9130378,12
0,1682895199,1.008751,9132299,21
0,83786669,1.128899,9133694,8
0,27303187,0.836193,9136098,28
0,3121391731,0.987223,9137025,7
0,2168028451,0.940101,9139233,23
0,674184989,0.875000,9140528,12
0,634001507,0.942176,9142219,18
0,3781506181,0.938021,9145297,38
0,362143609,0.906789,9151398,81
0,4149328151,0.827388,9152338,7
0,3505053301,0.977281,9153348,8
0,998053709,1.032197,9154286,7
0,3121543657,0.914830,9157392,38
0,2820972589,0.920152,9158527,10
0,1674920747,0.976781,9159178,3
0,3646429639,0.894864,9166960,105
0,2234583997,0.822653,9168300,13
0,3401154257,0.940101,9170846,30
0,1379185099,0.911622,9172259,14
0,42305233,1.101313,9173373,10
0,2057692253,0.970764,9174166,5
0,3037055003,1.035974,9175021,6
0,3605861023,1.035974,9176024,8
0,3047335471,0.981270,9176754,4
0,2131237067,0.938021,9179082,22
0,3971376457,0.910550,9179766,3
0,1354285549,0.918559,9183014,26
0,2265894509,1.313244,9183838,3
0,517891681,0.906789,9185665,20
0,3480113383,1.031723,9186959,12
0,1474519841,0.985738,9188745,19
0,1544808019,0.824432,9189756,8
0,2947207013,1.164665,9190621,6
0,297101279,0.913227,9191140,1
0,4142107049,0.833854,9192421,12
0,1850736479,0.891036,9195199,33
0,4029273473,0.694566,9196466,12
0,1749768533,0.973777,9197745,12
0,1805502443,0.855816,9198406,3
0,1246464517,0.880563,9204150,76
0,1533097939,0.792420,9205915,19
0,1265074483,0.899761,9209860,50
0,2312117881,0.978779,9212323,29
0,602619139,1.186266,9212902,2
0,3717498619,0.848942,9219689,91
0,1171761079,0.791804,9220641,7
0,3599099237,1.079370,9222917,26
0,3111150401,0.944247,9226131,40
0,12639031,0.993632,9228492,28
0,312803627,0.873883,9231986,44
0,1826127103,0.836193,9235175,35
0,1878267007,0.891584,9236205,8
0,1883261593,1.008267,9239576,40
0,588576613,0.920152,9241721,23
0,3759624023,0.950945,9242763,8
0,2419034641,1.191195,9245636,35
0,3699751723,0.884436,9246158,1
0,4046437873,1.050019,9249886,47
0,2259458449,1.069828,9251580,18
0,3125277781,0.822653,9253917,27
0,369549413,0.977780,9256517,31
0,3075290243,1.095980,9257027,1
0,3957700573,0.820870,9260971,50
0,539080603,0.822059,9263081,24
0,3147613537,1.073928,9265488,28
0,477263393,1.017426,9269947,58
0,2391358679,0.915364,9273669,47
0,413127019,0.849517,9276888,40
0,2893901093,0.947859,9278869,22
0,3569553079,0.888841,9280214,13
0,1120766789,1.031250,9289159,103
0,3700730441,1.226737,9290878,16
0,3169947097,0.934370,9293832,36
0,97416031,0.939581,9295937,24
0,697979021,1.047225,9298188,26
0,1220720939,0.928078,9299052,6
0,1383606089,0.860369,9304667,74
0,1982704147,1.032669,9306514,20
0,4100057771,1.012133,9309633,38
0,766675499,0.950432,9310564,7
0,1362494453,1.006328,9313045,29
0,1228954829,0.941657,9313779,4
0,1039746637,0.851240,9314569,5
0,437559691,1.001951,9316264,18
0,1254341227,1.102642,9318305,23
0,1980565129,0.954021,9319572,12
0,774450757,0.958616,9323100,43
0,2016895889,1.002438,9327626,58
0,713440537,0.875558,9328554,7
0,1921997977,1.228725,9333543,65
0,1217345797,0.948374,9334413,6
0,2023597727,0.939581,9336611,20
0,3235313903,0.813101,9342218,71
0,1464982049,0.787475,9343296,9
0,2569491179,0.864897,9344226,7
0,3211839737,1.012616,9346077,20
0,3379940209,1.008751,9350636,59
0,4279509449,0.718750,9351646,8
0,2884235639,0.822653,9353710,23
0,3547773301,0.882225,9355145,14
0,322223911,0.971267,9357328,25
0,1622010547,0.848367,9359024,18
0,2329315663,1.003899,9360391,13
0,3848106107,1.093303,9361047,3
0,1218871909,0.773714,9362314,12
0,3241354747,0.987223,9363313,8
0,2467733729,0.914830,9364883,16
0,585892039,1.064795,9367057,25
0,3773218591,0.942176,9368843,19
0,3746878769,1.133647,9369788,7
0,132713989,0.978779,9371826,23
0,3259809961,1.098205,9374273,29
0,2577040721,0.985738,9375202,7
0,3323280923,0.786234,9376276,9
0,3246866257,1.032669,9377003,4
0,3770448713,1.070284,9377583,2
0,2551687949,0.817891,9378370,5
0,394426091,0.977281,9379997,17
0,7706047,0.908940,9382369,28
0,560213723,1.090173,9382877,1
0,1325278387,0.882225,9386140,36
0,3045225109,0.846639,9389724,28
0,947210897,0.915364,9395372,70
0,1962044803,0.762910,9397151,19
0,340860911,1.033615,9401585,57
0,2817085373,0.915364,9404062,29
0,2414756387,0.985738,9404862,5
0,2509796453,0.756482,9406070,11
0,538069921,1.002438,9412697,89
0,2898578569,1.035974,9414177,15
0,3766283069,1.135799,9415319,10
0,3748169107,0.952484,9417706,28
0,2618830891,0.938541,9418285,2
0,2145266399,0.938541,9418817,1
0,1030793903,0.781875,9419538,4
0,3889202869,1.135799,9422076,30
0,227792393,1.069371,9423624,16
0,2402549629,0.831508,9425768,24
0,1361028271,0.846639,9426558,5
0,3027434021,0.950945,9428759,25
0,1472136191,0.914296,9429779,8
0,2127734677,0.889391,9431283,15
0,2303868971,1.250781,9432062,5
0,1970680169,1.004871,9433641,16
0,2543928781,0.916963,9434506,6
0,148282231,0.817294,9435082,2
0,1489725733,0.812500,9436217,10
0,167086243,0.763550,9436793,2
0,2154931841,0.897588,9437853,9
0,3061121587,0.919621,9438654,5
0,4290169003,0.815499,9440378,15
0,574657541,0.970764,9441981,16
0,1497073157,0.833854,9446805,60
0,693712237,0.906789,9448021,11
0,208799699,0.950432,9449153,10
0,3118771127,0.886090,9450871,18
0,2504011999,1.132354,9451864,8
0,2210904719,0.844907,9455127,40
0,2409226867,1.001951,9455713,2
0,2438496083,1.039738,9458979,40
0,2471669243,0.906789,9460617,17
0,1757075927,1.086584,9463226,31
0,4101298471,0.932277,9464228,8
0,3538025791,1.140946,9465246,8
0,132791509,1.133647,9466651,14
0,669909167,0.962683,9467163,1
0,3286675961,1.032197,9468511,13
0,3710809951,1.000976,9469659,10
0,219963439,1.100870,9470435,5
0,2026871969,1.031723,9471021,2
0,2034877981,0.882225,9472654,17
0,3771222839,0.989199,9476622,50
0,446793041,0.844907,9477542,7
0,1253506073,0.846639,9478124,2
0,796358869,0.956066,9479545,14
0,269052739,0.940101,9481083,16
0,728530379,0.889391,9484883,48
0,2889606691,0.928078,9487479,26
0,1653537763,0.772450,9493904,69
0,2998613993,0.985738,9495430,13
0,3076854401,0.862070,9496499,9
0,4197167971,1.170520,9498284,19
0,1283388779,0.899761,9498943,3
0,634460809,0.946313,9499514,2
0,262571383,1.086584,9502410,35
0,1680046603,0.725512,9503542,10
0,156557923,0.937500,9509896,85
0,2061282031,0.981270,9511040,10
0,3007455853,0.915897,9512043,8
0,3411480329,0.818488,9512899,6
0,40405187,1.035974,9515479,31
0,1092519691,0.877786,9516956,15
0,1890004693,0.947859,9521817,63
0,4115727853,1.003899,9522476,3
0,497839637,1.012616,9523121,3
0,4011375083,0.968750,9524683,16
0,1164490993,0.849517,9525819,10
0,164053727,0.858096,9528492,32
0,2178615181,0.817891,9529207,4
0,3289697993,0.971267,9531068,20
0,3819977867,0.961668,9533675,31
0,331292431,0.789333,9534467,5
0,496687271,0.972272,9538388,50
0,1141468873,1.209096,9539448,9
0,2265002617,0.934370,9539951,1
0,818824339,0.732211,9541872,17
0,1155084779,0.781875,9545432,43
0,853397261,0.864897,9548376,31
0,2634523733,0.573674,9549098,4
0,2152113797,1.139233,9551930,32
0,481996253,0.877786,9558432,84
0,2427248947,0.827388,9561049,31
0,2610918031,0.981767,9561707,3
0,761338661,1.129332,9565153,43
0,2830272187,0.875000,9565943,5
0,161221519,0.945797,9566927,8
0,1642261469,0.970764,9568503,16
0,2169096763,1.003899,9569913,14
0,2805974749,1.043488,9570642,4
0,2335300057,0.851240,9571370,4
0,2321097433,0.848367,9572012,3
0,223036427,1.002438,9575921,50
0,1894533353,0.817891,9577194,12
0,1500087749,0.993632,9578466,12
0,1380365951,0.907327,9580024,16
0,163377481,1.004385,9584388,56
0,1522401031,1.074382,9584909,1
0,64833323,1.004871,9587642,33
0,3773063839,0.705032,9590088,24
0,1779043463,1.000488,9593034,23
0,3273302897,0.787475,9595779,28
0,4222739467,1.033142,9596434,2
0,2520766531,0.978779,9602591,77
0,2120351,0.876115,9604832,26
0,940420973,0.971267,9606527,18
0,1531515647,1.064795,9609213,32
0,1369902371,0.981270,9612498,41
0,710999869,0.988706,9614955,29
0,794505389,0.725512,9617488,30
0,306284437,0.834439,9618194,4
0,2724460201,1.043020,9619259,9
0,981699469,0.846639,9619979,4
0,1538538217,0.942694,9622112,24
0,1633869529,0.822653,9623116,8
0,3049605907,1.194470,9623776,3
0,1789873601,0.932277,9624569,5
0,145595447,0.753248,9625696,10
0,3937034249,0.884436,9632187,87
0,1023709529,0.846062,9634651,29
0,1090254007,1.178419,9635242,2
0,1925143757,0.871645,9637082,20
0,575285149,1.137517,9639044,22
0,3067755191,0.960652,9645365,84
0,4262520599,0.884436,9648187,34
0,3351494953,1.073928,9650489,15
0,4078669967,0.851240,9651569,8
0,253546499,0.727528,9652798,9
0,1112722813,1.063419,9653811,8
0,1269896389,0.846639,9655066,11
0,650274269,0.915364,9656819,18
0,3667371791,1.094196,9658255,14
0,863675287,0.973777,9658906,3
0,3084006767,1.033615,9659424,1
0,535514549,0.969758,9663829,54
0,2249036731,1.063419,9666937,38
0,412814599,1.031250,9668341,14
0,2408147251,0.859233,9669910,16
0,3690445079,0.950945,9672310,28
0,1694415641,0.884436,9673874,16
0,3426925951,0.958616,9674877,8
0,3694858231,0.973777,9681405,87
0,2394915707,0.879453,9683036,17
0,2936499101,1.068458,9684316,12
0,2335841891,0.818488,9685243,7
0,1012768901,1.113658,9685886,3
0,1313232229,0.970764,9687098,11
0,2897637151,0.970764,9688589,15
0,1827916507,0.937500,9690372,19
0,295366553,0.919621,9692489,19
0,3389864417,0.950945,9693141,3
0,2463820001,0.827388,9693720,2
0,3647105797,1.140946,9695695,22
0,3144815753,0.730876,9696270,2
0,1531976219,0.751951,9697139,6
0,2301968843,0.858096,9700497,42
0,2442258191,0.940620,9701217,4
0,1468572139,0.899761,9701936,4
0,2966414389,0.883883,9702726,5
0,3134197289,0.938021,9703236,1
0,1532263043,0.844907,9705217,22
0,38517071,0.908940,9705714,1
0,525090983,1.012616,9706223,1
0,2498597273,1.101756,9709750,44
0,115350271,1.117160,9710528,5
0,250246489,0.954021,9711103,2
0,569021473,0.849517,9714943,49
0,1494361259,0.969758,9716278,11
0,2291321947,1.070284,9717147,6
0,4249551079,0.782499,9718716,16
0,2159422541,0.993632,9720343,17
0,3129802259,0.950432,9723375,37
0,1862485139,1.050483,9724507,10
0,4161216991,1.070740,9732844,113
0,2532502781,0.822653,9734850,22
0,3974897923,0.931229,9735496,3
0,2777906429,1.104854,9736223,4
0,1478575627,0.866589,9737905,18
0,1407746779,0.882225,9739180,12
0,3716575691,1.032197,9740043,6
0,601168537,0.907327,9742446,26
0,4018255807,1.094196,9743208,4
0,2727307787,1.009235,9744278,9
0,2549248633,0.907327,9746325,23
0,1694068543,0.848367,9747900,16
0,519591133,0.827388,9748765,6
0,3232359409,1.125000,9750673,21
0,3029646161,0.975280,9755017,56
0,3506768921,0.924387,9757323,27
0,4193354507,0.760987,9759157,20
0,4133037577,0.891584,9764160,65
0,1069581517,0.942694,9764943,5
0,3698298641,1.073928,9768106,39
0,3051891341,0.875558,9769107,8
0,778230779,0.908940,9771657,30
0,4022954497,0.846639,9775048,42
0,3956234323,1.037387,9781702,89
0,3231140189,1.007782,9782217,1
0,2208920963,0.872205,9783629,14
0,2007302449,0.910550,9785675,23
0,2317866041,1.043020,9787093,14
0,1121325481,1.019344,9788381,12
0,3431077697,0.939581,9789244,6
0,4015036589,0.938021,9791497,26
0,1310875399,0.815499,9792353,6
0,3397748611,0.879453,9793287,3
0,4069532969,1.262438,9793809,1
0,3239041747,1.043020,9794323,1
0,4068358597,0.944247,9794845,1
0,2162885821,1.070740,9798460,45
0,3154278587,0.974780,9800085,2
0,3362769769,1.138804,9801556,12
0,202715081,0.793652,9802281,4
0,3024360319,0.902471,9803348,9
0,2748795001,0.766103,9804351,8
0,2889573341,0.920152,9806911,30
0,2980773577,0.879453,9809053,24
0,1050695141,0.889391,9812071,37
0,1679668931,1.189554,9816705,60
0,46885691,1.050019,9819233,30
0,2833676539,0.880008,9820249,8
0,1910489069,1.050483,9821192,7
0,190770367,0.955044,9821782,2
0,2032708753,0.897588,9822425,3
0,1803294019,1.127601,9823372,7
0,2023756061,1.095534,9826596,40
0,1976481613,1.014061,9829620,37
0,2996031463,0.830921,9831072,14
0,1304373437,0.786855,9831938,6
0,2200862977,0.950432,9832922,8
0,3895127981,1.068458,9834211,12
0,4102226539,1.108825,9835066,6
0,762300887,0.715345,9837759,32
0,2277422197,0.973276,9838276,1
0,1852373603,1.012616,9841445,39
0,1514102371,0.983258,9843594,24
0,3742727567,1.157094,9845575,22
0,1832526613,0.947859,9846638,9
0,641757451,0.969758,9847214,2
0,2257077937,1.078917,9847715,1
0,645394247,0.781875,9849425,18
0,1476117169,0.952484,9851921,22
0,1701214751,0.983258,9860690,116
0,171668687,0.978779,9863324,31
0,2916750229,0.858664,9864470,10
0,2833964663,0.884988,9865481,8
0,3792497567,1.109705,9866344,6
0,1410677209,0.872205,9867065,4
0,741869833,0.973777,9871681,60
0,2641428107,0.851240,9873473,19
0,3093392551,0.787475,9880195,90
0,984314983,0.945797,9884989,62
0,4090308763,0.817294,9886294,12
0,1833779317,1.097316,9889234,36
0,2278778347,0.981767,52999037,30
0,2094100391,0.841432,53000180,6
0,496991233,0.796722,53001449,12
0,1846269533,0.920152,53001965,1
0,99818833,1.086134,53005239,41
0,1189473829,1.001951,53006030,5
0,1261130891,0.899761,53009744,47
0,2594528249,1.213531,53010890,10
0,3741917717,0.924387,53011675,5
0,528992887,0.983258,53014357,32
0,2315692501,0.858096,53016161,15
0,3296330227,0.977780,53019132,36
0,3048611491,0.848942,53023931,60
0,3178814141,1.095980,53026358,28
0,3677524931,0.941657,53027565,11
0,40268981,0.971267,53028058,1
0,284474149,0.941657,53028701,3
0,869816023,0.827978,53029221,1
0,373361999,1.002438,53032524,41
0,2000728969,0.879453,53034368,20
0,4072544393,0.942694,53035307,7
0,2843151007,0.877786,53036030,4
0,3871475981,0.844907,53036742,4
0,2986027943,0.854675,53037400,3
0,2616225371,0.756482,53037924,1
0,87610559,0.946313,53038565,3
0,65358941,0.852959,53041566,37
0,416717363,0.908940,53043537,22
0,2788333987,1.222350,53047398,49
0,4015388563,0.925443,53048130,4
0,2815634951,1.064795,53049553,14
0,4108982057,0.921743,53050207,3
0,3022749157,0.848942,53050870,3
0,4019841733,0.818488,53052933,23
0,3818363543,0.827978,53053520,2
0,2597291231,1.101313,53054385,6
0,1456222003,0.872205,53055384,8
0,3142990381,1.064795,53057082,18
0,1810664927,0.938541,53057951,6
0,3371886197,0.844329,53059579,17
0,3663796303,0.972774,53061283,18
0,1444310071,1.003899,53062003,4
0,2046479893,1.009718,53063220,6
0,1367916791,1.126735,53068842,57
0,942564347,1.161727,53072287,35
0,2480549167,0.956577,53073592,12
0,1914247123,0.973276,53076825,40
0,3342504469,1.033142,53079216,28
0,946916791,0.886090,53080703,15
0,566319587,1.199365,53081285,2
0,4062625577,0.853531,53092281,151
0,1077258103,0.981270,53093626,13
0,4094259811,1.142657,53095602,22
0,2565328687,1.110145,53098221,31
0,1929672449,1.231504,53101712,44
0,1617090919,1.094643,53102929,11
0,2368902983,0.970764,53104000,9
0,3399316267,0.825615,53104808,5
0,749611909,1.004385,53107548,33
0,2510484217,0.919621,53109320,19
0,4041857161,1.033615,53112123,34
0,2864444321,0.858096,53113262,10
0,2055090031,1.132354,53114010,4
0,1489294393,0.928078,53115281,12
0,1731248957,0.817294,53119219,50
0,1173198911,0.854675,53121069,20
0,419309897,1.143084,53123666,27
0,4143142693,1.065254,53125752,23
0,3702463957,0.952484,53129469,41
0,3175298053,1.008751,53130262,5
0,1019037121,0.751301,53131909,17
0,1006128757,1.000488,53133639,16
0,52051871,0.946313,53136674,37
0,1513238887,0.971267,53144245,102
0,8992231,0.820275,53145079,6
0,3628962263,0.977281,53145662,2
0,1560229709,0.978779,53147226,16
0,1591931111,1.189144,53148439,11
0,2679653699,0.908403,53149644,11
0,2527322503,0.877229,53151627,22
0,3363280831,1.074382,53154038,28
0,2532924137,0.981767,53155456,14
0,535884137,0.813701,53157077,17
0,2988100393,0.849517,53159538,29
0,996400189,0.818488,53161183,17
0,2222645609,0.986728,53162663,15
0,2834322571,1.091963,53166065,38
0,2708431577,1.063419,53169838,33
0,3161514883,0.784369,53171840,19
0,3625269419,0.942176,53173717,19
0,960622391,1.025552,53174724,8
0,2565198301,0.793652,53176074,13
0,4055619941,1.084785,53176939,6
0,3755531303,1.129332,53178360,14
0,430939199,1.001951,53178880,1
0,4258099267,0.827388,53180651,19
0,4130873743,0.781875,53181648,8
0,2841657409,1.033615,53183612,22
0,2055907571,1.035974,53184969,13
0,27039589,1.102642,53185671,4
0,3780515339,0.938021,53186817,10
0,268853503,0.644235,53187387,2
0,3743133227,0.825615,53189990,31
0,2203746131,0.978280,53191069,9
0,920012707,1.066170,53192840,19
0,2223157159,0.914830,53193767,7
0,321180791,0.792420,53195495,18
0,1476283817,1.047225,53196156,3
0,615585277,0.832682,53197381,11
0,1397688563,0.741488,53198517,10
0,2993867333,0.968750,53199726,11
0,1435158089,1.043020,53201201,15
0,18363283,0.978280,53201903,4
0,3249694223,0.880563,53205476,44
0,1932886541,0.755837,53206158,3
0,119252839,0.946313,53207849,18
0,2875039907,0.932277,53208499,3
0,1680465277,1.044891,53209298,5
0,1735452643,1.094643,53210873,16
0,1126735627,0.830921,53212700,20
0,126921407,0.888841,53213347,3
0,2469348019,0.811899,53214634,12
0,3466754113,0.884988,53216601,22
0,2445775769,0.969254,53217249,3
0,2508200839,0.944247,53220633,42
0,3232841917,0.913227,53221554,7
0,2827285381,1.004871,53224545,29
0,1719794303,0.842012,53226855,26
0,2417617441,0.877786,53228412,16
0,2314191239,1.131060,53229533,7
0,3195945383,1.070284,53232983,43
0,3241914667,1.008267,53234696,18
0,577343453,0.939581,53236116,14
0,389637587,0.853531,53237597,15
0,1425399457,0.964709,53239570,22
0,1501878907,0.820275,53243431,49
0,1332863267,1.000976,53245278,20
0,1070187317,1.095534,53248932,46
0,595832849,1.156250,53252014,38
0,4057610617,0.950945,53253999,22
0,2352326287,0.851240,53254727,4
0,577908853,0.946313,53257807,38
0,3578298323,0.872205,53260712,35
0,2762116199,0.827978,53262907,25
0,4104768287,0.852959,53263848,7
0,2182110523,0.820870,53267629,44
0,1788432397,0.973777,53272405,62
0,4022370491,0.906789,53274804,28
0,221691017,0.880563,53275514,4
0,3113589737,0.880563,53276586,9
0,151298717,1.035503,53277219,3
0,1809178769,1.028405,53279150,7
0,4268049983,1.120651,53279978,3
0,325853237,0.914830,53280904,7
0,4222844929,0.947859,53282452,16
0,4141363703,0.762910,53283525,9
0,803625929,0.822059,53284036,1
0,277737881,0.784369,53284535,1
0,1578543641,0.787475,53285396,6
0,3567384001,0.952997,53285913,1
0,2404233529,0.969758,53286772,6
0,391756361,0.973777,53291767,65
0,949666049,0.858096,53296172,57
0,2335975351,0.984747,53296686,1
0,3039120443,0.791804,53297760,9
0,2490052823,1.040677,53299451,18
0,1697930957,1.066170,53305848,85
0,576760103,0.987223,53307330,15
0,4020690337,0.858096,53308613,12
0,617134373,0.880563,53314630,80
0,1921297421,1.064795,53316175,16
0,373317803,1.158360,53321352,68
0,2355392497,0.942176,53322349,8
0,3516158267,0.956066,53325099,33
0,1005159707,0.932801,53325956,6
0,563728939,1.067086,53327518,16
0,2765231957,0.867152,53328866,13
0,2546734703,0.928078,53329999,8
0,603044003,0.972774,53331283,12
0,4104332147,0.820275,53333749,29
0,808657357,1.098205,53338590,61
0,1569433367,0.724838,53339395,5
0,2626419109,0.973276,53341863,29
0,928162813,0.981767,53344199,27
0,3798510949,0.760345,53344856,3
0,3992510993,0.987223,53346858,22
0,1835521307,0.950945,53349613,33
0,2373887807,0.877786,53351053,14
0,1810263841,0.950945,53352893,20
0,3062162167,0.910550,53354612,18
0,2981817721,0.846062,53356669,23
0,3621682921,1.001951,53357474,5
0,1040738729,1.097761,53359018,16
0,1748869049,1.070740,53362526,44
0,3551782243,1.001951,53363884,13
0,2253679787,1.136229,53365087,11
0,687404491,0.934370,53365958,6
0,2056324351,0.901929,53371911,75
0,4184686381,0.952997,53375768,33
0,2364679799,1.159202,53378349,28
0,1362092551,1.106179,53379854,15
0,1246430957,1.079370,53380569,4
0,2961024877,0.849517,53382267,18
0,1785521557,0.849517,53383834,16
0,3285845471,0.805862,53384911,9
0,2618115391,1.128467,53388277,42
0,808834843,0.970764,53390533,26
0,817748053,0.880563,53394035,44
0,109908157,0.985738,53396134,24
0,3914201257,0.950432,53397922,19
0,3875608433,0.981767,53400520,31
0,1375537853,0.967237,53405141,60
0,3417154661,0.855246,53412005,92
0,3699624899,0.915364,53416697,61
0,2560518179,1.158360,53421183,58
0,3962601001,0.969254,53422732,16
0,2954212097,0.897588,53423446,4
0,858153797,0.969758,53424228,5
0,2353978937,0.895409,53428586,51
0,1997095963,0.971267,53430154,16
0,2174264333,0.699470,53431985,17
0,3799034807,1.101756,53433625,17
0,3649804927,1.128467,53435741,24
0,2422074107,0.880563,53438559,34
0,787566239,1.043488,53440825,26
0,3456088159,0.886090,53442114,12
0,782714267,0.940101,53445762,46
0,3334772663,1.233485,53446416,3
0,848922541,0.940101,53448668,26
0,1031663807,0.813101,53449953,12
0,1876384669,0.846639,53452082,24
0,51587111,0.916963,53452647,2
0,2572647697,0.720107,53453158,1
0,658437823,0.937500,53457390,54
0,1185697039,0.877786,53458530,10
0,1560207941,1.000000,53459741,11
0,1139384929,1.047225,53463310,45
0,95137391,0.946829,53463823,1
0,3614424427,0.884436,53466027,25
0,3572269423,0.877229,53466609,2
0,317868833,0.941657,53467177,2
0,559158161,1.001951,53468931,19
0,3426936173,0.972774,53469441,1
0,3791212933,1.067086,53470020,2
0,310667393,1.207884,53473322,37
0,420611393,0.939581,53476002,32
0,2807804147,0.988212,53483747,78
0,3943209583,0.945797,53484910,6
0,840925367,1.000976,53486741,18
0,882358759,0.938541,53490863,49
0,1447739119,0.994614,53495078,54
0,1204283027,0.880563,53495594,1
0,855992689,0.827388,53498598,37
0,870638963,0.939581,53500708,24
0,3588977741,1.000488,53501369,3
0,367701409,0.911622,53504945,45
0,834737669,1.074382,53506971,23
0,938879839,0.776234,53507629,3
0,3116245151,1.125868,53509115,15
0,2181353513,1.103085,53510742,17
0,1514276917,0.908403,53511669,7
0,2353581833,0.851240,53512380,4
0,2009979359,0.911622,53514711,27
0,2636459051,1.219551,53515862,10
0,1138596941,0.813101,53516791,7
0,2794059703,1.039738,53519201,28
0,3037131847,1.033142,53520623,14
0,4201438513,1.021736,53522039,14
0,3655857103,0.974279,53524452,28
0,3890965033,1.095534,53525174,4
0,2862951989,1.006328,53528187,37
0,2801767201,0.947859,53531141,36
0,383238881,0.950432,53532209,9
0,564995773,0.817891,53533623,14
0,2605986613,0.971267,53536015,28
0,1866991031,0.827388,53537360,13
0,1285629133,0.932801,53538490,10
0,513017227,0.701561,53539275,5
0,643820197,0.860369,53541558,22
0,3003351943,0.947859,53543551,22
0,944426543,1.002438,53545560,20
0,2012086597,0.876115,53546575,8
0,2020276217,0.940101,53547589,8
0,2977601273,0.950945,53548455,6
0,3900595273,0.975280,53551847,42
0,3980931527,0.822059,53553199,13
0,1160788289,1.270535,53555018,20
0,488726807,0.970764,53556005,8
0,2495235319,0.914830,53556656,3
0,3421728679,0.940101,53561511,63
0,2173945369,0.849517,53562511,8
0,2711509051,1.004385,53566781,55
0,1912376789,1.100870,53569257,29
0,1318867399,1.094196,53572924,46
0,2991168749,0.970764,53573505,2
0,164675501,0.694566,53576286,29
0,559612993,1.037387,53577220,7
0,4125806747,1.048623,53578879,5
0,1585119269,0.963190,53582274,38
0,341600263,0.969758,53584181,21
0,1895684051,1.000976,53585119,7
0,1704985439,0.880563,53587867,33
0,2107167863,1.187089,53588877,8
0,639172031,1.040677,53589601,4
0,2576464507,0.858096,53590117,1
0,3443735333,0.979277,53592311,25
0,2903199703,0.956577,53592904,2
0,1321597063,1.117160,53594669,19
0,727638773,0.815499,53596373,18
0,634580213,0.787475,53603391,94
0,2728124741,0.942176,53606137,33
0,1449414223,0.947859,53607140,8
0,3306413417,0.958616,53608998,20
0,1010293489,1.067086,53612093,38
0,2196205213,1.097761,53617631,73
0,3205791389,0.911622,53619476,20
0,1798420957,1.008751,53622239,33
0,368828659,1.019823,53623673,12
0,667629421,0.994614,53625956,26
0,3472499897,1.031723,53627933,22
0,2492555281,1.126301,53630247,27
0,591123809,0.921743,53631140,2
0,170561999,0.715345,53632005,6
0,1634516837,0.843171,53632936,7
0,588386797,0.938541,53638111,65
0,3518506217,0.814900,53639268,10
0,1878802927,1.004871,53640701,14
0,3905700901,0.925443,53641914,11
0,3497863877,0.818488,53642562,3
0,3306904801,0.993632,53643071,1
0,4056504839,1.000488,53644632,16
0,1661623291,0.944247,53645850,11
0,3103348463,1.007782,53646997,10
0,3491459063,0.956577,53647584,2
0,4231269059,1.043488,53650045,29
0,2545147471,0.755190,53653229,39
0,952862153,0.789333,53656668,43
0,823665967,0.853531,53660377,47
0,1407682499,1.009718,53660961,2
0,3345846247,0.941657,53665105,53
0,2724935251,0.927551,53666045,7
0,2014475557,0.940101,53669344,41
0,3269656627,1.008267,53671242,21
0,2058002003,1.054659,53675314,52
0,2278456361,0.817891,53677841,25
0,4241634877,0.855246,53678873,8
0,3249806941,0.988212,53681373,14
0,2321348971,0.950945,53686423,54
0,174231133,0.981270,53687494,8
0,15060053,0.969254,53688266,5
0,229021073,0.842012,53689108,6
0,3079756367,0.862070,53691013,21
0,1451772761,1.044891,53692225,11
0,3358157969,0.722139,53694535,27
0,234077689,0.799169,53697770,40
0,1503471367,1.004871,53698288,1
0,284310881,1.067086,53700596,27
0,2254125583,0.939581,53701176,2
0,1211000239,0.804043,53703633,29
0,3095508769,0.886090,53706806,39
0,3243081649,0.991172,53708293,15
0,3980147533,1.009718,53709086,5
0,1426180397,0.908940,53709591,1
0,1170093317,1.132354,53710238,3
0,4128433919,1.035031,53711809,16
0,1793542859,1.073928,53713714,21
0,1374728941,0.913227,53714233,1
0,2956483667,0.884436,53717742,44
0,586183937,1.101756,53718312,2
0,513172831,1.059739,53721560,39
0,221670161,1.015505,53722343,5
0,1839388147,1.082983,53723434,9
0,2741905471,0.814900,53724088,3
0,1763103899,0.970261,53729841,76
0,381047119,0.910550,53731249,14
0,764964749,0.940101,53732602,13
0,822800897,0.983258,53733724,10
0,2175175957,1.075745,53737456,40
0,2362569791,1.002438,53738875,13
0,3410699927,1.147773,53743156,52
0,756339697,0.938021,53745013,20
0,2874537241,0.906789,53746081,9
0,2234552149,0.915364,53749298,40
0,2936569313,0.815499,53750156,6
0,4137157513,0.877229,53753370,40
0,2732195989,0.824432,53753878,1
0,184900327,1.220752,53755777,21
0,1526573759,1.093750,53757079,12
0,3865914901,1.068458,53758352,12
0,1478573111,1.007782,53760670,27
0,2418462863,0.897044,53762305,17
0,3724654723,1.004385,53763021,4
0,3320958943,1.000976,53765567,30
0,3102273079,0.993141,53766641,9
0,461084629,0.938541,53771297,60
0,334627459,1.009718,53774930,46
0,2187281869,1.104854,53777395,29
0,2383088087,1.073928,53777972,2
0,1095591359,0.766103,53780320,23
0,366205951,0.884988,53781855,15
0,520250161,0.755837,53784428,15
0,1623652307,0.906250,53785958,13
0,966186391,0.944247,53786469,1
0,2958727259,0.839108,53787743,12
0,3440681383,0.984747,53790047,26
0,427360811,0.986728,53791895,20
0,3225631687,1.031250,53792896,8
0,2847357011,1.039738,53793831,7
0,3464556181,0.886090,53796715,35
0,2672552933,0.910550,53798358,17
0,804561829,1.094196,53800900,30
0,1665222023,1.047225,53802169,12
0,2741455397,0.911086,53802677,1
0,2624383031,0.778746,53805149,29
0,3078605323,1.101313,53807277,24
0,1426619981,1.078012,53813079,77
0,4135063091,0.963190,53815075,22
0,3017688131,0.942176,53816072,8
0,1429033201,1.095980,53818108,23
0,1814687431,0.884436,53819675,16
0,1437053393,0.908403,53820403,4
0,1831126169,1.002438,53823975,45
0,2005957601,0.836193,53825115,10
0,634006889,1.061581,53826245,10
0,1089369803,1.064795,53829969,47
0,1751447743,0.849517,53833474,44
0,254893451,0.784369,53835504,19
0,748908247,1.064795,53837426,21
0,3601029083,1.219151,53838369,7
0,3384338431,1.005357,53839100,4
0,3993933917,0.911086,53843580,56
0,2648334971,0.947859,53844526,7
0,3960342293,0.950432,53845310,5
0,1612605569,1.031250,53851111,77
0,4143361769,0.899761,53852465,13
0,2069463797,1.001951,53853395,7
0,722483947,1.048157,53854180,5
0,2098957871,0.786234,53857145,36
0,2648234767,0.824432,53858635,15
0,848449127,0.855246,53859281,3
0,1926206329,0.916963,53859796,1
0,1790267873,0.877229,53863246,43
0,1277933647,0.908403,53866695,43
0,4089638477,1.001951,53867924,11
0,2111372933,1.098205,53868939,8
0,1131558653,0.972272,53877949,123
0,2798647849,1.070284,53878603,3
0,177292417,1.125868,53879154,2
0,974142121,0.719429,53884097,60
0,3334093577,0.817294,53885844,4
0,2528229107,0.718750,53890383,55
0,27059689,1.073018,53891524,10
0,2832773617,0.843750,53892101,2
0,2564167589,1.081178,53893234,10
0,2439660829,0.822653,53894018,5
0,1074025651,0.732211,53894725,4
0,179924999,1.031723,53895508,5
0,615829499,0.948374,53896446,7
0,1671902347,0.963190,53899328,35
0,3306881491,0.784369,53900951,17
0,563076797,1.094196,53903846,35
0,3896461739,1.122393,53904638,5
0,1314418361,0.988212,53905358,4
0,2117192837,0.844329,53908668,41
0,1469960629,1.019823,53909461,5
0,3998579323,0.894864,53910258,5
0,4290478769,0.950432,53912652,28
0,3240011267,1.074382,53913643,8
0,2861838949,0.983258,53915269,17
0,1432082917,0.844329,53917744,29
0,2913403349,0.848367,53919790,23
0,583258421,1.111464,53921848,23
0,1625597713,0.975280,53922852,8
0,2104808779,0.801000,53925884,37
0,1078484929,1.073928,53929125,40
0,1624858567,0.872205,53930474,13
0,3692037919,1.097761,53932515,23
0,407141489,0.932801,53935523,37
0,1070657443,1.095534,53938700,35
0,3373967453,1.170520,53941881,39
0,44626753,1.017906,53942998,8
0,377715773,1.033615,53948989,79
0,1081429369,0.919621,53950677,18
0,1241790973,1.000488,53951688,8
0,3387234733,0.908940,53954998,41
0,235988021,0.956066,53955702,4
0,3553399457,0.970764,53957550,20
0,1754041357,1.126735,53958747,11
0,2972870851,1.000000,53962884,53
0,3263328361,0.978779,53967876,65
0,2199489389,0.908940,53969705,20
0,662804203,0.921743,53973563,49
0,2365567219,1.126735,53975263,18
0,3254323081,0.848942,53976333,9
0,1092714851,1.073928,53977183,6
0,1427771263,0.946313,53977767,2
0,2581445197,0.851240,53980251,29
0,424064089,0.789333,53981098,6
0,4293099731,1.099538,53984361,36
0,714858803,1.068458,53986220,20
0,336600661,1.064795,53988783,17
0,412792183,1.094643,53993047,50
0,1486992337,1.066170,53994468,14
0,3857133853,0.964709,53997844,42
0,1773444613,0.919621,53998770,7
0,261540259,1.206266,54000114,13
0,3815534231,0.806468,54003214,38
0,4041531883,1.072563,54005474,26
0,2716785241,0.910550,54008567,38
0,2037960643,0.952997,54009504,7
0,1961639959,0.876673,54012038,30
0,3823451347,0.907327,54013041,8
0,2539190443,0.788714,54013974,7
0,3305191583,0.814900,54014968,8
0,927423571,1.032197,54015908,7
0,432228913,0.895409,54017665,19
0,1077288253,0.824432,54019773,24
0,1111710077,0.939581,54024398,60
0,2370687547,1.197736,54028683,55
0,2178598343,0.816696,54029619,7
0,644144503,0.908403,54030201,2
0,1143043519,1.009718,54031485,12
0,1773090103,1.004871,54032287,5
0,1071082249,0.860369,54033358,9
0,3487078261,0.984747,54033946,2
0,1488065773,1.104854,54036906,36
0,2227833539,1.069828,54038730,20
0,3864271507,1.000488,54044275,70
0,1588376539,0.897044,54050519,80
0,3137559641,0.940101,54051178,3
0,1272641999,0.970764,54052748,16
0,2271626107,0.718750,54053402,3
0,2685339053,1.111903,54054112,4
0,1998849869,0.916963,54054835,4
0,854721443,1.043020,54055409,2
0,1362674189,0.911622,54057405,22
0,173775803,1.066170,54059932,30
0,2793645583,0.851240,54061693,19
0,3905731019,0.888841,54063958,26
0,1191799981,0.902471,54065881,21
0,1528177921,0.975280,54067213,13
0,2753815807,0.851240,54068077,6
0,2334483563,0.880563,54070415,27
0,1886849347,0.906250,54074551,53
0,2800783493,1.052341,54080847,84
0,787848329,0.970764,54083161,27
0,3347442823,0.876115,54083896,4
0,2757889019,1.098205,54084407,1
0,697834367,0.844329,54086955,26
0,3395512963,1.000488,54092539,59
0,2489565283,1.031723,54094955,26
0,2963154517,0.950432,54095531,2
0,975436691,0.818488,54096113,2
0,2202478301,1.110145,54097947,20
0,2539800503,1.191195,54100357,28
0,1398399539,0.877786,54101008,3
0,3992827019,0.895409,54102085,9
0,2342383741,0.789333,54103160,9
0,1561236503,1.132786,54108062,64
0,2583541729,0.791187,54110189,24
0,2067085817,1.074382,54115829,74
0,2211042973,0.806468,54119545,47
0,1782523403,0.988706,54122766,40
0,3043639603,0.891036,54123470,2
0,2516662061,0.699470,54124325,6
0,3461921129,0.944247,54125114,5
0,2165969789,0.893772,54128000,35
0,759157603,1.073928,54128514,1
0,2713711607,0.993632,54129179,3
0,2395317097,0.908403,54131510,27
0,437198123,1.095980,54132511,8
0,1521815359,1.000488,54134006,15
0,4027725271,1.158360,54136892,35
0,267142649,0.659960,54137397,1
0,2455242029,1.104854,54139149,19
0,2566941731,1.072563,54141507,21
0,2449973423,0.942694,54144003,29
0,1624863259,0.993141,54147203,37
0,2646541171,0.919621,54149545,27
0,3626145097,1.064337,54151029,15
0,628319299,1.031250,54151888,6
0,1430969989,1.058356,54158037,82
0,4224996271,1.027930,54161339,41
0,4044596993,0.883883,54162205,6
0,41237369,0.944247,54163827,17
0,3949510441,0.988706,54166428,31
0,606458551,1.037387,54167290,6
0,2363310419,0.813101,54167875,2
0,323152787,0.940101,54168803,7
0,3789743333,0.938021,54169879,9
0,3325993423,0.824432,54175257,71
0,799102567,0.822653,54182744,101
0,1991496259,0.906250,54184161,14
0,3737226319,1.101313,54187679,44
0,2408615023,0.987223,54191823,48
0,2268641033,0.866589,54195638,32
0,2361414521,0.784369,54196771,9
0,1246945201,1.127168,54198680,21
0,1985267651,1.094196,54202284,45
0,809609807,0.727528,54204059,19
0,2828323159,0.978779,54204708,3
0,2930939603,1.157094,54207102,26
0,1356044251,0.913227,54207971,6
0,382221953,1.280869,54208826,6
0,2676630941,0.972272,54209407,2
0,3028899539,0.659960,54212346,35
0,3968509141,1.189554,54212983,2
0,2218614199,1.000488,54216143,39
0,2295948427,0.799169,54218401,26
0,2811762089,0.977281,54219255,6
0,2023982929,0.687500,54220106,6
0,341431201,0.945797,54222006,21
0,1223116261,0.773714,54222793,5
0,694759447,1.008267,54224623,20
0,1645334359,0.942694,54226324,18
0,1767671723,1.090173,54229775,43
0,2098915211,1.000976,54232960,39
0,1089391027,0.915897,54236750,48
0,2919185963,0.946313,54239568,34
0,77969443,0.758416,54241104,16
0,3010747693,0.827388,54243494,28
0,2094783781,0.753248,54244584,5
0,308202701,0.911086,54245186,2
0,47324867,0.978779,54246868,18
0,2596925687,0.782499,54250097,37
0,872820029,1.073928,54253770,46
0,3855713669,0.952484,54255414,17
0,2013575237,0.908403,54257452,23
0,2552167333,0.759060,54259085,17
0,4203175817,0.815499,54262529,43
0,2234786101,1.104854,54270007,101
0,2926953349,0.910550,54270937,7
0,3713523841,0.877786,54271793,6
0,2330888267,0.891036,54274343,30
0,1051680691,1.039268,54276199,20
0,3701111473,1.000488,54276858,3
0,3877018127,0.988706,54278005,10
0,4002054181,1.075745,54279273,12
0,254880103,0.846639,54281804,30
0,4148565451,0.853531,54283082,12
0,928106317,0.859801,54284787,18
0,3877659943,0.936979,54288299,44
0,1921586879,1.133647,54290637,27
0,2089666499,0.875558,54291651,4
0,668950307,0.851240,54293782,24
0,993041087,1.024123,54295617,6
0,252591127,1.175100,54298931,38
0,2382640343,0.889391,54300696,19
0,2685353533,0.888841,54302948,25
0,2622821321,0.942694,54305212,26
0,3219492599,0.970764,54305824,2
0,941069539,0.736201,54306609,5
0,4282947191,0.888841,54307684,9
0,3632312401,0.877229,54311055,42
0,1205630791,0.757128,54312614,16
0,2813547637,0.915364,54315016,28
0,3618669037,1.126301,54315882,6
0,1065112759,0.920152,54317235,13
0,4267979141,0.944247,54318231,8
0,3197747621,0.944247,54319786,16
0,636945979,0.988706,54320442,3
0,1188641813,1.064795,54321089,3
0,1830998933,0.685366,54323277,25
0,2930321041,0.832682,54323783,1
0,480889093,0.875558,54326733,36
0,4282138307,0.928078,54330241,44
0,2084079601,0.902471,54331868,17
0,1795651063,1.009718,54334265,28
0,3376269587,1.073928,54336659,28
0,1995434593,0.991172,54344215,102
0,1588637207,0.915364,54346189,22
0,1805077031,0.797334,54346918,4
0,1070570483,0.946313,54347580,3
0,408190019,1.039268,54349770,25
0,1641629233,1.300165,54350352,2
0,785414303,0.866589,54351150,5
0,4082936509,1.137946,54355937,58
0,3995463683,1.138804,54356532,2
0,2579455391,1.103085,54357332,5
0,1530160067,1.033615,54358943,14
0,62087219,1.102642,54360286,13
0,1715133941,0.877229,54362264,22
0,1030342043,1.125868,54365146,35
0,2339219387,0.836777,54366569,14
0,2919924307,0.799169,54368888,27
0,2124234353,0.995105,54370239,13
0,3546216169,0.895409,54373288,37
0,280674739,0.787475,54374068,5
0,1692515521,1.066628,54375341,12
0,2304837853,0.773714,54376140,5
0,4052533739,1.074382,54377633,15
0,4152489283,1.007782,54379677,23
0,2051015683,0.969758,54380952,12
0,2596313719,0.815499,54382158,11
0,298638553,1.063419,54384619,29
0,1763084951,0.969758,54385898,12
0,852779801,1.094196,54386540,3
0,1602119003,1.135799,54388589,23
0,1319413987,1.062959,54393700,62
0,2649626939,1.081178,54396336,31
0,2101321841,0.940620,54397791,1
0,344766871,1.067086,54398824,6
0,2721085049,1.040677,54400738,20
0,2631291769,0.858664,54401537,5
0,3495682693,1.102642,54402255,4
0,392580731,0.822653,54402766,1
0,864898691,1.064795,54404245,15
0,2622616991,0.848942,54404910,3
0,1132981819,1.064337,54406955,23
0,3953588281,0.879453,54407609,3
0,1626570521,0.848367,54409670,23
0,1200401887,0.755190,54412081,28
0,1057037521,0.938541,54413360,12
0,1498280213,0.942694,54417286,50
0,523212341,0.919621,54418855,16
0,1421162647,1.107944,54420209,13
0,1699238171,1.016466,54425602,71
0,3344512139,1.017906,54426322,4
0,1836293497,0.975280,54427055,4
0,959867819,1.035974,54429452,28
0,746152877,0.619507,54431574,24
0,431334737,0.880563,54436335,62
0,334821841,0.953509,54440069,47
0,1088530049,1.002438,54440570,1
0,1330703047,0.802219,54441431,6
0,1540442389,0.911622,54442780,13
0,1899227929,0.676041,54443574,5
0,3857224307,1.115848,54445909,27
0,1356682583,0.822653,54448655,33
0,2694759601,1.063419,54449648,8
0,3873535277,1.012133,54450161,1
0,1013874793,1.004871,54451283,6
0,2671021253,1.066628,54456402,64
0,352541009,1.069828,54457406,8
0,176469679,1.012616,54460061,32
0,561185831,0.846639,54461826,19
0,3694174163,0.973276,54464156,27
0,794476883,0.972774,54467036,35
0,1993135561,0.891036,54470407,42
0,1138393903,0.991172,54471759,13
0,334509737,1.050019,54472680,7
0,1223286931,0.895409,54473542,6
0,2347979593,0.875000,54474191,3
0,3248111029,1.080726,54477487,41
0,1784637181,0.813701,54479340,20
0,558058769,0.938541,54479980,3
0,3101634761,0.879453,54481331,13
0,3488081819,0.889391,54482620,12
0,3775711081,0.981767,54486741,53
0,2600594333,0.939581,54487462,4
0,880500307,1.067086,54489577,24
0,2692390651,0.914830,54496646,90
0,553160317,1.006328,54498503,20
0,2772149539,1.032197,54501705,26
0,2027335151,0.879453,54504087,25
0,292023779,1.115848,54505584,15
0,1748737259,0.956066,54511962,85
0,364665643,0.963190,54512957,8
0,2853072857,0.852959,54515559,31
0,2996945641,0.722139,54518933,42
0,1865286701,0.938541,54519789,6
0,3394067839,1.068458,54521983,25
0,2791685839,1.079370,54524319,27
0,560107043,0.858096,54525734,14
0,2565764171,1.019823,54531763,80
0,284658607,1.187911,54533177,14
0,677767583,0.815499,54534312,10
0,4261567319,0.781875,54535174,6
0,2104393513,0.988706,54538759,45
0,1404247591,0.822059,54539966,11
0,2041281421,1.126301,54540836,5
0,2101669139,1.091068,54546170,69
0,687548767,0.858096,54548560,28
0,3927634847,0.996086,54551827,36
0,3824868239,0.852959,54555367,44
0,4109806703,0.968750,54558012,29
0,580134047,0.946313,54564520,87
0,574059397,1.095534,54565165,3
0,938460781,0.914830,54565897,4
0,863312543,1.033142,54567460,16
0,3801890201,0.889391,54572020,59
0,3604296061,0.976781,54573022,8
0,3936921161,0.858096,54574503,15
0,1160893781,0.889391,54575297,5
0,3681574769,0.882225,54575887,2
0,467914351,0.876115,54576895,8
0,1467207047,1.095980,54581241,56
0,52560863,1.003899,54583403,25
0,554583347,1.014061,54586226,34
0,1190211349,0.946313,54587084,6
0,670505071,1.079370,54588998,21
0,69412157,0.927551,54590330,13
0,3799254593,1.135799,54594179,49
0,1981144871,1.000000,54596380,25
0,3917823407,0.968750,54596963,2
0,3142571741,0.652519,54598759,15
0,2535047071,1.078012,54599938,10
0,1127356973,0.942694,54601208,12
0,3593122081,0.547544,54603878,17
0,2462609297,0.919621,54604508,1
0,2758724957,0.952484,54607008,29
0,1889982277,0.993632,54607934,7
0,1338684427,0.933847,54608445,1
0,3258999811,0.952997,54609081,3
0,30851521,0.950432,54610763,18
0,2641292803,0.997556,54611279,1
0,2443670533,1.037387,54611786,1
0,3758811379,0.904092,54612581,5
0,3935418419,0.944764,54619941,99
0,4147486943,0.997556,54623609,43
0,1755730189,1.108825,54627276,46
0,2927859959,0.853531,54630894,45
0,3598542511,1.010685,54633361,29
0,2758908613,1.095980,54634287,7
0,127219349,0.990186,54635344,9
0,858981749,1.094196,54636690,13
0,288744887,0.886090,54637552,6
0,4173646759,0.768648,54640785,40
0,3566686339,0.829745,54641299,1
0,2651952271,0.848942,54644481,39
0,4130328271,0.901929,54646418,21
0,2217502919,0.981767,54647695,12
0,2846082517,0.813101,54648980,12
0,3186954599,0.981270,54649704,4
0,2525908391,0.988706,54654094,50
0,3843462463,0.834439,54655128,8
0,2296886803,0.877786,54658083,36
0,85960247,0.944247,54661519,40
0,2246237479,0.937500,54662756,11
0,1533813901,0.946313,54663609,6
0,106868381,0.977281,54664529,7
0,4018216733,1.101756,54666155,17
0,945188191,0.864332,54667015,6
0,829878541,0.873883,54670943,50
0,28472533,0.883883,54673330,28
0,1979079283,1.003899,54675239,21
0,103135987,0.938021,54676297,9
0,3645981257,0.824432,54678395,24
0,3319421701,0.877229,54679114,4
0,2819627053,1.031723,54681140,23
0,487652591,0.975280,54685486,56
0,966049313,0.993632,54686564,9
0,3048052457,0.880563,54687217,3
0,2523468977,1.066628,54687930,4
0,3368150231,0.945797,54692150,54
0,1507328429,0.950945,54693072,7
0,3893479039,0.848367,54695469,28
0,3272930387,0.953509,54701057,69
0,915190963,0.925971,54702215,10
0,2413507183,0.705724,54707468,53
0,3168693673,1.127168,54710282,31
0,243791837,0.946313,54711005,4
0,1641153623,0.875558,54712135,10
0,1756806193,0.971267,54714249,24
0,2180237663,0.876115,54717569,41
0,3750832223,1.109265,54718292,4
0,3709422077,0.981270,54718882,2
0,2750244451,0.781875,54721142,26
0,3128598563,1.017906,54723250,24
0,3195955513,1.102642,54725295,23
0,3490482133,0.950432,54727278,22
0,1238510527,1.147773,54730867,45
0,1294172329,0.985738,54732549,18
0,399489947,1.095534,54736218,46
0,965728033,0.875558,54737627,14
0,923897539,0.910550,54740565,36
0,1402375627,0.981270,54746368,77
0,3614719481,1.127168,54747579,11
0,2725489549,0.839108,54748933,13
0,4283107943,1.017426,54755224,84
0,2510167129,0.827388,54757905,28
0,2305640209,1.035974,54761204,41
0,355168183,1.168432,54762002,5
0,3398173391,0.791187,54762925,4
0,3477857057,0.927551,54765603,32
0,3744567247,0.844907,54766546,7
0,3145336013,1.138804,54768883,27
0,28435201,1.085235,54771738,35
0,3432045689,1.094643,54774330,31
0,934415617,1.012616,54775176,6
0,1002331639,0.921743,54780256,66
0,3095236069,0.920152,54781606,13
0,785207653,1.075745,54785042,43
0,415425323,1.037387,54786943,21
0,2060248753,0.972774,54788152,11
0,2302934761,0.852959,54788887,4
0,3949089343,0.950432,54789400,1
0,2541990007,0.851240,54790121,4
0,3479542459,0.930180,54791127,8
0,3159852187,0.806468,54796313,68
0,3057061339,0.846639,54799961,46
0,3840817283,1.031250,54800680,4
0,716430443,1.035503,54809071,94
0,1517202277,0.844907,54810037,5
0,3026475379,0.875558,54811104,9
0,1857557011,0.762910,54814678,45
0,3226681883,0.753248,54815396,4
0,1103851019,0.889391,54817744,27
0,2634753181,0.813701,54819662,21
0,2421038849,0.829745,54820438,5
0,1684657213,1.244519,54825694,69
0,1937562311,1.005357,54826498,5
0,1665343717,0.908940,54829803,41
0,3494907371,0.844329,54831700,21
0,536516389,0.885539,54832427,4
0,2982523381,1.056047,54833295,6
0,3297710027,0.940101,54835010,18
0,3174931343,1.212323,54835886,6
0,2054589547,0.797334,54837238,13
0,3336775367,0.958107,54839704,29
0,3670314623,0.827978,54840993,12
0,2543845999,0.910550,54845735,61
0,2555246719,0.911622,54846393,3
0,1744076233,1.039268,54852142,76
0,3675601387,0.970764,54859238,90
0,1447015447,0.846639,54865295,67
0,3148845197,1.000488,54866586,10
0,1360358537,1.067086,54874549,105
0,1014147517,0.891036,54879897,70
0,3175403941,1.038798,54880967,9
0,1710697897,1.064795,54882386,14
0,770676083,0.848942,54882910,1
0,996965579,0.880008,54884766,20
0,2475601763,1.163407,54885426,3
0,3768115877,1.066170,54886426,8
0,2050909787,0.844329,54887784,13
0,4116971861,1.043488,54888503,4
0,3586104029,1.002438,54896773,112
0,4195490899,1.090173,54899890,38
0,1560562543,0.914830,54900964,9
0,3025587997,1.100870,54902590,17
0,250461977,1.000488,54906221,41
0,538087799,0.904632,54908349,24
0,3340069501,1.104854,54909638,12
0,1673141401,0.924387,54910144,1
0,815606299,0.886090,54912267,12
0,2106117647,0.914830,54914214,20
0,3020651833,0.783746,54915683,11
0,2964060367,0.971267,54916308,2
0,928037681,0.688919,54917466,10
0,730943131,0.915364,54918392,7
0,2581384469,0.623436,54921700,41
0,7005877,1.171771,54926175,58
0,56755549,1.281631,54929191,37
0,3196611697,0.987223,54931443,26
0,340490719,0.919621,54935036,45
0,337109569,0.991172,54936435,14
0,2531643409,0.937500,54937012,2
0,2938376453,1.004871,54937789,5
0,795016361,1.128467,54939438,17
0,2945992187,0.973777,54941496,23
0,2472681097,0.691042,54943404,21
0,1920937927,0.844329,54944064,3
0,3761751527,0.976781,54945630,16
0,3170109847,0.813701,54947045,14
0,2069826301,1.156250,54950705,46
0,263407757,0.919621,54953227,30
0,2835020219,0.799169,54954867,17
0,2491500107,1.021736,54955657,5
0,2011749359,1.067086,54957295,17
0,531613279,1.189554,54957950,3
0,3719970103,0.969758,54959721,19
0,1965612563,0.969758,54960876,10
0,203269159,0.938541,54961513,3
0,3293213423,0.829745,54962583,9
0,2887926271,0.897044,54966208,42
0,3539760073,0.835609,54967304,9
0,3501244583,0.978779,54969342,23
0,1147814201,1.100870,54972726,39
0,1843253197,0.915364,54973756,8
0,2323480909,0.832682,54976629,35
0,3249661991,0.827388,54979301,32
0,35645417,0.889391,54979940,3
0,676855831,0.937500,54983223,41
0,3993400633,0.882225,54985195,22
0,4243124363,1.095980,54988004,34
0,1780171213,0.946313,54989067,9
0,1655453273,1.008751,54991530,29
0,2562337487,0.942176,54992321,5
0,2227197823,0.869402,54999668,99
0,1745956879,0.981270,55000586,7
0,612260533,1.000488,55003182,31
0,4136926249,0.799169,55004183,8
0,2419225373,0.970764,55005385,11
0,4066615009,0.910550,55008146,29
0,1065702503,0.899761,55008755,2
0,859352719,0.659960,55013804,50
0,457388669,1.032197,55016499,30
0,1473191449,0.964203,55017648,10
0,571974541,1.035974,55020878,40
0,1824845041,0.755190,55021746,6
0,2321400769,0.880008,55023300,16
0,2915273539,0.939581,55023818,1
0,834096161,0.877229,55024944,10
0,935622161,1.159202,55026697,19
0,2185242593,0.801000,55027271,2
0,3719303053,0.913227,55033362,81
0,1089028091,0.848942,55035569,25
0,2971647491,1.000488,55039076,44
0,491033833,1.086134,55044378,70
0,3894426247,0.933847,55045161,5
0,3151960571,1.063419,55047499,27
0,2695959377,1.068458,55049914,28
0,656559523,1.004871,55050697,5
0,914577311,0.839108,55053870,39
0,1492451617,0.846639,55056193,27
0,2390819401,0.915897,55057245,9
0,3080664871,1.015505,55062294,66
0,1903642469,0.914830,55063314,5
0,3696416923,0.775605,55064271,7
0,2041729583,0.893772,55065643,13
0,3459368663,1.062959,55067699,23
0,3549906383,0.949404,55068362,3
0,1995107549,1.062959,55069525,8
0,3938073187,0.889391,55071372,20
0,96570619,1.043020,55072781,14
0,6733229,1.000000,55073554,5
0,1610830657,1.098205,55074612,9
0,1902492793,1.046292,55075901,12
0,1466835751,0.783746,55077393,15
0,3000203981,0.862070,55079299,21
0,3291593029,1.039268,55081342,23
0,1401996181,1.065254,55083253,21
0,2018217241,0.911622,55084323,9
0,185733161,0.815499,55085644,13
0,4273850569,0.964709,55086229,2
0,1863072319,0.940101,55088975,33
0,3357434791,0.886090,55090320,13
0,1375228931,0.956577,55092363,23
0,2332676057,0.864332,55094195,20
0,4033029151,0.705032,55094981,5
0,93557701,0.852959,55098334,42
0,1625995001,1.032197,55106049,104
0,1896121649,0.915364,55109701,46
0,3794401409,0.973276,55116325,66
0,1380592039,0.801000,55123649,92
0,1653185189,0.786234,55125660,22
0,842459369,0.944247,55130414,62
0,2354421541,0.827978,55135182,62
0,502877069,1.067086,55137984,34
0,3452224577,0.908403,55139830,20
0,946214077,0.876673,55141537,18
0,2387111411,1.046292,55142753,11
0,2171645317,0.796722,55144578,20
0,1194009673,1.050019,55147735,39
0,3508862717,0.752600,55153212,72
0,2303184839,1.075745,55155341,24
0,2515535051,0.846639,55160029,61
0,888888907,0.973777,55160544,1
0,696929339,0.940101,55162792,26
0,315641701,1.095534,55165942,39
0,1254637151,0.799169,55170591,56
0,1218754073,1.047691,55171459,6
0,1750889429,1.008267,55173357,18
0,3758835323,1.069828,55174094,4
0,2398677937,1.002438,55177258,39
0,4065854119,1.097761,55181323,52
0,1240484341,1.037387,55183086,19
0,1116009373,0.846639,55184786,18
0,1272418837,0.945797,55191650,92
0,3911819719,0.875000,55194599,36
0,1580185157,1.032669,55198116,44
0,3857829553,0.945797,55199465,13
0,3877095389,0.875558,55202079,31
0,2504994209,0.938021,55203210,10
0,3392349839,1.012133,55203999,5
0,1284690193,0.877229,55205001,7
0,3524935163,1.079370,55206093,9
0,2343490117,0.940101,55206675,2
0,1884973213,0.877229,55208026,13
0,3071905183,1.006328,55209237,11
0,1766937457,0.973276,55210440,11
0,3450725141,0.836193,55211164,4
0,1352975033,1.073928,55214623,39
0,2233656239,1.068458,55215294,3
0,401286923,0.908403,55216980,5
0,239958067,1.039268,55218205,6
0,3107351803,0.977281,55219796,16
0,3132913447,0.944247,55221164,13
0,351362551,0.808886,55223702,30
0,1524991283,0.889391,55224636,7
0,1967309497,1.064795,55225213,2
0,3647143207,1.212323,55225807,2
0,3836226841,0.945797,55228336,30
0,1117923427,0.934370,55233296,65
0,2121913159,0.964203,55234580,12
0,555757669,1.039268,55235284,4
0,383275649,1.127168,55235854,2
0,3912254729,1.067086,55237061,11
0,208805297,0.844329,55238191,10
0,3635036303,1.191605,55241919,47
0,2372658247,0.944247,55242503,2
0,3302465197,0.711238,55244701,25
0,1543301471,1.161727,55245996,12
0,3786024439,1.000976,55246789,5
0,4029277753,1.039268,55247869,9
0,2985170429,0.897044,55249706,20
0,1317845791,1.070740,55250228,1
0,2323653889,1.000976,55253050,34
0,3711584119,0.806468,55254055,8
0,3680921687,1.009235,55254709,3
0,1450747807,1.070284,55255867,10
0,1902784159,0.844329,55264882,123
0,3738133127,0.850666,55265833,7
0,4009703987,0.793652,55266425,2
0,2147333191,1.001951,55267164,4
0,893718643,0.659960,55268318,6
0,773770369,1.219151,55270034,18
0,1952367961,0.827388,55273602,42
0,4278993493,0.915364,55274201,2
0,2091903293,0.902471,55275007,5
0,1829406211,1.194878,55275996,8
0,534705781,0.904092,55277076,9
0,3901215671,0.784369,55278358,12
0,3876915689,0.920152,55279493,10
0,367674443,0.908940,55280559,9
0,1068176009,0.820275,55281414,6
0,2005632011,0.975280,55281930,1
0,4207980523,1.062959,55286079,53
0,2221333493,0.911622,55286662,2
0,1734271291,0.820870,55288291,17
0,73436299,0.880563,55289407,10
0,2647031249,1.035974,55289928,1
0,3443136313,0.911622,55291072,10
0,2503156499,0.988706,55293324,26
0,2086445453,1.017906,55295229,21
0,1000476391,0.796722,55295740,1
0,180378427,0.970261,55297361,17
0,3795914179,0.855246,55298003,3
0,2875554361,0.853531,55299697,18
0,2399719529,0.820870,55301882,25
0,2475504653,0.783746,55302598,4
0,2623629779,0.907327,55303527,7
0,1361244629,1.054659,55305509,22
0,2619615569,0.849517,55309158,46
0,578324543,0.827388,55310427,12
0,154471399,0.842012,55311006,2
0,2280608753,0.939581,55314132,38
0,1328277217,0.915364,55315702,12
0,4188988457,0.925443,55316661,7
0,3388904947,1.075745,55318154,15
0,397108651,1.198143,55319850,4
0,2338023749,0.824432,55322558,30
0,378586777,0.888841,55324038,15
0,2073287653,0.872205,55324976,7
0,2767294163,0.732211,55326045,9
0,2199634837,0.915364,55326623,2
0,3415435019,0.659219,55329873,40
0,1820710043,0.988212,55334424,59
0,351170669,0.995105,55335214,5
0,2413508947,0.846639,55336298,9
0,4126313617,0.822059,55339612,41
0,3136835929,0.844329,55340895,12
0,274441721,1.000488,55343205,27
0,1876580791,1.012133,55344149,7
0,4113605533,0.981270,55350122,79
0,3984091229,0.877786,55350776,3
0,3151715129,1.104854,55353610,34
0,420847589,0.893772,55355019,14
0,6615289,1.067086,55357459,29
0,2522854303,0.908940,55360274,34
0,1292328803,1.105296,55361921,17
0,114964481,0.796722,55362409,1
0,1582337087,0.981767,55364374,21
0,4009044583,0.756482,55366644,26
0,1453691251,0.973777,55367781,10
0,1976002513,0.793652,55369362,16
0,343620839,1.008751,55370430,9
0,3593605861,0.948374,55372739,22
0,2616473719,0.916963,55373350,2
0,705689071,0.969254,55376032,32
0,809509751,0.846639,55377018,8
0,920859101,0.932801,55379068,20
0,2079021011,0.783746,55380370,12
0,1205431697,0.793652,55385824,72
0,2965222709,0.751301,55389074,40
0,2907826547,0.907327,55391396,27
0,3178129849,0.844907,55395537,53
0,3010616489,0.817891,55396605,9
0,1010488319,0.971267,55397824,11
0,3908215547,0.843750,55398341,1
0,3586938449,0.875000,55399064,4
0,1663342607,1.164665,55403689,60
0,598417403,0.786855,55404561,6
0,1922936969,0.822653,55405066,1
0,79866623,0.978779,55406060,8
0,4036154033,0.919621,55406852,5
0,139904819,0.915364,55408054,11
0,2344967887,0.914830,55408641,2
0,1541248463,0.876115,55411850,39
0,240773651,0.880008,55414243,28
0,1729302829,0.970764,55415374,10
0,4048518631,1.128467,55416451,9
0,2344359781,0.910550,55421862,54
0,746252021,0.981767,55422603,2
0,1822848689,0.972272,55423186,2
0,2451837943,0.709864,55424251,9
0,20610433,1.144365,55425087,6
0,23142277,1.019344,55428984,50
0,3666739907,1.059278,55429491,1
0,3838038227,0.906789,55435257,76
0,2899191913,1.288471,55439837,59
0,386997619,0.775605,55443620,48
0,412182347,0.797334,55446206,31
0,1185311821,0.906250,55447136,7
0,727582211,0.713295,55454068,93
0,2997317789,0.884436,55455140,9
0,3690201059,1.035031,55457478,27
0,3483335477,0.993632,55459606,24
0,3257418959,1.047225,55462133,30
0,255361213,0.848942,55463056,7
0,508982081,0.988706,55464046,8
0,886146007,0.944764,55464971,7
0,221543713,0.879453,55466454,15
0,2744809423,0.955044,55468711,26
0,492678481,0.889391,55469569,6
0,3239349151,1.023646,55470357,5
0,468048271,0.958616,55471569,11
0,2506959841,0.958107,55473453,16
0,2651075593,0.864897,55475645,25
0,1900788503,0.843750,55476438,5
0,2777257591,0.891584,55478367,19
0,3121170509,0.844907,55479103,4
0,2577089503,0.969758,55483969,63
0,3138789209,0.787475,55485322,13
0,3307153723,0.725512,55487016,18
0,1814135473,0.916963,55487810,5
0,1929178093,0.802219,55489029,11
0,313148753,1.000976,55492541,44
0,807687871,1.008267,55496605,52
0,4155279967,0.792420,55498314,18
0,2035555531,0.915364,55500930,31
0,3115632907,0.768648,55501650,4
0,3249885839,0.906789,55502661,8
0,2357318813,1.000488,55506573,50
0,2820820193,0.978779,55509030,29
0,3444133631,1.099538,55513024,51
0,156883423,0.908403,55516079,37
0,897767279,0.818488,55517217,10
0,3354879361,0.977780,55518848,17
0,2942150329,0.915364,55519435,2
0,1922302391,0.792420,55520652,7
0,835638491,0.866589,55526507,61
0,554206651,0.768648,55528083,14
0,2589313073,0.953509,55529492,14
0,2139484079,0.849517,55531137,17
0,988456849,0.961668,55533733,31
0,96215321,1.097316,55534712,8
0,1282011707,1.074382,55535232,1
0,4069189489,0.827978,55536368,10
0,4150973219,1.135799,55537649,12
0,602901763,1.110145,55538999,13
0,3635432363,0.853531,55541606,31
0,1679386133,0.957597,55544009,28
0,1628731967,0.786234,55547030,37
0,3611686697,0.834439,55547900,6
0,3575795063,0.844907,55549323,14
0,2219517497,1.097316,55550450,10
0,392311279,0.849517,55554166,47
0,3093675899,0.921213,55555453,12
0,3486144481,0.670966,55556457,8
0,105641089,0.942694,55557227,5
0,3375665351,0.950945,55559775,29
0,2952935621,0.908940,55562303,29
0,4115452477,1.125434,55564212,21
0,596593873,1.067086,55566251,23
0,682296691,0.981270,55569410,39
0,3604987027,0.891584,55570355,7
0,2996875069,0.791804,55572914,30
0,1916432731,0.914830,55576157,35
0,596970229,1.054659,55578520,27
0,63986911,1.063419,55579160,3
0,1689780373,0.766740,55580007,6
0,968057743,0.797334,55581155,7
0,207292627,0.823246,55582866,18
0,3790195319,0.895409,55583591,4
0,2017391771,0.879453,55585642,23
0,3719536987,1.064337,55586160,1
0,756274451,0.942694,55586882,4
0,2977087513,0.756482,55587385,1
0,445719133,0.932801,55589635,26
0,1465879409,0.906789,55590216,2
0,2512318247,0.921743,55591928,18
0,3265170179,1.070740,55592504,2
0,467619679,0.844329,55595546,37
0,1115161013,1.095980,55599659,53
0,1075280803,1.021736,55600169,1
0,3922340887,0.944247,55600679,1
0,935006923,0.848367,55601349,3
0,2897447669,0.789333,55602351,8
0,3915777181,1.032197,55604403,23
0,913309561,0.895409,55606470,23
0,2750283241,0.964203,55607550,9
0,814925519,0.817891,55610698,39
0,676861193,0.851240,55611547,6
0,376576957,0.970764,55615691,53
0,3625868209,0.983258,55622678,89
0,101586593,1.290742,55623461,2
0,340186981,0.965215,55624050,2
0,1442196817,0.762910,55626525,16
0,3248972443,1.002438,55627477,5
0,1765398647,0.911086,55629093,15
0,3231512093,1.170520,55629621,1
0,752767333,0.970764,55631728,24
0,2232668173,1.255068,55632863,10
0,432429197,0.848367,55633643,5
0,513434263,0.878342,55638412,62
0,1449167303,0.952484,55641126,32
0,1005195311,0.694566,55644067,36
0,3138313949,1.024123,55645219,10
0,1365499963,1.086584,55645805,2
0,3565830041,0.784369,55646455,3
0,3467108893,0.984747,55647179,4
0,1820302019,1.095980,55647841,3
0,3278121491,1.167178,55648915,9
0,2558923457,1.097316,55652763,49
0,3577621237,0.787475,55653695,7
0,4048221311,1.029354,55654708,8
0,4113396673,1.171771,55656709,22
0,4008412217,1.020780,55658916,25
0,3558366377,0.822653,55660257,13
0,1579179671,0.932801,55660846,2
0,2573146691,0.916963,55661563,4
0,2505071117,1.105296,55663897,27
0,2240909299,0.841432,55665523,17
0,833666377,0.745429,55667502,22
0,2387047787,0.950945,55669007,15
0,755299399,0.858664,55670485,15
0,238720169,1.160465,55671754,12
0,2985119113,1.222750,55672263,1
0,123539863,0.827388,55672908,3
0,99064907,0.895409,55674522,17
0,827619161,0.765466,55675446,7
0,2657419777,1.204241,55681353,72
0,3502242383,1.009235,55684495,38
0,1028033717,0.985738,55690275,74
0,3985431929,0.844329,55691717,14
0,853454837,0.940620,55693146,14
0,637725643,1.004871,55693792,3
0,443275177,1.122393,55695009,11
0,3719854757,1.071652,55697131,24
0,3455815183,1.008267,55697650,1
0,2826464899,0.758416,55700064,28
0,3107635871,1.003899,55701151,9
0,2828055917,1.002438,55703559,28
0,3030860083,0.919621,55704068,1
0,1040255107,0.820275,55705403,13
0,3122080457,0.969758,55709051,46
0,2294810983,0.852959,55710040,8
0,3437503247,1.070284,55711242,11
0,1346527027,1.069828,55712028,5
0,2258990849,0.834439,55712603,2
0,2235708619,0.981270,55713247,3
0,21944843,0.969758,55716899,46
0,739588771,0.844907,55719004,24
0,1408683709,0.946313,55719942,7
0,2504436257,1.050483,55724870,59
0,3301497499,0.727528,55726328,14
0,2466101947,0.924387,55735568,110
0,4092451873,1.028405,55739986,54
0,4170469559,0.906789,55741122,10
0,333433601,0.899761,55742318,11
0,605725481,1.035503,55743093,5
0,710628619,1.078012,55744654,16
0,3011195017,0.791187,55745654,8
0,2766588031,0.964709,55747359,18
0,522207473,0.884436,55749804,29
0,3945615931,1.068458,55751230,14
0,4026837053,0.844329,55752290,9
0,1807515491,0.938021,55757137,63
0,2433559313,1.010685,55758060,7
0,1431753223,1.048157,55759557,15
0,2893378199,1.050019,55760073,1
0,1651003163,0.784369,55761995,21
0,494704039,0.985738,55766612,60
0,940420589,0.597030,55770883,55
0,1765142437,0.891036,55772163,12
0,1426586323,1.040677,55775501,41
0,2215428769,0.971267,55776699,11
0,3259924313,0.977281,55777289,2
0,1967781869,0.969758,55777949,3
0,928835821,0.851240,55779227,12
0,3993872461,0.862070,55779815,2
0,3728330329,0.928078,55780330,1
0,120157291,0.846062,55781039,4
0,1260862051,0.823246,55784711,39
0,1644242959,0.904092,55785723,8
0,2821000181,0.915897,55787000,12
0,318601967,0.908940,55787656,3
0,804027713,1.221951,55788625,5
0,2071040509,0.814900,55789862,11
0,996053899,0.978779,55792815,36
0,3889721177,0.879453,55795631,34
0,1396552427,0.786234,55796920,12
0,3781729823,1.009718,55797856,7
0,106299071,0.844907,55801794,50
0,1476640813,1.189144,55804044,26
0,3861334091,0.822059,55805959,21
0,2502429887,0.884436,55806675,4
0,3760546003,1.005357,55808160,15
0,1625779777,0.970764,55810421,26
0,1361844791,0.946829,55815413,65
0,759151177,0.854103,55817044,17
0,1504454681,1.082983,55822072,66
0,2037119473,0.988706,55824329,26
0,1643192437,0.908403,55825252,7
0,2104366739,1.073018,55827414,20
0,2974322489,0.897044,55829133,18
0,1042626569,0.880563,55834456,57
0,2990887541,0.944764,55837316,32
0,4284636661,0.986728,55838671,13
0,1601976787,1.000488,55839691,8
0,948079633,0.768648,55843467,48
0,1163439947,1.047225,55844951,15
0,4221656729,0.999023,55847349,28
0,3782944777,0.817891,55848273,7
0,2921262151,1.195695,55850324,23
0,4260538141,1.099538,55851968,17
0,1233043529,0.994614,55853029,9
0,4167008539,0.872205,55855766,33
0,1053119219,1.009718,55857685,21
0,797068777,1.094196,55858898,11
0,2771784863,0.880008,55860382,15
0,1298768749,0.873324,55862492,24
0,2184304307,1.020780,55865041,30
0,3549769409,0.975280,55865964,7
0,727809029,0.858096,55866747,5
0,2273314391,1.047225,55867527,5
0,1243417433,0.872205,55868589,9
0,3138247999,0.911622,55869667,9
0,2993362423,0.977281,55870600,7
0,1519807711,1.167178,55871536,7
0,1987811149,0.644235,55872054,1
0,153716869,1.004871,55872836,5
0,2119731431,1.115848,55873557,4
0,2491212463,0.950945,55874420,6
0,3770208007,0.873324,55875216,5
0,2488644559,0.848367,55876010,5
0,175389763,0.981767,55876995,8
0,2406896207,0.796722,55877509,1
0,1948107149,0.848367,55878506,8
0,1082941819,1.073018,55883936,68
0,3962214203,0.950945,55885156,11
0,620835713,0.761629,55886562,14
0,2237359829,0.906789,55887580,6
0,3277193677,0.908940,55890907,41
0,3593487757,1.073928,55892039,10
0,4271929703,1.125434,55893952,21
0,749810387,1.031250,55896134,25
0,4077552077,0.877786,55898177,23
0,1801476293,0.978779,55900352,25
0,1717853603,1.104854,55901849,15
0,3814737631,0.883883,55907170,70
0,911322017,0.989199,55908789,17
0,58409453,0.944247,55910622,20
0,1924219081,0.858664,55911479,6
0,810457073,0.897044,55912542,9
0,1241691037,0.959126,55915922,42
0,1196377487,1.093750,55916506,2
0,3149530519,1.043020,55917302,5
0,3879063931,1.047225,55919918,31
0,929702321,0.970764,55925039,67
0,928656793,0.722139,55926177,10
0,1259700413,0.956577,55932388,78
0,4095816217,1.048623,55934248,5
0,159883211,1.148198,55938102,47
0,425814307,0.783746,55939090,8
0,3952610093,0.783746,55939957,6
0,3857766013,0.696672,55941879,21
0,2110342999,1.039268,55943091,11
0,1455525413,0.853531,55945481,28
0,2492401391,1.061120,55949912,57
0,1251595061,1.054196,55950492,2
0,2977802539,0.970764,55951360,6
0,3926311199,0.846639,55954815,43
0,1748700817,0.851240,55956571,19
0,709791311,1.099538,55957636,9
0,4054776287,0.908940,55959000,13
0,1024237499,0.834439,55959654,3
0,1060458601,0.796109,55960926,12
0,1646739581,1.033615,55962840,21
0,2241511343,1.061581,55964751,21
0,1887801793,1.000976,55966919,25
0,1737927329,0.808886,55967496,2
0,4242369823,0.919621,55970327,34
0,220434919,0.944247,55972085,19
0,925135259,0.958616,55975040,36
0,514471831,1.281631,55975690,3
0,39174059,0.940101,55976269,2
0,853809839,0.797334,55976994,4
0,1020763747,1.032197,55977932,7
0,844408321,0.975280,55979121,11
0,4014749549,0.848942,55982855,47
0,1337172769,0.958107,55986096,36
0,2846841979,0.688919,55988245,24
0,1009345793,0.933847,55989710,12
0,880962143,1.061581,55991352,17
0,1672117903,0.727528,55992081,4
0,4145981501,0.975280,55995263,39
0,1529396417,0.813101,55997239,22
0,2713380377,1.004871,55998244,8
0,4115211019,0.970764,56001538,41
0,2270172869,0.971267,56004345,34
0,4275165613,0.813101,56005706,13
0,359307349,0.958107,56006770,9
0,4136685967,1.127168,56008959,25
0,2994765547,0.886090,56011706,33
0,2284905617,0.956577,56012283,2
0,4006793317,0.782499,56016641,56
0,3257701427,0.844907,56017216,2
0,547159343,0.817294,56017874,3
0,3422546329,0.972774,56021054,39
0,3358536791,1.047225,56022747,18
0,950626591,0.991172,56024671,21
0,791643737,1.108825,56025745,9
0,2890271047,0.876115,56027026,12
0,1478160751,1.012616,56028867,20
0,1774160053,0.858096,56030216,13
0,4199065319,1.353165,56032928,28
0,502794371,0.789333,56034065,10
0,2621390047,1.195695,56037222,25
0,1177217443,0.911086,56039474,20
0,2570329921,1.061581,56040683,11
0,2143186189,0.983258,56041280,2
0,2823240479,0.775605,56042002,4
0,2510242981,0.942694,56042999,8
0,3035672417,1.128899,56043864,6
0,1299596581,0.657736,56045137,12
0,595654711,1.017906,56047394,26
0,4258022969,0.981270,56052650,69
0,3033409,0.722139,56054030,14
0,3069664139,0.846062,56054690,3
0,852290261,0.880563,56057013,27
0,2152497953,1.024123,56058703,18
0,3897372221,0.823246,56059361,3
0,4157677351,1.239408,56061911,30
0,3009837137,1.251952,56063463,16
0,682974967,0.732211,56064256,5
0,3712010821,0.908940,56064908,3
0,1485972667,1.116723,56066821,21
0,3968760049,0.766740,56067959,10
0,565391023,0.853531,56068757,5
0,2462868971,1.010685,56069844,9
0,3285663569,0.976781,56075376,73
0,2385195061,1.066628,56075951,2
0,2037185617,0.895409,56080179,54
0,210777473,0.952484,56082551,28
0,2760175069,1.067086,56083690,10
0,1848082477,0.893772,56086815,38
0,3998667989,0.971267,56088620,15
0,2388947101,0.954021,56091474,34
0,1507586893,0.820870,56092271,5
0,190032119,0.815499,56094474,23
0,974655431,0.888841,56095219,4
0,555475363,1.113658,56099436,54
0,2611584901,0.970764,56100931,15
0,921792103,0.844329,56104113,39
0,397208683,1.033142,56104692,2
0,2512664939,0.820275,56106251,16
0,819505279,0.940101,56106837,2
0,2291426237,0.981270,56107346,1
0,3313954837,0.820275,56108139,5
0,2392232377,1.094643,56111431,41
0,2682832739,1.035974,56114395,36
0,1354673561,0.950945,56115262,6
0,3455949143,1.156672,56116842,16
0,986168089,0.914830,56119868,37
0,3508776773,0.849517,56121490,17
0,4280673373,0.829745,56124160,31
0,1329422821,0.977281,56124915,4
0,934284899,1.064337,56126325,14
0,1995682219,0.814900,56130756,57
0,1799773543,0.883883,56131625,6
0,1152416423,0.846062,56133037,14
0,268487237,0.855246,56136195,35
0,3900129553,0.939581,56137292,9
0,1907312723,1.001951,56137885,2
0,2615057219,1.173020,56139680,4
0,569311781,0.873883,56141066,13
0,1086040063,1.115848,56141862,3
0,3406995227,0.850092,56144895,37
0,1655549587,0.797334,56147788,35
0,2679430427,1.129332,56150052,26
0,4261650377,1.073018,56152026,22
0,1247182171,0.771185,56154568,30
0,791115397,0.902471,56158140,45
0,1480832077,1.021736,56159342,11
0,3429628151,1.080726,56163762,57
0,3150053611,0.973276,56165739,22
0,3460536601,1.000488,56166598,6
0,1740735377,1.012616,56167380,5
0,2154039431,0.906250,56167884,1
0,1491950543,1.098205,56168894,8
0,2853033461,0.901929,56169757,6
0,1997146381,1.221951,56171240,15
0,3872011973,0.958616,56174053,34
0,2112209479,0.967237,56176383,27
0,2264148833,1.039268,56178005,17
0,476113103,1.178005,56180385,28
0,1606345483,0.741488,56182042,17
0,2464371827,0.960652,56184644,31
0,3005024419,0.825615,56186409,19
0,649696669,1.016466,56188044,17
0,2570105323,0.923330,56195261,92
0,321586747,0.718750,56196619,13
0,1505264461,0.974780,56201911,67
0,1141165187,1.035974,56202995,9
0,1953187939,0.960652,56203998,8
0,136891207,0.973276,56204703,4
0,3431284247,0.944247,56207248,28
0,1371864883,0.846639,56208266,8
0,338934623,0.851240,56211140,35
0,4232003767,0.848367,56213256,24
0,1835480593,0.844329,56214110,6
0,3889696309,0.946829,56214836,4
0,3153710111,1.017426,56229146,198
0,3064234741,0.844907,56230359,11
0,1435084949,1.066628,56232061,18
0,1770265643,1.008267,56232635,2
0,3884646377,0.880008,56234547,21
0,4216185653,1.043488,56238562,47
0,2321261671,1.043020,56239377,5
0,1209754597,1.144365,56240026,3
0,2219936119,0.791187,56241787,19
0,2283371141,0.968750,56244036,26
0,2553481727,0.950432,56250222,66
0,3978245827,1.008267,56252811,28
0,3095069281,0.836777,56253523,4
0,2608245557,1.002438,56259432,78
0,519009331,0.936979,56259949,1
0,3496687703,1.067086,56261640,18
0,822035113,1.105296,56263118,15
0,1544326759,0.927551,56263842,4
0,2892383071,1.073928,56264848,8
0,626195917,1.305786,56266193,13
0,3987772619,1.012616,56267054,6
0,101155889,0.939581,56268303,12
0,3681715049,1.284295,56269438,10
0,2975953133,0.886090,56270305,6
0,3369661291,0.918559,56271446,10
0,958638271,0.950432,56275227,48
0,599422247,0.969758,56275954,4
0,1840201427,1.024123,56278080,24
0,2473471601,0.743461,56282276,54
0,1939229771,1.176761,56286196,50
0,3546149897,0.827978,56291028,63
0,3489536213,0.910550,56293647,31
0,3558645991,1.012616,56294295,3
0,1723260139,0.952484,56295024,4
0,2962698733,0.989199,56295960,7
0,1797877673,0.877229,56298150,25
0,124651613,0.958107,56298861,4
0,412912103,0.980772,56301241,23
0,2431158469,1.003899,56301978,4
0,3543577031,1.004871,56303118,10
0,3453567037,0.908940,56304391,12
0,889859023,0.833854,56306862,26
0,1614090047,0.848367,56310307,43
0,3900360523,0.833854,56315079,62
0,3524472059,1.104854,56319706,60
0,2713402169,1.049554,56320718,8
0,2864176171,1.075745,56322493,19
0,4099044979,1.040677,56326853,56
0,2488448113,1.131923,56327771,7
0,4150194703,0.908940,56329903,24
0,3847619987,0.916963,56330620,4
0,2750019581,0.975280,56331214,2
0,2816127421,0.791187,56333492,26
0,1879171111,0.914830,56334139,3
0,4165518607,1.038798,56336905,33
0,833734073,0.853531,56337548,3
0,3086320837,0.925443,56340948,38
0,985221871,1.043488,56344635,30
0,2049428873,0.750651,56348318,44
0,4061852077,0.875558,56348911,2
0,894507787,0.880008,56349487,2
0,2199157973,0.862070,56355554,80
0,3190308883,1.097316,56358575,37
0,531590197,0.786855,56359295,4
0,4132211627,0.902471,56359817,1
0,450042161,0.989199,56360387,2
0,99084383,0.902471,56361657,12
0,1667388433,1.037387,56363061,14
0,1207368887,0.864897,56364695,17
0,2122023031,0.946313,56368282,45
0,2469031063,0.876673,56370399,24
0,2477373389,0.977281,56375233,63
0,634689199,0.923330,56378066,34
0,4176611839,1.008267,56378792,4
0,521738453,0.719429,56379442,3
0,1325695157,0.796722,56384298,63
0,1773366523,1.017906,56384893,2
0,3230048153,0.944764,56386866,22
0,2857544821,0.738188,56389045,25
0,2150492627,1.144365,56390467,14
0,3461629201,0.971267,56392219,19
0,1694646671,1.016466,56395295,35
0,2096181907,0.964203,56396394,8
0,1442884753,1.262438,56398667,26
0,2961578423,0.888841,56400242,16
0,673974493,0.975280,56402076,17
0,862086653,0.994614,56404359,26
0,3274234039,1.035031,56405496,10
0,4270649393,1.043020,56406786,12
0,985283869,0.852386,56409824,37
0,2331042667,1.050019,56411738,21
0,2202484729,0.792420,56412949,11
0,3650668157,1.066170,56414935,22
0,3971557571,0.997556,56418996,52
0,194926829,0.894864,56419710,4
0,3297522061,1.031723,56420922,11
0,178970551,1.063419,56422691,19
0,1519108477,1.119343,56424129,14
0,112171517,1.095980,56424921,5
0,1015957177,0.848367,56425635,4
0,2900312131,0.876115,56426770,10
0,601613591,0.936979,56428124,13
0,935208149,0.940101,56430025,21
0,3718880117,0.844329,56430682,3
0,2719528699,0.977281,56431904,11
0,264287557,0.950432,56439516,103
0,1143044489,0.802219,56442006,25
0,4181581081,0.846062,56443032,8
0,2218478749,0.876115,56444657,17
0,4026615143,0.783746,56446350,2
0,325016099,1.035031,56447089,4
0,509329097,0.919621,56448016,7
0,970492043,0.973777,56450895,35
0,2147248451,0.829745,56451702,5
0,533585009,0.920152,56456562,63
0,3972133481,0.911622,56458608,23
0,3297200591,0.813101,56461140,30
0,3090541019,1.105296,56462007,6
0,3872430307,0.908940,56463845,20
0,1214152547,0.919621,56464361,1
0,3838496491,0.981767,56466211,20
0,494802823,0.942694,56470486,55
0,1926863989,0.911622,56472956,29
0,1111528471,0.916963,56474428,15
0,2786595947,1.067086,56475989,16
0,2637454481,1.086134,56476497,1
0,2965776581,0.683225,56479656,39
0,2722752239,0.908940,56481502,20
0,1256489141,0.888841,56486069,59
0,659866723,1.010685,56487757,18
0,872746997,1.004871,56488827,9
0,2842952963,0.730208,56490446,17
0,2140569503,0.818488,56492572,24
0,1855661527,1.077106,56494075,15
0,3126616483,1.055584,56498185,48
0,3690076009,0.947859,56499058,6
0,1324678357,0.952484,56499785,4
0,1727579647,0.889391,56500383,2
0,3577833929,0.942176,56504205,46
0,2969009501,0.813101,56504951,4
0,3151239367,0.815499,56507349,28
0,1384463167,0.940101,56508844,15
0,1156261619,0.787475,56509851,8
0,1566755077,0.977281,56512104,26
0,129466559,0.863202,56514572,29
0,3805067327,0.950432,56515934,13
0,1602456727,1.000000,56520562,60
0,1453538243,0.818488,56525910,70
0,61609357,1.168432,56528140,26
0,2598740341,0.973777,56531578,43
0,1122871361,0.938541,56532427,6
0,4003371049,1.008267,56535747,41
0,1854863513,1.104854,56539956,54
0,794923993,0.844329,56540673,4
0,3977953999,1.075745,56541404,4
0,3378547817,0.945797,56545465,47
0,4075289221,0.722139,56546363,6
0,3437700433,1.095534,56548831,15
0,2775676487,1.098205,56549779,4
0,423208871,0.799169,56550717,6
0,1685232511,1.048157,56551939,11
0,2055865307,0.888841,56553629,18
0,4084718993,0.932801,56554215,2
0,834592921,0.915897,56555625,14
0,3430035071,1.043488,56556850,11
0,58244561,1.116723,56557557,4
0,2684932207,0.938541,56558478,7
0,3592860541,0.872205,56564226,76
0,2195417843,1.031250,56569812,73
0,2001389353,1.175100,56570532,4
0,953464331,0.914830,56571734,11
0,261000419,1.161727,56574688,36
0,845723507,0.962683,56577500,34
0,1447406119,1.000488,56578363,6
0,607740967,0.768648,56579213,6
0,1479731881,0.691042,56581526,27
0,2213508827,1.062959,56585132,45
0,1795398587,0.989199,56586140,8
0,2913085771,0.915364,56592740,88
0,1362853357,0.933847,56594594,20
0,440789669,0.815499,56595097,1
0,1371431597,1.002438,56596581,15
0,1991832041,1.043488,56597246,3
0,1719503827,0.944247,56599094,20
0,3792652751,1.154137,56600093,8
0,2852042857,0.952997,56605286,65
0,2146002883,1.079370,56607309,20
0,3008917999,0.955044,56613016,75
0,1606168747,0.760987,56613739,4
0,2111006813,1.171771,56614402,3
0,3390737951,1.104854,56615746,13
0,2941795543,0.993141,56619256,44
0,1258688351,0.766103,56619854,2
0,2949536999,0.877229,56621708,20
0,1036637051,1.008267,56622509,5
0,4226697239,0.978779,56626288,45
0,3302615633,0.851240,56633527,97
0,234575641,0.787475,56636130,31
0,1926223979,0.993632,56641544,71
0,1365856469,0.858664,56645466,50
0,3409789321,0.783746,56648139,28
0,1090624657,0.805862,56649005,6
0,1220853019,0.967237,56653170,33
0,1785601483,1.067086,56655709,19
0,153537961,0.911622,56657723,22
0,681079079,0.889391,56658923,11
0,1975594447,1.043488,56660563,17
0,3666026513,0.969254,56662660,24
0,2390276597,1.043488,56663593,7
0,3676991683,0.836193,56666051,28
0,3754858579,0.889391,56667056,8
0,3440133337,1.015505,56667561,1
0,690079289,0.928078,56668269,4
0,3121459013,1.025076,56669135,6
0,723917891,0.839108,56670339,11
0,176284819,0.817891,56670973,2
0,1325569103,0.842012,56671552,2
0,2374234171,0.736201,56672620,9
0,609642841,0.796722,56676183,45
0,936350903,1.000488,56681852,75
0,133058063,0.988706,56682634,5
0,846563821,0.940620,56683568,7
0,2044723537,0.971267,56688244,61
0,2485654393,0.950945,56688748,1
0,270902899,0.975280,56690227,15
0,2137125509,0.758416,56690817,2
0,4031110211,1.032197,56691604,5
0,2274317699,0.963190,56694210,31
0,2337728167,0.877786,56696325,24
0,248722829,1.156672,56698079,19
0,1971833761,1.043020,56698658,2
0,2658594319,0.950945,56699316,3
0,3894718801,1.095980,56701214,21
0,1958479813,0.952484,56702002,5
0,1463484251,0.694566,56703508,15
0,122062571,0.978779,56707041,37
0,1998268411,0.736201,56708818,17
0,955674917,0.815499,56709688,6
0,1055847497,1.101313,56713548,46
0,705747353,0.987223,56714203,3
0,1260333959,1.000976,56715973,19
0,3190242871,0.904092,56717325,13
0,3774383729,0.786234,56719153,20
0,2339166637,0.977780,56721289,24
0,1735420663,0.866589,56722710,14
0,3306507097,1.004385,56727972,69
0,2569339001,0.938021,56733648,75
0,160590379,0.946313,56735543,21
0,268089049,0.946313,56736121,2
0,1943401181,1.048623,56740399,55
0,1569623467,0.846639,56741406,8
0,1900831063,1.044891,56743805,28
0,2885325127,0.947859,56744814,8
0,1884691037,1.130628,56745392,2
0,2684027041,0.818488,56747223,20
0,574811359,0.956066,56748436,11
0,1714561811,0.942694,56752788,38
0,2230002883,1.064337,56755131,15
0,3295408093,1.095980,56755935,4
0,1457347679,1.203835,56760869,64
0,281095403,0.789333,56762485,17
0,553051043,0.927551,56764257,19
0,3517219319,0.970764,56765602,13
0,3226118347,1.062959,56766671,9
0,324830743,0.773714,56770120,42
0,3849799543,1.043488,56771266,10
0,254599781,0.910550,56772739,15
0,1653306521,1.107944,56775691,36
0,1936042321,0.913227,56776695,8
0,2405601557,1.068458,56778630,21
0,1569384367,0.968750,56779984,13
0,4205886679,1.019344,56782236,26
0,1444251587,1.008267,56785811,45
0,1146408059,0.816696,56786529,4
0,3169203313,0.989199,56787665,10
0,3589370657,0.928078,56791610,50
0,2592736327,1.066170,56793711,24
0,4119715279,0.705032,56794309,2
0,1688000947,0.850666,56795664,13
0,1454337613,0.718750,56797501,20
0,1641215893,1.007782,56799629,24
0,1952343097,1.261277,56800486,6
0,421566589,0.882225,56805909,65
0,4226485531,1.071652,56806952,8
0,215015839,0.683225,56809268,27
0,4058543897,0.875558,56811734,26
0,626264039,1.031250,56812404,3
0,3578443943,0.915364,56814373,22
0,1904906329,0.766740,56814884,1
0,1346578817,0.851240,56816014,10
0,2311759081,0.942176,56816876,6
0,1808585237,1.097316,56817827,7
0,612627077,1.071652,56819947,24
0,2118553357,0.875558,56822209,26
0,3836675861,0.937500,56822786,2
0,915506639,0.913227,56826085,41
0,3631897879,0.908940,56828130,23
0,3397439861,0.940101,56831731,45
0,621734177,0.938021,56832792,9
0,2177264087,0.945797,56837631,63
0,1675218991,1.031250,56838847,11
0,1129395181,0.914830,56841233,28
0,1967402159,0.916963,56844696,43
0,3071517089,0.849517,56845844,10
0,3527989741,0.969758,56847957,24
0,1750670699,0.939581,56848607,3
0,1614025031,0.888841,56849106,1
0,866459039,0.852959,56850328,11
0,4076318693,1.048157,56853598,36
0,2509954253,0.880563,56855468,7
0,312282709,0.997556,56857929,23
0,359608411,0.806468,56858862,6
0,1136176313,0.942176,56860638,19
0,1555628779,0.844907,56861218,2
0,2057333501,0.949404,56862219,8
0,949304137,1.260115,56864462,26
0,3000594491,0.940101,56864975,1
0,4138973287,1.257788,56866328,13
0,2757750461,0.904632,56867127,5
0,3689641133,1.035031,56868559,14
0,2051489779,1.025076,56871036,29
0,512667971,1.127168,56876063,66
0,3039356941,0.944247,56878188,24
0,2903263001,1.038798,56886357,111
0,3018184517,0.722139,56887013,3
0,2680321691,0.893772,56887815,5
0,3790665941,1.037387,56890144,27
0,3878986061,0.879453,56892538,28
0,4032399197,1.281631,56894931,28
0,3180802693,0.923859,56895867,7
0,3836999891,1.070284,56903426,102
0,3807890467,0.893772,56904935,15
0,1328790557,1.008267,56906075,10
0,1352105501,1.024123,56907637,16
0,938892137,0.940101,56909347,14
0,3724268701,0.860369,56910720,13
0,2546022181,0.832682,56912486,19
0,3477387559,0.974780,56914116,14
0,3512936527,0.975280,56915342,11
0,3095254847,1.002438,56915949,2
0,1690497223,0.942694,56918556,31
0,1062157699,0.988706,56919141,2
0,303211301,0.886090,56920907,19
0,2460001969,1.067086,56921696,5
0,3191079557,0.981270,56926952,69
0,3588346997,0.827978,56928369,14
0,2983804567,0.970764,56932299,50
0,1514083007,1.016466,56934769,29
0,1311336731,0.968750,56936954,25
0,4145089163,0.950945,56937947,8
0,3666728327,1.001951,56938532,2
0,3111430579,0.973276,56941209,32
0,4260543967,0.973276,56942435,11
0,709478831,0.914830,56943154,4
0,2790078463,0.836193,56945288,24
0,1131599893,1.004871,56946768,15
0,3068989639,1.007782,56948469,18
0,509527331,1.071652,56951291,34
0,4042914371,0.907327,56953267,22
0,3527729957,0.848942,56960593,79
0,1147058863,0.978779,56961986,11
0,1287648959,0.886090,56963416,14
0,1236851321,0.988706,56965192,19
0,1358721761,1.038798,56965701,1
0,4148502101,1.087482,56968530,34
0,1560086237,0.973777,56970235,18
0,222112879,1.158360,56971159,7
0,3301247303,1.021736,56973271,24
0,1456617493,1.046292,56974834,16
0,331994381,0.848942,56975479,3
0,9862079,0.846639,56977710,26
0,481399367,0.969254,56978922,11
0,3925277309,1.087033,56981336,28
0,2885193373,0.945797,56984365,37
0,3787907063,0.956577,56987685,41
0,653534803,0.897588,56988847,10
0,289876627,0.665119,56989347,1
0,3684185179,0.722139,56990418,9
0,877869539,0.993141,56991914,15
0,3283687931,1.160044,56992568,3
0,508402117,1.008751,56993073,1
0,1488143369,0.773714,56993992,7
0,711603929,1.222750,56996243,26
0,3196578043,0.904632,56997321,9
0,688637737,1.014061,56999073,19
0,528710449,0.682510,57001176,24
0,4136178199,0.988212,57002177,8
0,2735505169,0.903552,57003817,17
0,4101975533,0.877786,57005034,11
0,4288821067,0.855246,57009608,54
0,1090389073,0.921743,57010862,10
0,1619459273,0.908403,57011935,9
0,2008899551,0.981767,57013438,15
0,2241076793,1.085235,57014499,9
0,1936114031,0.921743,57018286,45
0,2553528751,1.095980,57019792,15
0,2868367531,0.897588,57022633,34
0,821485183,1.147773,57026649,51
0,1553887141,0.950432,57027444,5
0,2891251739,0.955044,57029694,26
0,111499237,0.781875,57030273,2
0,3597635849,1.043020,57037441,96
0,663770147,0.939581,57038087,3
0,394190197,0.920152,57042935,63
0,1212872561,0.817891,57043724,5
0,3743910029,0.941657,57047877,53
0,1586498513,0.815499,57050007,24
0,3119822897,0.940101,57056214,78
0,1600076629,0.849517,57057457,11
0,228232087,1.122393,57058241,5
0,137458639,1.058356,57066083,91
0,3788111603,1.061581,57069731,43
0,1302849073,0.914830,57070450,4
0,1037630351,0.915897,57074112,46
0,4086614471,0.891036,57075184,9
0,884341349,1.299790,57077643,29
0,861404317,0.910550,57081145,44
0,2118700189,1.032669,57084367,40
0,3487481003,0.969758,57086012,17
0,3586871261,0.848367,57087094,9
0,1589725771,0.903552,57088297,11
0,424139263,0.737526,57089020,4
0,1079999941,1.122393,57090436,14
0,4113205631,0.977281,57091092,3
0,1410549097,1.098650,57093632,30
0,1425802171,0.848942,57095333,18
0,3648723697,1.000976,57095856,1
0,4182507037,1.014061,57097434,16
0,3444867533,0.876115,57098927,15
0,2739505687,1.000000,57099644,4
0,330199019,0.946829,57101755,24
0,1648847311,0.946313,57107169,71
0,260079187,0.818488,57109492,27
0,1734610547,0.963190,57111356,17
0,6808001,0.944247,57113523,24
0,145536563,1.020780,57115845,27
0,2993393467,1.047225,57116363,1
0,1406486467,0.975280,57117281,4
0,2789380103,1.039268,57119902,31
0,1362820271,1.071652,57120490,2
0,2341850761,1.012133,57122700,25
0,627645523,0.952484,57125644,34
0,1419997939,1.132354,57126229,2
0,3182755819,1.019344,57127312,9
0,1575518689,1.251562,57132620,70
0,3067012019,1.039268,57133358,4
0,3640481183,0.781250,57137116,47
0,3456588781,1.067086,57138122,8
0,2482690019,1.039268,57139554,14
0,2983742921,1.095534,57140906,13
0,3383928109,0.969254,57141694,5
0,559483829,0.814900,57142489,5
0,2688157123,0.884436,57143486,8
0,2153037023,0.938541,57147004,44
0,1534327429,1.035974,57149404,28
0,1525136359,0.817294,57151944,30
0,4200011183,0.889939,57154755,34
0,1667658569,1.061120,57157366,31
0,1426692401,0.880008,57158477,5
0,2949727679,0.815499,57159862,13
0,2104479301,1.006328,57162514,18
0,1456612901,0.866589,57163869,9
0,3625230487,0.908403,57165436,16
0,3200802467,0.797334,57166793,13
0,3822052111,1.095980,57167667,6
0,1629851063,0.969254,57171236,45
0,1317919451,0.915364,57173496,26
0,2740973303,1.043020,57174445,7
0,2073012427,0.884988,57175936,15
0,3969071023,1.256234,57176732,5
0,408085009,0.930180,57178615,21
0,304703669,1.064795,57182044,43
0,3090327419,1.088828,57185282,40
0,2782263227,0.825615,57186709,14
0,2041015313,1.000000,57187712,8
0,1592621791,0.817891,57190064,27
0,2719222619,0.902471,57191547,15
0,2121723943,1.035974,57194288,33
0,1201965007,0.813701,57199210,64
0,1999172467,1.225143,57200006,5
0,3091838693,0.770552,57201282,12
0,1185189653,0.985738,57201928,3
0,903153401,0.797334,57203927,22
0,673890439,0.928078,57204772,6
0,3214097617,1.012133,57207970,37
0,683833783,0.932801,57209314,13
0,3973108759,0.902471,57211931,31
0,4293808901,0.915364,57213636,12
0,3513851531,1.063419,57216134,29
0,2112278591,0.587134,57216938,5
0,3474715841,1.003899,57222587,72
0,1269697381,0.822653,57223119,1
0,2775367229,1.000488,57226293,39
0,3654340379,0.844907,57226815,1
0,68677541,1.012616,57229060,26
0,1112851667,1.033615,57229920,6
0,2383594183,1.098205,57231053,10
0,3870274591,1.031723,57231642,2
0,1857510757,0.817294,57233692,23
0,3591171149,0.846639,57236094,28
0,4110596033,1.031723,57238634,30
0,425857979,0.753248,57243615,65
0,1285488613,0.844907,57245943,27
0,3948907673,1.000976,57248631,32
0,1304351927,0.906789,57249151,1
0,1198793789,0.884436,57250143,8
0,476094719,0.970764,57252059,21
0,2273701099,1.032197,57253912,20
0,1186582321,0.855246,57258767,63
0,1955666467,0.973777,57262133,37
0,3035210777,0.806468,57265981,34
0,820232531,0.869402,57273921,100
0,1805965717,0.851240,57274593,3
0,306285731,0.910550,57275298,4
0,492780851,1.031723,57276296,8
0,1031947619,1.037387,57277641,13
0,2966287663,0.944247,57279842,25
0,2292002773,1.187911,57280848,8
0,3879644173,1.127168,57281987,10
0,3902536679,1.012616,57283837,20
0,1938761681,1.008267,57285760,21
0,953246719,0.826207,57286969,11
0,3040216117,1.081629,57288795,20
0,2381014829,1.002438,57289955,10
0,2028449807,0.993632,57291526,16
0,3274888321,1.104854,57292586,9
0,1240522163,0.959126,57297075,58
0,1942066079,0.827978,57299212,24
0,2088750539,1.008751,57300639,14
0,383405219,0.908940,57301213,2
0,3244140943,1.094196,57302560,13
0,2557909771,1.132354,57303983,14
0,1680392569,1.116723,57304625,3
0,885063559,1.065712,57305553,7
0,2826314453,1.004871,57308298,33
0,2391307231,0.880563,57308890,2
0,427102853,0.944247,57312053,39
0,1237407827,1.113658,57312975,7
0,4171750519,0.919621,57317684,61
0,303130129,0.946313,57327247,124
0,2253215183,1.008267,57329895,31
0,3863339341,0.831508,57333824,50
0,3765271141,0.983258,57335604,19
0,3657063049,1.012616,57336533,7
0,2795076397,0.817891,57337048,1
0,2944957811,1.032197,57340008,36
0,935501129,1.105296,57341300,12
0,262853111,1.032197,57343138,20
0,1393683883,1.064795,57345393,26
0,666282593,1.004871,57346947,16
0,348953281,0.882225,57349483,30
0,3542522623,0.855246,57350217,4
0,1944302317,1.068458,57351293,9
0,438922811,0.954021,57358305,94
0,2278405081,0.789333,57360496,25
0,1462548053,1.024123,57363412,31
0,3018991337,0.904092,57365705,26
0,2075556101,1.000488,57367439,6
0,2584249399,1.097316,57369188,14
0,3589400231,0.946313,57372162,36
0,190285663,0.915364,57373573,14
0,1300533503,1.048157,57374222,3
0,719223079,1.077559,57374880,3
0,743771839,1.037387,57376930,23
0,3459572957,1.191195,57377444,1
0,1475975419,0.791804,57380825,42
0,1965277099,1.111903,57381969,10
0,2049612839,0.877229,57384024,23
0,3438566071,0.952484,57385310,12
0,932320313,0.869402,57386574,12
0,1658413453,0.974279,57388548,22
0,615315179,0.927551,57389408,6
0,2813011169,1.087482,57392155,33
0,3549234541,0.564233,57392665,1
0,2627198557,0.829745,57393253,2
0,1081347637,1.044891,57396149,35
0,3194792033,0.916963,57398134,22
0,219972113,0.989199,57399184,9
0,2525287003,1.031250,57400249,9
0,1409371163,1.008267,57401652,14
0,3151015579,0.858096,57406006,56
0,3050509403,0.734209,57406656,3
0,2823345307,1.290742,57407164,1
0,2138627077,1.097761,57408935,19
0,2573375933,0.987223,57409655,4
0,711445003,0.915364,57414282,60
0,2972786249,0.880563,57414926,3
0,3164191477,1.017906,57420733,72
0,3823458931,1.097316,57421472,4
0,4207322629,1.003899,57424235,31
0,2789154707,0.958107,57425051,5
0,662874061,1.047225,57430110,66
0,1468400957,0.938541,57431035,7
0,509768839,1.097316,57431678,3
0,390338189,0.963190,57432603,7
0,3786027013,1.073928,57436960,56
0,1893042883,1.008267,57437468,1
0,4099924057,1.033615,57440782,41
0,2245167929,0.863202,57441365,2
0,2890597639,0.956577,57443266,21
0,2251735037,0.977281,57444415,10
0,3530976499,1.050019,57446330,21
0,523098227,1.070284,57447195,6
0,71700143,0.818488,57448665,15
0,413153891,0.910550,57451478,34
0,2112476011,0.978779,57453049,16
0,3485819171,1.100870,57453922,6
0,106840577,1.000976,57454764,6
0,1826768179,0.938541,57456832,23
0,2960351101,0.976781,57458531,18
0,536425567,0.864332,57460088,16
0,2034410507,0.985738,57460816,4
0,4017245377,0.906250,57461609,5
0,2870179847,0.877786,57462818,11
0,2403015007,0.882225,57464515,18
0,2278206919,0.960652,57466455,17
0,3157288151,0.958616,57471242,60
0,2593329733,0.755837,57474412,39
0,2823935531,0.908940,57475277,6
0,2904125579,1.160044,57478014,33
0,985037633,0.973777,57478808,5
0,174280927,0.940620,57479873,9
0,1106656763,0.942694,57480670,5
0,1937228021,1.002438,57486564,78
0,1048610327,0.920152,57487484,7
0,2599706267,0.822059,57489121,17
0,3482231341,0.956577,57491446,27
0,2806450279,0.852959,57494049,31
0,3330207851,0.813701,57495747,18
0,1602228517,1.066628,57498832,38
0,3886620901,0.879453,57505275,86
0,826126537,1.017906,57505995,4
0,701081063,0.846062,57506576,2
0,3595594411,0.789333,57507433,6
0,2255723531,0.916963,57509072,17
0,2376776833,0.858096,57516632,102
0,1437664201,1.135799,57517344,4
0,3402611221,1.014061,57518420,9
0,2046044827,0.875000,57519776,13
0,1124490593,1.125000,57520563,5
0,2774900399,0.981270,57521564,8
0,208642201,0.942694,57525270,47
0,271257383,0.815499,57526827,16
0,1093030021,1.002438,57528368,16
0,3151319957,0.864897,57528953,2
0,236430269,1.002438,57532484,44
0,3506653309,0.889391,57537136,60
0,3986210549,0.871645,57538218,9
0,135312943,0.820275,57541780,45
0,1912479293,0.813701,57543847,23
0,2275596797,0.844907,57544366,1
0,88740931,0.925971,57548354,51
0,992191271,0.875558,57550412,23
0,2161486513,0.940101,57554203,48
0,332093053,1.032197,57559167,65
0,2374510027,0.818488,57561343,25
0,1749615619,0.783746,57561846,1
0,1241598487,0.817891,57562415,2
0,691986773,0.978779,57563764,13
0,1511933783,0.811899,57564696,7
0,112012339,1.097761,57566537,20
0,1365856663,1.111903,57568158,13
0,786515903,0.942694,57568898,4
0,2960277409,0.901929,57569990,9
0,220798777,1.159202,57570978,8
0,1084918147,0.940101,57573178,9
0,550429883,0.712610,57573739,1
0,1609982951,0.817891,57576725,34
0,2834592823,1.093750,57577890,10
0,1818304903,0.753248,57579157,12
0,390881123,1.176761,57581840,32
0,33190237,1.006328,57582336,1
0,2961670769,1.255457,57583889,16
0,2749417817,0.958616,57584952,9
0,3599104169,0.811297,57586159,11
0,4119560311,1.152867,57586670,1
0,913895909,0.860369,57587328,3
0,4009123249,0.694566,57587854,1
0,2929589263,1.067086,57589632,19
0,1383218093,0.827388,57590986,13
0,4133099951,1.203835,57591989,8
0,1164125057,0.883883,57593527,16
0,323126093,0.946313,57594023,1
0,3844972273,0.784369,57595579,16
0,1661195257,1.064795,57597774,25
0,2109921677,0.876115,57600032,26
0,1743274103,0.897588,57603414,42
0,1473862217,0.771818,57608815,71
0,1665688309,0.776234,57609741,7
0,21971681,0.981270,57610228,1
0,1051641083,0.735538,57610745,1
0,16690001,0.910550,57611720,8
0,3138117473,1.119343,57612234,1
0,3881027309,0.877786,57612753,1
0,2220636911,0.954021,57614169,14
0,3420996419,1.073928,57614824,3
0,3207932459,0.853531,57615831,8
0,1793760679,0.986728,57616695,6
0,3402133699,0.902471,57621606,64
0,3808414087,1.025076,57622750,10
0,458259229,0.883883,57624343,14
0,258434131,0.940101,57625548,6
0,1344266867,1.094643,57626300,4
0,3985479247,0.973777,57626893,2
0,1133848363,1.119343,57628314,14
0,4143690137,1.078012,57634049,73
0,1533764333,0.962683,57635930,20
0,1268253619,1.002438,57636575,3
0,1811720921,1.067086,57637372,5
0,3081944507,0.915897,57638882,15
0,2675117113,1.000488,57639948,9
0,1049232647,0.888841,57642628,32
0,882909491,1.067086,57643266,3
0,20088517,0.876115,57644871,17
0,1688110063,0.989199,57646080,11
0,2534504501,1.074382,57648069,22
0,533360887,1.000976,57650404,27
0,2236585787,0.969758,57651900,15
0,4145943101,0.889391,57652845,7
0,2569066873,0.792420,57656210,42
0,2133441151,1.048623,57658341,24
0,1909136837,1.070284,57658930,2
0,34134839,0.971267,57661930,37
0,3362771287,0.994614,57664407,29
0,795930413,1.094196,57665686,12
0,2314181263,0.877786,57666279,2
0,2976975739,0.844907,57669032,33
0,24275087,1.098205,57671631,27
0,4151224267,0.972272,57674815,24
0,2158479163,1.024123,57677142,22
0,2589666481,0.947859,57680721,43
0,2710889563,0.977281,57681240,1
0,3565336469,0.758416,57681961,4
0,52091989,1.013098,57682526,2
0,2942954281,1.070284,57685055,30
0,3134439167,0.928078,57687677,31
0,1676706533,1.065254,57688894,11
0,2195345963,0.911086,57689610,4
0,158738309,1.055584,57690177,2
0,2368948363,1.168432,57692074,21
0,2508682559,0.978779,57695309,40
0,3651079723,0.946313,57695830,1
0,1046034907,0.952484,57697735,21
0,258722033,0.879453,57698587,6
0,1135435097,1.255068,57699654,9
0,2730231437,0.965215,57702250,31
0,2386173089,0.944764,57703038,5
0,273940903,1.253511,57703601,2
0,891907213,1.071652,57705780,25
0,629736197,0.944247,57708517,33
0,1298770037,1.107944,57712481,50
0,2209032811,0.880563,57714475,22
0,428335337,1.267456,57715671,11
0,1887437533,1.084785,57716247,2
0,912507469,0.889391,57717875,17
0,4203985447,0.894318,57719719,20
0,3536037887,0.920152,57723309,45
0,4257945457,0.958107,57723901,2
0,670659551,1.171354,57725201,12
0,3068671471,1.170520,57729124,45
0,3125197147,1.106621,57729659,1
0,39790841,0.817891,57731129,15
0,2863668931,0.938541,57733041,21
0,3436445923,0.908940,57735461,26
0,918037541,0.971267,57737169,18
0,1557328937,0.947859,57738722,16
0,1236813211,0.882225,57740277,16
0,990108887,1.079370,57741071,5
0,141171091,1.064795,57741637,2
0,4060194361,0.950945,57743186,16
0,636221693,0.877786,57744053,6
0,1965157013,0.971267,57744702,3
0,855585193,1.104854,57745358,3
0,1166822773,0.860369,57746284,7
0,3190855433,1.014061,57747069,5
0,216622723,0.984747,57747989,7
0,2882784341,0.971267,57749199,11
0,63747193,0.858096,57750188,8
0,3709223099,1.039268,57751609,14
0,3785339707,1.095534,57752904,12
0,2093185117,0.970764,57754321,14
0,3677409727,0.946829,57755255,7
0,2102271329,0.977281,57758202,36
0,3113009257,0.915364,57760380,25
0,3368724847,0.855246,57762922,30
0,641429969,0.942694,57764132,11
0,3813233111,1.031723,57765278,10
0,1582682573,0.925443,57771785,87
0,1587186529,1.070740,57773268,10
0,1277034823,1.129764,57774279,8
0,2417424829,0.814900,57775418,10
0,3593739559,1.115848,57778690,26
0,2543199271,0.913227,57780444,16
0,960913841,1.114973,57783261,34
0,979398047,0.974279,57786417,39
0,2478158147,1.029829,57789235,34
0,2213200799,1.093303,57790592,13
0,2580791723,1.031250,57792218,17
0,2545266599,1.079370,57793085,6
0,2417008453,1.000976,57794006,7
0,374469467,0.976781,57795630,17
0,841097381,1.166760,57797098,15
0,3103058531,1.129764,57798170,9
0,722566193,0.973276,57803553,71
0,2796047833,1.014061,57807068,44
0,84980947,0.818488,57809805,33
0,489794033,1.035974,57812742,36
0,2770276571,0.686078,57814156,14
0,1588956583,0.980772,57819145,65
0,2495496749,1.109705,57820139,8
0,2601515921,1.054659,57826155,80
0,1824889853,1.133217,57830322,48
0,3031972331,0.853531,57832611,26
0,631425881,0.981270,57834100,15
0,2608780327,0.908940,57837823,44
0,3673174621,0.815499,57839894,23
0,3071297611,0.760987,57841163,12
0,618045991,0.969758,57842994,20
0,3203451541,1.033142,57845069,23
0,3113247169,1.068458,57845709,3
0,2225496529,0.864897,57847686,22
0,1885915177,1.019823,57850426,33
0,3559626797,1.067086,57851359,7
0,2025670877,0.913227,57853981,31
0,3758391941,0.786855,57855450,15
0,1275378529,0.875558,57857758,27
0,1989741469,0.911622,57859889,24
0,1805519809,0.944247,57861164,12
0,3324579059,0.787475,57863908,33
0,4082920883,1.067086,57867355,43
0,867438071,1.064795,57868563,11
0,1056077663,1.160465,57872149,45
0,4237085543,0.875558,57879193,78
0,1289267489,0.902471,57880763,11
0,1188999239,0.817294,57882068,12
0,441804527,0.820275,57886347,55
0,3276203537,1.142657,57888750,28
0,1847559509,0.993632,57889334,2
0,423557437,0.999023,57894279,64
0,2274501049,1.061581,57894781,1
0,2400901339,1.146496,57895374,2
0,3112866637,0.964203,57907278,164
0,1083763279,1.040677,57910064,33
0,1059748103,0.999023,57911431,13
0,3815314927,1.029354,57912514,9
0,524589311,0.852386,57914570,22
0,2343291943,0.991172,57915854,12
0,4227677323,0.883883,57916654,5
0,3255572321,1.101313,57918497,20
0,1019148199,0.919621,57919025,1
0,3192648209,1.126301,57920088,9
0,1702879403,0.971267,57922849,33
0,2522230699,0.841432,57924335,15
0,1975856513,0.720107,57924978,3
0,1383255187,0.940620,57926954,22
0,4244339129,1.067086,57933919,86
0,3170667107,0.876115,57934747,5
0,3129904033,1.116723,57936849,21
0,1619407211,0.889391,57938006,10
0,1797165169,1.283154,57942205,54
0,1567614271,0.876115,57946093,49
0,763317959,0.940101,57947582,15
0,2210225851,0.897044,57949502,21
0,579235417,0.908940,57954059,59
0,2082561413,0.853531,57956173,24
0,2942786347,0.693863,57956692,1
0,3941489569,1.035974,57958116,14
0,3003219551,0.973276,57966056,107
0,46254497,0.814900,57966900,6
0,579637393,0.940101,57969132,26
0,232092781,0.975280,57969776,3
0,1358248327,0.914830,57971147,13
0,198701597,0.824432,57971792,3
0,3998835469,1.137517,57973863,23
0,268895177,0.956577,57980378,83
0,2539954199,0.804043,57983742,23
0,3538619401,0.784369,57985084,11
0,644988761,0.829745,57986497,14
0,4196672827,1.062959,57987779,12
0,1656934249,1.035031,57988441,3
0,3675651323,0.911622,57991472,37
0,363863333,0.969254,57995336,49
0,3656118541,0.864897,57996692,13
0,181743269,1.039268,57998178,15
0,1874310649,1.065254,58000368,25
0,268959629,0.781875,58002905,30
0,582492017,1.091516,58005088,25
0,2738180561,1.131923,58006357,12
0,2058181651,1.002438,58008397,23
0,1189185703,1.058356,58009181,5
0,3479761981,0.942694,58011874,32
0,2144282653,1.073928,58016845,65
0,3900713741,1.163827,58017486,3
0,2132621639,1.043020,58018078,2
0,3293830873,0.893772,58019863,19
0,2117108621,1.101313,58020942,9
0,1102721239,1.058356,58022015,9
0,3933761639,0.906789,58024473,29
0,2250157309,0.781875,58025612,10
0,1221535879,0.825615,58032177,88
0,2441362369,0.849517,58032823,3
0,1889332411,1.075745,58036024,35
0,3310912211,1.043020,58039717,44
0,808409753,0.878342,58041141,14
0,2927453203,0.919621,58041723,2
0,3702574019,0.792420,58042868,10
0,3792553481,1.070284,58049644,91
0,535317127,0.818488,58050574,7
0,2429497093,1.012616,58052339,19
0,2248550443,1.001951,58053055,4
0,1635465089,0.911622,58055301,26
0,2186359463,1.113658,58055813,1
0,91997041,0.894864,58057572,19
0,356772467,0.978779,58060596,37
0,3094109989,0.976781,58066207,74
0,989055079,1.127168,58067696,15
0,3105713531,0.806468,58071227,44
0,4011241301,0.827388,58073494,26
0,571536227,1.002438,58074212,4
0,2263759163,0.693863,58074727,1
0,2185199087,0.783746,58076020,12
0,2190673379,0.973276,58077357,13
0,1962670271,1.021736,58078873,15
0,1549194161,0.930180,58084904,59
0,2662350931,0.808886,58087917,28
0,136633177,1.004871,58090409,26
0,4232585813,0.932801,58091627,11
0,2734778819,1.095534,58092410,5
0,931306973,0.914830,58096603,52
0,3249360761,0.952484,58097534,7
0,72835799,0.970764,58098451,7
0,3250843331,1.071652,58099381,7
0,912311963,0.844329,58103673,55
0,2692384837,1.000976,58105086,14
0,2475130087,0.978779,58106650,16
0,1322517101,0.942176,58107225,2
0,1117296569,0.694566,58107730,1
0,446509279,1.156672,58108516,5
0,1094708039,0.914830,58111767,40
0,603995393,0.912157,58113588,20
0,424396949,0.722139,58114228,3
0,4053391759,0.853531,58120400,82
0,3307021667,0.940620,58122090,18
0,2486845733,0.858096,58126206,52
0,1805348243,0.921213,58127988,19
0,3703907887,0.911086,58129641,17
0,2273720387,0.936979,58131327,18
0,1007300467,1.054659,58132531,11
0,4147413497,0.919621,58133321,5
0,3162673001,1.177176,58142949,123
0,455142221,0.871645,58145146,25
0,1300411837,0.877229,58148071,33
0,572156503,1.031250,58148735,3
0,253762343,1.131923,58150206,15
0,3653280247,0.782499,58152889,32
0,530974189,1.098205,58155643,33
0,959568041,0.836777,58157685,23
0,1205585363,0.977281,58158627,7
0,150836431,0.950945,58160246,17
0,2056495313,0.911622,58160830,2
0,2619675397,1.025552,58161471,3
0,2125162873,1.049554,58163176,18
0,895313239,0.846639,58170516,99
0,1593095281,0.940101,58174660,53
0,3654684247,0.817891,58175661,8
0,2277999037,1.004385,58176174,1
0,1919620811,1.070284,58178153,22
0,376049407,0.836777,58178734,2
0,1734237737,1.033615,58179942,11
0,28972919,1.010685,58187350,82
0,2190253621,1.070740,58189721,25
0,3751320149,1.047225,58191351,17
0,2232858259,0.799169,58192416,9
0,3420504671,1.033615,58193563,10
0,2643081407,1.047225,58194495,7
0,1965286927,0.786234,58196475,22
0,3601680881,0.910014,58198116,17
0,2639646701,1.038798,58198920,5
0,1349900569,1.104854,58201303,28
0,4085941511,0.960652,58203838,30
0,1863151259,1.115848,58204963,8
0,2826064727,0.958107,58205776,5
0,2519615647,1.016466,58208457,32
0,3573505633,0.832682,58214929,86
0,2264103493,0.927551,58216488,16
0,3248653439,0.974780,58217699,11
0,4287275299,0.968750,58222822,67
0,2792614309,0.690335,58225568,33
0,632570921,1.097316,58232057,87
0,467219173,1.052341,58232920,6
0,3549439081,0.939581,58234410,15
0,265242097,1.051877,58235341,7
0,2081864039,0.908403,58239357,46
0,1638605417,1.111464,58240936,16
0,2077437547,0.911622,58242603,15
0,2874879989,1.081178,58243765,10
0,2991522571,0.813701,58250005,83
0,1641560287,0.920152,58250518,1
0,1366060867,0.984747,58253954,43
0,1808734541,0.842012,58255372,14
0,2546736601,0.908403,58256024,3
0,1761711097,0.895409,58256738,4
0,1990808779,0.913227,58261144,57
0,1573079,1.063419,58262100,8
0,226964753,1.070740,58262944,6
0,3379367581,0.786855,58263454,1
0,892621109,0.971267,58264867,14
0,3201456619,0.907327,58265880,8
0,3085401257,0.762910,58266745,6
0,3871190591,1.004871,58268179,14
0,897887017,0.910550,58270779,31
0,4044697147,0.952484,58272349,16
0,1485862759,0.877786,58273140,5
0,1960436267,1.025076,58274976,20
0,90215501,0.911086,58279109,53
0,3535443467,0.981767,58286139,90
0,520817581,1.127168,58286735,2
0,1865254211,1.220752,58291133,43
0,3648933583,1.077559,58292311,8
0,2348720657,1.035503,58293168,6
0,1319807029,0.995105,58294024,6
0,4272502327,1.078917,58295393,13
0,2140942403,0.975280,58296181,5
0,1587273367,0.791187,58298162,22
0,3363462629,1.255068,58299648,15
0,90685663,0.938021,58300775,10
0,1489255529,0.911622,58301356,2
0,917832931,0.805862,58303607,26
0,3103715627,1.211114,58307285,46
0,1653052249,0.938541,58310817,44
0,1938395189,1.093750,58311670,6
0,1620258503,1.115848,58314986,41
0,4078708303,1.025552,58319682,61
0,1539120469,1.115848,58322813,38
0,4293338191,0.850666,58323896,9
0,1333042169,0.864332,58325824,21
0,592430731,0.947859,58326401,2
0,2897394103,0.815499,58327267,6
0,2826718493,0.970764,58328125,6
0,1288451833,0.958107,58328635,1
0,416996033,0.884436,58329139,1
0,3535104581,0.982762,58330208,9
0,224553811,1.008267,58330780,2
0,2416306663,0.668779,58333951,39
0,124306241,1.201399,58334511,2
0,1186272929,1.253900,58335436,7
0,3134632841,0.946829,58336159,4
0,1956449867,0.974780,58338283,24
0,1816992377,0.946313,58341462,35
0,3025279289,0.841432,58342203,4
0,2362890851,0.793652,58343974,19
0,3165196861,0.858664,58346317,25
0,550669109,0.877786,58347111,5
0,1875211241,1.101313,58353697,88
0,4153072249,0.755837,58356667,36
0,207537167,0.940101,58357936,12
0,2804891909,1.062959,58359484,16
0,1672259591,1.074382,58360623,10
0,284493359,0.941657,58361612,8
0,3005489609,0.976781,58362955,13
0,2917762517,1.101756,58363538,2
0,1528515269,0.978779,58364898,13
0,553182823,1.032197,58367848,36
0,3927993163,1.010685,58369278,14
0,665246191,0.945797,58370214,7
0,815068699,1.052341,58370867,3
0,2948580919,0.786855,58371599,4
0,3617465413,0.880008,58375001,42
0,1454033683,0.908940,58375512,1
0,347225933,1.101313,58376229,4
0,346179073,0.812500,58377551,13
0,639262649,1.064795,58380565,37
0,117514619,1.133647,58381128,2
0,3354351433,0.973777,58382767,17
0,904952693,1.070284,58383497,4
0,1674655349,0.848942,58384157,3
0,3127096733,0.786855,58385370,11
0,567043937,0.761629,58388472,34
0,2790573811,1.024123,58391446,22
0,2432615387,1.044891,58392134,1
0,4259352623,0.766740,58392650,1
0,1516958897,0.987223,58394143,15
0,2028746077,0.895409,58395377,11
0,2143478011,1.070740,58396313,7
0,2437737461,0.908940,58398357,23
0,149406281,0.958616,58399917,16
0,544671467,1.166760,58402305,28
0,731859101,0.944247,58403447,10
0,778521061,0.984747,58404868,14
0,3717692263,0.908940,58405608,4
0,1965349879,1.006328,58406197,2
0,4110356269,1.170520,58407362,10
0,2955196693,0.916963,58407937,2
0,3482605219,1.006328,58408727,5
0,1230268909,0.970764,58410559,20
0,2136586631,1.010685,58412891,27
0,1034495263,0.816696,58414513,17
0,3524912179,1.205861,58415510,8
0,578588359,1.070284,58416440,7
0,529588357,1.062959,58417918,15
0,275250071,0.878342,58421557,46
0,2832968071,0.981270,58422071,1
0,2179333693,0.864332,58423375,12
0,2955621791,0.919621,58425778,28
0,4021596913,0.940101,58428677,35
0,3344002699,1.009718,58430794,24
0,3784566407,0.748697,58435142,56
0,1109398159,1.113658,58437890,33
0,1227210953,0.911622,58442660,58
0,1240459811,1.034559,58444039,13
0,3388345907,1.002438,58445385,13
0,492497849,1.100870,58446033,3
0,1903897321,0.813701,58447288,9
0,2764103653,0.942694,58448096,5
0,1572070967,0.975280,58449388,12
0,1454122037,1.110145,58452258,35
0,994169467,0.858096,58455278,37
0,1152592711,1.044891,58460542,69
0,2534531371,1.064337,58461330,5
0,297244169,1.012616,58463436,24
0,1920043889,1.000488,58465410,22
0,1696589623,0.986728,58466493,9
0,854049613,0.981270,58470560,52
0,2530086137,1.084785,58471918,13
0,840801539,1.059739,58473255,13
0,118450459,0.897044,58475012,19
0,2063897911,0.942176,58477195,25
0,1493305417,0.852959,58478110,7
0,3767796421,1.004385,58480068,22
0,3315948659,0.846639,58480718,3
0,3761529001,1.131923,58483588,35
0,1503733837,1.107944,58484300,4
0,1237466353,0.846639,58484885,2
0,3020846077,0.758416,58485610,4
0,2373739873,0.844329,58488205,31
0,3061085549,1.008751,58492253,47
0,2718293819,0.952484,58496988,43
0,836544949,0.919621,58504599,100
0,397666807,1.032197,58506860,26
0,1539632371,1.031250,58509049,25
0,2363061383,0.964203,58516052,94
0,627714179,1.142229,58519911,49
0,4148571827,0.884436,58520705,5
0,8216597,1.055584,58521547,6
0,2227266607,0.968750,58522190,3
0,3140055199,0.888841,58526898,61
0,3262691219,0.968750,58529932,37
0,940851851,0.942176,58531057,10
0,3547359371,0.969254,58531704,3
0,1838550569,1.080726,58533134,14
0,3492699031,0.876115,58533717,2
0,3097642103,1.291121,58534865,10
0,4003003177,0.970764,58537422,30
0,3223133933,0.732211,58540594,39
0,3843963719,1.017906,58541746,10
0,4010230699,1.160044,58542900,10
0,1425386111,0.911622,58547085,42
0,445480201,1.001951,58548301,11
0,194102071,1.008267,58549922,17
0,65726279,0.895409,58554462,56
0,926523791,0.906250,58556670,25
0,3696655961,0.989199,58559143,29
0,4049573767,0.877229,58560293,10
0,1012813621,0.939581,58560810,1
0,1748911103,1.064795,58561743,7
0,2490276499,0.938541,58562610,6
0,658596661,1.098205,58563959,13
0,3013611521,0.829745,58565493,16
0,865631293,1.003899,58567331,20
0,439470347,1.132354,58568888,16
0,910358567,1.052341,58569951,9
0,3335195783,1.064795,58571015,9
0,1176219061,0.880563,58571813,5
0,221120153,0.940101,58572518,4
0,958202191,0.877786,58575387,35
0,341893417,0.950945,58576369,8
0,144519317,0.950945,58576872,1
0,300360637,1.023646,58577520,3
0,3946423889,0.971267,58580671,39
0,415000153,0.824432,58583633,36
0,4057885861,0.939581,58585970,27
0,1310160001,1.012616,58586753,5
0,1895860741,0.950432,58588438,18
0,2460343993,1.008267,58589158,4
0,3061156337,0.978779,58589740,2
0,3987439327,1.008267,58590622,6
0,1768846109,0.976781,58591136,1
0,3418215851,0.970764,58594108,32
0,1032808171,0.880563,58596614,15
0,3599488391,1.139661,58598923,24
0,418934497,0.940620,58599502,2
0,171308171,1.033615,58600922,14
0,243751223,0.940101,58602197,12
0,2344699979,0.787475,58603049,6
0,590796029,1.099538,58603978,7
0,3379010561,1.024123,58606360,28
0,1848809057,1.152867,58607695,13
0,2674819067,0.889391,58608231,1
0,4203506521,0.923330,58614531,84
0,1484516359,0.940620,58615254,4
0,527431669,0.755190,58618639,42
0,3500746819,0.975280,58619489,6
0,866235679,0.771818,58622114,31
0,999639427,1.162987,58626259,51
0,2592817889,0.793036,58627551,12
0,1489948913,1.255068,58629381,20
0,3405216011,0.977780,58630877,15
0,2222156809,0.938541,58631449,2
0,1964522099,0.829745,58632030,2
0,448370369,1.039738,58633522,15
0,894077749,0.884436,58636049,30
0,1525669487,0.707797,58638118,23
0,2261532319,1.038798,58639327,11
0,979581611,0.915364,58640531,11
0,1558746919,1.004871,58643704,39
0,3235695259,0.942176,58648638,59
0,967021469,0.969254,58650917,26
0,1881062269,0.849517,58654124,37
0,392327263,0.969254,58655969,20
0,3190556233,1.000488,58656680,4
0,2566965481,0.784369,58657327,3
0,2550506947,0.844329,58659925,31
0,3266147993,1.012133,58661486,16
0,975612277,0.971267,58662558,9
0,3979860161,1.048623,58663910,13
0,3269525759,0.913227,58664418,1
0,1025374183,0.939581,58667172,33
0,874303691,0.752600,58668030,6
0,3506531771,0.877229,58668895,6
0,3443839211,1.066170,58671004,24
0,3520226201,1.037387,58673180,25
0,1421001689,1.008267,58675080,21
0,2612262977,0.724164,58675945,6
0,4093058383,1.019344,58677519,16
0,936958021,1.043488,58679770,26
0,1842539623,1.035974,58680295,1
0,1355202403,0.910550,58684659,56
0,2883675367,0.818488,58687074,28
0,2499598319,1.129332,58688784,18
0,3010018981,0.906789,58690697,21
0,2489595883,0.815499,58691424,4
0,1315153963,1.043488,58692705,12
0,2041243559,0.908940,58693519,5
0,2429065883,0.945280,58694027,1
0,4045065217,0.694566,58695764,14
0,4287208613,1.033615,58697128,13
0,2579048149,1.150323,58704560,83
0,486254521,0.986728,58708111,42
0,3291140453,1.028405,58710782,32
0,1781854993,0.937500,58712065,12
0,3663898169,0.906789,58714893,34
0,3796010329,1.236647,58717975,38
0,4180046359,1.039268,58718556,2
0,2141747987,0.950945,58720818,26
0,3227740409,0.879453,58722297,15
0,3434284613,0.988706,58723428,10
0,1691580101,1.104854,58727809,56
0,3134462789,0.963190,58728388,2
0,1994785577,0.842012,58729033,3
0,2654587913,0.980772,58729957,7
0,425601233,1.004871,58733378,43
0,4155947813,0.911622,58735497,24
0,1015227881,0.880563,58736634,10
0,858413197,0.942176,58737486,6
0,348224717,0.858096,58742070,59
0,252590353,0.993632,58743263,11
0,2780868491,0.981270,58744893,17
0,2277161219,1.108825,58745898,8
0,3457098401,1.252342,58749615,47
0,4069485443,0.846639,58750275,3
0,1235647823,0.789333,58752039,15
0,2574122951,0.973777,58752666,1
0,3859029997,1.006813,58755405,33
0,3319966283,0.932801,58755986,2
0,4007062777,1.135799,58756578,2
0,604765087,0.956577,58762381,74
0,1427410799,0.817294,58763061,3
0,4036758757,0.946313,58764131,9
0,2759605621,0.888841,58765208,9
0,2835181553,1.033615,58765795,2
0,2012548639,0.877786,58766460,3
0,1010493733,1.066170,58768775,27
0,2564478443,0.950945,58772318,44
0,3327858871,0.813101,58773109,5
0,2180928017,0.906789,58774596,15
0,3480156419,0.729539,58777350,33
0,1639605091,0.730208,58781564,54
0,1998767857,0.952484,58782718,10
0,1685708911,0.952484,58783793,9
0,3267913283,1.064795,58784375,2
0,3102862267,1.064795,58788826,57
0,1941198719,1.098205,58790530,18
0,4140059467,0.907327,58791599,9
0,623611609,0.977281,58792746,10
0,1798529521,0.958616,58795488,33
0,2003356129,1.156672,58798513,32
0,3789261271,0.746083,58799394,6
0,3928291733,1.102642,58800773,1
0,344726597,0.877786,58802837,19
0,2591221709,0.987223,58806528,46
0,3246794303,1.057894,58808999,29
0,330814703,0.853531,58810698,18
0,1031580919,0.956577,58812127,14
0,721669709,1.159624,58813607,15
0,3105284909,0.811899,58816145,30
0,2179603081,1.091963,58818747,31
0,2866180103,0.787475,58822776,51
0,2423302439,1.050019,58823289,1
0,3864575929,1.190785,58827089,48
0,275452511,1.167178,58829131,23
0,848949433,1.239408,58832514,42
0,1887439249,1.265914,58835262,33
0,1543875589,0.725512,58836814,16
0,3275792719,0.944764,58837598,5
0,2441231567,0.981270,58838316,4
0,3221396669,1.099538,58840487,25
0,4248127627,1.015505,58842257,19
0,3890532661,1.158360,58844933,32
0,1225618399,0.755837,58846358,14
0,3319216807,1.025552,58848200,20
0,436732577,0.938541,58849388,11
0,3810845189,1.035974,58852006,28
0,4134633023,1.157094,58859613,99
0,381969227,1.009718,58864382,62
0,3127882133,0.844907,58866568,25
0,47106011,0.942694,58867701,10
0,128252759,0.945280,58868769,9
0,1434543151,0.815499,58869422,3
0,2468568107,0.908940,58870433,8
0,3567216559,1.191605,58875850,71
0,962914301,1.097761,58876506,3
0,3653378111,0.773082,58878630,24
0,2012494009,0.942176,58880326,18
0,213478361,0.844907,58881885,16
0,974544149,0.915897,58882738,6
0,1816781621,0.971267,58883317,2
0,2946156133,0.815499,58883839,1
0,410442251,1.073928,58884344,1
0,3835682869,0.851240,58887933,45
0,663466589,1.067086,58889778,20
0,3465222841,0.911622,58891971,25
0,3677278937,0.919621,58893528,16
0,3476773031,1.035974,58895990,29
0,1415204783,0.818488,58900317,51
0,123199213,0.875000,58902254,21
0,1325315137,0.919621,58903390,10
0,2275784957,1.019344,58905448,10
0,1635896489,0.893772,58907505,21
0,645637709,1.031250,58914787,98
0,3267914057,1.038798,58917180,28
0,1065447571,1.079370,58918589,14
0,1241244097,0.915364,58921743,39
0,1218476243,0.899761,58923638,21
0,3489356363,1.035503,58925478,20
0,815659919,1.031723,58927938,29
0,4088006641,0.888841,58932842,64
0,1340965421,0.899761,58935160,27
0,740670881,0.934370,58938689,44
0,3798673283,0.915364,58940320,17
0,113932157,0.732211,58942777,29
0,624209161,0.955044,58944474,18
0,557993171,0.811899,58947012,30
0,4080042907,1.035503,58947523,1
0,3496897891,0.793652,58948252,4
0,716326343,0.920152,58950218,22
0,1593618751,0.776234,58954518,55
0,3753303557,1.111464,58956024,9
0,1927601773,0.827978,58956641,2
0,322273387,1.093750,58958471,20
0,207740791,0.858664,58967018,113
0,1728804923,1.043020,58967686,3
0,3925781683,1.038798,58968422,4
0,1275601087,0.977281,58970266,20
0,196543843,0.875558,58970914,3
0,3045870491,0.925971,58973523,31
0,2603262677,1.106621,58977533,51
0,2940008963,0.882225,58978049,1
0,4277814571,0.880563,58979750,18
0,2911376947,0.848942,58981871,24
0,1043876497,0.745429,58982720,6
0,2460097201,0.915364,58984969,26
0,843667277,1.025552,58987433,29
0,120389987,0.817891,58991568,53
0,3436334299,1.074382,58994729,39
0,2897782033,1.012616,58995651,7
0,1671692731,0.938541,58996227,2
0,4004392267,1.071652,58998297,23
0,1183475731,1.031723,58999149,6
0,1846238551,0.958616,59006445,81
0,4195336129,0.759060,59010070,39
0,3817779529,0.958616,59014596,58
0,1926425077,0.921743,59015253,3
0,2602204991,0.827978,59015983,4
0,357434849,0.741488,59016478,1
0,4061796341,0.884988,59018450,22
0,1309446337,0.848367,59020078,17
0,1811746819,0.940101,59021143,9
0,3469885291,1.068458,59024510,42
0,479257703,0.925443,59025235,4
0,3183042283,0.927551,59025903,3
0,1475975707,1.050019,59027115,11
0,1037256839,0.958107,59028110,8
0,148570789,1.050019,59030490,28
0,1032981121,1.101313,59031412,7
0,2033507897,1.071652,59033045,17
0,2563426213,0.844907,59038584,73
0,3837149759,0.814900,59042813,54
0,3983905747,1.000488,59044866,23
0,1999887499,0.939581,59045382,1
0,2840068873,0.814900,59046504,10
0,503118857,0.735538,59047020,1
0,1571461141,0.688919,59048570,16
0,2914962623,1.048623,59052398,48
0,1080608387,0.946313,59053733,13
0,1532998801,0.888841,59056207,29
0,1184685787,0.768648,59057563,13
0,786119981,0.820275,59059357,15
0,374389789,0.841432,59062950,45
0,3650811169,0.915364,59063955,8
0,2435551289,1.100870,59069390,69
0,1908860971,0.822059,59070473,9
0,4250096041,1.002438,59071688,11
0,3152405017,1.132786,59072278,2
0,2897140021,0.981270,59074262,22
0,3410650147,0.981767,59075185,7
0,1303484389,0.820275,59079817,60
0,2113877203,0.906789,59081382,16
0,2567492107,0.875558,59082581,11
0,2175631501,0.952484,59083365,5
0,1140799787,1.094196,59084932,16
0,3234010183,1.054659,59087257,27
0,221823853,0.877786,59090844,45
0,2553940783,0.986728,59095409,59
0,3071209831,0.791804,59096913,15
0,187270901,0.945797,59098041,10
0,3690858607,0.848942,59099060,8
0,291648619,0.822653,59100887,20
0,747192737,1.075745,59111413,125
0,1497921251,0.919090,59112527,7
0,1036802191,0.987223,59119307,91
0,1453365623,1.126301,59123236,49
0,1802968357,1.265529,59124603,13
0,1426955723,0.886090,59125608,8
0,1971665209,0.722139,59126820,11
0,2784884693,0.884988,59130152,41
0,2552068579,0.980772,59133392,40
0,2676112391,0.924387,59134943,16
0,4010680523,0.833854,59135523,2
0,2077808921,0.974279,59138051,30
0,1861156411,1.140946,59142566,58
0,83277707,1.101756,59146849,55
0,1223361619,1.010685,59149175,27
0,2595745099,0.972774,59150324,10
0,1460560279,0.849517,59152156,20
0,2278459957,0.858664,59154147,22
0,3299656187,1.029829,59156125,22
0,1005857999,1.035974,59162316,77
0,987890993,0.884436,59166169,46
0,1325455069,1.101313,59166915,4
0,1837852189,1.008267,59167984,9
0,1195369051,1.085235,59171787,48
0,2007200759,1.004871,59173089,12
0,209270449,0.793652,59175905,34
0,1672930121,1.002438,59176416,1
0,2425915081,1.032197,59179649,40
0,2233195529,1.004385,59180433,5
0,2683851701,0.907327,59180955,1
0,2406579739,0.849517,59181542,2
0,3362035139,0.822653,59185676,53
0,2941645307,1.078917,59186983,12
0,2179062689,0.938541,59187629,3
0,1141659721,0.784369,59189449,20
0,4181343559,0.975280,59191432,22
0,10949507,1.017906,59192690,12
0,2145010783,0.977281,59198719,80
0,4066503277,0.855246,59199808,9
0,374880587,1.001951,59201978,25
0,758128739,1.126735,59203101,10
0,942744961,0.793652,59205623,29
0,1157163809,0.956577,59206481,1
0,4073135263,1.156672,59208645,24
0,1993429777,0.770552,59211418,19
0,2007953723,0.973777,59221120,128
0,1029244759,0.914830,59224083,36
0,3640861813,0.778746,59225214,10
0,2207130413,0.950432,59226971,19
0,2011462237,0.813701,59227844,6
0,2797903253,0.864332,59231417,45
0,4286469797,0.999023,59233215,19
0,3849701083,1.258176,59233943,4
0,413275921,0.923859,59234645,4
0,4238363453,0.699470,59237182,30
0,1348298261,0.875558,59237759,2
0,1928421811,1.024123,59238688,7
0,1712975779,1.048157,59239419,4
0,3024738701,1.038798,59240077,3
0,2469597479,0.969758,59241625,16
0,1017619763,0.877786,59242553,7
0,4129880813,0.955044,59245641,38
0,3119982193,0.991172,59249080,43
0,2558059607,1.125868,59250160,9
0,3446605403,0.916963,59251518,13
0,979589309,1.099538,59252793,12
0,3865649729,1.040677,59262319,125
0,1756219921,0.738188,59263478,10
0,4053417971,0.950945,59266221,33
0,1729833299,1.024123,59270158,48
0,2958889379,0.964203,59270750,2
0,2194947971,0.953509,59271472,4
0,113403977,1.037387,59272730,12
0,294501983,0.884988,59274214,15
0,2850194999,0.976781,59274795,2
0,1348363853,0.876115,59277262,29
0,855440809,0.871645,59280504,40
0,284276017,1.017906,59281010,1
0,3294389881,0.977281,59282424,14
0,3281341157,0.725512,59289353,93
0,1125447419,0.884436,59291119,19
0,1929252847,0.897044,59292962,20
0,1212844543,0.970764,59293827,6
0,533334019,0.846062,59297748,50
0,4276271053,0.781875,59298833,9
0,3798579269,0.846639,59302259,43
0,2463061877,1.098205,59303616,13
0,166825621,1.063419,59305514,21
0,3146653303,1.033615,59307772,26
0,3586793593,0.942176,59309083,8
0,2462032367,1.257788,59313789,46
0,776071609,1.152867,59315585,17
0,2811413359,0.766103,59317360,19
0,281433539,1.098205,59318487,10
0,3590092169,1.004385,59321173,32
0,3336953107,1.014061,59322035,6
0,1536343951,0.668779,59325503,43
0,2292693979,1.050483,59326584,9
0,647148989,1.190785,59328000,14
0,654347591,1.088828,59329068,9
0,4285458421,0.950432,59330364,12
0,219605941,1.230314,59330939,2
0,1682855569,0.895409,59331732,5
0,1981661953,0.875558,59335397,46
0,2500396519,0.880563,59335909,1
0,1719390551,0.981270,59339155,40
0,138665291,0.942176,59341347,25
0,2055767537,0.846639,59342491,10
0,2676214301,0.813701,59343081,2
0,3595327793,0.985738,59345061,22
0,2494478477,0.977281,59346277,11
0,695494739,0.880563,59350061,48
0,645663881,0.977281,59350845,5
0,2633131651,1.097316,59351495,3
0,4197351679,0.971267,59353485,22
0,1456673851,0.751301,59355463,22
0,3719280031,0.927551,59355988,1
0,2770407121,1.004871,59358645,32
0,1147211831,1.191605,59359713,9
0,2580499813,0.927551,59360374,3
0,2806909003,0.919621,59361510,10
0,419316641,0.694566,59363766,21
0,4186387393,1.300165,59366331,30
0,2708634233,0.919621,59367954,17
0,1348064639,1.033142,59369463,13
0,4248597373,0.880563,59373123,46
0,1215999503,0.911086,59373849,4
0,2826588253,1.066170,59374565,4
0,1590980387,1.000000,59378295,47
0,1915208671,0.813101,59384530,83
0,2050482157,0.978779,59385956,14
0,398356037,0.949404,59387724,19
0,1449353161,1.002438,59390260,30
0,231204931,0.973777,59391180,7
0,4017445583,0.956577,59391703,1
0,3057357383,0.873883,59397677,79
0,1585788041,1.002438,59399511,20
0,3476767927,0.732211,59402762,40
0,3474582931,1.000488,59403697,7
0,2792364361,0.964709,59405733,23
0,2496726083,0.969758,59409043,41
0,1593123403,0.789333,59410672,17
0,925702493,0.942694,59411576,3
0,2749633571,1.046292,59412875,12
0,3882181679,0.920152,59416245,29
0,3500482243,0.938021,59418460,23
0,2316803603,1.039738,59420014,16
0,1261081741,0.758416,59424080,52
0,603649097,1.158360,59425701,17
0,199982131,0.855246,59428254,30
0,1760870519,0.993632,59429891,17
0,1055588507,0.753248,59433065,39
0,2224855363,0.925971,59436568,44
0,2466917029,1.064337,59437489,7
0,3692712481,0.707797,59438839,13
0,303803,0.956577,59439938,11
0,881537759,0.941657,59441570,17
0,1513427723,0.940101,59443274,18
0,3894284167,1.040677,59444909,17
0,2391550003,1.130628,59445414,1
0,159933703,0.924387,59446402,8
0,3297969673,1.035974,59448013,17
0,175173091,1.035503,59450964,36
0,1785596929,0.851240,59451464,1
0,1933387207,1.100870,59452395,7
0,725412223,1.100870,59454093,18
0,108695647,1.016466,59455646,16
0,3465431377,0.761629,59457763,24
0,3660026369,1.133647,59460435,32
0,4254995729,0.818488,59464012,45
0,4118553199,1.063419,59466807,29
0,2459758933,0.969758,59468373,16
0,2988867719,0.860369,59470065,18
0,3756122429,0.880008,59470653,2
0,1916751469,0.849517,59473755,35
0,1112840143,0.693159,59474968,11
0,2288052607,0.929655,59476174,11
0,3645558797,0.876115,59477515,13
0,2064450841,1.000488,59479067,16
0,1298988283,0.851240,59479588,1
0,3286619291,0.832682,59481154,16
0,2972864441,1.135799,59481664,1
0,4024018387,0.958616,59491958,141
0,3352979873,0.915897,59492607,3
0,1589285437,0.940101,59493122,1
0,4269879743,0.813101,59494618,15
0,2715583337,0.910550,59496106,15
0,4150830737,0.799169,59496963,6
0,460435909,1.000976,59497823,6
0,3608440949,1.039268,59499584,19
0,2574163219,0.945797,59500307,4
0,2078702807,1.043020,59501386,9
0,2633222017,1.039268,59505112,47
0,3075947041,0.846639,59505620,1
0,1215327149,0.745429,59506546,7
0,418609909,0.970764,59507899,13
0,4259916611,0.947859,59512831,64
0,1872171443,1.128467,59519414,65
0,564107627,0.872205,59520189,2
0,3728797907,1.094643,59522030,20
0,3137445527,1.163407,59528183,82
0,3043854659,1.019823,59529396,11
0,394547897,0.985738,59530527,10
0,2637909101,0.967237,59531249,4
0,604144643,1.062959,59532574,13
0,2250766753,0.938541,59533436,6
0,1126929437,0.662176,59534922,15
0,1063901281,0.908940,59535429,1
0,413019067,0.944247,59538123,32
0,1399755341,0.743461,59540594,29
0,1575936599,1.223947,59542296,18
0,2026696319,0.882225,59546265,50
0,2871113057,0.864332,59547953,18
0,3604300867,0.855246,59548600,3
0,3226027813,1.129332,59550352,19
0,4081900187,1.107944,59552263,21
0,1267593667,1.039268,59554722,29
0,1568311807,0.829745,59555739,8
0,1426369891,0.993632,59557497,19
0,2607585221,0.753896,59561792,55
0,4233901213,0.766103,59562521,4
0,2861027761,1.062959,59564217,18
0,2552323877,0.977281,59566694,29
0,1323803357,0.930180,59567850,10
0,472847329,1.040677,59571237,38
0,2850612629,1.099538,59573224,22
0,1304025403,0.901929,59575671,26
0,496991263,0.945797,59576209,1
0,144006659,0.949404,59577472,12
0,1968672929,0.854103,59579454,22
0,4249906393,1.019344,59581147,18
0,2297475403,1.158360,59581655,1
0,2250022013,0.938541,59583918,26
0,1105518061,1.012133,59584926,8
0,3471805307,0.879453,59587332,28
0,4253351353,0.827388,59589599,26
0,2250815927,1.133647,59591925,27
0,195609653,1.129332,59593903,22
0,778634113,0.911622,59595236,13
0,2439949943,1.038798,59596245,8
0,2360392301,0.823246,59597519,12
0,2007042853,1.043488,59603599,81
0,606704977,0.952484,59606627,37
0,321839533,0.822653,59607131,1
0,336763243,0.846639,59608264,10
0,1203434189,1.040677,59610103,20
0,1057721383,0.879453,59611331,11
0,1019538139,0.913227,59612329,8
0,2214585449,0.956066,59612985,3
0,1278701243,1.002438,59614683,18
0,575706889,1.156672,59616082,9
0,4246448329,0.994614,59616684,2
0,2601007267,1.040677,59618935,26
0,804536263,0.855246,59621668,14
0,3606714277,0.963190,59623038,9
0,1751598817,1.102642,59624759,18
0,3086134969,0.893772,59625626,6
0,1118479871,0.944247,59626210,2
0,459156781,1.104854,59627275,9
0,3907659617,0.915364,59627859,2
0,154319657,0.814900,59629959,24
0,4131587407,0.915364,59632355,28
0,604500641,0.888841,59634741,28
0,2576393857,0.968750,59639284,59
0,2141000053,1.073018,59641467,25
0,3782205457,0.750651,59642319,6
0,3772897549,0.813701,59643106,5
0,2764727939,0.762910,59643838,4
0,1548403693,0.899761,59645393,16
0,2916643283,1.040677,59645915,1
0,1524869471,1.139233,59648257,27
0,4171924651,1.042552,59650782,30
0,1210498573,0.875558,59651712,7
0,3348440387,0.820275,59652643,7
0,1577189443,0.971267,59654676,23
0,285286643,1.010685,59660221,73
0,1596833809,0.781875,59661005,5
0,80103931,1.110145,59661504,1
0,2727353939,0.751951,59664945,43
0,2310393443,0.760987,59667558,31
0,2989894319,1.074382,59677153,122
0,3059642293,0.946313,59680102,35
0,411854867,0.928078,59681088,8
0,3738963593,0.940101,59681736,3
0,894215053,0.880008,59682942,11
0,962396587,1.082983,59687220,55
0,3497514299,1.000976,59690599,42
0,79754209,1.032197,59691787,11
0,1553149537,1.006328,59694393,31
0,477999449,0.849517,59697209,34
0,3473979781,1.070284,59702945,76
0,2208289379,1.002438,59707644,61
0,2919415567,0.872205,59709923,26
0,2830273417,0.855246,59712174,26
0,600679973,1.102642,59713515,13
0,2069339971,1.098205,59714591,9
0,327593411,0.950945,59717606,37
0,2797126733,1.004385,59718446,1
0,4048754257,0.914830,59720859,28
0,1985948299,1.105296,59722542,4
0,1430681023,0.860369,59726727,46
0,2160539189,1.008267,59727256,1
0,3871937197,0.715345,59731197,50
0,3248963297,1.021736,59732898,18
0,518229337,0.978779,59733614,4
0,1627116409,0.829745,59734547,7
0,229263719,0.913227,59735750,11
0,1650979037,0.972774,59736334,2
0,3095764831,0.793652,59738451,24
0,1626930089,0.944247,59740084,17
0,2880342559,1.140946,59742718,31
0,351934903,1.025552,59743998,12
0,300167783,0.848367,59746884,35
0,3287904929,0.647260,59747464,2
0,3603288791,0.843171,59748052,2
0,1919966557,0.950945,59750164,24
0,1909086107,1.146070,59751374,11
0,2948407051,0.901929,59753779,28
0,1369848209,0.988706,59754920,10
0,514089181,0.938541,59756396,15
0,2654265359,0.886090,59758782,28
0,589733437,0.908940,59759506,4
0,3628460707,1.175100,59760233,4
0,2903769571,0.813101,59761571,13
0,1075006421,0.946313,59763889,27
0,3044187457,0.844907,59764675,5
0,2105024641,0.978779,59768397,47
0,4140206479,1.033615,59771281,35
0,3636701623,1.128899,59774160,35
0,3433542811,0.796109,59775894,15
0,3326397863,0.950432,59776564,2
0,1746982709,0.944247,59778116,16
0,4108910579,1.138804,59779267,10
0,1972129877,1.106621,59780274,8
0,1315730723,0.817294,59782150,18
0,3428257291,1.054659,59783583,14
0,3176476211,0.937500,59785420,20
0,2236487053,0.920152,59787321,21
0,3097226101,0.796722,59787847,1
0,2820396563,0.969758,59790587,33
0,3392317493,1.009718,59794360,48
0,2485810837,1.064795,59795286,7
0,2772481687,0.876115,59796421,10
0,3133021669,0.952484,59797154,4
0,1830174271,0.939581,59799773,31
0,709601237,0.827388,59800290,1
0,3687888409,1.008267,59802538,26
0,4016882977,0.906789,59811980,129
0,3798520853,0.946313,59813610,17
0,395747291,0.848367,59818372,62
0,3182351299,1.073928,59820426,23
0,3367915511,1.029829,59821817,8
0,174187051,1.039268,59825199,29
0,1976727289,0.908940,59826240,6
0,3041847713,1.000976,59827529,10
0,2095498247,0.877229,59835488,106
0,2502460069,0.946313,59836081,2
0,2515050337,1.144365,59838894,34
0,1962507721,1.064795,59841231,27
0,1839644419,0.927551,59842024,5
0,4059428557,0.844907,59843728,18
0,3034210987,0.628894,59848980,69
0,678470599,0.920152,59849909,7
0,493014623,1.257788,59851393,15
0,2974077709,1.105296,59853234,20
0,4186913707,0.701561,59855158,21
0,1632717259,0.880563,59855665,1
0,1731627203,1.024123,59857645,22
0,196634777,0.940620,59859613,22
0,3763445303,1.094196,59862148,30
0,1785767353,0.832682,59862656,1
0,1410158063,0.915364,59863447,5
0,2982785413,1.152867,59867297,49
0,1014598021,1.014061,59868012,4
0,747045163,0.999023,59869346,13
0,650807581,0.843171,59874516,68
0,3733628183,0.884436,59875654,10
0,1899902087,0.987223,59876721,9
0,2085183083,0.880563,59878369,11
0,2961927517,0.820275,59879529,10
0,393326669,0.846062,59882838,41
0,1435127557,1.158360,59885775,33
0,370391029,1.035503,59887862,23
0,4001739367,1.073928,59888377,1
0,3062593123,1.129332,59892672,55
0,2751425879,0.997556,59893551,6
0,3681527519,0.907327,59894493,7
0,3478597457,1.031723,59895431,7
0,243520261,0.910550,59901449,80
0,741917731,1.000976,59903834,28
0,1607567683,0.907327,59905395,16
0,2175579979,1.002438,59906399,8
0,1020393373,1.031723,59907262,6
0,2707514867,0.823246,59908050,5
0,3697959583,0.939581,59911143,38
0,4107469859,1.009718,59912066,7
0,1877771443,1.019344,59915309,40
0,4191433943,0.883883,59918122,34
0,491478307,0.973777,59918766,3
0,2993608661,1.100870,59919292,1
0,4150321837,0.952484,59920363,9
0,3204609403,1.068458,59923464,33
0,255186137,0.882225,59924065,2
0,3996440059,0.788714,59927642,31
0,1540111921,1.139661,59928606,5
0,3344862511,0.833854,59930033,14
0,3633155783,1.233485,59933007,36
0,1857612079,0.983258,59935687,32
0,2972922877,0.963190,59937461,19
0,3453441259,0.927551,59938681,11
0,1718820359,0.971267,59940806,24
0,520889969,0.958616,59946318,73
0,652710503,1.050019,59947663,13
0,4181464139,0.923330,59949147,15
0,3168309323,0.939581,59951185,23
0,3669432937,0.884436,59952251,9
0,2562805541,1.028405,59956535,55
0,377431721,0.631992,59957528,8
0,1215973907,1.004871,59958521,8
0,3572867321,0.814900,59960090,16
0,1764051607,0.827388,59960669,2
0,1405672907,1.062959,59961670,8
0,2332795249,0.906789,59963439,19
0,2275159559,0.955044,59965482,23
0,3790335449,0.986728,59967122,17
0,1893315209,1.150323,59968527,14
0,998456567,0.864897,59969748,11
0,3701174297,0.976781,59970889,10
0,3082134047,0.944247,59972725,20
0,154392041,0.846639,59973515,5
0,3369970711,1.142657,59975142,17
0,2213446051,1.136229,59979332,47
0,2465087851,1.095534,59980357,8
0,1337833219,0.793036,59984735,53
0,3806108771,1.140946,59985406,3
0,3748881733,0.973777,59986571,10
0,3250753997,0.882225,59994790,111
0,1995150097,0.914830,59996975,25
0,3535488127,0.950945,59997769,5
0,671975459,0.811899,59998968,11
0,3035335651,0.827388,60000400,14
0,2145382831,1.229123,60006712,84
0,45619267,0.820870,60007553,6
0,346856197,1.129332,60009026,15
0,777774169,1.040677,60012547,44
0,3754279379,0.836193,60014739,25
0,1964649871,0.989199,60015321,2
0,231996967,0.822653,60017014,18
0,1154723851,0.860369,60020935,50
0,3850173163,1.106621,60022094,10
0,510534097,0.844329,60024131,23
0,1815026519,0.670966,60025208,9
0,835797217,0.915897,60026183,3
0,3894749671,0.907327,60026850,3
0,1649736799,0.971267,60027505,3
0,675576059,1.080274,60030828,25
0,1361868199,0.894318,60036139,67
0,3071105353,0.893772,60037693,16
0,2709122947,0.968750,60039329,17
0,1769660899,0.884436,60042914,45
0,668747147,0.980772,60044187,12
0,2689064449,0.864897,60045530,13
0,4193871953,1.031250,60047512,22
0,135574013,0.920152,60049334,20
0,1467312139,0.722139,60050402,9
0,3988363627,0.815499,60052503,22
0,4011117211,0.978779,60055569,37
0,2046862927,1.009718,60056076,1
0,707997397,0.866589,60057350,12
0,2308275379,0.880563,60060514,39
0,3271946389,1.070284,60061864,13
0,759604481,0.792420,60063693,20
0,624980497,0.987223,60064194,1
0,1560267959,0.950432,60069617,71
0,1871691827,1.162987,60070901,12
0,2732635351,0.862070,60073086,25
0,510074911,1.158360,60073729,3
0,263992549,1.047691,60075415,18
0,2392231921,1.182968,60079024,45
0,3909568199,0.897588,60080027,8
0,14480051,0.944247,60081756,14
0,204891727,0.691042,60082648,6
0,1462174283,0.860369,60083363,4
0,4050940211,0.927551,60084016,3
0,2486677351,0.848367,60088520,56
0,2114189977,0.945797,60090941,28
0,197949823,1.038798,60092076,10
0,1895206241,0.910014,60093909,20
0,634597907,0.981270,60095748,20
0,711200461,0.989199,60097224,15
0,361575587,0.945797,60099405,25
0,2055835729,0.813701,60100114,4
0,2057876599,0.855246,60101817,18
0,2758559561,0.952484,60104211,28
0,215519723,0.818488,60109060,63
0,289563509,0.855246,60109983,7
0,2795736431,0.895409,60114003,51
0,1194296723,1.032197,60115841,20
0,375264199,1.146496,60117460,17
0,3998040437,0.963190,60118319,6
0,2837703073,0.907327,60119450,10
0,421643479,1.106621,60121133,18
0,1113531547,1.006328,60121858,4
0,3241472141,1.023646,60126089,53
0,2709283067,1.064337,60126835,4
0,2610756727,0.923330,60129147,22
0,2182298879,0.945797,60130106,7
0,174824381,0.786855,60130898,5
0,3471690227,0.872205,60133887,21
0,801717523,0.787475,60135367,13
0,2864357737,1.002438,60135883,1
0,1141814411,1.019823,60137505,17
0,3309132137,0.940101,60138867,13
0,47781737,0.977281,60140905,23
0,4088611907,0.720107,60144126,40
0,3449040929,1.027930,60146992,35
0,1719257993,0.956577,60147996,8
0,3717724399,0.724838,60148808,5
0,736590451,0.750651,60149395,2
0,303233153,1.123697,60150167,5
0,2644215437,0.950432,60152217,23
0,354322999,1.285055,60153283,9
0,619714633,0.822653,60155657,28
0,1703203253,1.288092,60156513,6
0,1212415903,1.088828,60158985,29
0,800862841,0.882225,60161513,30
0,1320407399,0.955044,60162447,7
0,170714129,1.117160,60163149,4
0,3982823161,0.938021,60164636,15
0,351120899,0.911086,60165766,10
0,4246638493,0.997556,60169218,43
0,1337330887,0.895409,60170774,16
0,2951012003,0.969758,60172351,16
0,3452697373,1.100870,60176934,59
0,3606044987,1.132786,60179678,33
0,1695631013,0.880563,60181440,19
0,2810674831,1.128467,60182870,14
0,488255633,0.938021,60184985,21
0,2986721447,1.201399,60186411,14
0,1124291837,1.097761,60187344,7
0,292111579,0.789333,60188060,4
0,8939537,0.969758,60190334,24
0,100771157,1.157094,60191606,12
0,491377687,0.891036,60194923,41
0,2313721261,0.950432,60195719,5
0,1197031453,1.068458,60196295,2
0,3930416467,0.932801,60198144,20
0,154369177,0.981270,60199201,9
0,1801778093,1.000976,60203215,51
0,26419423,0.886090,60205006,18
0,118302059,0.939581,60207070,23
0,2308533443,0.994614,60208345,12
0,3268249217,0.969254,60211448,38
0,1673041753,0.781875,60213843,28
0,2636584969,0.937500,60215398,16
0,3750622679,0.941657,60216268,6
0,307041643,0.786855,60217135,6
0,2124347441,0.946313,60218282,10
0,1355364541,1.033615,60220391,24
0,1230709201,0.938021,60221936,16
0,3052519111,0.834439,60222458,1
0,1728889451,0.759060,60225272,34
0,547659319,0.820275,60229202,50
0,2401444841,1.085235,60231161,17
0,1382062741,0.834439,60236076,46
0,3009415697,0.933847,60237055,5
0,4288071803,0.713295,60238149,9
0,1487026603,0.981767,60240950,32
0,1491971939,1.050019,60243326,26
0,2340407599,0.753248,60243855,1
0,2655222839,0.784369,60245350,15
0,1118199337,1.113658,60245996,3
0,3681148997,0.820275,60248459,29
0,1062099109,0.822059,60248969,1
0,2864959063,0.977281,60250885,21
0,522602141,0.822653,60253481,31
0,1351394267,0.675318,60258596,67
0,3572648441,0.848367,60259887,12
0,1169235481,0.886090,60260885,8
0,1316020259,0.853531,60262995,24
0,3482326543,0.888841,60263997,8
0,1404375799,0.976781,60265915,21
0,739657547,1.146496,60267322,14
0,3892633861,0.628117,60276554,126
0,1296775633,0.848367,60277273,4
0,1226649217,1.146496,60279171,21
0,168646979,0.919621,60279736,2
0,2770022747,0.914830,60280385,3
0,1042797421,0.732211,60281670,12
0,1305079333,0.827388,60283226,16
0,3757187557,0.993141,60284089,6
0,3607946939,1.031723,60286767,32
0,4281680587,1.033615,60290782,51
0,3950965357,0.882225,60291312,1
0,2246916379,0.908940,60292270,2
0,183244469,1.160465,60299251,90
0,2585920699,1.064795,60301877,31
0,1416303173,1.095534,60302451,2
0,3055400683,0.920152,60303178,4
0,2928977747,0.963190,60303691,1
0,2730209341,0.846639,60304844,10
0,1849195531,0.860369,60306468,17
0,2367496949,0.817891,60308794,27
0,3721252037,0.911622,60309387,2
0,2736908543,0.972774,60313402,51
0,186722477,1.068458,60314181,5
0,756686641,0.860369,60315174,8
0,1957499603,0.760987,60315909,4
0,2113873759,0.950945,60316929,8
0,421597207,1.128467,60319026,24
0,1607307257,0.932277,60319833,5
0,31699403,1.004871,60320397,2
0,1403968757,1.031250,60322248,20
0,959040773,1.068458,60324149,21
0,1314166519,0.942694,60325707,16
0,36956137,1.095980,60326419,4
0,1034061047,0.938021,60329037,31
0,3456674723,0.891036,60329616,2
0,2795826601,0.877786,60331169,16
0,3733868137,0.958616,60334138,31
0,1325336501,0.969254,60335303,10
0,3021085031,1.074382,60338719,29
0,2896838429,0.792420,60343453,59
0,3655141453,0.768648,60343963,1
0,759222889,0.880563,60346210,26
0,1256992589,1.129332,60346869,3
0,424953121,0.758416,60347435,2
0,1491598039,0.875558,60349162,18
0,2946163139,0.827388,60349748,2
0,585514613,0.970764,60355071,70
0,576278977,0.889391,60356055,8
0,1200513059,0.955044,60359205,39
0,3903285233,1.147347,60360698,15
0,2329742449,1.004871,60363529,34
0,1376620279,1.189554,60365640,24
0,1266045149,1.154137,60367753,24
0,356305241,1.004871,60369299,16
0,3271269943,1.035503,60370523,11
0,2146089203,0.656994,60371824,12
0,1777128251,0.970261,60373469,17
0,886737457,0.969254,60375220,19
0,2851143923,1.019823,60377203,22
0,2239684897,0.816696,60379678,29
0,428845709,0.640434,60381812,24
0,1937380997,0.849517,60383161,13
0,960290449,0.787475,60383948,5
0,330557351,1.159624,60384531,2
0,2542764797,0.776234,60385903,13
0,3273493061,1.070740,60388665,29
0,2159444641,1.001951,60389326,3
0,2650954433,1.016466,60390384,9
0,2192843459,0.952484,60391164,5
0,47226953,0.820275,60394180,35
0,4184056573,0.924387,60394714,1
0,293758051,0.848942,60395635,7
0,3167916971,0.824432,60400406,62
0,3097302931,0.908940,60402871,29
0,2291125553,0.941657,60403874,8
0,1749603407,0.981270,60404937,9
0,1170386417,0.950945,60406766,20
0,2717683439,0.919621,60407633,6
0,3703697863,0.813101,60409197,16
0,391259507,0.944247,60409846,3
0,3471734263,0.956066,60410863,8
0,1289594767,1.070740,60412145,12
0,2227240289,1.069828,60414614,29
0,1996518857,1.004871,60417143,30
0,1405018583,1.007782,60419964,34
0,2810086973,0.939581,60420833,6
0,241766227,0.888841,60424552,47
0,1471966037,0.921743,60426256,18
0,3126368501,0.849517,60429695,43
0,127496911,1.035031,60430623,7
0,888376297,0.956066,60431410,5
0,2985110059,0.793652,60435262,44
0,2286568741,0.895409,60437031,19
0,4091936707,0.784369,60437560,1
0,3285596747,0.771818,60441715,40
0,2307796913,0.752600,60444845,36
0,2765311441,1.261664,60445424,2
0,1585310327,0.849517,60446164,4
0,1204579163,0.883883,60447096,7
0,466957307,1.064795,60447680,2
0,1372982411,0.914830,60448826,10
0,2209438877,1.069828,60450031,11
0,4075524319,1.095980,60453225,39
0,2594939293,0.787475,60456600,42
0,3233631133,1.194061,60458085,15
0,590145593,1.102642,60458657,2
0,681195737,0.880563,60460080,14
0,4255135099,1.002438,60462699,31
0,222426443,0.903552,60463841,10
0,3771030827,0.855246,60465951,24
0,2171755819,0.632764,60466685,3
0,3443316343,1.014061,60468050,13
0,3839081381,0.832682,60471717,46
0,1199094961,0.844329,60473006,12
0,2678581207,0.720107,60474783,19
0,2524014343,0.946829,60475511,4
0,758704621,0.843171,60479319,48
0,2999627207,0.908403,60481441,24
0,1251049831,0.855246,60482859,14
0,4163545171,0.863202,60483929,9
0,264277007,0.902471,60487026,38
0,1385197529,0.950432,60488369,13
0,1901527483,1.192833,60491414,33
0,2310193469,0.942694,60495015,45
0,3884130427,0.755837,60496652,17
0,1426440823,0.628894,60497929,12
0,1650040279,0.939581,60499497,16
0,3209146399,0.875000,60500386,5
0,1539773899,0.942176,60501301,5
0,656329477,0.713295,60502865,16
0,1654558709,0.924387,60504777,21
0,4253420917,0.921743,60506972,22
0,2373234377,0.913227,60507656,3
0,1951514783,0.973276,60510251,31
0,3314541497,0.818488,60512501,26
0,3310715347,0.832682,60517127,60
0,1046345983,1.070284,60519945,34
0,1041613861,0.880563,60520448,1
0,3077419351,0.829745,60523958,44
0,398586989,0.972774,60525513,16
0,463554139,0.911086,60528246,33
0,1839563861,1.222750,60530421,25
0,2892489883,0.908940,60531013,2
0,3440250109,1.064795,60535444,57
0,3861523987,1.000976,60537739,22
0,786174721,1.031723,60539234,15
0,922575007,0.880563,60543705,44
0,2177145163,0.836193,60545724,19
0,651772213,0.746083,60547642,21
0,805583797,0.920152,60549047,14
0,1573361957,1.063419,60550603,16
0,3989692853,1.171354,60554545,50
0,835691023,0.778746,60557767,40
0,3247776463,0.770552,60560582,34
0,2808577813,0.919621,60562572,22
0,2494466941,0.944247,60563087,1
0,131367589,0.927551,60564417,13
0,2851042393,0.986728,60565497,9
0,440443777,1.031250,60565992,1
0,2294883937,1.033615,60566702,4
0,1479098419,0.827388,60569086,28
0,3615784499,1.131060,60569599,1
0,908892623,0.730208,60572056,29
0,501671767,0.993141,60572570,1
0,74753941,1.044891,60573067,1
0,2846828407,0.963190,60576883,48
0,3351829079,0.968750,60577954,9
0,88627447,0.915897,60582717,62
0,3585877597,1.284675,60583792,9
0,577429003,0.876115,60585001,11
0,1180163801,1.002438,60585518,1
0,876878729,1.043020,60590361,63
0,816570247,1.195695,60592264,21
0,3637529911,0.980772,60594234,22
0,1183397027,1.009718,60596688,23
0,185490163,0.941657,60597435,4
0,375146323,0.941657,60598921,15
0,1839667483,0.797334,60599782,6
0,3223847633,0.813701,60600630,6
0,2818197307,0.750651,60602280,14
0,2493033853,0.945797,60603226,7
0,56531557,0.915364,60604002,5
0,3803884237,1.038328,60608008,51
0,3022768787,0.973276,60612004,51
0,846381079,0.913227,60616350,56
0,342432481,0.880008,60616919,2
0,501095537,0.804043,60617773,6
0,2845738453,0.986728,60622073,55
0,2953084361,0.843171,60623897,17
0,2399734639,0.902471,60624712,5
0,414680843,0.858664,60629411,61
0,1852044331,0.827978,60632235,34
0,3828822743,0.945797,60633807,16
0,649946137,0.753248,60635562,19
0,1532526269,0.960652,60636082,1
0,1524316217,1.043020,60636592,1
0,3603803653,0.904092,60638925,27
0,2345835529,0.762910,60642103,35
0,4142346331,1.079370,60646914,42
0,3342978479,0.722139,60649020,21
0,680047729,0.844329,60652879,49
0,1437546203,0.927551,60655004,24
0,881681329,0.796722,60659215,54
0,4058688373,1.033615,60662116,35
0,1350658171,1.052341,60668133,80
0,3752148977,0.903552,60669579,14
0,1365346481,0.963190,60670286,4
0,4138590853,1.254290,60671148,6
0,1289022907,0.969254,60671812,3
0,3035725001,0.827388,60672950,10
0,593802589,0.985738,60674302,13
0,1865925181,0.954021,60674826,1
0,2401389649,0.971267,60677285,29
0,963749623,0.832682,60679190,21
0,71719861,0.709175,60679904,4
0,3539944123,1.160465,60680492,2
0,2584777919,1.002438,60681495,8
0,1972205953,1.008751,60684881,42
0,437726383,1.100870,60685596,4
0,54403603,0.955044,60688530,36
0,785658287,0.891036,60689539,8
0,62120141,0.723490,60692906,42
0,3388666727,0.999023,60696219,41
0,936076139,1.002438,60697319,5
0,1601187241,1.012133,60699162,20
0,2799850531,0.940101,60702693,42
0,2222068577,0.939581,60708871,82
0,3744043001,0.877229,60709599,4
0,2839374533,0.818488,60711641,23
0,866972927,1.031723,60712438,5
0,673439651,1.144365,60713781,13
0,1191345347,0.938541,60714504,4
0,1478439497,0.789333,60715518,8
0,1562905843,1.064795,60719238,47
0,3063783637,0.849517,60720106,6
0,3414418627,1.033615,60722224,24
0,3155780153,0.875558,60723773,16
0,2420743879,0.906789,60724359,2
0,2507709437,0.969758,60725503,10
0,3492851039,1.136229,60730927,71
0,1432580189,0.864897,60735211,55
0,3130879951,0.842012,60738387,39
0,2583680219,1.064337,60740170,19
0,1025680681,0.976781,60741159,8
0,2190064453,1.085235,60742772,12
0,3422520149,0.760345,60743527,4
0,3619836697,0.907327,60744936,14
0,3165753137,0.867152,60755862,135
0,1680312811,0.820275,60757611,16
0,1401199451,0.873324,60764135,87
0,2134739197,0.848942,60766193,23
0,2264209949,0.756482,60769277,38
0,500623351,0.827388,60771606,27
0,1787305073,0.866589,60772735,10
0,3459181697,0.844329,60774009,12
0,2774899811,0.985738,60776486,29
0,3834419123,0.983258,60777354,6
0,1162961383,1.050483,60779464,24
0,4122267613,0.961668,60780333,6
0,3437938837,0.822059,60781754,14
0,3254268481,0.882225,60782461,4
0,2100164489,0.854103,60783743,12
0,2746987553,1.039738,60784600,6
0,2611528973,1.250391,60786430,20
0,409143257,1.000488,60788544,24
0,1119844289,0.923330,60789546,8
0,2043779281,0.875558,60790473,7
0,1597327211,0.827388,60792543,23
0,4084638269,1.155828,60795579,37
0,2729512523,1.033615,60798639,33
0,934386853,0.971267,60800497,20
0,2979309379,0.938541,60804979,55
0,3662070073,0.908940,60805643,3
0,88080217,0.987223,60806288,3
0,2105587927,1.101756,60807442,10
0,3312115357,1.100870,60812214,62
0,3295498517,0.978779,60813553,13
0,1005198413,0.913227,60814966,14
0,1593352639,0.919621,60816318,13
0,1068786827,1.048623,60818226,21
0,1075068733,0.968750,60819775,16
0,4018639021,0.880008,60821682,21
0,8019449,0.911622,60822881,11
0,3155693753,0.911622,60824773,21
0,3765197563,1.008267,60826143,13
0,3992119259,1.099538,60826946,5
0,3455198441,0.973276,60828923,22
0,165161779,1.161727,60829848,7
0,1573755133,0.938541,60830715,6
0,3885985933,0.985738,60833121,28
0,2966900861,0.981270,60834760,17
0,2321704213,0.950945,60835754,8
0,3847976633,0.921743,60837590,20
0,3695083373,1.035503,60838251,3
0,1924408219,0.883883,60839456,11
0,2910035971,1.035974,60840950,15
0,1334790617,0.719429,60841953,8
0,2257367059,1.093750,60842665,4
0,148998701,1.066628,60845818,34
0,2614448677,1.161727,60848816,24
0,122274959,0.968750,60851547,27
0,3238561409,1.256623,60852070,1
0,1378226027,0.906789,60853345,12
0,1123384111,0.768648,60856370,37
0,3775763477,1.208692,60863783,100
0,2402378401,0.889391,60865203,14
0,1509639827,0.877786,60867325,24
0,932507489,0.851240,60870974,46
0,2100253777,0.824432,60874484,44
0,3930891983,1.055584,60876335,20
0,2434068053,0.884436,60878165,20
0,864895879,0.873324,60878949,5
0,941867659,0.773714,60880424,15
0,3521508217,1.171771,60882493,23
0,3447787781,0.844329,60883765,12
0,555609713,1.097316,60884478,4
0,2227547617,1.024123,60888133,46
0,2401964077,0.956577,60892487,56
0,1562569651,0.852959,60897533,66
0,3673073311,0.938021,60898402,6
0,132392863,1.260503,60899885,15
0,691154309,0.741488,60905383,69
0,1485005723,0.786234,60906440,6
0,635054599,1.256234,60907450,8
0,2580283829,1.064795,60908649,11
0,2631081499,0.863202,60910766,24
0,1827856313,0.713295,60915400,60
0,1318221581,0.880563,60916983,16
0,530319767,0.911622,60917559,2
0,1635457961,0.952484,60919326,19
0,96954103,1.040677,60919908,2
0,1354528559,1.003899,60920778,6
0,1078125679,0.846639,60922486,18
0,1786512653,0.950945,60923347,6
0,1430761609,0.942694,60923993,3
0,2290326781,0.787475,60924503,1
0,2705724551,0.970764,60926339,20
0,3161195857,0.817891,60927129,5
0,318723187,0.942176,60928543,14
0,404938817,0.849517,60931759,40
0,205361257,1.074382,60932609,6
0,906590617,0.880563,60933323,4
0,3600874691,1.048623,60933913,2
0,773009891,0.827978,60935047,10
0,791122961,1.130628,60936546,15
0,1672067539,0.930180,60940578,51
0,361223189,0.813701,60942758,25
0,688991003,1.038328,60944582,20
0,1202511929,0.955044,60945090,1
0,1154771671,0.970764,60948103,32
0,392874407,1.194878,60952600,42
0,2569931543,0.977780,60953456,2
0,359825771,1.100870,60954879,12
0,4156933799,1.021736,60957012,24
0,4182638653,0.908940,60958769,19
0,1319862139,1.178419,60959370,2
0,3306940363,1.252342,60960517,10
0,339153071,0.849517,60962140,17
0,3305217077,0.999023,60965373,40
0,1637975159,1.109705,60966996,17
0,2087927,0.853531,60969020,23
0,2928410851,0.846639,60970583,16
0,3123719153,0.833854,60971647,9
0,4170193877,0.973777,60972857,11
0,1816185841,0.950945,60974135,12
0,3225894629,1.020780,60975208,9
0,1408973117,0.792420,60975804,2
0,3854174563,0.761629,60976454,3
0,3348323801,0.976781,60978157,18
0,1959090403,1.002438,60979085,7
0,2226698549,0.880008,60979811,4
0,327277481,0.897044,60980816,8
0,4187962573,0.912157,60981682,6
0,31374071,1.137517,60984415,33
0,2891166517,1.038798,60985281,6
0,407983669,1.188322,60987530,26
0,2082437303,0.791804,60988536,8
0,4007177807,1.194470,60989125,2
0,1660753519,1.008267,60990267,10
0,567553709,0.999023,60993168,35
0,2237384683,0.978779,60994450,12
0,2252754421,0.921743,60995184,4
0,947733821,0.753248,60997584,28
0,350622061,1.113658,60998646,9
0,2663522089,1.000976,60999294,3
0,638804521,1.097316,61000280,8
0,2387529643,1.003899,61001771,15
0,842535649,1.067086,61004568,34
0,38973721,0.836777,61006549,19
0,4001494547,1.002438,61009526,32
0,2557298197,1.090173,61010670,10
0,3902817011,1.007782,61011885,11
0,2003677211,0.915897,61012893,8
0,3005866069,1.054196,61015888,35
0,342878563,0.804043,61017540,17
0,948185593,1.006328,61020435,35
0,2369945951,0.908403,61023595,39
0,3481043831,0.875558,61027245,46
0,1637487119,1.063419,61028026,5
0,2324257063,0.784369,61028672,3
0,1038240589,0.875558,61030319,17
0,1601856131,0.973777,61032786,29
0,139571671,0.993632,61037267,58
0,712275637,1.080726,61038764,15
0,3773535121,0.822059,61041360,31
0,1333976299,1.102642,61042153,5
0,155439503,0.977780,61043001,6
0,2422981999,0.938021,61047216,54
0,3867370357,0.977780,61048230,8
0,4253368429,0.858096,61056186,90
0,439202381,1.226737,61058548,25
0,249434293,0.855246,61061714,39
0,3385295297,0.862070,61065921,54
0,2890489643,0.813701,61066434,1
0,989415169,0.950945,61067218,5
0,937789,0.844329,61067768,3
0,885540109,0.942694,61071560,48
0,2056955227,0.975280,61074108,30
0,3990712007,0.849517,61074630,1
0,2261032639,0.903552,61075424,5
0,4220838977,0.786855,61079978,59
0,791446853,1.035503,61082367,28
0,607797611,0.940620,61083633,12
0,1994852591,0.724838,61085122,15
0,3176896927,1.129332,61087311,25
0,3516789919,1.000976,61088941,17
0,178919443,0.883883,61091736,34
0,1130258683,0.908940,61092813,9
0,3237772693,0.848367,61095072,26
0,3820306033,0.975280,61101468,85
0,2414667557,0.973777,61104153,32
0,880632271,1.070740,61105002,3
0,1656915749,0.985738,61105784,5
0,3368088253,1.035974,61106868,9
0,2155932917,0.820870,61107444,2
0,1919449963,1.094196,61108099,3
0,1908779633,0.827978,61110093,20
0,3645381479,0.971267,61111243,10
0,1603780897,1.136229,61117262,80
0,3202088761,1.019344,61120991,47
0,3071463361,1.126735,61121501,1
0,2124291733,1.019344,61122230,4
0,156512399,0.977281,61122727,1
0,171725237,1.097316,61123968,10
0,835442533,1.001951,61128049,52
0,992094479,1.095980,61131548,44
0,523667699,0.784369,61132268,4
0,378498823,0.975280,61134457,25
0,1314077789,1.071652,61135041,2
0,3491971073,1.012616,61136871,20
0,2947456361,1.063419,61142290,71
0,1660849429,1.012616,61144192,21
0,310913831,1.157938,61146150,22
0,1024982963,1.014061,61148903,33
0,170756501,1.095980,61150869,22
0,2764030163,1.064337,61153558,28
0,1364921359,0.938541,61156222,19
0,173540431,0.844907,61159134,30
0,2030390953,1.008751,61160778,17
0,1038546947,0.849517,61163598,34
0,2418903847,1.043020,61164522,7
0,4050137359,0.978779,61165383,6
0,2404333717,0.897044,61167075,18
0,963539789,1.003899,61168420,13
0,1129766587,0.969758,61170086,17
0,3084582503,0.880563,61171168,9
0,118700489,1.202618,61173611,29
0,2507008601,1.111464,61175377,19
0,580869647,0.985738,61175896,1
0,3776287091,0.677484,61177455,16
0,3431974631,0.677484,61177973,1
0,2284865213,1.068458,61178615,3
0,1986791321,0.783746,61179471,6
0,3679178861,0.938021,61185366,78
0,2776617281,1.037387,61186499,10
0,3245468803,1.004871,61187085,2
0,2060859029,0.716027,61188571,15
0,921323677,0.827388,61191596,37
0,3873077029,0.851240,61201312,133
0,1442496661,0.889391,61202447,10
0,4078130129,1.137517,61204278,20
0,1411409803,0.783123,61210601,79
0,1618858411,0.921743,61212219,16
0,2385933917,1.220351,61213506,12
0,987135451,0.956066,61214101,2
0,994483537,1.126735,61216284,22
0,3894272953,1.113658,61217790,15
0,2709860771,1.125868,61219855,23
0,1010232647,0.969254,61220930,9
0,3061243543,1.125868,61221660,4
0,2718517301,0.985738,61223412,19
0,2316131159,0.977281,61227769,56
0,1002976553,1.008267,61229338,16
0,1768024523,1.102642,61230215,6
0,3055586293,0.844907,61231365,10
0,242125591,0.908940,61232217,6
0,1324882633,1.037387,61236276,52
0,4035308143,0.942694,61237283,8
0,1362274829,1.004385,61240089,34
0,1889310851,1.095980,61241573,15
0,2378054353,1.044891,61243614,23
0,156686021,0.950945,61245866,26
0,123103031,1.001951,61246717,6
0,372285653,0.842012,61247498,5
0,2807623697,0.947859,61249203,18
0,2538716123,0.919621,61250427,11
0,3485481113,1.234672,61257109,85
0,25303387,1.110145,61260388,24
0,1477305691,1.098205,61261851,12
0,1752490291,1.002438,61264942,38
0,679204091,0.734209,61266013,9
0,1196975779,0.889391,61266732,4
0,3794552017,1.000976,61270012,41
0,1211398963,1.052341,61272259,26
0,1795438793,1.067086,61275409,39
0,3981133567,0.768648,61275936,1
0,282497731,0.751301,61277852,21
0,3886001813,0.781250,61278509,3
0,2447628179,1.130628,61282168,46
0,1096173607,0.736201,61284340,25
0,2276851349,0.832682,61288494,53
0,3412450859,1.152867,61289088,2
0,3863483551,1.152443,61292806,47
0,2987945707,0.960652,61294429,17
0,50498863,1.076198,61299172,62
0,2961930737,0.916963,61299754,2
0,3883995217,0.958616,61302072,27
0,4227319441,0.919621,61308117,80
0,1073357687,1.097761,61309052,7
0,62902267,1.042552,61309563,1
0,3316985533,1.105296,61310350,3
0,704367241,0.925443,61311427,8
0,1014097871,0.920152,61314018,29
0,477096547,0.971267,61315918,16
0,2135016199,1.130628,61317135,10
0,2194536557,1.070284,61318449,9
0,2253411541,0.942176,61319197,3
0,2839880837,1.085235,61320705,13
0,3178075673,1.003899,61322376,16
0,2685516181,0.964709,61329778,97
0,1304888569,0.969758,61333660,49
0,3892537903,0.897588,61335780,24
0,1685255071,0.977780,61336655,6
0,2891014769,0.915364,61338423,19
0,1889448133,0.822653,61343495,66
0,2096525089,0.858096,61344224,4
0,3400828789,0.811297,61345362,10
0,1213247701,0.907327,61346420,9
0,2245741691,0.877786,61347567,10
0,422592893,1.000976,61352106,59
0,2816079757,0.822653,61353900,19
0,3538063163,0.827978,61357506,41
0,510799043,1.095534,61358243,4
0,3894211609,0.846062,61363124,44
0,914002031,0.740170,61365362,23
0,2555173681,0.924387,61366077,4
0,183651451,1.094643,61366999,7
0,2562582719,1.099538,61369258,26
0,536990743,0.913227,61370455,11
0,862532159,0.915364,61372367,21
0,3113751659,0.993632,61375175,34
0,3052968461,0.910550,61376175,8
0,2728513201,0.937500,61377308,10
0,2134562321,0.978779,61379558,26
0,2449716319,0.940101,61380352,5
0,1991546621,0.832682,61382914,30
0,1012056853,0.757128,61384322,14
0,2264302871,0.891036,61387428,38
0,2018846213,0.782499,61387940,1
0,2055278447,0.958616,61388522,2
0,271795441,0.888841,61390841,27
0,2826031667,1.009718,61392825,22
0,3814547437,1.019344,61393625,5
0,3477944291,1.064795,61394856,11
0,20224511,1.015505,61400664,77
0,3110975797,0.942176,61401945,12
0,2952793793,1.000488,61408506,88
0,4035568543,0.888841,61410568,23
0,1315482901,0.913227,61412835,26
0,860283737,1.031723,61415251,25
0,2141927191,0.820275,61415857,2
0,1228099837,1.086134,61417486,17
0,3713513971,0.942176,61418293,5
0,808050091,0.725512,61418988,1
0,1380291329,1.035974,61420411,14
0,1804973603,1.035974,61421069,3
0,3114003769,0.963190,61427887,91
0,1854554551,0.985738,61429510,17
0,778783801,1.003899,61432879,42
0,109965839,0.938541,61434989,24
0,2014581497,1.102642,61435780,5
0,2784829501,1.009718,61437001,11
0,2719098511,1.192833,61437645,3
0,1591664951,0.820275,61439145,15
0,995760089,1.067086,61441401,26
0,393689609,0.817294,61441975,2
0,2374137379,0.973276,61443109,10
0,2906805487,1.002438,61444741,17
0,1082870891,0.976781,61445733,8
0,1708623197,0.888841,61449382,46
0,2403932099,1.067086,61450318,7
0,2140778537,1.074382,61451662,13
0,3904716169,0.851240,61454537,35
0,4078516487,1.067086,61456096,16
0,2672016461,0.913227,61457868,19
0,4022518289,0.895409,61459474,12
0,1505108653,0.781250,61461542,23
0,947283863,1.066628,61462191,3
0,3474144481,0.797334,61465141,21
0,1313266963,0.852959,61468417,40
0,3757231147,1.043488,61475864,100
0,1470253691,1.004385,61477351,15
0,3779574977,0.906789,61478146,5
0,3810897197,0.716027,61480604,29
0,1270789799,0.888841,61483356,33
0,2778415379,0.836777,61484002,3
0,1421494643,1.016466,61485424,14
0,2357975743,1.135799,61487769,27
0,5210929,0.738188,61488323,2
0,340711561,0.989199,61490491,25
0,1593977537,0.793652,61491211,4
0,715062613,0.814900,61495022,48
0,4022627569,0.942176,61496306,12
0,2042036261,0.811297,61498621,27
0,272639771,1.043020,61500649,23
0,2219924137,0.882225,61501860,11
0,2798201017,0.822059,61503838,22
0,2529757819,1.200179,61505181,13
0,5693999,0.773082,61506639,15
0,1602265333,1.108825,61507631,8
0,2896177243,0.899761,61508414,5
0,2507535073,1.113220,61509212,5
0,137230883,0.913227,61509991,5
0,1789396241,0.770552,61511401,14
0,1432859689,1.050483,61514998,41
0,3404384267,1.343750,61515732,4
0,2675833319,0.906789,61516537,5
0,3521342411,0.877786,61517957,14
0,3714974041,1.070284,61521719,45
0,3249925439,0.796722,61528648,92
0,1816508117,0.928078,61529861,11
0,3022250677,0.906789,61533376,44
0,2035657451,0.721462,61534033,3
0,4252174601,1.064337,61535307,12
0,233944393,0.822653,61535883,2
0,248388143,1.132354,61538301,28
0,1445827091,1.074382,61539926,17
0,2424229411,0.932801,61543528,45
0,573690277,0.932277,61545361,20
0,2542526243,0.760345,61546162,5
0,3967961,0.944247,61549318,39
0,3955679269,0.973777,61550385,9
0,2033814829,0.910550,61551396,8
0,330038327,1.069828,61551916,1
0,2105185721,0.946313,61555075,39
0,2528338081,0.844329,61556974,21
0,2438987207,0.941657,61559935,36
0,2447034409,0.882225,61563478,40
0,2142881597,0.993141,61564306,5
0,1558040173,0.908940,61567486,27
0,411764167,0.964709,61569731,22
0,4210198199,0.927551,61571223,15
0,4155036463,0.974279,61573841,31
0,1611754523,0.908403,61574907,9
0,285537877,1.100870,61576100,11
0,1427251379,0.730876,61577729,17
0,104403493,0.921743,61578915,11
0,3891027871,0.796722,61583544,60
0,1894610429,0.827978,61585605,23
0,192933101,0.783746,61586544,7
0,3548477719,0.964203,61590391,49
0,1130335189,1.051877,61595084,61
0,4116725681,0.705032,61597487,28
0,1221677297,0.766740,61598210,4
0,2339582941,0.925443,61598872,3
0,266096293,1.086584,61599516,3
0,4203283627,0.677484,61600372,6
0,807269413,0.775605,61601924,16
0,506620999,0.866589,61604036,24
0,3198825697,0.818488,61604686,3
0,825310019,0.741488,61605967,12
0,4029991997,0.855246,61610533,59
0,715730443,1.061581,61611887,13
0,317199643,0.968750,61612955,9
0,4079160623,1.086134,61615695,33
0,11508583,1.191195,61618354,29
0,4256227307,0.911622,61621129,32
0,3670574371,0.938541,61625997,59
0,495675317,0.813701,61632914,92
0,2415056783,1.035974,61633645,4
0,1450425929,0.851240,61634713,9
0,1365677429,0.977780,61637817,38
0,134978423,0.981270,61639450,17
0,521271203,1.039268,61642000,30
0,1587263809,0.846639,61643695,18
0,2881663949,0.846639,61644357,3
0,465519469,1.135799,61646953,31
0,2048292523,0.969758,61650605,46
0,2715316943,0.942694,61651256,3
0,218062459,0.793652,61652821,16
0,829508651,1.071652,61654369,16
0,1803767753,1.095980,61656208,20
0,961142317,1.031250,61656719,1
0,3970671781,0.818488,61658288,16
0,3466346407,0.891584,61659571,12
0,3755563079,0.888841,61660296,4
0,2643960629,0.882225,61665895,69
0,3626704321,1.173436,61666498,2
0,1812672053,1.044891,61668921,14
0,3652929557,0.950945,61672250,39
0,612480217,0.853531,61673238,8
0,3427513433,0.877786,61673747,1
0,526310881,0.946829,61677669,50
0,793379611,0.864897,61679847,25
0,3498454481,0.872205,61681047,11
0,525418903,0.946313,61684347,41
0,601663457,0.950945,61684928,2
0,319607297,1.061581,61688067,39
0,1589772713,1.021736,61692196,53
0,594449159,0.942694,61693467,12
0,704874397,0.894864,61696774,41
0,546229963,1.125434,61698260,15
0,3205175923,0.766103,61699190,7
0,697114931,0.791804,61700249,9
0,1016969743,1.156250,61700909,3
0,864223903,1.049554,61702452,16
0,2428032413,1.037387,61703171,4
0,1837382681,0.888841,61705225,23
0,679311323,0.911086,61705951,4
0,3793612057,0.911086,61708762,34
0,4291670099,1.160044,61710607,20
0,739201681,0.843750,61711383,5
0,1991903503,1.147347,61712519,10
0,3878259941,0.960652,61714146,17
0,2680129601,1.194470,61714657,1
0,1511694593,0.723490,61717195,30
0,1525412857,1.005842,61717864,3
0,3879807203,1.162987,61719353,10
0,4214475893,0.908403,61721007,17
0,2645751139,0.977780,61723634,31
0,982349009,0.921743,61727569,49
0,784135327,0.814900,61728101,1
0,1108514899,0.818488,61732423,56
0,3017757997,0.914830,61734354,21
0,1789539467,0.850092,61737022,32
0,1843125283,1.000976,61739771,33
0,2397214493,0.910550,61741774,22
0,2180372039,0.972272,61742643,6
0,5094953,0.858664,61749496,92
0,3099642829,0.981767,61750293,5
0,3478644733,0.866589,61752140,20
0,1131859591,1.004385,61756145,51
0,1713951817,0.784369,61756647,1
0,899511007,1.082983,61759961,41
0,2931509489,0.973276,61760753,5
0,652467671,1.004385,61761901,10
0,2165999267,1.078012,61763451,16
0,1493760067,0.879453,61765556,24
0,3467563823,0.910550,61770325,45
0,3362814647,0.928078,61771367,3
0,4183514287,0.699470,61772128,4
0,3599050531,0.950945,61773267,10
0,837537523,0.781875,61775035,19
0,599999297,0.883883,61776226,11
0,3123241813,0.872765,61777380,10
0,2941200293,1.146496,61777904,1
0,1708930513,0.964709,61778694,5
0,1305562507,0.945797,61780186,15
0,742062077,0.886090,61781836,16
0,3121997387,0.938541,61784120,26
0,2947976569,1.194878,61785548,14
0,1347627251,1.077106,61786334,5
0,3493010153,0.811899,61787891,16
0,2772196337,0.911086,61790083,25
0,1417677323,0.940101,61791692,17
0,1900450571,0.977281,61792969,12
0,3373421141,1.043488,61793898,7
0,689310397,0.895409,61794402,1
0,2717066969,1.043020,61795329,7
0,1705677901,1.002438,61800178,63
0,331396349,0.783123,61809342,125
0,180247393,0.964709,61811934,31
0,3718227413,1.234276,61812662,4
0,2041951949,1.023646,61813458,5
0,3956096629,1.000976,61815645,25
0,3852415219,1.064337,61816161,1
0,3223377779,0.912157,61816955,5
0,727774009,1.228725,61818654,18
0,1872190277,0.913227,61824076,65
0,2697492503,0.920152,61826011,21
0,1785368279,1.097761,61826668,3
0,581755817,0.903011,61827756,8
0,2573072297,0.969254,61829980,25
0,1257013169,1.063419,61833564,45
0,3606871207,1.002438,61834224,3
0,256205627,0.884436,61836962,33
0,1517137417,1.008267,61838166,11
0,3101515111,0.864897,61839311,10
0,1585980973,0.781875,61840999,18
0,3647858281,0.796722,61841936,7
0,3374646299,0.783746,61844523,31
0,3000290647,0.940101,61845600,9
0,70753999,0.972774,61847780,25
0,2197657757,0.858664,61850323,30
0,37359041,0.846639,61852064,19
0,2869206091,1.008751,61855086,37
0,1077404513,0.811899,61859569,58
0,1763121121,1.007782,61860982,14
0,1389116881,0.970764,61864913,50
0,3971090873,0.915897,61865699,5
0,1706334803,1.016466,61866919,11
0,56279011,0.969758,61867770,6
0,2594146307,0.908940,61870517,28
0,703039027,0.843750,61871059,1
0,3004922497,0.880008,61873489,14
0,128939627,0.927551,61874722,9
0,1676130917,0.877786,61876061,9
0,419240891,0.875558,61876833,3
0,1989048889,1.066628,61879155,27
0,3733118881,0.977780,61879884,4
0,557408147,0.880008,61881732,20
0,2375923463,0.919621,61884476,33
0,2604778877,0.949404,61887376,35
0,3515259373,0.975280,61889723,27
0,2389506013,0.988706,61893174,43
0,916682639,0.968750,61894176,8
0,4247840921,0.885539,61894908,4
0,1740417457,0.875000,61897165,26
0,484878313,1.003899,61897960,5
0,3751404749,0.930180,61902244,55
0,670511221,1.012133,61902965,4
0,1208568551,0.877786,61904096,10
0,2465000831,1.191605,61905105,8
0,2339457823,0.891584,61906953,20
0,2805406237,0.933847,61908159,11
0,3591280811,1.098205,61909018,6
0,3574184347,0.820275,61910435,14
0,194380853,0.940101,61913035,31
0,2332013941,0.787475,61916899,49
0,2897560717,1.063419,61918518,17
0,1591988683,1.009718,61921425,35
0,2631949213,1.027930,61922223,5
0,1472929669,0.820870,61924364,24
0,1493549693,0.869402,61925081,4
0,2073341477,0.827388,61934042,115
0,3751132523,0.858096,61935859,19
0,964883261,1.098205,61942595,90
0,667347113,0.952484,61943332,4
0,919371737,0.876115,61945813,29
0,1632119311,0.860369,61946386,2
0,2924907731,0.970764,61947038,3
0,3238417001,1.095980,61947894,6
0,665541011,0.875558,61949526,17
0,3961525837,0.863202,61950168,3
0,2361924311,1.035031,61950892,4
0,3788305271,0.882225,61953293,28
0,2573567609,1.000488,61957356,52
0,1910493317,0.755837,61958008,3
0,557809927,0.911622,61966035,109
0,2355168001,0.722139,61967086,9
0,3129466663,1.064337,61970190,38
0,2362344619,1.253511,61976488,65
0,1162028227,0.963190,61977517,6
0,607314859,0.880563,61978233,4
0,1714010521,0.839108,61980002,19
0,920263867,0.940101,61982391,28
0,2064439033,0.846639,61985924,44
0,991277093,0.832682,61986567,3
0,3952874503,1.012133,61988048,15
0,2947505797,1.228725,61992196,53
0,782219519,1.256234,61994038,20
0,797547889,1.075745,61995519,15
0,1791197971,0.872765,61999030,44
0,2511410981,1.270535,62000174,10
0,3481465489,1.101756,62001517,13
0,1471731263,0.663649,62004122,31
0,2748745033,0.880563,62004699,2
0,1429345937,1.025552,62005696,8
0,3256952929,0.978779,62008225,30
0,1715236277,0.978779,62009367,10
0,806280931,0.977281,62010779,14
0,555913877,0.832682,62013930,39
0,3832693511,0.916963,62014645,4
0,2934919789,0.938021,62015935,12
0,2142508087,0.831508,62018463,30
0,1356377921,1.102642,62019108,3
0,1787034307,0.942694,62019691,2
0,822643027,1.133647,62020405,4
0,2927964541,1.107944,62021195,5
0,1808159779,1.040677,62021983,5
0,3145320547,0.977281,62023125,10
0,549659029,0.815499,62026889,44
0,3573814357,0.761629,62028170,12
0,3525825727,1.136229,62030363,25
0,2275906081,1.017906,62031283,7
0,862999937,0.864897,62035429,51
0,2848909433,0.978779,62040025,59
0,2517746417,0.946313,62040669,3
0,3888920033,1.040677,62041459,5
0,3744872177,0.876115,62043728,26
0,1325622559,1.040677,62046958,40
0,1314285953,0.975280,62047463,1
0,353532161,1.231504,62048446,8
0,1005711893,0.937500,62051125,32
0,2062707629,0.815499,62051712,2
0,959325701,0.888841,62052430,4
0,2047769891,0.973276,62053158,4
0,4197945061,0.947859,62053834,3
0,2697749981,0.981270,62054909,9
0,582493403,1.067086,62056735,20
0,1615553521,0.876115,62058074,13
0,1646264957,0.860369,62059548,15
0,1736268899,0.950432,62061879,27
0,2766643129,0.761629,62064773,35
0,3755100829,1.095980,62072973,111
0,1098316369,0.893772,62078618,55
0,3237631531,0.940101,62082349,41
0,3673655639,1.101313,62082882,1
0,3771224551,0.842012,62084434,16
0,61770221,1.078012,62085988,16
0,2298695387,1.065712,62087137,10
0,1622573489,0.993141,62087857,4
0,1163818961,0.906789,62092142,55
0,1726280009,1.095534,62093846,18
0,2524194577,1.135799,62096365,30
0,1479837869,0.752600,62097703,13
0,1403563501,0.940101,62099266,16
0,182541439,0.884436,62100051,5
0,724850393,0.950432,62100557,1
0,1633869931,0.966732,62101491,7
0,2037366839,1.163407,62104029,30
0,48904819,0.928078,62104735,4
0,265899461,1.129332,62106356,17
0,585736369,0.915364,62106992,3
0,1839878459,0.793652,62107645,3
0,1218953069,0.944247,62108370,4
0,2370049061,1.000488,62109148,5
0,2767318993,0.972774,62111199,23
0,355248737,0.882225,62111843,3
0,3158714011,0.930180,62113326,15
0,3832810477,1.073928,62113914,2
0,3572734771,0.993632,62115125,11
0,1542162829,0.915364,62116055,7
0,1114190141,1.091963,62121890,77
0,859071737,0.725512,62124421,29
0,1292529683,0.954021,62125085,3
0,3937842901,0.897588,62125952,6
0,1557093059,0.975280,62128142,25
0,3574311359,0.880008,62128811,3
0,1431727133,0.899761,62130440,17
0,2097055537,1.191605,62134896,53
0,218133401,1.001951,62135758,6
0,1886111797,0.880008,62136592,3
0,2059932577,1.095534,62138160,16
0,1885149131,1.127168,62140138,22
0,2898868139,0.811899,62140653,1
0,3305101199,1.031723,62141177,1
0,4224172637,1.063419,62143091,21
0,3559513931,0.813701,62143746,3
0,95938369,1.125868,62145776,23
0,1348484231,0.940101,62146286,1
0,2178231857,0.848367,62147764,15
0,4001810471,1.117160,62150930,39
0,2393183393,0.848942,62155056,53
0,1927752257,0.947859,62155559,1
0,1449922189,0.827388,62156344,5
0,2185064659,0.950432,62159223,35
0,4143199661,1.068458,62164233,65
0,3100864279,1.031250,62165936,18
0,1433678689,0.897044,62168253,27
0,2386752479,1.043488,62168848,2
0,415671521,0.858664,62169694,6
0,1873433203,0.876115,62172476,33
0,1925981327,0.858664,62174306,20
0,94306243,0.950945,62175371,9
0,2126299927,0.844907,62176361,3
0,2792679089,1.044891,62179045,32
0,501815563,0.968750,62181172,7
0,4089427787,0.976781,62183059,20
0,901654181,0.797334,62184285,11
0,2347216969,0.938541,62186540,26
0,459136507,0.936979,62190838,55
0,86385851,1.025076,62195580,62
0,4189029781,1.016466,62196375,5
0,1863289931,0.954021,62198701,27
0,436280023,0.656250,62199417,4
0,115440937,0.937500,62202770,42
0,1406884529,1.031250,62205182,27
0,3867400003,1.039268,62206072,6
0,511018747,0.962683,62209932,49
0,2827142839,1.035031,62212188,26
0,3053481859,0.860369,62214785,31
0,1983179189,0.950432,62217822,37
0,1488080303,0.997556,62218544,4
0,2361235199,0.849517,62219207,3
0,3280807813,0.967237,62222030,34
0,934853021,0.950432,62223250,11
0,2653568591,1.113658,62232205,117
0,1914698347,1.017906,62234078,20
0,208795957,0.844329,62237536,41
0,926911189,1.167178,62238141,2
0,94216667,0.849517,62238712,2
0,2944103839,0.913227,62242592,49
0,183564401,0.914830,62243789,11
0,2545068371,0.877229,62246194,28
0,2525032957,1.069828,62248869,32
0,2211991603,0.846062,62249935,9
0,1790362513,1.055584,62251849,21
0,1315227107,1.140946,62252361,1
0,3004352311,1.156672,62253987,17
0,273449621,1.000976,62255252,12
0,3404805289,0.822059,62256384,10
0,2104403551,0.822059,62258865,29
0,644989481,1.015505,62259858,8
0,780328489,0.906789,62263149,41
0,1246977691,0.938021,62263662,1
0,3808876079,0.973777,62264314,3
0,2443220099,0.920152,62265515,11
0,3219185659,0.944247,62266181,3
0,2836346857,0.914830,62267048,6
0,1621905277,0.940620,62268824,19
0,2621968337,0.888841,62271849,37
0,862174477,0.879453,62273623,19
0,1020161977,0.971267,62276864,40
0,2690826473,0.813701,62277992,10
0,614484131,1.070740,62279191,6
0,2667287869,1.146496,62279866,3
0,401929223,1.032197,62281149,12
0,1825865611,1.156250,62282986,6
0,1785469579,1.048157,62284241,10
0,2452709821,0.742804,62285157,5
0,4290225463,1.062959,62286944,19
0,388900907,0.938021,62289044,24
0,2675249281,0.930180,62289618,2
0,3102524291,0.836193,62290755,10
0,491035099,0.993632,62291400,3
0,694810577,0.786234,62292406,8
0,3387287083,1.033615,62295569,39
0,616251809,0.942694,62297336,19
0,3396799429,0.977281,62299594,26
0,4014126203,1.199365,62302334,33
0,3085743679,1.070284,62303343,8
0,1452724121,0.864332,62303862,1
0,1338111833,1.082983,62306760,35
0,955446113,1.106621,62308451,18
0,164429987,0.876115,62310196,19
0,109092251,1.064795,62312012,20
0,1333020049,0.973276,62315623,45
0,3170575951,0.975280,62317045,14
0,1985998727,0.940101,62321638,59
0,2839039421,0.999023,62325556,50
0,1983520831,0.787475,62327111,16
0,3580852463,0.880008,62327711,2
0,1251210733,0.766103,62328304,2
0,490927739,0.903011,62330556,26
0,894058421,0.993632,62332684,24
0,1291894729,0.882225,62334659,22
0,39973561,1.071652,62336414,12
0,186328187,1.093750,62338065,17
0,2638638209,0.793652,62339200,10
0,2838931807,0.880563,62341759,27
0,3686048357,0.889391,62342507,4
0,152072299,1.008267,62345960,43
0,482600333,0.981270,62347021,9
0,4003444339,0.937500,62347685,3
0,3989019533,0.915897,62348553,6
0,2084176849,0.973276,62350040,15
0,401767391,0.813101,62352243,25
0,1218765739,0.831508,62356031,48
0,4060169579,1.043488,62357997,22
0,4114183267,0.970764,62362370,56
0,75628547,0.875000,62362988,3
0,3876543401,0.849517,62363640,3
0,852548441,0.984747,62365329,18
0,769607159,1.002438,62367590,26
0,3406908581,1.075745,62368305,4
0,942614851,1.098205,62371106,34
0,2621838883,0.971267,62372097,8
0,367558669,1.029829,62373704,17
0,3948074521,1.064337,62374511,5
0,3203143381,0.973777,62376351,20
0,1519294157,1.097761,62378044,18
0,2049259321,1.012133,62378694,3
0,2082041849,0.923330,62379427,4
0,3890187307,0.820275,62380369,7
0,1011364787,0.969758,62382214,15
0,2288854289,1.027930,62383776,16
0,628423967,1.031723,62385572,4
0,1848557761,0.705032,62386555,7
0,2319978209,0.906789,62387403,6
0,2989627807,0.811297,62389534,22
0,1801474673,0.921213,62390836,12
0,4211536267,1.039268,62391561,4
0,3713599349,0.973777,62394236,32
0,1263757457,0.888841,62398155,50
0,3706221971,0.886090,62398948,5
0,2998324037,0.813101,62400294,13
0,1440196073,1.066170,62400883,2
0,1546803263,0.841432,62403765,35
0,3466559959,0.860369,62405255,15
0,1293753421,0.950432,62405910,3
0,456639577,0.919621,62406414,1
0,2297476583,0.762910,62406935,1
0,1932857191,0.970764,62408806,20
0,3848246693,0.950945,62413289,58
0,4224171277,0.813701,62415338,23
0,2695327253,1.004871,62416549,11
0,1911189173,0.787475,62418392,20
0,1890749191,0.977780,62420428,23
0,1760425969,0.740170,62421023,2
0,1713812069,0.950432,62424331,41
0,2879329469,0.713295,62428603,55
0,3638208719,0.942694,62433807,68
0,1877365877,0.784369,62435992,25
0,834990811,0.950432,62436998,8
0,1013581957,0.889391,62437567,2
0,2172397373,0.760987,62440245,28
0,2184707557,0.989199,62440775,1
0,2753784673,1.063419,62442129,13
0,3891279437,0.942176,62445008,32
0,4058812391,0.752600,62445839,5
0,3744481381,1.009718,62446554,4
0,4219870861,0.938021,62452654,81
0,3430166627,0.858096,62454351,18
0,561722233,0.846062,62455413,9
0,3106404047,0.824432,62458240,34
0,1027804637,0.916963,62458750,1
0,3506868977,0.864897,62459886,10
0,3215540443,0.813101,62463115,40
0,2060678797,1.014061,62466842,47
0,482665903,0.945797,62467419,2
0,1751153029,1.009718,62471067,46
0,2551605503,1.012616,62471650,2
0,1176072383,1.128899,62472232,2
0,494842343,0.834439,62473162,7
0,3656498789,0.908940,62475633,29
0,842446039,1.128899,62476715,9
0,1843804931,0.889391,62478700,22
0,3734805043,0.971267,62479924,11
0,962222257,0.855246,62482178,26
0,1194835111,1.167178,62484848,27
0,1785937441,1.147773,62489229,42
0,1262724811,1.050483,62490054,1
0,2623490491,0.831508,62490825,3
0,1380777589,0.946313,62493652,34
0,3036624509,0.921213,62494521,6
0,979371661,1.070284,62497730,40
0,703355441,0.786855,62498651,7
0,3525332627,0.802219,62499994,13
0,2805687793,0.808886,62502185,25
0,3976792921,0.981270,62504790,31
0,1535121239,1.017426,62505374,2
0,814868749,1.079370,62507200,20
0,3368058937,0.748044,62511334,53
0,1132762583,0.863202,62514632,41
0,1250980831,0.876115,62518003,42
0,4236325963,0.869402,62521361,42
0,2767802329,0.827388,62522514,10
0,2131002239,0.891584,62523098,2
0,4106129413,0.893772,62525414,27
0,1919750501,0.854103,62528431,37
0,907333081,1.104854,62531319,35
0,3412133779,0.879453,62531834,1
0,1875976831,0.981767,62532421,2
0,3859031153,0.879453,62537112,61
0,618215791,1.019344,62538666,16
0,2828858783,1.006328,62539393,4
0,209644681,0.848942,62539965,2
0,1677232547,1.079370,62542486,27
0,3653250077,0.911622,62543564,9
0,1391170777,0.911086,62545395,20
0,2777551607,1.047225,62547141,17
0,3012013621,0.958107,62548647,15
0,939834451,0.813701,62550062,14
0,3939513287,0.827978,62551703,17
0,3819615377,0.940101,62554808,38
0,652842277,1.037387,62556858,23
0,2540776313,0.813101,62558420,16
0,2875677881,1.004871,62564401,79
0,804527411,1.025552,62566721,27
0,3735685643,1.063419,62568631,21
0,2216919797,0.913227,62569908,12
0,1138236877,0.911622,62570911,8
0,219447799,0.944247,62571758,6
0,2165998979,1.167178,62572469,4
0,390146441,0.895409,62575900,43
0,1463107747,0.829745,62576546,3
0,4293160559,0.950432,62578191,17
0,447527231,1.069828,62580230,23
0,3594443549,0.946313,62582858,31
0,1889065039,1.004385,62583575,4
0,1760901473,1.000488,62585678,19
0,1899610637,0.957597,62586699,8
0,1471078571,0.925971,62587640,7
0,2656582219,1.166760,62590977,24
0,288943229,0.871645,62592224,9
0,3609643139,1.068458,62596300,52
0,2176485517,0.813101,62597860,16
0,564126883,0.850666,62600253,28
0,780228257,0.970764,62604796,59
0,3169448039,1.035974,62605391,2
0,1271054999,1.035974,62606665,12
0,3037358087,0.802219,62609466,34
0,813123001,0.768648,62610043,2
0,1600876267,0.969254,62611609,16
0,3596184227,0.941657,62612747,10
0,2058573947,1.024123,62613681,7
0,2212131533,0.889391,62614417,4
0,393636031,1.204646,62616889,29
0,1510094303,0.988706,62618790,21
0,2005434751,1.191195,62619726,7
0,3200179537,0.880008,62620522,5
0,288484181,1.039268,62621651,10
0,1036282777,0.993632,62622368,4
0,3287047391,0.977780,62623261,4
0,3149519539,0.952484,62623943,3
0,4137190063,1.100870,62624885,7
0,3160553467,0.940101,62626307,14
0,2594008367,0.894864,62627874,16
0,69946433,0.919621,62629544,18
0,89481851,0.983258,62632344,34
0,91887563,0.946829,62633270,7
0,563426137,0.854103,62633919,3
0,1963563457,1.301291,62637922,51
0,1987699379,1.000976,62642224,51
0,2057038793,0.975280,62643112,6
0,4292993981,1.027930,62643637,1
0,3168012053,1.074382,62646349,30
0,3902096053,0.946313,62649752,42
0,88186783,0.983258,62653464,47
0,1430487803,1.017426,62654044,2
0,808106581,0.969758,62654756,4
0,1717107611,0.693159,62656733,22
0,875361629,0.941657,62662083,70
0,1619356177,1.062959,62663279,11
0,1531997329,0.848942,62664833,16
0,1823830667,0.911086,62666820,22
0,3027617779,0.920152,62668733,21
0,2664433279,0.920152,62669731,8
0,2876422583,0.886090,62670668,7
0,601604909,0.942694,62671948,12
0,1768932317,0.851240,62674711,33
0,341396603,1.001951,62675500,5
0,1992948989,1.035503,62676736,11
0,2377202167,0.915364,62677669,7
0,3467800373,0.775605,62678956,12
0,4108831781,1.127168,62681217,26
0,4183913399,0.940101,62681812,2
0,743125531,1.098205,62684133,27
0,1058398651,0.921743,62685350,11
0,598442281,1.019344,62692826,81
0,805965101,0.724164,62693718,4
0,899317427,0.906250,62694871,9
0,3288785897,1.081178,62695533,2
0,1037248501,0.908940,62696260,4
0,2167598473,0.665852,62697947,18
0,155298719,0.791804,62699214,12
0,519797437,0.945797,62699809,2
0,3421834019,0.883883,62701223,14
0,3958928549,1.204241,62701738,1
0,937725197,1.025076,62703233,15
0,332242187,1.098650,62704435,11
0,2336935169,0.950432,62705157,4
0,2446839809,0.735538,62708656,44
0,1826342123,0.899761,62709528,6
0,1336194253,0.960652,62710534,8
0,3224935313,0.855246,62711940,14
0,3648124709,0.970764,62715602,46
0,3117517199,0.973777,62718138,30
0,1307969801,0.883883,62719343,11
0,3468306469,1.085235,62720622,12
0,262319279,0.880008,62722885,26
0,2058297677,0.893772,62723535,3
0,306369629,1.073928,62725009,15
0,1467428161,1.101313,62727533,30
0,3537478981,0.971267,62728947,14
0,1915609951,1.173436,62729743,5
0,3570336641,1.019344,62732340,31
0,3708114629,0.948374,62734316,22
0,3268891709,0.983258,62735106,5
0,1994535019,1.070740,62739186,52
0,3906851279,1.078012,62740265,9
0,4157768203,0.910550,62742592,27
0,4211432713,0.724838,62744863,26
0,153571261,0.699470,62745970,6
0,1385110271,0.876115,62747757,19
0,2933664301,1.166341,62749112,13
0,2340442471,0.978779,62749617,1
0,1083297833,0.946313,62752541,33
0,154752461,0.711238,62753688,10
0,826349131,1.033142,62755794,24
0,1410152671,0.907327,62759683,49
0,875296831,0.877229,62760630,7
0,1990474667,1.127168,62762951,27
0,916546291,0.766740,62765073,24
0,1781702509,0.884988,62768178,38
0,1350013837,0.719429,62769384,11
0,4168767469,0.911622,62771294,21
0,814423823,1.109705,62775495,54
0,3751301483,0.960652,62776780,12
