agent_id,prime,g,timestamp_us,checked_since
0,2244297973,0.976781,0,31
0,1533095281,1.001951,2051,19
0,3165177707,0.978779,8283,83
0,594836449,1.004871,9625,13
0,4228536979,0.701561,15961,83
0,1896451181,0.911622,17235,12
0,115376309,0.981270,19188,22
0,648855061,1.033615,22001,34
0,2308116661,0.897588,22643,3
0,2702421391,0.884988,25803,39
0,1599545743,0.882225,28401,31
0,3313370299,0.892679,34605,76
0,2491171703,1.004871,35640,8
0,3567970589,1.098205,36576,7
0,624263083,0.827978,37666,9
0,4026560831,0.946829,38526,6
0,3368456521,0.833854,39099,2
0,3591048319,0.938021,41358,26
0,215441587,0.876115,43466,24
0,3423124769,0.908940,45222,19
0,190854049,0.937500,47941,33
0,946988033,0.818488,55422,101
0,3283485929,0.925443,57255,20
0,3980668567,1.064795,58752,15
0,2885930599,0.942694,59403,3
0,4171492817,1.140518,60338,7
0,3131207383,0.822653,63405,37
0,4218309859,0.846639,67359,50
0,1053881317,0.893772,68013,3
0,2209516747,0.976781,69990,22
0,2075070181,1.035974,70924,7
0,3109501973,0.824432,73188,26
0,1193729573,1.102642,74193,8
0,3691831141,0.806468,75410,11
0,3579455497,0.748697,76739,8
0,2088347419,0.880563,79085,27
0,3056417341,0.932801,80943,6
0,3219816749,0.987223,83650,30
0,862057919,0.804043,88290,60
0,1628732137,0.880563,94668,85
0,425602843,1.091068,97477,34
0,4139468387,0.810695,99670,25
0,190809803,0.877786,101079,14
0,3593720329,1.032197,102005,7
0,2970916231,0.915364,102952,7
0,1771316969,1.155828,103598,3
0,836480153,0.813101,104680,9
0,443750627,1.173436,107626,36
0,803922617,0.920152,109838,25
0,2935640023,1.207884,110569,4
0,3071746939,1.002438,112266,18
0,2109477943,1.142229,114457,25
0,2577986821,0.944247,115453,8
0,2134404739,1.073928,117011,16
0,1377048523,1.031250,118352,13
0,2548831847,0.635075,120957,31
0,1963174207,0.958107,121679,4
0,3597381563,1.182968,123893,25
0,3398075207,0.844907,124679,5
0,157759051,0.952484,125613,7
0,3233807953,1.168432,126622,8
0,3197169917,0.919621,127985,13
0,1092794693,0.869402,128487,1
0,2705055313,0.950432,128996,1
0,1574856653,0.768648,129656,3
0,3353895583,0.983258,132253,26
0,2785710779,0.756482,133905,17
0,3100514129,0.977281,134978,9
0,3457564951,0.796722,139666,58
0,4182865801,0.877229,141724,23
0,639207143,0.950432,142230,1
0,3382524889,0.940101,144483,26
0,2821222541,0.877229,145193,4
0,2470255373,1.064337,146955,19
0,4167502793,0.938541,149973,37
0,2668589003,0.846062,151759,19
0,2667185813,0.750651,152911,10
0,2907297101,0.822653,156066,39
0,4138879319,0.791187,157922,20
0,3140875061,0.888841,160281,27
0,3546704353,1.094196,161348,9
0,4098889447,1.061581,162066,4
0,2368892213,0.784369,168937,92
0,4225065121,1.014061,169447,1
0,2189756999,1.006328,169948,1
0,1322082173,0.786855,174257,55
0,6166333,0.858096,176970,33
0,2212953697,1.064795,178386,14
0,80294303,1.032197,181725,38
0,3749566781,0.958616,184227,17
0,3879457147,1.035503,185809,13
0,76114177,1.032197,190414,60
0,48969887,1.135799,193080,32
0,3915210037,0.827978,193595,1
0,2468563037,0.766103,194534,7
0,1603018499,1.004385,195746,11
0,3368061469,0.947859,196533,5
0,3611711189,1.004385,198802,26
0,2534117431,1.140946,199380,2
0,3873167327,1.043020,202148,33
0,4029613117,0.942176,208093,79
0,3732315011,0.756482,209235,10
0,1776804251,0.928078,211012,19
0,402533081,1.003899,215376,56
0,2948232901,0.786234,216461,9
0,603330011,1.016946,219145,32
0,52714009,1.058356,221238,24
0,2832222373,0.913227,224253,37
0,279360899,0.888841,225664,14
0,2647643807,1.177176,226882,11
0,3219268777,0.991172,228583,18
0,4103670947,0.787475,229585,8
0,2966294437,1.123697,231991,28
0,2371784203,1.163827,233760,19
0,851889667,0.836777,234922,6
0,3583887473,1.040677,236607,17
0,2207645611,1.133647,237490,6
0,443648593,1.189554,241188,44
0,3314397049,1.099538,244803,45
0,4142259041,0.813101,249241,57
0,3510913543,1.033615,250724,15
0,3938952383,0.876115,253834,38
0,3050356657,1.000976,256234,28
0,2898164491,1.043020,257168,7
0,1066858543,1.047225,262009,63
0,435554129,1.004385,268792,91
0,1853900339,0.875558,270208,14
0,3904804591,0.818488,271008,5
0,1829944969,1.109705,273463,29
0,4011806681,0.751301,277400,50
0,3482609591,0.791804,278767,13
0,3129659131,1.016466,281746,32
0,1951816241,0.797334,282905,10
0,2864525171,0.750651,287035,37
0,180549739,0.970764,288285,9
0,1201842401,0.814900,288996,4
0,116950849,1.166760,292078,38
0,1077389993,0.862070,293208,10
0,1231311637,0.977281,294478,12
0,2274361487,0.864897,298192,47
0,2840448229,1.043020,300242,23
0,2245709467,0.983258,302861,31
0,2409831653,0.889391,304693,20
0,801952807,0.827388,305696,8
0,1621140161,0.818488,310199,58
0,4210306801,0.980772,313025,34
0,3942113101,1.098205,316335,41
0,3545875241,1.233089,317199,6
0,2673735797,1.111903,320725,44
0,4144916093,0.869402,321666,7
0,1776134047,0.866589,324992,41
0,1143477967,1.233485,327095,24
0,2721977809,0.877786,327601,1
0,380952409,0.950432,328465,6
0,1775695643,0.919621,329331,6
0,231530347,0.942694,331239,21
0,281535481,0.875558,335095,49
0,3192011567,0.981767,336613,11
0,1553174393,1.012133,338130,15
0,4024767917,0.925971,338926,5
0,2469739387,0.853531,339651,4
0,414004751,0.895409,340433,5
0,3875450479,0.907327,344685,52
0,1747912867,0.932277,347226,30
0,755778521,0.815499,350106,35
0,2191939381,1.000976,350830,4
0,1756971487,0.952484,351552,4
0,1209192331,0.753896,356171,60
0,328479773,0.822653,357228,9
0,875075287,0.864332,358298,9
0,3216581653,1.167178,361116,34
0,3413582429,1.097316,361629,1
0,1095650999,0.993632,367589,79
0,743951797,0.853531,368455,6
0,2275189183,1.000000,371974,44
0,401658739,0.946829,373462,15
0,2014974629,0.730208,374037,2
0,1626568831,0.888841,389093,188
0,4029683963,0.906250,391043,19
0,3885239543,0.858096,392257,11
0,3188552063,1.035974,393613,13
0,527274569,1.021736,394196,2
0,3900012059,1.033615,395126,7
0,2658803809,0.934370,395903,5
0,5840521,0.805862,397508,17
0,3913010327,1.004385,398940,14
0,583714279,0.876115,400714,19
0,2022843139,0.784369,402051,13
0,1139451569,0.915364,402629,2
0,1496020979,0.960652,406734,52
0,1814456383,1.043020,409489,33
0,3558820813,0.953509,411676,25
0,2628577069,1.044891,414845,39
0,2861093597,0.985738,417803,35
0,406446959,0.882225,419776,22
0,948649777,0.958107,420640,6
0,3202529389,0.916963,423458,34
0,3674575081,0.761629,429026,71
0,2615698133,0.815499,431023,22
0,3987845699,1.130628,431752,4
0,2482784539,0.782499,433524,19
0,4071547621,1.244127,442109,112
0,131766071,0.970764,455905,189
0,3803874307,0.977281,456632,4
0,1283292013,0.941657,457570,7
0,2171020121,0.824432,462756,68
0,158088349,1.066170,464233,15
0,1472346287,1.069828,465372,10
0,2495291917,0.862070,466225,6
0,2172032389,0.877786,467844,17
0,4152767329,0.715345,468352,1
0,1156896379,0.973777,471305,36
0,4265175281,0.839108,471826,1
0,2104354067,1.001951,472968,10
0,1295149717,0.977281,474379,14
0,3518225173,0.927551,479416,66
0,2142667127,0.911086,481127,18
0,1726987567,0.940101,483041,21
0,2769310673,0.983258,483544,1
0,3682877659,0.924387,484191,3
0,170020099,0.786234,486639,25
0,958712309,1.110145,493727,76
0,4095049883,0.950432,494674,5
0,2189007277,0.850666,502392,104
0,1781873803,1.097316,502910,1
0,129384743,1.004871,504035,10
0,4053510953,0.950432,506090,23
0,2432198333,1.094643,507088,8
0,560682041,1.070284,507808,4
0,538968811,0.987223,508303,1
0,636598877,0.929129,510694,28
0,1382587279,0.945797,517413,90
0,3583555961,0.902471,518280,6
0,3764782123,1.238620,523467,68
0,2974684877,1.088828,525442,22
0,1291818421,0.797334,526670,11
0,2507978933,0.862070,530130,43
0,730666471,1.064795,532802,32
0,289870813,1.174268,533589,5
0,2316544261,1.061581,538294,61
0,3016541041,0.925971,541178,28
0,4100024323,0.971267,545481,55
0,3332098031,1.104854,547429,19
0,3091400509,0.855246,550748,41
0,1282447373,0.894864,551528,5
0,3533866093,1.017906,553231,18
0,1973518597,0.846062,554782,16
0,855610037,0.939581,556267,15
0,4171856327,0.834439,558465,25
0,619984523,0.791187,561067,31
0,1477319677,0.952484,563948,35
0,1338184109,0.758416,565717,19
0,548779271,0.880008,566986,12
0,3964614847,0.844329,568337,13
0,529542847,0.783746,569340,8
0,410025311,0.920152,571758,28
0,3643201409,0.855246,573099,13
0,26586601,0.954021,573663,2
0,30572449,0.852959,574787,10
0,1157951891,1.043020,575293,1
0,1557384949,1.075745,578745,43
0,1477534621,1.081178,579252,1
0,968213933,0.995105,581438,25
0,2088223183,0.983258,583361,21
0,1661871583,0.829745,587563,54
0,1124160131,0.766740,588632,5
0,172644551,0.950945,591398,33
0,1281456257,0.932801,594440,24
0,1762936523,0.882225,595779,11
0,984981947,1.088828,596499,4
0,2877443663,1.000488,597010,1
0,87866117,1.008267,599223,25
0,4259965459,1.106179,602965,47
0,60966617,1.012616,605994,37
0,3847110791,0.730208,607127,10
0,614628493,0.977780,609390,26
0,4268961967,0.732211,609916,1
0,947664931,0.880563,611324,14
0,2061140141,0.836777,614637,41
0,1859451371,0.910550,616695,23
0,3773133983,1.014061,617286,2
0,1053424181,0.752600,619899,31
0,858307889,0.981767,620959,9
0,3180748027,1.009718,621619,3
0,3090875563,0.882225,623879,26
0,2589192787,0.882225,625589,18
0,651423587,1.035974,626181,2
0,3726004237,1.055584,627813,17
0,4245695501,0.721462,628387,2
0,3694204273,1.043020,630784,28
0,2662961333,0.877786,632617,20
0,4260005887,1.012616,635522,35
0,3745914103,0.815499,637499,22
0,1823098493,1.257788,640184,32
0,3519744673,0.913227,643819,42
0,1477388249,0.848942,647484,46
0,3345748079,0.882225,649349,18
0,239340547,1.097761,651036,18
0,782007481,1.031250,658861,106
0,2637429199,0.827978,660007,10
0,237610859,1.066170,661144,10
0,3688755701,1.004385,662378,11
0,1659425447,0.817891,663307,7
0,1141433483,1.009718,664988,18
0,713177419,0.973777,665776,5
0,3024604027,0.950432,667127,13
0,3708450253,1.031723,667785,3
0,1950818447,1.093750,672392,60
0,2690604743,0.839108,672912,1
0,1093405207,0.799169,673900,8
0,120355247,1.038798,675037,10
0,1498180897,1.035503,675834,5
0,564034091,0.858664,676343,1
0,1413904183,0.981270,677000,3
0,112053197,0.975280,678406,14
0,250690337,1.163827,678912,1
0,1206902093,0.958616,679643,4
0,300434747,1.054659,683551,50
0,2368005839,1.032669,684412,6
0,714844093,0.924387,685776,13
0,2262443527,0.969758,687610,20
0,624380423,0.691042,691526,45
0,2726224043,1.143084,694831,29
0,3033251653,1.099538,696179,8
0,3337240331,0.956577,698302,23
0,1892490233,0.721462,701606,41
0,4090775627,0.827388,705331,47
0,221560733,0.916963,707096,19
0,584028743,0.981270,707881,5
0,4207693109,1.161727,710131,26
0,473486791,0.999023,710714,2
0,95897279,1.031723,711637,7
0,2190491753,0.884436,712972,13
0,2225201141,0.796722,713777,5
0,1982094281,0.858664,715490,18
0,3464743627,0.834439,716211,4
0,390258439,0.750651,716926,4
0,3816228671,0.923330,717651,4
0,1270499183,0.766103,718377,4
0,2690803033,0.888841,722370,51
0,208975931,1.075745,724477,24
0,2350327667,1.166760,726586,24
0,309745063,0.891036,727865,12
0,3575769767,0.659960,729560,18
0,1948912913,0.724164,732150,31
0,478232459,0.802219,732800,3
0,3834000427,0.969254,734210,14
0,847791587,0.860369,738062,49
0,531719423,1.021736,742480,57
0,1942059677,0.836193,743418,7
0,1548285283,0.750651,744496,9
0,868921423,0.889391,746823,20
0,122842207,0.975280,748621,19
0,920256509,0.938021,749854,11
0,2235842647,1.126735,754018,51
0,1053311383,1.149898,754679,3
0,2546926411,1.023646,755839,10
0,1256837269,0.919621,757674,20
0,2607237337,1.071652,761054,42
0,3337905931,1.129332,762470,14
0,1233062279,1.157938,763759,12
0,3035365219,0.897044,764352,2
0,1505841367,0.791187,766888,30
0,11967937,0.789333,770156,41
0,4281673061,0.977281,771367,11
0,3491649391,0.725512,772646,12
0,3497047739,0.818488,776857,54
0,1566463571,0.995105,777797,7
0,1052660837,1.160465,780407,31
0,3393733537,0.869402,781262,6
0,2053660663,0.928078,783526,26
0,4191530173,1.095980,784325,5
0,983716549,1.000488,788465,53
0,1890181387,1.024123,790169,18
0,3222893647,0.973276,790753,2
0,3845126611,0.969758,794212,39
0,1315285561,1.177176,799140,48
0,3105373217,0.873883,800326,8
0,238573607,1.024123,801953,17
0,664502383,1.017906,802746,5
0,2936734961,1.062959,803815,9
0,4003884503,1.004871,807697,49
0,2687656201,1.106179,808966,12
0,2303055449,1.065712,809889,7
0,126077737,0.781250,810593,4
0,1663180817,0.969254,812845,26
0,974338721,0.858096,816560,47
0,319125269,0.748697,818328,19
0,2925019121,1.129332,820467,24
0,1979036051,0.952484,820984,1
0,2582641441,1.033615,823958,36
0,1680456929,0.940101,831262,98
0,477715141,0.792420,832046,5
0,1120898507,0.729539,837380,70
0,3512929229,1.073928,839846,29
0,3760732033,0.719429,840413,2
0,2476862053,0.902471,845049,60
0,2833854781,1.156672,847507,29
0,1314465389,0.982762,848884,9
0,3382050913,0.877786,850595,18
0,79608407,0.848367,851245,3
0,2769942361,1.135799,852118,6
0,388487993,0.916963,860645,113
0,2675565173,0.852959,862158,15
0,3620648947,0.913227,865556,42
0,1839908599,0.889391,866915,13
0,3242823361,0.846062,868328,14
0,1618820153,0.876115,871300,36
0,761638529,0.815499,872223,7
0,464031539,0.860369,872737,1
0,2502790343,0.876115,876312,45
0,2396178481,0.882225,877024,4
0,2782053163,1.160465,880264,40
0,1566089597,0.940101,880844,2
0,2052540043,0.907327,882608,19
0,1433545151,0.817891,885720,38
0,424289977,1.095534,886914,11
0,3342445177,0.844329,888343,14
0,3195206699,1.031723,889785,14
0,2906453867,0.970764,890870,9
0,979009511,1.037387,892716,20
0,889487351,0.971267,897861,63
0,1641956027,0.855246,900101,12
0,3817410397,0.925971,902427,23
0,2104682813,1.207884,902956,1
0,1132698533,1.272071,903949,8
0,170229011,0.911622,909804,77
0,2686115059,0.950945,911149,13
0,239442131,0.849517,914018,35
0,2486457917,0.981767,916774,33
0,2744058883,0.851240,917919,10
0,877093879,1.095980,918501,2
0,52838021,1.160044,920668,25
0,3894506771,0.860369,921523,6
0,2086566359,0.846639,923157,17
0,1336331641,1.238620,924365,11
0,3051956749,1.125434,924943,2
0,3486851003,0.956577,926858,20
0,3410737433,1.009718,927822,7
0,4200276359,0.924387,928542,4
0,1125990469,0.971267,930786,26
0,3386189759,0.956577,932277,15
0,1028911951,0.705724,937540,69
0,1368602371,1.048623,939652,24
0,1224643753,1.236647,940731,9
0,1458650911,1.055584,941320,2
0,2831728567,1.095980,947241,78
0,864495347,0.978779,948802,16
0,649924783,1.099538,949311,1
0,3288053149,1.004871,950458,10
0,1234289897,0.910550,953162,25
0,1498440379,1.023646,953839,3
0,2790091207,0.913227,954698,6
0,2855008307,1.107944,956981,23
0,3320313421,1.070284,957508,1
0,1036551133,1.098205,958925,14
0,724098421,0.875000,960547,17
0,1246503421,1.008267,963852,41
0,3212772083,0.942176,966391,30
0,2716204079,0.854103,966914,1
0,2271471427,0.973276,967567,3
0,1451493727,0.635075,969747,25
0,3791551333,0.696672,972560,34
0,3764496613,1.006328,974823,26
0,3240137441,1.019344,977417,31
0,1099270243,0.960652,979247,20
0,2178557929,0.950432,981217,22
0,3456497323,0.906789,984595,42
0,165046963,1.158360,985315,4
0,3305501987,0.750651,987363,23
0,2043057227,1.030776,991994,60
0,2686926659,0.973777,992718,4
0,1143143363,1.035503,993728,8
0,2137752803,1.017426,995293,16
0,4265221561,0.755190,996364,9
0,967919243,0.756482,997218,6
0,326668393,0.984747,998967,14
0,3210135127,1.228725,999929,7
0,2125137191,0.766740,1002878,23
0,387073397,0.793652,1008680,70
0,2836544647,1.012616,1009494,5
0,1411235131,1.095980,1010890,13
0,238600283,0.846639,1011827,7
0,2104053641,1.111464,1012340,1
0,3472277461,0.971267,1013427,9
0,4149445471,1.043488,1014015,2
0,2489880241,0.770552,1015146,10
0,485443561,0.722139,1016141,8
0,1703436277,1.002438,1017421,12
0,4240227241,0.692454,1018430,8
0,1125430639,1.147773,1020833,28
0,1011857237,1.081178,1021417,2
0,2004650933,0.950945,1022289,6
0,2049010603,1.070284,1023359,9
0,262452209,0.958616,1025184,20
0,3064722119,0.778746,1027031,20
0,4145932151,0.829745,1028397,13
0,2170406519,0.836193,1029683,12
0,2958294743,0.988212,1030488,5
0,1964936641,0.940101,1031835,13
0,2980944737,0.822653,1032346,1
0,3468090371,0.930180,1036562,54
0,1319875091,0.791804,1037560,8
0,1508561459,0.971267,1039889,27
0,3053850923,0.920152,1041381,15
0,965841743,1.058356,1042655,12
0,870466153,0.817891,1043849,11
0,1662509809,0.787475,1044359,1
0,117772573,1.156672,1047914,45
0,4002660581,0.670966,1048782,6
0,3333277933,0.911086,1052495,47
0,4065706511,0.877786,1054471,22
0,3710718119,0.908940,1057342,31
0,62956849,1.015505,1063247,76
0,4251713533,0.915897,1065605,27
0,3407723479,0.977281,1066272,3
0,804522419,1.002438,1067546,12
0,715147283,0.950945,1069995,29
0,2082534067,0.724164,1073926,50
0,1672831859,0.919621,1074928,8
0,2517762683,1.021736,1075433,1
0,2502443269,1.078917,1078014,31
0,1860574139,1.110145,1080637,31
0,3347704681,1.064795,1085283,60
0,3500456243,0.823246,1087482,25
0,1248079493,0.827978,1092316,63
0,2339544101,0.993632,1094152,20
0,319496347,1.035503,1094940,5
0,2706005663,0.876115,1095869,7
0,3363359819,0.891036,1096809,7
0,751437851,1.095980,1098213,14
0,1956112867,0.877786,1098870,3
0,2415561283,0.732211,1101781,30
0,2483205737,1.099538,1105719,35
0,2949876773,1.055584,1112188,82
0,2645301251,0.944247,1121502,127
0,105832457,1.033615,1122130,3
0,637978007,0.938541,1123468,13
0,3990380827,0.815499,1127676,54
0,1723949663,0.844907,1129091,14
0,945470497,0.981767,1132382,41
0,1383656227,1.115848,1134492,24
0,2871147787,0.910550,1137722,40
0,306593257,0.942694,1139762,23
0,1079189281,1.168432,1146125,85
0,3997244077,0.782499,1146912,5
0,3732537959,0.940101,1148884,22
0,1218776149,1.180489,1150429,16
0,69081851,1.033615,1157381,90
0,1736881631,1.017906,1159158,18
0,2224691591,1.168432,1159873,4
0,2517321701,0.945797,1164327,55
0,200626297,0.938021,1165755,14
0,966373103,0.814900,1167036,12
0,535525873,0.884436,1175099,109
0,1120341863,1.064795,1176254,10
0,1277548273,0.988706,1177469,11
0,1341348787,0.969254,1179667,25
0,2253686203,0.916963,1181220,16
0,1749702131,0.884436,1185979,62
0,2808048427,1.032197,1187835,20
0,2560606187,1.039738,1190874,37
0,415137791,1.062959,1191464,2
0,1529118863,0.947859,1192245,5
0,2333770277,0.869402,1194425,25
0,339177403,1.017426,1196139,18
0,77153291,1.043488,1198107,22
0,1375562933,0.907327,1200043,21
0,3961353031,0.846639,1203500,38
0,3519758401,0.971267,1204243,4
0,3063948523,0.978779,1208272,38
0,2653393423,0.895409,1210980,30
0,3122678249,0.789333,1215189,54
0,4186760099,0.730208,1216401,11
0,875905379,0.923330,1217750,13
0,56380033,1.004871,1219628,21
0,428996593,1.076198,1221192,16
0,2770601423,1.187911,1222403,11
0,2923772339,1.082983,1224521,24
0,836279669,1.046292,1230533,80
0,2360693809,0.897044,1231873,13
0,613035833,1.052341,1232860,8
0,2740355467,0.789333,1233577,4
0,2013023083,0.908403,1237303,47
0,686717203,0.930180,1238723,14
0,1540791727,1.171771,1242178,43
0,2696903603,0.969254,1243816,17
0,1480326979,0.945797,1245029,11
0,2651976791,1.094196,1245611,2
0,1284843299,0.843171,1248844,40
0,2047314721,1.103085,1251014,25
0,3982486289,0.946829,1252226,11
0,1360280359,1.202211,1253012,5
0,2419310539,0.942176,1253596,2
0,3509829443,1.063419,1255368,19
0,3864867437,0.980772,1257293,18
0,2727835547,1.058356,1259243,20
0,2503564769,1.161727,1261041,16
0,830713811,0.955044,1262396,13
0,1246544113,0.908940,1263052,3
0,3048852601,1.000488,1267276,52
0,1311468569,0.942694,1268007,4
0,2063433499,0.846639,1269794,19
0,380127401,0.820275,1270921,10
0,831232151,0.797334,1273392,29
0,4169328211,1.009718,1274751,13
0,1504910471,1.004871,1275756,8
0,4223482673,0.907327,1276273,1
0,308884039,0.824432,1276843,2
0,1159913309,0.852959,1278955,24
0,432087553,0.938021,1279440,1
0,2793580723,1.055584,1280508,9
0,2716881593,0.969254,1281850,13
0,2045207743,1.152867,1284663,34
0,1331504099,0.958107,1285526,6
0,333974089,0.978779,1286652,10
0,753682967,0.964709,1287792,10
0,3645535591,0.849517,1290610,34
0,2037162949,1.035503,1293214,31
0,3519629101,0.880563,1293932,4
0,1761175837,0.956066,1294729,5
0,3958020433,1.035503,1295311,2
0,2436984139,1.033615,1295886,2
0,885556739,0.987223,1300293,57
0,672597097,1.066170,1304478,54
0,3091830877,1.000488,1305721,7
0,737803657,0.848367,1311294,59
0,3277833023,0.766740,1313655,25
0,3458301293,1.207884,1314935,12
0,2584104079,0.889391,1315510,2
0,1840403659,0.954021,1316301,5
0,4294167539,0.939581,1317598,12
0,1989941467,0.880563,1322206,59
0,936737429,1.047691,1322730,1
0,909399619,0.985738,1323934,11
0,3232758883,0.891584,1325214,12
0,1397894671,0.782499,1326908,18
0,513926729,0.760987,1329655,33
0,3428707279,0.849517,1332693,37
0,2637244921,0.829745,1333490,5
0,3799977347,1.043488,1335398,21
0,3437580599,1.031723,1336196,5
0,967971611,0.897044,1337188,8
0,1490427863,0.802219,1340100,35
0,3121319203,0.834439,1340610,1
0,1922611261,1.075745,1341974,13
0,3007554169,0.950945,1346058,52
0,3982126877,1.032669,1346576,1
0,2501638057,1.163407,1347231,3
0,890966887,0.833854,1348373,10
0,2426459713,0.880563,1349496,10
0,2423648627,0.827978,1351401,21
0,4226372221,1.244519,1353466,23
0,1323493429,1.174268,1355583,24
0,3116049737,0.932801,1356735,10
0,1668315109,1.142229,1359489,33
0,75040897,1.064795,1361166,10
0,1546275067,1.067086,1364080,33
0,2039161801,1.160465,1365919,20
0,1608180551,1.025076,1366507,2
0,895884053,1.055121,1369755,38
0,916829231,0.960652,1371334,16
0,3102290777,0.971267,1373658,27
0,840209449,1.050019,1377356,47
0,675180809,0.939581,1378274,7
0,197737861,1.109705,1379054,5
0,866834873,0.876115,1383633,59
0,280128829,0.817294,1385119,15
0,4021560757,1.064337,1387931,34
0,1629774613,0.836193,1388503,2
0,1810995311,1.043488,1391177,32
0,2992790683,0.813701,1392592,14
0,4226288533,1.004871,1393760,10
0,736274621,0.938541,1394339,2
0,3803887421,0.674595,1395635,12
0,1922656171,1.033615,1397628,22
0,3585260683,1.068458,1399829,25
0,1431379931,0.950432,1400344,1
0,4181534311,0.976781,1400932,2
0,969703639,0.907327,1401437,1
0,1767108659,0.844907,1403556,24
0,3568189283,0.978779,1404143,2
0,1106709719,0.860369,1405003,6
0,1131858493,1.160044,1406072,9
0,2959637959,0.628894,1409531,39
0,2475819007,1.004871,1413156,31
0,3196545113,0.822653,1415467,23
0,924270103,0.801000,1416553,9
0,1773545017,0.987223,1418118,16
0,2675427493,1.008267,1418916,5
0,1408351201,1.033615,1421107,25
0,3470704151,1.098650,1424624,44
0,353929567,0.971267,1426721,21
0,3149039801,0.911622,1427255,1
0,1360143437,1.000000,1431179,50
0,3079761481,1.043020,1431844,3
0,4004740153,1.035503,1434861,37
0,3770625571,0.691042,1436840,22
0,395149981,0.919621,1439998,39
0,3300305447,0.858096,1441498,15
0,2356812959,1.144365,1444235,33
0,1644164939,0.897044,1446729,29
0,645461153,1.002438,1447234,1
0,449052187,1.033142,1448093,6
0,4033890643,0.841432,1448946,6
0,3832594277,1.207480,1449599,3
0,3151858901,0.907327,1450965,13
0,997904147,1.100870,1454909,50
0,2029976219,0.981270,1458584,46
0,2353411153,0.884436,1460232,17
0,378489857,0.884988,1460936,4
0,3869190037,1.264371,1462148,11
0,3591478277,0.846062,1465296,34
0,3415240691,1.127168,1467023,18
0,3366852617,0.904092,1468217,11
0,3316796269,0.815499,1470049,17
0,618213433,0.970261,1471684,17
0,1312419551,0.995105,1472491,5
0,2264949971,0.911086,1474876,28
0,1015053931,0.793652,1476992,24
0,3808273549,0.960652,1477792,5
0,14786701,0.822653,1478272,1
0,1050710351,0.946313,1479209,7
0,3620032699,1.039268,1482733,44
0,552796043,1.074382,1483525,5
0,1993955357,0.911086,1485649,24
0,1165742687,0.977281,1487347,18
0,1680572039,0.973276,1488285,7
0,1457996047,1.098205,1489212,7
0,106479047,0.850092,1490418,11
0,2241550219,1.000488,1491423,8
0,2664327769,0.817891,1492215,5
0,2211622573,0.956066,1492866,3
0,1538869001,1.079370,1497983,67
0,1789247177,0.916963,1499052,9
0,956191849,1.159624,1500825,19
0,1608190303,1.006328,1504550,47
0,3464811527,0.940101,1507792,40
0,2859511511,1.035974,1508811,8
0,2917085741,0.818488,1509397,2
0,4003147517,0.864897,1514960,54
0,3434541619,0.981270,1516427,12
0,2204645747,0.873883,1517670,8
0,86437837,0.911622,1518678,8
0,2303366927,0.939581,1520808,24
0,716138057,1.010685,1522149,13
0,1311664547,1.086584,1523356,11
0,1971247477,0.949404,1525476,24
0,2586691451,1.038798,1527527,23
0,3452723423,0.884436,1528527,8
0,823190057,0.938541,1531465,36
0,4236964513,1.015505,1540767,127
0,46126721,0.952484,1541329,2
0,1370343047,0.956577,1546187,63
0,50969537,1.158360,1549196,37
0,3222450247,1.027930,1550461,12
0,2769658433,1.219551,1551102,3
0,2942731339,0.791804,1552309,11
0,665028701,1.012133,1554204,21
0,2552610551,0.840271,1554729,1
0,3201053579,0.988706,1555747,8
0,3250708541,0.915897,1558141,28
0,2861018959,0.915364,1559785,17
0,285599297,1.037387,1560349,2
0,3059669881,1.039738,1561076,4
0,2664348329,1.250391,1563827,33
0,3937284751,0.880563,1566805,36
0,2655264413,0.899761,1568376,12
0,2670527231,0.846639,1569250,6
0,657142687,1.081178,1570118,6
0,3911100877,1.281631,1571053,7
0,3371209987,0.827978,1572044,8
0,3255245573,1.063419,1573005,5
0,1308401063,0.910550,1574026,8
0,3819554227,0.849517,1575729,18
0,1492995421,1.004871,1581262,73
0,4113474433,0.834439,1582403,10
0,1467731483,1.166760,1583207,5
0,486483199,0.751301,1586949,47
0,4143518597,0.985738,1588438,15
0,2316628411,0.877229,1589923,15
0,2555376311,1.000976,1591066,10
0,38547491,0.955044,1592246,11
0,2369731579,0.972774,1594441,25
0,1427477549,1.008267,1597530,38
0,677717743,0.824432,1599783,26
0,3128505361,1.140946,1603299,44
0,48731933,0.910550,1604631,13
0,2012007523,1.190785,1606548,21
0,2003024339,0.976781,1607136,2
0,4154175803,0.971267,1609115,22
0,3989315111,1.008267,1610954,20
0,1587648599,0.866589,1613604,27
0,513024583,0.862070,1614412,5
0,2441426353,0.820870,1618390,35
0,2940358727,1.144791,1619642,9
0,1163554999,1.013098,1620432,5
0,1140566633,1.098205,1622058,17
0,3907899799,0.832682,1623834,19
0,820870997,1.156672,1625547,18
0,3342620927,0.875558,1628387,34
0,4215512779,0.761629,1632263,49
0,1181900113,1.156250,1633257,8
0,2547269833,0.911086,1634823,16
0,3173080747,0.844907,1635546,4
0,3913522709,0.907327,1637047,15
0,3616229863,0.989199,1639862,34
0,1087579327,0.825615,1640511,3
0,919692563,0.946313,1641505,8
0,2154305669,1.078012,1645364,49
0,2671156139,1.054659,1646370,8
0,1417841077,0.981270,1649120,33
0,3963619501,1.062959,1650040,7
0,3612418531,0.735538,1652442,28
0,1056488519,1.086134,1654209,19
0,246747337,1.133647,1655121,7
0,2913499313,1.064337,1659749,60
0,443536607,0.969758,1662846,38
0,2632125967,0.973276,1663913,9
0,2750158613,1.160044,1664492,2
0,98586253,0.986728,1667843,37
0,4158855221,0.941657,1670324,29
0,1248484603,0.886090,1671269,7
0,3075121741,0.595392,1672267,8
0,4180471723,0.858096,1674129,18
0,3791949737,0.853531,1675477,13
0,3786963721,0.977281,1676611,10
0,802971137,0.981270,1677474,6
0,2065988677,0.950945,1678610,10
0,2157567001,1.020780,1681074,29
0,2633117833,0.796722,1684235,39
0,2347043107,0.950432,1685505,12
0,2567578537,0.854103,1686920,14
0,129621659,0.942176,1688478,16
0,891319907,0.916963,1689121,3
0,3117276683,0.914830,1691870,33
0,3877863943,0.791804,1692376,1
0,463611691,0.975280,1693238,6
0,3566483827,0.988706,1695000,19
0,503148127,0.877786,1695866,6
0,1823817659,0.913227,1700511,60
0,12628223,0.913227,1701207,4
0,524130251,0.849517,1702625,14
0,2734500203,0.844907,1703785,10
0,441246229,0.969758,1704631,6
0,2386256261,0.908940,1705774,10
0,3555086501,0.803435,1707760,22
0,309162523,0.628894,1708403,3
0,1631523059,0.911622,1709624,11
0,3622668251,1.142657,1711491,20
0,600814807,0.892679,1712215,4
0,3765321017,1.064795,1712864,3
0,4082426003,1.002438,1715035,20
0,3809979011,0.946313,1715633,2
0,1134833899,0.925971,1716837,11
0,4106891531,0.876673,1720436,29
0,523839119,1.093303,1721260,3
0,2709380437,0.766103,1722055,5
0,970071059,1.189965,1722977,7
0,276718423,1.097761,1724815,20
0,201922393,0.843750,1725516,4
0,948383299,1.040677,1726367,6
0,1884437033,0.855246,1729234,35
0,3916378691,0.941657,1730094,6
0,3223910083,0.977281,1732341,26
0,2070170923,0.942694,1732929,2
0,2266286479,1.118471,1733508,2
0,512065363,0.897588,1734643,10
0,3688967083,1.015505,1735159,1
0,2393062873,0.942176,1735881,4
0,4203557081,0.867152,1736601,4
0,947829367,0.978779,1737681,9
0,1891924571,0.763550,1738548,6
0,137388527,0.693863,1739393,6
0,2911858031,1.049554,1741805,28
0,445147867,1.163827,1742866,9
0,4119045839,1.168015,1746028,39
0,4217950349,1.146496,1747311,12
0,3047530067,0.945797,1753204,78
0,3582263429,0.850666,1754051,6
0,2390171093,0.978280,1756806,33
0,4280976719,0.813101,1757466,3
0,2887401997,0.969254,1758941,15
0,3227053399,1.075745,1759807,6
0,1232758237,1.088828,1760821,8
0,931351439,0.608373,1767411,88
0,2181876797,0.938021,1769329,21
0,88153817,0.921743,1773098,44
0,1255186901,0.849517,1776067,34
0,3391910507,0.911622,1776738,3
0,1426437737,1.035974,1777808,9
0,175060003,1.032197,1780693,35
0,3498233017,0.981270,1781842,10
0,2048045477,0.906250,1784157,27
0,3972737603,0.791804,1785083,7
0,173090597,1.052341,1790462,71
0,3283201783,1.044891,1791399,7
0,783568697,1.095980,1792609,11
0,1416506167,1.074382,1795074,29
0,2950814131,0.950432,1797692,31
0,2970795959,1.035503,1799333,17
0,1201099477,1.033142,1802422,38
0,1249793683,1.078012,1803913,15
0,3113568313,0.818488,1805747,20
0,412694629,0.877786,1806941,11
0,482482613,0.888841,1811135,54
0,402398233,1.048157,1811787,3
0,4116517091,1.040677,1812646,6
0,902375153,0.858664,1813222,2
0,1495918253,1.031250,1814578,13
0,1699070447,1.000000,1815227,3
0,2357215823,0.875558,1815864,3
0,253366109,0.975280,1817427,12
0,219050243,0.941657,1818220,5
0,2857026283,0.904632,1822849,45
0,3125647607,1.111903,1825219,24
0,2861657993,0.893772,1826362,10
0,2230429111,0.989199,1829048,32
0,2832202007,1.031250,1830196,10
0,1079546627,1.070284,1831039,6
0,728658407,0.972774,1832040,8
0,2863986533,0.934370,1836825,62
0,3871636091,0.722139,1837620,5
0,273891977,0.902471,1839377,19
0,4258470763,0.862070,1840669,12
0,3932704687,1.039268,1842576,21
0,2425795571,1.104854,1844914,27
0,3866362469,0.948374,1846958,23
0,214076537,1.100870,1851086,53
0,1408545343,0.849517,1854623,44
0,1611005171,0.844907,1855212,2
0,230939381,1.000488,1858575,42
0,3400296253,0.953509,1859227,3
0,3207332833,0.791187,1859811,2
0,890963267,1.091068,1863656,49
0,3416545579,0.923330,1864940,12
0,3319453139,0.997556,1866432,15
0,636192653,1.191605,1877448,145
0,4147418797,0.977281,1878959,15
0,3431002907,0.938541,1882424,41
0,2220659531,0.722139,1883088,3
0,987206911,0.950945,1883823,4
0,1726932491,0.914830,1884408,2
0,3295547027,0.791804,1885282,6
0,1132459099,0.853531,1887416,24
0,2613485449,0.815499,1888562,10
0,1502630413,0.846062,1889203,3
0,4253726809,0.973777,1890415,11
0,3630823279,0.930180,1896055,74
0,1968156767,1.102642,1898827,33
0,3509562391,0.969758,1904433,74
0,1957347473,0.908403,1905292,6
0,1311069629,0.877229,1906090,5
0,1374181777,0.946313,1907506,14
0,3070682707,0.760345,1908723,11
0,2438182217,0.822059,1914884,82
0,3055198921,0.938541,1916786,21
0,271501031,0.783746,1919984,35
0,2788147049,1.111903,1921009,8
0,789197303,0.973276,1922146,10
0,2692255039,0.801000,1924639,14
0,1147657081,1.062959,1926537,16
0,2556122297,0.889391,1927405,4
0,368776271,0.983258,1930030,31
0,2170430011,0.858096,1931246,11
0,60285761,0.730208,1931947,4
0,4142707963,1.180489,1934852,35
0,3589417687,0.871645,1935928,9
0,4291670653,1.039268,1939870,50
0,3938670803,1.001951,1942050,25
0,141703981,0.853531,1944371,27
0,2621972701,0.877786,1946062,18
0,4082619689,1.043020,1947480,14
0,667563541,1.085235,1949753,26
0,2722625681,0.766103,1950263,1
0,375629869,0.883883,1952787,30
0,3981948493,0.981270,1954208,14
0,706191683,1.043488,1956108,21
0,3899751871,0.988706,1957254,10
0,698856721,0.796722,1958601,13
0,3932439919,0.925443,1960163,16
0,232957903,1.125868,1963597,43
0,587782177,1.213933,1965490,21
0,1064390099,1.176761,1966356,6
0,2583002699,1.024123,1967021,3
0,1601702533,0.597030,1967822,5
0,2085588811,0.984747,1970496,32
0,463577311,1.062959,1971072,2
0,3730442701,0.921743,1975776,61
0,392921449,0.978779,1976834,9
0,2061816223,0.938021,1979272,24
0,4102786927,1.014061,1981065,19
0,53514269,0.923330,1982250,11
0,2746194667,1.102642,1987333,64
0,1000729027,0.880563,1989261,21
0,3208930883,0.970764,1989981,4
0,2074106123,0.920152,1990489,1
0,3482567213,1.016466,1994361,49
0,1110087791,0.824432,1995910,16
0,2878264307,0.981767,1997341,14
0,1922951819,0.879453,1998497,10
0,1876356269,1.004871,2001113,31
0,690096313,1.012133,2001894,5
0,2616556967,0.814900,2002638,4
0,1993317259,1.043488,2006444,48
0,1267214239,1.082983,2008982,30
0,429493781,1.040677,2011448,28
0,3961898389,0.975280,2012670,11
0,3382993469,0.976781,2014917,26
0,101666791,0.875000,2019827,64
0,868954243,1.025076,2020400,2
0,3297895451,1.091963,2022742,23
0,3275801429,0.788714,2023267,1
0,788676583,1.065254,2026590,27
0,2563675753,0.855246,2027892,8
0,3127966399,0.883883,2028625,4
0,1563943247,1.097761,2029149,1
0,3145448671,0.973777,2034772,74
0,1328386903,0.827978,2036540,19
0,940724669,0.877229,2037954,14
0,1911434669,0.736864,2040284,27
0,3966072157,1.000488,2040807,1
0,1361004793,0.766103,2042846,23
0,344674051,0.755190,2043346,1
0,3880477957,0.988706,2045601,26
0,1644041951,0.781875,2047875,26
0,651862039,0.914830,2048804,7
0,2709703901,1.008267,2049451,3
0,3926193619,0.849517,2051504,23
0,3949670891,1.033615,2054480,36
0,455791033,1.130628,2059226,62
0,1770072581,0.942694,2063416,54
0,2569386887,1.136229,2063937,1
0,1331165639,0.946313,2069209,69
0,1586606513,0.983258,2070906,18
0,826270337,0.803435,2071619,4
0,1321893481,0.950432,2073120,15
0,2412332081,0.858664,2077407,51
0,4268710349,0.877786,2080321,35
0,1148487827,1.032669,2082577,23
0,3618403499,0.820275,2083257,3
0,3590647733,0.827388,2086631,42
0,1060548283,0.908940,2088196,16
0,1039149473,0.827978,2090107,21
0,3959244979,1.073928,2092301,25
0,1810711589,0.921743,2093297,8
0,3598818803,1.012616,2094166,6
0,3433763393,1.063419,2094946,5
0,3079369217,0.908403,2097051,24
0,3012661121,1.097316,2097974,7
0,1010233019,1.091516,2099055,9
0,2590791403,0.977281,2099916,6
0,66830593,1.098205,2103131,40
0,2043889699,0.846062,2106589,43
0,3921797963,0.924387,2108300,18
0,2021304697,1.142229,2109378,9
0,1814400257,0.942694,2110019,3
0,3851006563,0.894864,2113754,47
0,141342379,1.003899,2115651,21
0,1659396199,0.908940,2117340,18
0,477004069,1.132786,2118127,5
0,2383640723,1.067086,2121414,41
0,3096011573,0.908940,2122077,3
0,4240603867,0.941657,2123430,13
0,180022987,0.932801,2124966,11
0,806107903,0.950945,2128694,47
0,1517454797,0.921743,2130602,7
0,1814314189,0.913227,2132351,15
0,658390849,0.908403,2134045,18
0,3479040841,0.686078,2136317,26
0,2522234471,0.827388,2136978,3
0,3723700003,0.932801,2137494,1
0,3549817867,0.994614,2138634,10
0,128697671,0.848367,2139344,4
0,341808121,0.983258,2140765,14
0,1763734459,0.956066,2142544,19
0,160626547,0.866589,2145274,33
0,2314142287,1.047225,2146410,10
0,3337755427,0.914830,2147345,7
0,3090318713,0.891036,2150231,35
0,1715858981,0.563367,2152140,21
0,1856067439,1.037387,2152657,1
0,2106080237,0.766103,2153242,2
0,1363512743,0.907327,2154655,14
0,2770654349,0.813101,2156343,18
0,2001268909,0.713295,2159441,38
0,2040068273,0.999023,2160994,16
0,3605453923,0.701561,2162415,14
0,4010367547,1.137517,2166593,53
0,3826275787,0.914830,2168853,26
0,2742042643,0.834439,2171021,25
0,2979987827,1.002438,2173909,35
0,2557700897,0.937500,2174696,5
0,94724243,0.805862,2176740,23
0,379065821,0.793036,2178147,14
0,3541930757,0.938021,2181450,38
0,1121232187,0.796722,2182380,6
0,928605191,0.844329,2185400,37
0,1707555013,1.104854,2185987,2
0,2427223307,0.971267,2187419,12
0,674296019,0.911086,2188996,16
0,1989502561,1.004385,2190685,18
0,1389511633,0.831508,2193656,36
0,3372675653,1.019823,2195838,25
0,2169122861,1.012616,2197178,13
0,904899271,1.012133,2198883,18
0,2389806817,1.062959,2200995,24
0,1067706259,0.851240,2203968,36
0,2079826519,0.946829,2204906,7
0,2434742591,0.940101,2210587,75
0,2982023591,0.995105,2215614,65
0,1720319561,0.964709,2216617,8
0,2780334149,0.858664,2217129,1
0,3784297619,1.033142,2217920,5
0,3925722277,1.015505,2219269,13
0,1111193927,0.793036,2220831,16
0,2168390267,1.043488,2223015,25
0,3854413267,0.911622,2225134,24
0,3519973361,0.735538,2228022,31
0,1469355743,1.168432,2231463,28
0,250146467,0.850666,2239639,108
0,659193233,0.827388,2242802,39
0,1930974041,0.921743,2244087,12
0,1665886777,0.655506,2248210,53
0,1655872303,1.106621,2251725,44
0,1928276587,0.873324,2254847,38
0,2566894973,0.701561,2256067,11
0,2857781851,0.921743,2257836,19
0,3787064849,0.884988,2258475,3
0,823704149,0.961668,2259119,3
0,236839609,1.043020,2260596,15
0,669031463,0.875558,2267726,96
0,2347669183,0.753248,2268248,1
0,4131141541,1.117160,2270238,22
0,2006730241,1.031250,2272973,33
0,453678191,0.846062,2273544,2
0,1838805673,0.894864,2280574,94
0,1327756337,1.048623,2281396,1
0,2335265483,0.822653,2282297,5
0,1887270863,1.130628,2282964,3
0,3327465023,1.119343,2286505,44
0,1260612233,0.848942,2287925,11
0,2539623143,1.009718,2289988,23
0,2957033113,1.035503,2292031,23
0,1821948421,0.942694,2297063,66
0,970203301,0.844907,2298886,20
0,1246302779,0.942694,2302192,41
0,356444507,1.033615,2302841,3
0,1005680491,0.858664,2307754,64
0,642828103,1.000976,2311995,54
0,937683139,1.064795,2312993,8
0,747380233,0.972774,2313778,5
0,3526884679,1.073928,2315556,19
0,4202369953,0.908403,2318929,42
0,3111501163,1.066628,2320921,22
0,2247578159,0.952484,2322408,15
0,2171919853,1.109705,2324189,19
0,1307949787,0.977281,2325338,10
0,931621909,0.977281,2327179,20
0,1579228907,1.048623,2327768,2
0,56513927,0.906250,2328827,9
0,2233583881,0.971267,2330025,8
0,1407438667,0.888841,2330636,2
0,2073438011,0.750651,2332057,14
0,184887883,0.877229,2334457,14
0,4275308099,0.700167,2337122,29
0,4217771707,0.938541,2338064,7
0,2050255639,0.858096,2341580,44
0,2243078951,1.004385,2343558,22
0,1851615769,0.925971,2345891,27
0,3571486147,0.897044,2347095,11
0,675667117,1.021736,2348650,16
0,1346736487,1.066628,2349154,1
0,2778842051,0.973777,2350566,14
0,2647532197,0.793652,2351424,6
0,2168915929,0.944247,2352277,6
0,3769548061,0.946829,2356492,54
0,434701739,0.993632,2358744,26
0,3161986829,1.357128,2359601,6
0,4286751409,1.044891,2362294,32
0,3753119137,1.012133,2363498,11
0,2107313899,1.204241,2364719,11
0,2297390101,0.797334,2366548,20
0,3956885623,0.833854,2368037,15
0,3818477263,0.886090,2368692,3
0,3219830749,0.927551,2369503,5
0,4041508439,1.025076,2372952,43
0,3591696679,0.818488,2379048,81
0,47817683,0.944247,2380808,19
0,4246472491,1.035503,2381875,9
0,4029069439,1.008267,2382947,9
0,1621714321,0.970764,2384918,22
0,3609381199,1.111464,2387685,29
0,4110889621,0.911622,2388561,6
0,2945283493,0.940620,2390124,16
0,1153814869,1.017426,2393631,41
0,3597740771,0.852959,2397142,44
0,2957801471,0.851240,2402425,69
0,3508491541,0.913227,2404834,28
0,5583287,0.781250,2406659,20
0,340073941,1.171354,2410230,45
0,1864696381,0.910550,2411937,18
0,1382791411,0.815499,2413644,18
0,4272571409,0.908940,2414218,2
0,2045306797,0.818488,2415570,13
0,4137196771,1.012133,2419074,44
0,2290001209,0.907327,2419862,5
0,1160847319,0.834439,2421215,13
0,4028611487,1.004871,2426873,72
0,250944541,0.863202,2428106,11
0,4250273519,1.109705,2429390,12
0,4227103129,1.063419,2432537,34
0,1781953177,1.183381,2437731,51
0,1258079021,0.823246,2438638,4
0,356009557,1.281631,2441083,29
0,2635079813,0.804043,2441581,1
0,2683409783,0.803435,2446500,64
0,3404849159,1.079370,2448266,19
0,2360045431,1.130628,2454505,83
0,282501007,1.073928,2457186,32
0,4018411339,0.825024,2458822,17
0,3347371219,1.086134,2460514,18
0,1353105227,1.221951,2461027,1
0,4013657009,1.002438,2463790,33
0,3272783161,0.880563,2465902,24
0,1335824953,0.999023,2468365,29
0,1998962531,1.014061,2468884,1
0,2529178853,1.074382,2469464,2
0,275593187,0.944247,2471118,16
0,2406826811,0.972774,2471914,5
0,3243801611,0.940101,2472984,9
0,2572278013,0.879453,2473498,1
0,2435265137,0.766740,2475324,20
0,198744349,0.719429,2476389,9
0,3724314047,0.888841,2479222,34
0,3404673397,0.839689,2480788,16
0,58783937,0.954021,2481691,7
0,91340869,1.038328,2484979,41
0,2121007513,0.876673,2485484,1
0,3395957497,1.025076,2486202,4
0,2942675353,1.006328,2489161,31
0,250262297,0.897588,2490118,7
0,1474476401,0.913227,2490634,1
0,4276125643,1.225940,2491859,11
0,704088809,0.939581,2493395,14
0,3511678243,0.969254,2493931,1
0,1591959613,0.940101,2497659,47
0,2694626653,1.031723,2498520,6
0,2380899931,1.070284,2500286,19
0,3393797111,1.039268,2502627,27
0,1820497963,0.751301,2503207,2
0,3994524581,0.784369,2504211,8
0,1325232047,0.945797,2506002,19
0,666888689,0.906789,2507075,9
0,4176482683,0.920152,2509120,23
0,3544418609,0.822653,2509974,6
0,2208476059,1.068458,2510979,8
0,792382891,0.938021,2511494,1
0,2004259057,0.987223,2513953,29
0,65874019,0.941657,2517450,44
0,4004405543,1.043020,2519168,18
0,3784353109,1.004871,2519820,3
0,2774844851,0.781875,2521382,16
0,1153861843,0.969758,2522164,5
0,2162997757,0.884436,2525262,38
0,3010716073,0.942176,2534238,118
0,283942189,0.878342,2543935,117
0,2255111,0.914830,2544940,6
0,1995293551,1.046292,2546154,11
0,4172581703,1.068458,2547362,11
0,3340437011,1.082983,2551803,57
0,259751419,0.919621,2553017,11
0,4122454411,0.974279,2559596,88
0,84420701,0.876115,2560161,2
0,3994492421,0.894864,2562703,30
0,2223826483,0.843750,2566976,55
0,1087692323,1.004871,2570833,49
0,1909158061,0.891036,2571346,1
0,70289327,0.947859,2572342,8
0,2454260737,0.732211,2574803,29
0,2179009687,0.915364,2575445,3
0,808463939,0.880563,2578390,36
0,518252971,0.913227,2579534,10
0,3184061689,0.981767,2583127,45
0,761024477,0.882225,2584337,11
0,2399278477,0.891036,2586252,21
0,2884286257,0.778746,2586983,4
0,3075609707,0.854103,2589481,26
0,2841854783,1.072563,2591981,28
0,2409272297,0.945280,2594026,23
0,514888369,0.891584,2595739,16
0,1252144997,1.070284,2597097,13
0,1592604841,0.843750,2599077,22
0,3005282563,0.876115,2600283,11
0,2879551531,0.937500,2608327,109
0,3516180347,1.085235,2609264,7
0,2099281817,1.047225,2610756,15
0,2738361239,0.784369,2614063,41
0,3366680137,0.844907,2615626,16
0,2035985353,0.849517,2617753,24
0,4210822081,0.849517,2618265,1
0,2949079823,1.038798,2621778,44
0,202704367,0.946313,2622416,3
0,866658383,1.039268,2623275,6
0,1497811109,0.978779,2629510,83
0,9968219,1.035503,2629993,1
0,1275948353,1.004385,2631329,13
0,3436722917,0.836777,2634008,32
0,4205543753,1.162987,2635004,8
0,4275843709,0.755190,2636787,15
0,25471249,0.879453,2638769,22
0,681797339,0.760345,2643932,53
0,2848582873,0.893772,2645828,18
0,1354977517,1.029829,2646905,9
0,3792882851,0.872205,2650068,39
0,1402044019,0.934370,2653869,48
0,96283853,0.888841,2656409,30
0,3083630503,1.066628,2658202,19
0,3697443353,0.911622,2660465,26
0,3734811823,1.100870,2667060,88
0,1007524127,0.950432,2668130,9
0,307720753,0.958107,2668839,4
0,1434358403,1.039268,2671520,32
0,13044539,0.827388,2673466,22
0,795653611,0.768648,2677351,49
0,2593658173,0.923330,2679050,18
0,843640661,1.212726,2679774,4
0,2766395299,0.823246,2680498,4
0,1912059089,0.875000,2682265,19
0,4040967767,0.920152,2683471,11
0,1877785171,1.035031,2685241,19
0,739361923,1.068458,2685746,1
0,4130201759,1.075745,2690041,55
0,4043228663,0.823246,2696368,78
0,3288207739,0.924387,2698225,20
0,1610012423,0.986728,2700733,27
0,1413624967,0.911622,2703833,38
0,2322398227,1.006328,2704346,1
0,1953234427,1.044891,2706899,30
0,1908284011,0.940101,2709428,30
0,711368029,1.109705,2712168,33
0,2823813073,1.062959,2712756,2
0,767362759,1.035974,2714757,22
0,3423084149,0.993632,2715679,7
0,729628243,0.817891,2716271,2
0,1924328173,0.987223,2719027,33
0,469052359,1.075745,2720033,8
0,3057937489,0.880008,2724094,52
0,978435851,0.919621,2725091,8
0,532009307,1.074382,2726654,16
0,3581635867,0.907327,2727868,11
0,39186629,0.877229,2729833,22
0,1988312531,1.043020,2734269,57
0,1970190029,0.813701,2735066,5
0,1865071877,0.971267,2735646,2
0,1267492201,1.019344,2740231,55
0,2704825489,1.067086,2745549,55
0,827431733,0.813101,2746303,2
0,189319357,0.968750,2750293,51
0,19993361,0.686078,2750991,4
0,528281659,0.844907,2752272,12
0,486082699,1.116723,2755854,45
0,2434679561,0.972774,2757751,21
0,3469719427,0.971267,2761412,46
0,1388956847,0.940101,2763468,23
0,3870033883,0.938021,2764885,14
0,1350937207,0.880008,2769368,58
0,77947817,0.942694,2769861,1
0,3982664639,0.911622,2770658,5
0,703497709,1.075745,2771447,5
0,2578930967,0.842012,2773499,23
0,3331714259,0.791187,2777443,50
0,1804049869,0.700167,2782215,62
0,4215021689,0.908940,2783001,5
0,1275937643,0.981270,2783925,7
0,1702370339,1.043020,2784994,9
0,857141899,0.873324,2785504,1
0,1454704337,0.725512,2786495,8
0,953450387,0.880008,2789377,35
0,1354152763,1.126735,2790934,16
0,3432321239,0.971267,2795831,58
0,719485133,1.002438,2796634,5
0,1653406121,0.713295,2798681,23
0,500912249,0.880008,2801134,26
0,4154853623,0.919621,2803006,20
0,3219033403,1.043020,2808070,66
0,3590689573,0.975280,2813816,76
0,328568437,0.848942,2814878,9
0,3768829291,0.911622,2817966,38
0,365268887,0.944247,2822544,59
0,2294032607,0.969758,2825715,39
0,4142630411,1.037387,2827836,24
0,121363043,0.783746,2828901,9
0,1370062049,0.950945,2831885,36
0,3774970019,0.846062,2834071,25
0,3497065331,1.098205,2835211,10
0,1223612437,0.911622,2837395,25
0,2060568361,0.950432,2839238,20
0,1874275759,1.073928,2848729,109
0,1338399607,1.019823,2850479,16
0,3423078317,0.750651,2854110,46
0,1884159349,1.078012,2854772,3
0,464399053,0.908940,2858275,44
0,2540813777,0.768648,2859486,11
0,4054300633,1.008751,2860791,12
0,3584507737,1.044891,2862211,14
0,2752215737,1.095980,2862997,5
0,1507167581,0.989199,2864977,22
0,4214875069,0.919621,2866901,21
0,2190085243,1.168432,2868251,13
0,373015271,0.829745,2869114,6
0,2111495579,1.094196,2871674,30
0,4276250053,0.829745,2872260,2
0,830064583,0.832682,2872980,4
0,756827257,0.964203,2878098,67
0,1880660393,0.813101,2879797,18
0,2409724253,0.942176,2881354,16
0,860233763,0.989199,2881923,2
0,2658662599,1.016466,2884123,25
0,892904723,0.782499,2884836,4
0,2947075387,1.019823,2887870,37
0,826346219,0.846062,2891084,40
0,38591093,1.003899,2892204,10
0,3564134159,0.806468,2894472,26
0,499664747,1.004871,2898071,40
0,3026796823,1.135799,2900265,25
0,3235250597,0.758416,2903824,42
0,237799867,1.042552,2907078,40
0,3639541861,1.062959,2909608,30
0,652199551,0.860369,2912581,36
0,1590555443,1.069828,2913247,3
0,4041355789,0.911622,2915647,28
0,721917029,0.911622,2916846,11
0,838075561,0.662913,2917417,2
0,864851411,0.784369,2918280,6
0,220567157,1.033615,2924878,88
0,3205343441,1.101756,2927189,26
0,2239034741,0.796722,2927861,3
0,4232104867,1.012616,2928371,1
0,2710192757,1.012616,2930834,29
0,1173895003,0.952484,2932902,23
0,5747551,0.956066,2935281,28
0,3008427629,0.970764,2936143,6
0,1363018031,0.846639,2941195,66
0,602915059,0.997556,2941847,3
0,3702666131,0.889391,2942644,5
0,3654661259,0.908403,2944609,17
0,2927316659,0.950432,2945156,1
0,2076769501,0.893772,2948054,21
0,2324315629,0.981270,2951103,32
0,4294709359,1.033142,2953445,27
0,3730468153,1.052341,2954585,10
0,323580181,0.858664,2957258,32
0,2553189347,1.074382,2960551,41
0,3911425691,1.219151,2963160,31
0,3324421267,0.871645,2967279,53
0,200737697,0.844329,2971358,52
0,3426962453,1.032197,2972279,7
0,2763552773,0.921743,2978014,76
0,3414202349,0.826207,2980264,26
0,671640559,0.971267,2984254,51
0,3111522691,0.786855,2988818,59
0,2470679993,0.792420,2991301,29
0,964023013,1.054196,2993063,19
0,1981257193,0.786234,2994836,19
0,776494597,0.930180,3001722,88
0,1624282211,0.813101,3003907,25
0,3339467177,0.888841,3012048,107
0,1189836577,0.952484,3014895,34
0,260202671,0.879453,3021253,85
0,1087004927,0.880008,3023737,29
0,3320092051,1.095534,3027659,50
0,1042713641,0.940101,3028647,8
0,2213598503,0.941657,3029924,12
0,3817126123,0.985738,3030991,9
0,3807132071,0.940101,3031505,1
0,4221127193,1.035974,3032648,10
0,2509893259,0.942694,3033373,4
0,4006334947,0.844907,3033892,1
0,2717581847,0.854103,3034957,9
0,439810037,1.079370,3035609,3
0,829207129,0.914830,3036752,10
0,1346361043,0.882225,3040984,54
0,446610331,0.916963,3041845,6
0,3446267197,0.875000,3043058,11
0,1590174427,1.013098,3043844,5
0,2927730761,1.001951,3045526,18
0,1564107613,1.247654,3047173,13
0,4132871521,0.897588,3048055,6
0,1138739593,0.939581,3049270,11
0,4105669091,1.003899,3049995,4
0,4134519479,0.950432,3054204,54
0,608253389,0.973777,3054985,5
0,4205153123,0.938021,3059096,37
0,4201655629,1.104854,3061576,25
0,1627658663,0.994614,3065023,41
0,72985589,1.101756,3069035,51
0,2108196341,0.942694,3069549,1
0,22795753,1.073928,3070185,3
0,3950916187,1.004871,3070780,2
0,4017596173,0.908940,3071863,9
0,1318447477,0.768648,3072378,1
0,3141894103,0.952484,3073318,7
0,4117187489,0.827978,3074325,8
0,1875974767,0.994614,3074988,3
0,2483690219,1.264371,3075911,7
0,1263135917,1.004385,3080822,64
0,710034599,0.827388,3081324,1
0,32136859,0.901929,3081967,3
0,3099913283,1.093750,3083526,16
0,52951097,0.889391,3085271,19
0,14764129,0.746083,3085753,1
0,4135671427,0.981270,3088080,27
0,858676019,1.015505,3089911,20
0,1048278937,0.732211,3092600,32
0,1573271407,1.253900,3094104,15
0,1228412743,0.873883,3095307,11
0,4286014627,0.991172,3096746,14
0,526147627,0.854103,3098786,23
0,531017467,0.915897,3099449,3
0,447057053,1.137517,3100793,13
0,1409247173,0.844329,3103545,33
0,267172559,0.950945,3104334,5
0,3106166137,0.668049,3105684,13
0,733292341,0.844907,3108647,36
0,1073125751,0.977281,3111614,36
0,636320743,0.919621,3112141,1
0,1315561267,1.031250,3113291,6
0,3983480429,1.065712,3114106,5
0,979449281,0.783746,3117249,39
0,579673177,1.050019,3117897,3
0,100617457,1.130628,3118909,7
0,2147150251,1.068458,3120714,19
0,2424050507,0.993632,3122402,18
0,1615938083,0.904092,3122987,2
0,2241832447,1.033615,3125950,36
0,177874819,0.981270,3126587,3
0,1162655717,1.071652,3128845,26
0,1723864279,1.004385,3130333,15
0,1928708813,1.037387,3131340,8
0,644530039,1.094196,3132003,3
0,2753018683,0.919621,3133924,21
0,2724264223,0.970764,3135278,13
0,2660466427,1.009718,3136356,9
0,4292349821,0.891036,3138776,28
0,672982253,0.985738,3140262,15
0,222048823,0.766103,3140833,2
0,1344114113,0.938021,3143155,27
0,2407543511,0.968750,3143663,1
0,69730489,0.894864,3145882,26
0,2929559189,0.987223,3147367,15
0,3046229299,0.911086,3148668,7
0,2290181059,0.875558,3152617,36
0,5910637,1.099538,3153487,4
0,1307689931,1.053732,3155263,19
0,1813787867,0.882225,3156260,8
0,3447415067,0.942694,3158165,21
0,3615439021,0.973276,3160776,31
0,212818381,1.167178,3162463,18
0,151173857,0.725512,3163796,13
0,194892457,1.038798,3164367,2
0,1587839167,0.945280,3167603,40
0,1597818883,0.907327,3168884,12
0,3461653673,0.875558,3169746,6
0,409725947,0.784369,3170329,2
0,4076334947,0.987223,3171070,4
0,3809809363,1.033615,3171997,7
0,1142400713,0.897044,3176060,52
0,1290424409,0.978779,3177064,8
0,3177160979,0.908403,3180289,40
0,3499751713,0.791804,3184852,59
0,1408803793,1.001951,3185500,3
0,764962193,0.932801,3186357,6
0,2296546831,0.930180,3187071,4
0,877441021,0.916963,3189330,26
0,769614481,1.064795,3189917,2
0,3671370533,1.097761,3190570,3
0,2749938551,0.937500,3191722,10
0,3139279889,0.851240,3194116,28
0,2758743859,1.102642,3195546,14
0,1718114687,1.002438,3196479,7
0,2874601217,1.001951,3197132,3
0,742175353,0.891036,3199532,28
0,4016594171,1.122393,3200401,6
0,1811321747,1.068914,3201966,16
0,356527351,0.813701,3205319,34
0,974256037,1.000488,3206414,9
0,1509016897,0.820275,3208204,19
0,4164092941,0.946313,3208985,5
0,4226515057,0.942694,3210062,6
0,3820843129,1.009718,3215829,76
0,1629253349,0.914830,3223937,110
0,1979212673,0.940101,3224932,8
0,330911939,1.003899,3226979,23
0,2393003339,0.818488,3227697,4
0,4114531303,0.915897,3230178,29
0,481242191,1.108825,3230763,2
0,2874325189,0.910550,3232184,14
0,3390531623,1.173436,3232839,3
0,1027042997,0.919621,3234756,21
0,1264353371,0.950945,3235332,2
0,1790327057,0.818488,3237515,25
0,4114866571,0.888841,3239354,20
0,661198877,1.080726,3240415,9
0,1960072249,0.971267,3241553,10
0,1533377689,0.795495,3242623,9
0,1780119437,0.773714,3243699,9
0,1457518463,1.033615,3245075,13
0,510646063,0.956066,3246649,16
0,4090429163,0.804043,3251055,52
0,771862757,1.127168,3252695,17
0,1678779757,0.902471,3253492,5
0,47923273,0.858096,3255229,5
0,359516237,1.055584,3257132,17
0,450536519,1.152867,3259187,23
0,3664767857,1.156250,3262488,41
0,1560074137,1.044891,3264548,23
0,1562711093,1.064337,3265263,4
0,3143382779,1.073928,3266686,14
0,2408799161,1.009718,3267771,9
0,2082544801,0.906789,3269458,18
0,2991677999,0.938541,3273047,45
0,1203673057,0.711238,3276429,42
0,3078864809,1.071652,3278830,28
0,2111145437,1.125868,3279555,4
0,3796751363,0.924387,3283619,52
0,2093402771,0.880563,3284278,3
0,3289377877,0.946313,3287855,45
0,3824597213,0.919621,3288377,1
0,2954679991,0.755837,3290142,19
0,995864083,0.987223,3291071,7
0,2447495399,0.877786,3292810,18
0,4173092753,0.952484,3296522,46
0,1976247443,0.722139,3297381,6
0,1749848101,1.144365,3299068,18
0,3508025567,1.166760,3299648,2
0,3233659841,0.973777,3300721,9
0,813573419,0.939581,3301854,10
0,13344307,0.604346,3305149,41
0,4194043729,1.010685,3306489,10
0,2766747509,1.008267,3307439,7
0,2819844173,1.000976,3308501,9
0,284127397,0.924387,3309908,14
0,2707915307,1.130628,3311177,9
0,2100243973,0.973276,3312058,6
0,2307362821,0.771818,3313114,9
0,1379474087,0.852959,3314051,7
0,2620553863,1.039268,3314561,1
0,3401409611,0.947859,3315490,7
0,3839854859,0.981767,3316775,12
0,2984487097,0.791804,3318606,20
0,2613709841,0.756482,3320228,17
0,1932799907,1.194470,3321228,8
0,3614223653,0.973777,3322646,14
0,3389472001,1.062959,3323287,3
0,1264466921,1.102642,3324078,5
0,120015743,0.944247,3324805,4
0,3178357139,0.977281,3326432,17
0,2818171,0.973777,3327680,12
0,3240296831,1.002438,3328679,8
0,3036339311,1.140946,3330884,25
0,2861376737,1.095980,3333131,26
0,2435455229,1.111903,3335861,33
0,2900292247,0.941657,3336736,6
0,4191485591,0.884988,3337327,2
0,2542075489,0.975280,3337982,3
0,4233739141,0.848367,3338984,8
0,1850488589,0.855246,3343909,64
0,2999505247,0.938021,3344632,4
0,1765376941,0.846639,3345490,6
0,2331821273,0.971267,3346574,9
0,2689557419,0.940101,3347919,13
0,1236901511,0.981767,3351629,47
0,3016046849,0.755837,3353783,20
0,4199591393,1.024123,3355368,16
0,463428947,0.795495,3360595,52
0,3337563479,0.956577,3361566,5
0,723342703,0.846062,3364024,29
0,564334087,0.730208,3365219,11
0,3154330337,0.888841,3367251,23
0,3215465299,0.977281,3368468,11
0,2071463351,0.663649,3369823,13
0,1377887323,1.052341,3371580,19
0,445444919,0.796109,3376325,60
0,2778234373,1.071652,3384019,104
0,4228917101,1.159624,3384945,7
0,3544210037,0.914830,3385453,1
0,2844675439,1.222750,3386037,2
0,1993268857,0.891036,3387459,14
0,808164337,0.882225,3389986,30
0,3338895029,1.033142,3390986,8
0,2700133963,0.750651,3392477,15
0,1974485507,0.844329,3393189,4
0,3938183173,1.017426,3393778,2
0,1613075089,0.983258,3396162,28
0,3428731711,1.197736,3398069,21
0,4124808539,1.079822,3398937,6
0,771832109,0.761629,3400692,19
0,1024349611,1.256623,3403099,28
0,643569499,0.884988,3407791,61
0,2489148461,0.924387,3408716,4
0,309401633,0.916963,3410648,20
0,1013656493,1.002438,3411234,2
0,2039405087,0.910550,3414729,41
0,265492727,1.128899,3417148,28
0,3640233379,1.062959,3418358,11
0,4043974531,1.000976,3419003,3
0,2114522023,0.844907,3419514,1
0,1984455131,0.944247,3422119,31
0,4178591867,0.877786,3423114,8
0,1794926459,0.783746,3426994,46
0,4059419761,1.068458,3430957,50
0,1048858199,0.884988,3431683,4
0,2079001447,0.844329,3432278,2
0,3686266421,1.099538,3436421,53
0,2973982003,0.882225,3437213,5
0,3446693779,1.047225,3437735,1
0,2408534111,0.880008,3438820,9
0,1788183521,1.004871,3442193,42
0,2958416117,1.012616,3445380,39
0,15076051,1.069828,3446793,14
0,1889782837,1.064795,3447370,2
0,2936784041,0.919621,3448017,3
0,1886158847,0.768648,3452388,56
0,2371413641,0.919621,3455336,36
0,325937273,1.114535,3456292,3
0,2551154071,0.808886,3457228,7
0,2295377093,1.015505,3462935,58
0,3975000229,0.960652,3466796,46
0,1693820813,1.120651,3470109,41
0,3678610129,1.031250,3470900,5
0,1628905051,0.888841,3475674,62
0,248268919,1.019344,3477586,21
0,2705931713,1.221951,3480249,32
0,2468121457,1.137517,3480834,2
0,366182807,1.108825,3482254,14
0,301359397,0.705032,3484221,22
0,2227450549,0.796109,3485844,17
0,247756031,0.950945,3491022,68
0,3450375209,0.827388,3493126,24
0,893736113,1.093303,3495990,35
0,1118480273,0.796722,3498948,36
0,745575227,0.972774,3499947,8
0,102668719,0.969254,3501143,11
0,1073116907,0.919621,3502715,16
0,3026535461,0.696672,3505247,30
0,342086861,0.895409,3507148,21
0,2387061337,1.194878,3510098,36
0,3691607219,0.919090,3510824,4
0,4054764689,0.921213,3511683,6
0,1737109813,0.930180,3512268,2
0,7987781,0.766740,3512981,1
0,2548321949,0.944247,3514261,12
0,2913431357,0.924387,3517079,34
0,3421919419,0.880008,3518079,5
0,266013689,1.070740,3520493,28
0,3859793401,0.729539,3521854,13
0,789968449,1.066170,3526427,59
0,627680519,0.893772,3527002,2
0,1939995539,0.911622,3531154,53
0,394141841,0.787475,3532007,6
0,736672987,1.043488,3532871,6
0,3286950299,0.722139,3537655,62
0,2489921141,0.950432,3538442,5
0,342883691,0.848367,3540279,20
0,2078088889,0.987223,3540805,1
0,2244856349,0.973777,3542850,23
0,1925287883,0.958107,3544968,24
0,3343299461,1.052341,3545897,7
0,190407253,0.938541,3547439,16
0,1056666379,1.038798,3550756,41
0,1175742907,0.827388,3554956,54
0,119533451,1.035503,3556042,9
0,3396383077,1.040677,3563582,82
0,257909087,1.132786,3567633,49
0,1250500519,1.008751,3568561,7
0,3010772543,0.944247,3569851,12
0,3619253401,1.048623,3570923,9
0,2963664313,1.061120,3571576,3
0,4127016979,0.886090,3576372,62
0,3696803821,1.225542,3577100,4
0,2480683841,0.815499,3580888,48
0,190847731,0.818488,3581743,6
0,3127931447,0.844907,3584843,38
0,1732790201,0.879453,3585351,1
0,3711891017,0.950945,3588545,39
0,3793712443,1.000488,3590677,24
0,54361183,0.945797,3591881,11
0,1389992081,0.924387,3592524,3
0,3199679369,1.024123,3593388,6
0,2938677881,0.902471,3594248,6
0,1801129229,1.102642,3595389,10
0,2851156577,1.070284,3595894,1
0,4094076409,0.818488,3597752,20
0,3549430427,0.892679,3601819,52
0,2659723853,1.064795,3605391,45
0,541495819,0.730208,3607571,25
0,3675698417,0.983258,3608363,5
0,1020647963,0.884436,3609292,7
0,1403714567,0.761629,3610431,10
0,4205928229,1.048623,3614578,49
0,2931922711,0.967237,3615469,6
0,4084310309,0.860369,3617329,20
0,2864266723,0.870524,3619196,18
0,2390930489,0.848942,3620555,13
0,1501594397,0.789333,3622104,16
0,1336662323,0.940101,3628815,90
0,3634812611,0.844329,3630857,23
0,2651066123,0.796722,3633251,28
0,3468519053,0.820275,3634892,17
0,1125826729,1.171771,3635604,4
0,3712627153,0.884436,3636257,3
0,906851929,0.913227,3637263,8
0,3167706959,0.787475,3637994,4
0,2817589751,0.750000,3639897,21
0,3727686409,1.000488,3640482,2
0,3908280757,0.945797,3641483,8
0,4020205993,1.035503,3642907,14
0,2952863299,0.755837,3643900,8
0,186130111,1.129764,3648238,56
0,2072756663,1.000488,3653141,64
0,2333097257,0.971267,3656715,45
0,3857989,0.880563,3657196,1
0,1710095837,0.973276,3659605,28
0,4126050869,1.048623,3660723,5
0,3231008087,1.073928,3662085,13
0,2874215363,0.755190,3666286,40
0,1772270833,0.934370,3667255,5
0,3650379037,0.950945,3667842,2
0,1366939339,1.039268,3668427,2
0,2435434619,1.183381,3673952,73
0,3551082637,0.915364,3674532,2
0,3124787227,1.132354,3675109,2
0,1832542531,0.738188,3676529,14
0,3858766213,0.822653,3677515,8
0,1805249161,0.871645,3678025,1
0,2115077303,1.161727,3678673,3
0,1604014829,1.098205,3679678,8
0,1650167473,0.815499,3681165,15
0,3381791849,1.095088,3682639,15
0,2695471343,0.805862,3683287,3
0,485558651,0.968750,3684913,17
0,3891422611,0.822653,3686263,13
0,4004174227,0.888841,3687981,18
0,1101887557,1.056047,3688906,7
0,1354774769,0.970764,3689478,2
0,4116167611,1.017906,3690350,6
0,2263153153,1.081178,3695185,63
0,646858963,0.677484,3699605,57
0,3420272351,0.939581,3700791,10
0,2958383471,0.884988,3701446,3
0,3585025837,0.858096,3702100,3
0,3771283007,1.012133,3704002,21
0,114640787,0.930180,3705544,16
0,3936818593,0.815499,3707446,21
0,1255225711,1.239802,3708029,2
0,172601899,0.846639,3708596,2
0,2070797731,1.019823,3714619,80
0,3875304673,1.111464,3715694,9
0,4109402831,1.223947,3718034,20
0,749654879,0.971267,3719839,19
0,3080097623,0.950945,3724010,51
0,2592887321,0.947859,3727040,37
0,2730648793,1.035031,3732168,67
0,4255205453,0.919621,3733735,16
0,525209759,1.002438,3735145,14
0,1136953313,1.069828,3735726,2
0,2629845451,0.877786,3738949,40
0,4040469677,1.069828,3739531,2
0,1436939267,0.977281,3741432,21
0,4104549193,0.940101,3742429,8
0,3359059547,0.696672,3743497,9
0,1459167467,0.947859,3744574,9
0,547319761,0.827978,3745084,1
0,3512257913,1.054659,3746092,8
0,1230529793,1.157094,3748537,29
0,627671393,0.822059,3749315,5
0,3721595557,0.873883,3750600,12
0,2054257363,0.921743,3752250,17
0,1310316653,1.093750,3752768,1
0,2251350323,0.970764,3755226,29
0,2873822753,0.908940,3758380,39
0,2889606793,0.906789,3759658,12
0,3955972487,0.846639,3764307,56
0,1696349299,0.927551,3765052,4
0,1666227377,0.942694,3765627,2
0,3290706137,1.064337,3774053,101
0,3557592191,0.919621,3776351,24
0,215955041,1.095980,3778039,18
0,1723812473,0.993632,3779536,15
0,1063242031,0.907327,3784801,69
0,3761402179,0.879453,3790746,79
0,189550787,1.006328,3791242,1
0,3863854361,0.915897,3793423,25
0,244600093,0.908940,3794133,4
0,1292384603,1.203835,3795828,18
0,2738061917,1.009718,3801355,73
0,1367329759,0.815499,3802365,8
0,522351259,0.963190,3806294,50
0,3693326627,1.031250,3808978,32
0,113140777,0.910550,3812264,41
0,1855878473,0.908403,3812845,2
0,2769341353,0.891036,3820928,105
0,2863592857,0.849517,3823776,32
0,1612174973,1.062959,3826822,37
0,3629373263,0.947859,3830411,45
0,2554228933,0.981270,3833791,42
0,2152280279,0.878342,3834503,4
0,1368391961,0.892679,3835632,10
0,349706627,1.131923,3836549,7
0,671853131,0.908403,3839494,36
0,430683779,0.927551,3842998,44
0,3385655641,1.017906,3852915,136
0,2044009243,0.913227,3854694,19
0,3418871297,0.908940,3857579,35
0,4217357731,0.906789,3858169,2
0,431378993,0.981767,3860904,33
0,2351907373,1.008267,3870114,108
0,2640163381,1.050019,3873625,37
0,1849207469,0.945280,3874915,12
0,2912135893,0.911622,3878147,40
0,1822075883,1.064337,3880757,31
0,3994206857,0.676041,3881608,6
0,2154198161,0.912157,3882880,12
0,474684241,1.005357,3883804,7
0,3324004973,0.967237,3884933,10
0,3869203759,1.048623,3890629,75
0,4185614971,0.811899,3891434,5
0,3514532393,0.963190,3892427,8
0,3537525503,0.786234,3893789,13
0,587524661,0.862070,3895550,19
0,769529707,0.781875,3897680,24
0,227289397,0.834439,3900971,41
0,2447553931,1.008267,3903451,29
0,444985663,0.970764,3904516,9
0,1172439139,1.133647,3906929,28
0,3043988513,0.784369,3910026,38
0,226502777,0.784369,3913106,38
0,3045121231,0.724838,3913835,4
0,4185510083,1.140946,3915192,13
0,946401367,0.906789,3916046,6
0,4038446311,1.037387,3918654,31
0,2256962327,0.911622,3920486,20
0,691646161,0.988706,3922134,13
0,3309955387,1.278198,3926009,48
0,474794651,1.002438,3927132,7
0,2006139169,0.858096,3928293,10
0,1416819323,1.033142,3929017,4
0,1297514399,0.976781,3937048,108
0,754302371,0.911086,3938689,17
0,2885742983,0.815499,3940459,19
0,1208634407,0.846062,3945995,73
0,1506549977,1.019344,3951331,70
0,3346531093,0.883883,3955825,58
0,1951920823,0.915364,3958220,28
0,2117513939,0.932277,3959640,14
0,3492154747,1.097761,3960286,3
0,2688463301,1.102642,3962264,22
0,991598549,0.938541,3963122,6
0,395773501,0.975280,3965024,21
0,1952863037,0.934370,3966996,22
0,748594043,1.067086,3967850,1
0,3729024857,0.968750,3969930,23
0,3877467283,0.988706,3970655,4
0,4277218657,0.813101,3973236,12
0,1900209461,0.597030,3974159,6
0,3435423349,0.851240,3975206,8
0,1927999247,1.031250,3975741,1
0,3117119287,1.144791,3979478,47
0,2856364859,0.937500,3985652,82
0,2233738033,0.999023,3986356,4
0,1518615053,0.993632,3987138,5
0,3024349501,1.157938,3988694,16
0,3964353037,0.977281,3989210,1
0,1299144677,0.958616,3992689,43
0,928820609,0.796722,3994261,16
0,2819207569,0.980772,3997493,40
0,3098441363,1.074382,3999541,23
0,298478993,1.256623,4002472,36
0,2146411997,0.916963,4003484,8
0,2501805589,0.983258,4005876,28
0,2274085993,0.868840,4008679,34
0,1478549921,0.791187,4010301,16
0,2791300321,1.059739,4012029,18
0,2517819593,0.787475,4014340,27
0,447216923,1.006328,4016820,29
0,2431100923,1.039268,4018104,12
0,3958835021,0.791187,4019039,7
0,2746193321,0.950945,4019899,6
0,2629058711,0.969758,4020830,7
0,2217703889,0.860369,4021408,2
0,925686551,0.978779,4022632,11
0,65390327,0.906250,4023623,8
0,3016493911,1.100870,4025852,21
0,2140124531,0.925971,4030996,64
0,92701321,0.960652,4033811,34
0,3740210387,0.970764,4038800,65
0,3329429533,0.950432,4040068,12
0,1830158117,0.827978,4043310,40
0,131932039,0.877229,4045490,25
0,2839449631,1.176761,4048996,44
0,2209573843,1.062959,4050483,15
0,233705083,0.738188,4052734,26
0,377860339,0.955044,4053656,7
0,3732875257,0.915364,4055370,18
0,1560319139,0.858096,4057624,26
0,2363982289,0.782499,4059462,20
0,3344578019,0.855246,4060115,3
0,3958256473,1.070284,4060632,1
0,721525877,1.033142,4061624,8
0,2858251387,1.003899,4062356,4
0,621910117,1.000000,4064525,25
0,886132237,0.784369,4065582,9
0,3042577403,0.971267,4071139,69
0,990556667,1.042552,4076501,54
0,1137091877,0.804043,4080836,53
0,2622308839,0.906789,4081555,4
0,968653657,0.852959,4085288,47
0,1871671313,0.977281,4089715,57
0,1173643283,0.920152,4090994,12
0,1767151429,0.829745,4092337,13
0,2601161089,0.879453,4095925,45
0,2445943399,0.972774,4099431,44
0,3030041059,1.056047,4100291,6
0,3132651001,1.054196,4102842,30
0,1084361599,1.229520,4104531,18
0,1233389893,1.017906,4106996,29
0,4206713429,1.125434,4107652,3
0,869626349,0.677484,4110267,31
0,573389083,1.120651,4112235,22
0,1516730591,1.008751,4113470,11
0,1805928253,0.797334,4115048,16
0,306150613,0.969758,4116964,21
0,400019531,0.998534,4121367,57
0,742726013,0.876115,4123200,20
0,1765827631,0.722139,4123844,3
0,2019962887,0.871645,4124905,9
0,1415963827,0.895409,4126328,10
0,4280187271,0.958107,4127631,12
0,2259900421,0.846062,4128491,6
0,263241661,0.805862,4129428,7
0,4165433329,0.889939,4133319,47
0,322930723,0.913227,4134398,9
0,2982591917,0.969254,4136330,21
0,3801946387,0.742804,4139483,39
0,271702051,1.113658,4139979,1
0,2975800039,1.000976,4140495,1
0,3518202299,1.012133,4141780,12
0,2724780683,0.751301,4147061,69
0,1038422741,1.043020,4148267,11
0,1808441003,0.839108,4149269,8
0,327836147,0.914830,4150954,18
0,4206475367,0.944247,4153439,29
0,2107670647,0.948889,4154017,2
0,195893471,0.844907,4154661,3
0,47973169,0.988706,4156267,17
0,3583134767,1.002438,4157334,9
0,75392077,1.002438,4160778,43
0,681494137,0.981270,4161353,2
0,378772333,0.877786,4162279,7
0,953173951,0.945797,4163623,13
0,66100961,1.070284,4164124,1
0,3218966987,0.820275,4167919,48
0,2280822689,0.849517,4168432,1
0,3874372867,0.864332,4171955,44
0,2638157911,0.788714,4172780,1
0,2338943449,0.873324,4174209,14
0,4134736429,0.958107,4179690,58
0,3497662517,0.875000,4182684,34
0,1188908327,0.852959,4185570,35
0,2044960103,1.040677,4187131,16
0,1989912209,1.002438,4191339,54
0,3105312901,0.934370,4193747,28
0,3250327841,0.665852,4197871,53
0,50754791,0.978779,4200520,32
0,3188535733,1.000488,4202142,17
0,2433890189,1.033615,4203272,10
0,1413312881,0.855246,4205102,20
0,1645805743,0.916963,4206517,14
0,2050365311,0.846639,4207592,9
0,2071193479,0.866589,4208190,2
0,1076142803,0.976781,4211900,47
0,308742757,0.860369,4212675,5
0,2226273191,0.968750,4217659,65
0,2261268697,0.766740,4218997,13
0,2995217831,0.806468,4220209,11
0,848320049,1.039268,4221193,8
0,1618929233,0.884436,4224560,42
0,937320359,0.793652,4225852,12
0,2848036649,1.050483,4228083,21
0,2003255857,0.855246,4229298,11
0,3567839897,1.039268,4230921,17
0,2570731799,0.752600,4236410,70
0,3944451409,1.012616,4236939,1
0,1791120797,1.000976,4238912,22
0,2079511979,0.833854,4243062,53
0,2893392899,0.888841,4244962,21
0,2305757093,0.761629,4246378,14
0,1143630869,1.004871,4248618,26
0,3475377253,1.063419,4249202,2
0,494283421,0.886090,4250620,14
0,1934748547,0.972774,4253949,41
0,1502703767,0.938021,4255430,15
0,441934151,0.911622,4266833,157
0,997631399,0.911086,4267841,8
0,3327650903,0.962683,4269264,14
0,765232151,1.012133,4270046,5
0,2441742911,0.915364,4271531,15
0,3903983009,0.969758,4272245,4
0,794915417,0.928078,4275313,33
0,1627677001,0.906789,4276613,12
0,2693307571,1.009718,4277472,6
0,4043443967,0.893772,4285383,93
0,1754278441,0.768648,4286267,4
0,2537449471,0.688919,4288963,32
0,262480151,0.817891,4290451,15
0,3084381731,0.783746,4291250,5
0,3651195739,0.954021,4291839,2
0,1182261217,1.139661,4292357,1
0,2922707341,1.106179,4295451,38
0,646210871,1.009718,4296929,15
0,3470352521,0.880008,4301238,55
0,1863951503,1.126735,4301827,2
0,4163011003,1.129332,4307718,78
0,2962560527,0.937500,4311930,54
0,2469633643,1.023646,4312584,3
0,2643919427,1.004385,4314563,22
0,1277595103,0.844907,4315981,14
0,1448595689,0.813701,4317396,14
0,508193009,0.944247,4317906,1
0,1637157343,1.025552,4320584,32
0,4142950433,0.897044,4322003,14
0,701460217,0.975280,4323146,10
0,1656683333,1.079370,4324289,10
0,2057015689,0.796722,4326188,21
0,957999347,0.875558,4327751,16
0,773593573,1.035503,4329695,17
0,411482257,0.875000,4332938,40
0,3923420797,0.844329,4335381,26
0,430670479,1.113658,4337085,18
0,894977833,1.098205,4339404,27
0,3016608599,0.944247,4340070,3
0,1738054403,0.766103,4340725,3
0,1329405719,0.962683,4341658,7
0,2123107331,0.884436,4346846,68
0,374029697,0.880008,4347345,1
0,1312080481,1.019344,4350942,45
0,2747166803,1.167178,4353837,35
0,545857187,0.969254,4354408,2
0,1429604243,1.043020,4355548,10
0,69045497,1.004871,4357244,18
0,2596178209,0.981767,4361733,58
0,1069734691,1.158360,4363432,18
0,3441570721,0.781875,4365325,21
0,3729677099,1.071652,4368715,42
0,1697793161,1.085235,4372907,54
0,1771742069,0.846062,4375178,26
0,2253969323,1.160465,4376943,19
0,3539610007,0.782499,4382131,50
0,202539409,0.942176,4383066,5
0,3763852801,1.014061,4384265,11
0,1373618291,0.771818,4390729,86
0,2573494801,0.925443,4391230,1
0,3871086179,0.888841,4393009,19
0,2774881301,0.963190,4394488,15
0,1193243333,0.702951,4395279,5
0,2586195719,0.936979,4397962,32
0,255789707,0.880563,4400700,33
0,430826351,0.860369,4401289,2
0,3352695667,1.048623,4402307,8
0,4143509057,0.880563,4406033,47
0,4075815851,0.854103,4408722,32
0,3527527343,0.938541,4410076,13
0,3549172727,0.933847,4410943,6
0,2080762571,0.815499,4411742,5
0,1606521023,0.950945,4412957,11
0,3912949583,0.875558,4413965,8
0,1996166311,0.919621,4414550,2
0,2940032503,0.877786,4415778,11
0,1655045191,0.940101,4418377,31
0,1568893919,1.002438,4421699,41
0,254222011,1.075745,4422700,8
0,573853873,0.875558,4423906,11
0,3140786009,1.048157,4426581,30
0,906552953,1.163407,4427745,10
0,2446733479,1.073928,4429112,13
0,46009739,1.047225,4430458,13
0,2512963643,0.775605,4432352,16
0,1740487873,1.012616,4433306,7
0,2102837057,0.806468,4436675,42
0,541359011,0.858664,4437593,4
0,1132417051,1.035974,4440922,41
0,580483843,1.067086,4442054,10
0,2731172897,1.035974,4442625,2
0,2337267341,0.913227,4443497,6
0,3815335999,1.095534,4446728,40
0,1097887157,0.958616,4449194,29
0,1947248789,0.920152,4452407,40
0,1504754659,0.978280,4455944,44
0,1701201851,0.846062,4457501,16
0,2034030881,0.758416,4458148,3
0,2604071401,0.968750,4459916,19
0,1363903757,0.941657,4460557,3
0,1724878921,0.973777,4461975,14
0,1812495463,0.875000,4463256,12
0,1407113557,0.858096,4464194,7
0,536388103,0.950945,4465187,8
0,556760623,0.849517,4467024,20
0,3217816669,0.824432,4468807,19
0,1741059703,0.814900,4470022,11
0,2046048989,0.875558,4470825,5
0,1640490437,0.908403,4472033,11
0,3560819231,1.008267,4474226,25
0,2790145453,0.813701,4475227,8
0,3859643393,0.973777,4476022,5
0,3482616257,0.843750,4476663,3
0,2669924627,1.074382,4477937,12
0,3719027519,0.946829,4478879,7
0,3455480419,0.858664,4480539,13
0,2716292941,1.170520,4481213,3
0,4195252531,0.675318,4481867,3
0,3601984747,0.718750,4485858,35
0,1501362607,0.880008,4487195,10
0,232000999,0.735538,4489089,21
0,4057853447,0.884436,4493861,62
0,2925742051,0.958107,4494654,5
0,221807,0.844907,4496734,25
0,4286354693,0.971267,4498986,26
0,1170591223,0.818488,4500779,19
0,3554682557,0.876115,4503120,27
0,2294637869,0.913227,4504051,7
0,4107784117,0.846639,4505129,9
0,2098608427,1.031250,4507239,24
0,1002807353,1.046292,4507950,4
0,1981921951,0.811297,4508534,2
0,3806803061,0.910550,4513570,66
0,280937851,0.832682,4516449,35
0,593006221,0.890488,4519392,36
0,4004357281,1.220752,4523949,59
0,3967616267,0.908940,4529425,72
0,592024109,0.848367,4532651,40
0,618032693,1.081178,4534273,17
0,3624724673,1.047225,4538379,48
0,53597657,0.891036,4543757,68
0,1001063351,0.783746,4544699,7
0,688115347,0.969254,4549320,60
0,4071507857,0.786855,4552000,32
0,3752265299,0.937500,4553278,12
0,540179807,0.876115,4554918,17
0,766020223,0.796722,4556342,14
0,1758865547,0.973777,4557833,15
0,1938855427,0.736201,4559943,24
0,2789484619,1.008267,4561773,20
0,968076833,0.858664,4564643,35
0,3049629287,0.973777,4567553,35
0,2414958907,1.038798,4568143,2
0,1053738467,0.971267,4569984,20
0,394795213,0.969254,4571040,9
0,1466933359,0.799169,4574505,43
0,1912935209,1.069828,4576331,20
0,392751287,0.824432,4577829,15
0,1095021679,0.753248,4578684,6
0,3684104363,0.893772,4582450,43
0,2983250449,1.142229,4583744,12
0,787848077,0.921743,4588187,41
0,2867237713,0.977281,4588947,2
0,1597948249,0.758416,4589944,8
0,1661566693,1.106621,4592200,26
0,282670153,1.226737,4598126,79
0,2198692631,0.916963,4600934,34
0,1476272311,0.607569,4602285,13
0,305453149,0.958616,4604109,20
0,504018457,0.863202,4606147,23
0,3209159909,0.818488,4609892,47
0,2404631381,1.004871,4611033,10
0,3495341453,0.944764,4614326,41
0,4043065757,0.958616,4615195,6
0,576548111,0.855246,4616828,17
0,3377697487,0.977780,4617619,5
0,123841009,1.043020,4618333,4
0,4203974969,1.007782,4618849,1
0,2807115557,0.969758,4620334,15
0,310257679,0.942694,4623574,40
0,2854972261,1.203835,4630911,99
0,3998993813,0.947859,4635615,61
0,647334833,0.978779,4645187,124
0,697086883,1.099538,4649424,54
0,3863194927,1.088828,4650008,2
0,762175901,0.969254,4651652,17
0,910521277,0.884436,4653714,23
0,270960133,0.939581,4654415,4
0,1625525039,0.750000,4655910,15
0,3988704043,0.846639,4656637,4
0,1961766491,0.911622,4659656,37
0,2855149211,1.008751,4660306,3
0,2587334437,0.942176,4660957,3
0,3521747627,0.851240,4662104,10
0,4145054399,1.048623,4663381,12
0,306761513,1.048623,4665344,22
0,345315221,0.876115,4668309,36
0,44300497,0.879453,4669716,14
0,3465528259,0.783746,4671696,22
0,18023023,0.920152,4672537,6
0,192556223,0.908940,4683877,156
0,3067738771,0.834439,4685288,9
0,1300973879,1.008267,4687651,27
0,1948577753,0.913227,4693096,55
0,4070587033,0.738188,4695753,29
0,978983197,0.796722,4697523,19
0,1478451517,0.993632,4698594,9
0,956362753,1.043020,4699998,14
0,2130424733,0.832682,4700808,5
0,2078931329,0.903552,4702455,17
0,1231592819,0.988706,4704218,19
0,746418121,1.009718,4704805,2
0,2371318207,0.647260,4706824,22
0,1246632781,0.738188,4707834,8
0,1646747027,0.760987,4708554,4
0,1859262533,0.937500,4710110,16
0,3006838007,0.895409,4721376,155
0,1847406257,0.895409,4722165,5
0,4270988317,0.751301,4724272,24
0,1925642867,0.877786,4724929,3
0,3993645053,0.832682,4725865,7
0,2727175837,0.910550,4728129,26
0,1402443061,0.928078,4728788,3
0,2813823757,0.635075,4729511,4
0,3538608439,1.190785,4730027,1
0,2046241123,0.985738,4731732,18
0,851765137,0.860369,4734758,37
0,1382413979,0.879453,4735274,1
0,605209763,0.751301,4738036,33
0,2174102611,0.883883,4739236,11
0,2522534473,0.944247,4741480,26
0,324969917,1.191605,4743329,14
0,1002367411,0.705724,4746344,34
0,1664712967,1.009718,4747834,15
0,275587537,0.880563,4749545,16
0,3631965739,0.970764,4750983,14
0,1899848927,0.699470,4752264,12
0,3595467311,0.977281,4754867,31
0,27864439,0.866589,4758291,43
0,1880824787,1.107944,4758809,1
0,2452293769,0.972774,4759514,4
0,3164388349,0.973777,4760316,5
0,3917861243,0.880563,4761114,5
0,977255567,1.047225,4761847,4
0,2661247469,0.911622,4763062,11
0,964048021,1.000488,4765098,23
0,2300582533,0.657736,4765594,1
0,3478166311,0.816696,4766753,10
0,2509712419,0.853531,4768399,17
0,3931751371,0.751301,4769763,13
0,1916733823,0.880008,4770780,8
0,175976257,0.883883,4772530,19
0,1421049239,0.824432,4774647,24
0,3984674179,1.000976,4777266,31
0,2717335079,1.067086,4780729,43
0,4243505867,1.035974,4782721,22
0,1662790057,0.963190,4793318,126
0,1366660853,0.866589,4795845,27
0,2442129961,0.891584,4797068,11
0,44378923,0.908940,4801537,58
0,2256963967,0.875558,4802466,7
0,2190320911,0.986728,4803182,4
0,3041855741,0.934370,4803911,4
0,132370331,1.131923,4805602,18
0,1571250907,0.940620,4807655,23
0,3252712667,1.062959,4811256,45
0,641218163,0.858664,4811837,2
0,3310676177,0.846062,4817506,75
0,3154731893,0.955044,4818435,7
0,4110511159,1.003899,4819787,13
0,3678502349,1.118471,4821344,16
0,319721153,0.848942,4822411,9
0,1647140821,0.889391,4823845,14
0,1039133647,1.000488,4827959,52
0,3866957747,0.940101,4828893,7
0,3332931793,1.052341,4829394,1
0,3685230697,0.688210,4834573,68
0,4149546007,0.877229,4835223,3
0,2869389343,1.004871,4837331,24
0,4220146669,0.940101,4843413,76
0,2220348919,0.908403,4846531,38
0,3496032823,1.070284,4847248,4
0,2581164589,0.969758,4851534,52
0,2173408849,1.081178,4855902,56
0,3467709061,1.031723,4857322,14
0,1145092661,1.043488,4858387,9
0,156775481,0.911086,4860348,22
0,702490387,1.067086,4863445,38
0,1960594303,1.031723,4867864,57
0,898994953,0.975280,4872978,67
0,1843956937,0.914830,4873694,4
0,4048446653,0.822059,4874215,1
0,3419138029,0.784369,4875856,17
0,3800706433,1.033142,4876429,2
0,598141813,0.846639,4880231,48
0,3701474053,1.191605,4890671,139
0,4125638983,0.946829,4891282,2
0,3893158013,0.908940,4894022,19
0,2533777229,0.940101,4895398,11
0,3456274951,1.012133,4895978,2
0,1328588867,1.004871,4897934,21
0,572524081,0.694566,4901383,43
0,292722613,1.002438,4902305,7
0,275609227,0.915897,4903575,12
0,4081188367,1.007782,4906125,30
0,2624379221,0.958107,4908097,22
0,356903891,0.934370,4909092,8
0,845618243,0.902471,4913141,52
0,555688751,1.225542,4913857,4
0,1587748663,0.813101,4916181,27
0,3415006237,0.913227,4918514,27
0,2426769749,0.938021,4919436,7
0,528529087,0.787475,4921336,21
0,1695776723,0.827388,4921861,1
0,3270175919,1.004871,4923150,12
0,4150566083,1.095534,4926508,41
0,387188551,0.947859,4928832,27
0,976810561,0.946313,4930954,24
0,4072941947,0.910550,4935304,56
0,1951477597,0.910550,4939245,50
0,2430360419,0.774345,4939965,4
0,3983081939,0.895409,4940684,4
0,1918971239,0.968750,4942661,22
0,2658820133,1.009235,4944697,23
0,3765993929,1.288849,4945555,6
0,585810227,0.907327,4946889,8
0,1773956123,0.927551,4947565,3
0,4145296387,1.098205,4949816,26
0,3997226323,0.829745,4950535,4
0,329964989,0.886090,4952410,18
0,3853117823,1.067086,4954274,20
0,3202315693,0.906789,4958443,53
0,154974779,1.004871,4959512,9
0,2402592403,0.919621,4960873,13
0,2210121203,0.783746,4964658,48
0,2043242449,0.977281,4965239,2
0,800557409,1.012133,4965954,4
0,1610336653,0.938021,4970196,54
0,1088453021,1.001951,4973004,34
0,254669803,0.976781,4974497,15
0,902185259,0.967237,4976205,18
0,1749722599,0.823246,4977767,16
0,715122689,0.854103,4981062,41
0,568982539,0.791804,4982337,12
0,2004236783,0.851240,4983493,10
0,1020143879,0.930180,4984139,3
0,815085613,1.063419,4986119,22
0,1716198691,1.003899,4988374,26
0,4020347423,0.916963,4989174,5
0,737951471,0.789333,4993101,45
0,3081899923,1.048157,4994678,16
0,1593022807,0.988706,4996524,5
0,4231541651,1.033142,4997224,3
0,364209403,0.911622,4999401,25
0,408744841,0.944247,5001299,21
0,2279796877,1.220752,5002644,13
0,398616109,0.644993,5003148,1
0,757560847,1.000976,5004286,10
0,4034878963,0.866589,5005364,9
0,3925332469,1.152443,5006581,11
0,174196873,0.827388,5007353,5
0,4241415251,0.969758,5009877,28
0,154165091,0.844907,5012563,32
0,3917895173,1.099538,5018012,72
0,286222129,0.925971,5020746,33
0,1622435699,0.759060,5023488,33
0,563185193,0.939581,5024263,5
0,2218695881,0.908403,5028269,51
0,3954138389,1.059739,5029134,6
0,3639496271,1.067086,5030346,11
0,2475387413,1.171771,5033441,38
0,2688929207,0.987223,5035914,29
0,175571239,0.985738,5040325,57
0,844783003,1.017426,5041612,12
0,1293499027,0.858096,5044559,36
0,2618965847,0.919621,5049267,56
0,571659353,0.850666,5051609,24
0,2923691497,0.814900,5054595,36
0,3968550301,0.814900,5056788,25
0,1282665337,0.877229,5057582,5
0,2045000341,0.971267,5059289,18
0,2106780713,0.781875,5060495,11
0,3022826801,1.035974,5062537,23
0,3929953861,1.097316,5065845,41
0,2050747667,0.784369,5066432,2
0,230669819,1.000488,5067853,14
0,2646498947,0.886090,5068793,7
0,3201691099,1.097316,5071967,39
0,263121973,0.813701,5076104,53
0,142171849,1.035503,5077228,10
0,2860009157,0.939581,5079893,32
0,3176391227,0.913227,5082285,28
0,4176600893,1.032197,5083295,8
0,4009937941,0.815499,5084220,7
0,2836916363,0.932801,5085636,14
0,3444388217,0.817294,5087190,16
0,2426771381,0.789333,5090493,41
0,1150093033,0.854103,5091768,12
0,3518635957,0.851240,5094253,25
0,3544187177,1.073928,5095747,15
0,1972756031,0.970764,5098123,15
0,3628742357,0.897044,5099112,2
0,570950147,0.735538,5100073,6
0,2617761403,0.869402,5103608,44
0,2487320317,0.978280,5107354,47
0,232921093,0.964203,5107848,1
0,3321941687,0.904092,5110810,36
0,3847695739,0.915364,5111606,5
0,350639449,0.950945,5113027,14
0,580303729,1.253900,5114586,16
0,3550916177,0.789333,5117908,41
0,4019384899,0.888841,5119758,20
0,4157743999,0.752600,5121390,17
0,3315368491,0.787475,5123987,31
0,571305467,0.942694,5124922,7
0,573148729,0.981270,5125700,5
0,3734449921,0.796722,5126287,2
0,472856191,1.312128,5127981,18
0,3713751023,1.000976,5130328,27
0,3587571857,1.168432,5130975,3
0,1294748701,1.231504,5134694,47
0,3654424469,0.940101,5136049,13
0,1898313029,0.985738,5137055,8
0,1684034083,0.947859,5138956,21
0,2133685669,0.940101,5139961,8
0,1886244271,1.047691,5141104,10
0,4028535451,0.963190,5142246,10
0,3346762949,1.039268,5142769,1
0,312296339,1.039738,5144881,24
0,3879843743,0.990186,5147002,24
0,3192377459,0.884436,5151004,45
0,4257468443,1.207884,5152301,12
0,3701334233,1.031250,5157018,59
0,60641089,1.037387,5160948,50
0,3208380719,0.933847,5163066,24
0,631348469,0.929655,5164410,13
0,1859903113,0.889391,5165987,16
0,300633187,0.891036,5175093,124
0,253962161,1.004871,5175740,3
0,2454846311,1.043020,5176534,5
0,2491807933,0.941657,5177256,4
0,2994914911,0.974780,5180214,36
0,2429136517,1.039268,5181353,10
0,38578907,1.044891,5182058,4
0,4229148527,1.070284,5183691,17
0,1764788177,1.064337,5184835,10
0,398519197,1.127168,5188617,48
0,2074236809,1.002438,5189552,7
0,751046663,0.906789,5191521,22
0,248714797,0.787475,5194111,31
0,2786594189,1.015505,5197108,32
0,3440074633,0.844907,5201141,35
0,649212209,0.836777,5206325,63
0,2596174367,0.855246,5207144,5
0,3938669233,1.088828,5207998,6
0,1156958503,0.651021,5209980,22
0,1864810303,0.924387,5213299,41
0,3356528269,1.050019,5213808,1
0,2202946153,0.958107,5215986,25
0,2526477281,1.125868,5216573,2
0,1955104609,0.919621,5218543,22
0,4247091179,0.802219,5224304,76
0,4209533569,0.832682,5226973,32
0,3087746821,1.012616,5227478,1
0,3501867883,0.920152,5230497,37
0,2855950091,0.758416,5231216,4
0,1464649259,0.968750,5231804,2
0,833883703,0.940620,5233281,15
0,1665886477,1.035974,5234425,10
0,3204583157,1.061581,5235778,13
0,876562667,1.275138,5236508,4
0,3937283789,0.669509,5237442,7
0,4093124417,0.791804,5238022,2
0,1912502743,0.792420,5240992,36
0,2794863397,0.911086,5242483,15
0,3293791681,1.082983,5246258,48
0,3805772653,1.098205,5251273,65
0,129426617,0.908403,5251784,1
0,1510906421,1.048157,5252639,6
0,3929194781,0.932801,5255566,31
0,2971829969,1.037387,5256082,1
0,607523977,1.064795,5257482,14
0,3458092903,0.933847,5258068,2
0,3717497167,0.940101,5258794,4
0,2512342769,0.882225,5260010,9
0,620928871,0.852386,5263530,44
0,3255994171,0.946313,5264593,9
0,2212434527,0.911086,5265461,6
0,393664841,1.009718,5267496,23
0,214492573,0.883883,5268552,9
0,4242326597,0.914830,5269064,1
0,30578479,0.853531,5276607,102
0,320488963,1.012616,5279272,32
0,4073428243,1.107944,5282216,36
0,1452114947,0.787475,5283483,12
0,4165069427,1.040677,5287847,56
0,72682469,0.933847,5290784,36
0,515430493,0.888841,5291430,3
0,4240865957,0.829745,5292294,6
0,363022123,1.002438,5293702,14
0,536721337,0.981270,5298211,58
0,2360906137,1.094643,5300025,15
0,1756951681,0.791804,5305445,56
0,1858983241,0.941657,5314439,120
0,3378712027,1.168432,5315651,11
0,2139127241,1.104854,5316998,13
0,3047707153,1.067086,5319817,34
0,3605886931,0.699470,5320558,4
0,1799930149,0.813101,5322043,15
0,3339914419,1.095980,5325418,42
0,1441740239,0.879453,5326920,15
0,2594624749,1.075745,5328554,17
0,603854413,0.929655,5330187,17
0,1104064657,0.810695,5330904,4
0,1037869247,1.062959,5339387,115
0,1018874201,1.062959,5340171,5
0,3072568979,0.827388,5341312,10
0,1375119367,0.793652,5343640,27
0,3342970999,1.211114,5345827,25
0,91513507,0.789333,5346542,4
0,1892818211,0.899761,5347118,2
0,2967320123,0.846639,5348898,19
0,1727267131,0.887192,5350171,12
0,2883742591,0.946313,5351179,8
0,3107418757,0.786855,5353721,30
0,3107755141,0.797334,5356798,34
0,1580629073,1.024123,5358369,16
0,1860465967,0.866589,5362813,55
0,1481562611,1.064795,5363688,6
0,1849327409,0.844329,5365469,19
0,3796637737,0.836193,5366881,14
0,2859833033,1.039268,5368851,22
0,1360956427,0.969254,5371179,27
0,2339403757,1.002438,5373857,32
0,2161328891,1.004385,5374644,5
0,2892039061,0.879453,5377098,29
0,3439159751,0.971267,5377964,6
0,2884186441,1.004871,5379376,14
0,2733033299,1.004871,5380238,6
0,321642169,0.973777,5384939,61
0,4200247757,1.106621,5386151,11
0,2771958853,1.067086,5387007,6
0,3242192579,0.817891,5387740,4
0,2406843559,0.946313,5392915,68
0,790608389,0.925971,5395942,37
0,84527969,0.829745,5399702,48
0,220938451,0.938021,5400484,5
0,4143171937,0.802219,5402622,20
0,2797407593,0.978779,5404128,15
0,4285380851,1.080726,5409035,49
0,200531117,1.128899,5410444,12
0,428263921,0.832682,5410945,1
0,2646239903,0.829745,5411951,8
0,411537167,0.820275,5413856,21
0,894896549,0.936979,5417728,49
0,507343201,1.192833,5420251,30
0,1632896501,0.971267,5423643,42
0,3244326521,1.227930,5430369,87
0,793321777,1.002438,5431101,4
0,1109073331,0.682510,5432514,14
0,90464329,1.025076,5433977,15
0,1161038729,1.032197,5434828,6
0,229123799,0.848942,5437506,32
0,3402589717,0.748697,5439269,19
0,522937381,0.919621,5440258,8
0,3197966549,1.050019,5442030,19
0,2071365817,0.766740,5443029,8
0,1458300187,0.997556,5447620,59
0,979614359,1.173020,5450795,39
0,1448420453,0.860369,5451994,11
0,1898397719,1.065254,5453054,9
0,328888289,0.606765,5455019,22
0,2694508907,1.147773,5457918,31
0,1967503423,1.048157,5458800,5
0,680209067,0.783746,5461444,27
0,3626475319,1.064795,5464350,35
0,3958199041,0.864897,5466989,29
0,3134944063,0.817891,5467941,7
0,3430479167,0.824432,5469994,23
0,3063224653,0.958616,5472339,27
0,3333695129,0.921743,5474465,24
0,3160426859,0.851240,5480222,76
0,3396686441,1.120651,5483796,45
0,1163173603,0.938021,5486272,29
0,1400707943,1.014061,5488535,26
0,3811303003,1.019823,5490041,15
0,584807789,0.972774,5496778,90
0,2983540997,1.095980,5497780,8
0,1863769367,0.815499,5499548,19
0,4115451601,0.888841,5501171,17
0,3767687323,1.078917,5501753,2
0,82243727,1.070284,5506899,63
0,1478356673,0.910550,5511463,44
0,1436522723,0.811899,5512592,7
0,4261107593,0.981270,5513260,3
0,2175071539,0.855246,5514678,14
0,3777316607,0.872205,5516891,25
0,2262273029,0.957087,5519205,27
0,4194976501,0.880563,5519854,3
0,670261477,0.871645,5521198,13
0,2712668897,0.910550,5524779,45
0,2152521227,0.921213,5525564,5
0,2762934407,1.222750,5526208,3
0,2358438317,0.993141,5526725,1
0,2754465163,0.981270,5527583,6
0,3622778209,0.797334,5530194,31
0,1086625877,0.877229,5531041,6
0,949148269,0.783746,5532817,19
0,2630684299,1.066170,5534231,14
0,502464929,0.882225,5535222,8
0,3196060601,1.194470,5535935,4
0,2938437373,0.910550,5536944,8
0,625140799,1.126735,5538285,13
0,4154974639,0.925971,5542286,51
0,4100605127,0.958107,5542935,3
0,2733936421,1.057433,5544571,17
0,2069437957,0.732211,5546824,26
0,2143370927,0.904092,5547415,2
0,2210742019,0.983258,5550584,39
0,1512452519,1.001951,5551379,5
0,607805389,0.919621,5552305,7
0,2375773913,1.064337,5554784,29
0,2928260963,1.094196,5556272,15
0,2957110547,1.004385,5557475,11
0,2003118437,1.078012,5558682,11
0,2427900247,0.919621,5559480,5
0,4157087113,1.019823,5562098,27
0,225231401,1.128899,5562820,4
0,3206037697,1.158360,5563601,5
0,1709480299,1.256623,5564260,3
0,1690909393,1.088828,5564774,1
0,3013056601,1.163827,5565284,1
0,2969079167,0.968750,5566944,15
0,1982162263,0.820275,5568236,12
0,4149814657,0.846062,5568749,1
0,1293372109,0.852959,5570795,23
0,2775485827,0.679643,5571583,5
0,3567070363,0.978280,5574198,31
0,426232333,0.852386,5574779,2
0,2027218691,0.919621,5575638,6
0,4110972287,0.843750,5576716,9
0,722673673,0.969254,5577556,6
0,3818253953,1.002438,5579541,22
0,3995899423,0.824432,5585449,78
0,2889814933,1.027930,5586516,9
0,2633799643,1.043020,5588577,23
0,3981408577,0.842012,5590834,26
0,979256141,0.958107,5592955,24
0,332059271,0.938541,5597403,57
0,818655779,0.954021,5598053,3
0,337997269,0.937500,5599113,9
0,3087059273,0.888841,5600242,10
0,2382083933,0.911622,5601043,5
0,1423271123,0.919621,5607339,79
0,3973538623,0.915897,5610285,22
0,595000243,1.090173,5614393,50
0,2465541193,1.136229,5615883,15
0,3480995951,1.269381,5617308,14
0,3069401947,0.742146,5618107,5
0,2703792857,0.869402,5618961,6
0,3425003557,0.787475,5621204,26
0,890232929,1.066170,5622270,9
0,1975287997,1.074382,5623406,10
0,4220631971,0.849517,5624627,11
0,3069521869,0.782499,5627133,29
0,3841810703,0.854103,5628766,17
0,912028603,0.908403,5629559,5
0,1158704441,0.814900,5630765,11
0,9691091,1.014061,5631257,1
0,1812869833,1.001951,5632392,10
0,142511293,0.770552,5633111,4
0,2477449489,0.597848,5634461,13
0,501903211,0.956577,5637014,30
0,2553522149,1.006328,5638223,11
0,439847501,0.974780,5643265,66
0,2015233963,0.969758,5643915,3
0,1460718943,0.971267,5645541,17
0,776021119,0.696672,5646820,12
0,1506689539,1.178419,5647394,2
0,3979698881,1.113658,5649519,24
0,1972023701,0.839108,5651418,21
0,2116625087,0.942694,5652009,2
0,2310553439,1.077106,5653642,17
0,46451831,0.802219,5655256,17
0,1229436841,0.977281,5656190,7
0,2315166107,0.877229,5657054,6
0,3148391629,0.668049,5658053,8
0,1932155263,1.061581,5658986,7
0,3163196147,0.914296,5660777,15
0,407420969,0.908940,5664518,47
0,1152950459,0.971267,5665865,10
0,941913893,0.848367,5670410,59
0,3598758901,0.947859,5671780,13
0,1991761517,0.950945,5672928,10
0,3572357051,0.815499,5674855,21
0,1092042463,1.067086,5676205,13
0,3738033437,0.815499,5678912,32
0,1466883329,0.875558,5681248,27
0,2015839487,0.908403,5683438,25
0,2644267957,1.048157,5684933,15
0,962528251,0.849517,5686982,23
0,884722903,0.942694,5688470,15
0,898272919,1.008751,5690446,22
0,4093596079,1.004871,5691874,14
0,3716799781,0.977281,5694362,29
0,38949331,0.969254,5695062,4
0,2149363571,0.985738,5696273,11
0,136792939,0.753248,5696913,3
0,309423461,0.981270,5698598,18
0,235985989,0.906789,5699587,8
0,3769558967,0.925971,5700745,10
0,1799723039,0.911622,5701673,7
0,3502583233,0.846639,5705179,44
0,1200282911,0.849517,5706257,9
0,3918190123,0.908403,5707760,15
0,2096301541,0.908940,5708636,2
0,1997052511,0.924387,5713551,64
0,173457433,1.032197,5715225,18
0,2032354837,1.000976,5716859,17
0,4240595339,1.194470,5719819,36
0,2153552239,0.995105,5720676,6
0,3264183877,0.936979,5722232,16
0,1039209517,1.014061,5725323,38
0,761667463,1.208692,5726536,11
0,3547483367,1.043488,5727885,13
0,1827775909,0.908940,5728753,6
0,3603265543,0.727528,5733031,55
0,2180041301,1.016466,5735434,27
0,1924430693,0.938541,5742284,92
0,3292850129,1.095534,5743144,6
0,3612772939,0.880008,5743733,2
0,1778817739,0.970764,5746122,28
0,153023081,0.867152,5746691,2
0,64978439,0.811899,5748269,16
0,3362528947,1.000488,5749340,9
0,139564499,1.132354,5751173,20
0,181278511,1.129332,5751956,5
0,4266515923,0.818488,5752548,2
0,2752180463,0.942694,5756911,56
0,847087519,1.008267,5758400,15
0,1490793583,0.972272,5760876,29
0,2573936147,0.938541,5762149,12
0,1790260471,0.942176,5764973,34
0,854259011,0.946313,5768218,40
0,1551555647,0.916963,5768745,1
0,2930687723,0.894864,5769269,1
0,1698734201,0.875558,5770116,6
0,3814961179,0.814900,5772587,29
0,1970196889,0.938541,5773525,7
0,1487142341,0.889391,5774950,14
0,773740081,0.938541,5776300,13
0,3366951443,1.068458,5777514,11
0,2861295419,1.033615,5780124,31
0,381080107,0.949404,5780792,3
0,3038916163,1.129764,5782478,18
0,2716380269,1.069828,5783057,2
0,347097169,0.915364,5785989,36
0,2256885311,0.914830,5787542,16
0,41017733,0.877786,5789421,21
0,3445041037,0.755190,5790077,3
0,2322059251,0.947859,5791642,16
0,2703084607,0.971267,5793134,15
0,2560490993,0.907327,5794347,11
0,226165921,1.001951,5794842,1
0,4055188453,1.043020,5795493,3
0,2558651083,0.939581,5797548,23
0,3641729099,0.880008,5799441,21
0,57399179,0.978779,5800984,16
0,143867333,0.883883,5801553,2
0,3918680009,1.068458,5803829,26
0,3159774133,1.105296,5804343,1
0,974516321,1.070284,5806247,21
0,4070544767,0.972272,5807545,12
0,320779931,1.074382,5808262,4
0,3931678703,0.846639,5809830,16
0,2102902103,0.784369,5810914,5
0,365761751,0.919621,5813755,34
0,977011069,0.848942,5819561,62
0,949053829,0.882225,5821457,19
0,4093216079,0.901929,5826245,62
0,916022923,0.750651,5827587,13
0,550805137,1.002438,5828300,4
0,4100428777,1.014061,5832459,53
0,2817882091,0.561631,5835157,32
0,1702677467,0.892679,5837212,23
0,2882034277,0.822653,5840091,35
0,2204929819,0.820275,5841097,8
0,3891144431,1.004871,5844991,49
0,558270907,1.009718,5845704,4
0,2336301031,0.886090,5847683,22
0,4164711149,0.877786,5850081,28
0,179740243,0.973276,5851142,9
0,2944475711,0.977780,5851860,4
0,426433123,0.944247,5855931,52
0,1092193693,0.952484,5856854,7
0,754400743,0.891036,5858346,15
0,1344575719,0.875558,5866745,114
0,2347153153,0.827978,5868501,12
0,674463137,0.981270,5870693,25
0,3575767387,1.025076,5871561,6
0,1063063597,0.833854,5872771,11
0,2913432581,0.884436,5873691,4
0,2420474921,1.100870,5874422,4
0,611365591,0.879453,5876261,20
0,4077044773,1.006328,5876834,2
0,3041510767,0.973276,5880986,53
0,4199044963,0.970764,5882054,9
0,3132844027,1.038798,5882925,6
0,4218653249,0.816696,5884337,14
0,233365831,0.921743,5885834,15
0,123376459,0.786855,5886334,1
0,1984345333,0.915364,5887837,15
0,485885039,0.938021,5888482,3
0,1681982723,0.719429,5890228,19
0,2781815759,1.033615,5891722,15
0,3310025881,0.940101,5895239,44
0,1712992069,0.884988,5896096,6
0,2564343709,0.970764,5897303,11
0,2770233509,1.064795,5899129,20
0,3492271931,0.920152,5900200,9
0,3354276943,1.073928,5900994,5
0,4286363447,0.804043,5905223,54
0,2697937531,0.913227,5908173,36
0,1388715557,0.820275,5909101,7
0,3890019277,1.069828,5910947,20
0,1418129017,0.975280,5912225,12
0,1562838107,1.137517,5913579,9
0,605444123,1.040677,5914659,9
0,2293733473,0.816696,5915446,5
0,1543818643,1.046292,5917504,11
0,422822083,0.940101,5921553,48
0,10043113,0.839108,5924780,40
0,3293196187,0.820275,5926005,10
0,3422525791,0.818488,5927456,14
0,917684161,1.191605,5930122,32
0,79625761,0.760987,5932292,25
0,2182370867,1.044891,5933854,16
0,1407644053,1.095534,5935272,14
0,3928736179,0.851240,5936069,5
0,1086148421,1.067086,5937716,17
0,1487406587,1.065254,5941792,52
0,1542843641,1.073928,5945892,52
0,2273133347,0.910550,5946472,2
0,1586764103,0.993632,5949006,30
0,3631202623,1.070284,5952167,39
0,1331589373,0.851240,5952762,2
0,1750471711,0.921743,5953971,11
0,1201953013,0.786855,5957071,38
0,2737368983,1.004871,5962759,75
0,198928207,0.863202,5965077,27
0,1155504641,0.834439,5967811,33
0,2324603213,0.958107,5969444,10
0,2371072721,0.783123,5970397,7
0,4126611991,0.746083,5972246,20
0,4213692689,0.806468,5973940,18
0,82034863,0.971267,5974782,3
0,3225977563,0.758416,5976220,14
0,1746463591,0.883883,5978341,24
0,816947993,0.784369,5980173,20
0,1937196473,0.939581,5980687,1
0,3492772057,0.981270,5982948,26
0,2605936631,1.001951,5984236,12
0,2713214963,0.796722,5985801,16
0,2555304181,0.844329,5987705,21
0,861068723,0.911622,5989345,17
0,1555223069,1.008267,5996733,99
0,2713791469,0.906789,5997451,4
0,2580070799,1.154137,5998730,12
0,118316683,0.912157,6000976,26
0,2102822569,0.849517,6002819,20
0,2015635207,0.945797,6003885,9
0,44564369,0.910550,6005565,18
0,357902539,0.973777,6006484,7
0,3345875651,1.039738,6013839,98
0,2675473627,1.023646,6016759,31
0,2481698801,1.127168,6018558,19
0,1992515113,0.862070,6023305,48
0,2680563841,0.934370,6024905,15
0,165885193,0.982762,6027500,31
0,1634232143,1.009235,6028080,2
0,2289899851,1.068458,6031255,39
0,712640827,0.944247,6032535,12
0,4280135393,0.851240,6033825,12
0,4022756401,1.000976,6035029,11
0,1907739413,0.708486,6035612,2
0,1040918323,0.884436,6036972,13
0,1685742239,0.977281,6037486,1
0,2850360899,0.972272,6038134,3
0,3521155999,0.736864,6039481,13
0,1680871109,1.064337,6041649,25
0,1460920523,0.846639,6042369,4
0,3149432431,1.098205,6044554,25
0,3617016287,1.101756,6045495,7
0,1239047479,1.008267,6046566,9
0,999187249,0.850092,6049573,37
0,468225449,1.046292,6052161,31
0,1523829361,1.075745,6053790,17
0,3249545557,1.284295,6055681,21
0,2027784659,1.115411,6056272,2
0,3237975067,1.104854,6056923,3
0,1494523993,1.187911,6059381,29
0,2934694589,0.766103,6062086,32
0,27954793,0.924387,6063132,9
0,1297208093,0.665852,6066320,39
0,107489509,0.876673,6067029,4
0,3488456501,0.939581,6068401,13
0,921227171,1.047691,6069407,8
0,1997098933,1.125868,6071857,25
0,539573071,0.802219,6072376,1
0,2157507697,0.974279,6074079,18
0,2296842437,1.157938,6074583,1
0,1720802749,0.855246,6076007,14
0,3697468693,1.128899,6076733,4
0,2104312499,0.911622,6078473,17
0,2675600341,0.906789,6082328,47
0,3364142339,0.981270,6084397,21
0,3579385057,0.970764,6086754,27
0,3801941513,1.039268,6088316,16
0,3245406961,0.919621,6090363,23
0,2801499551,1.033615,6092696,27
0,2874495749,1.012616,6094560,20
0,3411845119,0.952484,6095993,14
0,3184435559,0.806468,6096649,3
0,3831860063,0.956577,6099345,32
0,2316716107,0.981767,6100972,17
0,842176781,0.970764,6103575,31
0,2643986759,0.913227,6104721,10
0,65225429,0.873324,6106484,19
0,4109885629,0.902471,6108615,24
0,3773974609,0.942176,6113416,62
0,3769905049,0.950432,6115468,23
0,3350083537,0.911622,6116408,7
0,109226771,0.942694,6118218,15
0,1417235929,0.622652,6119098,6
0,2504791427,1.017906,6122298,27
0,3587981653,0.886090,6124716,26
0,3584694457,1.104854,6125431,2
0,1225250627,0.944247,6128393,36
0,1704957451,1.309147,6128983,2
0,3492697823,1.014061,6130202,11
0,3233452133,0.940101,6132244,23
0,388157389,0.891584,6135185,36
0,11960281,0.862070,6138825,46
0,1536233317,1.066170,6140385,16
0,556169527,0.757128,6141379,8
0,3938483201,0.911086,6141952,2
0,3107222711,0.786855,6143585,17
0,557293283,0.907327,6145643,23
0,3233725279,1.032197,6146441,5
0,1270372079,0.877229,6147237,5
0,206856077,0.916963,6147961,4
0,3227589121,0.832682,6149011,9
0,2332561879,0.919621,6149654,3
0,36713161,1.050483,6151391,19
0,3748973663,0.690335,6154496,38
0,202391897,0.880008,6155686,11
0,921661973,0.915897,6157470,19
0,1725063097,0.827388,6159653,25
0,2445681269,1.050019,6162460,34
0,1958925667,1.260115,6163597,10
0,332871677,0.855246,6164121,1
0,1071798317,0.858664,6165117,8
0,1767533303,1.117160,6166125,8
0,477411163,0.851240,6166785,3
0,147033193,1.054659,6173352,88
0,2745879427,0.835609,6174841,15
0,354341363,0.955044,6176601,16
0,195819139,0.970764,6178436,20
0,1503027893,1.275138,6179441,8
0,2356726391,1.055584,6180094,3
0,2473786727,1.000000,6181788,16
0,212855161,0.970764,6183488,18
0,3195007469,0.877786,6184855,13
0,1769337131,0.791804,6185370,1
0,1198454263,0.916963,6186589,11
0,1196005553,0.970764,6187167,2
0,783541819,0.822653,6188100,7
0,84017029,0.915897,6190840,33
0,3476695759,0.792420,6192541,18
0,2167781767,0.822653,6195008,29
0,2965917329,0.791187,6197316,27
0,2341328461,0.938541,6198258,7
0,993941659,0.920152,6200668,28
0,453840463,1.107503,6202007,13
0,3212838751,0.815499,6204050,23
0,1651567993,0.969254,6207368,41
0,547055633,0.971267,6207865,1
0,228208733,0.946313,6215274,100
0,2146708897,1.068458,6215856,2
0,2633572363,0.736201,6222624,86
0,203242931,0.806468,6224441,7
0,2903815933,0.911622,6225424,3
0,2682877867,0.921743,6227654,21
0,2733885769,0.760987,6232217,59
0,3606714647,1.133647,6234760,30
0,3239200141,0.846639,6235332,2
0,3484432981,0.939581,6236476,10
0,901660873,0.928078,6236979,1
0,3606542897,0.963190,6238890,21
0,1751685983,1.001951,6239758,6
0,2667660679,0.969254,6244461,61
0,3277615013,1.074382,6245601,10
0,1585075571,0.910550,6250246,60
0,1794200833,0.884436,6251030,5
0,2737192481,0.753248,6252646,17
0,3811107247,0.908940,6258051,71
0,1898484017,0.844907,6258829,5
0,1717815823,0.995105,6261982,39
0,636846433,1.156250,6263530,16
0,568336271,1.000976,6264182,3
0,1270844389,1.065254,6266936,33
0,331316087,0.981767,6270392,43
0,2543117881,0.851240,6273307,35
0,2830441531,1.008267,6273825,1
0,282556271,0.958616,6274840,8
0,1081961681,1.113658,6276116,12
0,4140231811,1.052341,6277566,11
0,757095877,1.050019,6281302,47
0,3111400021,0.844907,6282083,2
0,7420003,0.738188,6282926,6
0,327546929,0.852959,6284972,23
0,1756712707,0.906250,6287085,24
0,3306253747,0.844329,6287809,4
0,4132118069,1.047225,6288600,5
0,2067405601,0.815499,6290020,14
0,1310584813,0.972272,6292848,34
0,2115676223,0.879453,6293432,2
0,1121034413,0.907327,6294561,10
0,3702412123,1.012616,6295425,6
0,3886823341,1.037387,6297195,19
0,3310990633,0.822653,6297914,4
0,22344809,1.040677,6300368,29
0,2562857621,0.812500,6301705,13
0,2280837899,0.970764,6303835,24
0,1797008767,0.864332,6305894,23
0,3207856109,0.940101,6307047,10
0,2469150199,0.947859,6310443,42
0,149731277,1.084785,6311858,14
0,683257871,0.970764,6312717,6
0,2945668807,1.043488,6313727,8
0,1146428093,1.070284,6319047,70
0,2485800949,0.973777,6319911,6
0,1517854579,0.787475,6322097,25
0,173401457,0.895409,6323104,4
0,3607495891,0.977281,6325461,27
0,1076150267,0.813701,6327084,3
0,1832986013,1.105296,6328673,14
0,1733430463,0.942694,6329405,4
0,727254973,0.844329,6331127,18
0,827809691,0.939581,6336526,71
0,1505984429,1.152867,6338733,25
0,2876557049,0.914830,6340011,12
0,681732517,1.250391,6340512,1
0,1240348729,0.914830,6341228,4
0,5402599,1.043488,6341994,5
0,2641762943,0.882225,6343918,21
0,2208760363,1.000488,6345118,11
0,500186177,1.064337,6347780,32
0,3356547587,1.006328,6349749,22
0,2234250443,0.830921,6351237,15
0,3651095927,1.025076,6353154,21
0,3606096157,1.004871,6356587,43
0,618988567,0.914830,6357094,1
0,1552348631,0.818488,6358815,18
0,1345661477,0.844907,6360714,21
0,1894148401,0.722139,6361716,8
0,2209411471,1.010685,6365728,51
0,861111241,0.908940,6366579,6
0,3925879151,0.940101,6367294,4
0,2637175603,1.063419,6368011,4
0,1648003157,1.139661,6369982,22
0,1794178391,0.722139,6371760,19
0,2467393969,0.738188,6373391,17
0,349299679,1.160465,6374890,15
0,3811129549,1.033142,6378268,38
0,1171683713,0.882225,6383865,71
0,47355241,0.815499,6385067,11
0,2921942897,1.002438,6388371,41
0,162897313,1.001951,6389439,9
0,3821705681,0.970764,6390592,10
0,392312849,1.139661,6392556,22
0,770152567,0.993632,6393981,14
0,3639850453,1.044891,6395194,11
0,3145515547,0.908940,6396543,13
0,2118232099,1.043488,6398319,19
0,1065499177,1.129332,6399526,11
0,3305189599,1.073928,6400803,12
0,1777998503,0.827978,6401318,1
0,1642646899,0.877229,6402822,15
0,790673381,0.752600,6406535,47
0,1984292333,0.824432,6410332,48
0,1664569873,0.950432,6412107,19
0,120268831,1.039268,6414065,22
0,3351418459,0.866589,6414995,7
0,1558326727,1.004871,6416559,16
0,1521829973,0.855246,6417277,4
0,274726013,0.884436,6420243,36
0,122071627,1.012616,6421935,18
0,3359523091,1.057894,6426504,52
0,3060990451,1.175100,6428099,16
0,3810240253,0.820275,6429866,4
0,1084516259,0.928078,6432205,24
0,1966961417,0.938541,6432724,1
0,2466011917,1.012616,6433376,3
0,3476182363,0.977281,6437380,51
0,3416762911,1.065712,6438453,9
0,1910493859,1.128899,6439109,3
0,1576731757,1.099538,6440464,13
0,3949341637,0.817891,6441679,11
0,2828699261,0.960652,6442335,3
0,1287867787,1.137517,6444589,26
0,2705570597,1.017906,6451228,89
0,898499839,0.796722,6452801,16
0,13728479,0.842012,6454831,23
0,1418530571,1.014061,6457926,38
0,893155391,0.834439,6458724,5
0,4166617781,1.220351,6461830,38
0,3107239819,1.119343,6464568,33
0,1835616773,0.827978,6465491,7
0,4188989851,1.006328,6467059,16
0,211401653,0.766103,6470352,41
0,3200830847,0.977281,6472367,22
0,2080446569,1.068458,6473078,4
0,732217349,0.877229,6473858,5
0,2434453199,0.805862,6481282,96
0,2073271141,0.730208,6484691,42
0,1673365781,0.848367,6492934,109
0,15695341,0.846639,6494630,18
0,486028043,1.006328,6497302,32
0,4165932289,0.970764,6498995,18
0,1089099733,0.940101,6501242,26
0,1572166949,0.940101,6503008,19
0,2558661877,0.827388,6503796,5
0,370129829,0.844907,6505908,24
0,1621632247,0.844907,6507323,14
0,2490665033,0.937500,6508039,4
0,4111767167,0.946313,6508901,6
0,1819453619,0.921743,6510541,17
0,685943227,0.817891,6511050,1
0,4073253881,0.977281,6512055,8
0,3924562687,1.142657,6514847,33
0,3347840921,0.975280,6516414,16
0,1292397863,0.822059,6518324,21
0,3166942627,0.914830,6521697,42
0,2874043423,1.004871,6522781,9
0,1830372293,0.812500,6524611,20
0,1490365091,0.923330,6525333,4
0,959224991,1.033142,6525851,1
0,960297101,0.908403,6526361,1
0,758385763,1.074382,6528271,17
0,2394700639,0.942176,6529920,17
0,2760857639,0.879453,6535433,59
0,2828481223,0.722139,6536944,12
0,3228059669,0.842012,6540314,42
0,1042334717,0.668779,6541588,12
0,378427607,0.878342,6544282,32
0,1867327717,0.925971,6545003,4
0,532088801,0.701561,6546693,18
0,1147554937,1.009718,6549509,34
0,1846163003,1.131060,6552466,36
0,934963327,1.065712,6553053,2
0,4275469181,0.932801,6555139,23
0,3253423057,0.915897,6557830,32
0,4054099403,1.037387,6558552,4
0,2005377329,0.940101,6560819,26
0,1968571837,0.844907,6562322,15
0,1406652307,0.802219,6562918,2
0,242856377,0.908940,6566347,43
0,1537614733,1.157938,6567419,9
0,76076179,1.038328,6571260,49
0,2321518219,1.132354,6573025,19
0,708905401,0.947859,6577503,58
0,3649436621,1.136229,6578439,7
0,1041599981,0.761629,6580063,17
0,3503349149,1.137517,6581549,15
0,1711591907,0.753248,6584920,42
0,456687557,0.851240,6585430,1
0,3682098703,0.925443,6587804,22
0,981196703,0.958107,6588557,4
0,642402779,0.893772,6591448,35
0,3579324923,0.796722,6594267,32
0,2367740131,1.067086,6596532,26
0,2759471963,0.911086,6599207,32
0,1559233001,0.919621,6604042,63
0,4029316033,0.879453,6607713,46
0,3344759441,0.824432,6609406,18
0,2692389691,1.177176,6610274,6
0,3977097239,0.924387,6612813,30
0,569318909,0.975280,6615838,37
0,1871690659,0.939581,6616568,4
0,2605996507,0.753248,6621777,68
0,386122117,1.106621,6622768,8
0,1308341249,0.940620,6625932,39
0,1549069127,1.016466,6627697,19
0,1915743017,1.095534,6628781,9
0,3376309003,1.068458,6629430,3
0,3041566889,0.786855,6632202,29
0,106206959,0.755837,6637765,58
0,3601001639,1.012133,6639086,10
0,3293131211,0.832682,6641557,29
0,1915781201,0.911622,6642756,11
0,2730127957,0.839108,6643265,1
0,1000884067,0.942176,6645302,23
0,4152254179,0.791804,6648362,37
0,2458281811,1.064795,6649219,6
0,3251583871,0.752600,6649948,4
0,1876546733,1.043020,6652135,25
0,3046605929,1.175100,6653131,8
0,21181997,0.978779,6655217,24
0,3405849203,1.263211,6657946,33
0,930161021,0.846639,6662261,55
0,500514743,0.904092,6664377,24
0,1817279047,1.016466,6665311,7
0,4232264599,0.913227,6670437,67
0,3786457463,0.875558,6671504,9
0,1330718861,0.783123,6673618,24
0,338104519,0.720107,6674124,1
0,1665423251,0.776234,6674843,4
0,794170901,1.033615,6675489,3
0,655740247,1.019823,6676000,1
0,1707399371,0.849517,6678402,28
0,4133318401,0.815499,6679763,13
0,1371956437,0.877229,6680482,4
0,2978297059,0.924387,6681199,4
0,448479103,0.956577,6683942,33
0,2038256923,0.939581,6684598,3
0,1364087521,1.190375,6686221,17
0,2398912717,0.756482,6691018,60
0,570632243,0.849517,6691870,6
0,1719552559,1.067086,6694756,32
0,2121199733,0.782499,6695503,4
0,2424234829,1.044891,6698887,42
0,4010029949,0.888841,6699401,1
0,2078415127,0.787475,6700337,7
0,3821120741,0.841432,6702606,26
0,3578661763,0.985738,6703191,2
0,61500721,0.851240,6703963,5
0,2123289373,1.007782,6704966,8
0,2355919171,0.950432,6705891,7
0,4122179863,0.860369,6707982,23
0,372756491,1.012133,6709532,16
0,1132443563,0.946313,6711104,16
0,342014221,1.033615,6711966,6
0,1888940147,1.043020,6712477,1
0,1143333551,0.913227,6714242,19
0,1431462353,1.073928,6716144,21
0,2451423229,0.980772,6716873,4
0,426692359,0.848367,6717664,5
0,2929479563,1.070284,6718596,7
0,907609237,0.973777,6722313,47
0,1291636261,0.942694,6726041,47
0,6049721,0.944247,6728201,25
0,1066518641,0.908940,6729403,11
0,464630939,0.924387,6732838,38
0,4169769931,0.897588,6733514,3
0,3462383567,1.003899,6734253,4
0,1628170079,0.911086,6735193,7
0,328858147,1.168432,6737399,11
0,2543906587,0.757128,6738297,4
0,4212286019,1.115848,6739155,6
0,4072652329,0.908940,6741480,27
0,3434813513,1.082983,6743112,17
0,1882018487,0.888841,6743770,3
0,2142250321,0.980772,6748604,63
0,608839871,0.850092,6749464,6
0,2183940923,0.891036,6750248,5
0,518644537,1.070284,6750834,2
0,193055221,1.031723,6751404,2
0,752856451,0.849517,6752966,16
0,3376381009,0.981767,6754604,17
0,433328293,1.047691,6756083,15
0,3119486231,1.002438,6757020,7
0,1271570827,0.958616,6758155,10
0,3009976841,0.950945,6759302,10
0,373230911,0.973777,6759820,1
0,1153757807,1.064795,6762278,29
0,3067329821,1.054659,6763215,7
0,1726501613,1.037387,6764214,8
0,3070731241,0.885539,6765422,11
0,1206658253,0.902471,6766144,4
0,3467989859,1.029354,6767423,12
0,3678621361,0.934370,6768080,3
0,2720323579,0.791804,6772651,59
0,3967615217,1.033615,6773437,5
0,1338200167,0.846639,6774158,4
0,3254860673,0.984747,6775349,11
0,3678011879,0.916963,6777751,28
0,813260387,1.042552,6778468,4
0,1797763897,1.115848,6779261,5
0,1692837859,1.154137,6779994,4
0,3483924079,0.924387,6781139,10
0,3975798137,0.757128,6785158,51
0,3634286347,1.133647,6786021,6
0,1075482949,0.964203,6786519,1
0,3822671981,0.877786,6792274,70
0,533098859,0.977281,6794888,31
0,761848201,0.750651,6795747,6
0,1165288403,0.813701,6796469,4
0,1377384821,0.940101,6797953,15
0,3575635559,1.007782,6799516,16
0,296911337,0.938021,6801618,24
0,242589793,0.971267,6803099,15
0,351434257,1.106621,6804086,8
0,942303883,0.875558,6808225,53
0,102649303,1.102642,6809005,5
0,3687499573,0.730208,6812566,44
0,1867292923,0.843750,6820144,102
0,49399387,0.915364,6822313,25
0,4198094627,1.043488,6824514,25
0,2370909271,0.815499,6826068,16
0,148093357,0.910550,6828192,24
0,712905679,0.858096,6829053,6
0,1735604237,1.021736,6829911,6
0,201936181,0.846639,6830476,2
0,4038513383,0.846639,6832945,29
0,4221217811,0.956577,6833530,2
0,3939136153,1.038798,6834318,5
0,2055088031,0.952484,6835558,7
0,1327801513,0.748697,6837068,15
0,522387869,0.818488,6839388,13
0,2348659763,0.796722,6840188,1
0,2913198437,0.913227,6841731,15
0,4242381709,0.858096,6842595,5
0,2751681529,0.855816,6844161,16
0,2247500543,1.043488,6844677,1
0,1388297059,0.910550,6845899,11
0,988893203,1.174684,6851025,67
0,1932624773,0.969758,6853837,34
0,2383671097,1.079370,6857505,46
0,575244821,0.972272,6861926,57
0,362771867,1.093303,6863213,12
0,7909183,0.940101,6864819,17
0,888799507,0.973777,6865321,1
0,4029968027,0.831508,6866605,12
0,882780643,0.850666,6872986,85
0,4180373741,0.911622,6874207,11
0,3149008699,1.229123,6876753,30
0,2437767529,0.705724,6878369,17
0,1485958883,0.933847,6881052,32
0,3255238957,0.808886,6883011,22
0,3149731547,0.972774,6884017,8
0,32826581,0.969254,6889474,72
0,1799455123,0.889391,6890806,8
0,3273664469,0.730208,6891752,7
0,3859128277,1.035974,6893469,18
0,1326042587,1.182968,6894402,7
0,3530205169,0.930180,6896637,23
0,3197438801,0.915364,6898423,19
0,3170691533,0.752600,6900133,18
0,3073213043,0.908940,6903147,37
0,3251484799,0.844329,6906042,35
0,1811016149,0.950432,6910955,64
0,514776803,0.884436,6911470,1
0,2824994869,0.884436,6913091,17
0,113494013,0.732211,6915198,24
0,2067971713,0.783746,6916540,13
0,1942271791,0.846639,6917543,8
0,242148113,0.846062,6918464,7
0,51757619,1.035503,6919516,9
0,1972857331,0.938021,6923587,52
0,4123060919,0.823246,6924457,6
0,2163325247,1.097761,6926426,21
0,4012347607,0.975280,6927813,13
0,3537571127,0.964709,6929369,16
0,2160653003,0.842012,6929878,1
0,244414693,0.981270,6932185,27
0,157812181,0.969758,6932679,1
0,1975837543,0.956066,6933410,4
0,1851948509,1.125434,6934005,2
0,3251457647,0.993632,6938287,51
0,1378121597,0.939581,6940017,18
0,1645912747,1.099538,6948730,101
0,2854472561,0.941657,6949839,7
0,136904347,1.101313,6950973,10
0,4087121009,0.934370,6954426,43
0,3527844079,1.166760,6955841,14
0,4275426671,0.877229,6956643,5
0,1010245487,1.189554,6959810,39
0,1826576123,1.035974,6961520,18
0,2429795219,0.974279,6962311,5
0,365477909,1.091963,6964977,32
0,1276364107,1.012133,6971280,84
0,1005581471,1.093303,6977663,85
0,602180063,0.950945,6979007,13
0,723521963,0.908940,6980765,19
0,3104114411,1.023646,6981690,7
0,1953192247,0.897044,6983121,14
0,331757927,0.813701,6984428,12
0,786408551,0.773714,6985362,7
0,952161941,1.221951,6988651,41
0,920818553,0.964709,6995333,85
0,993192397,0.854103,6995864,1
0,62621297,0.993632,6997685,20
0,2462513381,1.000000,6999325,17
0,4205104201,0.908940,7000890,14
0,1083689609,0.797334,7006727,77
0,200578811,0.941657,7007655,7
0,2323458433,0.941657,7011691,50
0,2086152319,1.068458,7012576,6
0,2465432033,0.955044,7015800,40
0,900456091,0.911622,7017081,12
0,2612149009,1.000976,7018562,15
0,1403537351,0.889391,7019639,9
0,2035379201,0.876115,7020349,4
0,243108889,1.073928,7023366,37
0,1452716267,0.897044,7025836,29
0,898332629,1.068458,7026844,8
0,1049030777,0.915897,7027559,4
0,3250417931,0.884436,7029613,23
0,2821091107,0.659960,7032776,39
0,808097713,1.043020,7035161,28
0,4122316031,1.067086,7036030,6
0,2643284027,0.786855,7037096,9
0,1826946683,0.813701,7039855,29
0,3097947227,0.985738,7041377,15
0,1411613393,0.981270,7041945,2
0,633606367,1.074382,7049183,83
0,2460543733,1.066628,7049875,1
0,1995788051,1.115411,7053540,46
0,3647716739,0.964709,7055880,27
0,4083489967,1.009718,7057229,13
0,3514312001,0.808886,7061228,51
0,3004048441,1.285055,7063053,20
0,2600978489,0.938021,7063978,7
0,1399336553,1.062959,7065543,16
0,957347749,0.985738,7067830,26
0,4133406617,1.070284,7070430,31
0,2292008177,1.033615,7073452,37
0,2710738483,0.777491,7074447,8
0,4203842989,0.888841,7078691,54
0,3839832541,1.074382,7085219,87
0,3476770331,0.635075,7088740,44
0,4013348351,0.691042,7091857,38
0,3983844119,0.940101,7092997,10
0,1272019591,1.012133,7094995,18
0,2474958623,1.070284,7095592,2
0,46061437,0.827978,7097634,23
0,886279963,1.197736,7099630,20
0,2162518357,1.067086,7102028,28
0,1752893,0.846062,7103347,13
0,2707554337,0.827978,7104187,6
0,4230145981,0.815499,7105057,6
0,3468061501,0.955044,7107458,28
0,1662642923,0.863202,7109503,23
0,1587706873,0.880563,7115470,79
0,2279839337,0.944764,7116399,7
0,2275807819,0.969758,7116982,2
0,2157676999,1.002438,7117559,2
0,1399197131,0.813101,7118845,12
0,2294236013,0.971267,7121376,30
0,1616176147,0.977281,7122804,14
0,92934607,1.000488,7124342,16
0,3553214981,0.950945,7127724,42
0,3090545881,1.048623,7129916,25
0,217411321,0.947859,7131536,17
0,1940390581,1.131923,7133373,20
0,2534006837,0.942176,7136012,31
0,1712651573,0.938021,7136873,6
0,2120793151,1.035031,7137530,3
0,187697243,0.817294,7138372,6
0,2220377641,1.136229,7142528,49
0,1030949137,0.956066,7143050,1
0,700174399,1.008267,7146531,28
0,460790857,0.913227,7147355,3
0,2926190837,0.975280,7148283,7
0,2887481551,1.035503,7153331,66
0,3391262089,0.781875,7154260,7
0,1780151291,1.054196,7155475,11
0,447544759,0.766103,7156690,11
0,3607993457,0.963190,7164474,105
0,715633487,0.776234,7165126,3
0,2487455639,0.823246,7165915,5
0,1329336599,1.158360,7168395,29
0,2248747517,0.803435,7169188,5
0,419232029,1.129332,7172133,36
0,532358251,0.947859,7172921,5
0,3680228369,1.000976,7174199,12
0,3863433097,0.879453,7175484,12
0,2648455273,0.988706,7177117,17
0,978386237,1.046292,7180071,36
0,938369657,1.098205,7180653,2
0,3484353673,0.851240,7181300,3
0,2938354207,0.919621,7182315,8
0,3850924387,0.968750,7185441,38
0,80171683,1.061581,7186574,10
0,3970816337,1.073928,7187502,7
0,988126663,0.748697,7188085,2
0,1143226499,1.012133,7193470,71
0,32641811,0.908403,7194237,5
0,4188158473,1.115848,7194820,2
0,1824547391,0.930180,7195399,2
0,2537884507,1.066628,7198055,27
0,877020643,1.132354,7200040,22
0,3307221899,0.942176,7200544,1
0,3013633009,1.033142,7203448,33
0,1512975011,0.782499,7203968,1
0,3756592991,1.064795,7204697,4
0,3707511019,0.969254,7207873,39
0,331046857,0.977281,7210618,33
0,3884023733,0.915364,7214362,47
0,3901767643,0.846639,7218990,60
0,390826867,0.925443,7219784,5
0,2455566781,1.073928,7222524,33
0,3518987113,1.104854,7225495,36
0,1888930213,1.037387,7226280,5
0,765280141,0.938021,7227914,17
0,1574475739,1.003899,7230344,28
0,516513523,0.895409,7231485,10
0,1046015923,0.851240,7233677,25
0,1007950403,0.751301,7234601,7
0,44764957,1.085235,7235171,2
0,2792329663,0.877786,7236941,19
0,631000703,0.888841,7237940,8
0,4003253099,0.946313,7238744,5
0,718380653,0.973777,7241199,29
0,1689311473,1.094196,7245246,47
0,1727444867,1.167178,7246068,5
0,2394619313,0.836193,7250857,43
0,1215261301,0.977281,7251992,7
0,1069029571,0.880563,7255649,46
0,3044111251,0.903552,7256937,12
0,862347883,0.848942,7257932,8
0,3646384367,0.818488,7259777,20
0,635879617,0.902471,7260344,2
0,373413683,0.895409,7265064,61
0,162468139,0.608373,7265564,1
0,1272488047,0.946313,7267049,15
0,3676926977,0.983258,7268044,8
0,162644777,0.880563,7269450,14
0,1564981399,1.095088,7271500,23
0,3859377979,0.791187,7272015,1
0,2480791843,0.981270,7272743,4
0,2749726351,0.858096,7273540,5
0,1761349673,1.110145,7275035,15
0,3980422763,1.117160,7275546,1
0,3522526421,1.189144,7276133,2
0,1893228629,0.870524,7277339,11
0,2925706999,0.832682,7280586,40
0,1632385241,1.094643,7281096,1
0,2710499641,0.897044,7282372,12
0,1679288669,1.180076,7284907,30
0,385524341,1.129332,7285415,1
0,883922681,0.988706,7288094,32
0,1876208153,0.858096,7292438,56
0,1688097431,0.882225,7293790,13
0,147727561,1.245696,7294990,11
0,3138493711,0.942694,7297449,29
0,2677700759,0.919621,7301437,46
0,2982115259,0.601918,7304561,38
0,2569441577,0.945797,7308299,45
0,2364228883,1.004385,7309595,12
0,3050005319,0.938541,7312068,29
0,403757593,0.950945,7315430,42
0,840862699,0.919621,7318667,40
0,1110862499,0.993632,7319245,2
0,3059255137,1.003899,7320519,12
0,1664336161,0.944247,7321439,7
0,1903812707,0.799169,7323421,22
0,1535246423,0.884436,7326477,37
0,845837249,0.815499,7327259,5
0,4264376189,1.091516,7330916,46
0,3796468523,1.095534,7333529,31
0,2950604851,0.913227,7334748,11
0,930721651,0.981767,7336934,25
0,3271662379,0.822059,7338775,20
0,3549525241,1.000976,7342090,41
0,2576351497,0.913227,7343835,19
0,1360359029,0.988706,7344909,9
0,869890787,0.971267,7347961,33
0,2794251377,0.675318,7350791,34
0,1397297471,0.815499,7351856,9
0,3954798821,0.964709,7352796,7
0,918684307,1.073928,7355038,26
0,2355708463,0.786855,7359052,51
0,4122731449,0.919621,7360059,8
0,1521983321,0.755190,7363111,37
0,3960812699,0.938021,7365594,29
0,2582323651,0.827978,7370937,70
0,1413758407,0.880008,7372513,15
0,1664822941,0.864332,7375541,37
0,4146519217,0.791804,7376472,7
0,1112550059,0.831508,7378174,18
0,1575853771,0.956577,7380094,21
0,1106932213,0.753248,7382497,28
0,3783205697,1.015505,7387048,59
0,1543331453,1.071652,7387727,3
0,2358886927,1.094196,7391504,48
0,1650708487,0.797334,7393121,17
0,2953253339,0.753248,7397263,53
0,2227413161,1.033615,7404757,101
0,1020144473,0.846062,7405615,6
0,3690206557,1.064795,7406415,5
0,340252097,0.972774,7410417,51
0,3224932679,0.939581,7411484,9
0,393410309,1.044891,7412339,6
0,2338374047,0.799169,7413065,4
0,3945821587,1.125868,7413647,2
0,507247099,0.787475,7414304,3
0,4074968657,0.771818,7417757,43
0,2043307319,0.827978,7421639,49
0,2750589383,0.969254,7424957,41
0,3562639987,0.879453,7426006,6
0,619579921,0.950945,7427022,8
0,1370627411,0.971267,7429841,34
0,1025939839,0.932801,7430914,9
0,429114337,0.722139,7431692,5
0,3080283841,0.846639,7433604,21
0,2993017849,0.842012,7436073,29
0,2196128191,1.044891,7440233,53
0,1436105453,0.849517,7440755,1
0,1779560693,1.062959,7441335,2
0,2125958801,0.781875,7442069,4
0,4287312697,0.813701,7443559,15
0,3658545281,0.908403,7448036,58
0,3923321243,1.043488,7448895,6
0,2739822649,0.662176,7449899,4
0,3756586049,0.876115,7450626,4
0,3748948547,0.934370,7453246,18
0,2630145347,0.893772,7457909,54
0,2943570053,1.256623,7458462,1
0,2662838513,0.813701,7458979,1
0,586966153,0.773714,7460944,22
0,3602423177,0.761629,7462361,14
0,2157330713,0.679643,7465577,40
0,264371803,0.815499,7467644,23
0,239292899,0.797334,7471697,52
0,2877512087,1.149898,7473469,19
0,3726489469,1.098205,7474340,6
0,2134951531,0.879453,7480753,85
0,101600027,0.858096,7481666,7
0,3906083809,1.099538,7485878,54
0,1436538371,0.827388,7486877,8
0,1813803557,1.160465,7487523,3
0,3053031199,1.194061,7489504,22
0,1643757041,0.854103,7490298,5
0,218442317,0.755190,7491070,5
0,38736371,1.064337,7492191,10
0,2004467291,0.880563,7494385,25
0,1008739909,1.110145,7496281,21
0,1734924509,1.031723,7497845,16
0,1640940953,0.889391,7498352,1
0,3390684491,0.920152,7499144,5
0,2453752957,1.125868,7500770,17
0,2809331999,0.950945,7503024,26
0,4282411559,0.902471,7506781,43
0,2607248867,0.832682,7507336,1
0,3854465317,0.632764,7508560,11
0,949322369,0.994614,7510101,16
0,2978170187,1.000488,7514073,48
0,1494618973,0.802219,7514872,5
0,2518326763,0.813701,7516847,22
0,1227963311,1.039268,7517500,3
0,1132964579,0.942694,7519550,23
0,1203944123,0.973276,7521248,18
0,3422593873,1.149898,7525754,58
0,1496304617,0.789333,7528299,30
0,311353751,0.925971,7529359,9
0,539417381,0.860369,7531670,27
0,3000112957,1.033142,7533155,15
0,1647796529,0.846062,7541316,111
0,2567954717,0.950945,7542174,6
0,2516677081,0.781875,7542823,3
0,2937399089,1.054659,7543540,4
0,3180834757,0.939581,7545048,15
0,366526889,0.942694,7548970,50
0,3530346473,1.098650,7550119,10
0,1646157517,1.106621,7552394,22
0,1914404917,1.002438,7559381,72
0,1293757847,1.337558,7561398,20
0,4099881809,0.842012,7562544,10
0,2526227929,0.727528,7567799,69
0,429193871,1.000976,7568807,8
0,1656052313,0.915364,7570637,20
0,641139133,0.855246,7572533,21
0,3923479933,1.033615,7578161,74
0,2419174139,1.058356,7580896,33
0,3401563523,0.946313,7582528,17
0,3219021109,1.144365,7587992,72
0,4139969303,1.043020,7588578,2
0,2630027209,0.711238,7590914,27
0,988280089,1.035503,7591565,3
0,2537298359,0.725512,7593399,20
0,3180704489,0.927551,7594484,9
0,471026333,0.910550,7597444,36
0,514649869,1.199365,7599977,30
0,3464824369,0.891036,7601458,15
0,169507711,0.991172,7606636,68
0,4167218243,0.872205,7608544,21
0,3699245993,0.875558,7613101,54
0,363571781,0.956577,7613886,5
0,2619530453,0.950432,7617808,47
0,957246347,1.066170,7619156,13
0,1903877483,1.033615,7620162,8
0,2687356099,1.035031,7623254,38
0,1237544047,0.942694,7624677,14
0,1323260927,0.888841,7625351,3
0,688346257,0.817891,7625848,1
0,4159461701,1.160044,7626641,5
0,2522498177,0.967237,7627977,13
0,2082129407,0.877229,7631003,37
0,2308180471,0.938541,7632415,14
0,2019395047,0.813701,7633923,15
0,1692395843,0.814900,7638912,65
0,167293001,0.862070,7641724,34
0,1780704671,0.817294,7643628,21
0,2473286729,0.910550,7645213,16
0,2542495867,0.894864,7647123,21
0,2823170377,0.940101,7649157,23
0,2591836843,1.136229,7656187,90
0,610888307,1.021736,7656793,2
0,126869003,0.931229,7658435,4
0,1485962837,1.190375,7659250,3
0,2732022443,0.980772,7660837,16
0,2618346299,1.147347,7662689,20
0,3204756991,0.915364,7663635,7
0,515591123,1.016466,7666303,32
0,1504436551,1.040677,7669612,41
0,1433017163,0.940620,7670268,3
0,510731477,0.912157,7672375,24
0,2401282733,0.853531,7672885,1
0,2970945799,0.921743,7673811,7
0,2528488381,0.978779,7677742,50
0,3860502731,0.947859,7678322,2
0,1340034317,0.981270,7682611,55
0,4256337731,0.880563,7684812,25
0,278710741,1.008267,7685314,1
0,2114371477,0.659219,7687985,32
0,1409026763,0.889391,7689337,13
0,3982483333,1.100870,7691901,30
0,608726719,0.946829,7692764,6
0,1446730189,1.097761,7697053,55
0,4150100551,1.095980,7697845,5
0,2020312631,0.921743,7698923,9
0,1312456583,0.897588,7700205,12
0,1888576187,0.848942,7701764,16
0,781803283,0.975280,7702344,2
0,900912527,0.834439,7704828,29
0,521712557,1.031723,7706818,22
0,3890193953,1.064337,7707680,6
0,2814909781,0.973276,7709543,16
0,3655820911,0.883883,7711266,18
0,3434932133,1.040677,7712061,5
0,1794520067,0.797334,7713264,11
0,489855257,0.938021,7714111,3
0,198653069,1.097761,7716500,28
0,174327817,0.880563,7719979,44
0,1524748793,0.913227,7720700,4
0,1455201577,1.095980,7724217,44
0,2782433023,0.945797,7724945,4
0,3409746497,0.781875,7726634,18
0,1722168311,0.986728,7727985,13
0,1401650071,0.846639,7730748,33
0,719482769,0.813101,7731395,3
0,1070462051,0.971267,7731987,2
0,1374946337,1.101313,7732969,8
0,2360522261,0.969758,7733834,6
0,2468073731,1.220351,7735539,18
0,3427518383,0.875000,7736890,13
0,356627657,0.883883,7741726,63
0,3352883249,0.817294,7743626,21
0,2223187411,1.109705,7744486,6
0,386323961,0.743461,7745198,4
0,1169432123,0.844907,7748146,36
0,1469148991,0.950945,7749588,14
0,89504731,1.064795,7750310,4
0,2624454347,0.925443,7750902,2
0,1548130547,0.884436,7752400,15
0,3318277343,0.925971,7753062,3
0,958968631,1.101313,7753641,2
0,1398275453,1.095534,7754303,3
0,4140155281,0.876115,7755365,9
0,3271637713,1.095980,7757062,14
0,170014057,0.756482,7757928,6
0,633426121,1.068458,7759121,11
0,569958353,0.786234,7761473,12
0,2071571813,1.095980,7762754,8
0,2900354117,1.009718,7763836,8
0,3169989829,0.925443,7764357,1
0,102183163,1.219151,7765551,11
0,1319480411,0.908403,7766341,5
0,1694364103,1.189554,7768055,18
0,3888979697,0.908940,7772485,57
0,3041976037,0.969254,7773487,8
0,1439052427,0.897044,7774273,5
0,3538705991,1.079370,7774795,1
0,919972601,1.029354,7776417,17
0,2797887461,0.766103,7778127,18
0,3134326903,0.915364,7779840,18
0,278730989,0.681078,7780413,2
0,3340328723,0.955044,7782122,18
0,630068669,1.076198,7783186,9
0,2558217643,0.946829,7789704,87
0,1582449361,1.222750,7790717,8
0,1116723791,1.253900,7791301,2
0,38045801,1.250781,7793602,27
0,2898613519,1.267456,7794398,5
0,1789582493,1.132786,7796936,30
0,626936971,1.166760,7798075,10
0,2269102307,1.021736,7800474,28
0,3569081569,0.628117,7804282,48
0,113573557,1.012133,7804854,2
0,889789427,1.077106,7805432,2
0,2231336923,1.014061,7806730,12
0,2236109471,1.066170,7807653,7
0,403976869,1.104854,7808504,6
0,1372962079,0.938541,7810002,15
0,2572091077,1.187500,7811161,10
0,1982671441,1.102642,7814813,42
0,999101801,1.040677,7815399,2
0,17247679,0.908403,7816812,14
0,1615855789,1.095534,7818218,14
0,1963084637,0.939581,7819073,6
0,2861053931,0.971267,7820523,12
0,1129825651,0.848367,7821816,12
0,1143179171,1.000976,7826574,62
0,2491039123,1.031723,7828546,22
0,3841412257,0.863202,7833658,67
0,3843035191,1.031723,7834508,6
0,2545093517,0.964203,7837335,34
0,1745304089,0.827978,7838608,12
0,1696529063,0.908940,7839619,8
0,3102313241,1.070740,7842230,31
0,1594424411,0.813701,7843303,9
0,3983230103,1.097761,7844165,6
0,1602585119,0.940101,7845937,19
0,1674013963,1.113658,7848541,31
0,2910234191,0.942176,7849545,8
0,1823239289,0.786855,7851312,19
0,3617578889,0.937500,7853090,19
0,896346629,0.963190,7854363,12
0,1397929241,0.846062,7855288,7
0,2559867773,1.053732,7859840,54
0,2903732401,1.102642,7863253,30
0,763689853,1.024123,7866124,31
0,3535039271,0.967237,7866862,4
0,3766961173,0.973276,7872335,72
0,981223681,0.813701,7872842,1
0,4016248097,0.848367,7877828,65
0,570272357,0.843171,7878616,5
0,1665547321,0.910550,7880596,22
0,2404843811,0.775605,7883403,34
0,1131670447,0.920152,7885058,17
0,4037234389,0.882225,7888929,49
0,3529022713,0.978779,7890690,19
0,1509293627,0.799169,7891995,12
0,3455466653,0.972272,7892582,2
0,2737162661,0.973777,7896816,54
0,2199221537,1.197736,7898435,17
0,2775846349,0.884436,7900479,23
0,308277727,0.985738,7901630,10
0,3313556843,0.953509,7902493,6
0,1517710111,0.880563,7905596,38
0,3030511469,0.919090,7906469,6
0,1937872201,0.964709,7907877,14
0,3285955307,0.908403,7908883,8
0,4035035891,0.994614,7909531,3
0,551924687,0.803435,7913259,47
0,239234507,0.815499,7913768,1
0,3289642303,0.813701,7916753,30
0,4020345311,0.755190,7919389,31
0,4279381369,1.035031,7920188,5
0,884725669,1.102642,7921736,13
0,146722549,0.939581,7922611,6
0,142430261,0.882225,7923669,9
0,1690470511,1.004871,7924881,11
0,2810797009,1.003899,7925675,5
0,3065203093,0.994614,7928777,37
0,15315163,0.952484,7930169,14
0,1526042051,0.827388,7931815,17
0,1198192643,0.920152,7932464,3
0,4282603537,1.105296,7933180,4
0,881329733,0.849517,7935974,34
0,318722399,0.973777,7937397,14
0,4293714739,0.971267,7939743,27
0,2993904847,0.876115,7941441,18
0,158876051,0.946313,7944456,37
0,350303147,0.883883,7945940,15
0,1893889519,0.886090,7951079,67
0,465277951,1.129332,7953343,26
0,3767552387,1.062959,7955965,31
0,3537234709,1.097316,7958714,33
0,763208431,0.971267,7960064,13
0,308206903,1.105296,7961855,15
0,1593739493,1.099538,7962674,5
0,2435959387,1.173436,7963254,2
0,1891480471,0.893772,7963916,3
0,3846744971,0.950432,7967537,30
0,1826310257,0.875558,7968439,4
0,3772576123,1.062959,7971120,32
0,2242422001,1.047225,7975971,63
0,3408883759,0.925971,7976486,1
0,3148034069,1.061581,7977835,13
0,540684509,1.006328,7979874,23
0,2856863567,1.163827,7981703,20
0,2247345409,0.713295,7982353,3
0,98004233,0.813101,7983967,17
0,1535897893,0.813101,7985383,14
0,2166705683,1.084785,7987067,18
0,2239929689,0.969254,7987849,5
0,2353686239,0.937500,7990031,25
0,61833451,1.140946,7990527,1
0,2954704667,0.938541,7991878,13
0,3467077181,0.907327,7992818,7
0,4270149991,1.135799,7993611,5
0,2512326119,1.128899,7994970,13
0,1170319177,1.009718,7998978,51
0,1013557733,0.782499,7999559,2
0,2094190807,0.842012,8000629,9
0,476393633,1.115848,8002386,19
0,2105374013,1.117160,8003411,8
0,352673429,0.908403,8006292,35
0,1880684357,1.160044,8007584,12
0,2357753939,1.193243,8012031,56
0,823357739,1.062959,8013321,12
0,933687941,0.955044,8014052,4
0,3326832967,1.039268,8016022,22
0,3241044091,0.918559,8018339,22
0,2717145271,0.833854,8022486,53
0,1723037989,0.932277,8024168,15
0,1585721143,0.945797,8027907,47
0,194264347,1.142657,8028832,7
0,3261675281,0.952484,8029614,5
0,448593077,1.033615,8031467,20
0,1909683679,1.000976,8033877,28
0,3877767797,1.033615,8035149,12
0,3969953069,1.070284,8036285,10
0,589589141,1.048623,8038326,23
0,1228089389,1.039268,8039191,6
0,2860532249,1.000488,8040736,16
0,556946077,0.925971,8043545,34
0,587294207,1.000976,8046348,34
0,1155762403,0.753248,8047548,11
0,371173783,0.921743,8049447,21
0,800306119,1.125434,8049964,1
0,630610501,1.079370,8050822,6
0,3509857457,0.914830,8054181,42
0,223039121,0.942694,8054825,3
0,3515116487,0.942694,8057629,34
0,1485028547,0.784369,8060825,39
0,3919478807,1.002438,8061473,3
0,1759474777,1.039738,8061986,1
0,666398497,0.973777,8063327,13
0,2371394099,1.115848,8065341,18
0,927350059,1.062959,8066137,5
0,2030947241,0.836193,8067768,4
0,3988413397,1.001951,8070044,22
0,717153013,0.783746,8070791,4
0,3940430701,0.789333,8072155,13
0,1566177493,0.963190,8075763,45
0,1452538943,1.031250,8076422,3
0,3210568547,0.877786,8077151,4
0,2730624709,0.954021,8078564,14
0,3326101211,0.846639,8081522,36
0,134087087,1.017426,8082581,9
0,3942624209,0.924387,8083107,1
0,481451027,1.070284,8084048,7
0,2036120561,1.080726,8084703,3
0,2791438831,1.144365,8085792,9
0,1039343017,0.713295,8088128,27
0,1222145567,0.923330,8090515,28
0,2656380217,0.888841,8091995,15
0,2684448103,1.032197,8092716,4
0,1545115997,0.622652,8095946,40
0,3240480973,0.849517,8099024,38
0,4241187151,0.836777,8099541,1
0,3745134259,0.981270,8100198,3
0,3559102537,0.864332,8105190,65
0,2851151089,1.202618,8106187,8
0,4115612707,0.948374,8109016,34
0,3689637871,0.781875,8112265,40
0,2538141289,1.012133,8115288,37
0,4138754209,0.986728,8115798,1
0,3411248147,0.884988,8117006,11
0,945749347,0.981767,8118797,14
0,3515438671,0.981767,8120361,10
0,946959439,1.066170,8121948,15
0,3762334607,0.716027,8124975,37
0,2582263139,0.914830,8127496,27
0,2908642883,0.977281,8128862,13
0,155106121,1.000976,8131595,33
0,1019735819,1.068458,8132882,12
0,3313093801,1.066170,8133824,7
0,4193645999,0.914830,8139111,69
0,3861119887,0.972774,8143744,60
0,1417339397,0.937500,8144752,8
0,761034289,0.938021,8147006,26
0,790431073,1.167178,8147647,3
0,1340114873,0.799169,8149131,15
0,1330239121,1.024123,8150549,14
0,2737384313,1.043020,8152240,18
0,4269553741,0.984747,8152965,4
0,1573453627,0.906789,8155347,27
0,3094056379,0.822653,8156212,6
0,1923084577,0.843750,8159943,47
0,4197768793,0.875558,8162052,24
0,2631647339,1.023646,8162635,2
0,3706214003,0.971267,8163565,7
0,297506549,0.858096,8164632,9
0,3039877847,1.084785,8165426,5
0,1722415319,1.035031,8167089,13
0,552314699,0.787475,8168682,16
0,1867108387,1.162987,8170492,5
0,1041295889,1.064795,8177574,93
0,3307258679,0.988706,8178222,3
0,4089730529,0.964203,8181538,41
0,4060780891,1.084785,8184504,36
0,2577953341,0.839108,8186139,17
0,3772899289,1.035974,8187211,9
0,1335638237,0.884988,8189200,22
0,9578677,1.017906,8192882,47
0,1157651269,0.774345,8194844,22
0,2117447569,1.033142,8197026,25
0,2327985019,0.693159,8198372,13
0,3662996971,0.995105,8199446,9
0,2626325077,1.099538,8208613,125
0,1971553637,0.855246,8209267,3
0,2614660157,0.964203,8210336,9
0,273468493,1.004871,8211325,8
0,4096905811,1.146496,8215342,51
0,1392597623,0.784369,8216699,13
0,2272251833,0.866589,8221612,58
0,2072353741,0.997556,8224606,36
0,1452251093,0.945797,8227840,37
0,564680033,1.017906,8230991,39
0,304306433,1.017906,8231969,8
0,2736750563,0.906789,8233046,9
0,2610343661,1.038798,8238737,75
0,2786156183,0.750651,8239943,11
0,3893102491,0.923330,8240935,8
0,3261575113,1.017906,8246055,67
0,615544519,0.755190,8248021,22
0,1564743457,0.969758,8249076,9
0,2468822071,0.986728,8249735,3
0,4010637091,0.993141,8252483,33
0,3968660713,0.880008,8255799,41
0,609622903,0.939581,8257220,14
0,1886149673,1.008267,8259120,21
0,2139054241,0.955044,8262841,47
0,3909829757,1.035974,8264409,16
0,3540628849,0.813701,8266046,17
0,1841207099,0.983258,8268105,23
0,3047786321,0.757128,8272508,39
0,374520127,0.776234,8273936,10
0,2154985627,0.958616,8274547,2
0,607667647,0.916963,8275755,11
0,791701627,0.786855,8278307,30
0,2567638211,0.849517,8279791,15
0,1722496147,1.050019,8280726,7
0,618378983,1.001951,8281943,11
0,2420208731,0.707797,8283560,17
0,1156136209,1.129332,8285336,19
0,1827632293,0.832682,8287813,29
0,4182291629,1.004871,8288395,2
0,3174985949,1.088828,8289128,4
0,2882660773,0.911622,8290060,7
0,1842929191,0.925971,8290723,3
0,3576256987,0.789333,8295144,57
0,59830171,0.820275,8297463,27
0,2160650201,0.843171,8298459,8
0,464080559,0.981270,8302197,47
0,3181181713,0.913227,8305089,35
0,3086530961,0.970764,8307481,28
0,503055307,1.135799,8308622,10
0,1330726871,1.069828,8309422,5
0,3453509989,0.916963,8310281,6
0,3052970131,0.897044,8311279,8
0,1632839603,1.009718,8312415,10
0,1047581137,0.891584,8314044,17
0,1045038277,0.825615,8317132,38
0,2034944533,1.009718,8320282,39
0,2948904281,0.723490,8322198,21
0,637131101,1.082983,8323657,11
0,1019066369,0.822059,8325789,22
0,2746412621,0.925971,8327215,14
0,3318813601,0.855246,8327933,4
0,1205826593,0.839108,8329007,9
0,2014630589,0.986728,8330319,10
0,148228331,0.928078,8334953,60
0,718063529,0.880563,8336436,15
0,10862231,0.876115,8337412,8
0,3036984569,0.796722,8338771,13
0,641344103,0.946313,8342156,42
0,799044079,1.033615,8343365,11
0,1567912747,1.054196,8343950,2
0,2565909881,0.970764,8344815,6
0,476584181,0.787475,8347547,33
0,1729116547,0.814900,8348823,12
0,1796720641,1.105296,8349393,2
0,284800931,1.097761,8352844,43
0,3987873059,0.880563,8353931,9
0,1055544277,1.033142,8354862,7
0,3584453263,1.035974,8355862,8
0,860605649,0.852959,8358041,25
0,1257707069,0.981270,8359117,9
0,2258501417,0.815499,8361097,22
0,1163054957,0.880563,8361680,2
0,468717383,0.941657,8363028,13
0,1287093013,0.906250,8363683,3
0,1524090497,0.907327,8364545,6
0,2274590933,1.129332,8367206,32
0,3213956261,0.945797,8368765,16
0,563557231,0.822059,8369275,1
0,2216147509,1.007782,8371326,19
0,746309147,0.884436,8375297,36
0,4184605129,1.031723,8377927,29
0,1604650283,0.911622,8378738,5
0,222247219,0.793652,8379522,5
0,3680205047,1.099094,8383047,44
0,189940781,0.858664,8383829,5
0,1451971687,0.990186,8386015,25
0,4175081653,0.884436,8387154,10
0,3720811337,0.910550,8388081,7
0,2319916927,0.985243,8389996,21
0,1041902359,0.793652,8391638,17
0,156322721,0.756482,8393314,18
0,3117746453,0.784369,8394802,15
0,228154343,0.911086,8395518,4
0,2368606147,1.064337,8397215,18
0,531990887,0.879453,8399473,26
0,1634559523,0.908403,8401650,25
0,3236426987,1.039268,8403348,18
0,4043070589,1.066170,8404354,8
0,2830246583,1.082983,8404932,2
0,532603213,0.919621,8405727,5
0,3782029189,1.090173,8407981,26
0,784089287,0.971267,8410017,23
0,1337410307,0.958616,8412335,27
0,2849816953,1.059739,8416851,58
0,1176324001,0.736201,8419530,32
0,2938200977,0.860369,8420247,4
0,415180921,1.021736,8421046,5
0,914149783,0.927551,8421981,7
0,3642698113,1.192833,8422774,5
0,4104749009,0.983258,8424194,14
0,637977257,0.884988,8424767,2
0,448881319,1.131060,8426570,13
0,64638269,0.969758,8434748,107
0,3542799577,0.813101,8437507,33
0,4127127611,0.876115,8438656,10
0,4180119791,1.037387,8439666,8
0,17320243,1.015505,8441208,16
0,2534356697,0.942694,8443470,26
0,2711544841,1.099538,8444392,7
0,743666069,0.952997,8444907,1
0,3383787437,0.880563,8445423,1
0,11396351,0.849517,8445989,2
0,3863750173,0.880008,8447887,21
0,1150683173,0.849517,8451180,41
0,536031787,0.984747,8452392,11
0,1532637599,0.844329,8455572,39
0,1338676967,0.796722,8457553,22
0,3799550747,0.942176,8461399,49
0,779825153,0.851240,8462877,15
0,289326337,1.000488,8465059,25
0,2090306957,0.781875,8469068,51
0,3748635113,1.032197,8470918,20
0,215736463,0.952484,8474399,39
0,3532998347,1.010685,8476262,20
0,831856843,0.914830,8478058,3
0,2259958301,1.014061,8479160,7
0,682979683,0.846639,8480158,8
0,4043584933,0.815499,8485345,68
0,2873327617,0.691042,8485915,2
0,1957876171,0.864332,8488026,24
0,1027134863,1.073928,8488608,2
0,2988643769,1.103085,8490024,14
0,2195271821,0.796722,8492771,33
0,181957333,0.873883,8493412,3
0,3379040129,1.269381,8496230,34
0,2004450337,0.970764,8497366,10
0,2122513891,0.854103,8499631,26
0,4173558083,0.977281,8500491,6
0,3079383779,0.818488,8501432,7
0,2999896657,1.019344,8502010,2
0,1617782627,0.903552,8502591,2
0,4289994757,0.797334,8503739,10
0,3850120669,1.125000,8505938,25
0,3183763397,1.038798,8510239,55
0,2463311579,0.880008,8512008,19
0,2820521273,0.980772,8515239,40
0,3984307421,1.009718,8515839,2
0,3314954549,0.817891,8519837,51
0,2335124117,0.719429,8521539,18
0,454300997,1.007782,8522314,5
0,2830058431,1.163407,8523038,4
0,1838422393,1.050483,8523547,1
0,4128658571,0.814900,8524683,10
0,431886869,0.904092,8526511,20
0,1766117467,0.878342,8528722,21
0,45618257,0.880563,8531055,27
0,2575013563,0.946313,8533946,32
0,737054051,0.796722,8534544,2
0,2278554923,1.113658,8535066,1
0,771824737,0.939581,8536190,10
0,3499638383,0.855246,8536783,2
0,1494501859,0.884436,8537639,6
0,3130081061,0.945797,8541103,43
0,741383681,1.033615,8541949,6
0,526369709,0.846639,8543298,13
0,604111553,0.817891,8544340,9
0,850892099,1.035974,8544925,2
0,165145289,1.031250,8545568,3
0,3283571147,0.877229,8546289,4
0,1314293819,0.879453,8547701,14
0,2675291263,0.852959,8551043,41
0,2127246491,0.946313,8551775,4
0,2784760547,0.942694,8552913,10
0,2655097769,0.705032,8556274,42
0,3797419357,1.102642,8557960,18
0,3025896649,0.973777,8559093,10
0,2502413477,0.911622,8563863,62
0,592255597,0.972774,8564794,7
0,692106419,0.848367,8568110,41
0,3736819217,0.882225,8568838,4
0,3668404771,1.105296,8571829,36
0,1955658179,0.971267,8575260,43
0,1441527887,0.849517,8576677,9
0,374575381,0.911086,8577553,6
0,749638573,0.866589,8583490,61
0,1719908383,0.783746,8584330,3
0,4249788307,1.023646,8585136,5
0,1022147431,0.822059,8595268,139
0,1268336879,1.033142,8596893,17
0,2741801011,0.696672,8598247,13
0,180902317,0.993632,8599302,9
0,2203997567,0.829745,8600940,17
0,1936162673,0.871085,8603889,36
0,4034378191,0.908403,8604765,6
0,2106092459,0.844907,8606884,24
0,776699359,0.791804,8609779,35
0,2050225409,0.942694,8611123,13
0,1414231433,0.958107,8611978,6
0,3260185333,0.978779,8612842,6
0,1072941227,0.820870,8613782,7
0,3028341677,0.855816,8615963,25
0,3715185977,1.090173,8619134,39
0,3088345609,0.950945,8620768,17
0,3192635423,1.168432,8623374,31
0,1189085699,0.858096,8624148,5
0,3515630047,0.934370,8625355,11
0,4078931819,0.940101,8625876,1
0,349355827,0.876115,8631440,69
0,3432275347,0.942694,8632324,6
0,2900708039,0.884436,8632913,2
0,3290897011,0.972774,8634404,15
0,1483050061,0.793036,8635195,5
0,519149563,1.064795,8636645,12
0,3378347213,0.908940,8637314,3
0,473236657,1.064795,8638297,8
0,3352958087,0.889391,8639293,8
0,2257820183,1.002438,8641193,21
0,3837341513,0.813701,8641982,5
0,939569329,0.882225,8645130,39
0,1690729247,1.054659,8646411,12
0,3248074469,0.947859,8648468,23
0,4003103959,0.817294,8649259,5
0,3691143857,0.942694,8654375,67
0,573047957,1.033615,8656073,18
0,426687799,1.063419,8658607,30
0,3221223259,1.012133,8662076,43
0,468273539,0.940101,8662726,3
0,186072113,0.975280,8664635,21
0,2527465169,0.969254,8665142,1
0,4208944379,0.822653,8668320,39
0,2039706239,1.132354,8670800,29
0,1738410881,1.095980,8671443,3
0,105016013,1.035031,8672562,10
0,1529174083,1.008267,8673846,12
0,3992830999,1.115411,8674851,8
0,915786271,1.168432,8678311,39
0,3149082977,1.031250,8679827,15
0,1779026759,1.213933,8688824,98
0,1233613093,1.086584,8692912,48
0,169745777,1.225143,8693900,8
0,1399392751,0.970764,8694689,5
0,2893612643,0.891036,8698408,47
0,1173718523,1.158360,8701237,34
0,1950003551,1.068458,8701759,1
0,3437947427,1.195695,8703828,23
0,73242839,0.880563,8704605,5
0,2461825577,1.043488,8705822,11
0,1518332689,0.872205,8707173,13
0,3981120589,0.923859,8708037,6
0,4282663211,0.854103,8710569,30
0,2226942227,0.925971,8713794,40
0,316976551,1.195695,8716271,29
0,1941286159,0.760987,8717970,18
0,2298895691,0.915364,8720500,30
0,3692983223,0.908940,8721019,1
0,1203175291,1.098205,8721615,2
0,2877519061,1.073928,8722690,9
0,994323037,0.973777,8724541,20
0,2160408037,0.854103,8725533,8
0,3905194451,1.064795,8726182,3
0,1415314321,1.162987,8726847,3
0,71055113,1.066628,8727547,4
0,2050645279,0.880563,8729176,17
0,1917679661,0.983258,8731160,22
0,2942572277,0.889391,8733271,24
0,24624503,0.796722,8733782,1
0,614675513,1.015985,8736104,27
0,1619896639,0.836777,8736980,4
0,2008639261,1.019344,8737811,5
0,131275433,1.009718,8740055,26
0,2089236047,0.690335,8740570,1
0,451034861,1.195695,8741149,2
0,2041675357,0.884436,8742603,12
0,3785684923,0.877229,8743348,4
0,4010809129,0.877229,8744488,10
0,3203740091,0.877229,8747048,30
0,3231769823,0.908940,8747978,7
0,2956507847,1.038798,8748699,4
0,1185868427,0.756482,8749428,4
0,2045462047,0.858096,8751335,21
0,1760108927,0.883883,8755203,49
0,1830914153,0.858096,8756123,7
0,1684679419,0.811899,8759509,42
0,2248348591,0.955044,8760919,14
0,838229521,0.707797,8762607,18
0,4250789251,0.944247,8763203,2
0,4104055223,0.863202,8764722,15
0,520003753,0.981270,8765367,3
0,1178896727,1.043020,8766080,4
0,2893254601,0.945797,8767914,20
0,2692062883,1.117160,8770795,35
0,636102977,0.787475,8774578,48
0,2078509093,0.797334,8775852,12
0,95657213,0.919621,8776427,2
0,1177614883,0.950945,8777221,5
0,191585413,1.166760,8777932,4
0,2719347833,0.719429,8778510,2
0,4199368109,1.077106,8779092,2
0,1439302831,0.849517,8779879,5
0,1707894599,0.875558,8782703,29
0,1077224509,0.836777,8784673,7
0,3467220511,1.033142,8788037,39
0,3160258271,0.920152,8789209,10
0,2458046741,1.175100,8790627,14
0,3080963833,1.258176,8791222,2
0,525888007,0.880563,8792699,15
0,2925372493,1.001951,8793289,2
0,2423158789,0.725512,8797130,49
0,2427881999,0.972272,8798472,13
0,1869863273,0.745429,8799831,13
0,2773916527,0.727528,8800912,9
0,3680259763,1.171771,8802055,10
0,3174519787,1.288849,8803062,8
0,1914976823,1.228725,8803988,7
0,115919269,0.971267,8805666,18
0,2913781313,0.758416,8806466,5
0,150014017,1.074382,8807025,2
0,1370257303,0.889391,8808028,8
0,3163967803,0.944247,8811479,43
0,3302700001,0.925971,8811991,1
0,1779309247,1.085235,8814824,34
0,2665193957,0.930180,8815480,3
0,3225102431,0.846639,8817757,26
0,1996886461,0.919621,8819866,24
0,961343239,0.783123,8821702,20
0,3541752959,0.955044,8822722,8
0,2522322653,1.061120,8823307,2
0,1774881557,0.939581,8824793,15
0,1634603699,0.884988,8825857,9
0,493008251,1.004871,8826854,8
0,293200693,0.876115,8832248,71
0,326723741,1.094643,8833395,10
0,237469669,0.977281,8845883,165
0,1122123707,0.858664,8847545,17
0,220466123,0.879453,8849449,21
0,284786053,0.855246,8850727,12
0,3423687013,1.142229,8851649,7
0,3505260547,1.002438,8852151,1
0,1943408777,0.805862,8855859,47
0,2867998579,1.000976,8857842,22
0,853575053,0.888841,8858414,2
0,4131663401,0.846639,8859345,7
0,356342099,1.043488,8862504,39
0,3277772819,0.820275,8863786,12
0,599143199,0.897044,8865062,12
0,2632709147,0.877229,8867551,29
0,2000181571,0.968750,8868201,3
0,2762299381,0.877786,8870171,22
0,1486591279,0.915364,8873853,46
0,841475849,0.787475,8877699,49
0,2407055437,0.820275,8880308,31
0,1654448251,1.162987,8881515,11
0,97016971,1.024123,8882574,9
0,310022551,0.818488,8884275,13
0,4081213303,1.067086,8886827,18
0,1799706487,1.152443,8888885,16
0,3583960279,1.064337,8889447,1
0,623565377,1.000488,8891058,17
0,1791985333,0.946313,8893176,24
0,4248733919,1.043020,8896629,43
0,305453237,1.101313,8898609,22
0,2562887233,1.106621,8904696,81
0,2630420033,0.827388,8907307,31
0,1483287131,0.854103,8909511,25
0,3144268423,0.716709,8911489,22
0,3456796033,0.907327,8912546,9
0,214772711,1.040677,8914581,23
0,3791897453,0.882225,8916555,22
0,1470293857,0.940101,8917483,7
0,3713330449,0.940620,8920105,31
0,2486323051,0.872205,8924317,54
0,800151049,0.879453,8925315,8
0,2995846351,0.958616,8929654,55
0,4129321219,0.910550,8933599,50
0,855032603,1.078917,8935578,22
0,3628135681,0.988706,8937607,23
0,3900943031,1.108825,8938469,2
0,2496201139,0.791187,8940954,29
0,1035108757,0.999023,8945189,52
0,1174438543,0.938021,8946613,14
0,464072177,1.043020,8947196,2
0,3038829383,0.989199,8948124,7
0,463039141,0.860369,8949394,12
0,2490366799,1.074382,8950552,10
0,368210993,1.063419,8952813,26
0,2406107309,0.882225,8953817,8
0,4053055627,0.849517,8957910,52
0,3879062959,0.877229,8959691,19
0,1596867427,1.064795,8961197,15
0,2430334079,0.873324,8963740,30
0,579329287,0.916963,8964941,11
0,2051662033,0.817294,8969686,62
0,62142959,1.091963,8970264,2
0,7406479,1.069828,8971855,17
0,3502010909,1.001951,8973964,24
0,3244248899,1.098205,8975587,17
0,2279246653,0.942694,8977985,28
0,1550503699,0.813701,8978714,4
0,1842250177,0.978779,8981731,37
0,2877956989,0.939581,8983290,16
0,1011365183,1.085235,8991376,89
0,728437993,1.048623,8996319,60
0,158406389,0.705032,8998871,30
0,3807343153,0.886090,8999384,1
0,52920113,0.758416,9000947,16
0,3796041593,1.035503,9002366,14
0,2421516707,0.915364,9004137,19
0,4025073211,0.875000,9006971,34
0,3366929443,0.977780,9008474,15
0,3126414997,0.944247,9012685,52
0,3630185227,0.975280,9013365,3
0,796335997,0.907327,9014024,3
0,1222665623,0.786234,9015992,22
0,3353064023,1.132354,9016580,2
0,2700142051,0.924387,9017732,10
0,629510873,0.750651,9019556,20
0,1427998543,0.923330,9020485,7
0,1011110561,1.040677,9022749,26
0,1910357327,1.035974,9024174,14
0,2295473659,1.035031,9024830,3
0,3128260999,0.942694,9025486,3
0,3185746931,1.012133,9026291,5
0,1520528369,0.906789,9027220,7
0,2875812931,0.877786,9030372,39
0,559120613,0.973777,9031079,4
0,1338987877,0.886090,9032222,10
0,3830727871,0.933847,9033289,9
0,552417209,0.944247,9033807,1
0,2664268301,1.071652,9035358,16
0,4147595971,1.105296,9036794,14
0,1540891229,0.793652,9039332,30
0,1628345183,0.844329,9041456,24
0,2199666509,0.952997,9042180,4
0,1986838993,0.860369,9042991,2
0,1207994561,0.944764,9044126,10
0,3832068707,0.972774,9045133,8
0,3408631129,0.932801,9047243,24
0,2564894429,0.817891,9050352,36
0,2964721999,0.880563,9052260,21
0,1901951431,1.031723,9054731,29
0,3588435911,0.797334,9056987,26
0,4263541069,1.037387,9059119,24
0,4164034981,0.969254,9065904,91
0,28300927,1.120651,9066614,4
0,1471627901,0.848942,9071617,65
0,209183339,0.981270,9072546,7
0,2716058287,1.084785,9073406,6
0,3686951693,0.818488,9074482,9
0,3856755173,0.899761,9076880,28
0,740329423,0.978280,9079404,30
0,2489698529,0.711238,9081818,28
0,4046164147,0.863202,9082607,5
0,212831309,0.969254,9084940,27
0,41363117,0.894864,9085437,1
0,137760247,1.031250,9088459,33
0,2861076067,1.094643,9092535,35
0,4020266909,1.038798,9093544,1
0,2229523063,0.911622,9094808,8
0,2154399881,1.062500,9097596,33
0,1017396571,0.894864,9103555,79
0,3937938857,0.988706,9104622,9
0,3479108723,0.891584,9105570,7
0,3065933279,0.719429,9110739,67
0,2472884497,0.999023,9112929,25
0,4093234063,0.758416,9119263,83
0,3398665883,0.942694,9120261,8
0,2855243953,1.156250,9121462,11
0,3118658929,0.968750,9125037,45
0,1373906011,0.895409,9126238,11
0,429103729,1.000976,9127018,5
0,2131616237,1.158360,9128370,13
0,3126495233,1.194470,9129782,14
0,454854353,0.991172,9130838,9
0,1999711331,1.002438,9131349,1
0,3808767401,1.082983,9132913,16
0,726119633,1.000976,9133629,4
0,2435558201,0.877786,9138397,62
0,3393198233,1.098205,9139882,15
0,867188449,1.014061,9141430,16
0,84808739,0.718750,9142336,7
0,1884082181,0.864897,9146385,46
0,2165330093,0.986728,9147538,10
0,3507702109,1.006328,9149305,19
0,2853840833,0.760987,9149814,1
0,2098502531,0.907327,9151404,14
0,3619327577,1.094196,9152989,16
0,950270677,0.956577,9157924,64
0,983087761,0.983258,9159193,12
0,3082142537,0.914830,9159848,3
0,499607789,0.910550,9161608,19
0,2756805763,1.158360,9163159,16
0,1753828889,0.784369,9164855,18
0,2457014701,1.012616,9168506,46
0,3355406969,1.032197,9169237,4
0,3180857467,0.925971,9172882,46
0,3540723337,0.866589,9178619,76
0,3956815253,0.757128,9179141,1
0,3216497957,0.820275,9180289,10
0,663273623,0.939581,9181976,18
0,3858202457,1.008267,9182637,3
0,2881405001,0.815499,9183640,8
0,3184858991,0.877229,9185485,20
0,3151471861,0.981767,9187893,28
0,1569501877,1.156250,9194815,73
0,1079609567,0.908940,9196683,16
0,1430730401,0.782499,9197550,6
0,873897467,1.102642,9199175,17
0,637888609,0.942176,9200088,7
0,425885569,0.811899,9202884,34
0,1984192801,0.914830,9205548,32
0,724987937,0.908940,9208982,43
0,169022639,1.037387,9211318,27
0,3528898613,0.956577,9212530,11
0,1841322367,1.039268,9213115,2
0,2583815321,1.056047,9214666,16
0,581037763,0.848367,9215243,2
0,2154118037,0.978779,9215825,2
0,2120967383,0.927551,9216767,7
0,3641556923,0.743461,9218129,13
0,2582735653,0.687500,9219058,7
0,2477248853,1.099538,9225218,82
0,3474365371,0.786855,9225744,1
0,3700110343,1.018386,9228482,33
0,2838054763,0.776863,9229764,12
0,2648813491,0.987223,9234339,59
0,4230236573,1.001951,9235274,7
0,2414676709,0.928078,9236843,16
0,892597421,0.864332,9239386,30
0,489812429,1.100870,9241217,20
0,2434976447,0.956577,9248960,100
0,548609851,1.002438,9253441,55
0,1366803673,1.033142,9255909,29
0,2080277593,0.849517,9257120,11
0,310545173,1.078917,9259701,31
0,2296918111,1.004871,9263500,48
0,1562533213,1.063419,9267567,52
0,2693578331,0.940620,9269538,22
0,2899652269,0.858664,9273895,56
0,2278463339,1.129332,9286832,179
0,252528229,0.938021,9287615,5
0,3257710811,1.031723,9288132,1
0,1016353103,1.073928,9289540,14
0,2046886999,0.729539,9290467,7
0,2026288679,1.054196,9293434,31
0,1612950193,0.877786,9296783,29
0,972836351,1.126735,9297698,3
0,2045534297,0.886090,9298426,4
0,3202810231,0.766103,9300366,19
0,2718753839,0.906789,9302138,19
0,842318513,0.947859,9302713,2
0,448849697,0.956577,9304747,23
0,2558429009,0.950432,9306379,17
0,3774310999,1.201399,9309543,39
0,2974203943,0.975280,9314126,59
0,528217559,0.950432,9315620,15
0,112229357,0.851240,9316409,5
0,2139998893,0.862070,9321691,69
0,1408978723,1.035974,9323195,15
0,655455551,0.983258,9324262,9
0,2173748953,1.025552,9325462,11
0,184926659,1.050483,9326236,5
0,3859044307,1.095980,9327929,18
0,3896304457,0.938021,9328647,4
0,1702224647,1.135799,9329925,12
0,763925179,1.048623,9331336,14
0,2902798387,0.872205,9332827,15
0,2869665343,0.908940,9335167,27
0,2155261697,1.062500,9337358,25
0,2186197417,0.911622,9338697,13
0,2329698463,0.915897,9339641,7
0,3595414387,0.933847,9344021,56
0,49351157,1.002438,9345002,8
0,132999379,1.079370,9346208,11
0,2340404333,1.002925,9350311,48
0,586305053,0.940101,9353430,38
0,1739506957,0.925971,9356063,29
0,3267449599,0.814900,9357146,9
0,4269141581,1.104854,9358991,20
0,2048420303,0.879453,9360477,15
0,1551573403,1.071652,9361129,3
0,2604709871,0.978779,9361723,2
0,1177582811,0.950432,9362582,6
0,339276433,0.860369,9364406,20
0,3902481959,1.071652,9365201,5
0,3480271111,0.913227,9367938,33
0,225710321,1.001951,9368431,1
0,1845150443,0.852959,9369853,14
0,3511323637,0.977281,9370720,6
0,625128143,0.950432,9373948,40
0,1528712813,1.037387,9375226,12
0,1422063499,0.916963,9376157,7
0,3246237517,0.945797,9376881,4
0,1957488451,0.908940,9377817,7
0,1499134339,0.915364,9379580,19
0,255146513,0.913227,9380296,4
0,1719038969,0.880008,9382898,31
0,4161691427,0.796722,9383896,8
0,2072887153,0.950945,9384415,1
0,2465020627,0.973276,9385578,10
0,1131173777,0.942694,9386641,9
0,1801798951,0.817891,9387499,6
0,18439979,1.033142,9389589,24
0,571960229,1.071652,9395250,70
0,2381992337,0.940101,9396132,6
0,154880441,0.659960,9401047,50
0,2410296263,1.071652,9401997,3
0,3629448593,1.001951,9404051,23
0,2108652653,1.004385,9404861,5
0,3285735247,0.848942,9405584,4
0,3604461257,0.908403,9406741,10
0,972375953,0.928078,9408154,14
0,582195869,0.948374,9412075,50
0,1714305773,0.791804,9415373,41
0,1799094043,0.936979,9416738,13
0,920952523,0.975280,9418363,17
0,564568289,1.004871,9420537,25
0,423405449,0.993141,9421039,1
0,172432573,1.086584,9423418,28
0,2592759973,0.817891,9424419,8
0,3555806533,0.846639,9425492,9
0,1845357557,0.952997,9428225,31
0,900626003,0.766103,9429880,17
0,1618654127,0.712610,9431369,15
0,8219339,0.815499,9432621,12
0,2088578377,0.659219,9438444,77
0,2120919293,0.938541,9441969,44
0,2109353447,0.846639,9443332,13
0,1725772129,1.033142,9444760,14
0,2214409837,0.884436,9445971,11
0,3564586541,0.817294,9447047,9
0,1586732491,1.095534,9447985,7
0,3271671943,1.095980,9448487,1
0,2004510617,1.129332,9452492,44
0,1863369637,0.894318,9455401,35
0,2146584949,0.815499,9457758,24
0,3648865049,1.006328,9458279,1
0,4000498213,0.781875,9458796,1
0,1409332651,0.911086,9459369,2
0,1358455223,0.796722,9460158,5
0,2964245929,0.908940,9461153,8
0,1613797399,1.067086,9461731,2
0,746721791,0.886090,9463001,12
0,2334045577,1.064795,9464552,16
0,2822176967,0.960652,9466523,22
0,231464579,0.942694,9467863,13
0,866992183,0.970764,9469133,12
0,2450420033,0.993632,9471301,25
0,3189287083,1.035974,9472993,18
0,1622931377,0.907327,9476725,47
0,4185938047,1.003899,9478497,19
0,3232901143,0.983258,9481861,42
0,2734870739,0.858096,9485640,48
0,205273927,1.101313,9488727,38
0,3818678111,0.858664,9490297,16
0,4270722193,0.924387,9493513,40
0,2261283491,1.099538,9494368,6
0,392038847,0.813101,9494948,2
0,2178686407,0.805862,9496291,13
0,3009596419,0.738188,9497502,7
0,3954172921,0.783746,9498748,11
0,2554460071,0.972774,9501866,24
0,1572422567,0.970764,9503402,12
0,393717419,1.108825,9505328,21
0,458078567,0.913227,9507322,22
0,3086887883,1.029829,9509381,23
0,2095976677,0.911622,9510657,12
0,1325918527,1.110145,9511384,4
0,1150326799,0.891036,9512795,14
0,356187353,0.875558,9515605,34
0,3567046843,0.940101,9516124,1
0,1859618107,0.736201,9519631,44
0,3642705887,0.899761,9520850,11
0,2294909857,1.067086,9523041,25
0,929003113,0.887192,9524467,14
0,3606528799,0.888841,9525194,4
0,3280705343,0.942694,9525920,4
0,2535465641,0.880563,9529497,45
0,3079600471,0.983258,9531974,29
0,2584117769,1.078012,9532965,8
0,856016333,1.027930,9535301,27
0,2903586233,0.802219,9536155,6
0,1970057611,1.014061,9536668,1
0,531636311,0.694566,9538367,18
0,687294463,1.140946,9539094,4
0,2358345403,1.139661,9539888,5
0,710002477,0.908940,9540682,5
0,559772197,0.940101,9541334,3
0,634590349,0.946829,9543516,25
0,1905875149,0.976781,9544983,14
0,3650266817,0.903552,9545684,3
0,1777421731,1.001951,9546482,5
0,2070756277,0.965215,9547209,4
0,97856911,0.894318,9549195,22
0,3870328109,1.062959,9550765,16
0,484211081,0.963190,9552596,20
0,1596678757,0.880563,9553352,1
0,1051936297,1.048157,9554715,13
0,1222574921,0.921743,9555288,2
0,3835135379,0.911622,9556911,17
0,117742861,0.784369,9558606,16
0,2090456897,0.911622,9560534,21
0,10926341,1.008267,9563108,31
0,87475207,0.886090,9568992,78
