agent_id,prime,g,timestamp_us,checked_since
1,3548908009,0.997066,0,6
1,3624827443,0.988706,3292,37
1,4273371989,0.906789,4166,6
1,3522180163,0.991172,5298,10
1,2017658473,0.884436,7131,20
1,1534053151,0.884436,8506,13
1,1598017037,0.996576,10430,21
1,3797126533,0.982762,15627,64
1,3245057183,0.973777,17799,12
1,3610059643,0.877229,19654,18
1,150849319,1.033615,21590,21
1,4038836377,0.956066,22794,11
1,178863299,0.919090,24755,22
1,1332248003,0.994123,32276,101
1,2191804663,0.901929,34600,27
1,1343491913,0.820275,35306,4
1,1408388011,0.957597,37977,32
1,872918803,1.010685,39109,10
1,2636838047,0.999023,40392,12
1,330840479,0.962175,41398,8
1,1841127143,1.024123,41920,1
1,2059039261,0.965215,47672,75
1,939285839,1.048157,48554,6
1,3905239939,0.988706,50811,26
1,1488973579,0.962175,51608,5
1,1064282743,0.904632,53041,14
1,146545691,0.952997,53547,1
1,858936779,1.004871,54124,2
1,76813501,0.958616,55459,13
1,1291600703,0.977281,56670,11
1,2409371851,0.871085,59830,39
1,284296787,0.910550,61455,17
1,1483947133,1.068458,65257,48
1,3243489091,0.975280,66047,5
1,1823244391,1.029829,67954,21
1,4252327127,0.960652,69104,8
1,4246817017,0.935414,73038,50
1,187684933,0.988706,74390,11
1,2828898859,0.970764,78625,54
1,3999967259,1.020302,82283,46
1,406624549,1.004871,83409,10
1,692352361,1.035031,85304,21
1,297386701,1.012133,86086,5
1,4122377359,0.980772,90162,52
1,2182549819,0.962683,90817,3
1,2093462999,1.012616,93084,26
1,1712778763,0.946313,96741,46
1,1046697539,1.068458,98433,18
1,1936640047,0.981270,101113,32
1,1023695303,1.027455,102812,18
1,888077299,1.111464,103479,3
1,3583605283,0.965215,105476,22
1,416741579,0.997556,106959,15
1,2715332857,0.911622,109015,23
1,3024119701,0.815499,110721,18
1,3049610197,1.083884,113259,30
1,2430553351,0.982762,114953,18
1,2947477073,1.006813,117397,24
1,3040186361,0.928078,119045,17
1,2209270967,1.036916,120942,7
1,1626949837,1.039738,122062,8
1,4188888439,0.925443,123148,9
1,292696543,0.891584,124784,17
1,2523234437,0.931753,126596,19
1,3105229957,0.903552,128498,21
1,454547749,1.043488,132646,53
1,3674684891,0.955044,135333,32
1,470350511,0.936979,136551,11
1,170688541,0.962175,137534,8
1,2596883743,1.034559,140004,29
1,2770290013,0.884436,140933,7
1,3811003397,1.057433,141647,4
1,1152961213,0.878342,143563,21
1,393215827,1.118907,146386,34
1,8502127,0.905711,147014,3
1,1718581819,0.888841,149722,32
1,4147261141,0.858096,150655,7
1,1090790819,1.105738,152831,25
1,1345941503,1.024123,154198,13
1,2785011199,1.007782,154866,3
1,1296868231,0.928078,157556,32
1,3322036243,0.872205,158330,5
1,1980200207,1.046758,159128,5
1,522922999,0.980274,161953,34
1,1960193783,0.929655,163803,20
1,644575643,1.169685,164384,2
1,1075536701,0.994614,166072,18
1,1902758017,0.843750,169018,36
1,667205837,1.050483,169528,1
1,4193133163,1.031250,174046,52
1,10364149,0.988706,177043,34
1,749212747,0.977281,179129,23
1,2585460569,0.954533,179724,2
1,2538665413,0.913227,181766,23
1,479550217,1.035503,183397,17
1,477870013,1.035974,184679,12
1,4115008957,0.944764,187985,41
1,726131603,0.957597,188844,6
1,3659302133,0.984747,192144,41
1,1345681543,0.877229,193075,7
1,1628725561,0.938021,193932,6
1,2268981359,0.997066,195145,11
1,2487776891,1.073928,196357,11
1,391591021,1.062959,198695,27
1,1182722999,1.081629,199573,6
1,3908257027,0.948374,200714,10
1,1204433147,0.946313,204112,42
1,3800175251,0.960652,206574,29
1,63426053,1.013098,210563,51
1,1520732033,0.886090,211691,10
1,2502201227,0.981270,212339,3
1,4280644009,0.982762,213567,11
1,1519493653,0.802219,214210,3
1,2823395101,0.944764,217715,44
1,1776990119,0.940101,218980,7
1,2075802149,0.889939,223281,36
1,3225811273,1.022214,224128,3
1,2743055201,0.929655,224990,6
1,3679241227,1.050483,226691,18
1,3556735781,0.985738,229092,27
1,380358421,0.965215,229678,2
1,296649317,0.957597,231289,17
1,1762939483,0.846639,232075,5
1,2289102839,0.944764,233452,13
1,2691278813,1.024123,235790,27
1,777141427,0.927551,237830,23
1,1896570583,1.133647,239390,16
1,1928146921,0.956066,243746,56
1,2600456293,0.736864,245099,13
1,895433221,1.047691,249549,57
1,3276080303,1.014061,251388,20
1,800938507,0.901929,252667,10
1,3655171021,0.970764,253269,2
1,2807996017,1.036445,253924,3
1,313690163,0.997556,259306,71
1,3973918789,0.941139,260443,10
1,2539297139,1.002438,267127,89
1,1711622761,0.927551,268482,13
1,3336586493,0.830333,269199,4
1,4074020417,1.062040,269847,3
1,4250790233,1.014061,270438,2
1,2327631503,0.981270,272434,22
1,3143980417,1.015985,273880,9
1,2514898481,0.870524,280543,86
1,2240120557,0.886090,286513,79
1,2613654997,0.853531,287235,4
1,3577722901,0.884436,288933,18
1,3849045371,0.922801,289661,4
1,3823875967,0.997066,292914,40
1,3794809267,0.993141,295575,32
1,486690851,0.965215,296140,2
1,729591971,0.987223,297927,19
1,81608861,0.969758,299197,12
1,676348963,0.889391,301570,28
1,1006205801,1.029829,302936,13
1,2414087051,0.999023,304629,18
1,1488893479,0.886090,305500,6
1,1741816667,0.984747,308109,31
1,252342329,0.893772,310510,28
1,2185199927,1.055584,313142,31
1,3387384829,0.938541,317740,59
1,3658725503,0.978779,320079,27
1,718198801,1.019344,321063,3
1,2346200411,0.928078,321671,2
1,1926729151,0.898675,328531,74
1,4230351787,1.020302,331467,33
1,2609659781,0.919090,332117,3
1,112666153,0.920682,333738,17
1,3386933723,1.069828,334804,9
1,1716280793,0.925443,335872,9
1,1768885567,1.029829,336876,8
1,500883931,1.098205,339912,37
1,2248143731,0.956066,340435,1
1,208822357,0.891584,343727,41
1,827580763,1.029829,345495,19
1,3930668741,1.013098,346284,5
1,108442459,1.002925,346788,1
1,3835353307,1.124132,352271,72
1,2281518959,0.957597,352932,3
1,4219271359,0.981270,358471,72
1,2353490357,0.997066,359895,14
1,1624510211,0.970764,360544,3
1,2535539581,1.056971,362375,20
1,814805501,0.984747,364490,24
1,2228714419,0.907865,365363,6
1,2570680631,0.932277,368547,39
1,3963291907,0.835609,369191,3
1,2404551949,1.025552,371029,20
1,782633069,0.965215,372576,16
1,1649266013,0.946829,373161,2
1,1489293703,0.958616,375071,21
1,4137978589,1.039738,375800,4
1,751027681,1.043488,384230,107
1,200876483,0.997066,385210,7
1,3062657501,1.005842,389859,60
1,568065361,0.946313,390930,9
1,376265191,0.994614,392570,17
1,2560497967,0.988706,398109,73
1,3896053087,0.991172,398829,4
1,354361697,1.081629,405686,92
1,3739819669,0.988706,408024,27
1,540809411,0.955044,411098,38
1,3001859387,0.910550,413918,34
1,1534000789,1.073928,414794,6
1,1425117593,1.061581,416135,13
1,3611130559,0.922801,416946,5
1,802372763,0.978779,419562,31
1,2436174581,0.952484,420763,11
1,2615071423,0.957597,421774,8
1,3387733343,1.097316,424372,26
1,379793363,0.941657,430905,73
1,1968428687,0.811899,432585,15
1,3459388237,1.007782,435536,36
1,126196379,1.085235,443444,107
1,1030607717,0.886090,444321,6
1,3974386553,1.000488,446028,18
1,495099911,0.968750,447568,16
1,3113991953,0.960652,448723,10
1,425568919,0.997066,449232,1
1,2685609427,0.861503,455621,85
1,1152666157,1.033615,458713,38
1,3376770149,1.093303,459433,4
1,531787961,1.154560,464521,66
1,3095467877,1.098205,465522,8
1,2534107853,1.014061,470834,68
1,51138001,1.018386,472671,20
1,3863843729,0.919090,474372,18
1,1542439471,0.864897,478366,46
1,3556196447,0.857526,479250,6
1,889840327,1.161727,480730,15
1,1451380621,1.061581,481864,10
1,1515253507,0.818488,482651,5
1,2785338761,0.950945,484552,18
1,3342193873,1.035503,489754,68
1,2628761197,0.884436,490342,2
1,41769149,1.027455,494080,47
1,1072101257,1.033615,495367,12
1,2874365773,0.944764,497078,18
1,2840988749,0.970261,498781,18
1,547386293,0.897044,500906,24
1,1661022641,1.005357,501615,4
1,2670978481,1.043488,502899,12
1,3965152151,0.946313,505656,33
1,1495624549,1.031250,508324,32
1,2391662813,0.929129,513316,65
1,3822378929,1.036916,514320,8
1,2170674239,0.803435,518945,60
1,3063387893,1.012616,521292,27
1,538179581,0.994123,521942,3
1,1712455057,0.911086,522871,7
1,1993298941,0.935414,525096,25
1,2112358519,1.054659,525935,1
1,4209204091,0.986728,527751,19
1,842869579,0.931753,528820,9
1,2002074533,1.023646,534844,64
1,1914392789,1.073928,537270,27
1,581778451,0.960652,538141,6
1,2442708403,0.998534,539075,7
1,2090446117,1.036916,540506,14
1,2021058089,1.182968,541649,10
1,3250139953,0.950945,550992,127
1,2046943499,1.055584,552199,11
1,1572093667,0.969254,558027,77
1,1250242789,1.053732,559443,14
1,2131039637,0.942176,561157,18
1,1593364459,0.970764,562103,7
1,2552588807,0.969254,564511,28
1,1677313609,0.997556,565926,14
1,3772543087,1.020302,567068,10
1,3059054077,0.925443,568429,13
1,699242407,1.050483,570903,29
1,1160968219,0.893772,571829,7
1,968954099,0.934370,572680,6
1,4096879109,0.916963,574309,17
1,2793772957,1.044891,575239,7
1,6304999,0.932277,575928,4
1,3777128741,0.994614,578603,32
1,3915367013,1.113220,579543,7
1,1550968291,0.962683,581885,22
1,1839699737,1.176761,586977,64
1,2736429271,0.935414,587580,2
1,3420609761,0.916963,588937,13
1,4011249941,0.938541,589589,3
1,386622293,1.033615,591708,24
1,1493327669,0.963190,592633,7
1,196776781,0.944247,593416,5
1,2049199307,1.090621,596925,44
1,3237784687,0.862070,598076,10
1,1482291359,0.942176,599793,18
1,3690271337,0.902471,601437,17
1,4213779403,0.919090,608403,93
1,1087333603,0.983258,611772,42
1,3183132523,0.913227,613142,13
1,1188707237,0.868840,615611,29
1,617990129,0.991172,617658,23
1,4244276149,0.984747,619365,18
1,3431091299,0.868840,620224,6
1,2229879401,0.950945,623028,34
1,1273111757,0.885539,624256,11
1,3715894393,0.928078,625604,13
1,396202987,0.952484,627651,23
1,147677053,1.031250,628931,8
1,1611501121,0.991172,632545,32
1,1349019677,0.886641,633638,7
1,2681023817,0.897044,635524,19
1,3480512363,0.960652,637252,16
1,1607320021,0.880563,638039,4
1,4018020709,0.944764,640723,32
1,400240649,0.862070,641710,8
1,1821928543,0.921743,642433,4
1,2869780867,0.988706,643652,11
1,2437776947,0.888841,648394,61
1,888540421,0.897044,654507,81
1,737620517,1.020302,659135,60
1,2971305901,0.987223,660834,18
1,3770192329,0.940620,661555,4
1,3743991443,0.948889,667399,77
1,589610459,1.020302,667911,1
1,117531143,0.907327,668477,2
1,2416323631,1.046758,671428,36
1,1048408369,0.835609,672507,9
1,692158219,0.898675,673993,15
1,2537037271,0.970261,675230,11
1,2342231911,0.910550,676589,13
1,3604758673,1.027455,681734,67
1,3246674897,0.916963,683010,12
1,1880271119,0.835609,683805,5
1,679393873,0.895954,687029,34
1,2080627183,0.811899,688216,9
1,673728007,1.012133,690730,30
1,3064853047,0.980772,692019,12
1,757436087,0.962683,693311,9
1,3175784749,0.962175,694260,7
1,3942008053,0.822059,696654,28
1,2849767369,0.973777,697802,10
1,1333696379,0.962175,699517,18
1,2410817329,0.931753,701362,20
1,1991815123,0.974780,703498,24
1,3151258163,1.013098,704917,14
1,1025002691,0.957597,705698,5
1,3146757413,1.033615,709567,49
1,2271373331,0.997556,713654,52
1,3478966951,0.938021,717693,51
1,2621853583,0.950945,719111,14
1,1004122337,1.081629,720242,10
1,2817071893,1.086584,720754,1
1,1492142303,0.977281,724492,47
1,4259363473,1.002438,725837,13
1,859964587,1.044423,727034,11
1,131781439,0.954533,728523,15
1,3832672099,0.932277,732026,39
1,3695901721,0.993632,736726,47
1,2388988747,1.029829,740781,48
1,3648820391,0.888841,741744,7
1,3083980981,1.063419,742489,4
1,4292603027,0.961160,743849,13
1,1131009463,0.996576,745492,17
1,700603003,1.095980,747468,22
1,265140571,0.970764,749439,22
1,4282206437,0.962175,751015,16
1,204185593,0.969254,753409,27
1,2346610423,0.962683,754594,10
1,475145197,0.962683,755932,13
1,682610183,0.928078,756650,4
1,1058928383,1.055121,758150,15
1,1254672983,0.820275,760690,30
1,93579319,1.015985,761746,9
1,1874032843,0.933847,763797,23
1,962496877,0.957597,765004,11
1,1517536169,0.952997,767740,33
1,3184903543,0.931753,768332,2
1,824739571,0.934370,773317,65
1,1028974741,0.919090,777534,54
1,2647002037,0.889391,784787,97
1,3433935223,0.981270,786907,24
1,2097829667,0.977780,787930,5
1,2384407429,0.928078,792118,51
1,3612618577,0.974780,796672,56
1,158726311,0.885539,797959,12
1,2219509933,0.945797,799030,9
1,4000726129,0.957597,802673,46
1,1361619841,0.957087,804351,18
1,3764740691,0.938541,805213,6
1,2833346909,1.026028,806628,14
1,2301613163,0.922801,807280,3
1,60491971,0.931753,809606,27
1,73214111,0.960652,810660,9
1,1992897433,1.029354,811457,5
1,1841492561,1.012616,812313,6
1,908429443,1.033615,814845,30
1,842932219,1.084785,816980,24
1,1017482803,1.024123,817564,2
1,584148707,1.004871,820238,32
1,4275131099,1.034559,821527,12
1,3923769749,1.111903,822188,3
1,1855281947,0.907865,823817,17
1,2227563643,0.931753,825521,18
1,784492031,0.852386,827583,23
1,4050708209,0.946313,828374,5
1,2672912527,0.829745,835112,86
1,3529791959,0.970764,837283,11
1,3239911343,1.025552,838435,6
1,544701037,0.928078,841893,43
1,3918810827,0.934370,842893,8
1,2527660381,1.137517,843748,6
1,671164327,0.952484,846128,28
1,3063920401,1.015985,848396,26
1,2759384827,0.984747,850098,18
1,2568107687,0.988706,851163,9
1,1098196657,0.932277,854041,35
1,1674393571,0.988212,856937,35
1,286055573,0.981270,859320,28
1,36776711,1.006328,860165,6
1,1527382189,0.880563,861363,11
1,1881111019,0.860369,863421,23
1,4071123233,1.063419,864564,10
1,3519069919,0.936458,865864,12
1,45683941,0.921743,866424,2
1,4180473503,0.941657,868767,27
1,1482061391,0.965215,869565,5
1,819832229,0.994614,870499,7
1,2961385403,0.868840,874702,54
1,489167489,1.020302,876612,21
1,3199510819,1.031250,879155,30
1,96776129,0.936458,881058,21
1,2342557159,0.862070,881925,6
1,3037058329,0.935414,882715,5
1,625295239,0.806468,884065,13
1,3286039349,1.020780,884732,3
1,2968381651,0.950432,886229,15
1,135516959,1.022214,887433,11
1,892959227,1.091963,888653,6
1,955438789,1.020780,892996,50
1,2502280127,0.940101,894493,13
1,1693690967,1.039738,896088,15
1,4159821073,0.934370,897930,20
1,3041727389,0.913227,899067,10
1,1789193143,0.970261,901350,24
1,3875990113,1.044891,904767,42
1,3002891117,0.852959,906676,21
1,1941091709,0.935414,909296,31
1,1700440111,0.985738,909807,1
1,585104687,0.902471,912435,31
1,4138227259,1.022214,917679,68
1,3877933583,0.860369,919169,15
1,1214076779,0.998534,920666,15
1,2241610453,0.925443,923137,29
1,1197547961,1.078012,925271,24
1,3007651411,1.111903,926981,18
1,2106909767,1.143511,928884,21
1,589320889,0.997066,929731,6
1,1628030843,0.919621,934294,59
1,1344151841,0.928604,936101,15
1,2423260501,0.970764,941394,54
1,880503157,0.941657,948049,86
1,1010579,0.922801,948597,2
1,1464861127,1.020302,950781,25
1,897528239,0.902471,951584,5
1,453974519,0.952484,952372,5
1,1655203919,0.970764,953019,3
1,1600764103,1.044891,953605,2
1,3639253907,0.982762,956651,37
1,525048221,0.895409,961007,56
1,170399323,1.073928,966777,76
1,1728254093,0.908403,967765,8
1,675116657,0.887192,969384,17
1,2221515983,1.002438,970242,6
1,40494379,0.986233,971851,17
1,1134263773,0.870524,972371,1
1,3743784721,0.955044,973931,16
1,3325785037,0.942176,975353,14
1,4150590893,0.997066,977430,23
1,3739194707,0.965215,982159,61
1,2691254413,0.928078,982663,1
1,1710984503,0.945797,983669,8
1,4268097277,0.970261,988879,68
1,1380824087,0.784369,992253,38
1,153357397,1.070284,993869,17
1,1628140177,1.004385,994998,10
1,1870275709,0.936979,996053,6
1,1780049837,1.044891,997009,7
1,4247021743,0.802219,997941,7
1,4120098247,0.910550,998669,4
1,1805504557,1.012133,999600,7
1,2685144773,1.035031,1002681,38
1,2556725461,0.877229,1003604,7
1,806510807,1.022214,1007732,53
1,502410463,0.942176,1010694,36
1,2134450277,0.948889,1011558,6
1,4066328533,1.063419,1012219,3
1,3978534047,0.961160,1013015,5
1,1265217361,0.922801,1014852,20
1,7084271,1.035503,1025665,149
1,4006962149,0.957597,1028916,40
1,3130669753,0.877786,1030557,17
1,3406715303,1.012616,1031140,2
1,2903073907,0.940101,1033541,28
1,3090216137,0.952484,1035376,20
1,1858617637,0.919621,1036367,8
1,703863781,0.914830,1042085,59
1,2496700411,0.941657,1043003,3
1,921665209,0.978779,1045253,21
1,2943552883,0.960652,1049078,48
1,1471839487,1.013098,1049681,2
1,3751228153,1.078012,1052014,27
1,3210275443,0.957597,1052672,3
1,1613251223,1.069371,1054076,14
1,1872672343,0.884436,1056771,32
1,122437319,1.036916,1058247,15
1,2884509781,0.906789,1059943,18
1,431458717,0.779373,1061145,11
1,4239430619,0.950945,1062374,11
1,3473502041,0.962683,1063303,7
1,399320521,0.999023,1065198,21
1,3401259307,0.914830,1069624,57
1,2415939787,0.901929,1070545,7
1,3883586009,0.969758,1075984,71
1,586955093,1.022214,1076500,1
1,3407577557,0.934370,1077288,5
1,3526531783,0.990679,1078147,6
1,1955278253,0.972272,1079293,10
1,2914714657,0.957597,1082187,35
1,526287481,1.010685,1083260,9
1,1117268717,0.796109,1085301,23
1,1523599969,0.955044,1086361,9
1,3829771249,0.988212,1087157,5
1,1869600617,0.958616,1091729,59
1,3987715157,1.039738,1092666,7
1,280100011,0.950945,1093243,2
1,2120814721,0.893772,1096013,29
1,3192568507,0.897044,1096614,2
1,2771706901,1.029829,1098034,14
1,1850401841,1.134508,1098547,1
1,3043041439,1.089725,1099195,3
1,220344959,0.984747,1100996,17
1,1467532699,0.877229,1102157,10
1,3919040689,0.997556,1103856,18
1,4187620211,1.012133,1105996,24
1,1938602269,1.003899,1107699,18
1,223350613,0.970261,1110013,27
1,724977791,0.988706,1112831,34
1,3571871543,0.988706,1114046,11
1,351239893,0.954533,1114568,1
1,2123920811,0.950945,1115363,5
1,2453274361,0.952484,1116871,15
1,52093583,0.903552,1118772,21
1,761269177,0.928078,1122865,52
1,3617212909,0.978779,1128001,67
1,2568053941,0.830333,1130821,34
1,1633686361,0.952997,1131879,9
1,49436489,0.935414,1133138,12
1,2951758703,0.974780,1134639,15
1,3919213297,0.994614,1135844,11
1,2496693887,0.924387,1139624,48
1,724395101,0.911622,1144242,43
1,2919295387,1.002438,1145474,7
1,3948877187,1.044423,1155652,134
1,397523771,1.003899,1157597,21
1,2437462399,0.978779,1158883,12
1,1733387377,0.945280,1161968,38
1,3838883539,0.781875,1165194,40
1,135389957,0.988212,1166939,19
1,3697094641,1.004871,1167731,5
1,1395093853,0.864332,1170068,27
1,3404898617,1.068458,1170586,1
1,151557811,0.791804,1172611,23
1,1382867687,1.012616,1173691,9
1,3441652007,1.104854,1174270,2
1,801725437,0.938541,1178760,58
1,3699269767,0.963190,1179557,5
1,3940337647,0.912693,1181402,20
1,1225235579,1.035503,1186519,67
1,584600671,0.936979,1187304,5
1,4245002213,0.934370,1188871,16
1,3600316091,0.928078,1189465,2
1,2498320403,1.027455,1195086,74
1,2253692989,0.969758,1195729,3
1,1502513917,1.003899,1196660,7
1,2610300233,0.998534,1197304,3
1,2107019843,1.072107,1198199,2
1,1778180627,1.035503,1198797,2
1,3958410761,1.068458,1200767,22
1,436135577,0.962175,1203459,30
1,2377979999,1.020302,1204422,7
1,3589082971,0.919621,1205163,4
1,2872362527,0.994614,1212373,97
1,3768293153,0.970764,1212878,1
1,575491289,0.798558,1213658,5
1,2858074627,1.006328,1217515,49
1,115623163,0.968750,1220249,33
1,4129224751,0.973777,1222305,23
1,692488343,0.936979,1223225,7
1,3590189311,1.163407,1225153,21
1,3465175811,0.936979,1227565,28
1,566510201,1.050483,1229317,19
1,4244139551,0.998534,1231307,22
1,2586592963,0.889391,1232439,10
1,2844952841,0.936979,1232949,1
1,241190083,0.965215,1233930,8
1,1370535239,0.936979,1235072,10
1,4231611931,0.912693,1236914,20
1,375954697,0.914830,1238664,19
1,665152487,1.079370,1241335,32
1,179081677,0.827388,1241979,3
1,1354297631,1.020780,1245286,37
1,1397126309,1.005357,1247243,8
1,2230554259,1.023646,1248356,7
1,3527758109,0.822059,1249079,4
1,3407154799,0.922801,1253096,49
1,3222626821,1.044891,1256269,39
1,4221094993,1.008751,1257060,5
1,3994500593,0.877786,1258007,7
1,2341526701,0.993141,1259077,9
1,739524673,0.897044,1260634,16
1,1113262639,1.068458,1264160,44
1,3916513021,1.020780,1264681,1
1,1611668437,1.066628,1265739,9
1,394762157,0.922801,1268373,31
1,2930340899,0.836777,1271001,31
1,2149312019,1.029354,1273542,30
1,2549200481,1.091068,1274683,10
1,1857328771,0.945797,1276545,20
1,92663699,0.969254,1277256,4
1,1263304753,0.970764,1277960,4
1,2624736067,0.922801,1283586,74
1,2509383823,0.952484,1285567,22
1,3431693,1.091516,1287297,19
1,381117229,0.997066,1288507,11
1,1283227021,0.981270,1290697,25
1,1921579157,1.005357,1292537,20
1,2181830297,0.962683,1294080,16
1,2659299437,0.970261,1298386,48
1,3827035739,0.929129,1299170,3
1,1300444289,1.048157,1304425,66
1,456211859,0.938021,1305373,7
1,3241477969,0.969758,1306294,7
1,729860203,0.964709,1307716,14
1,3628930337,0.884436,1308425,4
1,850721411,0.960652,1311970,44
1,2634058303,0.913227,1314575,31
1,996775963,0.934370,1315716,10
1,2411686033,1.035503,1316720,8
1,2499618479,0.913227,1318568,20
1,1006795723,0.907865,1319507,7
1,3597174947,1.002925,1321270,19
1,2868639071,0.955044,1322074,5
1,2468787443,1.029829,1324486,28
1,3064943369,0.844329,1327367,35
1,2185730471,0.934370,1328299,7
1,1161625651,1.147773,1332238,50
1,780281497,0.862636,1335048,34
1,2396792201,0.984747,1338010,36
1,2728492087,0.940620,1338661,3
1,4180861759,1.036445,1339598,7
1,1392370877,0.985738,1340956,13
1,79283549,0.878342,1341734,5
1,4258321427,0.984747,1342872,10
1,3117642331,0.914830,1343464,2
1,4027206943,0.893772,1347050,41
1,3859296787,0.927551,1350106,22
1,751931657,1.044423,1352265,22
1,2360430329,0.853531,1353404,10
1,542000861,0.941657,1354115,4
1,2962052231,0.852959,1356854,33
1,2404547287,0.950432,1357370,1
1,1463138531,0.940620,1365862,115
1,2915819213,1.039268,1366531,3
1,3676125403,1.077106,1367395,6
1,3789152369,0.907865,1371940,59
1,2871352423,0.903552,1372592,3
1,1428892781,1.050483,1373659,9
1,2253192883,0.995105,1374461,5
1,165984271,0.975280,1376422,22
1,3819281111,1.070284,1378483,23
1,1236724613,0.988706,1385361,92
1,1987563703,0.977281,1386166,5
1,3195726823,0.970764,1388229,23
1,1001625059,0.940101,1389245,8
1,1304812913,0.949404,1391358,24
1,1857160517,0.969758,1394686,41
1,2100084131,1.050019,1399525,63
1,3924902939,0.945797,1401744,21
1,3482253583,0.974780,1403608,20
1,2225425271,0.981270,1404814,11
1,2481036751,0.970764,1405330,1
1,1399834151,0.877229,1410954,71
1,3064992053,0.962175,1411955,8
1,3682630577,0.880563,1415179,40
1,1763896361,1.037387,1416664,15
1,3118174753,1.007782,1417173,1
1,425923013,0.997556,1417812,3
1,3896866657,0.912693,1422086,55
1,1344568993,0.993632,1423007,7
1,1602858559,0.907327,1423803,5
1,1885434227,0.999023,1424738,7
1,2638332481,0.946313,1425864,10
1,2730401269,0.946313,1431349,72
1,4186748123,0.946829,1432082,4
1,738346793,0.984747,1434259,25
1,2260368287,0.877786,1434990,4
1,2738205497,0.954533,1438082,38
1,3791561909,0.925443,1439089,8
1,3236340563,0.798558,1440015,7
1,244248223,0.931753,1446041,80
1,482002957,1.023646,1448016,17
1,1119469229,0.953509,1448623,2
1,594271177,1.102642,1449493,6
1,1631554913,1.132354,1451700,12
1,3030713507,1.005357,1453082,11
1,2165404441,0.991172,1454847,19
1,1467832019,0.973276,1455866,8
1,3345417253,1.039738,1458390,30
1,803399593,0.860369,1460016,17
1,1082572879,1.003899,1461777,19
1,1249388431,0.988706,1462579,5
1,1698163799,1.023646,1463167,2
1,1501507639,1.048157,1465705,30
1,3925177097,0.963190,1467817,24
1,2190870433,1.090173,1469508,18
1,483390203,0.919621,1470441,7
1,4110272239,0.988706,1471321,4
1,1495742513,1.015985,1474687,42
1,1084947049,0.898675,1476384,18
1,3336372647,0.935414,1477526,10
1,2371113463,0.998534,1478532,8
1,3637962257,0.942176,1482053,44
1,45029683,0.871645,1486739,61
1,892925531,1.129764,1490544,48
1,2578282583,1.025076,1494955,57
1,2588628737,0.910550,1499819,63
1,2842353779,1.010685,1500827,8
1,2520381923,1.061120,1501975,7
1,3787602323,0.877786,1502502,1
1,1573439839,0.815499,1503688,7
1,437780663,0.878342,1504896,11
1,439518889,1.002438,1506028,10
1,278285633,0.932277,1509911,46
1,3376101137,0.986233,1510786,6
1,1240706581,0.900304,1513110,27
1,1952535791,0.934370,1513693,2
1,669360037,0.876115,1515537,20
1,3425696831,0.956066,1516753,11
1,1956616687,0.835609,1519467,32
1,2589297709,0.911086,1525432,79
1,1044212821,1.000488,1529804,56
1,1311818737,0.965215,1531284,15
1,1568399983,0.936979,1532654,13
1,1737789553,1.033615,1534829,25
1,3536168591,0.970764,1536740,21
1,3911942921,0.882225,1537732,8
1,2375758093,0.984747,1539152,14
1,144164051,0.940101,1539660,1
1,3195721757,0.803435,1540176,1
1,1487703823,1.025076,1542996,34
1,3975380587,0.899761,1543942,7
1,1005833623,0.919621,1544948,8
1,3051562711,0.904092,1547565,31
1,2036328499,0.994123,1548153,2
1,1627558969,0.968750,1555340,78
1,1317409217,1.052341,1559385,49
1,1330691797,0.918559,1560111,4
1,3827201299,0.982762,1560969,6
1,129712333,0.957597,1562316,13
1,517726031,1.111464,1563321,8
1,301605631,0.880563,1564261,7
1,3370133381,1.044423,1566380,24
1,2132590303,0.978779,1570548,53
1,2057684983,0.873324,1571287,4
1,3640143979,0.815499,1571867,2
1,1110312311,0.961160,1572947,9
1,3243687973,0.917495,1575126,25
1,1408978933,0.976281,1577766,31
1,2931661477,1.039268,1578641,6
1,3064209653,0.935936,1583715,66
1,700525333,0.910550,1585551,20
1,430906523,0.932277,1588426,35
1,3313212391,0.962175,1591829,42
1,1970343887,1.000488,1593738,21
1,2546825761,0.938021,1594666,7
1,2260772539,1.036916,1595535,6
1,2550898871,0.981270,1596044,1
1,1729748953,0.954533,1598370,27
1,3971135353,0.947859,1598889,1
1,2378801917,0.940620,1600100,11
1,3693211111,0.993632,1602637,30
1,1629336011,1.105296,1607111,53
1,275758199,0.868840,1608199,9
1,1729671887,0.920152,1611749,42
1,412280579,1.004871,1612484,4
1,3500730733,0.940101,1613134,3
1,1224840737,1.018386,1614128,8
1,317799199,0.925443,1618623,58
1,3522713503,0.922801,1619349,4
1,1868104879,0.914830,1620502,10
1,1187287331,0.846639,1623169,32
1,2510360543,1.025076,1629468,84
1,3987396997,1.082983,1635701,83
1,3521080903,0.962683,1636638,7
1,2058751043,0.904092,1642130,72
1,1254542533,1.079370,1647463,70
1,4021448443,0.855246,1649465,22
1,2786018663,0.982762,1650115,3
1,1271515363,0.904092,1652928,30
1,2161593157,1.061581,1656288,29
1,3182097887,0.877786,1657161,2
1,968425789,0.862070,1657772,2
1,635377121,1.012133,1660080,26
1,3466895717,0.977281,1662345,26
1,2451472351,0.935414,1666369,51
1,3679495223,0.882225,1667161,5
1,3638809651,0.895409,1669834,32
1,493533581,1.078012,1670488,3
1,2384008477,0.950945,1673087,31
1,885877879,1.040677,1673879,5
1,3878841649,0.990679,1674389,1
1,1919375597,1.042083,1678079,46
1,1809182629,0.982762,1679726,17
1,3268101853,1.061581,1682893,39
1,2710340461,0.869402,1684380,15
1,3155574991,1.020302,1686278,21
1,1741943501,0.993141,1686867,2
1,1397812457,0.963190,1688978,24
1,3868368277,1.031723,1689496,1
1,4109925581,1.137517,1692101,31
1,2974461337,1.040677,1694347,26
1,3812150281,0.988212,1695423,9
1,576477541,1.007782,1697820,28
1,1101010249,0.991172,1698746,7
1,4055968999,1.031250,1700239,15
1,2807542597,0.946313,1701659,14
1,395190161,0.871085,1702582,7
1,4180070099,0.852386,1703100,1
1,1490448317,0.848942,1703897,5
1,1378469461,1.043488,1705866,22
1,2635959671,1.048157,1706459,2
1,1231703339,0.934370,1710209,43
1,3012375397,1.029829,1713109,32
1,1422052859,1.042083,1713795,3
1,2157462037,1.091516,1715978,25
1,1902110831,0.902471,1719144,39
1,402384733,0.895954,1720435,12
1,2663419859,0.885539,1721524,9
1,1418579531,0.938541,1722732,11
1,2758825541,0.903011,1724425,18
1,3861796327,1.036916,1725227,5
1,2919540769,0.961160,1726568,13
1,1665626647,0.955044,1727289,4
1,1042387529,0.954533,1727998,4
1,164602397,1.100870,1730820,34
1,2005809809,1.134078,1731680,6
1,2614855123,0.893772,1735210,44
1,2662974449,0.984747,1737123,21
1,4054502483,0.986233,1740212,38
1,2123403109,0.962683,1740933,4
1,2960408041,1.025076,1742626,18
1,2912729797,0.977281,1744115,15
1,1643415017,0.950945,1745249,10
1,839027999,1.068914,1747150,21
1,1783861207,1.025552,1748524,13
1,2281368359,0.868840,1749182,3
1,4266227507,0.981270,1750960,19
1,1882901099,1.022214,1752381,13
1,1084805531,0.994123,1754706,22
1,2485546379,0.998534,1759090,56
1,3957563849,1.043488,1760792,4
1,2564540359,1.017906,1761920,8
1,2163200311,1.002438,1763696,19
1,966082261,0.986233,1765114,14
1,3570134891,0.942176,1766547,14
1,2846843803,0.867152,1767758,11
1,1536575347,0.918559,1768622,6
1,781440577,0.988706,1770533,21
1,1030670939,0.952484,1771257,4
1,4055375239,1.000488,1772047,5
1,930941953,0.965215,1772620,2
1,2276231119,0.973777,1773275,3
1,1727319079,0.846639,1774136,6
1,2865577801,0.919621,1776674,30
1,305917307,1.023646,1777821,10
1,2788178353,0.931753,1779721,21
1,1815571409,0.954533,1780582,6
1,187720933,0.970764,1781217,3
1,423599443,0.887192,1783342,24
1,2016644353,1.076198,1788644,69
1,3005176277,0.914830,1794116,72
1,2586606679,1.016466,1794629,1
1,3063292277,0.829745,1796044,14
1,2645045009,1.005357,1796619,2
1,176225197,1.022214,1797121,1
1,1261810609,1.132786,1798341,11
1,1582123001,0.921743,1801791,43
1,3926025977,1.025552,1803068,12
1,2099268007,0.862636,1804419,13
1,3470705419,0.919621,1805429,8
1,256913879,1.006328,1808319,35
1,1616749877,0.899761,1809391,9
1,1231181129,0.857526,1814942,69
1,2210485037,0.836777,1817558,28
1,2220539539,0.984747,1819207,17
1,45643813,0.904092,1820672,15
1,3529844341,0.978779,1821738,9
1,1514137739,1.164665,1822602,6
1,903178943,0.977281,1827103,58
1,3080521733,0.980772,1828095,8
1,2251052753,0.827388,1829156,9
1,3572165059,0.869402,1830095,7
1,2812174711,0.880563,1832838,33
1,815953373,1.004385,1835993,39
1,3235730219,0.897588,1836511,1
1,2167737739,0.938541,1838554,23
1,1390034263,1.029829,1843890,70
1,2699599601,0.956066,1845729,20
1,2582951551,0.957597,1848408,32
1,2190957319,0.897588,1851978,45
1,1145502101,0.920152,1854093,24
1,3000337567,0.987223,1854953,6
1,766792217,1.000488,1857501,26
1,626746151,0.877229,1858094,2
1,2844552457,0.976281,1858740,3
1,2514632111,0.970261,1859395,3
1,134457643,1.113658,1863509,38
1,990406387,0.965215,1866342,32
1,30644881,1.005842,1867748,14
1,2485582391,1.018386,1868401,3
1,359752483,0.906789,1868972,2
1,1411953637,0.846639,1870038,9
1,3215369627,1.002438,1870765,4
1,1934931353,0.938021,1871904,10
1,1638965411,1.044423,1874236,27
1,1059920123,0.916963,1877401,39
1,2244953749,0.944247,1879460,23
1,1212576929,0.936979,1881917,29
1,3048542701,0.893772,1883063,10
1,3330476141,1.062959,1883644,2
1,1440406157,1.081178,1884866,11
1,3270764689,0.893772,1885861,8
1,4127621863,0.880563,1886997,10
1,2569293059,1.032197,1887850,6
1,1295488739,0.935414,1888510,3
1,265503239,1.064795,1890194,18
1,2208454861,1.002925,1892176,22
1,3639898727,1.048157,1895836,46
1,1731910391,0.918559,1898235,28
1,4265654951,1.039738,1900351,24
1,944172007,1.002925,1902144,19
1,1384373339,0.982762,1904419,26
1,1637846429,0.983258,1906284,20
1,646868017,0.906789,1907002,4
1,2805923179,0.931753,1908506,15
1,3863145373,0.938021,1912298,44
1,142175819,1.057433,1912891,2
1,2449950551,0.903011,1914027,10
1,36976103,1.064795,1915993,22
1,4201812793,0.935414,1917125,7
1,3415431031,0.899761,1917879,4
1,77875261,0.796109,1918370,1
1,2700041651,0.919621,1923699,70
1,918420397,1.077106,1927151,43
1,2325274711,1.116723,1928785,17
1,174273163,0.871645,1933607,63
1,3265855667,0.946313,1936784,39
1,540257521,0.981270,1939033,26
1,173635981,0.954021,1939814,5
1,677517839,1.068458,1941020,11
1,1088398459,1.061581,1941748,4
1,1124563351,0.904092,1942816,9
1,1170978223,1.053732,1944099,12
1,4111103869,0.997556,1946009,21
1,3168566393,1.095980,1946806,5
1,2470722547,1.043488,1950673,49
1,1023192853,1.073928,1951958,12
1,1363385321,0.862070,1954769,34
1,3999921503,0.952997,1956064,12
1,4029545917,0.985738,1956730,3
1,863671387,0.957597,1961373,56
1,2302952713,0.923330,1966048,43
1,1104761069,0.877786,1968139,21
1,333409199,1.110145,1969030,6
1,1457957047,1.086584,1970031,8
1,2309564813,0.970764,1971102,9
1,3345829139,1.007782,1974606,44
1,3470680091,0.950945,1975544,7
1,4016483357,0.907865,1976409,6
1,701623781,0.982762,1977407,8
1,3653068189,0.820275,1980024,31
1,2223975497,0.922801,1981856,20
1,2616432733,1.086584,1983503,17
1,1275682469,0.993141,1985906,28
1,2901230831,1.042552,1987256,13
1,4052564987,1.028405,1988192,7
1,2850348817,0.950945,1992277,52
1,517365463,0.934370,1993071,5
1,2065720093,0.975280,1994421,13
1,1085425169,1.124132,1997917,44
1,1175018987,1.007782,1998506,2
1,4288462147,1.020780,2003015,58
1,904854343,0.957597,2003604,2
1,3278681893,0.958616,2007135,44
1,782925097,1.140090,2007862,4
1,4024155313,0.962175,2008659,5
1,3280450207,0.829745,2014288,71
1,2370482957,1.042552,2016851,29
1,576298907,0.946313,2018692,20
1,3089281343,1.149049,2019204,1
1,1875073391,0.920152,2021047,17
1,4235303879,0.990679,2021664,2
1,588892021,0.930180,2025023,42
1,3110694443,0.893772,2025746,4
1,3061971179,0.903552,2027801,23
1,2887208299,0.962175,2031051,40
1,2154684541,1.057433,2032116,9
1,326074363,1.022214,2032708,2
1,1443752033,1.024123,2035938,40
1,2306860771,0.903552,2037850,21
1,845840687,1.025076,2039265,14
1,3678012839,0.949404,2040125,6
1,1250328559,0.911622,2044269,53
1,1083238829,0.927551,2052148,106
1,3145673899,0.928078,2053023,6
1,1832227063,0.997556,2055914,35
1,2911673813,0.945797,2058209,26
1,2392856443,1.015985,2059862,17
1,888600197,1.003899,2062474,27
1,987256429,1.044423,2063000,1
1,1153219217,0.876115,2069096,67
1,1032751483,1.012133,2077389,110
1,986001647,0.995105,2078179,5
1,4120712003,1.012616,2079316,10
1,423196231,0.870524,2079893,2
1,2275637437,0.968750,2082458,30
1,2163691997,0.864897,2083110,3
1,3476671181,0.920152,2083626,1
1,3927094817,0.946313,2084843,11
1,3759069661,0.953509,2086268,14
1,1360409927,0.848367,2087200,7
1,209539373,1.012616,2088954,19
1,3538552937,0.942176,2091617,32
1,3273270881,1.062959,2092121,1
1,676791853,0.977281,2093667,16
1,2963370601,1.050483,2094240,2
1,2478632003,1.012616,2094903,3
1,724551119,0.931753,2096469,16
1,3211878529,1.083884,2097679,11
1,2451158797,1.031250,2100276,31
1,3726119321,0.919621,2106314,80
1,2867892337,0.808282,2107376,9
1,503998513,0.920152,2108289,7
1,380149813,0.911622,2110688,28
1,593400133,0.999023,2111330,3
1,3542552183,1.068458,2111921,2
1,3532183901,1.025552,2114335,28
1,3073321259,0.975280,2114996,3
1,3601869319,1.051877,2117262,22
1,980279533,0.928078,2118135,6
1,2634362747,0.950945,2123856,73
1,3804991061,1.050483,2126490,31
1,373385923,1.031250,2127756,12
1,3096219839,1.004871,2128823,9
1,1453639493,0.898675,2130175,13
1,2232986083,0.886090,2132927,33
1,1502203679,0.946829,2134140,11
1,948405749,1.017906,2134863,4
1,2580067487,1.005357,2139003,53
1,390968777,0.910550,2139997,8
1,3565779509,1.031250,2140857,6
1,1457680813,0.988706,2141367,1
1,177936233,0.988212,2142709,13
1,2432062261,1.086584,2148476,76
1,2920701281,1.050483,2154439,79
1,1099703119,0.965215,2156002,16
1,3374452511,1.073928,2156998,8
1,1985984141,0.848367,2157522,1
1,1744924427,0.840271,2158026,1
1,3199433537,0.970261,2160079,23
1,3859421611,0.928078,2163491,42
1,2491415677,0.997066,2165155,13
1,3400524299,0.977281,2166316,10
1,1365982847,1.114973,2169986,33
1,1750237427,1.050483,2174227,52
1,1138405981,1.020780,2175438,11
1,1015683899,1.002438,2177350,21
1,1254036941,1.029829,2182640,69
1,1060079291,0.857526,2187506,63
1,4079011799,1.017906,2189500,22
1,4039820819,0.974780,2190723,11
1,1703762741,1.083884,2191938,11
1,2600853187,0.931753,2193147,11
1,3517065557,0.900304,2194710,16
1,2150506121,0.942176,2197665,36
1,2688902327,1.070284,2199646,22
1,3492996631,0.919090,2202248,31
1,4167616241,0.884436,2203315,9
1,2566951027,0.991172,2203955,3
1,3230129347,1.054659,2205592,17
1,1352877761,1.031250,2207145,16
1,3875873927,1.142657,2207728,2
1,322179673,0.988706,2209336,17
1,3625311629,1.044423,2211247,21
1,435240887,1.068458,2214626,42
1,34514017,1.046292,2216728,24
1,3007649173,1.019823,2218001,12
1,2040515843,1.053732,2220369,22
1,774762799,0.913227,2222033,17
1,1565898311,1.087482,2223245,11
1,2572539499,1.034559,2224705,12
1,333415717,0.878342,2226769,23
1,243564121,1.111464,2228102,13
1,661555991,0.973777,2230909,34
1,1993912163,0.895409,2231982,9
1,1242461893,1.029829,2232698,4
1,1535845699,0.860369,2236424,47
1,1117013137,0.997066,2239314,35
1,3585244757,1.018386,2244849,73
1,3445658291,0.997066,2245719,6
1,2698283561,0.970261,2247124,14
1,2564801381,0.846639,2249657,30
1,462686057,0.975280,2250726,9
1,2714951509,0.905711,2252112,11
1,1126566157,0.934370,2253274,10
1,2645988049,0.954021,2254137,6
1,866502319,0.838525,2255578,14
1,1607852693,0.970764,2261099,72
1,3593442161,1.154560,2262315,11
1,290798113,0.938541,2265119,34
1,2093570851,0.980274,2267406,22
1,1952103737,1.003899,2272807,55
1,217379579,1.018386,2274248,9
1,4160543663,0.940620,2276404,24
1,2987698661,0.916963,2276983,2
1,835089119,1.073018,2279598,31
1,2860953317,1.012133,2280472,6
1,1566937319,0.895954,2281827,13
1,3844202959,0.802827,2284225,28
1,2843619551,1.055584,2285653,14
1,3213743129,0.957597,2286166,1
1,1110819007,0.946313,2286746,2
1,2835666517,1.047691,2287879,10
1,203582329,1.070284,2288454,2
1,2609104873,0.963190,2289943,15
1,1369570771,1.039738,2291369,14
1,2720019083,0.908940,2292574,11
1,1128353857,1.100870,2293285,4
1,739277939,1.004871,2295043,19
1,2699746571,0.877786,2296043,8
1,3072092857,0.980274,2296694,3
1,2972875669,1.076198,2298665,22
1,3484581907,1.019344,2304836,82
1,1772403397,0.961160,2306807,22
1,292575289,0.957597,2308913,24
1,1649401909,0.963190,2309839,7
1,973059193,0.991172,2311689,20
1,1573796017,1.042552,2313321,17
1,2474905123,1.080726,2316127,34
1,1290040561,0.829745,2318729,31
1,3554891563,0.970261,2320863,24
1,1937193077,0.928604,2322569,18
1,2536451147,1.005357,2324552,18
1,78096191,0.902471,2325075,1
1,2176462109,0.981270,2329454,54
1,1386457,1.037387,2333029,45
1,323360171,0.994614,2335486,29
1,2901457577,0.922801,2336899,14
1,346966003,0.904092,2338251,13
1,3477784579,0.922801,2339397,10
1,1237964369,0.983258,2339904,1
1,1770005551,1.068458,2342595,32
1,1066711949,0.957597,2343534,7
1,2890466563,0.918559,2344174,3
1,1439394851,1.111464,2345391,11
1,4069244887,0.921743,2348147,33
1,1718712301,0.942176,2348883,4
1,887384419,1.044423,2349467,2
1,471413269,1.022214,2350528,9
1,751949203,1.055584,2353273,33
1,1682471863,0.836193,2353925,3
1,1144551053,1.003899,2354714,5
1,1850243789,1.099538,2355651,7
1,1386743047,0.962175,2357195,16
1,77448269,0.992649,2358544,13
1,2270557343,1.047691,2359898,13
1,3367296817,0.962175,2360557,3
1,1007224943,0.978779,2362313,19
1,262153739,0.822059,2367190,64
1,25688651,1.054659,2370629,39
1,53645021,1.002438,2373563,22
1,1873362461,0.944764,2376219,29
1,3081113611,0.973777,2376934,4
1,2857091987,0.970764,2379360,28
1,3925193453,1.083884,2384285,64
1,320708387,0.860369,2385496,11
1,2353256539,0.935414,2386005,1
1,2334262457,0.944247,2386646,3
1,1476194311,0.911622,2388003,13
1,1886871881,0.997066,2389276,12
1,3286612613,0.772450,2390560,12
1,929601859,1.082983,2393179,31
1,801889861,1.122393,2394258,9
1,1163277721,0.977281,2395042,5
1,2205748357,1.027455,2396527,15
1,2254135523,0.877786,2398573,23
1,1547706373,0.937500,2399563,8
1,3295864009,0.995105,2405736,82
1,510510509,1.064337,2409419,46
1,2994173047,0.843750,2412380,36
1,14031539,0.869402,2419043,89
1,3072910219,0.895954,2421581,30
1,1193770321,0.965215,2424348,29
1,3741906061,0.886641,2428363,51
1,1613830201,1.025076,2429819,14
1,2160505703,0.988706,2431480,17
1,23098711,0.925443,2434207,33
1,2437435531,1.068458,2436829,31
1,2492536349,1.090621,2439354,30
1,3025502251,0.965215,2441344,22
1,1927530127,0.956066,2442429,9
1,2332324399,0.931753,2443152,4
1,3820454819,1.069371,2445506,27
1,592775497,0.954533,2446145,3
1,1428238309,0.915364,2447008,6
1,3991344221,1.078012,2448799,19
1,2356171123,1.007782,2451602,34
1,300417539,0.993141,2452649,9
1,717795751,1.002925,2453511,6
1,2394541343,0.977281,2454097,2
1,1788804751,1.004871,2455036,7
1,1571105639,1.115848,2457576,30
1,1753435477,0.970261,2459347,19
1,3897994283,0.854103,2463499,53
1,3850790353,0.999023,2465054,16
1,437736127,0.730208,2467030,22
1,2125948283,0.932277,2468040,8
1,3289826977,0.941657,2468613,2
1,1967110007,1.039738,2469493,6
1,1615968727,1.068914,2470692,9
1,3701454371,1.063419,2477410,68
1,1098118789,1.020302,2478328,4
1,73619929,1.050483,2480364,23
1,3636001379,1.035031,2481520,10
1,3938927737,0.958616,2483718,25
1,300408527,0.919090,2484594,6
1,1395303907,0.988706,2485106,1
1,3654518389,1.106621,2486315,11
1,1888183333,1.033615,2487464,10
1,3886599719,0.962175,2490633,39
1,2016341557,0.962175,2493523,35
1,27050911,0.960652,2494992,15
1,1883364199,1.015985,2496414,14
1,3141117937,1.015985,2497283,6
1,3974038487,0.984747,2498920,17
1,1193366107,0.955044,2499428,1
1,1888257521,0.940620,2500509,9
1,1820046379,0.958616,2502627,24
1,3837896597,0.889939,2503972,13
1,4267698689,1.044891,2506866,35
1,1768150913,1.078012,2508206,13
1,1742000963,1.166760,2509138,7
1,616987037,0.779373,2513859,61
1,3925120267,1.029829,2516885,37
1,769695991,1.023646,2518376,15
1,3266876251,0.886641,2519652,12
1,167339533,0.977281,2524965,70
1,3733159697,0.950945,2529140,42
1,1451403631,0.993141,2530027,6
1,4127393183,1.018386,2530545,1
1,102603623,0.871645,2534173,43
1,997604401,0.969758,2536648,29
1,3836884553,0.781875,2537582,7
1,3749511559,0.988706,2538723,10
1,769191391,0.921743,2539459,4
1,2216801621,0.910550,2540798,13
1,4230321877,0.994614,2541460,3
1,2731059269,0.956066,2543354,21
1,646124179,0.962683,2545398,23
1,1442831771,0.945280,2547872,29
1,3598823051,1.039268,2549983,24
1,3759078241,0.935414,2552534,30
1,2990586281,0.889391,2555131,31
1,1590191341,0.928078,2556278,10
1,817219331,0.904092,2556852,2
1,2608608031,1.012616,2558502,17
1,1003474973,1.055121,2559230,4
1,2569038253,1.004871,2561902,32
1,3263051237,0.928078,2563535,17
1,3493500047,0.920152,2564113,2
1,1028930477,0.965215,2565256,10
1,3146446729,0.871645,2566188,7
1,1889349367,0.957597,2567547,13
1,2114690549,0.944764,2569666,24
1,4105051759,0.969254,2570183,1
1,2611407353,0.947859,2581257,134
1,1403719043,0.946313,2585716,55
1,4220400959,1.003899,2586304,2
1,801698213,0.855246,2587371,9
1,50346683,1.003899,2588351,8
1,2436823553,1.085235,2589843,15
1,3727856519,0.927551,2590572,4
1,3706068071,1.012133,2591156,2
1,1962035753,1.005357,2595994,63
1,44735359,1.012133,2597830,20
1,976838609,0.914830,2599174,13
1,1183777613,0.995105,2601837,32
1,633419737,0.969254,2607315,72
1,1118250443,0.787475,2608799,15
1,415169863,0.925971,2610789,22
1,3852618779,0.993141,2612342,16
1,4073491117,0.984747,2615231,35
1,4290036811,1.128467,2617573,27
1,1488659303,0.898132,2620964,42
1,1738426763,1.061581,2622174,11
1,630365003,0.978779,2622890,4
1,535562347,0.878342,2624308,14
1,2581184659,1.032197,2625941,17
1,952497563,0.960652,2626592,3
1,2644954909,1.100870,2627318,4
1,1918864331,1.002438,2628057,4
1,2153468059,0.984251,2628884,2
1,3678729491,1.022214,2631022,24
1,1514120281,1.141374,2636165,64
1,3449775811,0.984251,2638436,26
1,1524795893,1.007782,2640068,17
1,782813419,0.981270,2643107,37
1,2051903267,0.960652,2648547,71
1,1441040453,1.119343,2657573,123
1,1600846243,0.962175,2658371,5
1,3957524113,0.960652,2659158,5
1,3962395753,0.994123,2661001,20
1,2987215159,1.040677,2663896,35
1,1931811979,0.946829,2666005,24
1,3735101677,1.018386,2669306,41
1,2367455011,0.978779,2675681,85
1,3119699069,0.973777,2677090,10
1,3047939711,0.982762,2677916,5
1,3733876801,0.961160,2678424,1
1,3642966359,0.997066,2681174,33
1,2668855391,0.988706,2682310,10
1,3233073451,1.086584,2684014,18
1,1964142407,1.020302,2685090,9
1,2904849229,1.008751,2686525,14
1,1255538887,0.907327,2690347,35
1,588112949,1.028405,2693957,43
1,597623903,0.848367,2695021,9
1,3760964707,0.868840,2696784,19
1,2785571813,0.985738,2700375,45
1,650277317,1.048157,2702628,26
1,3740369141,1.031250,2703422,5
1,3404561299,0.994123,2704511,9
1,584017727,0.836193,2706291,19
1,3210323891,1.035031,2707382,9
1,1863379919,0.962683,2708468,9
1,936662227,0.827388,2711143,32
1,500833727,0.965215,2712016,6
1,188147077,1.079370,2712525,1
1,82565831,0.947859,2713452,7
1,3543408301,0.934370,2714034,2
1,2918509597,0.898675,2714829,5
1,237713299,0.964709,2715333,1
1,459259039,1.004871,2717945,31
1,695934011,0.988706,2719151,11
1,1074443801,0.848942,2721192,23
1,644089177,0.840271,2722317,10
1,2482623859,0.904092,2725356,37
1,1836442589,0.940101,2727643,26
1,1484770307,1.043020,2730946,41
1,1240649017,1.046758,2736630,75
1,1477806361,0.955044,2737409,5
1,3818321443,0.908940,2741906,54
1,1106362207,0.977281,2743211,12
1,261679751,0.977281,2744174,5
1,24299543,0.975280,2745102,7
1,219843257,0.925443,2745879,5
1,931261381,0.932277,2747362,15
1,4290036131,0.888841,2748025,3
1,2831436317,0.922801,2748599,2
1,2330188463,0.919090,2749744,10
1,3360068861,0.936979,2755806,79
1,837834071,0.927551,2756340,1
1,1135723529,0.950945,2760059,47
1,21754823,0.938541,2761549,15
1,4248304481,1.025552,2762140,2
1,3324059047,0.920152,2763567,14
1,686115769,0.889939,2768683,67
1,2962042003,1.029829,2769543,6
1,308151227,0.986233,2773685,53
1,1415431331,1.044423,2774612,7
1,2932685519,0.946313,2775200,2
1,2915773363,1.098205,2775717,1
1,501489119,0.925971,2777633,21
1,4223752451,1.197736,2779336,14
1,2256700301,0.954533,2779868,1
1,756606493,0.927551,2782605,20
1,3994001107,0.988706,2784883,21
1,1431517943,1.042552,2785655,4
1,3339036271,0.991172,2787351,18
1,3959525359,0.982762,2788441,9
1,3630280301,0.972272,2789377,7
1,4228847807,0.916963,2790309,7
1,4193646689,0.919090,2791814,15
1,1660950349,1.025552,2794265,29
1,1604466257,0.928604,2798116,49
1,1835136253,0.919621,2798635,1
1,3517333493,1.004871,2800960,27
1,300997859,1.029829,2802372,14
1,4220847331,1.140946,2803301,7
1,4294816153,1.027455,2805706,28
1,3878254879,0.986233,2806641,7
1,3628490867,0.893772,2808409,19
1,2975246291,1.100870,2809898,15
1,3653812957,0.936979,2811313,14
1,2907541831,0.950945,2811894,2
1,2193355387,1.208692,2812489,2
1,2256272309,0.882778,2813219,4
1,46573463,0.859233,2814490,12
1,3968835781,1.161727,2817727,40
1,2598207373,0.868840,2819798,23
1,2773160849,0.871645,2821779,22
1,3058181957,1.012133,2822641,6
1,3969133387,0.960652,2825384,33
1,1036196033,0.938021,2826304,7
1,1915848007,1.031250,2828618,27
1,1530474593,1.032197,2832557,50
1,593580049,0.970261,2835123,24
1,3976952269,0.818488,2835821,3
1,2191667117,0.796722,2836546,4
1,1050454193,1.035503,2837959,14
1,674826007,0.936979,2839027,6
1,4281444017,1.012616,2843198,53
1,2034440899,0.913227,2843707,1
1,1479714707,0.923330,2844651,7
1,3038334671,0.927551,2846209,16
1,1133273923,0.900304,2847968,19
1,273701983,0.994614,2855533,102
1,2627785117,1.000488,2859279,47
1,786305341,1.016466,2861537,26
1,1479777977,0.981270,2862880,13
1,230947517,0.981270,2863878,8
1,3409859143,0.984747,2868650,62
1,1483209347,0.928078,2869860,11
1,4272445943,1.047691,2871911,23
1,1041286111,0.914830,2873971,23
1,238166363,0.927551,2876494,30
1,3079904687,1.035503,2877153,3
1,2035509367,0.975280,2879565,28
1,1592569063,0.922801,2881245,13
1,2721527047,0.974780,2881850,2
1,2021355467,1.043488,2883423,16
1,605831437,0.877229,2889299,63
1,1694973971,1.048157,2893358,49
1,340179841,0.928604,2894563,11
1,3126359629,0.920152,2900585,80
1,3386651531,0.923330,2902787,25
1,2409539621,0.891584,2903580,5
1,1470048119,1.095534,2905916,27
1,500837683,0.846639,2908106,25
1,3205703779,1.118907,2911694,45
1,3665796697,0.877229,2912632,7
1,55634143,1.115411,2913619,8
1,1962877621,1.058356,2914762,10
1,3880163557,0.960652,2916257,15
1,1572917833,0.984747,2928008,162
1,4280032451,0.933847,2930123,24
1,2680911601,0.940101,2931337,11
1,2891751001,0.921213,2932135,5
1,1246636411,0.971267,2935579,43
1,1810144201,1.023646,2937593,18
1,2045808077,0.897588,2939441,20
1,4206320309,0.973777,2940462,8
1,3980447981,0.962683,2941182,4
1,3124117859,0.988706,2942207,6
1,1504532599,0.935414,2943512,12
1,4058784127,0.940101,2944739,11
1,1709978363,1.031250,2946520,19
1,4152112831,1.019344,2947327,5
1,4192951591,1.015985,2948620,12
1,3408275149,0.908940,2949131,1
1,828120509,1.025552,2950560,14
1,3873573467,0.792420,2952884,27
1,2830260583,0.975280,2957174,55
1,3496703663,0.904092,2958109,7
1,3972251251,1.033615,2959880,19
1,3706716379,0.965215,2966566,89
1,1896400547,0.903552,2967070,1
1,926446579,0.952484,2969896,34
1,982399777,1.036916,2971801,21
1,3376570451,1.007782,2972372,2
1,948241757,0.895409,2975890,44
1,275315071,1.080274,2976476,2
1,630392921,1.029829,2977183,4
1,1923864577,1.113220,2979007,20
1,2128894153,0.919090,2980713,18
1,2099995949,0.806468,2982696,22
1,4032407657,1.000488,2985301,27
1,2572990379,0.991172,2985972,3
1,1202447339,1.129764,2987362,1
1,2210608289,0.919621,2988134,1
1,1229850899,0.937500,2991708,43
1,3026745251,1.027455,2992859,10
1,4199453303,0.919090,2994510,17
1,3689908763,1.000488,2996144,17
1,885780239,0.969758,2998839,32
1,1644489727,1.025552,3006483,103
1,3808244269,1.022214,3007693,11
1,2449848449,0.899761,3008190,1
1,2249496589,1.062959,3012112,50
1,1574147699,1.004871,3015354,40
1,3710478029,0.877229,3016362,8
1,3520057291,0.993141,3018216,20
1,2744780669,0.936979,3018808,2
1,2389277791,1.031250,3019674,6
1,2737262323,0.988706,3020257,2
1,3559004539,0.981270,3021392,10
1,703139719,0.993632,3025463,52
1,2513693111,0.960652,3026887,14
1,3729526601,1.002438,3027472,2
1,3056529293,1.048157,3034095,88
1,3618103207,0.991172,3037403,41
1,2472578461,0.868840,3038575,7
1,3300062257,0.946313,3041040,29
1,2482790929,1.070284,3042951,21
1,2897688329,0.920152,3045502,28
1,1990204907,1.073018,3047998,29
1,297395621,0.938021,3048643,3
1,1654543823,0.920682,3052107,43
1,3531298349,0.942176,3055057,36
1,4043143567,0.887192,3055653,2
1,4277044823,1.013098,3056244,2
1,1093175113,1.035503,3058413,25
1,4184340269,0.974780,3062773,56
1,6873131,0.941657,3064365,17
1,2437334381,0.897588,3066423,23
1,4217406169,0.988706,3067153,4
1,3016576133,0.942176,3068510,13
1,1772830849,0.965215,3069151,3
1,1014073873,1.007782,3070282,10
1,3309066287,1.161727,3073323,37
1,2252254919,1.031250,3075598,26
1,3504505789,1.025552,3077654,23
1,4267774249,1.018386,3079411,19
1,3530927713,0.902471,3081037,17
1,3099208339,0.955044,3084490,43
1,2144082821,0.950945,3086192,14
1,1618369993,0.991172,3087286,9
1,1374457573,0.999023,3087868,2
1,223757263,1.021258,3089921,10
1,1557158381,0.984747,3092886,34
1,2097158513,0.996086,3093485,2
1,3640651243,1.002438,3094639,10
1,3061391779,0.993141,3095644,8
1,265905617,0.946313,3096642,8
1,599531497,0.970261,3098558,21
1,4011710077,0.979277,3099359,5
1,1447456951,1.091516,3100156,5
1,1249433261,1.033615,3101657,15
1,2015899913,1.093303,3104906,40
1,584724683,1.000488,3105619,4
1,2419435387,0.997556,3106273,3
1,1920304831,0.895409,3107773,15
1,1360402111,1.003899,3110111,27
1,3318098677,1.031250,3112372,26
1,2614762541,1.124132,3113230,6
1,830170241,0.936979,3114780,16
1,243907607,1.179248,3116557,19
1,3415358543,1.124132,3118616,23
1,1701301949,1.050483,3119691,9
1,3163644329,1.115848,3124539,63
1,2428601849,0.868840,3125252,4
1,802749187,1.086584,3126044,5
1,1518488639,1.053732,3127533,15
1,1636243291,0.897588,3130135,31
1,1251563473,0.895409,3134356,54
1,856265857,1.020780,3139007,60
1,1071980179,0.963190,3141378,18
1,395449259,0.853531,3143168,19
1,818110411,0.994614,3144802,17
1,2749237901,1.005842,3145728,7
1,3013027091,1.062959,3146765,6
1,3022531933,1.055121,3148410,17
1,3223071799,1.043488,3150306,21
1,23543777,0.994614,3151292,8
1,1114012789,0.914830,3152361,9
1,322834271,1.025552,3155184,34
1,1937527321,0.902471,3156544,13
1,3216888979,1.004871,3164303,105
1,973141049,0.921743,3166353,23
1,652881217,1.070284,3167001,3
1,3698726041,0.997066,3168561,16
1,1153786253,0.935414,3169692,10
1,847198901,0.925971,3170563,6
1,2660814239,0.997556,3171636,9
1,3667757311,0.945797,3176609,65
1,2657252449,0.962175,3177116,1
1,2233395139,0.977281,3177769,3
1,2111688079,1.033615,3178997,11
1,4143360653,1.086584,3179522,1
1,1026692363,0.962683,3181349,20
1,964815619,1.020302,3183877,30
1,3324529277,1.029354,3184664,5
1,32650619,0.970261,3186205,16
1,913726061,0.928078,3189981,43
1,2977746467,1.013098,3194354,41
1,873011441,0.844907,3195775,10
1,3008671229,0.946313,3199667,49
1,2308221677,0.962175,3200815,10
1,696903799,0.983258,3203577,33
1,3296803817,0.988706,3204152,2
1,4239136487,1.005357,3205723,16
1,645639637,0.997066,3208883,39
1,2752553053,1.086584,3209462,2
1,2338962961,0.991172,3212490,37
1,3767133767,0.932277,3213069,2
1,2868275987,1.048623,3215763,32
1,2292969257,1.094196,3216621,6
1,3993634291,1.081629,3217828,11
1,2702905133,0.913227,3220077,26
1,1880914853,0.970764,3221303,11
1,2795956673,1.004871,3222580,12
1,3421396403,0.970764,3224291,18
1,620426113,0.978779,3225145,6
1,585421549,1.090173,3226796,17
1,2508802343,0.928604,3228776,22
1,4202975837,0.936979,3231102,27
1,4096872431,0.997556,3231899,5
1,420286037,0.940101,3232400,1
1,2997677833,0.946313,3236326,50
1,1138970323,0.952484,3237055,4
1,2876531683,0.902471,3240709,46
1,423411539,0.970261,3241646,7
1,911195827,0.952484,3242864,11
1,3770011519,0.962175,3244019,10
1,726365303,1.046292,3246727,26
1,271632601,1.033615,3248075,13
1,3213510449,0.955044,3249163,9
1,951624347,0.821465,3249740,2
1,4071592787,0.970261,3251287,13
1,3068768377,0.877786,3254730,42
1,2009448989,0.853531,3255854,9
1,1699146749,1.027455,3259163,41
1,4276815259,1.072563,3259821,3
1,1081543627,1.012616,3260816,8
1,3698929697,0.942176,3262292,15
1,161942519,1.012616,3264410,24
1,2179869389,0.919621,3268050,46
1,1245890029,0.965215,3268768,4
1,1845024899,1.002438,3270052,12
1,2616004507,0.973777,3270576,1
1,2245653349,0.931753,3272418,20
1,92671847,1.033615,3274540,24
1,1573397261,0.922801,3275603,9
1,552388807,0.922801,3277156,16
1,801100043,1.005357,3277815,3
1,3464506541,0.970261,3279782,22
1,2905465391,0.977281,3280723,7
1,2669562589,0.938541,3285182,57
1,2370826981,1.004871,3296780,137
1,254673059,1.004871,3297958,8
1,2825377099,1.046758,3302602,60
1,1151087099,0.994614,3304017,14
1,899945741,1.051877,3306410,28
1,515882369,1.071652,3306921,1
1,1378137353,0.903552,3309032,24
1,421285873,0.978779,3313796,62
1,671388967,0.928604,3314574,5
1,144111301,0.914830,3318648,52
1,2378262037,1.033615,3321459,34
1,72604019,0.886090,3323846,28
1,2011396991,1.029354,3324442,2
1,345430801,0.983258,3324949,1
1,2896027807,1.002925,3325743,5
1,2540902477,0.934370,3327087,13
1,3630383027,0.946313,3331654,59
1,34926223,0.944764,3334102,29
1,3994732831,0.950945,3336294,25
1,3793019089,0.978779,3336795,1
1,3790183807,0.944764,3342122,70
1,593325127,1.064337,3347280,62
1,3066524701,0.977281,3350563,40
1,512553299,0.927551,3351930,11
1,1759329359,0.936979,3354077,24
1,998691011,0.946313,3355008,7
1,797993153,0.861503,3356144,10
1,2964027587,1.067086,3357852,18
1,220615279,1.046758,3359850,22
1,2072632409,0.977281,3360432,2
1,145130311,0.977281,3366493,80
1,1301549003,1.070284,3374857,113
1,3615475321,0.952997,3377956,38
1,3473400083,0.875000,3380903,36
1,2554173757,0.919090,3384275,42
1,177465823,0.994614,3387855,45
1,507072389,0.927551,3389061,11
1,264159737,0.998534,3392151,38
1,3519190817,0.923330,3392662,1
1,3847439083,0.889391,3395928,36
1,2686039193,0.972272,3397641,5
1,390153389,0.938541,3398756,8
1,277413937,0.946313,3401059,27
1,3668954591,0.973777,3409272,111
1,3373373539,0.902471,3410407,10
1,1575373369,0.922801,3412464,23
1,232290337,0.888841,3413029,2
1,1836210557,0.973777,3414033,8
1,3512591003,0.936979,3414687,3
1,4081248077,0.903011,3420873,82
1,1532564387,0.862070,3422087,11
1,1245422881,0.946829,3423219,10
1,2980143757,1.010685,3423871,3
1,3547482479,1.042552,3425984,24
1,738421199,0.920152,3426568,2
1,3003475633,1.063419,3428825,26
1,2491588507,1.021258,3431570,33
1,3702588217,1.104854,3432147,2
1,2961888409,0.946313,3434129,22
1,3115156669,0.970764,3436666,30
1,2303959319,0.961160,3438077,14
1,4217757083,0.891584,3440008,21
1,1924172141,0.965215,3441072,9
1,1580351777,0.945280,3443333,26
1,3735058027,0.928078,3443923,2
1,700089239,0.987223,3445976,23
1,2980471493,0.965215,3446693,4
1,2116664413,1.000488,3447979,7
1,2486226643,1.071652,3448838,5
1,1739468389,1.055584,3450263,14
1,1042744477,0.950945,3451394,10
1,597405097,0.964709,3453102,18
1,280103443,0.970764,3454019,4
1,2278273273,0.922801,3455725,18
1,1281178267,0.996576,3456796,9
1,960098497,0.970764,3457300,1
1,1709828623,0.835609,3464055,90
1,3327771457,0.973777,3466045,22
1,1996757369,1.007782,3466559,1
1,4171774031,0.940101,3469168,31
1,789193723,0.950945,3469888,4
1,1491444569,0.941657,3471121,10
1,2752322779,0.919621,3471944,5
1,778916167,0.916963,3473651,18
1,3314558173,0.846639,3478909,69
1,1028964011,0.936979,3479911,8
1,1335628421,0.946313,3482087,25
1,1699509043,0.970261,3483719,17
1,3466295377,1.037387,3484788,9
1,881120209,0.946313,3485927,10
1,320131901,0.911086,3487616,18
1,1647855467,1.002925,3491064,43
1,2295937187,0.862070,3491996,7
1,2968413769,0.968750,3493906,21
1,1704612061,0.952484,3503362,108
1,596721001,1.063419,3505535,22
1,4104437989,0.970764,3506670,10
1,3221821391,0.946829,3507532,6
1,1358070071,1.141374,3508594,9
1,2415219329,0.934370,3513544,64
1,696495601,0.884436,3514962,14
1,423017989,1.025552,3517205,26
1,98349319,0.938021,3518607,14
1,12704299,0.911622,3521041,29
1,2512052273,0.985243,3521825,5
1,2062265701,1.004871,3523397,16
1,284533247,1.027455,3525368,22
1,845070257,0.969254,3526092,4
1,1978069237,0.977281,3527656,16
1,2480792071,0.985243,3528379,4
1,464707169,1.061581,3528886,1
1,4192125449,1.058356,3530024,10
1,1180284923,0.969254,3532295,26
1,1016928439,1.042552,3533015,4
1,1640856067,0.953509,3533663,3
1,2989441639,0.977281,3538381,61
1,1647518021,0.907865,3540414,23
1,2250423853,1.008751,3542251,20
1,819411667,1.046758,3543744,15
1,883720489,0.970764,3546415,32
1,648368159,0.919621,3548388,22
1,2595478871,1.109265,3548976,2
1,2840875099,0.919621,3553380,48
1,911707409,1.006813,3553973,2
1,3720225931,1.106179,3554696,4
1,1731794593,0.994614,3556871,25
1,873958087,0.984747,3558658,17
1,1030610641,0.934370,3562815,53
1,761827609,1.046758,3565428,31
1,2258718779,0.895409,3566712,12
1,1686772261,1.027455,3567784,9
1,931846417,0.997066,3569616,20
1,2831810447,1.005842,3571550,21
1,147158549,0.961160,3575261,47
1,3572805463,0.928078,3577743,29
1,3278443661,0.970764,3581043,41
1,515740987,1.061581,3583929,35
1,2965252687,0.986233,3587519,45
1,2662439629,0.960652,3593281,76
1,1070205413,0.853531,3594076,5
1,3067599167,1.039268,3594677,2
1,1097837959,0.955044,3596804,24
1,3654157057,0.897588,3600194,38
1,4050358177,1.093303,3600797,2
1,932604781,1.070284,3602813,5
1,693471017,0.997066,3605778,34
1,3189652231,1.024123,3607628,20
1,4039422133,1.166760,3608137,1
1,469332977,1.035503,3610605,29
1,1229747359,0.862070,3614041,43
1,814297531,1.084785,3615171,10
1,686048887,0.988706,3618968,48
1,1000362089,0.877229,3619617,3
1,3748515539,0.882225,3622469,34
1,561776233,0.940101,3624222,19
1,711522499,0.960652,3625363,10
1,1661481911,0.977281,3628120,33
1,983864051,0.993632,3629811,18
1,2187912901,0.991172,3630535,4
1,2853788953,1.073018,3631390,6
1,1236106709,0.906789,3632117,4
1,212101369,0.997066,3636521,57
1,201245411,0.964203,3637306,5
1,2319635429,0.889391,3639417,24
1,853281713,0.927551,3641056,17
1,3023224637,0.919621,3647287,83
1,3087527239,0.953509,3648505,11
1,4179445541,0.962175,3649364,6
1,2569335689,0.921743,3650295,7
1,371345837,0.880563,3651001,4
1,4056624857,0.880563,3656667,69
1,1623798269,0.885539,3658108,14
1,1132476803,0.986233,3664516,84
1,3354623513,0.970261,3667438,35
1,2200205489,1.078012,3669201,19
1,4265199997,0.920152,3670417,11
1,608575139,0.991172,3676975,87
1,2142858469,0.973777,3679590,31
1,10009423,0.977281,3681261,18
1,2280402473,0.977281,3682605,13
1,2938729613,0.988706,3683118,1
1,1130747693,0.920152,3685525,28
1,641375233,0.993141,3688907,42
1,1477327441,1.047691,3691987,38
1,105306371,0.965215,3696892,64
1,3175566473,1.013098,3697748,6
1,2700179843,1.036916,3698683,7
1,1976119679,0.888841,3701723,33
1,3889222301,0.984747,3705556,35
1,3058123351,0.921743,3708136,26
1,2840213267,0.908940,3711389,40
1,2412663989,0.917495,3712605,11
1,1795506539,1.046292,3715353,33
1,2517573749,1.020780,3716354,8
1,704547787,1.005357,3718208,20
1,1987556033,0.844907,3719414,11
1,248206691,0.919621,3721810,28
1,2349040391,1.018386,3729250,100
1,477386339,1.004871,3731284,23
1,145522997,1.015985,3733687,28
1,3239499113,0.941657,3734680,8
1,641874463,1.017906,3742693,108
1,1651048603,0.913227,3744333,17
1,2680256323,1.083884,3744925,2
1,1577828387,1.046292,3745507,2
1,2925048443,0.987223,3746301,5
1,3616763977,0.880563,3747296,8
1,3578554783,0.875558,3748366,9
1,1854498521,0.978779,3749719,13
1,345653309,1.061120,3750284,2
1,1237300651,0.980274,3752118,19
1,3206502127,1.008267,3753024,6
1,326022341,1.018386,3754086,9
1,4218646963,0.930180,3755100,8
1,1077051641,1.086584,3758845,43
1,713512883,1.031250,3761251,28
1,3300193177,0.893772,3762580,10
1,2451283897,0.997066,3763386,5
1,2287976419,0.924387,3763906,1
1,1353642383,0.902471,3764419,1
1,707500229,0.878342,3764928,1
1,3094202819,0.902471,3766563,17
1,2144688209,0.975280,3767779,11
1,3969947087,0.846639,3768795,8
1,2151591157,0.988706,3769453,3
1,2382728377,0.981270,3769956,1
1,1657067747,0.952484,3770882,7
1,3482949637,1.008751,3771738,6
1,127103437,1.040677,3772379,3
1,835416259,1.004871,3773304,7
1,438244187,0.914830,3777359,52
1,4092445243,0.940101,3778174,5
1,1975174679,0.962175,3778690,1
1,4225984909,0.985738,3779494,5
1,3700047149,0.976781,3780006,1
1,1719815371,1.068458,3780721,4
1,2178370511,0.902471,3784080,41
1,3193151881,0.965215,3787037,36
1,80348491,1.039268,3787947,7
1,1809753677,0.897588,3788538,2
1,1893341551,1.113220,3792186,46
1,2182859383,1.055121,3793116,7
1,3130290599,1.031250,3793628,1
1,3529268453,0.765466,3794493,6
1,2335451621,1.010685,3796556,23
1,3712034749,0.897588,3797695,10
1,482992717,0.908940,3802769,62
1,880759849,0.934370,3806639,36
1,80630383,0.969758,3807919,9
1,1337014513,0.872205,3809152,11
1,461043733,0.872205,3810205,8
1,3080443237,1.012616,3811633,8
1,1505707337,1.012616,3815208,43
1,1685585339,0.983258,3816801,16
1,142891789,0.952484,3817435,3
1,1648309043,1.061581,3818095,3
1,1604203613,0.975280,3819725,17
1,1908848393,0.962683,3820861,10
1,1784955857,1.087033,3823181,27
1,1347619267,1.048623,3824524,13
1,3363224693,0.988706,3825676,10
1,12437261,1.014543,3829295,46
1,1819113007,0.934370,3832116,34
1,2932189669,1.020302,3833119,8
1,1752557171,0.908403,3834330,11
1,2455265093,0.946829,3835839,15
1,2840241281,1.002438,3838100,26
1,1609885691,1.171771,3842122,51
1,3606168991,1.035503,3845288,39
1,2197106053,0.914830,3847473,25
1,2973434459,0.894318,3849241,19
1,3522347833,1.039738,3850950,18
1,2777805731,0.877786,3852300,13
1,1816386031,1.012133,3854211,21
1,2072967977,1.033615,3855637,14
1,3472625903,0.994614,3856292,3
1,2973840739,0.994614,3858763,29
1,4123474129,0.981270,3861649,35
1,909870539,1.029354,3864452,29
1,796895117,1.025552,3864980,1
1,2287943659,0.950945,3865708,4
1,918102043,0.969254,3866846,10
1,548156233,0.871645,3867414,2
1,764256653,0.901929,3870021,28
1,4120057313,1.012133,3873827,48
1,663779327,0.852386,3874413,2
1,1443862799,0.938541,3875342,7
1,1632035539,1.044423,3875858,1
1,2915970487,0.946313,3876452,2
1,1629387259,0.931753,3878654,25
1,238481561,1.057433,3882284,46
1,2104733177,0.952484,3883581,12
1,945167323,1.004871,3884162,2
1,2146289009,0.986233,3885377,11
1,3203168819,0.970764,3886252,6
1,3758767297,1.028405,3891004,62
1,3113890061,1.006813,3891650,3
1,3357610723,0.931753,3892153,1
1,2568477287,0.946313,3895623,43
1,361288297,1.019823,3896263,3
1,2743902449,1.024123,3897672,14
1,3301790743,1.020780,3899364,18
1,2624812847,0.886090,3902048,32
1,4117889953,0.877786,3902901,6
1,2081348429,0.931753,3905073,20
1,1097958767,1.057894,3906803,18
1,1680192413,0.908940,3919544,156
1,916560751,1.069371,3921504,19
1,846768067,1.113220,3930973,129
1,2434730503,0.941657,3934376,42
1,1125246569,0.984747,3936134,19
1,2417828143,0.981270,3938679,30
1,1391847563,1.040677,3941351,32
1,1643242507,0.827388,3943258,21
1,649296299,1.103970,3949143,78
1,2615270753,0.969758,3949733,2
1,783160379,0.930180,3951285,16
1,3745875817,1.118471,3956617,70
1,3450597331,0.976781,3958759,24
1,2739903743,1.048157,3960949,25
1,4238315129,0.931753,3961677,4
1,52260493,0.914830,3962601,3
1,1618254083,1.040677,3965851,37
1,692896271,0.970261,3968111,26
1,2107198631,0.965215,3970227,21
1,3766299359,1.156250,3973213,36
1,1844741867,0.975280,3981604,114
1,743530313,0.904092,3982664,9
1,2217393967,1.111464,3985961,41
1,3113440927,1.004871,3986757,5
1,612980177,1.031250,3987393,3
1,1871623087,1.046758,3987983,2
1,3511001411,0.919621,3991714,47
1,612409997,1.086584,3994929,40
1,4010233511,1.042083,3998323,42
1,2226349259,0.994123,4003049,61
1,620540561,0.998534,4006198,39
1,3485548513,0.970764,4011592,54
1,1108219067,0.804043,4012525,2
1,1032820673,0.984747,4013394,6
1,1280903149,0.955044,4015083,17
1,3027711397,0.934370,4016381,12
1,1089444457,1.012133,4019565,39
1,72766063,0.894864,4020063,1
1,3709029367,0.932277,4021006,7
1,3604380847,0.889939,4025645,60
1,528611233,0.911622,4027757,24
1,3752559637,0.945280,4031758,51
1,334986199,0.897588,4032974,11
1,2884519987,1.029829,4034819,20
1,464706793,0.997066,4035397,2
1,1210598567,0.965215,4036315,7
1,586293913,0.941657,4039201,35
1,871607813,0.969254,4040625,14
1,1496299309,1.040677,4041210,2
1,446891017,0.931753,4043867,32
1,514505333,0.872205,4044884,8
1,846970639,0.928078,4047149,26
1,2874018269,0.961160,4050117,36
1,153223099,0.965215,4051675,16
1,4293747397,1.081629,4052194,1
1,2493948511,1.005842,4052775,2
1,1047428269,0.938541,4053577,5
1,1132348391,1.109705,4054302,4
1,3519525721,0.928078,4056280,22
1,1395624961,0.984747,4056929,3
1,277168351,0.983258,4060635,47
1,1066499957,0.825615,4062976,27
1,4031420339,0.987223,4065799,27
1,1485143117,0.860369,4066327,1
1,2890401959,1.005357,4067831,15
1,790522001,0.934370,4070071,23
1,1830728197,0.962683,4072272,25
1,31269781,0.984747,4073600,13
1,3844559977,0.988212,4075725,24
1,1289453947,0.928078,4079020,41
1,1397083873,1.025552,4080226,11
1,3283281767,0.993141,4084864,60
1,630127691,0.986233,4086212,13
1,4092449293,0.877786,4086728,1
1,134054341,0.956066,4087368,3
1,1120328161,1.039738,4087947,2
1,3234788833,0.944764,4089857,21
1,2220777961,1.016466,4096251,85
1,2904464471,1.002438,4097539,12
1,1511881141,0.928078,4098402,6
1,1877764099,0.965215,4102284,49
1,638303551,0.975280,4102798,1
1,491347739,0.860369,4103655,6
1,1064138921,0.944764,4105838,25
1,4236186043,1.031250,4106357,1
1,1432473773,1.004871,4109116,33
1,3715222327,1.071652,4110479,9
1,2716576361,0.885539,4111506,8
1,3833319907,1.015985,4114158,19
1,583118131,0.904092,4118200,47
1,2670960569,1.035503,4125038,91
1,826011001,0.932277,4126258,11
1,753065129,1.014543,4126833,2
1,3582149071,0.940101,4130163,41
1,1115626651,0.993141,4132764,31
1,3237202259,1.012616,4133276,1
1,1106193607,1.020780,4134068,5
1,1939188721,0.980274,4137318,40
1,508956323,0.956066,4140199,35
1,571147151,0.868840,4142654,29
1,558083441,0.960652,4143229,2
1,1875703411,0.948374,4146911,46
1,2354445851,0.904092,4151067,53
1,994614433,0.989199,4151930,6
1,3357218041,0.998534,4154880,36
1,234108841,1.140946,4155460,2
1,3051790151,0.864897,4156474,8
1,442476053,0.949404,4163034,88
1,3348877507,0.872205,4163618,2
1,1969640801,1.078012,4167342,43
1,1639995391,0.893772,4169979,31
1,3370980773,0.880563,4176296,82
1,2553146507,1.054659,4178367,23
1,245574971,1.114973,4181381,37
1,3278748461,0.942176,4183654,26
1,1278856307,0.991172,4186832,39
1,2394974969,0.954021,4188245,14
1,2215101041,0.880563,4189452,11
1,1596277843,0.994123,4190795,13
1,3908023337,1.061581,4194169,42
1,2986169569,0.931753,4195031,6
1,3638258731,1.020780,4195893,6
1,132891179,1.005357,4197645,19
1,3481920517,1.025552,4199213,16
1,1303866329,0.938021,4200152,7
1,999088967,0.919621,4201927,19
1,933703049,1.111903,4202647,4
1,3248849581,1.012133,4203507,6
1,2672168383,0.913227,4206894,42
1,2988104767,0.934370,4208461,16
1,385399423,0.841432,4214882,81
1,123235111,0.919621,4216287,1
1,733233673,0.829745,4217671,10
1,984142727,0.877229,4219800,24
1,3380209817,0.930180,4220591,5
1,3849330073,1.070284,4221879,12
1,3160140779,0.973276,4222819,7
1,2171820689,1.115411,4224868,23
1,1800979519,0.975280,4225936,9
1,1451616601,1.046758,4228489,30
1,2700396077,0.947859,4229135,3
1,1623321967,1.023646,4231481,27
1,1442129653,0.899761,4232624,10
1,1340720651,1.000488,4234668,23
1,2165981137,0.988706,4238731,52
1,3891766481,1.055584,4241345,31
1,2627351527,0.815499,4242848,15
1,2341260167,0.903552,4244341,15
1,1107851851,0.984747,4245826,15
1,1207100101,1.039268,4248514,32
1,1509570749,0.984747,4249100,2
1,2346860303,1.048157,4252108,34
1,3248172077,0.846639,4253346,11
1,3437727659,0.975280,4255492,24
1,1797835997,1.010685,4257478,22
1,3825708629,0.977281,4261581,52
1,2239248677,1.047691,4263339,19
1,4169261809,0.900304,4265744,28
1,3767316593,1.018386,4266843,6
1,545026123,0.893772,4268082,10
1,1170187913,1.014543,4269854,19
1,101478497,1.008751,4270899,9
1,703441789,0.908940,4274456,42
1,127695283,0.885539,4275607,10
1,1533889601,0.957597,4279352,47
1,755349941,0.886090,4280510,10
1,3194114933,1.115848,4281527,8
1,1060441301,1.000488,4282532,8
1,739463629,1.093303,4283801,12
1,1058411491,0.988706,4284730,7
1,2169467527,0.889391,4287890,39
1,2730580561,1.007782,4289575,18
1,3324060547,0.978779,4290295,4
1,165271189,0.928078,4292214,21
1,119391739,0.900304,4295302,38
1,1738059139,0.855246,4296161,6
1,3332520227,1.025552,4297017,6
1,328748881,1.046292,4298575,16
1,461753629,1.086584,4299359,5
1,266438849,0.962175,4301893,30
1,4263773027,0.969758,4303584,18
1,3637310351,1.015985,4308147,59
1,2869619843,1.007782,4312789,60
1,3563941097,1.007782,4314856,19
1,2623793743,0.956066,4315474,2
1,4006841341,0.970261,4316136,3
1,1775536799,1.007782,4323047,76
1,1541003669,0.982762,4323755,1
1,3974429051,1.136229,4324833,9
1,1639157801,0.916963,4325960,10
1,1410281527,1.124132,4326675,4
1,2650978871,1.128899,4329421,33
1,1824153521,0.867152,4331480,23
1,1124445649,0.919090,4336665,68
1,1106229043,0.904092,4340487,48
1,2203322687,0.867152,4342672,25
1,3293684183,0.898675,4343180,1
1,2648149949,0.916963,4344474,12
1,1389186707,1.000488,4346660,25
1,2319360221,0.904632,4347312,3
1,567342079,0.806468,4348105,5
1,1729401769,0.910550,4349938,20
1,2401280159,0.963190,4351141,11
1,743265937,0.941657,4352763,17
1,3247377031,0.911622,4353409,3
1,2508686123,0.991172,4354056,3
1,3306596437,1.031250,4355689,17
1,2389224163,0.919621,4357389,18
1,2303153513,0.952997,4358739,13
1,2353681591,0.974780,4359944,11
1,3206347037,0.830333,4361796,20
1,1973734747,0.897588,4364830,37
1,3518005111,0.875558,4367929,38
1,635534437,0.889939,4369273,13
1,3435090437,1.100870,4369991,4
1,1244349373,1.076198,4371000,8
1,2971430519,0.970764,4372385,10
1,3871784923,0.936458,4373129,3
1,3632058061,1.097316,4376291,38
1,3729215983,1.104412,4377166,6
1,4269459641,0.954533,4380003,32
1,1519860869,1.004871,4382497,29
1,2368373213,1.066628,4383662,10
1,3916265603,1.097761,4387671,51
1,2598246487,0.957597,4388878,11
1,2258411591,1.031250,4389593,4
1,2046328223,0.982762,4390185,2
1,3954431543,1.005357,4391263,9
1,240646733,0.932277,4392258,8
1,3719875531,0.975280,4393263,8
1,1027232159,1.014061,4394124,6
1,4242353443,0.997066,4394640,1
1,1730327773,1.040677,4397245,31
1,564598613,0.936979,4398100,6
1,3701139179,0.928078,4400584,29
1,119280773,1.000488,4401500,7
1,1959684659,0.982762,4407412,78
1,3014813827,1.039268,4409876,29
1,1989703901,0.987223,4414374,58
1,1642250651,1.031250,4418786,52
1,120873439,1.093303,4422276,28
1,1201478303,0.852959,4424251,18
1,2053818451,1.109705,4426583,27
1,2651338813,1.063419,4427298,4
1,2403303563,0.839108,4429910,31
1,71243779,0.965215,4434720,63
1,4207614259,0.950945,4436000,12
1,1886377387,0.889391,4441882,78
1,3467412257,0.988212,4443848,22
1,3323205409,0.929655,4444349,1
1,4000328369,0.993632,4448648,55
1,4025629969,0.829745,4449719,9
1,2100885467,0.895954,4450873,10
1,3274303811,1.029354,4457622,90
1,2418769051,0.955044,4459037,14
1,2490104861,0.921213,4462983,50
1,3703945067,0.910550,4464344,13
1,3251696449,0.910550,4465275,7
1,3993764881,0.928078,4466887,17
1,2022790537,0.933847,4468585,18
1,4190172607,0.848942,4469174,2
1,1420273133,0.977281,4472903,41
1,2507406799,0.910550,4473753,5
1,160416979,0.997066,4476791,37
1,2387536399,1.000488,4478928,22
1,1135584521,0.818488,4480016,9
1,956231197,0.938541,4482425,28
1,3642433999,1.089725,4484423,22
1,3416806721,0.984747,4486550,24
1,105258949,0.965215,4488940,28
1,2481048809,0.978779,4489459,1
1,3020293693,1.015985,4490586,10
1,2367526633,0.928078,4492572,22
1,1290048413,1.031250,4493992,14
1,1243731581,0.977281,4494509,1
1,763860719,0.916963,4496917,28
1,3005019839,0.931753,4497647,4
1,2371909103,0.908940,4502876,68
1,1704398911,0.891584,4503674,5
1,3213415181,0.886090,4506021,27
1,299117113,0.934370,4508400,28
1,1217013443,0.944764,4511825,43
1,4056225763,0.985738,4513460,17
1,2472634459,0.934370,4516495,37
1,3106472231,0.922801,4518668,25
1,2738533177,0.895954,4519759,4
1,2100217489,0.846639,4521564,19
1,659507669,0.910550,4525219,31
1,2121162497,0.997556,4528394,35
1,528547207,0.875000,4529130,4
1,3108133711,1.093303,4530414,12
1,578164709,0.911622,4533227,34
1,901112357,0.928078,4536256,37
1,2129221433,0.970764,4539011,33
1,4144085111,0.988706,4541341,27
1,2479624577,1.055584,4543533,25
1,984136159,0.977281,4547206,46
1,1993615651,0.938021,4551760,59
1,1338336757,1.003899,4554109,27
1,183231857,0.969254,4554611,1
1,1608277037,0.913227,4555684,9
1,2861568841,0.820275,4557714,23
1,3173621827,0.959126,4558222,1
1,314365993,0.914830,4558930,4
1,284341513,0.927551,4561037,24
1,798627041,0.849517,4563916,35
1,2499709741,1.004871,4565412,15
1,1801437821,0.854103,4567476,23
1,3865504051,1.031250,4570928,43
1,162901169,1.120651,4576728,72
1,3512524583,0.982762,4577670,7
1,2553041059,1.062959,4578527,6
1,917827109,1.136658,4582608,49
1,3597444209,1.076198,4583895,12
1,2393173547,0.984747,4592118,111
1,1102207507,0.987223,4592833,4
1,1087385669,0.937500,4596613,48
1,3635312701,1.018386,4600845,54
1,1829636617,0.985738,4601414,2
1,806271313,0.987223,4604293,35
1,1422939691,0.988706,4605427,10
1,120937697,0.973777,4606137,4
1,651567481,0.836777,4607074,7
1,3713115829,1.020302,4609146,23
1,4169503111,0.982762,4612183,37
1,4294127459,0.984747,4615295,38
1,1608512351,1.003899,4616243,7
1,3332630339,0.907865,4618705,29
1,631973933,1.031250,4619628,7
1,930366097,1.025076,4627296,81
1,3180343259,0.955044,4628702,9
1,4272914441,0.902471,4629221,1
1,1456796951,0.963190,4632396,39
1,4150328999,0.925971,4634406,22
1,943989341,0.914830,4634906,1
1,2264758823,0.961160,4636050,10
1,3425079503,0.946313,4636629,2
1,3135762139,0.941657,4643011,85
1,228594467,0.864897,4644062,9
1,394111181,0.948889,4644649,2
1,1805333209,0.988706,4647249,31
1,2701879793,0.884436,4648312,9
1,893208889,0.983258,4649167,6
1,138804487,0.934370,4649875,4
1,662292359,0.948889,4650534,3
1,3372991417,1.136229,4651947,14
1,607599359,1.014061,4654627,32
1,450620801,1.024123,4656316,18
1,279370669,0.904632,4657795,15
1,550177373,1.017906,4658296,1
1,2521476983,0.857526,4659022,4
1,279264397,0.991172,4661203,25
1,2047349179,0.888841,4661849,3
1,2124111553,1.147773,4665114,40
1,2087873947,0.911086,4666890,19
1,2485102519,0.920682,4668601,18
1,3504750563,1.000488,4669116,1
1,2239563617,0.826207,4669827,4
1,1118018761,0.952484,4671034,11
1,252607583,0.919090,4677350,84
1,3082199669,0.936979,4680434,32
1,942856631,1.035503,4681179,4
1,1157272793,0.806468,4682106,7
1,1531800533,0.897588,4684014,21
1,13060651,1.110145,4685329,10
1,1070021287,0.970764,4686352,8
1,1655260627,0.977281,4687147,5
1,216669731,0.919090,4689401,26
1,536954657,0.987223,4690862,15
1,2492469619,0.944764,4693543,32
1,2702520871,0.930180,4695092,16
1,3458751977,0.822059,4696019,7
1,467879723,1.055584,4699400,42
1,3355136467,0.857526,4700483,9
1,2694774209,0.942176,4701690,11
1,3250240619,1.113220,4703750,23
1,4286258209,0.895954,4704480,4
1,1420584791,0.857526,4705202,4
1,3381153901,0.940101,4707377,25
1,2731550813,1.012616,4708022,3
1,3215522467,0.886090,4709323,12
1,2262221251,0.888841,4711882,30
1,990186371,1.027455,4714683,34
1,2422801523,1.039738,4715329,3
1,826120021,1.005357,4717540,25
1,3560609021,0.974780,4719306,19
1,1795493797,0.932277,4719815,1
1,1022592647,0.872205,4720887,9
1,579732749,1.040677,4723339,29
1,378577279,1.004871,4724517,6
1,1681270589,1.004385,4729173,44
1,3666070613,0.998534,4733440,52
1,3748120219,0.983258,4734324,6
1,3239680751,0.870524,4735053,4
1,3247881661,1.010685,4735919,6
1,44304307,0.880563,4737675,19
1,3870145001,1.024123,4739305,17
1,3261910567,0.997556,4740652,13
1,3403889483,0.983258,4744862,54
1,3361472801,0.867715,4750754,78
1,3704550611,1.140090,4752376,16
1,2136177299,1.013098,4754127,18
1,3519897317,1.065254,4756318,25
1,1916290693,1.039738,4757811,15
1,514657049,1.064337,4758939,10
1,273735281,0.904092,4759575,3
1,528350617,0.862070,4760370,5
1,3871771549,0.980772,4761163,5
1,2070247129,0.898675,4761891,4
1,3505196683,0.922801,4763586,18
1,680989733,1.003899,4764995,14
1,4201627519,0.914830,4766163,10
1,800946241,0.981270,4767298,10
1,2524999423,1.052341,4767953,3
1,1448249219,0.911622,4769792,20
1,1968494477,0.969254,4771565,19
1,3774118091,0.988706,4772650,9
1,1880541073,0.928078,4774556,21
1,1650359519,0.952484,4775075,1
1,844819399,0.778746,4775594,1
1,346118303,0.914830,4780173,53
1,54215003,0.880563,4784496,55
1,1528221221,1.033615,4785986,12
1,3884066843,1.012133,4787627,17
1,596899463,0.981270,4790659,37
1,2135516749,0.796722,4796544,78
1,1763308903,0.867715,4797060,1
1,2155639643,0.974780,4797718,3
1,3293161969,0.995105,4798509,5
1,4150406279,0.977281,4799997,15
1,1248436703,1.047691,4800940,7
1,2139943387,1.086584,4802643,18
1,1700852927,0.919090,4809519,92
1,11632459,1.019344,4810010,1
1,926294207,0.946829,4810730,4
1,2155206919,1.014061,4812840,24
1,2783677483,0.997556,4813568,4
1,359011489,1.012616,4815731,25
1,1556241143,1.062959,4821915,82
1,1468881731,1.089725,4822916,8
1,1806044171,0.970764,4824327,14
1,1665644681,1.037387,4826664,22
1,1842506023,1.040677,4828385,18
1,2054347,0.981270,4831413,23
1,2494997359,0.855246,4832469,6
1,191220949,0.895409,4840315,106
1,91730789,1.084785,4841307,8
1,2074050731,0.991172,4844956,46
1,1266537431,1.032197,4845687,4
1,207562867,1.070284,4847657,22
1,4175562319,0.975280,4848585,7
1,2789292229,1.068458,4849229,3
1,1802488229,1.012133,4850654,14
1,23993251,0.866589,4851218,2
1,510410827,0.955044,4852623,14
1,2971145791,0.927551,4853617,8
1,2061778253,0.988706,4854133,1
1,3040973917,1.027455,4860032,78
1,3143530567,1.061581,4861252,11
1,2625854713,0.919621,4862251,8
1,4278663073,0.904092,4864088,20
1,1153503059,1.081629,4869130,66
1,4144294367,0.957597,4869726,2
1,3963721217,1.061581,4871557,20
1,1637175341,1.068458,4873552,22
1,168049043,0.994614,4874673,10
1,844826761,0.906789,4875203,1
1,2962406351,0.945280,4885602,134
1,2694537679,0.934370,4887824,22
1,4261792811,0.977281,4889684,20
1,2129302117,0.956066,4896294,88
1,2022894763,0.918559,4898347,23
1,1538951663,0.960652,4899080,4
1,3050962549,0.908940,4900868,19
1,3645141931,0.935414,4901590,4
1,496061869,0.942176,4902374,5
1,4033332881,0.970261,4904005,17
1,2412793841,0.895954,4904867,6
1,1646236441,0.955044,4906208,13
1,2640871733,0.984747,4908593,28
1,2287033871,0.977281,4910770,25
1,2689800833,0.952997,4911271,1
1,274325803,1.178419,4912187,7
1,218155409,0.900304,4913375,11
1,269189621,0.927551,4919172,77
1,2427351781,1.104412,4920308,10
1,3920693549,1.000488,4921025,4
1,1769813579,0.970764,4922304,12
1,3821833331,0.962683,4922887,2
1,18949771,0.973777,4923726,6
1,2323819231,0.855246,4925003,12
1,2657788037,1.046292,4925718,4
1,4159577581,0.942176,4929678,46
1,4038475583,0.969254,4930708,8
1,719805529,1.156250,4934273,32
1,894630973,0.950432,4935177,2
1,2439998329,0.839108,4935915,4
1,63027647,0.963190,4938183,21
1,2710077509,1.063419,4939555,13
1,2073471199,0.974780,4940774,11
1,1628230091,1.064795,4941566,5
1,2884458977,0.954533,4943276,18
1,2312626031,1.050483,4945483,25
1,1824374537,0.946829,4947600,24
1,3951267869,1.012616,4948955,13
1,3148133953,0.911622,4954935,79
1,1049653439,1.004871,4959363,57
1,3108585989,1.064337,4961072,18
1,3217166153,0.994123,4961797,4
1,204678251,0.877786,4962435,3
1,822584557,0.988706,4965111,32
1,2486508191,1.094196,4966596,15
1,1543307351,1.022214,4968221,17
1,3205424041,0.932277,4970406,25
1,467773703,0.965215,4973717,41
1,1649009693,0.870524,4975133,14
1,28875037,0.921743,4977873,33
1,2978689079,1.021736,4979572,18
1,2776590203,0.806468,4982704,38
1,3395957221,0.979277,4983980,12
1,1579590557,0.988706,4986524,30
1,4014477713,0.886641,4987374,6
1,733217453,0.919621,4989095,14
1,1043490439,1.004385,4989683,2
1,2241161291,0.991172,4992420,33
1,3843266491,0.988706,4995582,36
1,2749767437,0.952484,4997646,23
1,3391524397,0.984747,5001787,53
1,2247889921,0.991172,5002991,11
1,1746293911,1.004871,5004272,12
1,3113871037,0.870524,5007087,34
1,1645496491,0.921743,5008425,13
1,2887560167,0.978779,5009656,11
1,2278954441,0.955044,5011494,20
1,737032811,0.911622,5012426,7
1,2730907537,0.965215,5014773,27
1,4036472281,1.000488,5016192,14
1,3798557107,0.988706,5017955,19
1,4125398813,0.946313,5021835,49
1,2295611489,0.910550,5023247,14
1,577008997,1.007782,5026048,34
1,4025742029,1.034559,5027616,16
1,3736366633,1.014061,5028337,4
1,3340848673,0.944764,5029055,4
1,3222210457,0.944764,5030467,14
1,500210569,0.973777,5031038,2
1,3947725429,0.908940,5033788,28
1,702551321,1.069371,5034364,2
1,1644137533,0.994614,5037602,25
1,406321429,1.111464,5039118,14
1,267002909,1.039738,5040107,8
1,4155256489,0.952484,5041533,14
1,484774489,1.012133,5045249,47
1,4065515833,1.097761,5046315,9
1,2350764083,0.938541,5047590,12
1,3259232377,0.961160,5049571,22
1,2638335683,0.950945,5050232,3
1,3705064697,0.882225,5051168,7
1,1653414031,0.955044,5052167,8
1,345929897,1.078012,5053436,12
1,1507016963,1.100870,5056825,42
1,1712990953,0.897588,5059852,37
1,1493137157,0.906789,5062054,25
1,1801984081,1.029354,5063041,8
1,3297370213,0.970764,5064387,13
1,3527653621,1.148198,5066367,22
1,3950464663,1.078012,5066892,1
1,474893099,0.920682,5067397,1
1,4006465139,1.068458,5069318,21
1,3051693527,0.897588,5070328,8
1,2686335373,0.974780,5071049,4
1,3981796279,0.955044,5075117,52
1,3941656931,0.867715,5075632,1
1,4066708489,0.895409,5078848,40
1,1037239001,0.969254,5079422,2
1,3694847729,0.919621,5080437,8
1,2094333697,0.934370,5082787,27
1,83223953,1.013098,5084261,15
1,567579557,1.033615,5084975,4
1,4077244967,1.004871,5088327,37
1,1552044701,0.910550,5089500,10
1,3173636251,1.002925,5091068,14
1,2534286631,0.857526,5092536,11
1,3530349479,1.070284,5093243,3
1,375854807,0.919621,5093751,1
1,2249753893,1.104412,5094520,4
1,1008532433,1.081629,5095384,6
1,1688985593,1.017906,5097274,18
1,3706564307,1.084785,5099682,28
1,560126167,0.902471,5103784,50
1,3378143141,0.950945,5106136,27
1,2340253211,1.002925,5107426,12
1,1201510357,0.998534,5108512,9
1,3660840311,1.012616,5112381,49
1,461941531,0.919621,5113164,5
1,518458253,0.915364,5113882,4
1,2416921453,0.869402,5115294,14
1,555181421,0.904092,5117197,21
1,203840543,0.940101,5119993,34
1,2364576943,1.031250,5123246,40
1,1721298991,0.960652,5124807,16
1,733315487,1.025552,5126726,21
1,1130125159,0.964709,5127240,1
1,1598062607,0.969758,5128230,8
1,2769790021,1.027455,5128736,1
1,3276643547,0.991172,5129608,6
1,2771982971,1.031250,5131659,23
1,3321679733,0.919090,5135131,39
1,117690721,0.919090,5137675,30
1,2781685817,0.903552,5139391,18
1,1598579293,0.920152,5141467,10
1,2673617951,0.945797,5142266,1
1,3568705859,1.015985,5146338,52
1,1262065517,1.082983,5151548,68
1,481389803,0.955044,5152821,12
1,1494910909,0.867152,5154044,11
1,1103122733,1.109265,5155174,10
1,3765690547,0.882225,5156034,6
1,2694584569,1.100426,5157173,10
1,1051127723,1.068458,5160702,44
1,4103340749,1.086584,5161416,4
1,2266627747,1.115848,5163894,29
1,4224064561,0.960652,5164547,3
1,1991809999,0.839689,5165414,6
1,3648052073,1.128899,5166765,13
1,493354097,1.120651,5167903,10
1,511564861,0.980274,5170721,34
1,811291651,1.056047,5171222,1
1,1991075551,1.018386,5174627,42
1,659463733,0.867152,5175979,13
1,3482181539,0.848942,5176848,6
1,1457373851,0.994614,5181975,67
1,4010411837,1.015985,5184026,23
1,4233395137,1.048157,5184750,4
1,442545221,0.978779,5188268,44
1,2455186241,0.928078,5191412,39
1,645437483,0.927551,5192196,2
1,3705544841,0.889939,5196048,48
1,373088929,0.973777,5197535,15
1,3821417291,0.956066,5199164,14
1,2636522347,0.870524,5201153,22
1,2384383049,0.984747,5202511,13
1,228423451,1.033615,5203435,7
1,1955648971,0.957597,5204440,8
1,1636395169,0.946313,5206913,29
1,1069216817,0.954533,5209670,33
1,3228296219,1.004871,5210465,5
1,1667863751,0.903011,5211950,15
1,904623541,0.957597,5213659,18
1,39430057,0.986233,5214153,1
1,2530463941,1.067086,5218022,49
1,1160015209,0.854103,5219016,8
1,3148544627,1.025552,5222116,38
1,4144683341,0.977281,5223542,14
1,3547866787,1.005357,5227830,55
1,13903177,0.938541,5230187,28
1,368918509,0.946829,5231478,12
1,2988713333,0.904632,5234974,44
1,3963843967,0.991172,5236666,13
1,2900519527,0.928078,5238030,13
1,2640610613,0.957597,5238679,3
1,3744473251,1.033615,5240558,7
1,1820176453,0.891584,5242002,10
1,1895397121,0.941139,5243247,11
1,1703493217,0.901929,5244327,9
1,2664416549,1.029829,5245481,10
1,552930283,1.016466,5246824,13
1,2828323229,0.928078,5248654,20
1,307751261,1.004871,5252259,43
1,3602033051,0.995105,5258369,81
1,1146068389,0.988212,5259872,15
1,323138831,0.888841,5260521,3
1,2827548019,0.938541,5261526,8
1,2104645967,0.886641,5265250,47
1,3886155127,0.950945,5271220,79
1,3973360051,1.054196,5272013,5
1,1163868523,0.994614,5275741,47
1,1973002243,0.952997,5276462,4
1,1512697661,1.069371,5281021,59
1,1316710201,0.997556,5283767,33
1,1562993573,0.864897,5286858,38
1,279588973,0.969758,5292236,71
1,942998569,0.936979,5297209,62
1,4146437083,1.055584,5297938,1
1,4260322531,1.020302,5306035,109
1,2575188659,0.960652,5307382,13
1,678361777,0.982762,5307893,1
1,1304361893,1.061120,5309831,21
1,1620053693,1.032669,5310691,6
1,490695847,1.080726,5311691,8
1,3013639633,0.997066,5313107,14
1,2194755103,0.957597,5319203,81
1,1750443173,1.055584,5319919,4
1,3462200221,0.993141,5322681,33
1,4173599207,0.970764,5323545,6
1,2590078009,0.988706,5329903,85
1,380939197,1.046758,5330831,7
1,3028323139,0.835609,5335318,58
1,4002566303,0.962175,5338211,35
1,1475669963,0.942176,5340128,16
1,279536399,1.012133,5340797,3
1,712876543,0.898675,5343509,18
1,2466356261,1.043488,5346060,28
1,253497043,0.947859,5346988,7
1,2232841231,0.940101,5348970,22
1,3633552301,0.961160,5349624,3
1,1188945833,0.919621,5350769,10
1,3139635287,1.020302,5352823,23
1,3222734219,0.922801,5353542,4
1,1257472379,0.928078,5355654,24
1,2315269787,0.945280,5356880,11
1,2766145391,0.895409,5357666,5
1,4173928537,1.004871,5358170,1
1,2252357599,0.942176,5359455,12
1,2843734241,0.846062,5362145,32
1,335035357,0.970764,5362944,5
1,790883771,1.002438,5365777,34
1,193609711,0.947859,5366643,6
1,1462831009,0.907865,5370231,45
1,3381479869,0.904092,5372137,21
1,61713563,1.053732,5372781,3
1,316013171,1.006328,5375596,34
1,1610033653,0.888841,5377522,21
1,2063554201,0.921743,5379167,17
1,794101961,1.050483,5380712,16
1,7728923,0.965215,5381201,1
1,2532494057,1.046758,5384362,39
1,873979121,0.938541,5385085,4
1,768207467,0.957597,5387345,26
1,1839550963,0.985738,5387936,2
1,2285603339,0.962175,5389067,10
1,431241683,1.067086,5390281,11
1,4068465487,0.980772,5391431,10
1,2803618969,0.991172,5392587,10
1,3130076581,1.090621,5393653,6
1,1170347051,1.061120,5394864,11
1,2069927989,1.047225,5396416,16
1,2307073889,1.114973,5396926,1
1,2581719359,0.970261,5397586,3
1,3693330131,0.931753,5402040,55
1,2722426813,1.031250,5403696,17
1,1358491643,0.997066,5406658,36
1,1885301279,0.946313,5409136,29
1,2078398573,0.936979,5409799,3
1,648285311,0.944247,5414277,58
1,3978823879,1.007782,5415271,8
1,330915187,0.952997,5416616,13
1,1983341519,1.029354,5417970,13
1,425688121,0.900304,5418965,8
1,1345395941,1.121522,5419746,5
1,1041872633,0.919621,5422975,40
1,3850512209,1.024123,5424949,22
1,896874067,1.024123,5425669,4
1,2823708577,0.946313,5429044,42
1,1626659077,0.902471,5430107,9
1,725336851,0.928078,5431526,14
1,1513089349,0.946313,5432944,14
1,592739471,0.936979,5435617,32
1,3145185089,0.941657,5438722,38
1,2513630879,0.994614,5442375,42
1,291011947,0.911086,5442898,1
1,1118229089,0.904092,5443679,5
1,2949718019,0.940620,5445581,8
1,1711418993,0.913227,5448054,27
1,894315691,0.853531,5450597,30
1,2348906891,1.023646,5451103,1
1,347418931,0.957597,5451884,5
1,3150021319,0.932277,5453089,11
1,1085257853,0.992649,5455633,30
1,2007061921,0.919621,5456210,2
1,571201223,0.903552,5459291,38
1,2643905113,0.981270,5460924,17
1,1210205767,0.857526,5464527,45
1,1410070511,1.076198,5466170,17
1,993602767,1.161727,5467308,10
1,95333767,1.000488,5469975,32
1,4254599903,1.063419,5471402,13
1,1567485163,0.861503,5473092,16
1,3218067253,0.999023,5473693,2
1,3416411521,0.977281,5474752,9
1,4204482673,0.772450,5475682,7
1,2484147649,1.018386,5476248,2
1,1363323641,0.877786,5479828,45
1,2404423583,0.869402,5483892,52
1,2925754829,0.958616,5485528,17
1,154169371,0.991172,5487066,16
1,2714665039,1.044423,5488764,18
1,539273767,1.007782,5489478,4
1,1533662087,0.947859,5491746,26
1,692739263,0.974279,5493662,21
1,3535233319,0.952484,5497304,41
1,2895754259,0.884436,5498066,4
1,758491249,1.025076,5499621,16
1,2823456661,0.989693,5504372,59
1,822451001,0.942176,5509238,63
1,2806366649,0.928604,5511416,25
1,1893452557,0.938021,5513332,21
1,3468142801,0.970261,5513921,2
1,3401471341,1.019823,5515701,19
1,4203852511,1.079822,5516220,1
1,2281866533,0.946313,5519794,45
1,1864242089,0.855246,5520652,6
1,195279611,1.126301,5521161,1
1,3937786999,0.936979,5529146,108
1,2670604879,0.970764,5530363,11
1,1632681997,0.944764,5531567,11
1,2063665103,1.003899,5533203,17
1,1154633479,0.965215,5536711,44
1,3321133483,0.977281,5537583,6
1,1161860081,1.036916,5538711,10
1,3435090727,0.975280,5540072,13
1,1095244561,0.913227,5540856,5
1,1241403073,1.018386,5541788,7
1,847885139,0.961160,5544249,24
1,590155381,0.954533,5546471,25
1,3197690339,1.020780,5548580,8
1,1211952211,0.952997,5549928,12
1,173097227,0.997556,5551395,15
1,3708000437,0.820275,5552739,13
1,3344384567,0.980772,5553537,5
1,920912981,1.028405,5555022,15
1,551911687,0.969758,5555526,1
1,3041208017,0.970764,5558407,35
1,249675163,0.920682,5559824,14
1,2372547131,0.866589,5560831,8
1,3491975941,0.889391,5561761,7
1,4221249467,1.047691,5565506,47
1,2737385479,0.978779,5568240,33
1,2100874751,0.872205,5569467,11
1,3877056853,0.965215,5571461,22
1,2477984653,0.961160,5572596,10
1,2133891593,0.936458,5574868,26
1,1001536513,0.973777,5576489,17
1,3253692371,0.964709,5578068,16
1,2545563469,1.076198,5582773,61
1,3571792607,1.019823,5584681,21
1,75827881,1.053732,5586718,23
1,3540824641,0.921743,5587221,1
1,326683871,0.822059,5588581,13
1,1541879201,0.940101,5591756,39
1,2919503849,0.985738,5592960,11
1,2857247213,1.037387,5594322,13
1,845039141,0.946313,5595667,13
1,974104529,1.133647,5596955,12
1,2293730581,0.946313,5601620,57
1,644248777,0.970764,5602575,7
1,2975820637,1.079370,5603243,3
1,3669893341,0.938541,5604650,11
1,3358783667,0.950945,5606649,22
1,547803161,0.899761,5609531,35
1,944049991,0.962683,5610591,9
1,1854196733,0.965215,5612652,23
1,3412510463,0.920152,5615415,33
1,3795948601,0.994123,5617819,28
1,3219802549,0.871645,5620006,25
1,4125263047,0.970261,5620726,4
1,2231204251,0.973777,5621530,5
1,1513128803,1.040677,5622034,1
1,1979454419,0.920682,5623671,17
1,3221769479,1.081178,5625075,14
1,4269329147,0.910550,5633618,116
1,3722549489,1.039268,5639673,80
1,3067446989,1.154560,5640882,11
1,1477832981,0.837360,5642235,13
1,1625522537,1.025552,5644901,32
1,352568509,0.950945,5646470,12
1,4025170057,0.944764,5650944,42
1,1034541169,0.813101,5651705,2
1,2707839947,0.936979,5653610,21
1,814446253,1.043488,5656031,28
1,1745300807,0.946313,5657165,10
1,1254628061,0.984747,5658855,18
1,3085226873,0.923330,5659585,4
1,1911052903,0.957597,5661844,26
1,2789623493,0.852959,5662628,5
1,51721031,0.902471,5664651,23
1,3408677593,0.961160,5666971,27
1,1308508291,0.880563,5667488,1
1,3059710183,0.961160,5668991,15
1,503437391,0.827388,5669710,4
1,2072580491,0.969758,5671558,20
1,710171477,0.956066,5672203,3
1,1327261561,0.969254,5674325,24
1,2745508501,0.806468,5676715,28
1,826247783,1.131060,5677926,11
1,3196179913,0.965215,5679763,20
1,2339747801,0.890488,5682583,34
1,2993746297,0.962683,5683999,14
1,3414796061,0.854103,5684791,5
1,1313122373,0.954021,5688433,46
1,3409292371,0.973777,5690634,25
1,1524007183,0.870524,5691282,3
1,987903529,0.914830,5692066,5
1,2218321571,0.993141,5693764,18
1,3769814329,1.004871,5694760,8
1,1900702303,1.063419,5696796,22
1,527439421,0.872205,5701285,55
1,3105636899,0.986728,5704385,37
1,3057248867,0.814900,5704908,1
1,2600329727,0.963190,5705511,2
1,2276235251,1.057433,5706098,2
1,515436067,1.035031,5710565,55
1,3597921637,0.952484,5711316,4
1,1776998683,1.004871,5712945,17
1,867982861,0.953509,5713801,6
1,4228801739,0.919621,5714459,3
1,4039965961,1.115411,5715319,6
1,455570161,0.919621,5716595,12
1,33883739,0.922801,5719252,32
1,3974076173,0.913227,5721456,25
1,668005931,0.846639,5723575,24
1,2561443081,0.914830,5725487,21
1,2228704277,0.965215,5727461,22
1,1011231251,0.988706,5728457,8
1,2981840161,0.913227,5732177,47
1,4096668343,0.885539,5733107,7
1,1289468023,0.855246,5736353,40
1,2666291207,0.958616,5737501,10
1,2595924959,1.018386,5738093,2
1,3721172927,0.889391,5738963,6
1,1863795499,0.982762,5740172,11
1,2427729049,1.039738,5741181,8
1,2934436847,0.984747,5743944,33
1,1670033263,0.973777,5744670,4
1,738852809,0.824432,5747906,40
1,3323328193,0.955044,5750147,21
1,2740328963,0.964709,5753875,32
1,2435481023,0.905711,5755574,14
1,349767151,1.070284,5760896,70
1,3120240139,0.825024,5761829,7
1,740265949,0.859233,5764917,38
1,3809032663,0.880563,5767879,36
1,2349443143,0.895409,5769455,16
1,1173603437,1.013098,5771366,21
1,592354079,0.964709,5772649,12
1,2138711671,0.938021,5773454,5
1,788402959,0.864897,5777535,52
1,3804508601,0.876115,5780147,31
1,3393287803,0.891584,5780805,3
1,2508374867,0.961160,5784105,41
1,2031579257,0.818488,5787692,45
1,2575227241,0.911622,5789250,16
1,1012880711,0.932277,5791727,29
1,1221701057,0.975280,5794757,37
1,1510050557,0.950945,5795836,9
1,1446229849,0.946313,5797610,19
1,3894674717,0.920682,5798466,6
1,2709752081,0.942176,5802161,46
1,2303894711,0.938541,5803781,16
1,2419244417,1.097316,5805881,19
1,2236249069,1.031250,5809909,51
1,695200133,1.068458,5814703,60
1,1688066579,0.931753,5815588,6
1,2871327757,0.997556,5817706,24
1,197416811,0.877229,5818564,6
1,2793841087,0.752600,5819843,12
1,2416633939,1.029829,5822016,25
1,309317711,1.110145,5823426,14
1,1252657739,0.938541,5825066,17
1,1784146043,0.928604,5826146,9
1,3604405067,0.940101,5830401,54
1,3307671643,1.000488,5830908,1
1,2403116101,0.942176,5831833,7
1,2579133551,1.073928,5833825,22
1,355695973,0.938541,5834612,5
1,2544850001,0.922801,5836373,19
1,833688203,0.982762,5840802,57
1,2504481653,1.005357,5841595,5
1,1816008199,1.020302,5844207,31
1,738318613,0.928078,5846238,23
1,158531393,0.920152,5847226,8
1,3540360569,1.067086,5848928,18
1,414283501,1.073928,5849512,2
1,3487851569,0.855246,5851146,13
1,3858423341,0.942176,5856704,58
1,4054961753,0.997066,5857740,6
1,1486565611,0.969758,5859858,24
1,1194888817,0.998534,5861410,16
1,2358910597,1.068458,5862550,10
1,1254584467,0.904092,5864042,15
1,4134500857,0.893772,5869805,76
1,4224261073,0.994614,5871509,18
1,254356957,0.867152,5872362,6
1,3252885541,1.014061,5873158,5
1,1468412219,1.005842,5874579,14
1,2929212697,0.940620,5877187,31
1,1393276607,1.039268,5879306,24
1,1223144947,0.994614,5880108,5
1,3164466271,0.942176,5881813,18
1,3274196659,0.872205,5883231,14
1,165948317,0.882225,5883942,4
1,2788578809,0.997556,5885706,19
1,2210361277,1.071652,5886645,7
1,2217716687,0.962683,5888212,16
1,2697996919,1.045825,5889274,9
1,4075183993,0.910550,5890838,16
1,3839463871,0.993141,5891773,7
1,379610683,0.957597,5892490,4
1,4141534699,1.033615,5894268,19
1,603672133,1.002438,5896337,23
1,1521152923,0.922801,5898678,27
1,2409091319,0.880563,5899268,2
1,1520047967,0.970764,5903626,56
1,1138564003,0.843750,5904139,1
1,3886313503,1.186677,5906655,23
1,3295365617,0.980772,5908031,13
1,2736856279,0.981270,5908677,3
1,4129203803,1.045825,5909960,12
1,2199440861,0.938541,5912254,24
1,3174723449,1.007782,5913912,17
1,405684137,1.068458,5914696,5
1,4068975971,0.907327,5915279,2
1,3152635259,0.977281,5916989,18
1,2966174173,0.993141,5918831,20
1,1654949017,0.987223,5919617,5
1,1069560127,0.927551,5921735,24
1,289298651,0.921213,5923924,25
1,1995145717,0.929655,5924516,2
1,2028304111,1.020302,5926590,23
1,3238972027,0.973777,5928353,19
1,487097069,0.913227,5929561,11
1,1598562863,0.997556,5932786,40
1,3916405589,1.018386,5933868,9
1,2298453403,1.055584,5938289,57
1,3058600187,0.938541,5942159,49
1,2313106883,0.895954,5944140,22
1,3901929593,0.868840,5949498,70
1,3357097927,1.044891,5950505,8
1,873979261,0.904092,5952139,17
1,174111317,1.025076,5953798,13
1,1439559601,1.020302,5954691,6
1,2350504853,1.007782,5956983,14
1,1464267031,1.006813,5958433,12
1,347639759,0.934370,5960508,23
1,2541305737,0.933847,5963331,34
1,1525785097,1.129764,5964258,7
1,4276962713,0.893772,5970018,76
1,130785547,0.931753,5973097,38
1,2022914567,0.798558,5976882,48
1,2532258259,1.026028,5978374,15
1,1464114191,0.977281,5979995,17
1,2380792049,1.014543,5981897,21
1,2954917327,0.872205,5982969,9
1,488400389,1.055584,5986213,40
1,1060701643,0.985738,5988192,22
1,4010259601,0.925971,5989121,7
1,3453430007,0.899761,5990892,19
1,2369342567,0.950945,5992316,14
1,1803945239,0.937500,5994987,32
1,1247172781,0.910550,5999112,53
1,3712983203,1.042083,6000540,14
1,3448099933,1.027455,6003836,41
1,87079123,0.905711,6004965,10
1,1641005921,0.944764,6008390,38
1,2993053309,0.978779,6009899,15
1,1030633837,0.940101,6013306,40
1,2888007401,0.885539,6015937,31
1,2527318579,0.886090,6017770,20
1,4259643137,0.988706,6021433,46
1,3778790203,0.984747,6022234,5
1,2276805793,1.029354,6023644,14
1,1852190609,1.009718,6027579,50
1,1524623501,0.877786,6029999,28
1,2221603733,0.946313,6030582,2
1,1826039057,0.962175,6033036,29
1,3015700813,0.982762,6034045,8
1,3041652347,0.946313,6036236,25
1,219086653,0.994614,6037025,5
1,4175641703,0.946313,6037681,3
1,2702525387,0.895954,6038188,1
1,129620759,0.969254,6041138,36
1,4104361007,0.910550,6042978,20
1,91317467,0.964709,6043896,7
1,778868989,0.877229,6047002,38
1,2986444709,0.929655,6047716,4
1,1650541163,0.994614,6048361,3
1,1622888209,0.929129,6049151,5
1,3867859819,1.047691,6051211,23
1,658200143,1.014061,6052212,8
1,2515293857,1.002438,6052859,3
1,1832980603,0.931753,6053783,7
1,2486836189,0.827978,6057272,39
1,263908241,0.940101,6059860,16
1,537828593,0.963190,6063599,42
1,64288163,1.100870,6075728,167
1,3436654789,0.946313,6082110,85
1,2418970637,0.907327,6084212,24
1,371668313,0.833854,6084853,3
1,3229846289,1.046292,6088305,43
1,1455934097,0.982762,6090207,21
1,4197032183,0.930180,6090859,3
1,3778930073,0.911086,6091729,6
1,1261396159,0.938541,6092731,8
1,3689562419,0.977281,6095827,38
1,977485661,0.994614,6097047,11
1,3720570211,1.000488,6097701,3
1,1747443043,0.857526,6104599,92
1,2239840033,1.032197,6105587,8
1,2362377299,1.046758,6106162,2
1,1502367473,0.977281,6107160,8
1,1909834051,0.931753,6109717,30
1,1900067413,0.977281,6113396,42
1,3413503507,0.941657,6114488,9
1,882241627,0.988706,6117085,31
1,2631157787,0.934370,6118026,5
1,3945746633,0.950945,6118902,6
1,535180363,0.970764,6122246,41
1,1532126429,0.902471,6123314,9
1,3317694119,0.950945,6125301,22
1,1835720477,0.984747,6127498,25
1,287659111,1.044891,6128563,9
1,3689275627,1.048157,6129368,5
1,4139342069,0.927551,6131769,28
1,1951754503,0.913227,6134665,35
1,1250817991,0.997066,6137626,36
1,3331929659,0.973777,6145071,100
1,2370727859,0.984747,6146082,8
1,4090100717,0.970764,6147528,14
1,2898480713,1.055584,6150852,41
1,3583038419,1.061581,6152976,24
1,2937397583,0.984747,6154181,11
1,1063673473,1.000488,6156850,32
1,3124238399,0.877229,6158413,12
1,4122879011,0.829745,6160415,22
1,3100614073,0.962683,6162456,9
1,1893118783,1.099538,6163820,9
1,312012539,0.886641,6164596,3
1,3158895413,0.980274,6166055,13
1,354417799,0.948889,6166932,6
1,188871481,0.946313,6167928,8
1,1066772507,0.991172,6173899,79
1,2096407387,1.025076,6178672,62
1,63418441,1.068458,6181257,31
1,1814370659,1.044891,6182182,7
1,1400996273,1.023646,6187928,76
1,2204256073,0.965215,6193741,77
1,2413085617,0.889391,6195728,22
1,2644562533,0.947859,6198330,31
1,2288207189,0.846639,6199542,11
1,2625687901,0.927551,6204459,64
1,1338324797,0.938541,6206243,19
1,2702044091,1.132786,6206759,1
1,3688641653,1.054196,6208483,18
1,4004174597,0.908403,6210961,29
1,1414942729,0.946313,6213497,30
1,2341334959,0.886641,6215291,15
1,1078373089,0.878342,6217643,27
1,3397473991,1.036916,6218995,13
1,869196221,0.936979,6219995,5
1,668575877,1.104854,6223592,45
1,3551418419,0.984747,6225573,22
1,894904037,0.916963,6226432,6
1,2749838131,0.870524,6229832,42
1,67093993,0.922801,6230753,7
1,1304938799,0.872205,6232034,12
1,1075155559,0.862636,6234919,35
1,2299028029,1.004871,6240878,79
1,647791381,0.907327,6243613,33
1,63765133,0.981270,6247054,43
1,4150957309,0.910550,6248409,13
1,2021558939,0.927551,6249897,15
1,4039313387,1.093303,6252388,27
1,1544767219,1.048157,6254112,18
1,1118521997,1.007782,6255871,19
1,1986954481,0.927551,6257077,11
1,4002058699,1.039738,6258013,7
1,1279050517,1.080726,6260535,25
1,2679607993,0.948889,6262056,15
1,3711954991,0.991172,6267092,50
1,1720179911,0.907327,6269257,22
1,1978986929,0.960652,6270760,15
1,3706630063,0.999023,6271840,9
1,226123973,0.886641,6272410,2
1,4006212557,0.981270,6273149,4
1,10424563,1.021736,6276432,41
1,9009941,0.999023,6277339,7
1,336984481,0.928078,6280071,33
1,3177304751,1.076198,6283105,37
1,4280599627,0.857526,6292010,121
1,2755753999,1.067086,6294278,26
1,1015526851,1.012616,6296249,22
1,4139189797,1.046758,6297107,6
1,105139789,1.015985,6298168,9
1,2694925327,1.025076,6300641,29
1,595970477,1.046758,6301285,3
1,108738887,0.975280,6302281,8
1,2137605853,0.810695,6302939,3
1,1889076139,1.121522,6303585,3
1,3829464533,0.980274,6305088,15
1,483565889,0.948889,6308872,48
1,1334270153,0.964709,6310078,11
1,673798201,0.897044,6314142,52
1,3173493919,0.877229,6315724,11
1,3908214907,0.957597,6316409,2
1,1472453141,0.822059,6317342,7
1,2920259557,0.944247,6321219,46
1,2765444573,1.056047,6322167,7
1,217899551,1.058356,6324134,22
1,3899696219,0.803435,6325569,14
1,4055024653,0.962683,6328243,32
1,2442814487,1.000488,6329238,8
1,1127602453,0.910550,6331154,21
1,142937467,0.888841,6333401,26
1,3042807773,0.957597,6341972,116
1,3273420461,1.050483,6343482,15
1,3674654537,0.982762,6345247,19
1,3323336083,0.981270,6347922,32
1,1729133509,0.934370,6349491,16
1,4226645719,1.012133,6350786,12
1,3412696051,0.904092,6353123,27
1,3018356377,0.993141,6355867,33
1,690450419,1.007782,6357714,20
1,1412781199,0.947859,6358786,9
1,3602692909,0.941657,6367386,99
1,2162321449,1.008751,6368743,9
1,4024471747,0.961160,6369960,11
1,1313084809,0.981270,6370879,7
1,1736588699,1.044423,6375480,59
1,1139388451,0.821465,6377736,26
1,3596103307,0.881117,6378665,7
1,1351141061,1.070284,6381045,28
1,3112450007,0.970261,6382045,8
1,1796967191,1.094196,6382836,5
1,70252199,1.043488,6384600,19
1,3707752481,0.969758,6385948,13
1,57655901,1.071652,6387074,10
1,4233678569,1.033615,6388639,16
1,1684428503,1.067086,6389638,8
1,3162275047,0.900304,6393028,42
1,966303253,0.980772,6393811,5
1,860055827,1.043488,6400880,95
1,689428997,1.029829,6402149,12
1,1518527509,1.166760,6402869,4
1,403521463,0.916963,6403455,2
1,1349058553,1.000488,6403972,1
1,3381757369,0.760987,6404972,8
1,1220650297,1.062959,6406527,16
1,3313537277,1.113220,6410029,44
1,3763611191,1.022214,6410606,2
1,2222479733,1.020302,6411323,4
1,2368252387,1.020302,6414497,39
1,924477163,0.914830,6416138,17
1,1586520917,0.936979,6421971,73
1,4029685739,0.919090,6426903,62
1,2376210869,1.002438,6427998,9
1,2286723799,0.934370,6431296,41
1,3610848317,0.929655,6434114,34
1,3170794369,0.932277,6438971,63
1,567083873,1.019344,6440310,13
1,900074683,1.004871,6442905,31
1,297667369,0.882225,6445014,24
1,3153872333,1.029354,6449229,54
1,2626162421,0.982762,6452945,47
1,65679433,1.068458,6453510,2
1,2657495413,0.965215,6454580,9
1,1054483169,0.878342,6456279,18
1,2223965069,0.978779,6457339,9
1,252443887,1.089725,6460431,38
1,4076323453,0.946313,6463606,39
1,1755898891,0.936458,6465323,14
1,1299241387,0.927551,6467617,26
1,2257792843,0.862070,6469594,8
1,2635718537,0.944764,6470904,7
1,162043171,1.055584,6475556,60
1,4069530943,0.954021,6476973,14
1,443077381,0.904092,6477891,7
1,3622704989,0.940101,6479871,22
1,3550551817,0.773082,6483924,52
1,132130447,1.050483,6486097,25
1,4089470069,0.880563,6487035,7
1,1319164003,0.817294,6489585,30
1,1102085459,1.133647,6490234,3
1,4283288291,0.977281,6491528,12
1,864504863,0.990679,6492035,1
1,2774047259,0.968750,6492552,1
1,398119853,1.035503,6494672,24
1,157693087,0.935414,6496640,22
1,2920097951,0.806468,6497358,4
1,3323025361,0.922801,6498783,14
1,21350677,0.901929,6501232,29
1,2122462577,1.000488,6501810,2
1,2567335907,0.964709,6503581,19
1,680257673,1.043020,6505276,18
1,3404185991,0.919090,6507691,28
1,398005213,0.919621,6508619,7
1,3917533043,0.938541,6514506,78
1,4022857789,0.970261,6515167,3
1,3338988977,1.029354,6520634,67
1,1434467459,0.927551,6522512,20
1,2306105167,0.957597,6523028,1
1,3803273521,0.981270,6523811,5
1,3200520353,1.047691,6525148,13
1,1750394237,0.928078,6526657,12
1,2664161237,1.007782,6530410,47
1,1793759137,1.035503,6532107,18
1,3546088339,1.039268,6534509,28
1,3146454139,0.977780,6535867,13
1,2710078549,1.033615,6539723,49
1,3958399421,0.957597,6541498,19
1,2107321639,0.965215,6545707,54
1,2617244821,1.069371,6547622,21
1,3267400177,0.955044,6549240,17
1,1037154043,0.984747,6551941,32
1,3330568253,1.026028,6553352,14
1,334571161,0.986233,6555127,19
1,4220248189,1.027455,6556897,19
1,3854272781,1.000488,6560971,52
1,1070297549,0.962683,6562887,21
1,1989007751,0.961160,6563610,4
1,2108260291,0.935414,6566574,36
1,2681829431,1.039738,6567093,1
1,3964025489,0.942176,6573577,67
1,3382262563,1.043488,6574834,9
1,3626706859,0.978779,6576953,24
1,1691675263,1.014061,6578463,15
1,717279571,0.917495,6579732,12
1,2454941579,1.035503,6583268,44
1,690760481,0.998534,6584879,17
1,2021016227,0.948374,6587512,31
1,374142071,1.058356,6588229,4
1,3134231813,1.081629,6589576,13
1,583943603,1.088828,6591278,18
1,908455337,0.904092,6592762,15
1,3530075231,0.986233,6593623,6
1,1393070677,0.830333,6595321,18
1,254264323,1.040677,6596731,14
1,3661086857,1.127168,6598072,13
1,3403529203,0.981270,6600580,29
1,3264751543,0.922801,6604023,43
1,355388629,0.889391,6606349,27
1,2748322333,0.994614,6606930,2
1,2865360763,1.004871,6608585,17
1,4146105091,1.046758,6610851,26
1,2857696903,0.970261,6611437,2
1,1289854759,1.048157,6614184,33
1,276658817,1.031250,6614930,4
1,4060828363,0.905711,6617394,29
1,502054123,0.931753,6623320,74
1,2380596061,1.012133,6624133,5
1,1810185847,1.106621,6625635,15
1,2031888091,0.997556,6630541,61
1,3589634203,1.082983,6631147,2
1,251989643,1.012133,6633607,29
1,462975697,1.007782,6634318,4
1,2209120091,0.910550,6635948,17
1,3300771449,0.961160,6636670,4
1,3848338799,0.841432,6638162,15
1,2656997129,0.950432,6638673,1
1,870573017,0.952997,6639187,1
1,1078740907,1.047691,6640039,6
1,1527824063,0.985738,6645094,66
1,4230885091,0.921213,6648045,36
1,2775720833,0.893772,6648554,1
1,3212960327,0.913227,6649277,4
1,1136458217,1.084785,6650078,5
1,429511847,0.950432,6652344,26
1,43190197,1.033615,6654582,26
1,1031786779,1.055121,6655099,1
1,2939665067,1.093303,6656108,8
1,1296899819,0.907865,6657388,12
1,4033722353,0.946313,6660068,32
1,1903074319,0.927551,6661145,9
1,1001943689,0.962683,6662715,16
1,3431168159,1.005357,6663998,12
1,4072523837,0.997066,6665210,11
1,3797198701,1.012616,6665860,3
1,3120314531,0.784369,6666520,3
1,297211991,0.977281,6667999,15
1,2825645777,0.844329,6671810,44
1,4227697949,1.090173,6672866,8
1,1508292959,0.991172,6676406,28
1,3898471439,0.993141,6679670,39
1,992732281,1.025552,6682842,39
1,3943858153,0.914830,6683776,7
1,611984743,0.987223,6685888,24
1,228619999,1.154560,6686671,5
1,2857698037,0.985738,6687318,3
1,555386479,0.919621,6687892,2
1,274668619,1.027455,6688744,6
1,1651610683,0.988706,6690584,20
1,3727337557,0.919621,6694442,49
1,2808856657,0.827978,6695175,4
1,881141281,0.920152,6699526,56
1,3857476871,1.105296,6702496,36
1,1501748527,0.914830,6704262,19
1,1385474171,0.836193,6704772,1
1,1519278487,0.965215,6705981,11
1,1062495331,0.954533,6706628,3
1,1575794261,0.869402,6709255,30
1,3134329811,0.751301,6711229,22
1,2720528009,0.811297,6715020,48
1,2783062589,0.786234,6718962,50
1,1303433711,0.899761,6719894,7
1,1415073083,1.116723,6720751,6
1,222823189,0.988706,6721868,10
1,2933470733,0.924387,6727125,64
1,276790627,0.970764,6727737,2
1,2768483537,0.974780,6729226,15
1,2775889097,0.910550,6731104,18
1,1151001079,1.093303,6731642,1
1,1343067029,0.984747,6734100,29
1,94389149,0.952484,6735150,9
1,4196821283,0.931753,6735807,3
1,4162282961,0.988706,6737791,22
1,299858017,1.034559,6738364,2
1,518933227,0.994123,6739522,10
1,3193829407,0.994614,6740740,11
1,611078009,0.994614,6742361,17
1,2750270531,0.921213,6742881,1
1,2987382193,1.054196,6747022,53
1,3309600071,0.970764,6747812,5
1,788196271,1.005357,6752798,64
1,3719517871,1.007782,6755362,30
1,2542613369,0.871645,6758481,38
1,2934192949,0.961160,6760969,29
1,3873285043,1.007782,6763598,31
1,2260629223,0.936979,6767046,43
1,209474509,0.993632,6768106,9
1,3068271077,0.908940,6768686,2
1,680430011,0.873883,6773020,52
1,470670901,1.003899,6773619,2
1,163629071,0.958616,6774477,6
1,327448103,1.003899,6779677,53
1,2516530201,0.921743,6781140,12
1,1239970441,1.012133,6781724,2
1,1771415869,1.062959,6782583,6
1,3907718579,0.995105,6786305,47
1,1981436203,1.127168,6787724,14
1,3230880271,1.027455,6790036,27
1,3415868329,1.000976,6790550,1
1,4090666903,0.995105,6791354,5
1,1104228887,0.944764,6793961,31
1,3889241297,0.927551,6795531,16
1,137232439,1.031250,6798395,35
1,3442113371,0.911622,6799894,15
1,4281343067,0.928078,6801659,19
1,2585423791,0.911086,6803655,22
1,2434691239,0.904092,6804720,9
1,4210636471,0.946313,6805799,9
1,229941227,0.895409,6807154,13
1,115873007,1.007782,6809194,23
1,18864541,0.956066,6811013,20
1,3013903987,1.044891,6814677,46
1,1309605107,0.990186,6815613,7
1,2480286881,1.046758,6816543,7
1,1686413453,0.991172,6817878,13
1,3590728103,0.867152,6818874,8
1,2058679871,0.919621,6823658,62
1,2265469819,1.067086,6824453,5
1,3088488037,0.910550,6825170,4
1,2161351417,0.931753,6826025,6
1,331306879,0.950945,6830244,44
1,3946075999,1.002438,6831772,15
1,2816930639,1.076198,6832796,8
1,1792171099,0.903552,6834929,22
1,4085686973,0.965215,6836097,10
1,3077253833,1.018386,6836679,2
1,868368301,0.952484,6837679,8
1,200151317,0.988706,6838882,11
1,2465749103,1.020302,6842122,40
1,1447913699,0.935414,6844312,25
1,690552361,0.864897,6846853,30
1,3545559331,0.946313,6848634,19
1,3473283623,0.906789,6850047,14
1,3408093889,0.977281,6853555,44
1,3115605809,1.031250,6855748,25
1,2347939463,0.839689,6857168,14
1,496149671,1.027930,6859062,21
1,3336467657,0.942176,6863082,51
1,168399139,0.852959,6866667,45
1,1543713911,0.910550,6869490,34
1,449451319,0.805256,6872645,39
1,741530003,0.873324,6875567,31
1,1417154927,0.893225,6876368,5
1,39364421,0.906250,6885158,106
1,3708768473,0.860369,6886474,10
1,1055888333,1.098205,6887488,8
1,339514709,0.981270,6888199,4
1,591858193,0.891584,6890016,20
1,1046754829,0.981270,6892686,32
1,862252829,0.988212,6894383,18
1,3686687761,0.886641,6894968,2
1,2496395687,1.052341,6897171,25
1,913579697,0.980274,6898241,9
1,2451291881,0.906789,6899588,13
1,3024852301,0.997556,6901773,25
1,4185301409,0.818488,6902701,7
1,3196618193,1.058356,6903560,6
1,1179575477,1.105296,6906374,34
1,138677527,1.029829,6906867,1
1,2405333657,1.100870,6910122,40
1,4101707717,1.027930,6910915,5
1,2814543091,0.936458,6913102,25
1,2312020133,1.025552,6913610,1
1,2193355273,1.021258,6915092,15
1,2977788241,1.090173,6917628,30
1,1903467691,0.944247,6918141,1
1,2687271809,1.012616,6919844,18
1,2202935723,0.888841,6920496,3
1,702501347,0.946313,6921844,13
1,2490577301,0.827978,6923541,18
1,4180621199,0.916963,6925175,17
1,341507317,0.988706,6925755,2
1,2096434381,0.952484,6927540,19
1,3978805819,0.989199,6929505,16
1,3634126871,1.025076,6930397,5
1,2075666249,0.781875,6931327,7
1,3726836227,0.910550,6932476,10
1,3859199779,0.962175,6932987,1
1,107222161,0.927551,6934246,12
1,895507831,0.906789,6934826,2
1,3133122611,0.887192,6935413,1
1,3268346827,1.048157,6936156,4
1,2752093667,1.000488,6937158,8
1,1682500943,0.999023,6942226,66
1,1371107819,1.025076,6943659,14
1,2755499249,0.950945,6948982,70
1,2780037647,0.984747,6949494,1
1,2442678587,1.068458,6953350,49
1,3422376239,1.020302,6955824,29
1,1378219013,1.009718,6959954,53
1,3304484149,0.987223,6963321,42
1,2331422411,0.975280,6963985,3
1,624663211,0.886090,6965331,13
1,1490778683,0.941657,6967461,24
1,3523835723,0.895954,6968473,8
1,2705089477,0.910550,6969475,8
1,2070843451,0.913227,6970199,4
1,3169952699,1.005357,6972045,20
1,3931548499,1.018386,6975280,40
1,239680673,0.988706,6978014,29
1,3957494339,1.055584,6980223,25
1,1996788347,0.993141,6981982,5
1,2463327679,0.993141,6982675,1
1,1527909337,1.012616,6983321,3
1,3977198023,0.991172,6985584,26
1,3673758079,0.921743,6989520,50
1,1587065813,1.020780,6990800,12
1,3123383539,1.017906,6991939,10
1,3735006817,0.970764,6996907,65
1,376917521,1.004871,6998801,21
1,1450458083,0.897044,6999315,1
1,4224573707,0.984747,7000111,5
1,2700795949,1.094196,7001472,13
1,2037575707,1.029354,7003595,24
1,1316636107,1.002438,7006427,34
1,3579963371,0.936979,7006953,1
1,2188605631,0.980772,7009013,23
1,2387691149,0.942176,7011826,34
1,2025960691,0.950945,7013608,19
1,2363565979,0.969254,7014675,9
1,746502821,1.090173,7015257,2
1,2720026241,1.044891,7017635,28
1,1203756901,1.020780,7018367,4
1,530998583,1.040677,7018882,1
1,336365801,1.046758,7020841,22
1,1256249623,0.862636,7023376,30
1,1536087577,0.989693,7023889,1
1,1417218967,1.010685,7025874,22
1,2811299233,0.999023,7027003,10
1,4181607323,0.940101,7029745,33
1,4187749079,1.020780,7030270,1
1,3049360889,0.973777,7030996,4
1,1965852277,0.886641,7033065,19
1,2422690199,0.999023,7033804,4
1,3002791433,0.914830,7036203,28
1,198492311,0.938541,7038222,20
1,684428869,1.004871,7040350,24
1,3789386833,0.932277,7043649,41
1,1882638469,0.997066,7045280,17
1,804613283,1.025552,7047827,30
1,42649037,0.848942,7052721,64
1,1990501547,0.950945,7057134,57
1,3840330061,1.000488,7061624,58
1,1214579651,0.955044,7062127,1
1,2549413159,0.934370,7063759,17
1,3201136747,0.932277,7064627,6
1,2293738049,1.007782,7066050,14
1,375951467,0.964709,7068291,26
1,3994688209,1.111464,7069358,9
1,1854183481,1.039738,7070080,4
1,3725874809,0.946829,7070945,6
1,3644249701,0.839689,7072015,9
1,2966809849,0.953509,7072889,6
1,3360635951,1.031250,7075563,32
1,153939001,0.987223,7076271,4
1,2090681077,0.929129,7077768,15
1,4010238013,1.018386,7078975,11
1,1864631401,1.086584,7079898,4
1,4087014947,0.936979,7087120,82
1,3127368067,0.932277,7087890,2
1,1495791641,1.000488,7090146,26
1,3181156991,0.830333,7091794,17
1,1899141187,1.027455,7092578,5
1,2386315231,0.988706,7093372,5
1,205397897,1.027455,7094917,16
1,1502375851,1.190375,7096623,18
1,3697959443,0.931753,7097689,9
1,1340035117,0.886090,7098690,8
1,213666961,0.984747,7099323,3
1,3616986773,0.895954,7099846,1
1,906187921,0.991172,7101272,14
1,1274190887,1.068458,7102699,14
1,1940364563,0.945280,7103630,7
1,554599637,0.880563,7104686,9
1,3196031483,1.015985,7105906,11
1,2463796201,0.954533,7107610,18
1,521345401,1.064337,7108182,2
1,3490028093,0.919090,7113100,64
1,375063739,0.954021,7116268,39
1,3248479877,0.997066,7117271,8
1,924757753,0.864897,7118274,8
1,3958455001,0.988706,7118929,3
1,4123127501,1.020780,7119658,4
1,3581388961,1.007782,7123019,42
1,2608950787,0.931753,7124714,18
1,2776003169,0.988212,7127313,31
1,864348197,1.027455,7128163,6
1,496982203,0.859233,7129092,7
1,862382293,0.975280,7130936,20
1,3435006469,0.983258,7133335,28
1,1681631807,1.016466,7133856,1
1,3435999089,0.961160,7134651,5
1,3822361223,1.002925,7135720,9
1,3300682789,1.106621,7136996,7
1,4258333483,1.139661,7139773,33
1,2411075831,0.899761,7140574,5
1,29238731,0.944764,7142238,15
1,4051462643,0.962683,7145014,33
1,1191176947,0.877229,7146871,20
1,4152977947,0.981270,7148861,22
1,1777857581,0.919090,7153510,60
1,1094532713,0.968750,7155002,15
1,2654969021,1.006813,7155800,5
1,625156417,0.996576,7156574,5
1,3543680669,0.920152,7158344,19
1,2420545601,0.862070,7161291,36
1,3877535377,0.868840,7162013,4
1,2919661519,0.897588,7164216,25
1,72974413,0.913227,7164772,2
1,2136761239,0.835024,7167816,37
1,4254952979,0.922801,7168751,7
1,4265555431,0.947859,7169832,9
1,3358532141,0.997066,7171382,16
1,3659669023,0.961160,7172657,12
1,526630757,0.877786,7173666,8
1,1625985029,1.000488,7174722,9
1,1482937501,0.962175,7176834,24
1,2977050019,1.120651,7178039,11
1,2546752919,1.019344,7178835,5
1,3231631309,1.025552,7181995,34
1,114836129,0.946313,7184049,23
1,4267563919,0.898675,7188322,39
1,1405228021,0.984747,7191059,30
1,376633897,0.919090,7191921,6
1,3080972137,1.022214,7193210,12
1,310480337,0.964709,7194125,7
1,858671713,1.000488,7194834,4
1,779218109,0.919621,7195419,2
1,794963251,0.893225,7196143,4
1,417029269,0.889391,7196866,4
1,35284423,0.944764,7207632,148
1,1486826879,1.063419,7208150,1
1,1996749017,1.000488,7208948,5
1,2043804913,0.882225,7210870,21
1,2465256851,1.078012,7211459,2
1,1798312349,0.946313,7212528,9
1,1468322897,0.979277,7213592,9
1,2187469567,0.875558,7214240,3
1,1737747653,0.911622,7214825,2
1,1393031071,0.886090,7215707,6
1,453090257,0.958616,7216834,10
1,3420234659,0.846639,7217847,8
1,3083012057,0.839108,7218706,6
1,3307658021,0.899761,7219773,9
1,3387803149,0.935414,7220357,2
1,911926021,1.007782,7221853,15
1,2565716173,0.902471,7223071,11
1,506366881,0.887192,7224499,14
1,3563785921,1.000488,7226127,17
1,4217760791,0.944764,7226792,3
1,2814693407,1.048157,7228006,11
1,2294109491,0.944764,7228656,3
1,2840473511,1.045825,7229456,5
1,54318751,0.984251,7230807,13
1,2442451267,0.974780,7234461,46
1,3129491051,0.871645,7236023,16
1,4163596237,1.033142,7240228,48
1,898567421,1.090173,7242808,28
1,2975205707,0.961160,7244791,22
1,983584309,0.844329,7245510,4
1,3964201183,0.882225,7246240,4
1,2594598473,1.099538,7247242,8
1,2017262251,0.969758,7248108,6
1,3156864367,0.960652,7249753,17
1,3581277823,0.886090,7250975,11
1,219958807,0.971267,7252597,15
1,1172797607,0.975280,7253565,7
1,2578947457,0.982762,7259879,84
1,235862293,0.929655,7262682,34
1,1783693129,0.984747,7263620,7
1,3063223741,1.029354,7266288,32
1,2006133419,0.988706,7267300,8
1,395212553,0.920682,7268221,7
1,2364908173,0.913227,7269220,8
1,1875416327,1.033615,7272247,37
1,2348851873,0.942176,7272741,1
1,3772926397,0.970764,7273537,5
1,3727667947,0.965215,7277841,55
1,3956310053,1.027455,7278971,10
1,686737903,1.012616,7281023,23
1,4084608833,0.982762,7282518,15
1,3111977821,1.086584,7283662,10
1,1436920307,0.903011,7285475,15
1,715128241,0.932277,7290289,46
1,3975338329,1.047691,7291581,8
1,111765767,1.025076,7292084,1
1,2715575351,1.094196,7293856,19
1,2570620457,1.068914,7294853,8
1,4194403883,0.997556,7295359,1
1,1570106599,0.940101,7297353,22
1,2876774023,1.002438,7298656,12
1,1061263949,0.947859,7304214,73
1,3942689579,0.871085,7308009,48
1,4229418547,1.020302,7309724,18
1,301495043,0.838525,7310367,3
1,1034298761,0.977281,7310947,2
1,2752872959,0.968750,7312510,16
1,604356289,1.025076,7314415,21
1,3806836403,0.918559,7316404,22
1,3999677659,1.004871,7316921,1
1,619111841,0.921743,7317426,1
1,1383212587,0.870524,7318288,6
1,3440954983,0.991172,7321734,43
1,415399211,0.902471,7322865,10
1,2562069281,0.902471,7323853,8
1,713661187,0.946313,7326741,35
1,630860359,0.922801,7327732,8
1,1106980507,0.811297,7328874,10
1,1939434347,0.988706,7329740,6
1,837433229,1.097761,7332703,36
1,1121039429,0.970764,7333764,9
1,3632046421,0.882778,7336230,29
1,611320849,0.941657,7338185,22
1,2312790331,0.973777,7344496,80
1,1545894113,0.932277,7353147,115
1,1272551603,0.938541,7354656,15
1,4273003253,0.994614,7356444,19
1,1531551377,0.978779,7357169,4
1,3611255633,0.801000,7358099,7
1,514893803,0.977281,7358610,1
1,322059971,0.791804,7359740,10
1,469023349,1.031250,7361303,16
1,719726171,0.887192,7362651,13
1,3423928513,1.111464,7363982,13
1,1742642501,0.984747,7367031,37
1,265319941,0.970261,7367599,2
1,72508691,0.910550,7369133,16
1,4060398659,0.938541,7369853,4
1,3300020359,0.956066,7371067,11
1,3555789407,0.895954,7372354,12
1,3731439427,0.994614,7376532,53
1,2644609603,0.962175,7378153,17
1,3978636971,0.975280,7381765,45
1,951250847,0.973777,7383478,18
1,1449634313,0.924387,7387357,45
1,1489306781,1.002925,7388234,6
1,3660578267,0.985738,7389106,6
1,2473761287,0.961160,7389616,1
1,945087523,1.010685,7391295,2
1,2734060859,0.887192,7392523,10
1,3597200423,1.035503,7393530,8
1,3659886283,0.841432,7394470,7
1,589099937,1.002438,7395748,12
1,98856577,0.846639,7401132,71
1,3075977131,1.061581,7401801,3
1,583161121,0.882225,7405707,50
1,3834103297,0.964709,7407127,14
1,490785439,0.946313,7409516,28
1,4070565097,0.818488,7410032,1
1,3567090937,1.116723,7411314,12
1,2044389793,0.919621,7412036,4
1,2543065727,0.960652,7412775,4
1,1334570891,0.934370,7414569,19
1,3478002911,0.862070,7415721,10
1,1588885099,0.965215,7418336,31
1,2985017899,0.846639,7418997,3
1,3549454411,0.914830,7419921,7
1,1751688443,0.947859,7421503,16
1,3862617767,0.931753,7424609,38
1,749708831,0.993632,7426304,18
1,2562206263,1.129764,7427230,7
1,476412767,0.936979,7430341,38
1,2195614951,0.973777,7431982,17
1,3993698693,0.952484,7438783,91
1,4042216991,1.012133,7439518,4
1,3347743417,1.095980,7441771,22
1,1912207961,0.998534,7442442,3
1,294725947,1.015985,7443020,2
1,2355080311,1.000488,7445705,32
1,3853743143,0.942176,7447945,23
1,2411385121,0.934370,7448820,6
1,2786882951,0.988706,7450399,16
1,3464749139,1.054659,7450979,2
1,3341181451,1.035503,7455108,53
1,4286936527,0.871645,7456187,9
1,1827635717,0.988706,7457536,13
1,2004475897,0.952484,7458410,6
1,2813873971,0.910550,7459342,7
1,1839811769,0.956066,7461390,23
1,280462321,0.903011,7464556,39
1,4240704493,0.977281,7465137,2
1,1645692379,1.000488,7467269,24
1,1975273831,0.981270,7469673,28
1,82084049,0.977281,7470855,9
1,2606186599,0.997556,7474390,44
1,1980198019,0.895409,7475038,3
1,3298388383,0.962683,7476734,18
1,1731721603,1.073928,7479978,40
1,910524949,0.904092,7481531,16
1,3540827651,0.919621,7482945,14
1,748925423,0.904632,7485697,33
1,3626689307,0.911622,7486207,1
1,2150401283,1.032197,7487053,6
1,3107770349,0.931753,7491101,47
1,3768093041,0.968750,7493530,14
1,2788789621,1.120651,7494654,6
1,2798387633,0.978779,7498853,53
1,3067979029,0.938541,7502455,45
1,2507130763,0.889391,7505415,36
1,893098741,1.025076,7506912,15
1,307865693,1.087033,7508267,13
1,3005409503,1.005357,7509556,12
1,4222685689,1.042552,7510210,3
1,402654851,0.827388,7513834,46
1,1905517987,0.984747,7514975,10
1,3019045681,0.957597,7517232,26
1,4058915599,1.129332,7517747,1
1,783098417,1.007782,7519364,17
1,3046388857,0.963190,7519879,1
1,3397493201,1.019823,7523065,39
1,3296189147,1.005357,7523870,5
1,1994251667,0.836193,7527262,42
1,4010386483,0.895954,7528748,15
1,2560120099,0.861503,7531072,27
1,4677779,1.020780,7532253,11
1,437451899,1.021258,7533039,5
1,3749364121,0.817294,7533625,2
1,664762183,0.880563,7536161,30
1,2369827123,0.969758,7537224,9
1,1283920739,1.015985,7539721,29
1,2155971709,1.017906,7544689,60
1,3832720279,1.002925,7545652,7
1,2272337191,0.981270,7547851,25
1,4228061029,0.944764,7548578,4
1,1443402347,0.867152,7549138,1
1,3232693337,1.020302,7552884,47
1,2359149257,0.998534,7555284,28
1,69425003,0.946313,7556270,8
1,2863930711,1.003899,7560066,48
1,1269597253,0.993141,7561412,13
1,3530591993,1.071652,7563401,22
1,2205475043,1.018386,7565523,24
1,2178848543,0.965215,7568290,33
1,3363375371,0.946313,7569282,8
1,2772660871,0.913227,7572932,46
1,3328196093,1.057433,7575046,24
1,403041973,0.964709,7575621,2
1,1121210863,0.820275,7576688,9
1,2814506561,0.997556,7577825,10
1,2673945137,0.893772,7583785,79
1,3869872087,1.091068,7585074,12
1,3486629269,0.950945,7585948,6
1,83725273,0.986233,7586798,6
1,3622876847,0.841432,7592568,71
1,3003674621,1.051877,7595542,23
1,2428926641,0.925971,7596538,4
1,452624357,0.953509,7598979,24
1,368969123,1.029829,7602860,49
1,1441692163,0.952484,7603930,9
1,2637397069,0.867152,7604794,6
1,201435209,0.970764,7605708,7
1,1910440457,1.068458,7608597,35
1,202391723,1.052341,7609294,4
1,2916718327,0.864897,7610379,9
1,1224775273,0.973777,7611157,5
1,1965142129,0.978779,7614038,35
1,3182713133,1.100870,7615260,11
1,2872262021,0.934370,7616545,12
1,3412272137,0.991172,7618533,22
1,4064375137,1.113220,7623224,61
1,3891611803,0.895409,7624453,11
1,85155607,0.886090,7626356,21
1,3689774303,0.960652,7627871,15
1,1220920871,0.913227,7630396,30
1,2899079251,0.922801,7632158,19
1,3207646327,0.964709,7633794,17
1,2151192481,0.984747,7640793,94
1,676311521,0.898132,7641786,8
1,2553393743,1.078012,7643134,13
1,1348839757,0.919621,7647132,51
1,3357585929,0.938541,7651097,48
1,2545440637,1.095534,7654407,38
1,3217484993,0.836193,7657742,41
1,4049336917,0.954533,7658955,11
1,1602001697,0.977281,7660936,22
1,3323171417,1.035974,7664316,42
1,3356576959,0.973777,7665806,15
1,1818211399,0.962175,7666668,6
1,633224023,0.895409,7667949,12
1,3804718361,0.990679,7672231,55
1,319347179,1.077106,7673515,12
1,3251007311,1.105738,7674239,4
1,899163143,0.991172,7678400,53
1,2544901393,1.005357,7678906,1
1,1706884913,0.970261,7683824,64
1,3531510341,0.970764,7686147,27
1,3338027591,0.906789,7689880,47
1,2331919873,0.886090,7691218,13
1,1644639341,1.012616,7692217,8
1,3730431049,1.000488,7692798,2
1,1902258019,1.004871,7695830,33
1,780791371,1.083884,7699007,26
1,3641203171,0.955044,7700121,6
1,3679056473,1.027930,7705858,75
1,680914567,1.035974,7708409,30
1,3988220683,0.931753,7710745,27
1,1811949187,0.826207,7711244,1
1,629753149,0.876115,7712521,12
1,1739225599,1.004871,7713749,11
1,226803319,0.960652,7714821,9
1,3030618053,0.844329,7715404,2
1,2248882117,0.920152,7716120,4
1,2485463377,1.053732,7716760,3
1,3568104643,1.042552,7717343,2
1,2881548869,0.908940,7718834,15
1,3113510497,0.994614,7721505,32
1,2881059799,0.994614,7722243,4
1,15276511,0.981270,7725593,42
1,1356507029,0.858664,7730222,60
1,389553217,0.811297,7730715,1
1,1052048033,0.839689,7733896,39
1,732804253,0.921743,7735392,15
1,2066704027,0.961160,7743727,113
1,2064087583,1.036916,7744382,3
1,3582158729,1.019823,7748458,52
1,134267849,0.846639,7751391,33
1,326069353,0.945280,7752712,10
1,3137300773,1.073928,7753656,7
1,2723297233,1.057433,7754302,3
1,2390626657,1.012133,7754947,3
1,1383526957,1.025552,7757317,25
1,1183418017,0.880563,7758748,14
1,3769933613,0.964203,7763929,68
1,2562573017,1.006328,7765136,11
1,2907061771,0.875000,7767470,27
1,1914680387,0.996576,7768189,4
1,1414179839,1.022214,7769828,17
1,185374759,1.068458,7771924,24
1,16280057,0.984747,7772414,1
1,3726008383,0.904632,7773974,16
1,2081853889,0.914830,7775106,10
1,2984455849,0.950945,7779651,59
1,4109857979,1.036916,7782065,28
1,3574557731,1.036916,7783852,19
1,1821338669,1.027455,7784659,5
1,3737399279,1.046758,7785249,2
1,3004551707,0.962175,7786464,11
1,760633799,0.946313,7789205,33
1,558423227,0.969254,7790128,7
1,2702355001,0.862070,7790640,1
1,1711268243,1.068458,7795433,62
1,2927021663,0.990186,7801121,56
1,2132000891,1.013098,7804051,33
1,3353049019,1.012616,7806036,22
1,3453027139,0.927551,7806612,2
1,2290764451,0.854103,7807394,5
1,3851189063,1.006813,7808604,11
1,2539451401,0.984747,7809254,3
1,3313445827,0.996576,7811245,22
1,2057754403,1.012616,7811969,4
1,1336186949,0.978779,7817991,80
1,22453817,1.027455,7819392,14
1,3928328279,1.012616,7821577,25
1,2290275527,0.980274,7823210,17
1,1774530827,1.033615,7825115,21
1,454889873,0.895954,7825751,3
1,4106026733,0.836777,7829729,50
1,1827508469,0.929655,7831362,17
1,1381717607,1.029829,7831883,1
1,3290106529,0.954533,7834098,25
1,1943338871,1.002438,7836799,32
1,2327152717,1.058356,7838503,18
1,97675477,0.944764,7839138,3
1,2514002927,1.095534,7841276,24
1,1916757541,0.910550,7844859,45
1,855492643,0.877786,7845716,6
1,949734017,0.919621,7846719,8
1,1976967541,1.079822,7848499,19
1,1700012659,1.161727,7850604,24
1,1252395857,1.076652,7852359,16
1,2633085869,1.063419,7853161,5
1,2769662009,1.104854,7854084,7
1,1668134641,0.982762,7859747,72
1,651824141,0.975280,7860834,9
1,4137832397,0.993141,7861420,2
1,6020617,0.913227,7863528,24
1,4203879893,1.054659,7865721,25
1,2672107831,0.941657,7868477,33
1,29101861,0.952997,7869177,4
1,1401810733,1.006328,7871230,23
1,367469789,0.859233,7872784,16
1,604627733,1.003899,7873851,9
1,2820776443,0.888841,7875967,24
1,3578299973,0.895409,7877586,17
1,3279431759,0.882778,7878860,12
1,2652108353,0.965215,7880833,22
1,2257013257,0.957597,7882525,18
1,896569763,0.928078,7883378,6
1,1727510177,0.916963,7886752,42
1,3849870403,1.035503,7887679,7
1,2982533377,0.907327,7889925,26
1,2829166229,1.013098,7890644,4
1,625566421,0.918559,7892699,23
1,2185791011,0.963190,7894312,17
1,1044719521,1.057433,7896001,18
1,771527689,0.970261,7898723,28
1,1815915217,0.954533,7899319,2
1,3434785447,0.987223,7900120,5
1,884493971,0.798558,7903305,26
1,146237089,1.047691,7905869,28
1,1363356289,1.126301,7907847,22
1,1209960953,0.938541,7911432,45
1,3377232571,0.841432,7913140,18
1,369267011,1.036916,7914553,14
1,3195243659,0.988212,7915416,6
1,4060915517,0.804043,7917058,17
1,4097001287,1.028405,7919108,23
1,1400262121,1.073928,7920464,13
1,3372114583,0.988706,7920978,1
1,773431801,1.055584,7921490,1
1,3279218477,0.981270,7922143,3
1,1088693813,1.094196,7923425,12
1,66074293,0.975280,7924636,11
1,2538809891,0.991172,7925568,7
1,4276053589,1.036916,7927982,28
1,418435231,0.862070,7929598,17
1,1531578731,1.027455,7930811,11
1,131732957,0.925443,7932010,11
1,3151709887,0.973777,7933027,8
1,1043156063,0.888841,7934593,16
1,2450909621,1.031250,7935105,1
1,2622087619,1.012133,7937353,26
1,2497402987,0.987223,7940118,33
1,1517971391,1.073018,7942378,26
1,2803523183,0.948374,7944086,18
1,3744923113,0.880563,7945315,11
1,1655190829,0.849517,7946657,13
1,3513436361,0.886641,7947165,1
1,428222807,0.783746,7948990,20
1,1426955507,1.102642,7950901,21
1,1914391399,1.023646,7951561,3
1,256361527,0.913227,7954309,29
1,3035381611,0.818488,7958003,46
1,2104001513,0.927551,7960310,26
1,4188244349,0.934370,7961128,5
1,2802788123,0.947859,7964172,37
1,3575983717,0.919621,7965171,8
1,3149571739,0.904632,7965689,1
1,2623910183,1.019344,7968011,27
1,3419780731,1.147773,7972952,64
1,2345689433,1.006813,7974575,17
1,1351379243,0.954533,7980426,77
1,3420909403,1.055121,7982016,16
1,3594613823,1.086584,7983789,19
1,1862964629,0.988706,7986949,39
1,967897421,0.997066,7988432,15
1,1721060009,0.998534,7988946,1
1,1453371911,0.944764,7989457,1
1,2892938437,0.955044,7991378,21
1,1151783539,0.913227,7992525,10
1,4097451913,0.944764,7993242,4
1,2599517351,1.055584,7994802,16
1,553646689,0.891584,7996009,11
1,3402216497,0.862070,7997222,11
1,475810087,0.872205,7997725,1
1,1889849833,0.965215,7998229,1
1,1459715809,0.906789,7999788,16
1,1452997199,0.960652,8002916,34
1,4148592197,0.963190,8006942,35
1,1905816343,0.970764,8007849,4
1,1982397839,0.966732,8008583,4
1,2362078729,1.024123,8009159,2
1,2207528263,0.970261,8013514,56
1,3744642637,1.029354,8014935,14
1,2160650053,1.004871,8021199,83
1,867211549,1.084785,8032699,157
1,3156533483,0.936979,8035437,33
1,2303785117,0.932277,8036929,15
1,1895006369,1.043488,8039325,28
1,435176453,1.002925,8042284,36
1,1739600911,0.970764,8045235,36
1,1214756813,0.898675,8045820,2
1,3003015377,1.018386,8047307,15
1,388995011,0.925971,8048583,12
1,1305606277,0.954533,8049581,8
1,3895641559,0.997066,8050164,2
1,3361246181,0.855246,8050963,5
1,1501143989,0.837360,8051554,2
1,3559650923,0.981270,8052140,2
1,1997418823,1.055121,8054274,24
1,696952177,0.920152,8057798,40
1,1980119077,0.925443,8060345,30
1,834808727,1.037387,8061068,4
1,1832082311,0.838525,8063356,24
1,2984357671,0.930180,8064757,13
1,1648100197,0.985738,8067208,29
1,2673573449,0.990186,8070123,35
1,654296477,0.954533,8077148,94
1,1666028477,0.875558,8080185,37
1,1080643007,0.904092,8080906,4
1,3025838813,0.977281,8085489,59
1,3615621467,1.014061,8085996,1
1,2274091871,0.988706,8086726,4
1,835585603,0.955044,8089414,32
1,3341002303,0.869402,8090624,11
1,2035827643,1.003899,8095405,62
1,2381106191,0.991172,8098656,40
1,2628735323,1.076198,8099727,9
1,4192256923,0.913227,8100312,2
1,1516123769,0.960652,8104727,52
1,3819967391,0.846639,8105401,3
1,3170243393,0.988706,8108013,18
1,545168209,0.835609,8110218,21
1,1301227567,0.940101,8111369,10
1,2961799039,1.121522,8112452,9
1,2534784673,0.988706,8115625,39
1,3244351057,0.994123,8116491,6
1,1557668011,1.003899,8120653,53
1,322584343,0.928604,8122767,24
1,1909083817,0.910550,8123560,5
1,2094313961,0.944247,8126167,31
1,980255407,0.964709,8127728,16
1,3182559271,0.927551,8129007,12
1,2863724177,0.871085,8131615,31
1,3141220991,0.870524,8132346,4
1,4002984389,0.982762,8133631,12
1,903886033,0.991172,8134418,5
1,2679553927,0.950945,8135868,14
1,1112657197,1.042552,8137586,18
1,1839224609,1.019344,8138091,1
1,2178784211,1.010685,8140216,24
1,3421279817,1.099538,8140935,4
1,1644128891,0.902471,8141664,4
1,3202760437,1.136229,8143528,20
1,1516696553,1.012133,8145087,16
1,2976921011,0.904092,8146237,10
1,1907896169,0.970261,8147873,17
1,1229879071,0.903011,8152863,65
1,1063395691,1.002438,8154345,15
1,1781023291,1.014061,8154856,1
1,1198171327,1.061581,8156495,17
1,602472779,0.913227,8160168,38
1,2858146147,0.950945,8161549,13
1,1644392969,0.987223,8162115,2
1,2771395013,0.981270,8163104,8
1,3255902099,1.007782,8164800,18
1,4213266023,0.904632,8166718,18
1,2537050273,1.002438,8167993,12
1,2747557229,1.035503,8168647,3
1,3681103373,0.981270,8169933,12
1,1050860131,0.920682,8175493,73
1,2778565063,0.889939,8176573,9
1,1854215261,1.018386,8179608,37
1,2747727403,1.003899,8180821,11
1,2458411453,0.918559,8184324,44
1,3913081567,0.844907,8189678,70
1,2523899993,0.991172,8191599,21
1,867549307,0.889391,8192736,10
1,280514489,1.070284,8193587,6
1,3457507621,0.993632,8194858,12
1,1885262933,1.005357,8195369,1
1,2749345243,0.961160,8197996,31
1,3492512789,0.970764,8198779,5
1,3293695351,0.965215,8200289,15
1,2195812721,0.950945,8201278,8
1,1366619833,1.136229,8204319,37
1,598051651,1.078012,8205247,7
1,846384809,1.058356,8206779,11
1,2779677617,0.888292,8207382,2
1,1498004747,1.042552,8210812,28
1,2937374057,1.012616,8211617,2
1,2911829519,0.908940,8212416,5
1,3394811591,1.057433,8218005,71
1,319414349,0.975280,8218668,3
1,3053312663,0.975280,8220165,15
1,227164073,1.095980,8222965,34
1,1968966793,0.825615,8227391,57
1,4274559743,0.950945,8228122,4
1,863953241,1.013098,8229329,11
1,3626043431,0.877786,8231798,29
1,88834897,0.855246,8232707,7
1,1584601219,0.934370,8237744,66
1,2132862833,1.063419,8240930,39
1,1492208561,1.035031,8242490,16
1,2204107277,1.076198,8243619,10
1,1953159539,0.927551,8245532,21
1,647971651,0.822059,8247506,22
1,88515529,1.086134,8248208,4
1,715589659,0.818488,8250936,33
1,1918957903,0.937500,8251901,5
1,953889943,0.962175,8253421,15
1,2294205107,0.970764,8256864,43
1,1528268297,1.039268,8257369,1
1,1385611831,1.027455,8258298,7
1,3376350479,0.908940,8269419,146
1,2151300617,0.922801,8270369,7
1,2161043081,1.067086,8274164,48
1,2781542353,0.952484,8275381,11
1,3495304783,0.903552,8276864,15
1,2820737237,0.988706,8278824,22
1,2199702737,0.882778,8281734,35
1,1002939211,1.000488,8282595,6
1,106781053,1.039268,8283376,5
1,2525210939,0.955044,8288019,60
1,1788028153,0.964709,8288876,6
1,3925307401,0.997556,8289734,6
1,895909519,0.920152,8290535,5
1,1122235781,0.870524,8291046,1
1,1715702393,1.035503,8292247,11
1,3730123097,1.055584,8292827,2
1,3359504173,0.880563,8294108,12
1,3244444939,1.064337,8296510,28
1,2377899143,1.039268,8298073,16
1,3575163833,0.969254,8301524,43
1,378885121,0.962683,8304471,36
1,4270503929,0.913227,8309180,57
1,438718019,1.161727,8309706,1
1,2346824897,1.109265,8310211,1
1,4082383051,0.991172,8314730,38
1,1521817327,0.826207,8321142,79
1,2831208239,0.957597,8323897,33
1,3294947287,0.852386,8325463,16
1,3182312257,0.901929,8328253,32
1,3163528019,1.012616,8330383,24
1,4123134803,1.016466,8331172,5
1,3555606139,0.920152,8331764,2
1,3403767923,1.047691,8332718,7
1,1744198277,0.927551,8334636,21
1,51943027,0.981270,8336938,27
1,2731729981,0.886641,8340375,43
1,891515897,0.877786,8342418,23
1,3333101479,1.036916,8343650,11
1,2188915721,1.044891,8345891,26
1,2493176137,1.033142,8346744,6
1,1252428197,0.944764,8349966,40
1,2819469293,1.048157,8351801,20
1,386080907,0.911622,8353968,25
1,102023149,1.106621,8357492,44
1,232531021,0.813101,8358061,2
1,1093737761,0.947859,8360170,24
1,298425929,0.927551,8360669,1
1,3908062999,0.928078,8362929,26
1,501885971,1.005357,8364560,17
1,816345259,0.897588,8365503,4
1,1749306841,1.000488,8366436,6
1,2870816063,0.974780,8367123,3
1,3310673189,0.988212,8367774,3
1,3566464501,1.008751,8368364,2
1,4099502513,0.887192,8374410,78
1,2553165827,0.973777,8377733,41
1,2047139569,0.975280,8378458,4
1,4222455379,0.955044,8379045,2
1,2123168897,1.003899,8380400,13
1,3152751937,0.944764,8381053,3
1,286982573,0.908940,8382115,9
1,3377866691,1.015985,8382834,4
1,211320737,1.053732,8383552,4
1,288199937,0.832682,8386767,40
1,600837031,1.113220,8389920,39
1,1846640773,0.957597,8391610,18
1,215526691,1.008751,8393162,16
1,2667268399,0.970261,8393819,3
1,1922945867,0.975280,8398516,61
1,1419053533,0.937500,8402995,58
1,1207959227,1.136229,8404788,19
1,168581261,0.922801,8405700,7
1,1255828649,1.068458,8406281,2
1,3703849273,1.000488,8407620,13
1,4167408899,0.946313,8408826,11
1,2605051879,0.938541,8409347,1
1,1500525541,1.052341,8412419,33
1,1009681733,0.954533,8413650,11
1,3589142933,1.006328,8415627,4
1,2264057197,1.029829,8417885,25
1,997207423,0.998534,8418957,9
1,4188829693,0.977281,8419690,4
1,2678449439,1.047691,8422723,37
1,2416079527,0.924387,8424619,21
1,3248528597,0.920152,8426588,22
1,682022953,1.076198,8427784,11
1,469291769,0.979277,8429065,12
1,2807758963,0.975280,8432945,49
1,2080775551,1.032197,8435506,30
1,831468679,1.093303,8436432,7
1,1683995491,1.019344,8438570,24
1,1872985607,1.086134,8441181,31
1,2495200987,0.837360,8441979,5
1,711288169,1.027455,8448884,92
1,3326988463,1.002438,8449746,6
1,2537833013,0.994123,8455966,83
1,1686346771,1.137946,8456748,5
1,3036595951,1.018386,8457828,9
1,961195201,1.196512,8465828,105
1,4290460721,0.931753,8468194,26
1,3579372991,1.113220,8469972,19
1,397919581,1.050483,8472158,21
1,1831667713,0.984251,8476755,59
1,3055050209,0.994614,8480485,47
1,143054843,1.086584,8482328,20
1,1367737013,1.004871,8483397,9
1,501877231,0.961160,8485864,29
1,3459382691,1.000488,8486382,1
1,2803382381,0.769283,8487238,6
1,935239631,0.886090,8488672,14
1,1195161091,1.062959,8492181,44
1,295571659,0.860369,8494420,26
1,870246737,0.957597,8494938,1
1,1776352673,0.907327,8496153,11
1,495969247,0.946313,8497385,11
1,949970299,1.004871,8501262,49
1,637925257,0.946313,8503088,20
1,3946538977,0.962175,8505567,29
1,342634849,0.980772,8506200,3
1,258730033,0.919090,8507745,16
1,396259697,0.968750,8509720,22
1,4247478337,0.904092,8511825,24
1,1992605971,0.935414,8513966,20
1,3596130203,0.988706,8514926,7
1,4260007243,1.047691,8515453,1
1,254147417,1.020302,8517082,4
1,407698679,0.952484,8518757,15
1,2204656931,0.969254,8520616,20
1,3541993621,1.097316,8521683,9
1,3437783431,1.037387,8523943,26
1,1944737939,0.984747,8526557,31
1,2767490041,0.955044,8527771,11
1,4102941107,1.031250,8530933,39
1,1665210587,1.019344,8533109,25
1,1850389507,0.985738,8534660,16
1,2868062143,1.002925,8537983,41
1,2767070743,0.802827,8539128,10
1,1167322861,0.969758,8539654,1
1,2553410789,1.043488,8540860,11
1,2557602469,0.928604,8541719,6
1,1004557153,0.820275,8542224,1
1,299845957,0.962175,8543355,10
1,144161089,0.811899,8544565,11
1,263266141,0.928604,8546472,21
1,2669537209,0.998534,8547417,7
1,607615861,1.083884,8551236,48
1,3502484231,0.928604,8552873,17
1,1594723189,1.062959,8554014,10
1,2018013847,1.037387,8554940,7
1,2027369053,0.906789,8555531,2
1,2184751897,1.031250,8556107,2
1,4228702921,1.048157,8557387,12
1,4097452811,1.054196,8558664,12
1,107565883,1.033615,8559234,2
1,3008827387,0.913227,8559962,4
1,1745280553,0.993632,8561380,14
1,2600216503,0.922801,8565808,57
1,795351671,0.868840,8566319,1
1,3755238601,0.938021,8566839,1
1,2767037321,0.957597,8568616,19
1,1355938361,0.977281,8569812,6
1,1667342141,0.975280,8570962,10
1,245045219,1.039738,8572520,16
1,2560222481,0.947859,8573583,9
1,63879269,0.895954,8574796,9
1,3203995261,0.946829,8577432,31
1,2102242399,0.946313,8579509,23
1,3513276721,0.957597,8580647,10
1,1906318727,0.974780,8581575,7
1,479898241,1.013098,8582278,4
1,4117224301,0.897588,8584886,31
1,1179232799,0.952484,8587274,28
1,546232201,0.938541,8590076,34
1,2568266849,1.046758,8592123,23
1,3750220181,0.980772,8593691,16
1,1047706211,0.840271,8596016,27
1,4133563409,0.927551,8597016,8
1,3461343467,0.931753,8597813,5
1,781413107,0.942176,8598675,6
1,4121363843,1.064337,8602417,47
1,3912141869,0.941657,8605319,35
1,2795566913,0.957597,8606600,12
1,558834317,0.960652,8607382,5
1,1327278083,0.895409,8610059,32
1,1422621913,0.942176,8611350,12
1,532534441,1.124132,8611868,1
1,1222003859,0.950945,8613280,14
1,3139690987,0.868840,8614077,5
1,3948522899,0.946313,8616143,18
1,1047920113,0.925971,8619999,35
1,651037229,0.906250,8622175,21
1,4249030897,0.961160,8622906,4
1,2546004911,1.024123,8623979,9
1,2033597221,0.988212,8625604,17
1,2388137491,0.841432,8626596,8
1,2777053217,0.911622,8627317,4
1,3679827589,0.919090,8628533,11
1,3341249789,1.029829,8632678,53
1,710707477,0.977281,8636101,43
1,791885113,0.927551,8637453,13
1,330088883,1.144365,8639000,16
1,1042034897,1.047691,8640765,19
1,1693832807,1.078012,8643023,26
1,3322200457,0.968750,8643806,5
1,144713131,1.025552,8646815,37
1,984212417,1.009235,8647466,3
1,4226418019,0.802219,8648475,8
1,4240243723,0.911622,8656708,111
1,572388107,0.913227,8661415,61
1,4159050253,1.004871,8663541,24
1,2274508567,0.913227,8665884,27
1,333863743,0.962175,8667945,23
1,4219750471,1.044423,8674656,86
1,3041565587,0.975280,8676619,19
1,1983390421,0.970764,8680014,42
1,2602247029,1.104854,8680663,3
1,345385283,0.981270,8683818,39
1,3383145203,0.938541,8684890,9
1,2299828637,1.002438,8685605,4
1,2306096281,0.952484,8692382,91
1,1682322443,0.903552,8698483,81
1,2224059143,0.888841,8702128,46
1,1328981063,1.105296,8703481,13
1,665235709,0.969254,8703995,1
1,209886623,0.868840,8705197,11
1,4012792087,0.907327,8710197,65
1,583903291,0.986233,8712316,24
1,461403539,1.012133,8713596,12
1,3325475357,1.036916,8715014,14
1,3432345841,1.008267,8725122,113
1,588099341,1.068458,8727155,20
1,2539854137,0.946313,8728713,16
1,1817921459,1.058356,8730836,24
1,2267897449,0.972272,8734366,44
1,2267732107,0.911622,8737470,37
1,1697868643,0.857526,8739166,18
1,1187637443,1.083884,8740929,19
1,2695519681,1.033615,8741430,1
1,3612090179,0.954021,8742567,9
1,3786336641,0.974780,8746382,48
1,24042853,1.086584,8747366,8
1,1241707499,0.942176,8751528,52
1,845580881,0.928078,8754077,30
1,2406216503,1.067086,8756865,33
1,4215966467,0.895954,8757869,8
1,2386372129,0.962175,8760610,33
1,1345572307,1.052341,8761747,10
1,33778579,0.981270,8764205,28
1,4280123879,1.132786,8765334,9
1,1933170731,0.913227,8766064,4
1,2209585507,1.029829,8767069,8
1,3232380887,1.012133,8767727,3
1,3874359053,0.885539,8770619,35
1,2594766983,1.180489,8771816,11
1,2408202961,1.005357,8773791,22
1,3392405399,0.994614,8775230,8
1,3054233899,0.946313,8780908,72
1,1464712919,0.964709,8782645,18
1,4211202461,0.938541,8783930,12
1,317076703,0.919090,8784669,4
1,174117341,0.946313,8785533,6
1,2161533863,0.975280,8787160,17
1,4075815203,1.003899,8788223,9
1,3071238943,0.968750,8791887,46
1,3058160383,0.922801,8793675,19
1,1487423389,0.970261,8798402,61
1,1760843599,0.936979,8799335,7
1,2379154231,1.005842,8801107,19
1,653014631,1.128467,8802245,10
1,4288652261,1.029829,8802977,4
1,3134617417,0.946313,8804883,21
1,2851521263,0.977281,8805619,4
1,3885533779,0.835024,8808015,28
1,745247959,0.946313,8810213,25
1,1960744133,0.991172,8811978,19
1,2513711983,0.897588,8813959,22
1,3296687657,0.838525,8816278,27
1,2172913577,0.962175,8821472,64
1,3525868613,1.061581,8822643,10
1,2651321737,1.078012,8825185,14
1,2348720009,0.945797,8825974,2
1,3392428243,1.016466,8827043,9
1,3475936901,1.019344,8827624,2
1,722729083,1.086584,8830515,35
1,3778121129,0.970764,8831995,15
1,1783979663,1.068458,8832584,2
1,2323057147,0.876115,8834426,20
1,112763419,0.927551,8837186,33
1,2430334579,1.082983,8839253,23
1,4238632091,0.995105,8840393,10
1,1355120093,0.994123,8844628,54
1,2146617817,0.794267,8848350,47
1,696348823,0.988706,8850814,29
1,3471071447,1.039268,8851755,7
1,1771449049,1.104854,8854645,35
1,29934277,0.888841,8857016,28
1,421107307,0.930180,8857730,4
1,106689301,0.886090,8859135,14
1,1757654887,0.927551,8860145,8
1,858489677,0.961160,8862687,30
1,4206704081,0.975280,8865016,27
1,1559716703,0.893772,8866443,14
1,2331130861,1.120651,8867382,7
1,4182181369,1.052341,8868590,11
1,324887723,1.000488,8869721,10
1,2677385833,0.871645,8871285,16
1,188355247,0.988706,8874849,45
1,3556240613,1.029829,8877813,24
1,728237291,0.962175,8878556,4
1,3604647589,1.087033,8879278,4
1,2452354813,0.994614,8879936,3
1,3339815849,1.044891,8881361,14
1,816792941,0.913227,8882361,5
1,602815099,0.970764,8886045,46
1,1082112743,1.027455,8887326,12
1,2933461051,0.868840,8888052,4
1,3178826423,0.880563,8889054,8
1,1093922639,0.880563,8889926,6
1,1931584043,0.962683,8891340,14
1,350161613,1.061581,8896322,65
1,1828470533,0.904092,8897491,10
1,509653939,0.988706,8899967,29
1,74131501,0.938541,8902628,32
1,364882481,0.971267,8907550,64
1,3047693951,1.067086,8909742,25
1,2074857221,1.109265,8911793,23
1,2451351211,1.083434,8912651,6
1,835874147,0.946313,8913648,8
1,4074352091,0.893772,8914523,6
1,3157776247,1.062959,8917082,30
1,3569093327,1.054659,8919350,26
1,3260226659,0.948889,8919863,1
1,3486744143,0.897588,8921428,16
1,3299717243,0.857526,8923172,14
1,1359612997,0.985738,8923687,1
1,1840182647,0.997066,8927332,32
1,3114558019,0.927551,8928659,10
1,1848444737,1.007782,8929165,1
1,539008111,0.981270,8929804,3
1,660064841,0.904092,8931423,17
1,2136512857,1.073928,8932361,7
1,2899453657,0.947859,8933293,7
1,2213719853,0.898132,8934155,6
1,58175657,1.000488,8935360,11
1,1834705571,0.945280,8937282,21
1,1793564051,0.938541,8937799,1
1,3659885689,0.988706,8939214,14
1,243087451,0.878342,8941971,33
1,1319404831,1.081178,8942688,4
1,3296620997,0.982762,8946333,46
1,3717187937,1.068458,8947701,13
1,1206962171,1.079370,8948290,2
1,3033971849,1.019344,8949428,10
1,1405913989,1.029354,8950714,12
1,3594047647,0.981270,8952217,15
1,3452353547,0.944764,8952731,1
1,600981113,1.035503,8956108,42
1,3804526729,0.871085,8956683,2
1,2979914129,1.000488,8957193,1
1,2937192473,1.029829,8958249,9
1,446374631,0.869402,8959799,16
1,62715593,0.973777,8960785,8
1,97071427,1.027455,8961770,8
1,2968115581,0.946829,8963623,20
1,2260621841,0.931753,8964342,4
1,53186767,0.871085,8965130,5
1,1568894021,1.004871,8965645,1
1,2503931669,0.952997,8966301,3
1,3957886663,0.963190,8966818,1
1,3439846559,0.969254,8969292,29
1,3818670929,0.908403,8970227,7
1,725659757,0.950432,8972275,23
1,2233270103,0.998534,8973002,4
1,4231839707,0.988706,8976406,42
1,2030696077,0.981270,8977065,3
1,3726807533,1.020302,8983815,83
1,2820438989,0.978779,8986444,31
1,340054387,0.988706,8987300,6
1,589785491,0.978779,8989769,29
1,4208067251,0.997066,8992747,36
1,2802518197,1.040677,8996104,42
1,74136379,1.035503,9000031,50
1,3617139121,1.022214,9003059,37
1,3682107269,0.950945,9004280,11
1,2683709183,0.869402,9006403,24
1,343609367,0.954533,9008438,23
1,116124329,1.018386,9009851,14
1,1044668321,0.993141,9010642,5
1,1181066269,0.910550,9011644,8
1,1045104083,0.928078,9012361,4
1,685687711,0.946313,9014206,20
1,2076776759,0.904632,9014999,5
1,1326104251,0.928078,9018801,48
1,3314156317,1.007782,9020349,16
1,4136688119,1.012133,9025990,70
1,4275624971,1.029829,9027919,21
1,454442519,1.035503,9030087,12
1,210825469,0.904632,9030777,2
1,4131267577,0.988212,9033981,38
1,2751427873,1.000488,9035070,9
1,1575788491,0.984747,9037420,27
1,3782362229,0.991172,9038212,5
1,3381019813,0.920152,9040178,22
1,3772242517,0.888841,9042582,28
1,3948115337,1.020780,9043235,3
1,3378103853,0.861503,9045216,22
1,1776987391,0.950945,9048487,40
1,2439307583,0.984747,9049207,4
1,1866805691,0.989199,9050504,12
1,1937335409,0.940101,9053742,40
1,2959595851,1.000488,9055378,17
1,1826088203,0.980772,9057517,24
1,1780481909,1.061581,9059101,16
1,1826690231,1.007782,9059750,3
1,1693813013,1.084785,9062909,39
1,3908146573,0.877786,9065456,30
1,1171049689,0.977281,9069663,54
1,1007595473,1.037387,9071632,22
1,3898765327,0.970764,9076190,59
1,3487813961,0.999023,9077676,15
1,618994591,0.982762,9078325,3
1,2251927487,0.969254,9080035,18
1,3042717791,0.950432,9084910,56
1,4047133147,1.090621,9086005,9
1,797345399,0.925971,9086724,4
1,542403661,0.932277,9087855,10
1,1243113871,0.911622,9089406,14
1,4244665223,0.997556,9091836,28
1,4244836979,0.985738,9092493,3
1,1060089463,0.884436,9093153,3
1,3022088087,1.044423,9094228,9
1,1032111181,1.020780,9095515,12
1,2875540861,0.965215,9097419,21
1,2601999097,0.952484,9097942,1
1,3434818451,0.846639,9098803,6
1,2387755751,0.997066,9100441,17
1,2168698457,0.889939,9102970,30
1,1273721879,0.969254,9103834,6
1,3256322347,0.904092,9105671,20
1,478357949,1.055121,9106662,8
1,4211983499,0.925971,9107801,10
1,606194591,0.984747,9108524,4
1,595038467,0.961160,9110291,19
1,2049451267,0.877229,9111211,7
1,1632734237,0.931753,9112898,18
1,81343513,0.990679,9114230,13
1,179048729,0.899761,9114790,2
1,3687335131,0.970261,9115519,4
1,3472764689,0.988706,9118204,32
1,4243806121,0.960652,9118935,4
1,2165525393,0.868840,9119714,5
1,504486643,0.870524,9121272,16
1,3921887447,0.913227,9124579,41
1,1596345833,1.018386,9125930,13
1,1763426111,0.950945,9126459,1
1,408599431,0.977281,9127579,5
1,1188763223,1.044423,9129223,17
1,1103823619,0.907327,9129937,4
1,2147971411,1.042552,9132088,12
1,725662741,1.072563,9133312,6
1,2902419089,1.002438,9134765,14
1,2098934879,0.977281,9138635,49
1,2174247739,0.897588,9141299,32
1,685032331,0.910550,9142152,6
1,3667186351,1.024123,9144349,25
1,182340413,0.973777,9145921,16
1,3611496719,0.964709,9147209,12
1,2289615821,0.940620,9151026,48
1,398845963,0.922801,9152227,11
1,4242667943,0.867715,9152888,3
1,4118487721,0.941657,9153677,5
1,2149516459,1.025076,9154180,1
1,118456171,1.024123,9158607,57
1,1792916563,1.062040,9163311,61
1,3080986969,0.977281,9163958,3
1,1346508601,1.094643,9166203,26
1,2031039839,0.974780,9166790,2
1,2010885743,0.889391,9169914,38
1,4017820687,0.946313,9173937,51
1,1714444723,1.039738,9175143,11
1,2948350049,1.010685,9176282,10
1,1063090519,0.872205,9177287,8
1,1652997809,1.029354,9178514,11
1,3226187473,0.895409,9183200,61
1,2539515211,0.994123,9184852,12
1,3510718261,0.977281,9186207,13
1,4186694047,0.963190,9187283,9
1,4172607451,0.899761,9188363,9
1,1202350243,0.924387,9189330,5
1,173562947,0.977281,9190135,5
1,1259823377,0.965215,9190852,4
1,4012431539,0.965215,9191368,1
1,3727786561,1.042552,9192711,13
1,2323039513,0.970261,9195549,34
1,3738804919,0.946829,9199234,46
1,2250794243,0.970764,9200153,7
1,3175960891,1.067086,9201378,11
1,4045199087,0.815499,9202662,12
1,4030924669,0.984747,9204434,19
1,4267279697,0.996576,9209426,65
1,1247133883,0.948889,9211411,22
1,2028423457,0.963190,9213655,26
1,1283725763,0.953509,9219706,80
1,132920153,0.944764,9220639,7
1,1302850183,0.984747,9223456,34
