agent_id,prime,g,timestamp_us,checked_since
1,1933105487,0.965215,0,31
1,2508045119,1.027455,933,3
1,443224409,0.784369,1573,3
1,3362967749,1.004871,2366,5
1,1809060689,0.950945,3359,8
1,447791303,0.986233,4346,8
1,2694726631,0.975280,5900,16
1,2228549761,1.072563,8211,27
1,3348713189,0.998534,9282,9
1,1294208767,0.987223,12022,33
1,2222135039,1.046758,13232,11
1,2808820253,0.931753,14578,13
1,386876923,0.974780,15513,7
1,3775099859,1.035503,18121,31
1,18581609,0.988706,22106,51
1,3882905933,1.061581,25069,36
1,3295825891,1.061581,27603,30
1,1561535621,0.950945,28815,11
1,2302050239,0.898132,30326,15
1,3284449213,1.031250,32040,18
1,968812517,0.977281,33409,13
1,2513784737,0.988706,35452,23
1,208987423,0.927551,36867,14
1,3326024633,1.000488,41644,62
1,511577117,0.956066,42636,8
1,1490372047,0.950945,43219,2
1,364832437,0.897588,44009,5
1,2628066659,0.935414,47469,43
1,4290158569,0.846639,48480,8
1,4292200391,0.960652,49492,8
1,1505574887,0.915364,50224,4
1,1795198007,1.012133,53240,37
1,1141643947,0.970764,54653,14
1,4262733529,0.957597,55650,8
1,332595149,0.988212,56234,2
1,2852586691,0.846639,59890,46
1,852275717,0.962683,65977,81
1,2627991409,1.002438,67258,12
1,128444651,1.000488,68673,14
1,3060963793,0.938541,69609,7
1,2657780243,0.837360,77036,100
1,855077323,0.922801,79238,25
1,4261084741,0.982762,81916,28
1,3272272747,1.020780,83020,7
1,243084353,0.895954,85235,25
1,1711440629,0.910550,86448,11
1,3095241473,0.887192,87302,6
1,1116830269,1.028405,88935,17
1,736169659,0.993632,93717,62
1,1003672013,0.936979,95413,18
1,3981085291,0.846639,99211,48
1,4176507077,0.960652,101180,22
1,1543160263,0.962175,105678,58
1,936222437,1.081178,106478,5
1,223836373,0.961160,108744,26
1,2980565519,0.994123,109606,6
1,1073639387,0.903011,110209,2
1,1384026667,1.086584,110997,5
1,2602160747,0.952484,112285,12
1,2666043553,0.914830,113983,18
1,3359662469,0.938541,116105,24
1,1942364503,0.977281,117669,16
1,3532295083,1.052341,118255,2
1,3248281259,1.004871,118915,3
1,1455410237,0.868840,123337,57
1,1504949231,0.914830,124215,6
1,167078591,0.986233,126404,25
1,550490939,0.837360,128400,22
1,2076720263,1.124132,129129,4
1,1394964953,0.936979,129641,1
1,1794948151,0.839689,131644,22
1,308877187,0.988706,132493,6
1,1963960279,0.950432,133360,6
1,3123018463,0.950945,138929,73
1,1721238191,0.940620,142294,42
1,3213234317,1.058356,148571,83
1,556161149,1.090621,149501,7
1,942363817,1.027455,150074,2
1,2172847487,0.911622,150579,1
1,137856143,0.904092,151989,14
1,459062321,1.012133,153673,18
1,1974469643,1.012133,154183,1
1,3863364587,1.000488,155757,16
1,3219640891,1.029354,156566,5
1,798277853,0.994614,157707,10
1,585300323,0.888841,159190,15
1,1488590221,0.862070,162229,37
1,3687844921,0.965215,163924,18
1,1282244111,1.036445,165633,18
1,1774304689,1.020780,166215,2
1,886000259,1.067086,166799,2
1,1666319807,0.907327,167308,1
1,2252033369,0.935936,168737,14
1,787778941,0.933847,169252,1
1,2628073691,0.928078,172146,35
1,2262496631,1.029829,174475,27
1,3153558241,0.929655,176334,20
1,569595401,1.002925,177464,10
1,531844403,1.003899,178460,8
1,1990584677,0.895409,180091,17
1,1721981557,0.997066,180748,3
1,240847777,1.024123,181521,5
1,3905323043,0.952484,182509,8
1,1145842877,0.911086,184522,19
1,2297185313,1.109265,186582,23
1,588382607,0.893772,189682,28
1,4048850363,0.957597,191973,25
1,740494393,0.928078,192472,1
1,2619083627,1.012133,195214,33
1,3915999301,0.913227,197180,22
1,4167984047,0.836193,200982,48
1,1636523923,0.974780,201792,5
1,2661789709,1.024123,202861,9
1,3816058111,0.920152,203867,8
1,1758192659,0.965215,206045,25
1,1222123139,0.846062,208845,34
1,2871114007,1.031250,210260,14
1,414288761,0.991172,214459,54
1,359592137,0.931753,215597,10
1,3881108039,0.899761,216389,5
1,1775403191,0.938541,219078,32
1,161336801,0.955044,220770,18
1,4146816497,0.927551,223445,32
1,958543643,0.984747,225344,21
1,231018941,1.070284,226053,4
1,440119063,0.908940,228392,27
1,1394277317,0.938021,229268,6
1,96807757,0.919090,232354,38
1,1278663889,1.111464,237386,66
1,55753213,0.848942,239499,24
1,349601569,0.969254,243073,45
1,1958197933,0.942176,243871,5
1,242098271,0.885539,245277,14
1,3038347349,0.938541,249076,48
1,199560827,0.978779,250840,19
1,576092807,0.920152,252048,11
1,931356029,0.995105,254303,26
1,1587162251,1.035031,255379,9
1,1599150211,0.930180,257137,19
1,3649920619,0.988706,257729,2
1,333905909,0.944247,259366,17
1,1461987413,0.981270,259940,2
1,2313630773,0.984747,261842,21
1,193902329,1.068914,263462,17
1,2603699999,0.928604,264748,12
1,540158081,0.938541,265517,5
1,53029591,1.025552,268732,40
1,1064762371,1.040677,270088,13
1,615639359,1.035503,270948,6
1,647825221,1.020302,274100,39
1,946252211,0.978779,276008,21
1,2782514311,0.815499,282900,92
1,918085703,1.133647,284461,16
1,4137455419,0.973777,285258,5
1,2486977763,0.908940,288139,29
1,3713552441,0.961160,288825,3
1,3572322277,0.934370,293686,63
1,493978171,0.914830,294760,9
1,2000951473,1.046758,296461,18
1,4223206459,0.973777,297122,3
1,3188823721,1.020302,299105,22
1,3829235897,0.997556,301791,32
1,1077342719,0.942176,303071,12
1,670931489,0.932277,304135,9
1,1284425551,0.899761,307017,35
1,3439943341,0.911622,307814,5
1,3378527407,0.954021,309741,21
1,3777856829,0.919621,312566,34
1,170769653,0.889391,313559,8
1,2078682499,1.098205,319156,74
1,3663594443,0.910550,320369,11
1,1976229271,0.905711,322210,20
1,34514261,1.046758,322839,3
1,2516771689,1.001951,324752,21
1,3764380793,0.904092,327916,39
1,3850094359,0.838525,331993,52
1,3571267541,0.996576,332929,7
1,2831577043,0.910550,339110,82
1,2254608709,0.919621,342200,38
1,1631231633,0.987223,342987,5
1,1648341551,0.895409,344140,10
1,505430239,0.994614,345405,12
1,2277670903,1.054659,347260,20
1,1500820351,0.975280,349596,27
1,1015092889,0.789333,350872,12
1,2036544413,0.916963,353193,27
1,3396776063,0.852959,355170,22
1,1253255209,0.961160,357279,24
1,1838363129,0.899761,358488,11
1,3660260323,1.042083,360189,18
1,1589080771,1.120651,360847,3
1,250894079,0.885539,362199,13
1,2158882001,1.111464,366197,51
1,2496835027,0.957597,366987,5
1,1850258959,0.854103,367784,5
1,2986000201,0.961160,369906,24
1,3294977219,0.923330,370625,4
1,4003790369,0.957597,371355,4
1,264201229,0.919621,371860,1
1,2590589957,1.093303,373405,16
1,1264151363,0.997066,374410,8
1,115028803,1.029829,379442,66
1,3763835861,0.864897,380801,13
1,1218614207,0.908403,383903,38
1,3753450079,0.974780,385676,19
1,1531581533,0.957597,388074,28
1,3649587661,0.956066,389901,16
1,524025991,0.971267,390546,3
1,2260444973,1.163407,391061,1
1,764602483,0.984747,395627,48
1,431156437,0.839689,397151,13
1,3745558517,0.957597,402977,74
1,1672538227,0.955044,405387,28
1,123478063,1.010685,406305,7
1,4160729851,0.884436,406906,2
1,149612063,0.938541,410262,42
1,888100393,1.002925,411545,12
1,3616843481,0.994123,412406,6
1,3799100581,0.942176,413003,2
1,2998434151,0.971267,416169,39
1,3366010519,0.934370,417591,14
1,3974909219,0.846062,418389,5
1,2731233419,1.032197,419946,16
1,3207913537,0.931753,424296,56
1,1016035333,0.942176,425011,4
1,3420224207,0.913227,425879,6
1,2432324353,0.932277,427566,18
1,4261928387,0.987223,428998,14
1,447614617,1.027455,429638,3
1,3014765309,0.954021,430797,10
1,1842413813,1.042552,432423,17
1,965025701,0.858664,433772,13
1,3590917247,0.988706,436942,39
1,200304077,0.919090,437514,2
1,4108015519,1.055584,439582,23
1,3640983791,0.997556,440310,4
1,1102329539,0.984747,444175,49
1,445575161,0.938021,445049,6
1,2236020887,1.004871,446604,16
1,4279596161,0.965215,449569,36
1,2329995757,1.027930,450865,12
1,3805675649,0.955044,451922,9
1,356171407,0.970764,453572,17
1,348568631,1.019344,455477,21
1,475487191,0.946313,458303,34
1,1694627843,0.848367,458814,1
1,3491906609,0.921743,459658,6
1,2319867581,0.950432,460322,3
1,2644824887,0.994123,461332,8
1,2154304001,0.928078,463437,24
1,1991923163,1.040677,467520,52
1,1109713529,0.920682,469065,16
1,476609857,1.055584,470541,15
1,2121874919,0.998534,471342,5
1,4220247587,0.928078,472987,17
1,3637937441,0.984747,474265,12
1,3608857831,1.054196,474788,1
1,3592689839,1.090621,478653,49
1,3391361719,0.991172,482365,47
1,1815891613,0.932277,485743,42
1,2694125789,0.854103,486813,9
1,3175256701,0.931753,488510,18
1,3935442263,0.960652,489230,4
1,2556529907,1.118907,490532,11
1,670843183,0.928078,495084,52
1,3533416903,0.911622,502183,94
1,3476374907,1.025552,502838,3
1,3802890473,1.025552,504053,11
1,4168953773,0.920682,504852,5
1,544979857,0.980772,506262,14
1,86101501,0.902471,512294,80
1,2143338611,0.907865,513638,13
1,1347454643,0.876115,514774,10
1,1467684497,0.961160,515909,10
1,1244359937,0.977281,517475,16
1,2532900163,0.839689,519262,19
1,1496243591,0.962175,521832,30
1,3015354959,0.984747,522774,7
1,723811043,0.961160,523282,1
1,223369451,0.948889,525459,25
1,2525972437,0.978779,527086,17
1,1805859947,0.975280,529687,31
1,1415102519,0.886090,531179,15
1,319126477,1.042083,532173,8
1,539350003,0.921743,532896,4
1,2792497259,0.932277,533401,1
1,1652184161,0.923330,535804,28
1,1869173209,0.923330,537846,23
1,130611661,1.005357,539462,17
1,4218428791,0.871645,541858,28
1,869251739,1.012133,543912,23
1,3464728931,0.938541,544988,9
1,3721044827,1.062959,546061,9
1,1492787767,0.908940,547416,13
1,2371901771,0.932277,548479,9
1,3641354263,0.922801,549403,7
1,338983657,0.946313,550755,13
1,2838358277,0.827388,551762,8
1,4267619947,0.986233,552709,7
1,3668053163,0.944247,553786,9
1,3591641959,1.025552,559076,69
1,677140727,0.886090,560488,14
1,467020739,1.094196,561553,9
1,3168933073,0.916963,562060,1
1,3038249881,0.903552,562838,5
1,1024227511,0.944764,565226,28
1,178560601,0.942176,565732,1
1,1443486347,0.993632,569454,47
1,25394647,0.928604,570369,7
1,69213493,1.037387,570859,1
1,2465603677,1.012616,572420,16
1,675206951,0.931753,576548,53
1,988335329,0.962175,579225,32
1,2564233489,0.956066,580149,7
1,1894919303,0.977281,582122,22
1,635584493,0.910550,583055,7
1,3815269879,0.922801,588684,74
1,1444805603,1.039738,589212,1
1,1704162731,1.000488,591403,25
1,1983951331,1.048157,592708,12
1,2720424067,0.914830,594926,19
1,1239553639,1.002438,596513,16
1,1435026013,1.111903,599343,34
1,3355775201,1.004871,600255,7
1,932708659,1.070284,600827,2
1,2080340341,0.994614,601915,9
1,2063894971,0.911622,603212,12
1,3157272071,0.928078,603793,2
1,2211726247,0.977281,606874,38
1,3464495687,0.877786,607444,2
1,532968211,1.035503,612610,68
1,4258936991,1.004871,615539,35
1,1179663413,0.977281,617505,22
1,659710603,0.964709,619267,19
1,1195739491,0.977281,622430,39
1,3222425957,0.950945,625455,37
1,1107129307,0.922801,626324,6
1,52725487,0.914830,626965,3
1,4210818671,0.960652,629587,31
1,2225662601,0.919621,630582,8
1,6734921,0.895954,634282,47
1,1159972963,1.014061,634997,4
1,3311263441,1.044423,637180,25
1,852125723,1.007782,638735,16
1,3960517853,0.902471,639247,1
1,3491503219,0.848367,646130,92
1,910564003,0.952484,646844,4
1,808516691,1.058356,648532,18
1,3715176137,0.997066,650660,24
1,720470453,1.050483,651930,12
1,694956869,1.028405,653062,10
1,1407025441,1.013098,654609,16
1,849369431,1.018386,656032,14
1,2016570671,0.994614,659618,45
1,630288557,0.904092,661181,16
1,1188316897,0.941657,662519,13
1,2455910159,1.090621,666936,57
1,2580149987,0.955044,670461,44
1,97375339,0.950945,671242,5
1,974308193,1.012133,672169,7
1,762873791,0.984747,674792,31
1,334951709,0.938541,677406,31
1,786760613,0.928078,677987,2
1,4250418059,1.040677,679546,16
1,3097552933,1.039738,680470,7
1,1275643867,0.987223,681188,4
1,2927390519,1.037387,683379,25
1,3351018871,0.944764,683972,2
1,3225242731,0.850092,684482,1
1,1394283223,0.880563,685687,11
1,395281673,1.089725,687238,16
1,1541131121,0.921213,689986,33
1,477889981,0.942176,696740,87
1,1741366373,1.057433,698120,11
1,328370299,0.962175,701153,37
1,3988937203,0.920152,701670,1
1,137393951,0.954533,704216,30
1,2483977421,0.908940,706735,29
1,1135837921,0.899761,707468,4
1,2078280653,0.965215,708604,10
1,99594727,1.027455,711003,28
1,1009550863,0.919621,712133,10
1,964535119,0.995105,714949,34
1,65903393,1.103970,716424,15
1,1678992041,0.991172,718753,27
1,3089908541,0.928078,721365,31
1,1143247691,0.970764,721937,2
1,1442867227,0.980274,723835,21
1,788323187,0.922801,726946,38
1,3213415423,0.975280,730756,48
1,2305212439,1.055584,731400,3
1,809622371,0.994614,732267,6
1,2053660517,1.073928,733546,12
1,809481119,1.002925,735750,25
1,3762127583,0.904092,736761,8
1,1919450879,1.073928,738402,17
1,2258230327,1.086584,738924,1
1,1241016877,0.994614,741748,34
1,1700829661,1.027455,742397,3
1,1646327791,0.977281,744388,22
1,1504113673,0.990186,745944,16
1,1469790107,1.025552,748013,23
1,119726171,0.954533,750193,25
1,748933253,0.965215,755293,67
1,55022567,0.972272,756001,4
1,767836177,0.885539,757058,9
1,1857943267,0.997066,757798,4
1,3206552203,1.019344,759775,22
1,2484236641,0.960652,761399,17
1,2237644457,0.950945,764370,36
1,972770941,0.888841,767394,37
1,4190154821,0.934370,768880,15
1,3722238001,0.965215,770721,20
1,1888537009,1.111464,771723,8
1,3596714083,1.025552,773620,21
1,2766215351,0.997556,774828,11
1,2880169451,1.046758,775557,4
1,3697558699,0.954533,778110,30
1,3115149533,0.835609,779114,8
1,1391655203,1.004871,779713,2
1,3101854897,1.018386,782591,35
1,491600029,1.098205,783313,4
1,2585572331,1.089725,783975,3
1,916551497,0.950945,784768,5
1,2214593351,0.961160,786444,18
1,3191504621,0.897588,787035,2
1,2499391871,1.027930,788750,18
1,2925178859,0.854103,789910,10
1,2313512527,1.025552,790911,8
1,471742189,0.925971,795392,58
1,1501031291,0.910550,797604,25
1,474634493,0.872205,799973,22
1,3773821663,0.965215,800954,7
1,155664599,1.019344,801738,5
1,871758193,0.868840,806441,61
1,1811702237,1.054659,807236,5
1,1188184243,0.956066,808436,11
1,670706119,1.014543,810200,19
1,2739212107,0.962683,810999,5
1,2840170393,1.044423,812552,16
1,543505477,0.919621,813468,7
1,1033663793,0.882225,814323,6
1,1187119613,1.012616,815322,8
1,456645949,1.069371,816973,17
1,2218548769,1.005357,817822,6
1,1755054779,1.032197,819658,20
1,98336827,1.025552,820988,13
1,1479396629,1.004871,822122,10
1,1773367031,0.970764,827467,70
1,295718779,1.017906,829102,17
1,58168417,0.871645,830992,21
1,91727873,1.005357,831903,7
1,1727878127,0.873324,837373,72
1,1491294551,0.910550,839838,29
1,1427183621,0.910550,840474,3
1,4279440331,0.996576,842754,26
1,2334913817,0.934370,843475,4
1,1953766253,1.073928,844830,13
1,4132781117,1.036916,846531,18
1,4191926303,0.912693,847406,6
1,3639817777,1.020302,849246,20
1,153671269,0.898132,850304,9
1,3332836711,0.965215,854303,51
1,3504027361,0.973777,856854,30
1,4202762111,1.106621,858413,16
1,94747063,1.033615,859682,12
1,323866709,0.857526,860900,11
1,3588086519,0.970261,862123,11
1,558079531,0.956066,863824,18
1,948919151,1.006813,866936,38
1,2000632259,1.006328,867950,8
1,1600928873,1.076198,870422,29
1,110868523,0.920152,870991,2
1,1528069817,1.000488,872348,13
1,2419827757,0.920152,877179,63
1,1109390309,1.012133,879529,27
1,3207503623,0.977281,887516,108
1,1097557051,1.128467,888521,8
1,2265304087,0.940620,891967,43
1,4845707,0.984747,895031,38
1,3092711659,0.988706,897989,36
1,1069514917,0.919621,898849,6
1,79331869,0.986233,900902,20
1,900933349,1.081629,901628,4
1,3781278707,0.960652,902614,6
1,2859308593,1.031250,904057,14
1,3240936203,1.050483,905117,9
1,1523759719,1.025552,909754,60
1,3962068697,0.970261,912222,29
1,695125657,1.015985,913082,6
1,1140072061,1.031250,914165,9
1,56319911,1.025552,915501,13
1,991231547,0.946829,918250,33
1,1383501437,0.877786,922629,56
1,1523458633,1.008267,928845,83
1,3893017201,0.960652,929351,1
1,2735168977,0.999023,930980,17
1,2283652277,1.124132,934211,40
1,1724116937,1.079370,935776,16
1,1777636963,0.893772,939717,50
1,347481269,0.868840,940635,7
1,237560501,1.005357,941135,1
1,363724859,1.012616,941981,6
1,3336029317,0.902471,944170,25
1,3184287247,0.963190,946305,24
1,2208538727,1.047691,947732,14
1,1711214003,0.962683,948752,8
1,1888736371,0.936979,950183,14
1,313017937,0.844329,951657,15
1,3888295883,1.055584,953148,15
1,1443443569,0.910550,955191,23
1,3512496979,0.994614,956753,16
1,3295614541,1.027455,957262,1
1,3361000187,0.948889,959321,23
1,2274349031,0.922801,960615,12
1,470209097,0.904632,964767,53
1,1426846697,0.988706,966191,14
1,2263344151,1.080726,968688,29
1,407956399,0.965215,969202,1
1,2413708471,1.007782,970779,16
1,2993644207,1.004385,971574,5
1,3781133747,0.882778,972305,4
1,628381777,1.012133,975390,38
1,2989829027,0.997066,976404,8
1,1965637441,0.997066,977899,15
1,1808366939,1.050483,978558,3
1,181279253,0.938541,979764,11
1,65644351,1.089725,981658,21
1,1699878883,0.927551,982308,3
1,4163942687,1.014061,982968,3
1,1140024047,0.955044,983695,4
1,2328140183,0.975280,985115,14
1,1737027979,1.054659,986879,19
1,184728799,0.919621,987739,6
1,179747569,1.025552,988807,9
1,208028459,1.078012,989936,10
1,1256718503,1.032197,1004826,202
1,2997673391,1.004871,1005516,3
1,3436508861,0.993141,1007641,24
1,2663712719,0.905711,1012489,63
1,1016005597,0.884436,1016290,48
1,4062151217,0.936979,1017217,7
1,2857614247,0.899761,1018081,6
1,37166099,1.017906,1018849,5
1,2505220507,0.835024,1020263,14
1,1663695793,0.997556,1021827,16
1,2480369393,0.981270,1023254,14
1,3294822493,0.886090,1026826,45
1,2711571017,1.029829,1027479,3
1,419511929,1.040677,1031541,52
1,1553916337,0.848367,1032329,5
1,1453435063,1.076198,1034179,20
1,503122049,1.061581,1036419,26
1,572783591,1.047691,1037349,7
1,2112816413,0.950945,1037865,1
1,1429266877,0.962175,1039488,17
1,876940457,0.956066,1041747,26
1,599376359,1.073928,1042899,10
1,3054287023,0.993141,1045227,27
1,4079167619,0.942176,1046290,9
1,2079996091,0.895954,1046818,1
1,3209733649,0.991172,1049772,36
1,1949986607,1.018386,1050784,8
1,2466460819,0.988706,1051566,5
1,599848703,1.018386,1054445,35
1,1517617471,1.025076,1055592,10
1,71081993,0.983258,1056572,8
1,2309474129,0.940101,1058411,20
1,25506337,0.954021,1060221,20
1,2650345333,0.898675,1061433,11
1,1429207751,0.938541,1064255,34
1,2089970933,0.885539,1067141,35
1,1174076669,0.931753,1068175,8
1,3415839499,1.029829,1069109,7
1,2288361139,0.961160,1069766,3
1,4088703049,0.931753,1071394,17
1,3717023111,0.871645,1075616,54
1,1505100677,1.197736,1078861,40
1,1248960827,1.018386,1080901,23
1,112346141,1.083884,1082099,11
1,2740422043,0.886641,1083950,20
1,998459173,0.902471,1085846,21
1,2357514569,1.037387,1088093,26
1,2813091143,0.947859,1092317,54
1,461463731,0.938541,1094362,23
1,22867487,0.977281,1094929,2
1,3353740207,1.007782,1096416,15
1,1232164679,0.955044,1103521,95
1,2098396931,0.991172,1106611,34
1,4110007219,0.921743,1107217,2
1,625867729,0.901929,1107909,3
1,3636068041,0.996576,1109000,9
1,2534488987,1.003899,1109935,7
1,1036497731,1.020780,1111144,11
1,3949865753,0.942176,1111864,4
1,128539441,1.069828,1113755,21
1,2955897229,1.012616,1115811,23
1,2758728041,1.003899,1117643,20
1,307977209,1.070284,1118290,3
1,1926274969,1.039268,1118941,3
1,242228263,1.012616,1119508,2
1,3297257489,0.932277,1120803,12
1,3644382473,0.970261,1122157,13
1,2840488643,0.916963,1122946,5
1,1765905077,1.023646,1123807,6
1,1812355789,1.025552,1124810,8
1,1132866899,0.839689,1125316,1
1,447118339,0.911622,1125826,1
1,1911177313,0.880563,1127802,22
1,3742011937,0.893772,1129486,18
1,4082712553,1.039268,1131255,19
1,2322807979,1.039268,1132949,18
1,894138599,0.957597,1135763,34
1,2262046453,0.929655,1137880,24
1,731872369,0.988706,1139087,11
1,2416131059,1.000488,1140361,12
1,2985225643,0.978779,1142907,30
1,3422918783,0.974780,1143836,7
1,700734739,1.003899,1145383,16
1,1269895751,0.948889,1146807,14
1,259902899,1.073018,1148585,19
1,2565863723,0.952484,1149815,11
1,4005020977,1.068458,1152077,26
1,2081921147,0.899761,1156926,63
1,1935150083,0.973777,1157499,2
1,3584820737,0.960652,1158205,4
1,1133159171,0.944764,1158848,3
1,385448911,1.044891,1161526,32
1,1464102733,1.002438,1162039,1
1,630320279,1.058356,1162898,6
1,983136701,0.988212,1164744,20
1,1226446693,0.984747,1165528,5
1,919128167,0.862636,1168677,39
1,1197601931,0.889391,1170249,16
1,477638047,0.999023,1172497,26
1,2703395111,0.988706,1173696,11
1,68297587,0.900304,1176992,41
1,1990833697,0.920682,1179870,35
1,483936881,0.919621,1183859,51
1,2540860097,0.965215,1185413,16
1,3314666591,0.919621,1187041,17
1,1591615073,0.993141,1188042,8
1,509299211,1.055584,1190354,27
1,1081010417,0.970261,1191139,5
1,654745349,1.006813,1191851,4
1,2063057177,0.895954,1196335,58
1,4079980633,1.047691,1200131,48
1,236222993,0.988706,1200901,5
1,566818387,0.930180,1201478,2
1,1218683723,1.055584,1202758,12
1,3903740353,0.919090,1203266,1
1,2301368191,1.052341,1206795,44
1,1783527059,1.048157,1209017,22
1,2395623361,0.931753,1213550,56
1,1040655211,0.969254,1214634,9
1,3136535939,0.965215,1215293,3
1,2277823399,1.013098,1215814,1
1,2272597399,0.984747,1217179,13
1,152073689,1.019344,1218025,6
1,1685359387,1.045825,1218950,7
1,2944039639,0.935414,1222062,38
1,1637790503,0.911622,1222992,7
1,919049837,0.971267,1226598,45
1,3572387963,1.025552,1228737,24
1,2947065097,1.050483,1229245,1
1,2492549693,1.086584,1229826,2
1,1430467127,0.952997,1230403,2
1,3755251891,0.946313,1231623,11
1,2481638989,0.957597,1233669,23
1,1689077167,1.071652,1234884,11
1,644328493,1.007782,1236374,15
1,2563783903,0.965215,1237095,4
1,4270394071,0.957597,1238662,16
1,2107438357,1.047691,1240292,17
1,4236319673,0.993141,1241219,7
1,259662463,0.988212,1246247,66
1,3711500977,1.058356,1246893,3
1,2658542801,1.002925,1247681,5
1,1087965211,1.010685,1250071,28
1,1002193847,0.954533,1250586,1
1,2444826431,0.906789,1252782,25
1,2859467179,0.984747,1253646,6
1,814029361,1.000488,1254908,12
1,29459831,0.848367,1256093,11
1,3607052797,0.965215,1258932,34
1,4135992703,0.952997,1259661,4
1,2078321131,0.920152,1263880,54
1,3809451203,0.985738,1264818,7
1,2765461637,0.976781,1265949,10
1,3210382121,0.858664,1270083,53
1,1469670329,1.015985,1270945,6
1,2071270661,0.826207,1276193,69
1,2772342263,0.805256,1279146,36
1,201363761,0.927551,1280186,9
1,3857379133,0.973777,1283854,46
1,3374716421,1.035031,1286099,26
1,288855223,0.854103,1287666,16
1,3972173599,0.984747,1289800,24
1,1098107597,0.944247,1290590,5
1,2522277223,1.148198,1293707,38
1,2564017153,0.991172,1296311,31
1,693603161,1.087033,1297171,6
1,515405999,0.956066,1297966,5
1,3831715093,0.962683,1301066,38
1,2045609117,0.848942,1303181,24
1,1898122463,0.910550,1303768,2
1,559130743,0.941657,1304345,2
1,475707343,1.013098,1307014,32
1,414634679,1.062959,1309065,23
1,1158998143,0.991172,1309925,6
1,2524429543,0.946313,1311843,15
1,3599458273,0.950945,1312666,5
1,2762191867,0.983258,1314602,21
1,4285641631,1.063419,1316120,15
1,933469687,1.013098,1316716,2
1,812023669,0.962175,1318000,12
1,2626535473,1.061581,1319344,13
1,947810593,0.898132,1320897,16
1,2182301081,0.956066,1321539,3
1,3731385563,1.064337,1323468,21
1,3077477339,0.992649,1326840,42
1,445057097,0.919090,1328259,14
1,2591200319,0.972272,1328779,1
1,4009773979,0.920152,1332174,42
1,2839092341,0.973777,1334359,25
1,933480589,0.891584,1335284,7
1,4068684661,1.036916,1338439,39
1,3780785083,0.895954,1341529,38
1,1688811437,0.957597,1343724,25
1,900355741,0.895409,1345139,14
1,3259488719,1.044891,1346426,12
1,3222195203,0.942176,1347414,8
1,3658645013,0.944247,1349601,25
1,3888487787,0.904092,1351655,23
1,3382412581,1.054659,1352808,10
1,3498151147,0.914830,1353523,4
1,3351729881,1.012616,1362093,116
1,3927150547,0.969758,1363580,15
1,3231459109,0.910550,1364439,6
1,288561943,1.061581,1366411,22
1,2438410837,0.952484,1369311,35
1,1444922377,1.013098,1370589,12
1,1441915331,0.970764,1372015,14
1,3596106049,0.895954,1379710,104
1,3408627811,1.018386,1384202,58
1,61988093,0.938021,1388625,57
1,1232218453,1.091516,1389410,5
1,2958264371,0.868840,1392157,33
1,935881741,1.027455,1393366,11
1,1504522553,0.957597,1395542,25
1,717291461,0.843171,1396053,1
1,3550326203,1.012133,1397840,19
1,3853470553,0.942176,1398841,8
1,235724947,1.012616,1399407,2
1,770121637,0.993141,1400779,13
1,1391574043,0.919090,1402417,17
1,1637579327,0.988706,1404195,19
1,3104684777,1.089725,1405828,17
1,103902037,1.044423,1406955,10
1,1732113791,0.960652,1407836,6
1,2656569119,0.878342,1408486,3
1,127004039,0.942176,1411363,35
1,2990879,1.002438,1412875,12
1,3218283373,0.928078,1414813,21
1,1451371169,0.897588,1418074,30
1,3675890641,0.811899,1419406,11
1,2908090343,0.956066,1422447,37
1,1234066459,0.895409,1423582,10
1,2479262537,0.880563,1424097,1
1,1699091561,0.911622,1424600,1
1,1764151003,0.829745,1427000,28
1,2151455413,0.965215,1429387,28
1,3247334317,1.036445,1430745,13
1,1465320013,0.954533,1432364,17
1,3021820777,0.889939,1433716,13
1,750351709,0.993141,1434721,8
1,4006440901,0.988212,1435448,4
1,526887629,1.042552,1437003,16
1,4266914471,0.964709,1438150,10
1,2123679223,0.956066,1440981,34
1,476704903,0.878342,1446114,67
1,1507359551,0.979277,1447121,8
1,1648066477,0.957597,1448197,9
1,1944874507,0.982762,1449901,18
1,4056761531,1.012133,1450973,9
1,2302036151,0.902471,1454131,39
1,3084934693,0.869402,1454853,4
1,1172186377,0.942176,1459780,64
1,3437953073,0.854103,1460561,5
1,3970442537,0.982762,1467765,97
1,2998357381,0.946313,1468694,7
1,1483955701,0.955044,1469984,12
1,3152850223,0.988706,1470573,2
1,1134397871,0.846639,1473528,36
1,954063977,1.018386,1476471,36
1,3996847783,0.982762,1477614,10
1,2167011127,0.884436,1480795,39
1,3237512077,1.039738,1481649,6
1,2786760359,0.962175,1483559,21
1,3115827587,0.975280,1488976,71
1,1513976941,1.057433,1492023,35
1,3845126237,0.877229,1492839,5
1,4018453889,1.046758,1497042,54
1,3961650109,1.040677,1502952,78
1,3763204591,1.025552,1504236,12
1,2525687449,1.003899,1508294,52
1,635625191,1.153290,1509018,4
1,436539577,0.950945,1510210,11
1,111567371,1.054659,1513500,41
1,3803884549,1.055584,1516796,34
1,4246172627,1.133647,1526125,126
1,3999670739,1.018386,1527472,13
1,2744109673,0.999023,1528123,3
1,3995688479,0.938541,1528640,1
1,141010591,0.985738,1529422,5
1,3095390723,0.969254,1530222,5
1,4286537153,0.872205,1533483,40
1,2173834361,1.085235,1534125,3
1,2615677399,0.868840,1535618,15
1,2394930271,0.965215,1541258,74
1,928854037,1.033615,1542188,7
1,1687458427,0.813101,1545739,44
1,2543487563,0.962175,1546877,10
1,3145904563,0.994614,1547599,4
1,3608365727,1.012133,1548887,12
1,565133497,0.870524,1554211,70
1,3146091979,0.950945,1555707,15
1,228104287,0.885539,1556565,6
1,109163297,0.876115,1557888,13
1,2125247347,1.004871,1561130,40
1,2607953203,0.957597,1568232,95
1,3314252927,0.979277,1572097,49
1,4037877023,0.974780,1573653,16
1,3386772281,0.910550,1574802,10
1,3643540669,1.025552,1575379,2
1,1818585647,0.957087,1577081,18
1,3494175317,1.076198,1577866,5
1,2620480769,1.068458,1578724,6
1,3984196061,0.977281,1579239,1
1,1937306843,0.922801,1580884,17
1,3624021469,0.908940,1582030,10
1,426214297,0.864897,1590981,122
1,3222572701,1.004871,1593388,28
1,4122278861,0.984747,1600405,94
1,3310161509,0.950945,1609803,128
1,2807304079,0.876115,1611566,19
1,1862906677,0.970764,1618061,83
1,2523531623,1.083884,1619187,8
1,970209727,0.891584,1620283,9
1,1908830327,0.962683,1622396,24
1,4022191031,0.942176,1624049,17
1,40736359,0.899761,1624893,6
1,97042229,0.934370,1626522,17
1,2357006053,0.877786,1628285,19
1,4024737763,0.886090,1629017,4
1,3235130863,0.877229,1631767,33
1,3917683327,1.047691,1633755,22
1,2390100929,0.978779,1635317,16
1,1933320217,0.970764,1635897,2
1,1008034009,0.944764,1639203,41
1,8297123,0.941657,1640107,7
1,122045381,0.910550,1642975,35
1,568368127,0.962175,1646687,47
1,127522267,1.004871,1647268,2
1,1877741731,0.965215,1648474,11
1,1425935411,0.919090,1650522,23
1,3687719839,0.956066,1653985,43
1,181034149,0.844329,1655041,9
1,3102014561,0.919621,1656316,12
1,3683599817,0.886090,1659338,37
1,2254682719,0.869402,1659923,2
1,1403102611,1.012133,1660716,5
1,865082819,0.955044,1662403,18
1,2267002931,1.020302,1664458,23
1,549558703,1.029354,1666362,21
1,2888394283,0.988212,1667637,12
1,2908806013,0.827978,1669683,23
1,3102364399,0.944247,1670276,2
1,792355211,0.954533,1671766,15
1,4205694113,0.893772,1672419,3
1,73262509,1.068458,1674248,20
1,3001007641,1.076198,1675184,7
1,1225851463,0.965215,1681756,88
1,3854917607,0.984747,1683338,16
1,1089841681,0.946313,1684681,13
1,1256699309,0.982762,1685693,8
1,122182777,0.902471,1686196,1
1,346604389,0.944247,1687183,8
1,2016741257,0.811297,1688599,14
1,331710023,0.846639,1689325,4
1,932749967,1.001951,1690466,10
1,327895747,1.000488,1691322,6
1,4109468747,1.006328,1692396,9
1,1700484391,1.050483,1694863,29
1,4157824733,0.928604,1696151,12
1,3815293687,1.012133,1696743,2
1,863947927,0.988706,1699245,29
1,1911015179,1.007782,1700321,9
1,4194126197,0.920682,1702308,22
1,2825793721,1.012133,1706100,47
1,442009879,1.018386,1707248,10
1,2542344179,0.927551,1709797,30
1,2369867503,0.950945,1710310,1
1,2354632871,0.970261,1712370,23
1,22969477,0.977281,1713488,10
1,3890680991,0.977281,1715821,27
1,1557964867,1.061581,1716894,9
1,567398011,0.993141,1717403,1
1,3400380427,0.916963,1720896,40
1,447292969,0.950945,1721655,3
1,3573233849,0.974780,1722339,3
1,1174666939,0.974780,1723841,15
1,835728781,0.888841,1724416,2
1,156012809,1.044891,1727348,36
1,4254590027,1.047691,1736820,129
1,281501911,1.055584,1737321,1
1,812218499,0.934370,1739499,25
1,1610272057,1.055584,1744706,68
1,870621929,0.983258,1747792,38
1,2789460449,0.924387,1749691,21
1,3229232803,0.964709,1750277,2
1,2723685907,0.904092,1751057,5
1,1925270233,1.078012,1752056,8
1,1075761319,0.998534,1753396,13
1,793509007,1.002925,1753921,1
1,1410761923,0.982762,1755892,22
1,1904287831,1.137946,1759401,44
1,2465896351,0.973777,1763412,51
1,1957387843,1.034559,1765250,20
1,2280962903,0.911086,1768074,34
1,3058232603,1.062959,1768811,4
1,3649450999,0.991172,1769466,3
1,2331748847,0.923330,1772362,35
1,1039083329,0.944764,1774537,25
1,4007416463,0.993141,1775826,12
1,3452930941,0.950945,1777124,12
1,913740059,0.938541,1778050,7
1,49057963,1.017906,1779239,11
1,291046451,1.007782,1780299,9
1,3625874911,0.875000,1782496,25
1,2777901101,0.913227,1784117,17
1,538946579,0.981270,1785107,8
1,2233432037,1.000488,1785769,3
1,4092097943,1.023646,1789024,40
1,4018594439,1.027455,1792188,39
1,2679090509,1.047691,1792986,5
1,614498441,1.018386,1795512,30
1,4284456971,1.031250,1797071,16
1,1963442983,1.031250,1797929,6
1,94068203,0.977281,1804537,88
1,285592949,0.980772,1807413,35
1,1077313751,1.058356,1808194,5
1,2084790847,0.961160,1811997,48
1,3386676457,0.988706,1813136,10
1,1119792101,1.061581,1814067,7
1,573675433,1.012133,1814998,7
1,347819137,0.934370,1816539,16
1,2817275843,0.954533,1817472,7
1,76703491,0.994614,1820690,40
1,3644159339,0.945280,1821354,3
1,677384381,1.031250,1822432,6
1,1372515091,0.936979,1824046,15
1,798227467,0.962683,1826878,34
1,4273995617,1.031250,1827830,7
1,1817350781,0.921743,1828829,8
1,284252587,0.920152,1833250,57
1,3469706473,0.997556,1836905,46
1,2135117519,0.936979,1840631,47
1,1664033101,1.140518,1841628,8
1,438495181,0.940101,1842416,5
1,517808261,1.025552,1848012,74
1,3697264919,1.076198,1852019,51
1,1890428347,0.954533,1852958,7
1,3320299687,0.934370,1854731,19
1,2592013789,1.006328,1855672,7
1,1051724767,1.002438,1856260,2
1,1517434577,1.109265,1857117,6
1,2947976737,0.997556,1858326,11
1,3208855591,1.027455,1859683,13
1,1366933949,0.925971,1861249,16
1,1823581423,0.988706,1861834,2
1,2740293469,0.877786,1863187,13
1,200383903,1.095980,1863906,4
1,1649461841,1.029829,1866294,28
1,2151796247,0.920152,1866868,2
1,1744015727,1.025076,1867740,6
1,465622951,1.127168,1871117,42
1,946263541,0.970764,1874371,40
1,1257932869,0.835024,1879342,65
1,3245268133,0.988706,1882924,45
1,3935248397,0.938021,1884758,20
1,2943875953,1.020302,1886607,20
1,2358847159,0.978779,1887756,10
1,1612290703,0.935414,1889661,21
1,280738751,0.981270,1891844,25
1,2956857049,0.931753,1895018,39
1,2209055269,1.010685,1895521,1
1,1723311529,0.911622,1901505,79
1,3290693041,1.040677,1903552,23
1,2272855993,0.925443,1905175,17
1,1138489897,0.977281,1909756,59
1,3875417303,0.934370,1913906,53
1,3921071963,1.020780,1918888,65
1,2882748377,0.927551,1922009,38
1,2367208793,0.962175,1924335,27
1,1871197967,0.997066,1925833,11
1,4191145891,0.902471,1926373,1
1,3992447633,0.885539,1929299,35
1,2071912523,1.202618,1930302,8
1,172244441,0.983258,1930870,2
1,2041374233,0.848367,1933415,30
1,3522218267,1.025552,1933996,2
1,2615739859,1.007782,1938132,53
1,2197798949,0.988706,1943882,76
1,203122357,0.997066,1948629,62
1,2229847489,1.015985,1949133,1
1,1306919879,1.054659,1949642,1
1,2056307839,0.846639,1954133,58
1,1699405181,1.012616,1957798,46
1,2806626019,0.962175,1959078,12
1,604812211,0.893225,1959730,3
1,3597389797,0.991172,1963253,44
1,3863731999,1.039268,1965944,32
1,162485263,1.036916,1967280,13
1,1041189403,1.133647,1968275,8
1,823630609,0.975280,1969822,16
1,3156642347,0.911622,1973264,43
1,1131856387,1.127168,1974048,5
1,3147994699,1.025076,1976042,22
1,3946552307,0.919621,1979509,43
1,3720792349,1.029829,1981224,18
1,896711227,1.033615,1982513,12
1,607608431,1.073928,1983372,6
1,946160429,0.988212,1989390,80
1,1996200541,0.778746,1990807,13
1,3829996981,1.023646,1991327,1
1,3833541073,0.957597,1993538,25
1,1573370707,0.880563,1994126,2
1,4213145669,0.935414,1994636,1
1,2063093041,0.914830,1995354,4
1,2063685719,1.012133,2000524,67
1,3901714291,0.938541,2001043,1
1,3515603551,1.113220,2002255,11
1,638311981,1.029829,2003460,11
1,3187856123,0.993141,2008583,67
1,4292086147,0.942176,2010214,17
1,1400391679,1.015985,2010943,4
1,2632195747,0.991172,2011522,2
1,16305253,0.946313,2012292,5
1,3372600389,0.957597,2012804,1
1,212567489,1.050483,2014349,16
1,1956444773,1.003899,2015839,15
1,3312024553,1.044891,2017259,14
1,1075558241,0.950945,2018903,17
1,3897048527,0.982762,2020752,20
1,575418637,0.944764,2021528,5
1,981754583,0.957597,2022174,3
1,2025642107,1.020780,2023393,11
1,1066620889,0.893772,2029352,73
1,4177852933,1.081629,2034010,60
1,460104131,0.862636,2035001,8
1,3487325819,0.848367,2037201,25
1,1028333051,0.869402,2042469,69
1,2890757159,0.965215,2043753,12
1,1861316623,0.898675,2045322,16
1,2564098609,1.004871,2046813,15
1,2305795309,0.942176,2048234,14
1,2548975063,0.970261,2050291,23
1,1704966209,1.039738,2053322,37
1,533756621,0.999023,2055455,24
1,1424989897,1.005357,2057368,21
1,2453390831,1.127168,2060465,38
1,1752421991,0.962175,2061752,12
1,869964769,0.922801,2062962,11
1,3202021201,0.982762,2068919,79
1,3947341087,0.934370,2072601,46
1,4152348127,1.042552,2074183,16
1,533758853,0.910550,2077693,44
1,3950950631,1.010685,2078717,8
1,13278883,0.880563,2081384,32
1,3132020719,1.055584,2082837,14
1,1725671,0.919621,2084081,12
1,1698847823,1.052341,2086270,25
1,2612646677,0.893772,2087062,5
1,96647611,0.805256,2088541,15
1,1960424519,0.946313,2089764,11
1,3810704753,0.954533,2095501,76
1,2390287751,1.050483,2099081,45
1,3153265831,0.955044,2101076,22
1,3384263791,1.035031,2101594,1
1,2138320531,0.936979,2102751,10
1,1507324883,0.877786,2104192,14
1,3868572353,0.871085,2105324,10
1,3850959551,0.969254,2106268,7
1,3330944593,1.006813,2106908,3
1,2797941103,0.888292,2108186,12
1,3941695339,0.911622,2108714,1
1,3748549423,0.954533,2111200,29
1,2188002743,0.950945,2112334,10
1,1047694787,0.855816,2113762,14
1,2383507481,0.942176,2118877,67
1,2034581687,0.934370,2120294,14
1,190020113,0.970261,2123454,39
1,1302441209,1.004871,2125216,19
1,1208998267,0.957597,2128959,47
1,2398025353,1.018386,2129676,1
1,3749368643,1.069371,2131747,21
1,1504795037,1.057433,2133607,20
1,828251233,1.036916,2136932,41
1,3970843133,0.984747,2140370,43
1,886008523,0.931753,2140883,1
1,320010211,0.903011,2141532,3
1,1043579261,0.977281,2142250,4
1,3191649883,0.895409,2144578,27
1,2384472799,1.050483,2145385,5
1,12181313,0.913227,2146086,4
1,2304027403,0.825615,2147295,11
1,1615864961,0.867715,2151215,50
1,3031030241,0.891584,2155275,52
1,59269907,1.026028,2155770,1
1,39979307,1.095534,2156328,2
1,953547787,1.002925,2157756,14
1,1571075333,0.975280,2161488,47
1,1881400009,0.860369,2169952,114
1,2777101967,1.025552,2171508,16
1,2792100169,0.877786,2174516,37
1,11068019,0.942176,2175564,9
1,1793120207,0.888841,2177542,22
1,2531595917,1.073928,2178051,1
1,4043446387,0.977281,2180309,26
1,1006649531,0.920152,2185425,67
1,2922982633,0.977281,2191883,86
1,2304944573,1.029829,2193174,12
1,2418205541,0.940101,2195229,23
1,926840053,1.067086,2196372,10
1,2940859829,1.022214,2197935,16
1,1966315937,0.913227,2199488,16
1,1049846263,0.928604,2202664,39
1,1443676439,0.988706,2207850,68
1,861567403,1.013098,2210820,36
1,126115547,1.120651,2211671,6
1,1223354201,1.039268,2213094,14
1,338404477,1.036916,2214501,14
1,1711868791,0.994614,2215149,3
1,1525539571,1.027455,2216718,16
1,1189510271,1.027455,2218717,22
1,3870774287,0.946313,2220557,20
1,821763197,0.984747,2221140,2
1,2671283231,1.054659,2222775,17
1,3002875313,0.962683,2225798,37
1,2404520051,0.957597,2227279,15
1,2941958417,0.946313,2228424,10
1,1823354849,1.013098,2229349,7
1,254785309,0.858664,2230623,12
1,1608292513,0.920152,2234121,38
1,2362312229,0.988706,2235511,13
1,807261017,1.046758,2238520,37
1,4050429959,0.928078,2241060,30
1,1699867007,0.936979,2242134,9
1,4149140251,0.950432,2243281,10
1,245873377,0.936979,2244407,10
1,863173361,1.046292,2245840,14
1,992810779,0.993141,2247255,14
1,1306576721,1.070284,2247832,2
1,254738119,1.000488,2249674,20
1,295818223,0.956066,2250543,6
1,1066835999,0.862070,2253748,39
1,1067650169,0.904092,2255235,15
1,1769852627,0.954533,2257422,25
1,1040033933,1.057894,2258632,11
1,3056009083,1.020780,2259572,7
1,272745119,0.988212,2265873,84
1,1765454443,0.957597,2266457,2
1,3608144909,0.846062,2266971,1
1,3725462017,0.870524,2269774,34
1,3978004321,0.970764,2270787,8
1,1867050917,0.914830,2272138,13
1,3617664187,1.054659,2272931,5
1,1024170079,0.989693,2276165,40
1,3254576239,0.945280,2277099,7
1,3484969903,0.996576,2278683,16
1,1912372193,0.886090,2283252,59
1,2132136403,0.962683,2283839,2
1,2262292091,1.055584,2284846,8
1,1100776151,1.046758,2289467,60
1,1949448707,0.862070,2290112,3
1,3584047793,0.965215,2291521,14
1,2186829031,0.919621,2295253,47
1,1842531017,0.963190,2295835,2
1,1090354409,0.952484,2297627,19
1,2807630653,0.919621,2300014,28
1,1313318309,0.950945,2303037,37
1,2577392861,0.975280,2304325,12
1,3243273973,0.934370,2304980,3
1,1694234233,0.885539,2305783,5
1,3686483981,1.116723,2307131,13
1,1602150551,0.977281,2307997,6
1,1841532397,0.969758,2308798,5
1,49056367,1.002438,2309644,6
1,110976443,0.860369,2310288,3
1,1480450381,0.922801,2314504,54
1,2845320619,0.977281,2317525,37
1,4255199411,1.012616,2319856,27
1,821343697,0.944764,2324227,56
1,130576289,0.928078,2330383,82
1,2554340147,0.913227,2332935,30
1,629719193,0.955044,2335475,27
1,1737358589,1.004871,2336590,7
1,283784639,0.993141,2337185,2
1,2774013397,0.944764,2338596,14
1,681622567,0.914830,2339106,1
1,3998833331,0.947859,2340392,12
1,3903671789,0.858664,2341264,6
1,447688427,0.921743,2343179,21
1,1319978411,0.988212,2349473,84
1,778714553,1.061581,2349984,1
1,364514767,1.005357,2350493,1
1,30448031,0.975280,2351833,13
1,365750981,0.934370,2360116,112
1,3200476931,0.945280,2362329,25
1,763963441,0.931753,2363531,11
1,3932213057,1.006328,2366196,32
1,3525453853,1.025076,2366837,3
1,174286369,0.942176,2368375,16
1,1818173059,1.054659,2368957,2
1,3995157079,1.036916,2372322,42
1,2014137227,1.128467,2374161,20
1,634023023,0.946313,2375507,13
1,1629760001,1.067086,2376069,2
1,154285273,1.035503,2377824,19
1,3527666713,0.931753,2380571,33
1,1903369229,0.935414,2383244,32
1,2645476741,0.914830,2383765,1
1,3977526647,0.852959,2384560,5
1,3561427481,1.047691,2385061,1
1,589829351,1.054659,2387520,29
1,2503031303,0.877786,2388025,1
1,2871519949,0.919621,2389113,9
1,2910161957,0.983258,2391454,27
1,2430976357,0.946313,2393839,28
1,1466249731,0.938021,2395899,23
1,2851574689,0.907865,2398028,24
1,2614809133,0.950945,2400574,30
1,334978867,0.970764,2401234,3
1,4036545101,0.922801,2401952,4
1,2755553201,0.988706,2403860,21
1,804090113,1.012133,2405276,14
1,1791548839,0.957597,2406633,13
1,1133251771,0.910550,2408708,23
1,3768803861,1.006813,2409282,2
1,2776773247,0.928078,2413347,52
1,3825618343,1.032197,2417626,55
1,907438657,1.029829,2418757,10
1,3476292173,0.927551,2421146,28
1,4020982439,0.988706,2424877,47
1,208220071,0.991172,2426789,21
1,3300708007,0.918559,2427862,9
1,1757504179,1.015985,2428924,9
1,2747270509,0.886641,2429916,8
1,131378383,0.977281,2430986,9
1,3325758329,0.942176,2432131,10
1,3371248169,0.960652,2434241,24
1,2438674829,1.002438,2437967,43
1,1518346903,0.928078,2440601,22
1,2185852051,1.044423,2443119,28
1,2736579137,0.957597,2444188,9
1,84961991,1.034559,2444681,1
1,2278536751,0.910550,2445415,4
1,2475466051,0.859233,2445995,2
1,1682680387,0.993141,2450060,52
1,2151481309,0.934370,2451211,10
1,374752597,1.027455,2453589,28
1,1752820339,0.889939,2456344,33
1,3559424431,0.965215,2458179,20
1,1000346671,0.965215,2460563,28
1,4173236087,1.044891,2465763,68
1,1832278109,0.946313,2466832,9
1,985869179,1.063419,2470410,45
1,1578480577,1.092410,2472046,17
1,1906811213,0.931753,2474433,28
1,475893581,1.050483,2479574,67
1,1007432267,1.006328,2480084,1
1,2494124999,0.936979,2481795,18
1,2899409363,0.984747,2484846,37
1,1281445073,0.977281,2485626,5
1,1793955707,0.985738,2487260,17
1,3968449189,1.069371,2488956,18
1,4217715001,1.054196,2490007,7
1,256337957,1.003899,2490524,1
1,298478273,0.877786,2492969,29
1,3244452377,0.997556,2494658,18
1,1285665289,0.938541,2496491,20
1,2522115719,0.957597,2497800,12
1,2398251061,0.877786,2498660,6
1,3965862661,0.889939,2503843,68
1,556580987,1.068458,2504832,8
1,422972483,0.934370,2505539,4
1,331037279,0.940101,2506121,2
1,1734588169,0.944247,2506982,6
1,666331223,0.919621,2508052,9
1,1856175383,1.050483,2510731,32
1,2160620773,1.076198,2512002,12
1,1567125283,1.103085,2513919,21
1,2968636501,1.164665,2515056,10
1,536834761,1.111464,2518305,40
1,2760917459,0.944247,2518877,2
1,2607734509,0.974780,2520096,11
1,4090660307,1.031250,2521306,11
1,873902693,0.921743,2522575,12
1,88807351,0.946829,2523229,3
1,704560751,1.055121,2524097,6
1,2526393059,0.928078,2525585,15
1,2264324327,1.007782,2527646,23
1,3713452723,0.886090,2529069,14
1,1933837469,1.023646,2531379,27
1,1909924339,1.010685,2532311,7
1,1484377459,1.020302,2533537,11
1,2520527063,1.007782,2536558,37
1,1670217127,1.054659,2537917,13
1,1177833269,1.020302,2541616,40
1,992375749,0.997066,2542593,7
1,616707449,0.957597,2545200,31
1,2662645849,0.891584,2552682,101
1,2292206723,1.027455,2553467,5
1,1867440053,1.046758,2555669,25
1,1662076307,0.952484,2556458,5
1,3893803861,0.988706,2562062,74
1,21480073,0.904092,2563327,12
1,1064377357,0.880563,2567966,60
1,1066180777,0.962683,2568609,3
1,2094775271,0.942176,2569488,6
1,1174174691,0.862070,2570426,7
1,110959171,1.007782,2572669,26
1,1353489971,0.950945,2575558,35
1,1612161217,0.965215,2576193,3
1,3192353401,1.029354,2576985,5
1,3736588181,0.899761,2579176,25
1,2372449481,0.946313,2584285,67
1,1063581481,0.846639,2585075,5
1,2163545101,1.007782,2587594,30
1,2808430159,1.033615,2588473,6
1,1953702623,0.929655,2590107,17
1,3231434123,1.090621,2591534,14
1,1825575361,0.919090,2592803,12
1,432774679,0.978779,2594425,17
1,1728346219,1.012133,2596262,20
1,1642362263,0.940620,2596858,2
1,2833511311,0.988706,2600646,48
1,2300255339,0.855246,2602411,19
1,2982217037,1.027930,2603682,12
1,1048876189,1.046758,2604612,7
1,2908132223,0.993141,2605416,5
1,1205497411,1.043488,2606278,6
1,504729997,0.852386,2607195,7
1,2601038281,0.958616,2609584,28
1,2630368633,0.934370,2610934,13
1,610310257,0.901929,2613250,27
1,3655283851,0.988706,2613837,2
1,867971087,1.113220,2614343,1
1,2000778749,1.002925,2617524,39
1,162520769,0.919621,2618167,3
1,1090126721,1.047691,2620626,29
1,2073013001,1.063419,2621348,4
1,2349348017,0.969254,2622540,11
1,2516895583,0.977281,2625159,31
1,3474465473,0.929655,2630900,76
1,1948291507,1.007782,2633575,32
1,3659464297,1.000488,2634933,13
1,1851886391,0.975280,2637881,36
1,3297154337,0.885539,2640396,30
1,556954243,0.860369,2642547,21
1,1096473643,1.015985,2645318,29
1,1610248303,1.022214,2646585,11
1,2172802501,1.027455,2648207,17
1,2653082767,0.885539,2648926,4
1,3498726877,1.113220,2650132,8
1,4145092999,1.090621,2652829,32
1,4118001077,0.994614,2653987,10
1,3038928527,0.862070,2655767,19
1,3702759677,0.858664,2657059,12
1,2698394693,1.058356,2658964,21
1,278917003,1.007782,2660108,10
1,2913001099,0.904092,2661760,17
1,3576795413,0.942176,2665646,49
1,4109467639,1.039738,2668193,30
1,1877400293,1.020302,2670675,29
1,3954724757,0.960652,2672596,21
1,4155353291,0.994614,2674652,23
1,3946053409,1.073928,2676560,21
1,2661881389,0.994614,2678610,23
1,4029698209,1.029354,2680446,20
1,2969621653,0.928078,2681018,2
1,4110229577,0.854103,2682014,8
1,4013770147,1.027930,2684346,27
1,3651783349,1.044423,2685712,13
1,27767989,1.012616,2686552,6
1,780627959,1.076198,2688124,16
1,672721997,1.020302,2691270,39
1,769944821,1.033615,2692477,11
1,1101518329,1.006328,2693131,3
1,1767157219,0.982762,2694129,8
1,582576539,0.961160,2695543,14
1,18983021,0.993141,2700094,59
1,3080373083,1.002925,2700973,6
1,2390368991,0.944764,2701905,7
1,3804961889,1.004871,2707583,74
1,787878131,0.886641,2708118,1
1,329307233,1.000488,2709950,20
1,2532928553,1.032197,2710887,7
1,527231071,0.988706,2712374,15
1,787683079,1.086584,2713441,9
1,669829009,0.928078,2714019,2
1,3224168393,1.124132,2715734,18
1,4166253017,0.878342,2716530,5
1,866623663,0.928078,2717614,9
1,4137117379,1.036916,2720466,34
1,2321805349,1.067086,2721042,2
1,4088242453,0.914830,2723224,25
1,2771334121,0.946313,2723745,1
1,2948589071,0.936979,2724617,6
1,2397120851,1.021258,2728192,45
1,1595782289,0.962683,2728841,3
1,366866639,0.944247,2730398,16
1,2629507891,0.942176,2731413,8
1,1886323303,1.027455,2735617,54
1,1526340727,1.073928,2737601,22
1,2394422467,0.952484,2739118,15
1,720089687,0.979277,2740188,9
1,815632189,0.964709,2741046,6
1,484100447,0.969758,2741773,4
1,2657889713,0.910550,2745433,40
1,2376314099,0.936979,2746053,2
1,3867328061,0.970764,2746646,2
1,2648836709,0.984747,2748196,16
1,2025417529,1.033615,2750532,27
1,959394781,1.006328,2751045,1
1,830407129,0.973777,2753291,26
1,855899201,0.904092,2753864,2
1,132436757,0.988706,2755475,17
1,3084409703,0.982762,2756551,9
1,1134534911,0.957597,2758398,20
1,1598573161,1.116723,2759261,6
1,3911208137,0.934370,2760041,5
1,2850424909,1.034559,2761883,20
1,1363008161,1.076198,2767469,74
1,2182971319,0.946313,2768681,11
1,844619569,0.853531,2769761,9
1,950738959,0.886090,2772785,37
1,2752046441,1.012133,2774966,25
1,3830165237,1.015985,2776679,18
1,1905816511,0.895409,2779436,33
1,4029779713,1.012133,2779939,1
1,56386007,1.025552,2781063,10
1,3055036169,0.993141,2781564,1
1,3438211471,1.029829,2784392,34
1,1701106541,1.046758,2788759,56
1,2412638849,0.878342,2790040,12
1,694820149,0.954533,2790616,2
1,1250227093,0.994614,2792525,21
1,550597669,0.969758,2794071,16
1,3225276721,1.098205,2797998,50
1,4270275743,0.957597,2798867,6
1,840626993,1.055121,2800431,16
1,4159704139,1.064337,2801849,14
1,1717505737,1.027455,2802636,5
1,2047533847,0.991172,2803148,1
1,1356556919,0.911086,2806117,36
1,2728225573,0.946313,2808236,24
1,630420983,0.982762,2810073,20
1,32473559,0.891036,2811485,14
1,768083387,0.925443,2813187,18
1,3386262133,1.033615,2815254,23
1,3633364447,0.988706,2821413,82
1,3882540577,0.911622,2827499,81
1,1458648509,0.997066,2828016,1
1,3307643387,0.977281,2833785,76
1,2768282897,1.047691,2835688,21
1,10111879,1.015985,2836179,1
1,1314053269,1.002438,2837039,6
1,2435086067,1.012133,2838812,19
1,3568797541,0.920152,2840107,12
1,1552257023,0.981270,2841116,8
1,1646007127,0.897588,2842040,7
1,3728141899,0.952484,2844374,27
1,1710915883,0.987223,2848061,41
1,3879443653,0.882778,2848669,2
1,607847953,1.004871,2849755,9
1,3730789189,0.914830,2850478,4
1,3343636103,1.047691,2851064,2
1,3126825463,0.899761,2854942,49
1,4199372921,0.919621,2856913,22
1,2988079879,0.983258,2858751,20
1,322196923,0.919090,2862826,52
1,3653848117,0.982762,2863337,1
1,1406589763,0.970261,2864409,9
1,2928882269,1.004871,2865832,14
1,2260327351,0.960652,2869274,43
1,2918824121,0.901929,2871950,32
1,221678663,1.000488,2872451,1
1,2475199897,0.918559,2875536,38
1,4191609439,1.027455,2878926,42
1,1003805177,1.025076,2885675,90
1,4176334837,1.025552,2887466,19
1,4098671879,0.779373,2888600,10
1,1464268027,0.988212,2889196,2
1,520161739,1.022214,2890467,12
1,3262431493,1.086584,2891249,5
1,891084323,0.955044,2894918,46
1,2384358121,0.880563,2896333,14
1,4279572581,0.880563,2898317,22
1,3002579771,1.044891,2901799,43
1,2918305367,0.934370,2903223,14
1,357435427,1.055121,2904276,9
1,3044678251,0.962175,2905554,12
1,1553179933,0.947859,2909008,43
1,2119291301,0.919621,2909745,4
1,3515533663,1.012616,2910328,2
1,3340208233,0.969758,2911260,7
1,3813146269,0.952997,2912198,7
1,234523999,1.003899,2912789,2
1,2173927967,1.002438,2915034,26
1,2892772109,0.952484,2915766,4
1,3701109089,0.946313,2916693,7
1,1071689279,0.913227,2917843,10
1,2845182181,0.975280,2922105,55
1,4222358167,1.036916,2922903,5
1,3149648989,0.986233,2924536,17
1,1416223451,0.942176,2927234,32
1,3537480329,1.020302,2927750,1
1,591780587,1.076198,2929802,23
1,670318249,0.987223,2930592,5
1,1317108323,0.960652,2931457,6
1,1435971091,0.877229,2932177,4
1,2356551787,0.877786,2934008,20
1,1581915787,1.013098,2934587,2
1,3325347017,1.012616,2935448,6
1,82186043,0.977281,2937278,20
1,1301413709,0.931753,2937803,1
1,2766389707,0.997556,2940332,30
1,3839844713,1.098205,2941475,10
1,1145707711,1.067086,2943313,20
1,144492379,0.938541,2944031,4
1,3255396497,0.946313,2944816,5
1,2073250279,0.938541,2945333,1
1,2232768247,0.962175,2946684,13
1,1977462577,0.988706,2947703,8
1,2859229237,1.009235,2949558,16
1,2445831233,0.846639,2950646,7
1,3786261001,0.907865,2951378,4
1,3705579629,0.827388,2952254,6
1,2034619501,0.919621,2952848,2
1,94638113,0.977281,2954237,14
1,903329957,0.984747,2957005,33
1,68271857,0.994123,2959449,29
1,371574391,1.035031,2961717,26
1,1164680953,0.920152,2965503,48
1,461427997,0.997066,2967604,24
1,3834923731,0.927551,2968823,11
1,159183961,0.994123,2969750,7
1,541250767,1.012616,2970671,7
1,4273778599,1.025552,2972462,19
1,732315923,1.058356,2975891,43
1,4112898277,0.955044,2977455,16
1,2380637419,1.013098,2979160,18
1,1431752447,0.997556,2980602,14
1,1211398583,0.970764,2981537,7
1,1045243853,0.982762,2982759,11
1,454821013,0.889391,2983395,3
1,2550506911,0.932277,2985380,22
1,2865492373,0.955044,2986041,3
1,2982126787,0.952484,2987043,8
1,3779148389,0.962683,2987828,5
1,643528433,0.973777,2988684,6
1,1856346097,1.034559,2992320,45
1,2267044781,0.950945,2993610,12
1,1840060381,0.970261,2995325,18
1,2614091063,1.068458,2996065,4
1,2045536673,0.921743,2996852,5
1,731291761,0.928604,2997352,1
1,1696388677,0.931753,2998972,17
1,2229608893,0.946313,2999967,8
1,2594267633,0.962175,3001661,18
1,355000033,1.118907,3003429,19
1,2377783973,0.882778,3005192,19
1,2867245427,1.073018,3008586,42
1,673283021,1.027455,3009308,4
1,2005787533,1.055121,3010249,7
1,1071525473,0.886090,3012715,29
1,3507781177,0.988706,3013434,4
1,2906877121,1.044891,3016398,36
1,3591829783,1.073928,3018611,25
1,197362157,0.950945,3019327,4
1,3923887397,0.911086,3020975,17
1,1511023721,0.988706,3022378,14
1,3857582341,0.904092,3023928,16
1,2216831867,0.895409,3025134,11
1,464824147,0.927551,3028010,35
1,672697771,0.900304,3028798,5
1,2000350159,1.018386,3029746,7
1,2398662911,0.942176,3031398,17
1,474433027,0.919621,3034641,40
1,3321477487,0.957597,3036413,19
1,1816138843,1.076198,3038935,30
1,1098461599,0.931753,3040210,12
1,2316765197,0.997556,3041690,15
1,344071031,0.998534,3042974,12
1,2014470961,0.827388,3043687,4
1,2429430301,0.895409,3045034,13
1,1271860001,1.065712,3045896,6
1,624295433,0.911086,3049159,40
1,3444335683,0.919621,3051456,23
1,2583662987,0.920682,3053154,16
1,4095546571,0.906789,3053826,3
1,3574259167,0.949404,3058749,64
1,2472540529,0.913227,3059616,6
1,1705417001,0.955044,3061451,20
1,4102312681,1.046758,3062581,10
1,2957296351,1.033615,3065126,30
1,48143171,0.946313,3069743,60
1,945268403,0.895409,3070393,3
1,3935910637,0.988706,3074261,49
1,3449989789,1.002438,3075764,15
1,3115668109,0.855246,3077599,20
1,3506580061,0.932277,3078881,12
1,1254655201,1.080274,3079517,3
1,4063523813,0.988706,3080866,13
1,555499421,1.014543,3081514,3
1,3526820117,0.945280,3082573,9
1,114664777,1.007782,3084752,25
1,3067259383,0.928078,3085973,11
1,2420801507,0.950945,3086695,4
1,1237718549,0.940101,3088050,13
1,3647065489,1.090173,3089252,11
1,2674549243,1.068458,3090328,9
1,4216377679,0.884436,3091762,14
1,1223678201,0.965215,3092348,2
1,3058885987,0.885539,3095789,43
1,4151005813,1.019344,3099585,48
1,1548302137,1.094196,3100448,6
1,546217487,0.980772,3102908,29
1,906843541,0.957597,3104248,13
1,2297011337,0.900304,3105034,5
1,1339362923,0.997066,3109473,57
1,3466472957,0.991172,3113203,47
1,874634311,0.978779,3114894,18
1,3056011363,1.048157,3117146,26
1,172433731,0.919621,3118837,18
1,1712567023,0.957597,3122025,39
1,2819926387,0.962175,3124414,28
1,617943509,0.898675,3128557,53
1,1477857307,0.922801,3132476,50
1,146202457,0.965215,3133187,4
1,67065667,0.968750,3137939,62
1,3363191129,0.962175,3138878,7
1,2364528809,1.066170,3142043,39
1,798421147,1.006328,3143600,16
1,3127800749,0.978779,3145170,16
1,3506590691,0.932277,3147491,27
1,1994017693,0.907327,3153586,77
1,3878383217,0.982762,3154750,10
1,226963171,0.920152,3159272,56
1,1075982443,1.013098,3159787,1
1,3394469003,1.027455,3160646,6
1,1993110377,0.997066,3161927,12
1,1213736137,1.083884,3163053,10
1,3121515109,0.950945,3165440,28
1,434618291,0.965215,3167071,17
1,1510270859,0.946829,3168205,10
1,3727091617,0.969254,3168796,2
1,3925772623,1.012616,3170009,11
1,2033469787,0.889939,3171789,19
1,4161770359,1.002925,3172306,1
1,2965148497,1.105738,3172819,1
1,2426659181,1.104854,3173967,10
1,2946932327,0.903552,3175116,10
1,4065475703,0.962175,3175920,5
1,2450161039,0.969254,3176786,6
1,3553285961,0.962175,3177579,5
1,1195139629,0.852386,3183063,72
1,2435677217,1.098205,3186151,38
1,3641584159,1.091068,3188967,34
1,429434429,0.880563,3190803,20
1,2554066513,1.015985,3193889,38
1,797674807,1.047691,3194611,4
1,14444141,1.064795,3195737,10
1,294654197,0.988706,3197075,13
1,3467834203,0.942176,3199977,35
1,2898689281,0.922801,3201319,13
1,2746731209,0.997556,3206225,64
1,3419442919,0.946313,3209141,35
1,520166677,0.922801,3211177,23
1,2394846617,0.882225,3214695,44
1,3610165991,1.013098,3218976,55
1,50276231,0.919621,3219964,8
1,4142101343,0.928078,3220710,4
1,3028700267,0.946313,3222895,25
1,445057427,0.919090,3223605,4
1,1514654153,1.006328,3224260,3
1,564543229,0.994123,3226026,19
1,1101001669,1.042552,3229184,39
1,3257004589,1.029829,3232203,37
1,1641948523,0.954533,3233849,17
1,4203301769,0.955044,3235611,19
1,2636253317,0.996576,3238088,29
1,1993830539,0.980772,3238674,2
1,2280349403,0.882225,3239340,3
1,1643413153,0.982762,3243335,51
1,546797543,0.952484,3246927,45
1,3025011401,0.964709,3247639,4
1,3664973189,0.948374,3248217,2
1,3930535139,0.868840,3248737,1
1,3304981553,0.962175,3251706,36
1,490325567,0.893772,3252942,11
1,60353989,0.970261,3253857,7
1,142291801,0.877786,3256203,24
1,3574217489,1.007782,3256993,5
1,3257646493,0.938541,3258324,12
1,1619892181,1.068458,3260245,21
1,3519376657,1.061581,3263762,44
1,3207330307,1.027455,3264487,4
1,4276617967,0.983258,3265072,2
1,4179742187,1.027455,3267473,28
1,2196759239,0.895954,3270726,40
1,814900091,0.962175,3273598,35
1,3157486051,0.996576,3274466,6
1,1133551567,0.912693,3277649,39
1,3645567257,0.920682,3278160,1
1,3235698629,0.877786,3278882,4
1,2460243437,0.945797,3280643,19
1,2967641627,0.913227,3281223,2
1,1663694909,1.033615,3282292,9
1,3000499861,1.023646,3283167,6
1,2102599997,1.003899,3286401,40
1,3707162369,0.952484,3287128,4
1,2399762179,0.962175,3291902,62
1,2129448647,0.965215,3293467,16
1,3459947189,0.965215,3294684,11
1,3463342849,1.061581,3295270,2
1,422668633,0.970764,3298149,35
1,1977064829,0.946313,3300991,34
1,3788244221,0.891584,3302197,11
1,2740151471,0.984747,3302787,2
1,1970153063,0.935414,3304413,17
1,2758228273,0.980274,3305415,8
1,557365253,0.936979,3306684,12
1,2207759311,0.864332,3307281,2
1,822920407,1.012133,3308766,15
1,1355253329,0.954533,3309269,1
1,1031519221,1.003899,3310504,11
1,2066649539,0.965215,3312269,19
1,372500363,0.872205,3313273,8
1,2999526109,1.012616,3316927,46
1,1216192883,0.904632,3319178,26
1,4164600107,1.040677,3320039,6
1,603832507,1.016466,3321110,9
1,314001593,0.984747,3323709,31
1,1887698881,0.886090,3326244,30
1,2120554333,0.864897,3329141,35
1,276248821,0.897588,3331037,21
1,1935818789,0.844907,3332802,19
1,2309112587,0.886090,3335617,34
1,1698818677,0.973777,3336970,13
1,3800918749,0.977281,3338754,19
1,2237073733,1.061581,3339542,5
1,4072312169,0.997066,3340124,2
1,2650810871,0.963190,3341691,16
1,1390893047,0.978779,3344676,36
1,1307711203,1.093303,3346331,17
1,1669846489,1.033615,3347268,7
1,1190241991,0.904632,3351415,53
1,1211921341,0.877786,3354166,33
1,58968157,0.919090,3357449,41
1,3789500167,0.978779,3362379,58
1,3741988379,1.012616,3364609,25
1,1414364533,0.927551,3367810,39
1,3009077473,0.938021,3369086,12
1,1383055033,0.938021,3369672,2
1,412143077,0.910550,3371295,17
1,763903013,0.950945,3371936,3
1,2864408809,1.039738,3373215,12
1,2742924263,0.950432,3373812,2
1,3641045101,1.015985,3375441,17
1,2027722859,0.853531,3376725,12
1,1582021087,0.988706,3377662,7
1,1784282341,0.920152,3378666,8
1,157717927,0.944764,3380643,22
1,3613271771,0.975280,3381440,5
1,3785972887,1.024123,3382731,12
1,3937712503,1.119780,3383812,9
1,4026625507,0.946313,3384390,2
1,2098492757,1.004871,3386441,23
1,3512564987,0.942176,3387100,3
1,1876876957,0.994123,3393274,82
1,405590179,1.024123,3395653,28
1,2486977429,0.983258,3396228,2
1,939809107,0.978779,3396941,4
1,2145180287,0.952484,3399778,34
1,3995652769,0.975280,3402664,35
1,3651422521,1.106621,3403308,3
1,2312630423,1.039268,3404458,10
1,3506629391,0.815499,3405176,4
1,3342341941,0.872205,3406315,10
1,21467161,0.973777,3407996,18
1,2997499091,0.933847,3408994,8
1,389852341,0.886090,3410059,9
1,2045419813,1.015985,3414828,62
1,4079970691,1.025552,3416534,18
1,260524687,0.975280,3417387,6
1,2911399529,0.891584,3422386,65
1,4187039141,0.965215,3423877,15
1,4207123211,1.063419,3424530,3
1,2140618583,0.952997,3427157,31
1,916082273,1.031250,3428712,16
1,2485667543,0.985738,3430120,14
1,3680278759,0.877786,3433712,45
1,1809668521,0.990186,3434575,6
1,3210911827,0.971267,3437332,33
1,1992258221,0.932277,3440096,33
1,2290264043,0.952484,3440820,4
1,1658425579,0.911622,3441688,6
1,2119776227,0.904632,3447116,71
1,2318221249,0.904092,3447695,2
1,3390355691,0.932277,3450250,30
1,1015164193,0.955044,3456328,81
1,1343373589,0.824432,3457813,15
1,2954019121,0.970764,3459646,20
1,766534991,0.960652,3462248,27
1,4064650553,1.027930,3462904,3
1,4220756329,1.044423,3463488,2
1,3936229643,0.787475,3466685,27
1,1430427461,1.043488,3467730,7
1,2292419011,0.781875,3468443,4
1,136701839,0.913227,3470059,17
1,3606741503,1.063419,3472672,31
1,1370026051,1.029829,3475850,39
1,428604947,0.978779,3477069,11
1,3971412169,0.891584,3479902,34
1,28722149,1.013098,3481508,17
1,996959189,0.852959,3482020,1
1,568832057,1.113220,3482942,7
1,4110215959,0.964709,3485910,36
1,1240855531,0.968750,3486927,8
1,3830307149,0.963190,3489180,26
1,1295429677,1.025552,3492656,41
1,1619712803,0.962175,3493399,4
1,3998328011,1.073928,3495667,26
1,5922463,1.005842,3496736,9
1,4011979337,0.970261,3499770,37
1,2638856443,0.935414,3500283,1
1,1749439829,1.044891,3503660,42
1,3285421693,0.927551,3506133,29
1,1769212507,0.931753,3508183,23
1,2982509951,0.919621,3511359,39
1,2329135973,0.950945,3513055,18
1,1311939107,0.940620,3515306,26
1,979443859,0.888841,3519285,51
1,2224388437,0.942176,3520488,11
1,1329583901,0.997556,3521217,4
1,1041140201,0.993141,3522695,15
1,1951596071,1.090621,3524401,18
1,1760457577,0.991172,3526179,19
1,3674204389,1.025552,3526912,4
1,3209600789,1.036916,3528474,16
1,1562504431,1.007782,3529976,15
1,4009478149,0.935414,3533348,42
1,4071376079,0.957597,3536796,43
1,692019439,0.952484,3538566,19
1,2658768341,0.961160,3541194,31
1,4265543977,1.040677,3542904,18
1,1219727947,0.904092,3546401,44
1,1650144439,0.997556,3548597,25
1,3026612177,0.846639,3550647,23
1,3250298431,0.997066,3551931,12
1,3746364541,0.952997,3554414,29
1,3072767773,1.024123,3555280,6
1,3897873757,0.935414,3561013,76
1,3317565767,0.919621,3562084,9
1,4118802769,0.893772,3563357,7
1,2680876867,0.993141,3564839,12
1,3671528969,1.050483,3566062,11
1,1212215813,0.928078,3574500,114
1,1396189169,0.920152,3576401,21
1,1070965529,0.922801,3577126,4
1,1350536479,0.955044,3578138,8
1,1916967911,1.005357,3580129,22
1,1127298257,0.970764,3586640,87
1,3955874059,0.929655,3587363,4
1,2233465697,0.970764,3588014,3
1,2871755443,0.818488,3589081,9
1,3481255847,0.913227,3591293,25
1,1233529793,0.907327,3592980,18
1,3116922247,0.970764,3595510,30
1,1224450727,1.089725,3598040,30
1,3521863439,0.927551,3598704,3
1,3131100787,1.018386,3599496,5
1,893470463,0.988212,3601468,22
1,122781311,1.002925,3603366,21
1,2382896683,0.950432,3604635,12
1,3492682933,1.015985,3606838,25
1,3156799417,0.908403,3608822,22
1,4144034717,0.978779,3610036,11
1,3142584229,0.955044,3610542,1
1,3286719979,1.047691,3613782,40
1,3860774059,0.942176,3615342,16
1,204312877,0.846062,3617026,18
1,2016660197,1.055584,3617754,4
1,2167679209,0.988706,3618960,11
1,3992640023,1.003899,3620257,12
1,2253088499,0.993141,3621466,11
1,3782308069,0.970764,3623298,20
1,2551180987,0.977281,3624103,5
1,2688664799,1.061581,3627608,44
1,2997484313,0.919621,3629041,14
1,1084478939,0.897044,3630458,14
1,571369739,1.048157,3631800,13
1,320332673,0.984747,3635169,42
1,1933114643,0.929655,3640351,68
1,3505343623,0.983258,3644876,58
1,1975525771,1.098205,3646291,14
1,1040707439,0.991172,3647296,8
1,2442969923,1.002438,3648083,5
1,3094090381,0.997066,3649352,12
1,2046795187,0.965215,3650234,6
1,2312984533,1.094196,3650826,2
1,742206007,1.007782,3651473,3
1,532149187,0.902471,3652762,12
1,1435697189,0.908940,3655002,26
1,624863861,0.900304,3657967,36
1,1454027011,0.901929,3658826,6
1,4293928229,0.904092,3661015,25
1,3848194451,0.994614,3662017,8
1,3459720821,0.921213,3664634,31
1,264556319,0.950945,3666136,11
1,3022632409,0.899761,3667057,5
1,114348007,0.970261,3667791,4
1,2110202813,0.934370,3670914,38
1,585195389,0.994614,3671565,3
1,2191273307,0.991172,3672776,11
1,1402793323,1.018386,3673719,7
1,2710645901,0.946313,3675621,21
1,2535979993,0.941657,3677117,15
1,1555995647,0.997066,3679134,22
1,3939409057,1.040677,3680768,17
1,1836190679,0.961160,3683238,29
1,3040517639,0.994123,3683759,1
1,2123691887,0.960652,3685472,18
1,3205792111,1.031250,3686781,12
1,797069081,0.836193,3687715,7
1,28423891,1.061581,3690726,37
1,1124510357,1.024123,3693600,35
1,861977203,0.886090,3704254,146
1,88028299,0.962683,3706090,19
1,647532973,0.932277,3707032,7
1,3781221833,0.948889,3709218,25
1,1651363489,1.027455,3710284,9
1,499916173,0.994123,3710928,3
1,3533979667,1.012616,3711783,6
1,1044971399,0.945280,3712436,3
1,515392939,0.982762,3715181,33
1,1907412961,0.988706,3716247,9
1,1524192611,0.956066,3721320,66
1,3732127489,0.964709,3723440,24
1,1578302939,1.079370,3724446,8
1,926709811,1.025552,3725735,12
1,2750068813,1.050483,3727430,18
1,2315882333,0.961160,3730940,44
1,2424057787,0.957597,3732635,18
1,1879508677,0.955044,3734669,23
1,1970901739,0.864897,3735400,4
1,1159655249,0.914830,3738156,33
1,3030201593,0.904092,3739294,10
1,2411705633,0.954533,3743241,50
1,3336592487,0.855816,3745714,29
1,2435495039,0.928078,3748252,30
1,928896011,0.962175,3750815,30
1,1527351659,1.247654,3751880,9
1,1819894127,1.000488,3754621,33
1,1103962787,1.050019,3756736,24
1,2805903731,1.141374,3757462,4
1,807544103,0.970764,3758385,7
1,1244452453,0.970261,3759180,5
1,561197969,1.061581,3760241,9
1,1648790399,1.002438,3760899,3
1,4018074127,0.984747,3762753,20
1,3734192447,0.942176,3766056,41
1,627089797,1.000488,3770642,54
1,1217968373,1.000488,3771320,3
1,2843404979,0.936979,3772333,8
1,205684693,0.872205,3775798,43
1,441263171,0.973777,3777130,13
1,3528236303,0.950432,3778971,20
1,1227227437,0.915364,3779539,2
1,3532141939,0.957597,3780466,7
1,1633046071,0.919090,3781254,5
1,1570783883,1.073928,3781976,4
1,332528033,0.989199,3786669,61
1,1081080353,1.002438,3787394,4
1,3051113447,0.957597,3788684,12
1,156750799,0.982762,3789277,2
1,1583488133,0.923330,3790061,5
1,1336710763,1.058356,3792747,32
1,183409817,1.047691,3795205,29
1,3215417449,1.111464,3797410,25
1,294033031,0.954533,3803009,74
1,3670841371,1.012133,3804215,11
1,3689550937,1.019344,3804730,1
1,4183377917,1.129764,3807135,28
1,1369527493,0.981270,3811774,60
1,3188953073,0.965215,3813263,15
1,4227033743,1.022214,3815670,28
1,1536442519,0.922801,3818411,33
1,307460701,0.891584,3820034,17
1,3144528407,1.028405,3821748,18
1,449038393,0.962175,3823084,13
1,3713922917,1.068458,3823753,3
1,2118336551,1.002438,3829778,80
1,2603334187,1.013098,3830788,8
1,3239129587,0.916963,3833243,29
1,784088629,1.046758,3835152,21
1,2984604109,0.938021,3838625,43
1,1087405789,0.880563,3842409,48
1,4278570719,0.936979,3848822,85
1,765917479,0.907865,3851570,33
1,2878036873,1.047691,3855152,45
1,4189491893,1.104854,3856718,16
1,2200106861,0.838525,3859256,30
1,180822227,0.914830,3860171,7
1,4219361437,0.853531,3861116,7
1,940983347,0.961160,3861965,6
1,846487399,1.144365,3862901,7
1,3165115543,0.910550,3865738,34
1,3091427981,0.897588,3866386,3
1,3037242053,1.062959,3869895,44
1,4279123273,1.061120,3871182,8
1,67546357,0.927551,3872608,12
1,3129859211,0.965215,3876071,43
1,635211289,1.012133,3878525,29
1,118812709,1.040677,3879852,13
1,1881520583,0.946313,3880724,6
1,1057165693,1.027930,3882136,14
1,2925840341,1.033615,3883979,20
1,47790647,0.960652,3886165,25
1,2747443133,0.947859,3887095,7
1,3434944481,0.954533,3887607,1
1,2443036801,0.785613,3890027,28
1,3376835353,1.027455,3890674,3
1,1722846709,0.962683,3891192,1
1,513045031,0.947859,3891905,4
1,328354291,0.946313,3893052,10
1,1599791819,0.889939,3895028,22
1,669488363,0.994614,3895543,1
1,53895983,0.910550,3896528,8
1,1529317487,0.994614,3897248,4
1,3163591619,1.062959,3903330,81
1,601969787,0.950945,3905313,22
1,3053504017,0.829745,3908958,46
1,3003029621,0.877786,3910866,21
1,183332627,1.025552,3915297,57
1,3721378657,0.827388,3917985,32
1,3825994229,0.984747,3920229,26
1,238868753,0.944764,3921221,8
1,409952201,0.982762,3922712,15
1,2256252443,1.076198,3923576,6
1,2886685397,0.947859,3925007,14
1,1420955867,0.977281,3925730,4
1,4064323121,1.018386,3927555,20
1,3431911619,0.962175,3928142,2
1,34613519,0.955044,3933848,76
1,1906750501,0.921743,3937720,49
1,2072815757,1.012133,3939279,16
1,1271566609,0.965215,3940769,15
1,3708560689,0.911622,3942527,19
1,1966194071,1.023646,3943043,1
1,1820133853,1.005357,3945790,33
1,694563413,0.977281,3947268,15
1,103689853,0.935414,3950360,38
1,1019852243,0.944764,3950873,1
1,945581827,1.111464,3953212,27
1,4030247707,1.080726,3954071,6
1,1147146769,1.007782,3955054,8
1,1832665337,1.007782,3960034,65
1,943762103,1.078012,3960539,1
1,895249469,1.086584,3961396,6
1,1492488749,0.962683,3962051,3
1,280319041,0.934370,3963586,16
1,2432945423,0.868840,3964658,9
1,3007566763,0.868840,3966009,13
1,3107418799,0.904632,3967083,9
1,1016741051,0.987223,3969706,31
1,3520930969,1.061581,3970980,12
1,2708929667,1.012133,3971633,3
1,4010858849,0.977281,3973491,17
1,3513938161,1.035503,3977037,42
1,3521823469,1.081629,3979467,28
1,3467745991,0.969254,3983536,52
1,957332447,0.928078,3984193,3
1,3765386803,0.985738,3985342,10
1,4154978227,1.012133,3987685,27
1,1908085667,1.076198,3992046,56
1,3321574127,1.005357,3992575,1
1,848110621,0.956066,3995957,42
1,2923109221,0.988706,4000314,56
1,2868865543,0.946313,4004685,56
1,2306039627,1.027455,4007436,33
1,211254479,0.928078,4008014,2
1,2717962229,0.938541,4011593,45
1,3751515997,0.910550,4013235,17
1,993461393,0.888292,4018761,73
1,1794836599,0.970261,4022203,43
1,1297573063,0.945280,4025176,36
1,2196361261,0.919621,4025896,4
1,3561272651,0.928078,4027464,16
1,2955966787,1.000488,4027969,1
1,3626269513,0.886090,4029603,17
1,861681319,0.956066,4030617,8
1,136379513,0.970261,4032233,17
1,8005343,1.000488,4033417,11
1,2050359911,1.055121,4037428,51
1,355163399,0.919621,4038072,3
1,2171907377,1.013098,4040597,30
1,4010717549,1.018386,4041121,1
1,2037308803,1.111464,4043324,25
1,3708562553,0.988212,4047458,53
1,1746565211,0.994123,4048808,13
1,3262960871,0.987223,4049533,4
1,2370723737,0.941657,4052282,33
1,2306073031,0.855246,4053707,14
1,2561567597,1.024123,4055547,20
1,2214120497,0.954533,4056965,14
1,1006807649,0.977281,4057817,6
1,3439543357,1.003899,4059089,12
1,1399110751,1.078012,4060926,20
1,1346061077,0.860369,4064153,40
1,4017682763,0.965215,4065301,10
1,2587597871,0.993632,4067776,29
1,2106651563,0.923330,4068294,1
1,838708817,1.057433,4069501,11
1,3413861173,0.960652,4070017,1
1,1216370579,0.880563,4072076,23
1,2427298793,0.981270,4073631,16
1,807656321,1.005357,4074341,4
1,614814023,0.962175,4076017,14
1,224492321,0.962683,4077303,10
1,3814490117,1.006813,4078948,17
1,2405040493,1.063419,4080234,12
1,3141983311,0.935414,4081585,13
1,4087073357,1.012133,4084410,34
1,3389235547,0.984747,4085337,7
1,1888250261,0.914830,4088005,32
1,3695693959,0.944764,4091047,37
1,858383857,0.962683,4091771,4
1,1086704741,0.946313,4094084,27
1,3571403467,0.995105,4095730,17
1,559043489,0.877786,4096298,2
1,2595703703,0.954533,4097935,17
1,441453073,0.969254,4098427,1
1,4106727017,1.020302,4100680,26
1,1799540467,1.024123,4102183,15
1,3578543519,0.884436,4105377,39
1,2212473001,1.000488,4107834,29
1,2861640493,0.886090,4110428,31
1,3161091077,1.018386,4111839,14
1,2360592847,1.005357,4113260,14
1,328207837,0.940101,4113901,3
1,3796397179,0.987223,4115969,23
1,3552752947,0.888292,4116768,5
1,4237524383,0.934370,4117986,11
1,411320639,0.901929,4125536,102
1,3915479437,1.006328,4127313,19
1,2350682669,0.904092,4127826,1
1,1666618243,0.994123,4128544,4
1,1125741157,0.950945,4131986,43
1,2718519889,1.050483,4134372,28
1,229791557,0.922801,4135290,7
1,2584742983,0.974780,4137050,19
1,3091262659,0.962175,4138260,11
1,2972556739,0.927551,4140184,21
1,3304021741,1.029829,4142865,32
1,3501455119,1.061581,4146583,47
1,100489559,1.013098,4147583,8
1,1154544751,1.106179,4149213,17
1,235549747,0.940620,4151518,27
1,1202658673,0.946313,4153497,22
1,4054607759,1.043488,4154431,7
1,444935329,0.871085,4155694,12
1,934702033,1.157938,4156775,9
1,2617133633,0.942176,4157977,11
1,3541507103,1.020780,4158490,1
1,3192299983,0.925971,4161599,38
1,1892046451,1.106621,4162466,6
1,1375088863,0.982762,4163766,12
1,1393601471,1.064337,4165825,23
1,1451789201,0.984747,4166960,10
1,3911030117,0.899761,4169084,24
1,104662139,0.919621,4170139,9
1,4144921133,0.907327,4170800,3
1,100755929,0.901929,4173519,33
1,452293561,0.932277,4174655,10
1,2616084937,1.118907,4176636,22
1,1387629589,0.975280,4178073,11
1,795213091,0.927551,4178601,1
1,1342907873,0.975280,4180605,22
1,3998520271,0.957597,4183939,41
1,197627377,0.922801,4185070,10
1,3431771729,1.027455,4186619,16
1,3794612849,1.063419,4189377,33
1,2154912821,0.923330,4192611,40
1,2769828161,1.046758,4195349,33
1,3267948163,1.000488,4196485,10
1,2873565113,0.920152,4198058,16
1,457415503,0.903011,4198919,6
1,2833952519,0.855246,4200141,11
1,1142683151,0.868840,4201625,15
1,887932259,0.844329,4205611,51
1,866585609,0.977281,4209286,46
1,2720691331,0.993141,4209937,3
1,3479624909,0.965215,4213030,38
1,671424293,0.969254,4214796,19
1,774730247,1.020780,4215582,5
1,1804814839,1.013098,4216453,6
1,4127863549,0.952997,4217383,7
1,3581842189,0.895409,4219299,21
1,168165341,0.996576,4220364,9
1,900270769,0.981270,4221497,10
1,3674492743,0.871645,4222919,14
1,1481265761,0.891584,4224537,17
1,820159499,1.094196,4227275,33
1,481097189,0.868840,4235877,117
1,3736235567,0.982762,4236464,2
1,3346777789,1.148198,4236986,1
1,3999965381,1.061581,4238263,12
1,3745855117,1.073928,4241849,45
1,3392288857,0.965215,4244657,34
1,432884563,1.022214,4247528,35
1,1953830987,0.955044,4251106,45
1,4063146077,0.927551,4251616,1
1,544708751,0.997066,4256121,58
1,961468091,1.068458,4256998,6
1,3798644471,1.043488,4259273,26
1,3104769229,0.854103,4261104,20
1,3230060807,0.993632,4263579,29
1,2758668817,0.884436,4265066,15
1,965471477,0.997066,4267470,28
1,851721551,0.977281,4269440,22
1,3125621651,0.978779,4271275,20
1,3468166861,0.947859,4271924,3
1,44599559,1.072563,4272549,3
1,1512430691,1.012133,4273763,11
1,1609582319,0.946829,4274637,6
1,2686310059,1.012616,4275915,12
1,932831567,0.944764,4276852,7
1,4123104593,0.935414,4281931,61
1,1537351003,0.961160,4283673,18
1,3877901887,0.977281,4284403,4
1,3856288129,0.846639,4287783,42
1,1716071939,0.902471,4288426,3
1,464722571,0.985738,4289629,11
1,1764927629,1.052341,4291109,15
1,4106313571,0.920152,4293572,29
1,1182896867,0.987223,4294293,4
1,3957321821,0.942176,4296344,23
1,78513419,0.867152,4296906,2
1,1291880011,1.025076,4302211,70
1,823172533,0.796109,4303548,13
1,1295994943,0.954533,4305822,26
1,3364129277,0.946829,4309682,49
1,2574302431,1.039738,4313140,43
1,3140846831,1.027455,4314561,14
1,308266043,0.978779,4315067,1
1,2438330737,0.886090,4316137,9
1,2816889913,0.942176,4317692,16
1,96812173,0.965215,4318821,10
1,47571527,0.950945,4319317,1
1,2064508997,1.031250,4320745,14
1,1099594801,0.886090,4323550,34
1,1732872137,1.046758,4327547,51
1,2983411841,0.944764,4330637,38
1,1031114639,1.039738,4331569,7
1,3645271627,0.928604,4333201,17
1,41729119,1.076652,4334537,13
1,2417975759,0.885539,4335117,2
1,3300608371,0.910550,4335978,6
1,1344600077,1.068458,4338100,24
1,1883689069,1.095980,4340918,34
1,3331963247,1.106621,4342694,19
1,1679130539,1.093303,4343985,12
1,1409672501,0.934370,4346793,34
1,2577902543,0.938541,4348426,17
1,4198744351,1.005357,4349573,10
1,544350799,0.985738,4352238,32
1,3335797897,1.012616,4352752,1
1,1417647431,1.024123,4353900,10
1,3382771927,0.934370,4357275,42
1,1778448407,1.090621,4357990,4
1,2641504373,0.955044,4359194,11
1,399090143,1.022214,4362386,39
1,2343960331,0.965215,4362912,1
1,2997780913,1.025552,4363722,5
1,109051661,0.988706,4364796,9
1,796212239,0.960143,4365308,1
1,1336708369,0.846639,4366100,5
1,1569019379,0.968750,4367456,13
1,939044231,0.953509,4369449,22
1,2818740047,0.791187,4371487,23
1,1934159119,0.944764,4374320,34
1,2022945697,0.963190,4375600,12
1,4287774343,0.878342,4378843,40
1,332309443,1.055121,4379558,4
1,3617618189,0.868840,4380415,6
1,3745265443,0.952484,4381975,16
1,1197341993,1.043488,4388307,78
1,2759335349,0.944764,4388846,1
1,373444987,1.040677,4391729,35
1,54358663,0.961160,4393703,22
1,4282474793,1.012133,4397129,43
1,3742105261,0.904092,4398285,10
1,2692458641,1.061581,4399140,6
1,370767833,1.003899,4400555,14
1,683115733,0.887192,4402870,27
1,37733831,0.970261,4404065,11
1,877924409,1.086584,4405258,11
1,1158314627,1.012616,4405833,2
1,3940205603,0.962175,4408313,29
1,3573772271,0.994614,4408909,2
1,3758357861,1.004871,4409835,7
1,2563864483,0.877229,4410627,5
1,723461839,0.991172,4413443,34
1,3944605681,1.005842,4414588,10
1,3010606883,0.962683,4415247,3
1,289401169,0.931753,4418124,35
1,1057045751,0.929655,4421150,37
1,290027291,0.938541,4422712,16
1,3022529869,1.012616,4423353,3
1,1664147297,0.872205,4427547,54
1,4127436343,0.794267,4432689,67
1,1118502629,0.923330,4433774,9
1,2544521513,1.035503,4434982,11
1,3674073839,0.950945,4438667,46
1,1953917393,0.979277,4441780,38
1,3916687241,1.055121,4442508,4
1,1334275799,0.970764,4443167,3
1,1588497217,1.025552,4446333,39
1,41816813,0.984747,4451310,65
1,801224929,0.984747,4455324,51
1,2877702827,1.012616,4455908,2
1,1884012919,0.984747,4458737,34
1,625462823,0.893772,4459672,7
1,4068780589,0.995105,4460396,4
1,3594781691,0.957597,4463793,42
1,3592698839,0.970764,4464445,3
1,1605611369,1.025552,4464964,1
1,4235917067,0.960652,4467161,25
1,303831977,1.012616,4468643,15
1,2401512683,0.938021,4469500,6
1,2226034931,0.981270,4470573,9
1,212258339,0.902471,4471637,9
1,330370433,1.012616,4476256,60
1,67832437,0.970261,4480089,49
1,2417076721,0.952484,4480808,4
1,1930495003,0.934370,4483407,31
1,739843477,0.930180,4491938,101
1,2318621411,1.000488,4498225,82
1,1377454619,0.961160,4499581,13
1,2542809043,0.970764,4500178,2
1,300586541,0.984747,4500683,1
1,1693871453,0.914830,4501207,1
1,3134971711,1.000488,4502716,15
1,1129867181,1.047691,4503573,6
1,2900279141,0.977281,4507091,44
1,2402404157,1.058356,4511178,52
1,1806164291,0.905711,4514791,45
1,2703802967,0.904092,4515435,3
1,793595323,0.961160,4517062,17
1,389096189,1.012616,4518132,9
1,112949839,0.993632,4521224,38
1,1818167053,0.944764,4521742,1
1,1890293737,0.978779,4522958,11
1,911636447,0.993141,4525797,34
1,2482627451,1.000976,4526744,7
1,1641701071,1.070284,4530953,54
1,3637179307,0.952484,4531469,1
1,3811114781,1.055584,4532829,13
1,108833563,1.014061,4537457,60
1,1700089757,0.838525,4538110,3
1,1848218773,0.897044,4539243,10
1,897168451,0.950945,4541019,19
1,3533719699,0.979277,4542079,9
1,1451626921,1.106621,4545515,43
1,2463511663,0.908940,4546444,7
1,338138797,1.027455,4549115,32
1,4143474091,1.076198,4552416,41
1,1289995939,0.876115,4554596,25
1,48945517,1.040677,4556018,14
1,2313222913,1.098205,4557219,11
1,139151261,0.928604,4560674,43
1,3432727679,0.997556,4561689,8
1,205969019,0.961160,4562984,12
1,2619704827,0.988706,4563566,2
1,1370179103,1.068458,4567149,45
1,248292367,0.882778,4568137,8
1,1482890573,0.907865,4569551,14
1,1832088233,0.852386,4570688,10
1,2476509149,0.946313,4571556,6
1,1056603137,0.907865,4572690,10
1,3207148673,0.965215,4573548,6
1,2514979261,0.988706,4574273,4
1,2365129673,1.031250,4576393,24
1,1439233399,0.947859,4577478,9
1,2320208497,0.934370,4578194,4
1,3264262861,0.913227,4578778,2
1,2906602879,0.962683,4581741,36
1,1072132067,0.993141,4582691,7
1,304066307,0.965215,4583273,2
1,3245727377,0.860369,4585247,22
1,1838049869,0.919621,4586110,6
1,1307667827,0.806468,4587266,5
1,3468044267,1.006813,4590231,34
1,1701761653,0.928078,4590976,4
1,4014100709,1.047691,4592049,9
1,2089424641,0.955044,4593326,12
1,3301188629,0.945280,4594110,5
1,1324700431,1.015985,4597346,40
1,1376508197,1.046758,4601762,57
1,2425676881,0.944764,4602472,4
1,2755343989,0.987223,4604443,22
1,2409215141,0.913227,4605026,2
1,1341252223,0.931753,4606243,11
1,2741246621,1.036445,4609487,40
1,2657049643,0.925443,4610490,8
1,431630179,1.040677,4611065,2
1,2487869921,0.945280,4611786,4
1,1349168539,0.970764,4613066,12
1,914812403,1.104854,4614285,11
1,1131650111,1.012616,4615357,9
1,3607040033,0.938541,4616141,5
1,2083655593,1.020302,4617773,17
1,576485677,0.962175,4619046,12
1,1269909647,0.914830,4620667,17
1,1511099633,0.913227,4622361,18
1,1221854741,1.020302,4624133,19
1,396742873,0.946313,4629238,67
1,386098621,1.063419,4631212,22
1,2376373313,0.885539,4632409,11
1,3230160859,0.987223,4633200,5
1,3661744343,1.057433,4634477,12
1,521454733,0.988212,4634976,1
1,2938828037,1.003899,4636677,18
1,2940438199,0.944764,4639165,29
1,3977142739,0.944764,4640742,16
1,1456007879,0.914830,4642161,14
1,4236072437,0.846062,4643654,15
1,2832831319,0.927551,4644383,4
1,332091083,1.015985,4645177,5
1,1491853049,0.920152,4646464,12
1,1008060019,0.941657,4648294,20
1,825862853,1.000976,4649355,9
1,4255463903,0.961160,4650294,7
1,3176908771,1.046758,4651239,7
1,2513141251,0.938021,4652524,12
1,2876157803,0.927551,4653046,1
1,3342331961,1.133647,4657225,53
1,802741237,0.878342,4658299,9
1,654499739,1.106621,4658880,2
1,3274010921,0.880563,4660151,12
1,1925574737,1.032197,4662327,25
1,3769391693,0.995105,4666121,48
1,1209997381,1.005357,4668508,28
1,639880817,0.962175,4669083,2
1,1981760503,1.032197,4671502,28
1,2695684697,1.044423,4683342,163
1,2081002577,1.097316,4684962,17
1,4072586669,0.910550,4685553,2
1,3362634739,1.035503,4688326,33
1,40107701,1.036916,4688904,2
1,1246654127,0.987223,4689709,1
1,72881099,0.955044,4695206,71
1,530588743,0.950945,4701098,78
1,3434771581,0.969758,4704975,49
1,1832741189,1.046758,4707042,22
1,3335805419,1.018386,4708200,10
1,431889583,0.908940,4709066,6
1,2962160153,0.884436,4710626,16
1,4283078729,0.993141,4711415,5
1,1659247661,0.988706,4712827,14
1,1886509291,1.020780,4713617,5
1,2883234773,1.031250,4716099,29
1,1450222819,0.977281,4717380,12
1,4018934047,1.090621,4719798,28
1,3928189319,0.946829,4720732,7
1,1416094717,1.005357,4721460,4
1,1843990579,1.002438,4722525,9
1,1850727647,0.940101,4723536,8
1,1282569829,0.912693,4724187,3
1,353654659,1.007782,4724764,2
1,1288633271,0.988706,4727302,30
1,2667916351,0.920152,4728439,10
1,2733770569,1.004871,4729500,9
1,2769642539,0.965215,4730562,9
1,2035454383,1.036916,4731778,11
1,4246990901,0.970764,4732292,1
1,2782471567,0.978779,4734404,24
1,1806745349,0.888292,4736179,19
1,2352350881,0.928078,4739629,43
1,1080537149,0.954533,4742987,42
1,3964119889,1.070284,4744413,14
1,2890244347,0.905711,4747924,44
1,2890584601,0.975280,4751011,38
1,622305169,0.946829,4753193,25
1,756786427,0.970764,4753916,4
1,1446065371,0.969758,4756736,34
1,317331811,0.886090,4759830,38
1,2115588353,0.889391,4760541,4
1,384335443,0.956066,4764068,44
1,1497977069,0.885539,4765141,9
1,4210703521,1.078012,4767472,27
1,2987273087,1.033615,4767985,1
1,1771253353,0.942176,4769822,20
1,258924023,1.007782,4770975,10
1,3481406767,0.988706,4772743,19
1,2163868813,0.936979,4776869,53
1,2599927387,1.064337,4777600,4
1,2057701397,0.935414,4778389,5
1,4152516799,0.962175,4779676,12
1,1421908633,0.953509,4781031,13
1,914888669,0.938541,4786274,69
1,1556396629,0.880563,4786854,2
1,217277441,0.938541,4788391,16
1,2335645933,0.891584,4789395,8
1,820285589,0.914830,4790943,16
1,3918344071,0.942176,4794021,32
1,494121149,0.928078,4795125,9
1,3379232653,0.923330,4796201,9
1,3488443687,1.025552,4797563,13
1,1635170851,0.973777,4798706,10
1,1739948159,0.857526,4801181,29
1,3625273237,0.910550,4802315,10
1,3018124387,1.018386,4803464,10
1,1523672443,1.032197,4805041,16
1,55482521,0.955044,4805604,2
1,3177228101,0.931753,4806756,10
1,2456963239,1.055584,4807964,11
1,4153215977,1.020302,4808833,6
1,3886741477,1.048157,4812916,52
1,2415812327,0.988706,4813439,1
1,96917047,1.005357,4814652,11
1,3134588161,0.921743,4815728,9
1,1335694309,0.936979,4818606,35
1,2049139343,0.969254,4819333,4
1,413947423,1.048623,4825493,82
1,3018661213,0.931753,4826574,9
1,2305359829,0.968750,4828209,17
1,1854970699,0.946313,4829205,8
1,2596200461,0.969758,4832446,40
1,2775360673,0.927551,4836362,50
1,3097476923,0.891584,4837858,15
1,4231698481,0.888841,4839067,11
1,3398993491,0.882778,4843340,55
1,3703090667,0.977281,4844840,15
1,4167095929,1.110145,4847247,28
1,1663504231,1.063419,4847902,3
1,2707401023,0.927551,4848773,6
1,2890606597,1.033615,4850325,16
1,1980840599,1.000488,4850982,3
1,1538917631,0.920152,4851985,8
1,3343851683,0.994614,4853120,10
1,1611079931,1.000976,4854110,8
1,251360231,0.993141,4857267,39
1,2510528701,0.978779,4860080,34
1,2445272009,1.040677,4862892,34
1,405800599,0.955044,4863598,4
1,884475827,0.898132,4865926,27
1,3876917963,0.860369,4867272,13
1,641120969,0.838525,4869331,23
1,2014078303,0.965215,4871039,18
1,2499834347,1.013098,4871966,7
1,1019685643,0.877786,4873037,9
1,1488009451,0.956066,4878533,72
1,375581623,0.880563,4881276,33
1,188506141,0.977281,4883738,29
1,3035320201,0.891584,4886484,33
1,3306314327,0.938541,4886993,1
1,715187257,1.020302,4894738,101
1,3634340363,0.910550,4897547,32
1,169023419,0.938541,4900803,40
1,186610183,0.985243,4903462,32
1,2557278739,0.977281,4904668,11
1,4022756443,0.969254,4908197,44
1,2668181479,1.086584,4908789,2
1,143913727,1.055121,4910132,13
1,1635282059,0.989693,4910640,1
1,1508419277,0.910550,4911570,7
1,2201042381,1.099094,4912297,4
1,64317733,0.957597,4915582,41
1,1031018291,0.995105,4917150,16
1,2171686969,1.029829,4918777,17
1,4212826333,0.953509,4920552,19
1,2833868911,1.007782,4921358,5
1,3301184483,0.872205,4922785,14
1,979530547,1.078012,4923919,10
1,4183974029,0.880563,4927576,46
1,1096505299,0.846062,4928800,11
1,3519483889,1.003899,4929826,8
1,4285233559,1.005357,4930844,8
1,3068939273,1.116723,4935407,59
1,3355689479,0.965215,4936338,7
1,681681593,0.950945,4938655,27
1,1022590369,1.052341,4940351,18
1,1184164277,0.962175,4942670,27
1,1921822219,0.936979,4943969,12
1,2675785867,0.925971,4952363,114
1,1308438631,0.935414,4953852,15
1,1319631437,0.994614,4955273,14
1,1670075041,0.904632,4961366,81
1,3463401829,0.877229,4962655,12
1,4252514633,1.014061,4968128,72
1,2724686267,0.950945,4968992,6
1,1503488527,0.973777,4971529,30
1,3939336391,1.002925,4973295,19
1,798494987,0.868840,4977455,53
1,3926445031,0.895409,4978523,9
1,2830431377,1.014061,4979655,10
1,1992056813,0.945280,4980178,1
1,2697463399,0.942176,4980961,5
1,2742150113,0.994614,4981472,1
1,1874867789,0.994614,4987628,82
1,3832808233,0.923330,4989384,19
1,3901748033,1.042552,4991971,30
1,2079973381,0.920152,4992783,5
1,3893367259,0.974279,4995872,38
1,2468011537,0.969254,5002220,79
1,1317753109,0.962683,5003181,7
1,2395700269,0.895954,5006617,43
1,797991977,0.980274,5007960,13
1,1379650967,0.970261,5011196,40
1,739905121,0.983258,5013743,30
1,1997009191,1.052341,5015174,14
1,47904071,0.946313,5017418,26
1,1069448599,0.907865,5019911,29
1,2556421333,1.033615,5021052,10
1,3014549467,1.090621,5023321,26
1,3415830079,0.927551,5024125,5
1,3595320373,0.994614,5025608,15
1,1427734661,1.086584,5026463,6
1,2478003523,1.083884,5027746,12
1,3104749481,0.973777,5030555,34
1,1628641199,0.804043,5032056,15
1,112363567,1.018386,5032766,4
1,2092172861,0.965215,5036549,48
1,3219649787,0.950945,5038475,21
1,2384125829,0.889391,5039683,11
1,4290219511,0.977281,5042038,27
1,144042053,1.027455,5044070,23
1,481900031,0.868840,5045418,13
1,3842622731,1.129764,5046204,5
1,4240756337,0.877786,5048813,31
1,2142263533,0.919621,5053960,67
1,756773351,0.956577,5054758,5
1,1174059877,0.895409,5055836,9
1,2252823421,1.058356,5056774,7
1,3282210251,1.005357,5057284,1
1,3105691711,0.987223,5058144,6
1,3363455033,1.044423,5059342,11
1,1260408503,0.878342,5060200,6
1,3424646767,0.997556,5061440,11
1,2137502813,0.984747,5063213,19
1,3111576053,0.898675,5064783,16
1,1613683171,0.925971,5067318,30
1,1673799649,1.012133,5069023,18
1,833350813,0.869402,5069534,1
1,3734903119,0.988706,5071169,17
1,4224551339,0.994614,5071763,2
1,1415708549,0.862070,5072973,11
1,3399263027,0.957597,5074250,12
1,3493071133,1.046292,5082593,113
1,4086437083,0.880563,5085348,33
1,1170283063,1.007782,5086410,9
1,1485340853,1.050483,5087826,14
1,2738479361,1.086584,5088753,7
1,3050181451,0.888841,5089682,7
1,1125773923,1.055121,5090477,5
1,247518841,1.070284,5091465,8
1,3531033599,1.054659,5092682,11
1,1412638979,0.899761,5096063,42
1,1580797667,0.946313,5097141,9
1,4047696221,0.768648,5097861,4
1,516950351,0.999023,5099751,17
1,145265933,1.061581,5100249,1
1,3948320633,0.919621,5104435,53
1,383265319,0.984747,5106360,21
1,3884430331,0.997556,5107578,11
1,2692520797,0.934370,5110622,37
1,2707369241,0.886090,5113089,29
1,337103699,0.974780,5115131,23
1,2825789179,0.955044,5115723,2
1,3650706373,0.986233,5116237,1
1,2715609101,0.877786,5119255,37
1,3735239293,1.061581,5120468,11
1,2526293179,0.983258,5122021,16
1,755711623,0.914830,5123579,16
1,218701949,0.932277,5124428,6
1,1924632253,0.857526,5125920,15
1,3607173319,0.962175,5126712,5
1,2056003199,0.919621,5130250,44
1,3970814143,0.902471,5132095,20
1,3794065733,0.946313,5133088,8
1,2110856953,1.046758,5135142,23
1,2748624289,1.098205,5136279,10
1,627053663,0.970764,5136789,1
1,284225509,0.973777,5138766,22
1,1681925149,1.063419,5140028,12
1,3464359919,1.083884,5145390,70
1,2725431617,0.994614,5146258,6
1,3813954013,0.973777,5147755,15
1,2963429191,0.843750,5149881,24
1,1736281033,0.868840,5152204,27
1,3413849561,0.994123,5152929,4
1,3308719543,0.944247,5154348,14
1,3832965613,1.012616,5155141,5
1,986119583,0.862636,5156008,6
1,3188614049,0.957597,5156803,5
1,3311568877,0.903011,5159264,29
1,847891769,0.977281,5161794,30
1,3672950581,0.862070,5163014,11
1,2047130831,0.952484,5164502,15
1,3439729151,1.226737,5166127,17
1,1470439513,1.020302,5168534,28
1,2986122613,0.955044,5169400,6
1,3418492261,0.927551,5169982,2
1,581859877,0.970261,5174664,61
1,541210297,1.004385,5175651,8
1,1090900807,0.889939,5176296,3
1,4290661069,1.047691,5177669,13
1,3337054463,0.910550,5178962,12
1,1914747259,0.878342,5180524,16
1,807953857,0.970764,5182350,20
1,732816031,0.997066,5183427,9
1,3193210463,0.868840,5185264,20
1,1197906917,0.885539,5189818,59
1,3635755523,0.877229,5196764,93
1,4233154087,0.957597,5199857,38
1,421342091,0.965215,5200360,1
1,3636325951,0.979277,5201522,6
1,3030266693,0.940101,5203306,17
1,3594343387,0.904092,5204772,14
1,1165517351,1.035031,5206253,15
1,2084317381,0.922801,5207816,16
1,2603152327,1.039268,5208889,9
1,4082025793,0.954533,5209755,6
1,3455795419,0.984747,5210480,4
1,3776121467,0.895409,5211197,4
1,598394131,0.962683,5211840,3
1,307096873,0.918559,5217180,70
1,3614827459,0.925443,5218395,11
1,1448078501,1.035503,5223616,68
1,2892169871,1.025552,5225659,23
1,2107632509,0.936979,5226325,3
1,739704583,0.899761,5227122,5
1,3043608611,0.905711,5229724,31
1,2374132219,0.902471,5231355,17
1,2303374433,0.853531,5234029,32
1,866529331,0.979277,5234604,2
1,2172716209,1.063419,5235522,7
1,2566167433,1.036916,5236378,6
1,3712648739,1.048157,5239042,32
1,1543842761,0.977281,5242063,37
1,4143216491,0.857526,5244328,26
1,635424767,0.920682,5245556,11
1,371747947,0.988706,5246198,3
1,1585060357,0.886090,5247052,6
1,750676007,0.935414,5248826,19
1,3702929521,0.893772,5249683,6
1,1814056219,1.002438,5251033,13
1,4287655733,0.872205,5252538,15
1,829734019,1.116723,5253758,11
1,272863489,0.919090,5254314,2
1,2027788057,1.004871,5256153,20
1,2888806099,1.000488,5256747,2
1,572621531,1.133647,5257596,6
1,2105927393,0.944764,5258197,2
1,3331896749,1.007782,5258716,1
1,84710627,1.104854,5259704,8
1,1136526397,0.868840,5262042,27
1,3447641207,0.994614,5268712,89
1,175316389,0.938541,5269422,4
1,3636892027,0.958616,5277487,109
1,3267146801,1.013098,5279880,28
1,3225483929,0.962175,5280385,1
1,3317345191,0.928078,5283852,43
1,4209967561,1.018386,5284365,1
1,3063233717,1.019344,5285922,16
1,1636783501,1.061120,5286719,5
1,624225401,1.024123,5287226,1
1,2167378483,1.012616,5290105,35
1,3552062971,0.893772,5290624,1
1,57587963,0.936979,5291475,6
1,2172874153,0.942176,5292257,5
1,3524680337,1.031250,5292970,4
1,1412502661,1.036916,5296134,39
1,3137514769,1.067086,5299639,44
1,347745571,0.988706,5302096,29
1,2942414957,1.012133,5302610,1
1,1638938123,1.012616,5304775,21
1,3710236613,1.097761,5306184,12
1,3569732371,1.003899,5310485,55
1,2261883179,1.013098,5316065,73
1,1479591599,0.927551,5321524,72
1,3560775403,1.027930,5323856,27
1,2561583679,1.068458,5325217,13
1,4119404983,1.027455,5333047,106
1,4027759387,0.877786,5333557,1
1,3763109369,1.036445,5336303,33
1,2808751633,1.080726,5337580,12
1,1472999789,1.012133,5340187,31
1,2674514279,0.893772,5341055,6
1,2128502807,1.004871,5341640,2
1,3150498257,0.910550,5342715,9
1,3488159359,0.969254,5344001,12
1,1096845443,0.982762,5346465,29
1,4113055643,0.935414,5350063,45
1,1716673573,1.006813,5351406,13
1,1980854573,0.941139,5353037,17
1,793839857,0.870524,5354240,11
1,3217364159,0.839689,5355182,7
1,1299426329,0.927551,5356251,9
1,320504467,0.928078,5357098,6
1,3443507113,1.113220,5359242,24
1,4158401791,1.137946,5359843,2
1,1628100311,0.982762,5361614,19
1,1186823959,0.905711,5364302,32
1,2121249373,0.919621,5365171,6
1,2802672163,0.961160,5365894,4
1,2288925097,0.932277,5366471,2
1,322212959,1.004871,5367333,6
1,3094074733,0.957597,5368063,4
1,1891867009,0.935414,5370864,34
1,854187437,0.946313,5372213,13
1,194815391,1.055121,5373346,10
1,1300566383,0.952484,5376575,40
1,669793801,0.988706,5377089,1
1,2942963867,0.978779,5378226,10
1,2642730047,0.991172,5379577,13
1,2277291941,1.002438,5380100,1
1,902739743,0.952484,5381249,10
1,4094979359,0.944764,5381971,4
1,3130604227,0.888841,5385666,46
1,2526617887,0.835024,5391074,71
1,666244577,0.897588,5397812,90
1,1285568929,0.942176,5399987,25
1,501665981,0.968750,5400983,8
1,1763080601,0.942176,5403228,26
1,469543117,1.050483,5404641,14
1,1212773473,1.064337,5406820,21
1,1279342307,0.944764,5408478,15
1,2809974247,0.852959,5412508,51
1,1586760779,1.005357,5414768,26
1,639540311,0.902471,5421844,95
1,2095105937,0.931753,5422352,1
1,589092139,0.962683,5423137,5
1,474234521,0.965215,5425451,27
1,573710069,1.027455,5425957,1
1,2173158919,1.025552,5426753,5
1,3646848577,0.913227,5428811,23
1,924850181,0.938541,5432523,47
1,3327362033,1.118907,5434144,17
1,2763521011,1.027930,5437260,38
1,1862291087,0.877786,5439245,22
1,3732356077,0.965215,5439981,4
1,736806559,0.974780,5443498,44
1,3883265593,0.991172,5444163,3
1,1427435953,0.936979,5445508,13
1,917693639,1.086584,5446089,2
1,582043901,0.934370,5447926,20
1,469965317,0.978779,5451277,42
1,1624702643,1.007782,5454447,39
1,43026059,0.919621,5457166,33
1,3443234183,1.079370,5458452,12
1,194815391,0.895409,5459376,7
1,420291481,0.970261,5459874,1
1,586145891,1.055121,5461427,16
1,1566532213,1.061581,5466540,67
1,1317318367,1.039268,5467543,8
1,3686511533,1.004871,5468552,8
1,895968961,1.021258,5471503,36
1,2218999973,1.055584,5472975,15
1,147892363,1.070284,5474382,14
1,447927863,1.149898,5474966,2
1,2368583369,0.942176,5476387,14
1,579544051,0.905711,5476902,1
1,2993612221,0.932277,5478882,22
1,897791243,0.919621,5480569,18
1,1093447189,0.973777,5482325,19
1,2150837441,0.871645,5485285,36
1,1168663927,0.910550,5486908,17
1,2970692311,0.957597,5487695,5
1,1570146007,1.025552,5489121,14
1,1722910603,0.957597,5490078,6
1,949218541,0.954021,5491368,12
1,2768494903,0.977281,5492017,3
1,3462915653,0.944764,5492531,1
1,4276798051,1.072563,5493188,3
1,2232580327,0.893225,5495726,30
1,231621557,1.105296,5496369,3
1,3529503689,1.022214,5498557,25
1,503240513,0.919090,5502983,57
1,2903627423,0.880563,5505739,33
1,1018736189,1.032197,5510278,55
1,2782802977,0.980274,5511506,11
1,3285158593,0.946313,5516582,56
1,792570371,0.946313,5518876,25
1,2205781861,0.815499,5519528,3
1,3169547401,0.910550,5520319,5
1,1330271017,0.837360,5521390,9
1,4212606271,0.862070,5524933,44
1,3162071699,0.973777,5526142,11
1,1348354771,1.036445,5526857,4
1,24273581,0.921213,5528407,16
1,1717465153,0.994614,5533744,70
1,3537698779,0.975280,5537123,42
1,589751779,0.904632,5538048,7
1,2907364777,1.040677,5546300,112
1,856567639,0.957597,5547235,7
1,1274339993,0.864897,5551361,53
1,333645911,0.934370,5553818,29
1,179037113,0.977281,5554814,8
1,474892267,1.031250,5557980,39
1,3481563847,1.039268,5559901,21
1,1489153571,1.083884,5560687,5
1,30575087,0.944764,5561606,7
1,1589762549,1.044891,5563394,19
1,1114318589,1.014061,5565444,23
1,2986765451,0.984747,5565952,1
1,1334627587,0.868840,5568060,24
1,1892020573,0.988706,5570250,25
1,1869507733,0.984747,5570905,3
1,293135699,0.973777,5571479,2
1,1585035457,0.885539,5573039,16
1,1755383983,0.977281,5574311,12
1,1017555989,1.093303,5578737,57
1,2208759781,0.846639,5579463,4
1,3638172911,0.965215,5581587,24
1,1652480023,0.963190,5582741,10
1,4266453319,0.970764,5583676,7
1,3481996769,1.036916,5585172,15
1,1194706103,1.027455,5594833,132
1,1467278587,0.944764,5599051,54
1,2011229587,0.988706,5600612,16
1,3538238107,0.931753,5601767,10
1,32677121,0.952484,5605598,49
1,1430355191,1.171771,5607671,23
1,2974101791,0.907327,5608395,4
1,3056238923,1.012133,5609327,7
1,2996613833,0.893772,5609844,1
1,3736404499,1.046758,5613672,42
1,2017126627,1.050483,5615476,19
1,3774145069,1.014061,5618853,42
1,951504863,1.029829,5619442,2
1,462478469,1.018386,5620360,7
1,1648298149,1.027455,5620935,2
1,2591188013,0.911622,5623667,33
1,2413246909,1.021736,5628677,65
1,878670049,0.977780,5630384,18
1,3213467239,0.952484,5631479,9
1,2009553191,0.957597,5633324,20
1,2264842067,0.941657,5635807,29
1,1433265727,1.070284,5636535,4
1,52091147,1.020780,5637880,13
1,91061657,0.977281,5642711,63
1,3745725733,0.942176,5646864,53
1,3286170803,0.994123,5648566,18
1,3799621351,1.047691,5649363,5
1,4075579051,0.897588,5650306,7
1,2139173177,0.946313,5652298,22
1,3160739041,0.950945,5653014,4
1,3800028041,0.903552,5655634,31
1,3826913569,0.988706,5656974,13
1,110706017,0.927551,5660402,43
1,118209269,0.862070,5662451,23
1,374056171,1.031250,5665043,31
1,3749981033,1.016466,5668629,45
1,461257031,0.910550,5670821,25
1,1731014687,1.005357,5672451,17
1,3670639933,0.988706,5675050,31
1,1333844167,1.007782,5676611,16
1,989357879,0.982762,5677766,10
1,1437385849,0.928078,5678343,2
1,930233467,1.000488,5679631,12
1,1269512879,1.033615,5681753,24
1,3197348369,0.870524,5682403,3
1,323539039,1.093303,5683964,16
1,2166937673,0.961160,5685098,10
1,1941603341,1.089725,5688615,44
1,1678738349,1.054659,5691148,30
1,3988198463,0.969758,5694337,39
1,3906964559,1.118907,5696946,31
1,1974341027,1.012133,5700746,48
1,1066151573,0.947859,5702375,17
1,2885356429,0.975280,5704001,17
1,772953751,0.864897,5704792,5
1,88296899,1.046292,5707024,25
1,3378625703,0.919621,5708046,8
1,2301618329,1.018386,5708834,5
1,2603851309,1.090621,5716391,96
1,279599939,0.870524,5717978,16
1,640975337,1.052341,5721097,38
1,685233349,0.916963,5723565,29
1,1988460013,0.986233,5728364,62
1,3232040557,0.803435,5730407,23
1,3271229167,0.962683,5731287,6
1,3027090853,1.015985,5731872,2
1,2504529221,0.937500,5733294,14
1,416678117,0.860369,5735188,21
1,2717394349,1.000488,5735705,1
1,1716197921,0.945280,5737248,16
1,2056412489,1.029829,5738323,9
1,2842321379,0.963190,5740301,22
1,2389405927,0.877786,5742776,29
1,781677667,1.000488,5744900,24
1,1925706193,0.989199,5745619,4
1,1997351561,0.934370,5752967,99
1,3665893181,0.958616,5754325,13
1,3168525791,0.913227,5755986,17
1,1037600503,0.956066,5762441,86
1,1128095327,1.070284,5765908,43
1,182859679,0.962175,5766416,1
1,809365177,0.904092,5767484,9
1,2738861107,0.997066,5770087,31
1,3085271117,1.000488,5770743,3
1,3780456091,1.061581,5772026,12
1,835188113,0.838525,5778814,91
1,3742404569,1.062959,5782546,47
1,308780363,1.015985,5786413,49
1,325440029,0.864332,5787195,5
1,76086779,0.946829,5791939,62
1,3477197303,0.936979,5792526,2
1,3523991623,0.997066,5795339,34
1,1883934317,0.907327,5796612,12
1,1575923003,0.942176,5798337,18
1,3697504007,0.997066,5800480,24
1,1876967201,1.091068,5801831,13
1,2019312223,0.977281,5802342,1
1,684113627,0.969758,5802925,2
1,1922809283,0.970261,5803999,9
1,3113732707,1.012133,5805578,16
1,2580590563,0.902471,5807075,15
1,1667973473,0.940101,5808345,12
1,3833528903,0.895954,5809342,8
1,1082542927,0.968750,5811659,27
1,256808957,0.962683,5813910,26
1,2116703929,0.980772,5814422,1
1,3669393017,0.969758,5815150,4
1,3272125111,0.902471,5816497,9
1,3969902977,0.962683,5818988,27
1,1148846999,0.977281,5822587,45
1,1199737751,0.970764,5824659,23
1,780253363,0.970261,5831948,98
1,2713254217,0.957597,5833430,15
1,1090499219,0.970764,5834368,7
1,1308015859,0.978779,5837912,44
1,4034595977,1.036916,5839254,13
1,3649901911,0.981270,5845496,83
1,1090685777,1.040677,5846132,3
1,785301089,0.960652,5846645,1
1,3121407937,1.035503,5848992,27
1,2341228793,0.938541,5849566,2
1,1168958213,0.922801,5851049,15
1,2959669777,0.984747,5851903,6
1,2783166709,1.025076,5853250,13
1,497287129,1.070284,5855300,23
1,2912393219,1.025552,5856019,4
1,645594181,0.973777,5856529,1
1,2244558721,0.904092,5858435,21
1,3241089529,0.997556,5859360,7
1,2297351447,0.928078,5860721,13
1,3075404951,0.835609,5861519,5
1,2276039863,1.018386,5862450,7
1,2861597489,0.935414,5863800,13
1,49003771,0.991172,5868908,67
1,792137657,1.055584,5871947,37
1,372882149,0.973777,5873289,13
1,2920851701,0.954021,5875623,27
1,1018641419,0.919090,5876418,5
1,4252708283,0.969254,5880015,45
1,151689259,1.020302,5882676,32
1,1433605319,0.935414,5883826,10
1,34912499,0.920682,5892134,113
1,633349817,0.899761,5892634,1
1,2630519279,0.940101,5895595,36
1,2608095187,0.987223,5897034,14
1,1009248887,0.987223,5898460,14
1,616137167,0.950945,5899662,11
1,3355694621,0.944764,5900802,10
1,4143350917,1.013098,5902161,13
1,9319307,1.032197,5902645,1
1,3687675851,0.869402,5904210,16
1,1893081361,0.927551,5905692,15
1,1380703789,0.927551,5910876,68
1,2928360049,0.877786,5914662,48
1,905473871,0.898132,5915944,12
1,3255142129,0.977281,5920233,49
1,101279083,1.010685,5922074,20
1,1359916861,0.954021,5923494,14
1,2665585301,1.004871,5924423,7
1,1607442923,0.973777,5925012,2
1,2942172907,0.952484,5927631,31
1,3228191,1.000488,5928108,1
1,1966936603,1.039738,5928830,4
1,4013260991,0.950945,5931586,33
1,4193576741,0.935414,5932180,2
1,91477447,0.970261,5933671,15
1,3938501873,1.054659,5934533,6
1,181998521,0.982762,5938595,52
1,1250891333,0.938021,5939526,7
1,2660980691,1.015985,5940191,3
1,3201578027,1.000488,5942026,20
1,3804244211,1.004871,5943159,10
1,1392077039,0.877786,5946603,43
1,3800714069,1.024123,5947610,8
1,727401893,1.047691,5949525,21
1,3272562457,1.047691,5952399,35
1,4237595981,0.891584,5957332,64
1,2780138609,0.878342,5962389,66
1,198148267,0.995105,5964375,22
1,562211857,0.934370,5964869,1
1,2705626577,1.014061,5967610,33
1,3535459933,0.994614,5970520,35
1,3866093393,0.895954,5971172,3
1,3785297339,0.922801,5971689,1
1,4148278261,0.882225,5972777,9
1,4012551953,0.934370,5973713,7
1,1131201671,1.000488,5977105,42
1,148017731,0.988706,5979483,28
1,1703819059,0.950945,5980066,2
1,4049739259,0.998534,5981139,9
1,1130442757,0.920152,5984915,48
1,2931457381,0.950945,5985435,1
1,3489269887,0.970764,5986300,6
1,1690534169,0.952484,5987779,15
1,1080044939,0.895954,5992660,63
1,3362112179,0.952484,5994240,16
1,2065747147,0.891584,5994758,1
1,1420522253,0.913227,5995339,2
1,3040254401,1.050483,5997034,18
1,505142653,0.962175,6000199,39
1,3730744211,1.018386,6001420,11
1,477124691,0.911622,6002762,13
1,4211550059,0.907327,6003487,4
1,975295679,0.988706,6004137,3
1,1924645439,0.965215,6007817,46
1,653999669,1.063419,6010354,30
1,1218843667,1.005357,6012315,22
1,3899101807,0.993632,6014443,24
1,2922314503,1.012616,6016072,17
1,1325157007,0.996576,6016804,4
1,570881323,1.061581,6018143,13
1,2095219097,1.000488,6020942,30
1,1678488377,0.962683,6021943,8
1,624255847,0.991172,6024967,35
1,1399824757,0.928604,6025494,1
1,2325105481,1.052341,6026635,10
1,3043025093,0.899761,6029105,29
1,4210713071,0.900304,6030404,12
1,3238090327,0.938021,6034467,52
1,317537221,1.083884,6039866,71
1,558756547,1.012133,6041841,22
1,85787087,0.938541,6043867,23
1,1625446601,0.920152,6045766,21
1,3971147527,0.862636,6047190,14
1,320529227,1.053732,6048812,17
1,2997474983,0.970261,6049885,9
1,2166309713,0.950945,6050386,1
1,985807159,0.913227,6050901,1
1,3187407173,0.941139,6052959,23
1,1776393953,1.055584,6054518,16
1,1710525599,0.988706,6058529,51
1,781931077,0.957597,6059747,11
1,3197459437,0.963190,6060616,6
1,4257772843,0.935414,6063098,29
1,730503959,0.988706,6064589,15
1,2312580349,1.055584,6066438,20
1,2846936137,0.889391,6070594,53
1,2256942697,0.872205,6072080,15
1,20753269,0.974780,6074181,24
1,2095168583,0.983258,6075182,8
1,4037433749,0.975280,6076459,12
1,2845305319,1.000488,6078511,23
1,470532901,0.886090,6079572,9
1,652073683,0.957597,6080234,3
1,1243829011,0.920152,6083609,42
1,31104473,1.054659,6084320,4
1,3264623867,0.910550,6087839,44
1,2125101247,0.975280,6088429,2
1,1619946871,1.076198,6090550,24
1,2285190763,1.012133,6091060,1
1,1714446641,1.023646,6092746,18
1,2511323123,1.004871,6094679,21
1,3629700013,1.090621,6095410,4
1,2635627889,0.973777,6098943,44
1,689940751,1.012616,6099451,1
1,359355553,1.079822,6103931,58
1,1849520941,0.928604,6104518,2
1,2603476027,0.957597,6105104,2
1,3287540591,0.940101,6105694,2
1,3330842687,0.910550,6109688,51
1,437954147,0.975280,6111518,20
1,3755843963,1.036916,6112109,2
1,1339693801,0.957597,6113745,17
1,2557858651,0.970764,6114330,2
1,2250990239,0.934370,6114848,1
1,3274829009,1.013098,6116677,20
1,1311527207,0.931753,6119014,27
1,208040647,0.927551,6119584,2
1,1850628407,0.820275,6122131,30
1,247809203,0.843171,6123819,14
1,3536258069,1.068458,6125919,22
1,4240331531,0.962175,6131044,67
1,2467800217,0.811297,6133299,26
1,2688588191,0.957597,6136117,34
1,1950399973,0.994614,6139687,45
1,1049189341,0.980274,6144527,63
1,946144553,0.981270,6145859,13
1,775314949,1.050483,6148746,35
1,2893237033,0.958616,6150867,24
1,19813403,1.029829,6151916,9
1,3831351253,0.929655,6152988,9
1,3806406133,0.957597,6155181,25
1,2543546989,1.079370,6156398,11
1,2303353951,1.005357,6159433,37
1,3090130193,1.018386,6160784,13
1,2538050857,0.928078,6163529,33
1,3683429081,0.895954,6166776,40
1,1564528543,1.003899,6168891,24
1,3570060817,0.973777,6170664,19
1,1792723771,0.910550,6171459,5
1,362017283,0.976281,6173510,23
1,2700088249,0.981270,6176331,34
1,847386649,0.891584,6177952,17
1,14866757,0.940101,6178789,6
1,3698404477,0.904632,6180973,25
1,2332552163,0.938541,6182339,13
1,90615949,1.031250,6184732,28
1,35992063,0.942176,6186352,17
1,299388877,0.935414,6187275,7
1,203073251,0.946313,6187845,2
1,2005430267,1.044891,6188854,8
1,1784258507,0.985738,6191606,33
1,123881201,1.002925,6194423,34
1,1162953191,1.012616,6195974,16
1,3206247769,0.963190,6198095,24
1,2156517941,0.985738,6200200,24
1,1406335481,0.838525,6204836,60
1,3140732701,0.857526,6206118,12
1,2026628459,0.846639,6207329,11
1,3130423697,0.970764,6210851,44
1,2190524863,0.853531,6211637,5
1,3280204909,0.995105,6212357,4
1,1590402127,1.017906,6213715,13
1,3683374421,1.040677,6214580,6
1,1344376361,0.904092,6215503,7
1,1286749337,0.993141,6216082,2
1,4090378837,0.984747,6218265,25
1,2092286089,1.012133,6219189,7
1,754015673,0.957597,6219909,4
1,1473422851,0.877786,6221043,10
1,527327891,0.985738,6221619,2
1,3538787209,0.928078,6222483,6
1,3725337383,1.007782,6222990,1
1,2952718841,0.970261,6224280,12
1,414303691,0.920152,6224792,1
1,2401379941,1.007782,6227499,27
1,987475079,0.852386,6230345,34
1,166974097,0.922801,6235607,69
1,2035491203,0.785613,6236824,11
1,261532217,1.104854,6242567,76
1,442684651,1.114973,6244325,19
1,1167813811,0.920152,6248771,57
1,3351116023,1.073928,6249297,1
1,3708454963,0.922801,6250792,15
1,360482599,0.891584,6255416,60
1,1755534821,1.031250,6257180,19
1,1351483963,0.899761,6259838,32
1,2338662127,0.982762,6266484,89
1,370953337,0.895409,6268177,18
1,3510599021,1.004871,6276383,111
1,105825449,0.884436,6278207,20
1,1455315761,1.054659,6279624,14
1,4109496467,0.995105,6280347,4
1,192601421,0.885539,6281343,8
1,3460147841,1.113220,6283745,28
1,537073007,0.893772,6286539,34
1,2794340999,1.089725,6287045,1
1,1263304421,1.046758,6289527,29
1,231521747,1.084785,6291368,20
1,1526253539,0.950945,6292727,13
1,1286552629,0.931753,6293658,7
1,4189619359,1.005357,6295008,13
1,2590871671,1.027455,6296225,11
1,2519116891,0.956066,6297580,13
1,2114274083,1.035503,6298736,10
1,836096081,0.910550,6300218,15
1,722125793,1.012133,6301626,14
1,2955896431,0.920682,6303399,19
1,443857399,1.039268,6306384,36
1,2524815311,0.877786,6307331,7
1,666844307,1.005357,6309746,28
1,2733859187,0.962175,6310971,11
1,2965716139,0.910550,6313177,25
1,2882631991,1.027455,6314748,16
1,836508391,0.981270,6316023,12
1,2716791929,0.994123,6317109,9
1,3262228103,1.000488,6317968,6
1,3430442317,0.978779,6323158,68
1,1566784543,1.036916,6324097,7
1,1988240713,0.933847,6324947,6
1,228479149,1.000488,6330809,72
1,258996131,1.064337,6331488,3
1,1663279879,0.980772,6333951,29
1,1828442183,1.019344,6335440,15
1,3669376483,1.111464,6337774,27
1,3466182721,0.919090,6340662,35
1,3525169189,0.936979,6344102,43
1,3402983359,0.928078,6345818,18
1,26235379,1.097316,6347282,15
1,1791920321,1.044423,6349109,20
1,3894050707,1.067086,6349979,6
1,1197543637,0.952997,6350832,6
1,1580357687,1.012133,6353291,29
1,3559988947,0.921743,6354150,6
1,718580281,0.978779,6355351,11
1,2816942389,1.035503,6361084,76
1,3603591349,1.072563,6368220,96
1,2369492089,0.957597,6370409,25
1,1576013,0.985738,6372710,27
1,1124335483,0.944764,6375043,27
1,686864599,0.946313,6377501,29
1,3186270121,0.999023,6379480,22
1,3630570289,1.003899,6382308,34
1,2047214597,0.970261,6384004,18
1,625063193,0.838525,6385204,11
1,336571979,1.024123,6386963,19
1,3330629089,0.927551,6388103,10
1,3746747933,0.888841,6393580,72
1,1569538211,0.918559,6394095,1
1,4085951017,1.005357,6395444,13
1,1524299087,0.965215,6396450,8
1,3411734869,0.957597,6397452,8
1,1289032313,0.975280,6398303,6
1,1358816777,1.099094,6402601,55
1,521924131,1.044891,6403536,7
1,4182869783,1.000488,6404825,12
1,4179214511,0.988706,6406457,17
1,2923449493,1.039268,6407032,2
1,3916071911,0.948889,6408814,19
1,1834548203,0.877786,6410314,15
1,3472188149,0.994614,6415507,68
1,2916047831,0.965215,6416030,1
1,1844271967,0.993632,6417464,14
1,1466145481,0.880563,6418462,8
1,3395272577,0.977281,6419254,5
1,3912581861,1.140518,6421571,27
1,3988350757,0.982762,6422650,9
1,3711508093,0.904092,6423238,2
1,3263746747,0.974780,6425157,21
1,3360090787,0.895409,6432961,99
1,3280614833,0.962683,6437648,60
1,1996844933,1.004871,6441232,45
1,391591819,0.858664,6445021,48
1,1489248769,0.932277,6446274,12
1,178418459,1.040677,6449495,40
1,1180474117,0.981270,6450278,5
1,1585644167,0.940101,6453426,39
1,2482651403,0.981270,6455331,21
1,1302485533,1.012133,6461160,77
1,171275437,0.938541,6463676,30
1,438120119,0.952484,6465883,25
1,559111279,1.063419,6466391,1
1,1099055777,0.935414,6468024,17
1,3514334569,0.942176,6468536,1
1,3840548333,1.047691,6469261,4
1,572440247,1.118907,6470199,7
1,3090137027,1.015985,6471343,10
1,3997370543,1.054659,6475053,47
1,1508023381,0.877786,6475632,2
1,225011827,0.970764,6476343,4
1,2227885081,0.982762,6477611,12
1,1915789541,1.007782,6481411,48
1,2455944737,0.981270,6484584,39
1,4128062053,0.946313,6486426,20
1,105505303,0.888292,6487617,11
1,3957276833,1.048157,6492831,67
1,460008607,0.952997,6493841,8
1,3044914529,0.921743,6495122,12
1,1775711269,0.985738,6496258,10
1,3228460979,0.899761,6497553,12
1,3543345677,0.902471,6498200,3
1,1313132573,0.958616,6501719,44
1,1382429203,1.025076,6503551,20
1,3014951633,0.919621,6504544,8
1,471485149,0.942176,6509412,63
1,2311346977,0.927551,6510194,5
1,3207310571,1.043488,6511062,6
1,2104250921,0.993141,6513389,27
1,2556226367,0.920682,6515097,18
1,1970779991,1.020302,6518610,44
1,1126454297,0.996576,6520587,22
1,764938183,0.912693,6522152,16
1,564858589,0.984251,6525183,37
1,3923847619,0.981270,6526825,17
1,1229693393,1.031250,6528380,16
1,1672364327,0.914830,6528957,2
1,885378619,0.872765,6530441,15
1,3598830457,1.068458,6535045,56
1,1662742127,0.995105,6538286,30
1,3344027923,0.798558,6547012,117
1,2032335007,0.919621,6548997,22
1,3401021443,0.897588,6549509,1
1,3172221293,0.952997,6550085,2
1,3504295967,1.012616,6550597,1
1,770737339,0.952484,6551600,8
1,1198917337,0.993141,6553448,20
1,2466656713,1.020302,6554794,13
1,3857164693,0.979277,6555379,2
1,2632368643,1.027455,6556172,5
1,1854322759,1.014061,6557245,9
1,3094581527,0.922801,6557763,1
1,2100051757,1.006328,6558836,9
1,3220503031,0.895954,6559573,4
1,3311826263,0.928078,6561068,15
1,1958616241,0.969254,6562550,15
1,3304866503,0.982762,6563270,4
1,3124755973,1.027455,6563998,4
1,674984587,0.910550,6564791,5
1,1731245119,0.973777,6567041,26
1,2412842959,0.988706,6567772,4
1,1872148897,1.027455,6568980,11
1,4201702319,0.970764,6569569,2
1,1178288737,0.970764,6571477,21
1,1634505371,1.086584,6573174,18
1,870996277,1.012616,6574038,6
1,1162847629,0.946313,6574687,3
1,3237999511,0.965215,6575633,7
1,3642007559,0.931753,6577388,19
1,3258038701,0.904092,6578817,14
1,1492416659,1.035031,6580585,19
1,3859898047,0.938541,6582153,16
1,3203707889,0.984747,6591510,128
1,2193722087,1.025552,6592992,15
1,1604237377,1.033615,6594073,9
1,1259173463,0.988212,6595004,7
1,1608749273,0.940101,6598877,49
1,2993572097,1.081629,6601402,30
1,501416087,0.877786,6603240,20
1,1068007607,0.902471,6604242,8
1,38442137,0.981270,6607739,44
1,486611189,0.984747,6608378,3
1,3008229659,0.969254,6613226,63
1,2905174627,0.857526,6617576,56
1,2642437451,0.970764,6618229,3
1,822128581,0.889939,6619788,16
1,3548327953,0.927551,6622175,28
1,698174579,0.993141,6622967,5
1,509568907,0.969758,6625013,23
1,2594712971,1.003899,6632794,105
1,3301298309,0.888292,6635417,27
1,3813350377,0.961160,6638387,34
1,675068539,0.952484,6640039,17
1,852515311,1.015985,6641038,8
1,1402296353,1.032197,6641754,4
1,1277011381,1.005357,6644580,34
1,2615138699,0.995105,6645109,1
1,1547662183,0.935414,6647865,33
1,2119815073,0.930180,6651232,42
1,732114869,0.965215,6654269,37
1,2215053091,0.920152,6655612,13
1,902001967,1.025076,6657883,26
1,909751057,0.957597,6658386,1
1,1065212303,0.970261,6662883,58
1,2373909067,1.005357,6664107,11
1,2813373191,0.955044,6665395,12
1,1709196739,0.895954,6669760,56
1,1117821329,0.923330,6670258,1
1,710372653,0.952484,6671608,13
1,54684079,0.944247,6672249,3
1,4115294371,0.984747,6672765,1
1,3826599839,0.965215,6674042,12
1,1762279873,0.973777,6674678,3
1,4121195989,0.988212,6675547,6
1,342650519,1.036916,6676894,13
1,1973741269,1.007782,6679583,32
1,3200410039,0.899761,6680591,8
1,3347393561,0.994614,6683605,37
1,3535063261,1.081629,6685452,20
1,4094303011,0.867152,6687428,22
1,5506199,0.950945,6689647,26
1,4008756469,0.957597,6690372,4
1,2107503037,1.012616,6691114,4
1,2620856879,0.942176,6694134,37
1,2900879633,0.947859,6695830,18
1,1779323129,1.031250,6698715,35
1,4244433923,1.055121,6702731,51
1,1777759667,0.938541,6704532,19
1,757433393,1.055584,6706897,27
1,3823570571,0.927551,6708703,19
1,1208551657,0.944764,6710669,22
1,1314479123,0.995105,6711186,1
1,327146879,0.942176,6711847,3
1,1138098383,0.993141,6712423,2
1,2223701621,1.025552,6714882,29
1,2188072231,0.913227,6719016,53
1,2805065167,1.004871,6720856,20
1,1137025753,0.965215,6721640,5
1,4054518283,0.944764,6725301,46
1,2016834257,1.052341,6726083,5
1,694560799,1.025552,6726804,4
1,3266796593,1.083884,6728009,11
1,3107011073,0.946313,6728581,2
1,3427538297,1.039738,6731047,29
1,542370869,1.022214,6733430,28
1,3710148019,1.126301,6735829,28
1,1239626771,0.929655,6736761,7
1,682235189,0.975280,6737760,4
1,4146548167,0.981270,6738571,5
1,438984901,0.889391,6742494,50
1,3742445669,0.950432,6743914,14
1,790117589,0.994614,6744495,1
1,2751754337,0.947859,6746423,21
1,2953598059,1.035503,6751599,68
1,1542404377,1.076198,6754279,32
1,28046437,1.047691,6755607,13
1,877440143,0.911086,6757177,16
1,2119087301,0.927551,6758181,8
1,3355172713,1.031250,6759552,13
1,2986686457,0.935414,6761672,24
1,559885867,0.935414,6762468,5
1,1818254323,0.932277,6764109,17
1,1586487101,0.988706,6764709,2
1,1792548889,0.983258,6765279,2
1,852059849,0.987223,6767747,29
1,4063996513,1.140090,6770848,38
1,384027971,0.872205,6772761,21
1,3096992467,0.934370,6773969,11
1,1475505953,0.946313,6775118,10
1,1688423683,0.954533,6776820,18
1,137509033,0.997066,6777935,10
1,673101679,0.931753,6780396,29
1,2354957047,0.968750,6781692,12
1,644028739,1.063419,6783174,15
1,2479492909,1.000488,6785012,20
1,975885121,1.036916,6788115,38
1,4031555477,0.911622,6790511,28
1,3378727783,0.880563,6791163,3
1,2030496263,0.987223,6792159,8
1,1220177353,0.981270,6795120,36
1,92701157,0.980274,6795962,6
1,2189827019,1.055584,6796963,8
1,1683319091,0.970261,6797473,1
1,1251112483,0.981270,6800502,37
1,2880625879,0.955044,6801231,4
1,2319823169,1.003899,6805934,61
1,2510260703,0.922801,6806738,5
1,3040033091,0.974780,6811317,59
1,492764647,0.942176,6812050,4
1,2609141531,0.963190,6815485,43
1,2446653977,0.996576,6816210,4
1,572078029,1.003899,6820296,52
1,958314557,0.965215,6823045,33
1,2527648931,0.963190,6823557,1
1,2110676383,1.037387,6827570,51
1,829269317,1.012616,6828082,1
1,703624759,1.031250,6830685,31
1,3891587083,1.033615,6833166,29
1,258567313,0.903011,6834790,17
1,2930906221,0.988706,6837248,29
1,1479930037,1.086584,6840441,36
1,2705396233,1.018386,6841586,8
1,1559430317,0.977281,6843038,14
1,3936348293,0.844329,6843554,1
1,2967091279,0.988706,6847273,47
1,2854642883,0.978779,6850425,39
1,4228872707,1.035031,6851008,2
1,4244996291,0.987223,6852355,13
1,1976939009,0.952484,6854628,26
1,2237069489,0.895409,6855415,5
1,4029536227,1.129764,6856836,14
1,3102175213,1.062959,6859737,35
1,31291789,0.911086,6863799,52
1,2349655001,1.115411,6864376,2
1,2524154863,1.046758,6866639,26
1,4183416647,1.006813,6867724,9
1,2798104187,0.970261,6870637,35
1,2527059599,1.020780,6872765,24
1,3457355917,0.938541,6877934,68
1,726032647,0.928604,6880199,26
1,2442787901,0.928604,6881843,17
1,3420694489,0.877786,6885496,46
1,695478659,0.942176,6888295,34
1,4136058019,0.891584,6889506,11
1,3303962833,0.876115,6890789,12
1,3622686517,0.935414,6892987,25
1,3623715787,0.950945,6893723,4
1,317607133,0.910550,6894299,2
1,3251532979,1.057433,6896832,30
1,2904178369,0.946313,6901106,55
1,1163626543,0.955044,6902245,10
1,3271029781,0.880563,6904435,25
1,3602370631,1.021736,6906548,24
1,408771091,0.965215,6909010,29
1,873724307,1.104854,6910492,15
1,233616107,0.994614,6911556,9
1,2888353289,0.945797,6912407,6
1,2595263831,1.029354,6916616,54
1,505837847,1.025552,6917684,9
1,462441757,0.936979,6921446,47
1,2989087991,1.000488,6922103,3
1,2545777511,1.082983,6925021,35
1,590805889,0.846062,6926085,9
1,697936271,0.839689,6928209,24
1,1848864761,0.955044,6928868,3
1,3165903827,0.998534,6930571,18
1,748740211,1.076198,6937304,90
1,2948237549,0.907327,6939431,24
1,1990665301,0.919621,6940150,4
1,1810310741,1.064337,6941984,20
1,2302817107,0.995105,6942986,4
1,3840268357,1.012616,6945487,27
1,1412519923,0.913227,6947199,18
1,3612965309,0.893772,6947997,5
1,3105332689,0.922801,6948857,6
1,581683093,0.884436,6952751,49
1,3496063817,1.005357,6953324,2
1,2383443109,0.885539,6954058,4
1,1592799413,0.952484,6956243,25
1,1991920057,1.020302,6957109,6
1,105005611,0.982762,6961807,61
1,1599066269,1.055121,6962603,5
1,2635206671,0.970261,6963460,6
1,3202946233,0.897588,6965920,29
1,168166819,0.895409,6967115,11
1,2991742723,0.927551,6969454,27
1,953563591,1.035503,6972547,38
1,3729529667,1.105296,6973474,7
1,2005043333,0.980772,6976078,31
1,2709357047,0.988706,6976870,5
1,102567131,1.063419,6979595,33
1,2106099817,0.938541,6980952,13
1,950687527,0.849517,6981814,6
1,26386609,0.977281,6982940,10
1,2783063611,0.932277,6984647,18
1,3087662959,1.035503,6987048,28
1,3594543619,0.993632,6987687,3
1,1231959541,0.962175,6990230,29
1,1469141153,0.950945,6992488,26
1,3753484481,1.005357,6993911,14
1,195449347,0.950945,6995032,10
1,483677609,0.984747,6995749,4
1,3768359459,0.997556,6996881,10
1,4074750731,1.058356,7004580,104
1,2347129027,1.050483,7007463,35
1,3955249127,0.877786,7009935,29
1,2115955213,0.973777,7010937,8
1,643691429,0.970764,7012562,17
1,1170021571,1.019344,7013352,5
1,1019478769,1.036916,7014129,5
1,942804869,0.986233,7016810,32
1,3898988189,1.042552,7017679,6
1,3710151589,1.006813,7019618,21
1,958070723,0.877229,7020137,1
1,1498425133,0.988706,7023008,35
1,4268828807,0.991172,7024010,8
1,711783151,0.893772,7026125,24
1,1386735899,1.007782,7028761,31
1,1772108153,1.012616,7029824,9
1,2387407591,0.857526,7030340,1
1,35903071,0.984747,7034817,58
1,3308814307,0.950945,7036802,22
1,3839265611,0.955044,7039129,27
1,4241343299,0.846639,7041674,30
1,307360129,0.970764,7042687,8
1,949638731,1.034559,7043479,5
1,830800361,0.944247,7044187,4
1,1306692209,1.027455,7045328,7
1,3980383087,1.068458,7048470,36
1,3833969159,0.962683,7049136,3
1,788784023,0.891584,7049925,5
1,3131057,1.034559,7052159,26
1,2528842397,0.997066,7053164,8
1,872702419,0.962175,7054987,20
1,3922399199,0.970764,7056689,18
1,504382933,0.999023,7061444,62
1,838313689,1.036916,7064469,37
1,3909979837,1.018386,7065123,3
1,3086964437,0.855246,7065854,4
1,3309494509,0.916963,7067761,21
1,635745619,1.047691,7071263,44
1,2965428827,1.024123,7072884,17
1,2034326383,0.946829,7074094,11
1,1310167799,0.923330,7079097,65
1,2130337907,1.040677,7080807,18
1,3822593689,0.929655,7081941,10
1,3973097509,0.934370,7082587,3
1,1312222309,0.946313,7084987,28
1,2836473589,0.888841,7088144,39
1,69098461,0.891584,7090600,29
1,444350449,0.944764,7091532,7
1,344426393,0.997556,7093354,20
1,1318131671,0.963190,7095953,31
1,1340881691,0.984747,7097813,20
1,2736722647,0.960652,7098820,8
1,4292138173,1.042552,7100245,14
1,2798040913,0.922801,7100901,3
1,1862731601,0.982762,7101616,4
1,3119411759,0.965215,7103749,24
1,1982169103,0.995105,7109686,79
1,2972170583,1.103970,7110278,2
1,1769437387,0.927551,7114709,57
1,3622258537,0.920152,7115572,6
1,4131973823,0.803435,7118006,28
1,2846058379,0.969758,7119074,9
1,313805449,0.955044,7122020,36
1,2779980179,0.891584,7122744,4
1,2071338319,1.132786,7127377,60
1,1723421473,1.037387,7128094,4
1,4242891337,1.078012,7128751,3
1,4020358193,0.980274,7129402,3
1,1876734007,1.073928,7131670,26
1,702595951,0.935414,7132186,1
1,642403,0.955044,7132593,1
1,3917867419,0.936979,7134595,22
1,62678977,0.976281,7136624,23
1,293326853,0.957597,7138306,18
1,2937740929,1.068458,7143199,64
1,2213595907,1.002438,7143782,2
1,2863800809,0.862070,7144844,9
1,166793147,0.907865,7146395,16
1,1281809777,0.977281,7147194,1
1,2437384091,0.778746,7147725,1
1,1208086577,0.885539,7151956,53
1,2939166809,0.882778,7152475,1
1,267333481,1.040677,7153541,9
1,4227859261,0.991172,7154252,4
1,502504441,1.070284,7158322,52
1,3104318081,1.032197,7161088,33
1,1159472351,1.031250,7164461,42
1,2413817347,1.005357,7166735,26
1,1105754413,0.960652,7167662,7
1,3599505853,0.919621,7170260,31
1,554937653,0.914830,7172516,26
1,1867068121,0.913227,7173442,7
1,1426747859,0.981270,7174300,6
1,2104145107,0.854103,7175024,4
1,3931774867,0.893772,7177375,27
1,2158107113,0.910550,7179058,18
1,4016968937,0.885539,7179717,3
1,623468891,0.994614,7180986,12
1,3468005503,0.956066,7181571,2
1,4057896853,0.988706,7183210,17
1,1022934233,0.957597,7183731,1
1,4080858263,0.893772,7184945,11
1,1052809633,0.982762,7186419,15
1,2977043551,1.090621,7186999,2
1,137484517,1.047691,7187497,1
1,3640471859,1.025076,7189778,26
1,3053298751,1.144365,7192836,37
1,3214938247,0.935414,7193968,10
1,2561288399,0.952997,7194615,3
1,634150667,0.994614,7195904,12
1,2794703543,0.962683,7199835,50
1,3671226371,1.043488,7201828,22
1,2964493907,0.922801,7203668,20
1,3558740749,0.945280,7205786,24
1,840747877,0.948374,7208033,26
1,1767342799,0.970764,7209943,21
1,58626511,1.005357,7212546,31
1,4118947087,0.880563,7213410,6
1,1764612779,0.940101,7216028,31
1,1677398477,0.919621,7216682,3
1,1679668181,0.965215,7218748,23
1,2913207631,1.050483,7220382,17
1,1346520353,0.903011,7222206,20
1,2638900969,1.095980,7223837,17
1,1198540457,1.012616,7225051,11
1,1025133691,1.076198,7226048,8
1,3599288053,1.050483,7227611,16
1,4206082879,0.880563,7228213,2
1,3542220313,0.997556,7229349,10
1,3711212801,1.036445,7231663,27
1,1666444939,0.920152,7235935,55
1,2651768771,0.973777,7239742,48
1,1253958889,0.911086,7240463,4
1,3217295857,0.994614,7242858,28
1,3444603133,0.953509,7243582,4
1,50927791,0.982762,7245210,17
1,2004189137,1.000488,7246150,7
1,747627943,0.928078,7246738,2
1,2979107851,0.928078,7249121,28
1,2770202549,0.985738,7250075,3
1,995413547,0.927551,7250737,3
1,1594711841,1.047691,7253425,30
1,1302419273,0.853531,7256946,44
1,205316159,0.957597,7260802,49
1,2657528429,0.936979,7262159,13
1,1386447221,0.974780,7267758,74
1,1399044029,1.055584,7268277,1
1,3499410997,0.854103,7272500,54
1,79867861,1.002925,7278522,80
1,1530614497,1.039738,7279589,9
1,535338073,0.975280,7280309,4
1,1415734217,0.977281,7281448,10
1,260071211,0.893772,7284329,35
1,1397326949,1.052341,7285821,15
1,3357045073,0.994123,7286531,4
1,4075435439,1.020302,7287890,13
1,606224219,0.988706,7289301,14
1,958091779,0.983258,7290723,14
1,775152167,1.012133,7291857,10
1,2161816793,0.902471,7295155,41
1,2039529551,1.048157,7295871,4
1,3546095261,0.944247,7298904,37
1,810278969,0.826207,7305503,88
1,2362818401,1.068458,7307139,17
1,2537791939,0.938541,7307649,1
1,2837572277,0.928078,7311090,43
1,2399204459,0.970764,7317395,84
1,2806307411,0.977281,7319180,19
1,2869152997,1.063419,7320109,7
1,2486547383,0.956066,7320974,6
1,1662783541,0.982762,7323520,30
1,212988583,0.913227,7324164,3
1,4043082727,1.004871,7325586,14
1,1153936627,0.981270,7326246,3
1,1832669063,1.027455,7329131,35
1,3916587541,1.013098,7329639,1
1,1701709699,1.082983,7330494,6
1,2194545629,0.988706,7331423,7
1,2182146437,1.058356,7335610,54
1,750277351,1.007782,7337530,21
1,551733733,1.013098,7342221,61
1,3898845443,1.000488,7342736,1
1,1352874701,0.969758,7343452,4
1,1545242357,0.919621,7344446,8
1,1305657649,0.942176,7347963,44
1,4193014009,0.944764,7349812,20
1,3087698659,0.914830,7351014,11
1,377507183,0.997066,7355011,45
1,2194493167,1.032669,7360655,74
1,50603459,1.004385,7365895,69
1,1700044579,1.019344,7367456,16
1,2953985711,0.846639,7370412,36
1,2652815569,0.946313,7371687,12
1,236737057,0.984747,7372322,3
1,2231729273,0.965215,7374365,23
1,165924971,0.994614,7379121,62
1,2249934871,1.012616,7380599,15
1,3380468323,0.969758,7381826,11
1,440130389,0.994614,7382477,3
1,126050711,1.073928,7383530,9
1,1444053383,0.935414,7389504,79
1,857044121,0.997556,7390358,6
1,3981078643,1.025076,7391010,3
1,2314403209,0.952484,7398549,102
1,3759547109,0.997066,7399757,11
1,2205633817,0.997066,7401245,15
1,710877091,1.004871,7405689,57
1,710587039,0.911622,7406557,6
1,79493101,0.927551,7408872,27
1,1085198453,0.960652,7414967,81
1,3913621471,1.067086,7415918,7
1,2559101977,0.932277,7417609,18
1,3235522679,1.110145,7418758,10
1,1175927047,1.004871,7420105,13
1,3059992279,0.936979,7422924,34
1,3654848401,0.965215,7424408,15
1,2241500837,0.844329,7425424,8
1,3350482939,1.002925,7426372,7
1,3202923637,0.940620,7427874,15
1,3959507177,0.945280,7432379,58
1,393885269,0.969758,7433512,10
1,2636898619,1.054659,7436823,41
1,2404910957,1.090621,7439812,36
1,2529577487,1.012616,7442982,39
1,321653249,0.940101,7443612,3
1,4004232607,0.970261,7444914,12
1,3458483027,0.965215,7446892,22
1,3061408477,0.934370,7447615,4
1,831145109,1.076198,7451902,55
1,440609381,0.931753,7452609,4
1,1059613699,0.997556,7454380,15
1,1693007783,1.061581,7455118,4
1,1716154511,0.944247,7458123,35
1,1227356461,0.962683,7463710,73
1,315185837,1.047691,7464925,11
1,1397913667,0.984747,7465851,7
1,2467332871,1.057894,7467116,12
1,588915511,0.846639,7472016,64
1,102271621,0.952484,7472790,5
1,3466574113,1.050483,7477691,64
1,2744250419,0.997066,7478277,2
1,3781981739,1.055584,7479639,13
1,64156121,0.982762,7480769,10
1,890806871,1.068458,7482942,25
1,1248017317,0.852386,7484787,20
1,209217061,0.955044,7486967,25
1,3389595389,0.877786,7488527,16
1,620638519,1.004871,7490030,14
1,1296584803,0.893772,7494517,58
1,98240341,0.981270,7496131,17
1,77310007,1.057433,7500529,57
1,1030176001,1.042552,7507470,93
1,3451217767,0.944247,7511821,56
1,4034868379,0.911622,7513171,13
1,1644811681,0.944764,7513820,3
1,16804741,1.003899,7514371,2
1,1454304497,0.973777,7514962,2
1,646556731,1.040677,7515539,2
1,1571039807,0.888841,7516410,6
1,3041497673,0.984747,7516986,2
1,2861055257,0.807073,7518477,15
1,1589657809,0.977281,7519118,3
1,398897531,0.960652,7520253,10
1,3394537589,0.942176,7523068,34
1,4196080363,0.950945,7523863,5
1,4222361839,0.956577,7524657,5
1,1907293273,1.036445,7526082,14
1,3403967003,0.934370,7528338,26
1,4052605903,0.877786,7530683,27
1,2125686917,0.925443,7532110,14
1,2283611657,0.860369,7532817,4
1,1871237317,1.012133,7537171,56
1,2129367389,0.941657,7542309,67
1,3041421133,1.055121,7543876,16
1,3846670901,1.063419,7545082,11
1,2476341463,0.862070,7546294,11
1,2832620837,1.020780,7548554,26
1,2561552359,1.012616,7550397,20
1,3044511661,0.984747,7551202,5
1,4207818319,1.029829,7554368,39
1,2264746531,1.073928,7555017,3
1,3582408499,0.846639,7556089,9
1,11448343,1.090173,7557308,8
1,113354597,0.936979,7559009,18
1,361846007,0.994614,7561180,15
1,2925748499,1.007782,7562243,7
1,3127061417,0.946313,7564019,19
1,2788372361,0.969254,7564742,4
1,2240764763,1.019344,7567774,37
1,4108424729,0.984747,7572052,55
1,535639289,0.994614,7573608,16
1,3934788667,1.002925,7574540,7
1,269146447,0.884436,7575743,11
1,3280342259,0.878342,7578476,33
1,3871365787,1.027455,7582407,50
1,2035602823,1.085235,7584182,19
1,698386991,0.985738,7586360,25
1,2496435863,1.036445,7587011,3
1,3009106279,1.025552,7588289,12
1,1901511193,0.946829,7589279,8
1,2247591443,0.928078,7591043,19
1,1081131703,0.925971,7591826,5
1,1496687539,1.000488,7594435,31
1,2565261233,0.868840,7595087,3
1,401569411,0.910550,7595599,1
1,716997949,1.054659,7596391,5
1,3099101693,0.911622,7597822,14
1,619146761,0.919621,7598326,1
1,3241760351,0.925971,7599897,16
1,1424815451,0.985738,7603144,40
1,2060771137,1.012616,7604631,15
1,664479163,0.965215,7605145,1
1,4047807499,1.013098,7606008,6
1,1063582643,0.911622,7606874,6
1,2726162339,0.827978,7611572,61
1,2452672373,0.963190,7612792,11
1,4123058689,1.043488,7613569,5
1,20191879,0.921213,7614681,10
1,3824474923,0.944247,7615208,1
1,761716607,1.044891,7615867,3
1,22506413,0.846639,7618033,25
1,1078196179,0.978779,7620221,25
1,1432560379,0.970764,7622970,33
1,518869361,0.960652,7624314,13
1,2853514907,0.977281,7624831,1
1,4271284201,1.018386,7625559,4
1,875708441,0.848367,7626191,3
1,11324189,0.885539,7627371,11
1,2874468101,1.024123,7637315,136
1,2722961069,0.868840,7638107,5
1,1013846027,1.090621,7638822,4
1,1535713723,0.919090,7639471,3
1,3442761853,0.970261,7642277,34
1,2059246031,0.902471,7643154,6
1,3402977761,0.885539,7644009,6
1,228866887,0.970261,7645275,12
1,1101242221,0.983258,7646778,15
1,3464891827,0.961160,7647287,1
1,1007411087,0.928604,7648713,14
1,1630765891,0.958616,7649425,4
1,1706836207,1.007782,7649939,1
1,3390930359,1.073018,7650527,2
1,1581539357,0.993632,7653126,31
1,3143453129,1.076198,7654135,8
1,2398511693,0.985738,7654792,3
1,53770907,0.973777,7656125,13
1,2977588153,0.888292,7657541,14
1,1431992651,0.919090,7660073,25
1,263436359,0.934370,7661706,14
1,2143275347,0.974780,7662656,7
1,1730307937,0.902471,7664138,15
1,2937870373,0.897588,7668336,54
1,4108965139,0.955044,7669339,8
1,512507641,0.913227,7671384,23
1,3411749791,1.093303,7672049,3
1,2894610401,0.969254,7672975,7
1,4146679297,1.050483,7673621,3
1,1737446561,0.981270,7675740,24
1,368183303,1.012133,7679444,47
1,2744007523,0.970764,7681717,26
1,2183886707,0.916963,7684122,28
1,1159165687,0.885539,7684718,2
1,2780355013,0.871645,7686343,17
1,2886724387,0.913227,7687486,10
1,339728611,0.820275,7692484,65
1,3164596333,0.977281,7695457,36
1,2944987063,0.942176,7695979,1
1,3714600707,0.835024,7698021,23
1,921380963,0.988706,7701870,49
1,962080183,1.087033,7702520,3
1,3683853839,0.994614,7703449,7
1,2525179087,1.007782,7708924,71
1,1628546599,0.973777,7710564,17
1,932091757,0.969758,7711215,3
1,3781904947,1.090621,7713898,32
1,1081809727,1.076198,7715180,12
1,2524267139,0.965215,7716035,6
1,3520809967,0.977281,7716626,2
1,1975511387,0.952997,7718825,25
1,1165839239,0.960652,7720876,23
1,3793975657,0.904092,7722426,16
1,3257252743,1.062959,7723285,6
1,2943330623,0.852959,7725131,20
1,111196741,0.911622,7726181,9
1,338953007,0.962683,7727653,15
1,346197281,0.965215,7728713,9
1,3989551861,1.018386,7729799,9
1,1673702449,0.991172,7731209,14
1,912445273,0.907327,7733467,26
1,1687414823,0.914830,7740254,91
1,452685029,0.952484,7743152,35
1,1677069461,1.025552,7746179,37
1,2214177011,0.885539,7747182,8
1,1593318611,1.013098,7749922,33
1,2738758601,0.955044,7751621,18
1,791143231,0.970764,7754088,29
1,311995291,0.984747,7755217,10
1,1284721483,1.012133,7756353,10
1,4224407191,1.093303,7756943,2
1,3462199061,0.957597,7758445,15
1,3797311151,0.872205,7760143,18
1,2922843941,1.025076,7761002,6
1,1672640951,1.024123,7762289,9
1,542497231,0.886090,7763495,9
1,3346212421,0.982762,7765974,29
1,1019906171,1.050483,7769759,48
1,2512958641,0.984747,7773006,40
1,4272349799,0.884436,7774713,18
1,2347571351,1.012133,7775643,7
1,1013165123,0.977281,7776856,11
1,817250527,0.949404,7777795,7
1,1877268251,0.960652,7779079,12
1,1230395753,1.044891,7780352,12
1,2732984029,0.946313,7785610,69
1,1637127967,0.988706,7787387,19
1,1069006403,0.897588,7788468,9
1,780920003,1.012133,7792138,46
1,328432751,0.884436,7792995,6
1,1673611117,1.004871,7794619,17
1,1761224431,1.000488,7796323,18
1,2555591039,1.033615,7797200,6
1,614621827,0.811297,7798673,15
1,3319762933,1.076652,7800326,17
1,1542082433,1.093303,7802743,28
1,1613399407,0.895409,7803667,7
1,1330972469,0.862070,7804816,10
1,3399892123,0.850092,7807227,28
1,779554603,1.093303,7807949,4
1,3704717171,1.020780,7810466,29
1,2536645567,1.061581,7814554,52
1,842452619,0.981270,7819527,65
1,2654994613,0.835024,7821076,16
1,1046466829,0.977281,7823829,33
1,3957238793,0.954533,7826988,39
1,225436423,0.962683,7828258,12
1,15155813,1.084785,7832232,51
1,2203506751,1.033615,7832885,3
1,2227681811,1.033615,7833604,4
1,3074838901,1.136229,7836009,28
1,1168773149,0.916963,7837006,8
1,3922254937,0.941657,7837588,2
1,2617054417,0.961160,7843024,71
1,3961532633,0.897588,7843944,7
1,2173547951,0.962175,7845731,19
1,155296573,1.087033,7849364,46
1,2507098751,0.832682,7851790,28
1,446436761,1.012133,7853681,21
1,543901,0.975280,7854094,1
1,4260997379,1.020780,7855446,13
1,405053041,1.040677,7857492,23
1,2733181211,0.989693,7858903,14
1,3726092291,0.954533,7861093,25
1,2561306569,1.024123,7863143,23
1,3140367221,0.948889,7863948,1
1,4268237861,0.844329,7867457,42
1,375664061,0.970261,7868125,3
1,1627510771,0.988706,7870528,28
1,334015277,0.965215,7873859,41
1,2332887959,0.872205,7876178,27
1,3476724877,0.996576,7877599,14
1,635684921,0.931753,7878388,5
1,3538973083,0.916963,7879974,16
1,2135899187,0.970764,7880709,4
1,3773807929,0.996576,7881721,8
1,1844082413,1.020302,7885261,44
1,185021861,0.988706,7886395,10
1,3917334121,0.938541,7894181,105
1,4027081789,0.984747,7895311,10
1,3671129831,0.848367,7898708,42
1,3795601571,0.901929,7899285,2
1,3515899157,0.935414,7900903,17
1,703403741,0.914830,7903226,27
1,1822610483,1.024123,7903741,1
1,2114953283,0.962175,7906554,34
1,493809917,1.090621,7907841,12
1,2057848063,0.910550,7909258,14
1,4160028281,0.988706,7911321,23
1,1013555533,0.969254,7912252,7
1,1576633151,0.877786,7914161,21
1,787103327,0.918559,7917050,35
1,454236919,0.993141,7919659,31
1,3209511511,0.979277,7920736,9
1,3020380241,1.019823,7921446,4
1,3449244391,0.942176,7922379,7
1,4175582419,1.046758,7926052,46
1,20992379,0.913227,7928235,25
1,3871785503,1.005357,7928754,1
1,2353698293,0.914830,7929550,5
1,3232647361,0.848367,7932630,38
1,897784387,0.903552,7935083,29
1,1618893761,0.962683,7935807,4
1,2096256049,0.978779,7937930,24
1,2193885731,0.937500,7938429,1
1,3439173163,0.826207,7940199,19
1,3071386361,1.024123,7941266,9
1,3349010411,0.897588,7942067,5
1,2897493779,0.977281,7945093,37
1,2949531601,0.929655,7948198,38
1,718077559,0.928078,7951363,39
1,4060834259,1.029829,7953129,19
1,297956497,1.093303,7954744,17
1,1619253787,0.970764,7955391,3
1,36180433,1.070284,7956295,7
1,1977853027,0.899761,7957793,15
1,2717133781,0.908940,7959357,16
1,2071678801,1.018386,7961844,29
1,3295403311,0.946829,7963195,13
1,2219967973,0.993141,7964120,7
1,1339125929,1.054659,7965617,15
1,386858617,0.838525,7967558,18
1,404574931,0.991172,7969960,26
1,241409933,0.877786,7970542,2
1,4068085291,0.928604,7972812,26
1,426067853,0.987223,7973385,2
1,1292698811,0.984747,7974965,16
1,4044602183,0.985738,7979048,52
1,3044019397,0.946313,7980878,20
1,613372919,0.997066,7981815,7
1,3811929757,1.121958,7983305,15
1,244200709,0.944764,7985343,23
1,3148636901,0.984747,7986692,13
1,3911758153,0.977281,7987975,12
1,3222459131,1.036445,7988553,2
1,3601675393,1.012616,7989880,12
1,1433949661,0.934370,7991476,16
1,1926356323,1.018386,7992272,5
1,295509743,0.907327,7993548,12
1,2129248399,0.946313,7994628,9
1,3061423319,0.964709,8000181,73
1,475937227,0.997066,8003349,39
1,1462813577,0.927551,8003928,2
1,616411883,0.948374,8011111,96
1,3946584427,1.002925,8013235,24
1,4232522323,1.002438,8013955,4
1,785126807,0.855246,8016137,25
1,3702424511,0.918559,8016863,4
1,976564517,1.012133,8017856,8
1,860822239,1.012133,8019413,16
1,3467480113,1.027455,8020556,10
1,300692533,0.944764,8022316,19
1,1679819501,0.976281,8024013,18
1,3889439419,0.886641,8025444,14
1,757673869,0.983258,8030067,60
1,1141488331,0.935414,8034419,56
1,119543129,0.919090,8035396,8
1,4059265247,1.055584,8039915,58
1,3417852731,0.953509,8042585,32
1,871922509,1.128899,8043808,11
1,1447501793,1.029354,8044666,6
1,3874829687,0.922801,8046298,17
1,2474410931,1.002925,8047021,4
1,3021932713,0.978779,8048010,8
1,2582389759,0.913227,8048529,1
1,1360132511,0.944764,8049744,11
1,2536903111,0.988706,8051020,12
1,961824389,1.025552,8052008,8
1,1944519947,0.985738,8052941,7
1,330320129,0.954533,8054558,17
1,286418581,0.950945,8057282,33
1,3647758727,0.928078,8058141,6
1,518870383,0.938021,8059498,13
1,2937384959,0.981270,8062262,33
1,528621161,0.964709,8062834,2
1,1642694881,0.877786,8063963,10
1,437882869,0.880563,8067061,38
1,317860999,0.997556,8068050,8
1,1245368171,0.884436,8069554,11
1,3558175541,0.872205,8073476,48
1,1752159433,1.031250,8075756,26
1,1941135923,0.977281,8076477,4
1,734128471,0.919621,8077405,7
1,2344554743,0.927551,8078205,5
1,2367418073,0.950945,8081019,34
1,811966481,0.950945,8082066,9
1,1980208981,1.025552,8086970,64
1,3258731939,0.970261,8087479,1
1,622361951,0.873324,8088900,14
1,1548871039,0.974780,8090046,10
1,634704289,1.047691,8090894,6
1,2844160699,1.197736,8092317,14
1,1846118899,0.882225,8100022,104
1,1424207627,0.836193,8103046,37
1,3857614913,0.911622,8113180,139
1,1931791531,1.007782,8115082,21
1,4064616937,0.993141,8117906,34
1,117997679,0.928078,8118685,5
1,3688936907,0.918559,8119416,4
1,577579609,0.946313,8119990,2
1,4212887837,0.973777,8120795,5
1,3754032757,0.970261,8121318,1
1,394304881,0.984747,8122817,15
1,1409458541,0.955044,8129810,94
1,3973757951,1.046758,8132307,29
1,187342247,0.988706,8136877,59
1,1159569839,0.905711,8137457,2
1,2887255549,0.899761,8137969,1
1,3313028791,0.970764,8140394,28
1,735985661,0.997556,8145237,63
1,1061757391,0.977281,8147841,31
1,3574134737,0.913227,8152186,56
1,3905612591,0.895954,8154582,28
1,1853065913,0.931753,8155736,10
1,3827570693,0.965215,8157416,18
1,1749541951,1.035974,8158000,2
1,3199190461,0.921743,8159843,20
1,127254793,0.841432,8162787,36
1,2190777461,0.919621,8164206,14
1,641130827,1.054659,8165477,12
1,1253628349,0.984747,8166762,12
1,2073944737,0.944764,8168388,17
1,3087570331,0.922801,8169599,11
1,1802134483,0.975280,8170120,1
1,2026340369,1.086584,8171352,8
1,2417623457,1.005357,8171927,2
1,7509851,0.962175,8172729,3
1,874559887,1.047691,8173393,3
1,3618241141,0.938541,8176445,37
1,515940371,0.902471,8177781,13
1,3844847329,0.980772,8178499,4
1,2581309831,1.010685,8181614,38
1,287897209,0.936979,8186592,65
1,2705298839,1.002925,8187322,4
1,2023951,0.975280,8188294,8
1,87541171,0.838525,8190551,26
1,664091657,1.046758,8192589,23
1,2836396183,0.970261,8193459,6
1,2669625037,0.886641,8195793,27
1,1154385517,0.977281,8196578,5
1,844841209,0.978779,8197366,5
1,754497697,0.961160,8199054,18
1,4101678131,1.035503,8200409,13
1,96839329,1.012616,8201114,4
1,3822009319,0.935414,8201913,5
1,4127395607,0.961160,8205723,48
1,3067382179,1.040677,8207784,23
1,3032569907,0.919090,8211295,44
1,1999531537,0.998534,8212720,14
1,1669777409,1.012133,8214468,19
1,922046599,1.012133,8216791,27
1,13402607,0.997556,8227848,152
1,487633721,0.922801,8228833,8
1,3035037433,1.040677,8230190,13
1,560980103,0.910550,8232226,23
1,2089517987,0.885539,8232877,3
1,1678958629,1.012616,8234558,18
1,1649544761,0.970261,8238691,53
1,401236273,0.965215,8240390,18
1,879230171,0.991172,8241122,4
1,2464502897,0.919621,8241976,6
1,2060926961,0.978779,8243406,14
1,526478081,0.950945,8245585,25
1,1055969989,0.860369,8246589,8
1,2140014143,1.000488,8251670,66
1,1213147567,0.862070,8254369,32
1,1617717847,0.973777,8255726,13
1,1964788867,0.955044,8256512,5
1,2172009503,1.097761,8262121,74
1,1584689671,0.957597,8263674,16
1,3131782153,1.043488,8267689,51
1,136920191,0.997556,8268199,1
1,884603773,0.938541,8271852,46
1,3788264407,0.961160,8273566,14
1,261423557,0.906789,8274372,5
1,140977063,0.877786,8276826,27
1,3455342857,0.977281,8278824,22
1,1694826083,0.919621,8282929,52
1,156504181,1.069371,8285453,30
1,3232145261,1.004871,8285964,1
1,174541039,0.975280,8287811,20
1,2437956113,1.025552,8288802,8
1,3892738501,1.047691,8289308,1
1,1486513661,1.031250,8291082,19
1,1537418747,0.978779,8291599,1
1,3575354221,1.073928,8292399,5
1,2038006939,0.920152,8293898,15
1,924377743,0.911622,8295454,16
1,2815372723,0.921743,8296459,8
1,3511070593,1.002925,8298178,18
1,3654546437,0.922801,8299388,11
1,2307235559,0.978779,8299908,1
1,3679072139,1.019344,8302862,36
1,1053246277,0.977281,8303369,1
1,697939051,1.002925,8303948,2
1,1978856149,0.997556,8305097,10
1,3612519221,1.007782,8307632,30
1,3579503821,1.008267,8309538,21
1,1135542413,1.054659,8312210,32
1,3965616253,0.946313,8313071,6
1,2587527587,0.965215,8314357,12
1,1434315307,1.100870,8317399,37
1,2314545437,0.927551,8318968,16
1,2974610791,1.009718,8320183,11
1,1885426381,1.025552,8321322,10
1,3154827353,1.040677,8322117,5
1,3627168511,0.981270,8324724,31
1,4155415403,1.031250,8326783,23
1,3267493081,1.012616,8327294,1
1,3041733689,0.913227,8328509,11
1,2254585247,0.895954,8329857,13
1,1877653879,0.928078,8331492,17
1,73809283,1.012616,8339750,112
1,1818894967,0.957597,8343707,50
1,1230228383,0.984747,8346448,33
1,1155096031,0.984747,8347104,3
1,4047236647,0.935414,8351692,59
1,3734891513,0.969758,8352431,4
1,334476889,0.857526,8354262,20
1,2468063687,0.946313,8356808,30
1,3516949483,0.984747,8358291,15
1,1219198481,0.928078,8359780,15
1,3643350049,0.962683,8360776,8
1,2705147303,1.002925,8361913,10
1,2427315817,0.885539,8362779,6
1,1963528453,0.970764,8363704,7
1,3740002793,1.005357,8367293,45
1,757955203,1.050483,8370463,39
1,1727033171,0.897588,8372856,28
1,3291329539,0.970261,8374333,15
1,279168499,0.965215,8375327,8
1,1988160071,0.946313,8379385,46
1,3362508119,0.963190,8381332,21
1,1509762599,1.067086,8383320,22
1,3499211321,0.893772,8386288,36
1,1857381949,0.991172,8388758,29
1,4263493369,0.954533,8389629,6
1,557236913,0.969758,8390966,13
1,4124313833,0.907865,8393011,23
1,1016576317,0.902471,8394012,8
1,639800443,1.058356,8398281,55
1,657174569,1.046758,8399199,7
1,3077484251,0.988706,8400347,10
1,486049433,1.114973,8402802,29
1,3982165807,0.904092,8403318,1
1,1046110129,0.975280,8404957,17
1,1239321871,0.886090,8406313,13
1,694894297,0.934370,8408516,25
1,1660702399,1.024123,8414489,79
1,101974589,1.118907,8418485,51
1,974207111,0.988706,8421214,33
1,2035608331,0.942176,8422578,13
1,2765856017,0.853531,8428382,77
1,199384433,0.952484,8430985,31
1,2184762691,0.984747,8432256,12
1,3663172313,1.022214,8432838,2
1,1253370497,0.927551,8435579,33
1,3741824623,1.040677,8436389,5
1,2509429031,0.960652,8437967,16
1,2756991019,0.974780,8440155,25
1,1133788091,0.952484,8441017,6
1,3039896603,0.945797,8443339,27
1,4165347239,1.010685,8446085,33
1,390613427,1.007782,8447708,17
1,1416541051,0.988212,8448647,7
1,819641311,1.033615,8449796,10
1,2737986617,0.970764,8452047,26
1,502994867,1.012616,8454650,31
1,3248661313,0.820275,8456960,27
1,2375947463,1.089725,8460008,37
1,495347449,0.957597,8460797,5
1,695379463,1.196104,8461859,9
1,4205663687,0.954533,8465514,46
1,2505918347,0.928604,8467780,26
1,2078418077,0.913227,8468796,8
1,830255057,0.965215,8469583,5
1,2847370333,1.007782,8470810,11
1,4116418627,0.988212,8471753,7
1,27367199,1.013098,8476027,55
1,3017298593,0.910550,8479346,38
1,333110411,1.093303,8480910,14
1,3628557419,0.945280,8484152,40
1,3173937619,0.957597,8485086,7
1,2142970769,0.991172,8485817,4
1,1532422189,0.895954,8491619,75
1,392135929,0.987223,8492212,2
1,312680311,0.969758,8492860,3
1,2686915261,0.952484,8493436,2
1,904074383,0.965215,8494083,3
1,104579147,0.862070,8495422,13
1,3741109507,0.928078,8495940,1
1,585733903,1.076198,8496588,3
1,840862573,0.944764,8501175,59
1,802779671,0.957597,8504143,36
1,2483792989,0.975280,8504728,2
1,3984243491,0.860369,8506012,12
1,322942511,1.069371,8507021,8
1,2013126799,0.946313,8507681,3
1,1068137123,0.997066,8508412,4
1,1935769877,0.940101,8509618,11
1,3871802401,0.998534,8510123,1
1,2597925251,0.919621,8513720,45
1,284121973,1.046758,8515899,25
1,2237057741,0.970261,8516479,2
1,3218721859,0.950945,8517837,13
1,1424200303,0.977281,8520511,32
1,506058073,0.938541,8521647,10
1,1195788961,0.990186,8528867,97
1,2906467757,1.025552,8530998,24
1,1600039621,0.924387,8532209,11
1,1329932299,1.083884,8535497,41
1,480995689,0.997066,8536209,4
1,453149057,1.098205,8536974,5
1,3136508549,0.987223,8538111,10
1,1818105043,0.868840,8541195,38
1,10514731,1.039738,8542022,6
1,1648695079,0.904092,8552258,140
1,2041450889,0.919621,8557312,66
1,3514171823,1.090621,8558893,16
1,2897662927,1.019344,8560682,19
1,242683801,1.113220,8561473,5
1,366939641,0.944247,8562616,10
1,2134808941,0.988706,8565739,38
1,3629171827,0.962683,8566384,3
1,1019560051,0.914830,8568148,19
1,3582093583,1.029829,8569075,7
1,2361354673,1.025552,8570077,8
1,2907385147,1.054659,8573813,47
1,596181979,0.998534,8574888,9
1,2234874539,0.872205,8575400,1
1,3480018499,1.136229,8577253,20
1,3676462583,1.039268,8577778,1
1,467019383,0.910550,8579688,21
1,3278954069,0.970764,8582511,30
1,3912988843,1.044423,8583595,9
1,1937542153,0.997066,8586445,25
1,221688301,0.944764,8588180,17
1,520576409,1.007782,8589738,16
1,460773821,0.934370,8591293,16
1,3994083133,0.991172,8592019,4
1,1730693851,1.043488,8595186,39
1,4014015281,0.903552,8599248,52
1,1811748649,0.970764,8603528,55
1,1477628111,0.919621,8604035,1
1,2647509257,0.988706,8607828,48
1,3969602617,0.978779,8611060,40
1,3163165501,0.991172,8614367,41
1,15216407,0.961160,8615771,14
1,2061643783,0.956066,8616417,3
1,3865892951,0.984747,8617974,16
1,2520016537,0.965215,8621776,48
1,16147163,0.873883,8622623,6
1,2599408403,0.991172,8626132,44
1,572247391,0.991172,8629522,42
1,143506567,1.027455,8630232,4
1,863214421,0.960652,8631653,14
1,1822032439,0.927551,8633342,18
1,2090735747,0.877229,8636433,38
1,1625041841,0.997556,8637288,6
1,2013102701,1.070284,8637876,2
1,1845741959,1.029829,8640338,29
1,33765283,0.910550,8641535,11
1,3014267639,1.039738,8642050,1
1,3609359009,0.899761,8643252,11
1,1593571729,0.988706,8646629,42
1,4032149609,0.994614,8652853,83
1,2067398111,0.920152,8654146,12
1,2150029573,0.957597,8656178,23
1,2074332289,0.877229,8659134,36
1,4276988447,1.027930,8660631,15
1,1343776139,0.913227,8661483,6
1,1741150039,0.952484,8663119,17
1,2333812571,0.844329,8664186,9
1,2497385171,0.931753,8668503,55
1,1511301383,0.928078,8669493,8
1,1983128561,0.938541,8672720,40
1,3413280287,0.858096,8673372,3
1,290880521,0.988706,8673941,2
1,3000312661,0.948889,8674805,6
1,211156741,0.969254,8676777,22
1,1716474449,1.018386,8677562,5
1,3482244749,1.020302,8678357,5
1,2888252743,0.953509,8679078,4
1,3608596219,0.944764,8680017,7
1,1485350719,1.072107,8680528,1
1,3647670589,0.965215,8681110,2
1,2154014309,0.983258,8681762,3
1,32887069,0.895409,8682395,3
1,2609562511,0.916963,8683931,11
1,3258939197,1.003899,8685017,7
1,4204364951,0.931753,8685617,2
1,4149955093,1.043488,8686769,10
1,1722827537,0.906789,8687548,5
1,238099087,0.961160,8689523,22
1,7255681,1.089725,8690072,2
1,1851029591,1.005357,8691489,14
1,77047237,0.984747,8692757,12
1,3656321423,0.977281,8693482,4
1,1384864073,0.903011,8694685,11
1,4289562091,1.032197,8696955,26
1,1540885057,0.920152,8698368,14
1,2806792033,0.868840,8700762,28
1,931758721,0.944764,8701888,10
1,894706381,0.959126,8703088,11
1,2088439733,0.950945,8703752,3
1,1593273943,0.895954,8706076,26
1,3257740669,0.984747,8706966,6
1,618583447,0.920152,8710197,40
1,2400181109,0.984747,8711723,15
1,2712244673,0.880563,8713214,15
1,2960172167,0.963190,8714066,6
1,4150942681,1.078012,8715070,8
1,685921721,0.931753,8716826,19
1,1690983277,0.965215,8718040,11
1,1630402133,0.968750,8719814,19
1,2806007189,0.925443,8721305,15
1,3022601437,0.914830,8724124,34
1,3224256179,0.975280,8725412,12
1,3330568723,0.952484,8729190,48
1,1917932683,0.872205,8732151,36
1,940420829,0.986233,8732807,3
1,3706743727,0.903011,8733952,10
1,84772801,1.040677,8734440,1
1,2285123857,1.029829,8735076,3
1,2986907587,0.963190,8736139,9
1,3057410413,0.970261,8737492,13
1,1218285007,0.895409,8738074,2
1,1252403587,1.000488,8738726,3
1,1127612413,0.907865,8741267,30
1,1962589309,1.022214,8742482,11
1,1001078461,0.938541,8748034,73
1,2030422799,0.846639,8750220,25
1,895416953,0.965215,8750740,1
1,4019406317,0.984747,8751259,1
1,2216402921,0.975280,8752051,5
1,820119767,1.000488,8753812,19
1,1972707589,1.020780,8756812,36
1,2378269697,0.946313,8757804,8
1,1042833797,0.956066,8758745,7
1,2912903677,1.033615,8759335,2
1,2719486619,0.946313,8760325,8
1,2786269771,0.877786,8761465,10
1,1157938591,0.880563,8762683,11
1,3707674643,0.931753,8767194,58
1,2831428199,1.042552,8767841,3
1,3943923743,0.961160,8769392,16
1,1151465897,0.947859,8776213,91
1,301827619,0.991172,8777066,6
1,3620559167,0.957597,8778914,20
1,4114124783,0.934370,8780565,17
1,3692968693,1.068458,8781360,5
1,2090383831,0.936979,8782438,9
1,3201135541,0.880563,8783868,14
1,2936379841,0.931753,8786350,25
1,1257643447,0.904092,8787390,6
1,18022153,0.829745,8788467,9
1,3274878913,0.922801,8789748,12
1,115559471,0.906789,8791375,17
1,2584117213,0.922801,8792170,5
1,3434264467,1.067086,8794082,21
1,3377174453,0.969758,8795455,13
1,1279014991,1.050483,8796521,9
1,174289751,0.944764,8797373,6
1,3921088741,0.973777,8799624,26
1,2289149969,1.054659,8800121,1
1,3662920169,0.990679,8802314,25
1,724248157,0.993141,8803107,5
1,1907544497,0.969758,8804038,7
1,4193551207,0.888841,8808971,64
1,32248583,0.983258,8810017,9
1,191883817,1.039738,8812053,23
1,150984833,0.952997,8813319,12
1,239675089,1.007782,8814240,7
1,2489293907,0.948374,8815387,10
1,4258126487,0.899761,8817041,17
1,3579111413,0.945797,8822413,70
1,2608056079,0.978779,8824532,24
1,2432090677,0.961160,8825876,13
1,1835226103,0.981270,8828489,31
1,505511857,0.960652,8829065,2
1,1930769129,1.010685,8829719,3
1,2389484663,0.942176,8832332,31
1,383083223,0.993141,8833966,17
1,1040181209,1.105738,8835398,14
1,2908134667,0.975280,8836684,12
1,3656230379,0.935414,8841291,59
1,1070264843,1.061581,8842857,16
1,2304933313,0.956066,8844687,20
1,1566290413,1.025076,8845776,9
1,1951189267,1.010685,8847826,23
1,419591519,0.962683,8850309,29
1,1281334751,0.978779,8853481,39
1,468880589,0.848942,8855333,20
1,3432111989,0.998534,8860266,64
1,4137701039,1.018386,8862533,26
1,3964960889,0.895954,8863461,7
1,2129110237,0.991172,8864398,7
1,333441967,0.914830,8865202,5
1,707324377,1.120651,8869332,53
1,2034929891,0.872765,8870475,10
1,1759860491,0.997066,8871125,3
1,232216013,0.994614,8873169,23
1,432227009,1.035503,8873665,1
1,2812988327,0.991172,8875091,14
1,265500817,0.886090,8875657,2
1,2872775993,0.993632,8876800,10
1,2091206419,0.981270,8877883,9
1,2936921837,0.987223,8878473,2
1,4291895653,0.922801,8879266,5
1,892792991,0.942176,8882512,40
1,264916801,1.033615,8883356,6
1,2488099553,0.973777,8884640,12
1,3200690897,0.969758,8886131,15
1,2578774609,0.965215,8889784,40
1,2224439183,0.886090,8890826,8
1,2454196937,0.914830,8895443,60
1,3907337741,0.977281,8900352,64
1,3104316217,0.927551,8901488,10
1,3284458889,0.969254,8904115,31
1,4281318103,0.983258,8908982,63
1,1548366733,0.912693,8914929,79
1,1910852771,0.952484,8916552,17
1,1328861003,1.002438,8918959,28
1,436917577,0.880563,8920161,11
1,3431208919,0.897588,8923109,36
1,550217831,1.031250,8924033,7
1,426144463,0.902471,8927202,39
1,1421499593,0.994123,8928058,6
1,3628433191,0.973777,8930946,35
1,730543927,0.877229,8932017,9
1,1227400331,1.018386,8933221,11
1,3131218801,0.864332,8936810,45
1,336639497,0.995105,8943645,92
1,2448245081,1.062959,8944289,3
1,2829932431,0.978779,8947610,41
1,853144837,0.885539,8948265,3
1,500939909,1.018386,8951711,43
1,2498697167,1.012133,8957945,83
1,1011807847,0.970764,8958878,7
1,3227918459,0.970261,8960146,12
1,40600463,0.962683,8960718,2
1,3595481237,0.941657,8965409,61
1,3148852673,1.040677,8969833,57
1,330135061,0.885539,8970478,3
1,1642987369,0.993141,8971281,5
1,2131651013,0.904092,8974368,38
1,3009002951,1.035503,8975235,6
1,3543589409,0.938541,8975883,3
1,2436088859,0.931753,8981400,73
1,2074097237,1.027455,8982542,10
1,1117551779,0.895954,8984816,26
1,3933427217,0.885539,8985967,10
1,3880850629,0.928078,8986614,3
1,3965430481,1.012616,8987340,4
1,2961803807,0.908940,8988627,12
1,1168415719,0.999023,8993388,55
1,3986986873,1.029829,8993938,1
1,1903146461,0.895409,8995718,19
1,2605501879,0.977281,8998532,34
1,65079821,0.908940,8999021,1
1,1386286817,1.040677,9005241,83
1,562015241,0.954533,9006240,8
1,1211613563,0.921743,9007872,17
1,2313534637,0.928078,9009441,16
1,233365007,0.984747,9015258,77
1,3742822199,0.944764,9017468,25
1,2704254317,1.070284,9018606,10
1,2039980069,0.981270,9022711,52
1,200321909,0.981270,9025316,31
1,705605137,0.965215,9025824,1
1,1144578103,0.997556,9027664,20
1,348978979,1.057894,9028521,6
1,4151145919,0.997556,9029117,2
1,101169311,0.853531,9029825,4
1,110753791,0.980772,9031601,19
1,3189611329,0.962683,9037068,72
1,1837932311,0.884436,9038140,9
1,914665139,0.974780,9040456,27
1,3054601153,0.997556,9043122,32
1,335017897,0.993141,9044123,8
1,544065997,1.073928,9045326,11
1,4091732483,1.033615,9046677,13
1,1108180769,0.858664,9048588,21
1,3782948899,1.055121,9050010,14
1,2550503899,1.015985,9053793,48
1,2264598857,0.927551,9057895,52
1,3752362069,1.111464,9060425,30
1,3503419321,1.111464,9061992,16
1,58037773,0.885539,9062906,7
1,1262763581,0.981270,9063416,1
1,2369970521,1.073928,9063991,2
1,1183823527,0.869402,9066116,24
1,1368956363,0.997556,9066626,1
1,2358473239,0.993141,9070552,50
1,688779353,0.952484,9071472,7
1,483288437,1.005357,9076174,61
1,189555983,0.904632,9077167,8
1,2599714811,0.906789,9078117,7
1,2203712149,0.977281,9079340,11
1,2146631897,0.989199,9081534,25
1,3873422461,0.982762,9084442,35
1,1128577187,0.957597,9087050,31
1,186641437,0.950945,9087978,7
1,3745756031,0.913227,9088717,4
1,693098849,0.950945,9090207,15
1,3651169079,1.083884,9094247,45
1,1466153719,0.988706,9095073,5
1,981434197,0.942176,9097688,31
1,46907261,0.985738,9099592,21
1,1843438813,0.956066,9100112,1
1,3962942587,1.004871,9101533,14
1,4138060361,1.055121,9102877,13
1,1935514517,0.919621,9104853,22
1,3670252181,0.979277,9106137,12
1,1685622151,0.910550,9106853,4
1,149957419,0.973777,9111797,64
1,897630257,0.987223,9114171,28
1,2084043113,1.061581,9116085,21
1,508212479,1.055584,9118065,22
1,2787782243,0.962683,9119339,12
1,3747743501,0.920152,9123133,48
1,3541201343,1.020302,9124552,14
1,2328531169,0.969758,9126945,28
1,3966482027,0.880563,9127464,1
1,3171045181,0.808282,9131665,54
1,2559368957,0.919621,9132461,5
1,4143004867,1.046758,9132978,1
1,1263903071,0.944247,9136997,51
1,2946646169,1.073018,9138058,9
1,542996239,0.946313,9139337,12
1,2441568167,1.027930,9141682,27
1,2330835137,0.897588,9142681,8
1,1571743583,0.878342,9146009,41
1,1325012567,0.970261,9147079,9
1,649522399,0.931753,9148015,7
1,1528382873,0.852386,9149356,13
1,653825311,0.895409,9153214,49
1,405032339,1.029829,9153719,1
1,404259697,1.007782,9154837,10
1,3105382723,0.864897,9156113,12
1,2982217999,1.036916,9158569,29
1,912177523,0.946313,9160336,19
1,798030539,1.013098,9161059,4
1,3456624737,0.869402,9164451,42
1,1477124911,0.950945,9165235,5
1,659252089,0.893772,9165955,4
1,1826224027,0.902471,9166616,3
1,2731498421,1.032197,9167554,7
1,476319763,0.913227,9168258,4
1,2957984593,0.928078,9173242,65
1,3561570433,0.911622,9174091,6
1,794723273,0.978779,9174815,4
1,1681112453,0.903011,9175614,5
1,2768243041,0.946829,9180465,63
1,3241248319,0.960652,9180974,1
1,1870802189,0.950945,9185109,53
1,4224563183,0.848367,9187733,31
1,455984159,0.969254,9188587,6
1,2893882729,0.970261,9193562,64
1,2499006221,1.068458,9206269,170
1,4172048411,0.997066,9207010,4
1,1715418937,1.020302,9209540,30
1,2149718407,0.907327,9210248,4
1,3640774087,0.944247,9211109,6
1,382750793,0.974780,9212440,13
1,3284794753,1.090621,9213654,11
1,2185784371,0.952997,9214861,11
1,443709887,0.973777,9215653,5
1,3844830203,0.994614,9217911,26
1,2533973843,0.903011,9222274,56
1,2884212959,0.914830,9223072,5
1,3791337761,1.077106,9227078,51
1,3332481869,1.063419,9227585,1
1,206406247,1.025552,9229904,27
1,1028397197,0.969758,9231938,23
1,3556800329,0.973777,9233346,14
1,2556262349,0.973777,9234423,9
1,3175967411,0.895954,9235782,13
1,1943624819,1.068458,9236578,5
1,3095737787,0.907327,9237522,7
1,2502254273,0.970261,9242768,69
1,3800233691,0.938541,9243845,9
1,2447222447,0.950432,9244502,3
1,1315341721,1.000488,9245495,8
1,1814898439,0.944247,9252425,93
1,3144013361,0.885539,9257684,69
1,1356062629,0.946829,9260798,38
1,2799772867,1.048157,9261513,4
1,1018379189,0.891584,9263427,21
1,2701707727,0.962683,9265135,18
1,513766009,0.990186,9267108,22
1,871408249,0.935936,9268947,20
1,250679057,1.040677,9271958,37
1,3766781329,0.919090,9274336,28
1,2517346129,0.919621,9275401,9
1,3165602581,0.910550,9276901,15
1,2540338793,1.005357,9277835,7
1,3508598761,0.919621,9279459,17
1,1894473587,1.012616,9280186,4
1,3699374521,1.055121,9282031,20
1,2890055989,0.971267,9282821,5
1,3575225323,1.012133,9283762,7
1,1495095907,1.047691,9285596,20
1,2771984339,1.071652,9286396,5
1,73455673,1.027455,9287933,16
1,2596415167,0.944247,9290331,28
1,3958323569,0.980772,9291200,6
1,1347914221,0.887192,9298258,91
1,4148897509,1.024123,9300305,21
1,1984147507,0.902471,9303293,36
1,1835075771,0.940101,9305195,21
1,1484543713,1.037387,9308076,35
1,2561814599,1.039738,9308649,2
1,3042247177,0.970261,9310122,15
1,92537603,0.973777,9311651,16
1,464491123,0.997556,9312795,10
1,763027501,0.994614,9314206,14
1,791627407,0.960652,9314795,2
1,71774657,1.068458,9315850,9
1,2902569881,1.000488,9318253,28
1,3698760973,0.970261,9319880,17
1,39033889,0.996576,9323229,42
1,213489443,0.853531,9325268,23
1,2246108831,0.971267,9326900,17
1,3059989187,1.126301,9327633,4
1,2206341113,0.871645,9328694,9
1,695297633,1.127168,9334364,75
1,1706542447,1.007782,9335925,16
1,4008575353,0.952997,9338388,29
1,4147822489,0.952484,9339402,8
1,2267950499,1.025552,9340830,14
1,589617751,0.970261,9341476,3
1,517531739,0.922801,9342193,4
1,1831317721,0.904092,9343261,9
1,48783503,1.025552,9344384,10
1,3486109153,0.901929,9345827,14
1,3866931371,0.895954,9347953,24
1,1160629751,1.073928,9348680,4
1,1470006409,0.962175,9355362,89
1,1937599889,0.920152,9359992,60
1,2472320311,0.946313,9366182,82
1,220627691,1.014061,9368977,34
1,197668643,0.927551,9370937,22
1,1476935359,0.862070,9371588,3
1,1644769513,1.044423,9375096,44
1,1717006883,0.944247,9375678,2
1,3394977211,0.961160,9376766,9
1,471283037,0.987223,9377479,4
1,3343258621,0.914830,9381430,50
1,2503698199,0.960652,9382500,9
1,2565274469,0.956066,9384915,28
1,1590255637,0.914830,9391482,88
1,1597106971,0.886641,9393199,18
1,972874109,0.994614,9395681,29
1,2928034913,1.063419,9396539,6
1,2575782511,1.040677,9398875,27
1,861973991,0.952484,9401793,30
1,723504797,0.977281,9402681,6
1,2826381127,0.936979,9404249,16
1,844551179,1.094196,9406081,20
1,2333546087,0.957597,9408121,23
1,3412706839,1.025076,9409342,11
1,1720384541,0.965215,9410418,9
1,912614653,1.070284,9411417,8
1,3713716057,0.975280,9413536,24
1,867520333,0.886090,9414535,8
1,2772206387,0.898675,9420732,82
1,2754969311,1.070284,9421600,6
1,23959651,0.886090,9423279,18
1,484777067,0.962683,9426295,37
1,3118632533,1.019823,9430650,56
1,1287199841,0.960652,9431223,2
1,109353457,0.857526,9431855,3
1,1511188607,0.886641,9433081,11
1,2008384649,0.988706,9434565,15
1,1899402233,1.003899,9435224,3
1,2384709443,0.969758,9436847,17
1,1802547091,1.086584,9437363,1
1,2117597347,0.975280,9438925,16
1,729776519,1.010685,9440060,10
1,3794092223,1.050483,9443110,37
1,2480558503,0.938541,9443768,3
1,4011935491,1.090621,9444694,7
1,167573353,0.952484,9447997,41
1,3413696309,0.927551,9451506,44
1,426402247,0.973777,9452358,6
1,3074101711,0.952997,9453013,3
1,3828160229,1.104854,9456257,40
1,2226838321,0.929655,9458092,20
1,92795891,0.954533,9459571,15
1,2011349107,0.957597,9460863,12
1,2213156839,0.975280,9461378,1
1,3320720411,1.031250,9462446,9
1,3693071131,1.055584,9465829,42
1,2552005199,0.977281,9466682,6
1,2839576457,1.061581,9468036,13
1,2039439659,0.938021,9472627,59
1,1026698759,0.877786,9473690,9
1,1872557329,0.944764,9474280,2
1,2868041021,1.055584,9475215,7
1,1529946157,0.975280,9476909,18
1,3058712117,0.977281,9477637,4
1,3973004083,1.029829,9478642,8
1,3446653631,0.938021,9481538,35
1,2399520169,0.957597,9483172,17
1,2071589087,1.012133,9484677,15
1,3933852053,1.002438,9489391,61
1,558463879,0.964709,9494011,58
1,3096964853,1.055584,9495243,11
1,279765377,0.947859,9499371,53
1,1080101489,0.965215,9500846,15
1,940899763,0.953509,9501643,5
1,265369183,0.922801,9502925,8
1,3453741041,0.963190,9505355,28
1,2186219311,0.940101,9508641,26
1,3642049729,0.952484,9509965,11
1,2913559189,0.838525,9511455,15
1,3059311873,1.020780,9514176,29
1,1023495541,1.025552,9515244,9
1,3832527833,0.946313,9518140,35
1,3171416671,0.975280,9518661,1
1,1363632661,0.988706,9519513,6
1,3788620337,1.020302,9521479,22
1,1602368839,1.068458,9522269,5
1,3359302633,0.970261,9522786,1
1,2051078453,0.914830,9526719,50
1,3680189927,1.007782,9529537,34
1,3981833663,0.969254,9531524,22
1,2715661999,0.927551,9533296,19
1,2224690537,1.000488,9534848,16
1,2526189277,0.973777,9537684,34
1,2557259449,0.907327,9538204,1
1,212051947,0.947859,9538918,4
1,83326021,1.124132,9539695,5
1,3586106659,1.018386,9540640,7
1,4222665817,0.911622,9545125,58
1,3973082339,1.012133,9546403,12
1,3508823,1.004871,9549962,45
1,3028953661,0.971267,9552146,25
1,1727377081,0.961160,9553783,17
1,4093929691,1.063419,9557653,49
1,456266227,0.950945,9559896,26
1,3356800669,0.993632,9561038,10
1,794549557,0.945797,9561770,4
1,526473683,0.910550,9563044,12
1,1309867541,1.003899,9563972,7
1,2853319421,0.993141,9569390,71
1,4253209099,0.902471,9571176,19
1,1948931849,0.997066,9571757,2
1,967905599,1.025552,9574289,30
1,2271213019,0.878342,9574883,2
1,1698582289,0.928078,9576860,22
1,699145171,0.977281,9578482,17
1,1773744299,0.975280,9580039,16
1,2506960177,0.983258,9581525,15
1,3451437911,1.033615,9582039,1
1,2478980297,0.988212,9585330,41
1,2034878191,0.965215,9588572,40
1,1158126077,1.070284,9590902,27
1,684426971,1.025076,9592524,17
1,1997112413,0.997556,9594706,25
