agent_id,prime,g,timestamp_us,checked_since
0,3881139721,1.032197,0,14
0,4012241819,1.025552,3028,33
0,1397622043,1.019344,3888,6
0,1044091507,0.950432,4609,4
0,2156805967,1.083434,5815,11
0,3638111699,0.816098,8645,34
0,3809861387,1.063419,10067,14
0,3927013253,0.817294,11078,8
0,2767234601,0.971267,12077,8
0,2272665169,1.019823,13354,12
0,2221487533,0.983258,14494,10
0,2794904171,0.880563,18591,52
0,3988974239,0.960652,19114,1
0,3757272517,0.877229,20685,16
0,556259603,0.908403,21329,3
0,2458690187,1.022214,24131,34
0,1291147027,1.024123,25000,6
0,3399037561,1.032197,26064,9
0,1402551097,1.080726,27919,20
0,279782021,1.123697,29892,22
0,3147525989,1.000976,30622,4
0,1429590509,1.006328,32048,14
0,214388201,0.863202,34774,33
0,1087721203,0.827388,35994,11
0,57433069,1.068458,37550,16
0,1843156823,1.014061,40230,32
0,2762941787,1.082983,42039,16
0,576121981,0.851240,44055,15
0,4032570359,1.194061,45361,10
0,274031627,0.908403,50320,64
0,2166829177,0.786234,50823,1
0,619344643,0.884436,52686,18
0,3029038561,0.846639,53276,2
0,3386453393,0.906250,54411,10
0,2472707059,1.071652,57226,34
0,4175644349,0.849517,57887,3
0,4206984109,0.789333,58823,7
0,1302399881,1.116723,60230,14
0,604393919,1.099538,60804,2
0,3478507069,0.860369,61740,7
0,38779123,0.796722,62447,4
0,1626176957,0.897044,64651,25
0,96245311,0.973276,67046,28
0,75971431,1.009718,68743,18
0,2725854541,0.877786,70655,21
0,1685476477,0.888841,72287,17
0,664843579,0.853531,76009,47
0,1285909283,0.848367,76520,1
0,1101134033,0.877229,80100,45
0,1969711507,0.727528,85501,71
0,788379421,0.936979,87948,24
0,3886475287,0.815499,88974,8
0,3654923897,1.093303,89915,7
0,162502661,0.911622,97259,99
0,1027376041,0.932801,101457,54
0,110889973,0.910550,102244,5
0,4182623869,1.094196,104573,27
0,2046778681,0.933847,107324,33
0,171744317,1.068458,108452,10
0,1066557391,1.075291,109178,4
0,4075006967,1.012616,109916,4
0,953966527,1.019823,110643,4
0,2988520261,0.923859,111218,2
0,1580503427,0.908940,119405,109
0,1281348643,0.820275,120000,2
0,241530767,0.938541,125729,76
0,2342360729,1.064337,128565,34
0,4063281037,0.973276,129711,10
0,894066079,0.792420,130570,6
0,2960298079,1.003899,131997,14
0,286638641,0.978779,133187,11
0,3973927619,0.851240,135508,27
0,3416877767,0.946829,136732,11
0,4258702781,0.955044,137252,1
0,3777916019,1.033615,138745,15
0,1537490501,1.101313,140026,12
0,2443083551,0.981767,142706,32
0,3812438999,0.846062,145824,38
0,344817779,0.944247,147237,14
0,821273477,1.098205,151654,57
0,694403389,0.973777,153144,15
0,3076977931,0.969254,155198,23
0,3202831271,0.882225,158035,34
0,2113888331,1.095534,163030,65
0,3960869711,0.875558,163748,4
0,1759621181,0.848367,164889,10
0,952914253,0.813101,167358,29
0,344715109,0.973276,168632,12
0,2149173833,0.755837,169755,10
0,3525143621,1.097761,171589,20
0,1561127063,0.973276,175752,53
0,2077099127,1.037387,176412,3
0,3021557177,1.037387,177057,3
0,3329256079,0.940101,179105,23
0,2461749061,0.719429,179902,5
0,3339298577,0.822059,181311,14
0,2605555333,1.004871,182310,8
0,160539529,1.008267,184703,28
0,2315872907,1.039268,185980,12
0,3231631961,0.851240,186767,5
0,660603611,0.858664,188538,19
0,2712974101,0.888841,189047,1
0,3588092017,0.888841,194027,48
0,3786075521,0.950945,195242,7
0,2869149281,1.244519,198421,38
0,3096272593,1.000976,199499,9
0,2552984849,0.907327,200426,7
0,3791677777,0.938541,201832,14
0,1899186853,1.180076,202549,4
0,168929129,0.950945,203114,2
0,2066914177,0.849517,204458,13
0,3752464129,1.073928,206640,25
0,791084897,1.004871,207641,8
0,3890777941,0.899761,208373,4
0,143451103,0.877229,209225,6
0,2634591719,0.864897,212038,34
0,4213454207,1.063419,213532,15
0,1355074603,0.944247,214228,3
0,531029327,0.932801,216061,19
0,2494102579,0.721462,217060,8
0,59049961,1.012133,221724,61
0,3505542311,1.039738,223916,25
0,403786003,1.016946,224549,3
0,475281229,0.820275,225053,1
0,1990367909,1.118471,229327,55
0,1036798727,0.889391,230534,11
0,3530505623,0.875558,231616,9
0,107056493,0.955044,232253,3
0,1167356503,1.032669,233677,14
0,3409018549,1.180076,235096,14
0,2839899547,1.163407,237832,33
0,2014028069,0.950432,238966,10
0,818501977,1.039268,243573,60
0,3628773773,0.884988,244088,1
0,3764759437,1.002438,246137,23
0,2961045299,1.016466,249455,37
0,3731907107,0.950945,251385,21
0,1417373831,0.827388,253103,16
0,3128576279,0.882225,254333,11
0,669064973,0.761629,256440,24
0,232394549,0.815499,259045,31
0,2714150611,0.969254,260621,16
0,3438640637,1.081178,262683,23
0,911916851,1.012133,263971,12
0,3642196801,0.975280,264823,6
0,2832374569,0.815499,267847,37
0,4018722997,0.970764,270406,30
0,4046083367,0.975280,272870,29
0,3751451723,0.972774,273811,7
0,1632913397,1.078012,274391,2
0,167556943,0.975280,275249,6
0,2187385133,0.940101,276943,18
0,1556006509,1.101313,278016,9
0,132415187,0.688210,280545,30
0,3583168279,0.818488,281546,8
0,2225087173,1.220752,284907,42
0,4006016431,0.872205,286333,14
0,1277758289,1.001951,287957,17
0,2326130503,0.993141,291051,38
0,2571395303,0.792420,294437,37
0,1032976949,1.066170,295843,1
0,3545622859,1.066170,297570,16
0,1054235593,0.949404,300222,30
0,1155321773,1.127168,304660,57
0,2582366747,0.978280,305871,11
0,230615843,0.670966,307997,24
0,386608433,1.008267,309190,11
0,1015104319,0.854675,311087,21
0,2991203311,0.960652,315373,55
0,3651117347,0.662176,316025,3
0,2732825507,1.014061,320291,55
0,2132872877,0.975280,321716,14
0,3686334163,0.796722,322796,9
0,3031903031,1.039268,324373,16
0,695885237,0.844329,325025,3
0,1476230047,1.171771,326316,12
0,120204199,0.983258,326961,3
0,3312724111,1.125000,327826,6
0,183669911,1.068914,331749,50
0,4165890451,0.925971,332755,8
0,4114473133,0.700167,333278,1
0,708344069,0.899761,333927,3
0,2596704079,1.146496,337730,48
0,4031797141,1.062959,338377,3
0,4088988151,0.976781,338900,1
0,1353714757,0.987223,342192,41
0,3346664227,0.942176,343189,8
0,4152891643,0.981270,343842,3
0,2999808883,1.102642,344714,6
0,1331604121,0.942176,345225,1
0,4031956387,0.882225,347969,33
0,2384882953,1.066628,349047,5
0,3339945131,1.139661,349782,4
0,4207847989,0.997556,353099,41
0,2596523569,0.883883,357020,47
0,333266627,0.869402,360985,50
0,447200233,1.105296,362543,16
0,2435131267,0.858664,363900,13
0,226616497,0.910550,364604,4
0,2803652773,1.003899,366309,18
0,3280134251,1.142229,366892,2
0,4098486653,0.882225,368806,21
0,2913272137,0.950945,369865,9
0,664744273,1.002438,370380,1
0,3711049721,0.844329,371318,7
0,326308417,0.880563,373064,19
0,2562964741,0.836193,373927,6
0,2068613111,1.015505,374584,3
0,793038989,0.815499,375790,11
0,3390818933,0.987223,379875,52
0,2781306823,0.946313,380818,7
0,2038782413,0.815499,381540,4
0,2827469009,0.942694,382253,4
0,1064651629,1.054659,385363,38
0,344240887,1.101313,386083,4
0,2021340323,0.940101,386665,2
0,1465363789,0.914830,391015,56
0,2315308717,0.987223,391943,7
0,439260673,0.846639,396504,55
0,1717239233,1.068458,401543,48
0,1756263661,1.067086,404055,27
0,57725329,0.760987,405033,8
0,1094791699,0.925971,406998,22
0,2380626967,1.035031,408069,9
0,541139527,0.851240,409049,8
0,546683629,0.849517,410461,14
0,3428283811,1.031723,413835,42
0,2015582449,1.183381,414560,4
0,13150391,1.062500,415607,9
0,2763349333,1.031723,416963,13
0,521805451,1.061581,419004,23
0,1211901401,0.950432,421259,26
0,2695936589,1.047225,422600,13
0,689389667,0.786855,424568,22
0,2699633137,0.993632,430181,74
0,4126762483,1.099538,431120,7
0,2592156059,0.888841,433927,34
0,1126395709,1.102642,435361,14
0,1875647311,0.893772,436579,11
0,1914191933,0.914830,438555,22
0,185152481,1.117160,440161,17
0,2492314921,0.962683,440886,4
0,1619678513,0.879453,441526,3
0,3482819017,0.705032,445238,47
0,1228755211,1.075745,446093,6
0,1425163109,0.851240,448584,29
0,1541748701,0.707797,453216,50
0,3919529701,0.862070,455081,20
0,763307341,0.743461,456164,9
0,3422454929,0.860369,457161,8
0,1631951141,0.813101,461508,43
0,979687091,0.758416,463391,19
0,3446601583,0.730208,466887,43
0,3241198703,1.098205,468855,22
0,2294999783,0.964709,470148,12
0,3802394597,0.846062,471928,19
0,637092583,0.988706,473635,18
0,649773899,1.078917,474838,11
0,2847911047,0.813701,475632,5
0,18102709,0.784369,477649,23
0,169995773,0.886090,478155,1
0,8862571,0.935936,483178,66
0,3233943631,0.783746,484652,15
0,23711201,0.970764,486481,20
0,667447967,1.068458,487548,9
0,520218877,1.008267,488125,2
0,2087763817,1.064795,490657,30
0,2824058449,1.113658,491650,8
0,1511128609,1.163407,494110,29
0,1341964523,0.799169,495675,16
0,2816265943,0.781875,496661,7
0,618179923,0.938021,498146,15
0,3889688741,1.091963,501070,23
0,4258706779,0.948374,502417,11
0,994837237,0.977281,503833,14
0,3440989187,0.808886,504615,5
0,354007447,1.050483,505191,2
0,1140649583,1.077559,508370,39
0,369861893,0.893772,509700,13
0,2257127489,0.984747,512293,31
0,145718717,0.912157,512949,3
0,2064531059,0.969758,514161,11
0,1286464079,1.187911,515438,12
0,66809597,1.141374,519586,53
0,3836867563,0.869402,521227,17
0,222157237,1.151171,522012,5
0,1754863543,1.125434,524428,28
0,2303099899,0.825615,527667,40
0,1340315419,0.811899,531208,44
0,3630236341,0.977281,531851,3
0,4177537471,1.046292,534753,35
0,1519829449,0.975280,535755,8
0,4003443553,0.866589,536557,5
0,2720106979,0.834439,537827,12
0,3117631681,0.883883,542114,55
0,517184543,0.970764,543111,8
0,912233867,0.997556,543763,3
0,3856412671,1.043020,544850,9
0,4201189721,0.884436,545503,3
0,2269472563,0.876115,547411,21
0,2947514369,0.888841,548474,9
0,737484997,0.862070,549964,15
0,3105372187,0.789333,550541,2
0,1029818459,1.008267,551720,4
0,710402471,0.952484,552542,5
0,4160393089,0.941657,553614,9
0,4181986663,1.223947,555043,14
0,630119099,0.971267,556777,16
0,2430114347,0.883883,558494,18
0,3171354869,1.037387,564242,76
0,1778381351,0.920152,566230,22
0,555788699,0.792420,566870,3
0,3944955341,0.970764,567887,8
0,2770315693,0.880563,568895,8
0,664592179,0.846062,569549,3
0,1388748733,0.755837,572432,35
0,830774509,0.968750,573506,9
0,659221951,0.942694,575708,25
0,3486605173,0.924387,576575,6
0,1720410287,1.064795,579045,29
0,1262232749,1.095980,579692,3
0,503019799,0.846062,580207,1
0,86565103,0.938541,581754,16
0,310834343,0.884436,582684,7
0,2932398121,0.813701,583818,10
0,3973693099,0.973276,584902,9
0,2351255821,0.827978,585682,5
0,1818308357,1.000488,587098,14
0,1447211401,0.942694,588581,15
0,2125131641,1.009718,592601,51
0,346254193,1.043020,595210,31
0,3613028501,1.054196,596139,7
0,2375174843,1.012616,596934,5
0,452373973,1.031723,597654,4
0,3564947459,0.913227,598446,5
0,3814929637,1.137517,599958,11
0,823417993,0.941657,606546,72
0,1248021413,0.927551,607237,1
0,3157200127,0.930180,608173,7
0,2019503051,0.725512,610087,21
0,3617541749,1.007782,612066,22
0,3367662307,1.062959,613561,15
0,2969497793,0.882225,614427,6
0,1027741139,0.892679,615153,4
0,3225712703,1.183381,617479,27
0,758130523,0.934370,618195,4
0,4175897081,1.239408,624169,79
0,2900491537,0.869402,626000,18
0,3791569291,0.877786,626863,6
0,3151679803,1.002438,629487,31
0,662607163,0.829745,632508,37
0,3369781567,1.167596,633655,10
0,2179420459,0.827388,636117,29
0,435991837,1.147773,636766,3
0,2783189771,0.989199,638190,14
0,392257573,0.745429,640075,21
0,3421166297,1.075745,643389,41
0,1318239541,0.886090,646001,31
0,1573316417,1.033142,646508,1
0,2500514701,0.711238,648357,20
0,57751289,0.985738,649841,15
0,1952859211,1.073928,650487,3
0,1229768591,0.884436,651207,4
0,3060239053,1.000976,652849,17
0,1845445391,0.853531,653445,2
0,1939703203,1.166760,653965,1
0,822569609,1.000976,654604,3
0,3426104543,0.920152,655744,10
0,3424470419,1.033615,659263,39
0,4232631737,1.158360,662103,34
0,2442189443,1.175100,663965,18
0,2029551229,0.950432,665478,15
0,1513680401,0.876115,666057,2
0,3259640269,0.944247,668184,24
0,4003230599,0.823246,668701,1
0,3796896193,1.099538,670451,19
0,517199819,0.787475,673207,33
0,2892163969,1.008267,673854,3
0,2777406323,0.981767,679856,79
0,4126385803,0.969254,680660,5
0,2710667633,1.067086,682417,19
0,1587443399,0.906250,683639,11
0,1563224393,1.047225,684356,4
0,719303947,0.877229,686480,24
0,43260109,0.947859,692143,75
0,104397331,0.939581,693134,8
0,3056344063,0.958616,694067,7
0,1447973563,0.988706,696950,35
0,3949756427,1.031723,697526,2
0,58947131,1.024123,699004,15
0,600411809,0.975280,700417,14
0,3168078079,1.097316,700940,1
0,3649672109,0.947859,704511,41
0,580644929,1.122393,709298,47
0,2618890177,0.940101,710750,14
0,785385451,0.979277,711266,1
0,335658203,0.914830,713862,31
0,2736582151,0.955044,714659,5
0,2692926323,0.942694,715306,3
0,212980357,1.079370,716150,6
0,2642374687,1.037387,717574,14
0,3420662953,0.806468,718298,4
0,2826210083,0.849517,722287,51
0,2482758797,0.846639,726572,55
0,1968953953,1.035974,727092,1
0,3771259879,0.679643,730038,36
0,1025291537,1.119343,731164,10
0,783454219,0.894864,731876,4
0,4203261703,0.919621,733159,12
0,4293571487,1.038328,734951,19
0,3089258597,0.848942,735594,3
0,3554257381,1.191605,738007,28
0,1211017337,0.713295,739837,20
0,783622303,1.000976,740624,5
0,185120237,1.031250,742108,15
0,284149391,0.911086,745613,44
0,2498182199,0.851240,747943,27
0,1600089551,1.282012,750025,23
0,1354201019,0.827978,750685,3
0,1358831231,1.097761,751989,12
0,2330656187,1.129332,754398,28
0,3366821677,0.983258,756240,20
0,3659347067,0.969758,756971,4
0,1610957167,0.688919,757552,2
0,2597493497,1.000976,761704,49
0,1094797973,0.969254,762635,7
0,3618134657,0.846639,764524,18
0,550689499,0.791187,766299,19
0,3340687643,0.906789,767370,9
0,290457439,1.111464,768704,13
0,1281465541,0.882225,770811,24
0,3597734323,1.105296,772016,11
0,1550835997,1.033615,773226,11
0,991125413,0.970764,775198,22
0,1816497913,0.846639,776828,17
0,1497028723,0.950432,778806,22
0,2320514971,0.793652,779673,6
0,2489085619,0.981767,780742,9
0,3461808667,0.858664,782502,19
0,1441061857,0.970764,783785,12
0,933303817,1.006328,785682,21
0,3363042791,0.955044,787313,17
0,1230329,0.942694,787996,4
0,287895059,0.942176,789475,15
0,3591577043,0.910550,791454,22
0,2830624733,1.002438,792462,8
0,1501491877,1.032197,793118,3
0,2755864429,0.844907,795155,23
0,4033157717,0.977780,795662,1
0,2331978463,0.808886,796953,12
0,2233674017,1.012133,798431,15
0,2794559557,0.844907,799283,6
0,3287363129,0.938021,799863,2
0,839947267,0.942694,800712,6
0,3766554797,1.067086,802749,23
0,2192342809,0.967237,804813,19
0,897868513,1.086584,809765,51
0,3706757963,1.015505,811961,21
0,2143553059,1.008267,815629,46
0,4193180083,0.875558,820476,63
0,791303419,0.691748,822687,25
0,3061831583,1.114973,824902,25
0,3404067529,0.968750,827577,32
0,1932488867,0.860369,828652,9
0,3759836693,0.846639,829434,5
0,3370343593,1.319179,833711,55
0,3700547161,0.969758,835438,18
0,3930790601,0.813701,837545,24
0,1571572349,1.226737,839310,19
0,1281152731,0.982762,839903,2
0,1827309611,1.064337,844162,55
0,3196861111,0.906789,851386,97
0,1853505089,1.008267,852379,8
0,1092871517,1.056047,855536,39
0,1670088593,0.851240,856253,4
0,95172323,1.033615,857240,8
0,299160091,1.056047,857743,1
0,162015281,0.848942,858998,12
0,132479119,0.938021,859640,3
0,174049637,0.986728,860775,10
0,3773261353,1.100870,862006,7
0,3298577329,0.801000,862594,2
0,647020013,0.971267,866107,44
0,3004623091,1.035974,875258,122
0,3715627567,0.993632,878802,44
0,3948530063,0.815499,880513,18
0,4253256941,1.038798,882301,19
0,2716994387,0.938541,884918,31
0,2392024153,0.804043,885702,5
0,305774177,1.038798,886976,12
0,869785333,0.975280,888676,18
0,1230703157,0.882225,889738,9
0,2437906697,0.846639,890446,4
0,1226193967,0.942694,891094,3
0,1272784129,1.008267,891874,5
0,4278621167,1.068458,893245,13
0,1740246091,0.978779,900056,90
0,706441531,1.102642,901084,8
0,83908423,1.069828,902689,17
0,2893409227,0.911086,904669,22
0,2172308777,0.846639,905732,9
0,2006260523,0.797334,908194,25
0,3642124093,0.978779,914016,61
0,2108560823,1.017906,917512,40
0,3636749507,0.815499,929143,160
0,3038054603,1.117160,929649,1
0,2719783123,0.986728,930157,1
0,444872903,0.688210,933473,41
0,2274186403,1.104854,934832,13
0,310652399,0.895409,935545,4
0,1901309953,0.726856,936255,4
0,2502869717,1.111464,936836,2
0,777313717,0.877229,939780,36
0,4221087223,0.908403,942683,35
0,561610019,0.889391,945704,37
0,2067071659,0.945797,948378,32
0,1586254801,1.135369,950497,24
0,2551496489,0.919621,951151,3
0,2692234679,1.122393,954312,39
0,3832953203,0.981270,955453,10
0,3000056261,1.109705,956798,13
0,1219612231,0.884436,958431,17
0,675895499,1.241770,962778,56
0,3866056879,0.813101,964692,21
0,4229427821,1.251952,965211,1
0,3231530513,1.059739,968069,30
0,2558631877,0.940101,971379,38
0,3695369087,0.817294,973231,20
0,2003719409,1.030776,974025,5
0,692714479,1.019344,977363,40
0,716441009,0.889391,983351,79
0,129955723,0.904092,984986,17
0,197641237,1.137517,990604,74
0,1018004413,1.016466,993359,33
0,3538494233,0.873324,994006,3
0,630169,0.910550,999790,78
0,1034779717,0.846639,1000796,8
0,1351825133,0.941657,1002227,14
0,968420029,0.981270,1002958,4
0,823885019,0.882225,1004659,18
0,377619923,1.039738,1005157,1
0,1236144323,0.751301,1008715,40
0,1228952311,0.822059,1009243,1
0,596930981,0.829745,1013853,47
0,2970168911,0.795495,1015083,9
0,913873889,0.915364,1016422,10
0,2059310959,0.705724,1017041,2
0,4006210687,1.025552,1017703,3
0,1323275203,0.927551,1018359,3
0,3684685673,0.929655,1019091,4
0,2697667591,0.914830,1019594,1
0,2793501281,0.934370,1020237,3
0,1101900341,0.818488,1021093,6
0,2992604891,0.923330,1022027,7
0,112532171,0.824432,1024619,31
0,133912957,0.958107,1025546,7
0,143547737,1.055584,1026045,1
0,2716833979,0.889939,1027195,10
0,3936158561,0.698771,1029441,26
0,4021918403,1.033615,1030167,4
0,146178917,1.035031,1031428,12
0,58990681,1.000976,1032191,5
0,1041806317,0.835609,1034867,32
0,2281492403,1.169685,1036444,16
0,1899797329,1.035974,1037230,5
0,3326666407,1.033142,1039132,21
0,3825734483,0.914830,1039924,5
0,2433976981,0.964709,1042390,29
0,1027714913,0.820275,1043591,11
0,4011700373,0.858096,1044595,8
0,3084403129,0.784369,1045385,5
0,3687460067,1.019823,1046247,6
0,1540836023,0.918559,1054023,105
0,1248822181,1.038798,1055027,8
0,1574779279,0.977281,1056032,8
0,2712648461,0.850666,1058640,31
0,772908953,1.058356,1060959,27
0,3064955093,0.844329,1062096,10
0,4273611359,1.115848,1062967,6
0,2135045821,0.891036,1063908,7
0,1260491021,0.911622,1069785,70
0,3019053803,0.985738,1070612,5
0,2742964649,0.875558,1071400,5
0,3909190463,1.000000,1076756,68
0,3770382277,0.854103,1077504,4
0,279095833,0.813101,1078422,7
0,1368315691,1.106621,1084457,80
0,3211750301,0.759060,1088611,53
0,3185168963,0.882225,1095991,99
0,1048399067,0.820275,1101456,72
0,615343697,1.094196,1102591,10
0,4199474633,0.897044,1103385,5
0,1311283217,0.930180,1106187,34
0,2951721517,0.566824,1115991,116
0,76680757,1.167178,1116863,4
0,4278783007,0.880563,1119992,38
0,3932151127,0.981270,1121071,9
0,866193311,0.973777,1121721,3
0,34450613,0.850666,1123130,14
0,2820655823,0.716027,1124341,11
0,1127824543,0.862636,1125904,16
0,3210926987,0.908403,1129019,38
0,3079727419,0.823246,1129674,3
0,1490423863,1.073018,1132126,29
0,1285137671,1.094643,1133535,14
0,2104503503,0.915364,1134825,12
0,197377967,0.946313,1135337,1
0,3641937511,0.869402,1136898,16
0,3829786651,0.715345,1137408,1
0,1975451083,1.135799,1138072,3
0,3761635799,1.097316,1141160,38
0,1588726327,0.815499,1144796,46
0,4033177381,0.783123,1145590,5
0,4119500653,1.125868,1146457,6
0,3698994077,1.019823,1150517,52
0,885294731,0.766740,1152002,15
0,55045591,0.843171,1153142,10
0,2840994701,0.820275,1153936,5
0,3815541479,0.956577,1154521,2
0,1421677597,1.073928,1155098,2
0,2656687849,0.971267,1157569,29
0,4032171277,0.906789,1159617,23
0,3846847307,0.862070,1160129,1
0,4019487413,0.898132,1161626,15
0,350359699,0.783123,1163373,19
0,3896084861,1.009235,1164380,8
0,3933791627,0.983258,1168670,50
0,1954034419,0.942176,1169470,5
0,168229937,0.880008,1171809,25
0,166220533,1.058356,1172396,2
0,1016892161,0.919621,1173839,14
0,2266682227,0.818488,1174631,5
0,4229655691,0.877786,1175493,6
0,949670251,0.940101,1179778,55
0,8701067,0.942694,1181098,13
0,1368591529,1.101756,1184039,36
0,1323294601,0.956577,1185887,20
0,2556686971,0.930180,1186472,2
0,4165269727,1.002438,1187560,9
0,2933194447,1.101313,1188091,1
0,1744756061,1.093303,1188617,1
0,1330404577,1.161727,1194009,71
0,3899879099,1.035974,1196202,25
0,1337631149,0.846639,1196855,3
0,1435375769,1.255068,1198490,17
0,1128395951,0.940101,1199009,1
0,1443136033,1.146496,1199860,6
0,2370697631,0.913227,1202063,25
0,385054003,0.797334,1202783,4
0,3076391959,0.888841,1203369,2
0,228430087,0.884436,1203944,2
0,978336371,0.947859,1205356,14
0,3199680677,0.968750,1207267,21
0,995802991,1.004871,1209114,20
0,902386379,1.039268,1214672,69
0,746221261,0.872205,1218727,40
0,857336539,0.950945,1220503,17
0,2317076303,0.750651,1221354,4
0,2799955079,1.241770,1222786,14
0,254820697,0.721462,1226575,48
0,1937944531,1.062959,1228068,15
0,1925663843,0.880563,1229002,7
0,4182701309,0.904092,1229948,7
0,3341709211,1.196512,1232833,35
0,703481203,1.095980,1233482,3
0,1851664631,0.972774,1234498,8
0,2702527999,1.066628,1235091,2
0,996298561,0.877786,1238317,40
0,977811427,0.920152,1238903,2
0,1695148901,0.701561,1239623,4
0,991960049,1.004871,1242452,34
0,1241453971,1.064795,1244863,28
0,1875924287,0.644235,1247639,33
0,378177721,0.876115,1249670,23
0,1726344121,0.995105,1252834,39
0,457255333,0.906250,1254451,17
0,2361387577,1.004871,1255381,7
0,647607943,0.846062,1256239,6
0,1925462251,0.927551,1257731,15
0,1149022711,1.146496,1259710,22
0,51868409,0.973777,1261743,23
0,136197401,0.967237,1265744,51
0,503130169,0.755837,1269457,47
0,2853679349,0.656250,1270386,7
0,3695736377,0.851240,1272254,16
0,2426963167,0.964203,1273820,16
0,2321079287,0.916963,1275450,17
0,706505297,0.836777,1276436,8
0,1848525841,0.829745,1277885,13
0,461288461,0.880563,1284570,89
0,3892348367,0.938541,1285994,14
0,3435003967,0.850666,1287763,19
0,4053460847,1.098205,1295841,109
0,370842347,0.975280,1298017,25
0,3777013117,0.973777,1298735,4
0,1390354967,1.064795,1300230,15
0,1345188323,1.094643,1301723,15
0,2291232803,1.004871,1303204,15
0,3672513751,0.741488,1308390,68
0,3813869447,0.914830,1308977,2
0,2749042123,0.822059,1312202,40
0,3163471783,0.813701,1312937,4
0,3203596043,0.822653,1315999,32
0,584574181,0.843171,1317930,21
0,1015083847,1.021736,1318507,2
0,827578607,1.098205,1319947,2
0,4193763703,1.035031,1320691,2
0,278483693,0.908940,1327141,85
0,3260699929,1.176761,1328640,15
0,3604985599,0.822653,1330981,27
0,3051774751,1.073928,1332825,20
0,609271963,0.911622,1339324,87
0,1057267171,0.980772,1342268,36
0,3132772249,1.217548,1342930,3
0,1235862149,0.860369,1346848,50
0,1675331033,0.889939,1349268,28
0,86054329,0.910550,1350316,9
0,70472527,1.181729,1353484,39
0,3996458027,1.275138,1356441,36
0,2640101287,1.129764,1357101,3
0,980074523,1.110145,1358230,10
0,2966746421,0.975280,1359367,10
0,3372303899,1.070740,1360564,11
0,1329205751,1.082983,1362579,22
0,2628867253,1.085235,1363305,4
0,100095263,0.858096,1367986,61
0,1651045507,0.919621,1368917,7
0,870904537,0.771818,1369927,8
0,2366899741,0.920152,1374103,48
0,110463901,0.920152,1375256,10
0,1900814611,0.907327,1378019,31
0,19090063,1.093303,1379920,21
0,1296380347,1.195695,1381682,19
0,1496230579,0.851240,1383811,24
0,3163234933,0.974780,1386492,32
0,3089051047,1.101313,1387853,13
0,3682997161,0.770552,1389556,18
0,1615825019,0.822059,1393758,54
0,1389193903,0.944247,1395054,12
0,2365849753,0.864332,1395618,2
0,3405485591,1.064795,1398928,38
0,565436297,0.827388,1402006,37
0,988748273,1.067086,1403851,20
0,3698154409,1.125434,1406180,27
0,275807671,0.911622,1408924,33
0,4272488281,0.854103,1413271,56
0,396640633,0.911622,1414744,15
0,1283051179,0.815499,1416720,22
0,1573219213,0.970764,1419480,29
0,2946014741,1.001951,1420585,9
0,2743360549,0.976781,1421096,1
0,441162857,0.923330,1424151,23
0,2229900427,0.970764,1427332,35
0,1956764437,0.628894,1430642,41
0,387171977,1.156672,1432531,21
0,2920495531,0.914830,1433599,9
0,624938791,1.125868,1434460,6
0,2881697219,1.330604,1439642,68
0,3994831097,1.016466,1441898,26
0,2532659947,0.891036,1442416,1
0,106888297,1.095980,1443128,4
0,729571867,0.910550,1447195,52
0,822761861,0.967237,1452025,63
0,285018161,1.012133,1452591,2
0,2534527361,1.228725,1454308,18
0,1116557063,0.928078,1455649,13
0,782842493,0.701561,1456163,1
0,3151685281,1.142229,1457097,7
0,3152588819,0.925971,1457818,4
0,2854666663,0.791804,1458959,10
0,2151119779,1.137517,1460027,9
0,2505961859,0.858664,1460610,2
0,1396410259,0.880563,1462033,14
0,3925282463,1.146496,1464021,22
0,1711020191,0.789333,1465788,19
0,3536728409,0.864332,1466942,10
0,2328650213,0.919621,1468495,16
0,1510992019,0.808886,1470064,16
0,867788809,0.952484,1471124,9
0,1819370887,0.959126,1471990,6
0,1446543661,0.913227,1473962,22
0,1568524367,1.166341,1474479,1
0,3731309759,1.149473,1475811,8
0,2908449013,0.889391,1476340,1
0,3763843997,0.813701,1478731,28
0,549855811,1.002438,1480628,21
0,3535313711,1.067086,1481473,3
0,2223146683,0.946313,1482130,3
0,1203622643,1.066170,1483136,8
0,4087682597,0.916963,1484565,14
0,2282382611,0.752600,1485560,8
0,2608348493,0.981270,1486767,11
0,2926356739,0.884436,1487924,10
0,3048026351,0.971267,1488943,8
0,3239564987,0.846639,1493718,62
0,514809913,1.054659,1494220,1
0,3569419597,1.009718,1495494,12
0,1625064647,0.846062,1496146,3
0,1661815907,1.038798,1497925,19
0,4232346149,1.031723,1498719,5
0,3188818603,1.095980,1499644,7
0,2831144003,1.000488,1503435,48
0,2212070071,0.854103,1505434,22
0,2981776657,1.003899,1506294,6
0,3057646337,0.791804,1509870,45
0,1300159043,0.947859,1515549,75
0,462328829,1.125868,1516837,12
0,558879103,0.940101,1517698,6
0,312824713,0.975280,1518266,2
0,2708196839,0.786855,1522156,45
0,2373100901,0.946313,1527318,54
0,871273261,0.844907,1528060,2
0,182036021,1.035974,1529543,15
0,2547316801,1.035503,1530545,8
0,3233311897,0.991172,1535165,60
0,2306218949,1.133647,1537134,22
0,4152082229,0.906789,1538077,7
0,1290728171,0.908403,1538883,5
0,2076601741,0.784369,1542683,48
0,4018895021,0.690335,1544319,17
0,983189093,0.976781,1545941,17
0,1299351203,1.111464,1552780,92
0,2739007963,0.789333,1558687,78
0,1084908269,1.095980,1560376,18
0,1593506059,0.889391,1560903,1
0,225626857,0.933847,1561614,4
0,83546297,0.918559,1562320,4
0,2878189253,0.822653,1562911,2
0,51600547,0.791804,1563968,9
0,4026809113,1.012616,1568657,61
0,2420112313,1.008751,1569593,7
0,2209216663,0.884988,1571926,27
0,420955049,1.236647,1573051,10
0,4191749983,1.048157,1574975,21
0,1008579097,0.827388,1579842,59
0,3866721437,0.753248,1582799,33
0,3147391931,1.033615,1584028,11
0,746885569,0.906789,1586349,27
0,160229837,0.871645,1590071,47
0,776257883,0.727528,1591504,14
0,1387804529,0.971267,1595518,51
0,1973877193,1.044891,1596659,10
0,2880930589,0.973777,1599134,29
0,486256879,0.848367,1601053,21
0,3389378231,1.192833,1602689,17
0,888173879,1.095980,1607096,57
0,3097274927,0.799169,1607678,2
0,1458682009,0.848942,1612596,64
0,2328969031,1.017426,1614082,15
0,1217976839,0.940101,1615924,20
0,3551091073,0.980772,1618516,31
0,545648713,0.848942,1620692,25
0,1216991183,1.086134,1621483,5
0,2676193291,0.969758,1622002,1
0,523696571,1.095980,1624210,21
0,1718255689,1.043020,1624949,4
0,4268686561,0.940101,1628113,25
0,3352828781,0.817891,1629852,16
0,130036523,0.952484,1631033,9
0,3078648481,1.101313,1631964,7
0,1370719369,0.958107,1633933,22
0,1106791223,0.822653,1635077,10
0,1934230033,0.675318,1636829,19
0,1745503909,0.906250,1637540,4
0,3443210599,0.736201,1642167,60
0,3483571919,0.993632,1646017,49
0,2178647491,0.675318,1647228,11
0,1493532401,0.913227,1647741,1
0,2205995377,1.160044,1653704,79
0,2144623303,0.942694,1654710,8
0,1050740329,0.880008,1657226,30
0,2583311833,1.119343,1658371,10
0,2245010879,0.955044,1661467,38
0,4162425791,0.787475,1662972,15
0,4043277439,1.052341,1663631,3
0,3740828969,0.836777,1665116,15
0,1823842457,0.873883,1666890,19
0,1529544431,1.132354,1667977,9
0,115124593,0.978280,1668473,1
0,994308059,0.852959,1669485,8
0,1453719061,0.626561,1671615,24
0,708614411,1.114535,1672607,8
0,3513270017,0.836777,1673321,4
0,2017156571,0.906789,1673986,3
0,242968153,1.010685,1678114,53
0,3588188083,1.064795,1680990,29
0,2681315381,1.095534,1683053,23
0,3113570903,1.038798,1687012,48
0,3436190903,0.906789,1687894,6
0,2919940021,0.907327,1688828,7
0,3822312007,0.882225,1689484,3
0,3911646227,0.846639,1691248,19
0,126475949,1.099538,1694124,35
0,1920843679,0.722139,1696665,30
0,2283582709,1.035503,1697799,10
0,418067731,0.946313,1701859,52
0,3695056087,0.973276,1702589,4
0,713947349,0.942694,1703313,4
0,475693573,1.071652,1704520,11
0,3987434249,0.973777,1706847,27
0,637605691,0.977281,1709165,27
0,692538929,0.958616,1710015,6
0,3736109617,1.037387,1715000,65
0,3808311953,0.970764,1721670,89
0,2287058441,0.975280,1722243,2
0,3401833241,0.880008,1723115,6
0,1421903543,0.907327,1724533,14
0,2964044701,0.686078,1727801,36
0,43116971,1.009235,1731987,40
0,18847483,0.843750,1733909,19
0,3622180721,1.069828,1734492,2
0,756118327,1.048157,1736120,17
0,1457084777,1.115848,1737115,8
0,4286081399,1.037387,1739171,23
0,3458620681,0.846639,1741987,34
0,4280308337,0.783123,1742704,4
0,1238328019,0.993632,1744476,19
0,1707058237,0.895409,1745826,13
0,149226169,0.781875,1747709,21
0,1228381381,1.282773,1748220,1
0,2333896639,0.693159,1749298,9
0,3507458677,1.062959,1750433,10
0,3991516787,1.004871,1754020,45
0,541039859,0.812500,1756341,27
0,1590742289,0.956577,1758027,18
0,4236892111,0.916963,1761469,43
0,482131081,0.942694,1762599,10
0,2944695997,0.976781,1763744,10
0,487165121,0.804043,1764864,10
0,1963320857,0.939581,1767548,32
0,63149839,0.725512,1769157,17
0,2791107721,1.050019,1770849,18
0,2904891971,1.201399,1771499,3
0,232378103,1.178005,1772436,7
0,1216988023,1.168432,1774220,19
0,383717923,0.938541,1776899,31
0,4072288097,0.729539,1780335,37
0,3562843351,0.846639,1781223,6
0,3023989849,1.130628,1781951,4
0,3748746917,0.831508,1782815,6
0,2352895763,1.106621,1783811,8
0,654254807,0.969758,1785388,14
0,1715907023,0.938021,1786198,5
0,3195480251,0.858096,1787271,9
0,3681199163,0.844907,1788272,8
0,1186009087,0.720107,1788935,3
0,4017960371,0.942694,1789596,3
0,1855578421,0.908940,1792819,40
0,2579662081,0.877786,1794301,15
0,4069677121,0.914830,1794951,3
0,478186301,0.939581,1796632,18
0,791339723,0.781875,1800131,44
0,2305717159,0.784369,1800785,3
0,916605601,0.910550,1801568,5
0,3055963847,1.006328,1802853,12
0,172607651,0.911622,1804963,24
0,3412171307,0.882225,1807358,28
0,3874004881,1.004871,1808782,14
0,934210853,0.941657,1812716,50
0,3821643589,0.894864,1817498,62
0,509075549,0.827388,1824424,93
0,1906748731,1.064795,1825925,15
0,3063901241,0.886090,1826855,7
0,1658085421,1.044891,1828454,12
0,2548710149,1.012616,1829341,6
0,2303155339,0.968750,1833645,42
0,1072263683,0.911622,1835455,16
0,1343715521,0.783746,1838050,31
0,3781985947,0.950945,1842459,57
0,2281537987,0.877786,1843532,9
0,1161773773,0.832682,1844043,1
0,3376150177,1.037387,1846301,26
0,3001451449,1.132786,1847091,5
0,582843083,1.094196,1847673,2
0,1402070911,0.965215,1848903,11
0,1556963029,1.012616,1850810,21
0,250613243,1.064795,1852359,16
0,3388113217,0.921743,1853783,14
0,1466860867,0.725512,1855790,22
0,2132643113,1.064795,1856311,1
0,2499647299,1.074382,1859396,36
0,3630879607,0.931229,1860263,6
0,3634625341,0.791804,1863155,35
0,172175567,1.173020,1865605,29
0,2175751271,0.844907,1866115,1
0,936953597,0.919621,1869858,47
0,3510639371,0.787475,1871836,22
0,2603563213,1.095980,1874238,28
0,3071824309,1.019823,1874817,2
0,460077733,0.864897,1875671,6
0,4140861877,0.993632,1876531,6
0,1346918929,0.882225,1877585,9
0,2913228377,0.907327,1878657,9
0,2698850837,1.037387,1879441,5
0,3111408607,1.189554,1880047,2
0,1486724509,0.820275,1880699,3
0,4014517061,0.970764,1881570,6
0,26097733,0.916963,1882340,5
0,3205301711,0.813701,1885049,29
0,1567639789,1.115848,1886011,6
0,2320205557,0.841432,1887646,17
0,3973184323,0.725512,1891595,48
0,1796546363,1.125434,1894574,36
0,1953863101,0.906789,1897411,34
0,948544517,0.886090,1900561,38
0,3012123161,0.969758,1903617,37
0,46660787,0.938021,1904466,6
0,3843009997,0.750651,1907365,35
0,2778985501,0.760345,1908649,12
0,1106060083,0.863202,1913078,57
0,4069787261,0.844907,1913726,3
0,1269997849,1.007782,1915142,14
0,3777320363,0.858664,1918109,36
0,1512867337,0.908403,1918895,5
0,1123778407,0.908403,1920328,14
0,372453667,0.848367,1922805,29
0,2424789649,0.938541,1924003,11
0,721717709,0.815499,1924852,6
0,4280421349,0.876115,1926275,14
0,742639411,0.787475,1928802,30
0,487341713,0.753248,1931674,31
0,1194474131,0.783746,1933254,16
0,1941702479,0.869402,1936244,20
0,43390073,0.795495,1937757,15
0,1802376283,1.038798,1938624,6
0,4078561369,0.942694,1943952,70
0,2246711261,0.914830,1945721,19
0,634883551,0.839108,1947071,13
0,2546870629,0.876115,1948986,21
0,2042458427,1.129332,1950135,10
0,770597537,1.070740,1951406,12
0,1447494239,0.976781,1954214,34
0,864231377,1.130628,1955074,6
0,2320548589,0.824432,1955650,2
0,2331250913,0.846639,1956570,7
0,1259056129,0.938541,1957492,7
0,204340327,1.090173,1960313,34
0,2827930967,0.877229,1960825,1
0,3137039491,0.975280,1961412,2
0,3726996869,1.086134,1962619,11
0,2922773849,0.981270,1963205,2
0,678296869,1.044891,1966364,39
0,3151301749,1.000488,1967085,4
0,1779688679,1.063419,1970656,45
0,2835880417,0.817294,1972626,22
0,3666245371,0.781875,1973986,13
0,1023606643,1.169685,1974710,4
0,3313096327,0.987223,1976012,12
0,576953467,0.891036,1977382,13
0,2909079281,0.879453,1979657,26
0,4069755721,0.977780,1984707,66
0,2525378431,0.626561,1986780,18
0,3543503413,0.969254,1987580,5
0,4269196777,0.822059,1988452,6
0,3948107161,0.797334,1989672,11
0,6220061,0.969254,1990356,1
0,2074061399,0.773714,1993570,39
0,3298419401,0.940620,1995494,21
0,971331821,0.877229,1996084,2
0,2024068283,0.971267,1998082,22
0,269403809,1.033142,1999134,9
0,2048934793,0.858096,1999636,1
0,2617691701,0.889391,2001607,22
0,2141178209,0.762910,2002609,8
0,3751235791,0.970764,2004100,15
0,763408361,0.879453,2005034,7
0,3748141043,1.035503,2010532,72
0,2688287801,1.094643,2012705,25
0,685858223,1.054196,2013703,8
0,1553017979,1.062959,2016090,28
0,2770497251,0.983258,2017713,17
0,1179398677,0.848367,2019188,15
0,2383518413,1.192833,2020671,15
0,2555130449,0.911622,2021658,8
0,480949879,1.035974,2022940,12
0,3368053079,0.911086,2024638,18
0,2905099399,0.880563,2028414,48
0,1018725791,1.132786,2029271,6
0,914915297,0.877786,2030615,13
0,3084235757,0.867152,2031554,7
0,3781201069,1.032197,2033255,14
0,4270870363,1.103085,2033791,1
0,910873907,1.173436,2039439,61
0,2539055117,0.879453,2042562,36
0,3007946423,0.942176,2043087,1
0,3353738039,0.884988,2046961,49
0,3396296507,0.713295,2047759,5
0,479703101,0.873883,2048411,3
0,1420919867,1.040677,2051931,44
0,324243653,1.031250,2053334,14
0,2766022877,1.006328,2056700,42
0,3037388701,1.052341,2059371,32
0,2217505309,0.952484,2062672,41
0,4212088913,1.009718,2064437,19
0,1186772843,0.981767,2071731,98
0,2462923711,0.969254,2074278,30
0,1648937051,1.194470,2084325,138
0,729114769,0.781875,2085396,9
0,1997033173,0.822653,2092269,79
0,2832281717,0.959126,2095303,34
0,3174512377,0.882225,2095841,1
0,3602513347,1.192833,2098115,26
0,1468491967,0.938021,2099676,16
0,2437447729,1.004385,2101638,22
0,1044153791,0.848942,2103054,14
0,1671032413,0.978779,2105239,25
0,4052801407,1.002438,2107365,24
0,2672366471,0.880008,2107952,2
0,458287061,0.973276,2111800,49
0,3336283831,0.877229,2112744,7
0,2031351739,0.945797,2114585,20
0,2726723639,1.032197,2115511,7
0,2720857067,0.916963,2116521,8
0,390606329,1.004871,2117093,2
0,3826136497,1.006328,2118224,10
0,3097048231,1.008267,2121099,35
0,262803559,0.844907,2122016,7
0,672577963,1.066628,2123434,14
0,2217376631,0.876115,2128926,72
0,2805254911,0.818488,2134273,70
0,2867302381,0.848367,2139707,53
0,1055858099,0.860369,2143911,50
0,1081452503,0.991172,2145270,13
0,2669553349,1.006328,2145782,1
0,2112381773,1.088828,2146936,10
0,341509417,1.048623,2147501,2
0,3535491917,1.039268,2149690,25
0,959866879,0.913227,2156008,84
0,1972998113,0.950945,2158051,23
0,3409354379,0.940101,2158990,7
0,3547313701,0.977780,2159999,8
0,3994792817,0.911622,2160792,5
0,103496909,1.033615,2163547,33
0,428614801,0.851240,2164804,12
0,1387346687,0.773082,2169374,59
0,4057383623,0.889391,2170027,3
0,3474348887,1.074382,2170691,3
0,3992395079,0.884988,2171280,2
0,1157756419,1.002438,2172138,6
0,186424943,0.993632,2173409,12
0,201453521,1.099538,2174600,11
0,1812516247,0.977281,2176507,21
0,54472799,0.971267,2177153,3
0,760530871,0.727528,2182140,65
0,504948167,0.944247,2183632,15
0,2698993519,0.793036,2185057,14
0,2151178583,0.987223,2185915,6
0,1124687041,0.971267,2189280,41
0,1577133343,1.043020,2190422,10
0,1284540793,0.968750,2198894,108
0,735783337,0.853531,2200142,11
0,1979223133,0.866589,2206525,85
0,4288166083,0.969254,2207595,9
0,2061185561,1.062959,2209357,19
0,2856900559,1.002438,2210925,16
0,1031827253,0.940101,2216867,79
0,1829125567,0.880563,2217807,7
0,1477728997,1.037387,2220894,38
0,501114697,1.126735,2222098,11
0,394012037,0.814900,2223579,15
0,2142880291,0.789333,2224101,1
0,3259725593,0.827978,2228371,55
0,3767901733,0.950432,2229783,14
0,1963211779,0.814900,2230646,6
0,2268008333,0.858096,2234239,45
0,2915491297,0.908940,2235172,7
0,1784887711,0.897588,2239452,51
0,2479033201,1.035503,2242805,28
0,2028210103,0.938541,2244452,15
0,4151255363,1.068458,2245530,9
0,2098673107,1.208692,2248627,38
0,1457235797,1.140946,2249353,4
0,3347892703,1.288849,2251347,22
0,763715971,1.222350,2252406,9
0,1638894871,0.888841,2254037,17
0,4173385877,0.784369,2254967,7
0,3327507163,1.189144,2256959,22
0,3789967463,1.106179,2258025,9
0,2597179099,0.958616,2260798,33
0,3803181103,0.791187,2262087,12
0,919938491,0.938021,2263086,8
0,3795359507,0.937500,2263671,2
0,662219011,1.038798,2267792,53
0,1079899727,1.097316,2269569,19
0,157005503,0.815499,2270782,11
0,1149462077,0.923330,2271505,4
0,2791257907,0.930180,2273008,15
0,1219202359,0.946313,2275417,28
0,3051565499,1.064795,2276142,4
0,415722557,1.043020,2276649,1
0,1496882393,0.968750,2279066,28
0,29590549,0.755837,2280034,8
0,2326427447,1.158360,2280903,6
0,621225637,0.938541,2281614,4
0,3506894773,0.932801,2282198,2
0,521640557,0.757128,2282778,2
0,557901229,1.007782,2285664,35
0,3138429941,1.006328,2289237,45
0,140624083,0.914830,2293566,51
0,17008931,1.000488,2294352,5
0,4280875909,1.104854,2295709,13
0,109773827,1.162987,2298886,37
0,2146344121,1.067086,2299770,6
0,571094827,0.850666,2300992,11
0,2334933421,1.132354,2302131,10
0,3505451107,0.997556,2302780,3
0,3729482803,0.853531,2304713,21
0,1829457277,1.033142,2308162,43
0,1765344013,1.002438,2310766,31
0,3320397529,0.884436,2312608,20
0,4247402603,0.955044,2313123,1
0,2446413481,0.882225,2315515,28
0,2281550693,1.002438,2316522,8
0,556294463,1.031250,2318078,16
0,3883362961,0.969254,2321463,42
0,2065693247,0.938541,2322560,9
0,2328634457,0.973777,2324336,19
0,2402817661,0.938021,2324994,3
0,1329125851,1.033615,2327474,29
0,727988707,1.009718,2328749,12
0,3079944089,1.191605,2329403,3
0,389895769,1.073928,2330812,14
0,3608541407,1.044891,2331820,8
0,3836724449,0.938541,2333535,18
0,2555239051,0.756482,2334256,4
0,864644113,0.768648,2338867,60
0,498150599,0.973777,2340033,5
0,832590779,1.097761,2340699,3
0,3135064819,0.919621,2345826,54
0,3891118207,0.848942,2352422,85
0,968136979,1.139661,2353122,3
0,2260205657,0.824432,2356073,36
0,3235960943,1.062500,2357146,9
0,3355240663,0.969758,2360520,42
0,1325678401,0.970764,2364888,56
0,82638571,0.889391,2366519,17
0,568353011,0.852386,2367578,9
0,2091177091,0.864897,2368233,3
0,2675558903,0.811899,2372269,51
0,2236825879,0.914830,2373000,4
0,3223777783,0.927551,2376154,39
0,2884531901,1.315102,2377162,8
0,3053060837,0.938541,2378090,7
0,2258691907,0.884988,2379293,11
0,1323740851,1.220752,2380713,14
0,1826060669,0.855246,2382136,14
0,1849169537,1.039268,2383540,14
0,591205411,0.944247,2384321,5
0,1677438647,0.893772,2385122,5
0,2783602483,0.832682,2388567,43
0,3739043389,0.944764,2389439,6
0,2292510371,0.938541,2390157,4
0,2012154671,0.933847,2391511,13
0,343422517,0.846639,2392505,8
0,2520595183,1.003899,2394739,18
0,1396752013,1.080726,2395514,3
0,1695853123,0.919621,2397503,22
0,324961669,0.973276,2400825,36
0,3507861499,1.033142,2402961,23
0,2917310531,0.908403,2405505,30
0,3890349509,0.815499,2406298,5
0,2673971299,0.889391,2406885,2
0,3613130189,1.000488,2408113,11
0,361273013,0.895409,2409184,9
0,2284024861,1.166760,2409758,2
0,705320593,1.001951,2411657,21
0,1247947669,1.047225,2413004,13
0,3893662373,0.844329,2413510,1
0,2914570733,1.007782,2414381,6
0,1612201387,0.920152,2416214,20
0,2006796577,1.064795,2421109,64
0,2438570753,0.742804,2422730,17
0,1091594353,0.813701,2423505,5
0,3725485601,1.007782,2425340,20
0,1174524557,0.938021,2427177,20
0,202021283,0.940101,2428020,6
0,2445701303,1.004871,2429858,20
0,2421495463,1.000976,2436704,91
0,1209430301,0.852959,2439645,36
0,1851197611,0.981270,2441266,17
0,2364475181,1.375355,2443681,24
0,107157899,0.942176,2450147,70
0,2444381059,0.786234,2453562,40
0,2815960429,0.940101,2458047,58
0,1608995029,0.632764,2460161,24
0,731826341,1.140946,2462077,21
0,3569592667,0.849517,2463221,10
0,2514874679,1.008267,2464435,11
0,1218895807,0.818488,2468314,49
0,189893663,1.035503,2477681,128
0,3451026379,0.991172,2478198,1
0,1986906137,0.952484,2480596,28
0,488893079,0.752600,2482366,19
0,3385405039,0.991172,2482957,2
0,3458875339,0.884436,2484169,11
0,817880263,0.719429,2484899,4
0,89166463,1.081178,2487912,37
0,2454072773,0.947859,2489204,12
0,2178081559,1.064795,2490913,18
0,3124529797,1.171771,2492533,17
0,3444174677,0.818488,2495974,43
0,3771944833,0.964203,2497186,11
0,2989142407,1.070740,2498043,6
0,2345011819,0.968750,2500554,24
0,4114634467,1.055584,2503326,33
0,2702792789,0.725512,2506021,30
0,2951492611,0.967237,2507591,16
0,1457745293,1.000976,2510154,30
0,53781257,1.012133,2510643,1
0,2451247583,0.842012,2512621,22
0,327495503,0.970261,2513978,13
0,2848053751,0.910550,2518421,57
0,911753923,0.820275,2519068,3
0,123514021,0.975280,2521096,23
0,4223163863,0.882225,2522243,10
0,473172703,0.947859,2524073,20
0,297944473,0.823246,2528421,56
0,2270949931,1.078012,2529089,3
0,1703414683,1.063419,2530012,7
0,4012236749,0.848942,2531376,13
0,2026414993,1.052341,2531955,2
0,2312144669,1.006328,2534754,34
0,3521868787,0.907327,2535914,10
0,967522873,0.983258,2538240,27
0,2320059881,0.940101,2539652,14
0,3821978893,0.945797,2541554,21
0,878862707,0.971267,2544896,37
0,1079417809,0.969254,2545417,1
0,8130869,0.781875,2546035,3
0,338438479,0.853531,2546535,1
0,1285886891,1.095980,2547465,7
0,3607546403,0.899761,2550739,28
0,1704021139,0.970764,2553322,26
0,1031409833,0.950945,2557260,50
0,3003887813,0.628117,2558748,15
0,2388672863,0.888841,2561429,32
0,1626117083,0.719429,2562012,2
0,1029040373,0.791804,2562593,2
0,1519199287,1.006328,2563242,3
0,28663259,0.897044,2563957,4
0,2128136557,0.766103,2564543,2
0,2249387221,1.031723,2566525,22
0,4019096927,1.068458,2568097,16
0,716801329,0.848942,2571101,37
0,763481897,0.893772,2574668,45
0,2916337729,1.044891,2575662,8
0,417631507,0.893772,2577839,25
0,2750533351,0.691042,2578935,9
0,2735267641,0.846639,2580771,20
0,4052051687,1.244519,2582126,13
0,1467354773,0.651021,2584514,28
0,3802021541,0.930180,2585030,1
0,1350787369,0.773082,2588887,49
0,1540887857,0.844329,2590237,13
0,2359251221,1.069371,2591030,5
0,3753133751,0.958107,2592250,11
0,188767729,0.762910,2593233,8
0,2754519529,0.731544,2594504,12
0,2596640663,0.972774,2595442,7
0,2129118337,0.911622,2596163,4
0,3404382899,0.932801,2597094,7
0,2338944889,0.958107,2598034,7
0,1852627531,0.726856,2598549,1
0,499659029,0.914830,2600298,19
0,2172816293,1.043020,2601493,11
0,955629287,0.936979,2602574,2
0,3547804289,0.950432,2603169,2
0,34564801,0.978280,2604283,10
0,2714765671,0.924387,2605281,8
0,2291676979,0.952484,2606559,12
0,3872650423,1.000488,2607289,4
0,1790120737,1.008751,2608004,3
0,1752849613,0.880563,2610346,27
0,3526780919,0.973276,2612115,19
0,3538592641,0.886090,2612688,2
0,3308627009,0.915897,2617183,58
0,4063118197,0.880563,2623285,81
0,3944248949,1.062959,2627517,54
0,773068403,1.031723,2628802,12
0,1200323843,0.822059,2629384,2
0,4207433627,1.144365,2631016,17
0,1780887637,0.813101,2631660,3
0,3991143493,0.902471,2633420,19
0,4154962939,0.841432,2635559,24
0,3407843489,0.877786,2637735,25
0,3186168683,1.064795,2639085,13
0,2585272447,1.166760,2640078,8
0,1055693141,0.983258,2643891,48
0,208971127,0.860369,2645438,16
0,312006587,1.012616,2647303,16
0,347448943,1.122393,2648892,16
0,231423481,1.023646,2651273,15
0,2944930847,1.035974,2651996,2
0,1530485699,0.958616,2654384,26
0,196966717,1.009718,2655680,12
0,1525083367,0.906789,2656547,6
0,152698477,0.981767,2657054,1
0,4234643971,1.024123,2657704,3
0,913526587,1.182968,2658365,3
0,430346627,0.963190,2658942,2
0,600839851,1.015505,2664768,77
0,1922993467,1.009718,2668436,46
0,786879941,0.873324,2669381,7
0,2854263701,0.969254,2669894,1
0,2093408491,0.968750,2670902,8
0,45204413,0.839108,2671543,3
0,2380137491,0.813101,2675600,52
0,1377731483,1.047225,2678540,36
0,4166998063,0.978779,2679544,8
0,2973639293,1.008751,2680125,2
0,819520517,1.000976,2682709,31
0,1524981749,0.906789,2683785,9
0,3497927273,0.976781,2684998,11
0,1931334061,0.963190,2686215,11
0,1776724109,0.869402,2687427,11
0,3518767951,0.872205,2688220,5
0,2066084353,0.936979,2692285,52
0,2866457137,1.062959,2695658,42
0,391786751,1.062959,2697080,14
0,1477296593,1.184618,2697789,4
0,1955146159,1.077106,2703172,66
0,2507180881,0.950432,2704393,11
0,1092521887,1.066170,2706504,24
0,3221712853,0.899761,2710740,52
0,2740038859,0.817294,2711555,5
0,3755327269,0.877786,2713553,22
0,4092531889,1.126735,2714285,4
0,593582609,0.751301,2714850,2
0,440023939,0.962683,2716551,18
0,3744919007,0.938021,2717495,7
0,1667887693,0.975280,2722013,58
0,1918532939,1.043488,2726718,61
0,1125763979,1.105296,2728699,22
0,2512769843,0.783746,2729490,5
0,1268635807,0.858664,2731967,29
0,2124208027,0.853531,2735006,37
0,14388139,1.095980,2736840,20
0,304741369,1.158360,2738114,12
0,1099670107,0.880563,2738622,1
0,1826263441,1.070284,2739684,9
0,2582782627,0.906789,2742429,33
0,3757089367,0.815499,2743295,6
0,920270807,0.784369,2743958,3
0,3332680727,0.852959,2746905,36
0,1671701827,0.977780,2747548,3
0,2539764847,1.186266,2750765,35
0,3906126127,0.945797,2751451,3
0,1057749547,0.873324,2752105,3
0,639319469,0.713295,2763082,136
0,1337741059,1.035031,2764898,17
0,893543543,0.973777,2765829,7
0,1263706111,0.938541,2766843,8
0,2959317341,0.873883,2767841,8
0,2876782037,1.117160,2768918,9
0,3167538631,1.048623,2771311,28
0,1344212017,0.864897,2773498,25
0,205737523,1.035974,2774914,14
0,690619483,0.670966,2777088,25
0,797983507,0.741488,2779604,30
0,2662444531,1.086584,2782556,36
0,1774404839,0.884436,2783693,10
0,3842668499,0.724164,2784833,10
0,3922759523,0.919621,2785763,7
0,3732727673,0.858096,2788104,27
0,845149999,1.050483,2790227,24
0,304601641,0.867152,2790866,3
0,1532847647,0.981270,2791739,6
0,108809587,0.875558,2793837,24
0,1514969213,1.160044,2796298,29
0,309502649,0.947859,2797767,15
0,276757513,1.191195,2801487,47
0,245215603,0.973777,2802410,7
0,3007695337,1.023646,2804967,24
0,3706245313,0.820275,2805837,6
0,3866948717,0.916963,2806919,9
0,2988722941,0.880563,2808339,14
0,2918437331,1.039268,2810370,20
0,1227973997,0.993632,2811592,11
0,2904550199,0.834439,2812748,10
0,3893932253,1.063419,2817027,55
0,4290713459,0.940101,2820634,45
0,786996719,1.095980,2821221,2
0,2657077811,0.913227,2823558,27
0,3761799893,0.858096,2826426,35
0,1032769427,0.946313,2830295,49
0,1057030951,1.043488,2833369,38
0,3699187169,0.884988,2833892,1
0,3618164279,0.875558,2834479,2
0,1994212949,0.844329,2835547,9
0,3799902439,0.969254,2836482,7
0,1051247159,1.101313,2837545,9
0,2972423273,1.004385,2840640,38
0,3255962477,1.035503,2841560,7
0,375324451,0.735538,2844580,37
0,2267521213,0.971267,2847190,31
0,690255121,0.956577,2849287,24
0,3924856021,1.239802,2850852,16
0,3500505499,1.194470,2853847,32
0,1112835881,0.903552,2856151,14
0,1649044511,0.864332,2857574,12
0,127538419,1.044891,2858652,9
0,2248941139,1.158360,2860129,15
0,282300617,0.822653,2862432,27
0,1084533523,1.098205,2864810,28
0,2488679437,1.031723,2868113,41
0,2676104273,0.882225,2869728,17
0,2525077657,1.043488,2871214,15
0,2431914421,0.781250,2871790,2
0,2397729913,1.238620,2873425,17
0,1886106583,0.787475,2875759,27
0,1687734407,0.973276,2878519,33
0,10918513,0.977281,2880466,22
0,3984593387,0.818488,2881391,7
0,766451837,0.978779,2885607,54
0,2808451117,0.945797,2888061,29
0,444824137,0.908940,2888770,4
0,1127726653,0.820275,2890823,23
0,1189017143,0.925443,2893503,32
0,1538530249,0.944247,2895060,16
0,3639866297,0.955044,2895578,1
0,1321247087,1.194061,2898453,33
0,4169847181,0.883883,2899062,2
0,1556769197,1.009235,2900555,15
0,2182916041,0.940620,2905004,57
0,1649627729,1.004871,2905786,5
0,665208493,1.055584,2907121,8
0,85153619,0.846062,2908766,17
0,3741294523,0.969758,2909512,4
0,348208051,1.033615,2911636,24
0,4047187063,1.194878,2912977,10
0,1247437409,0.941657,2914898,21
0,260687327,0.907327,2916315,14
0,1564532017,1.070284,2916820,1
0,1688450741,0.883883,2920546,47
0,1307961379,0.894864,2925969,71
0,2702469269,0.824432,2928362,28
0,1389067369,0.882225,2928873,1
0,3275050217,0.937500,2929529,3
0,1682508253,1.000488,2931718,25
0,330414787,0.940101,2932502,5
0,2445748177,1.161727,2934767,26
0,4185124579,0.863202,2935575,5
0,668348741,0.724838,2936997,14
0,32815583,0.938021,2937567,2
0,2007455363,1.037387,2939137,16
0,3221609591,0.789333,2942655,44
0,146439857,0.822653,2944350,18
0,3932075813,0.915364,2947722,42
0,3941775757,1.039738,2949220,15
0,4230900217,0.836777,2951615,28
0,1131392513,1.014061,2952537,7
0,2732039201,0.707797,2955294,28
0,2143873159,0.796722,2961131,57
0,4237145207,1.070284,2962738,13
0,1332002831,1.135799,2963947,11
0,747479819,0.989199,2965634,18
0,3282494599,0.879453,2966216,2
0,1867482373,0.875558,2966794,2
0,925370003,1.252342,2970022,40
0,3198454639,0.750651,2973318,41
0,943158059,1.017906,2974663,13
0,1464735383,0.970261,2978165,43
0,4219210613,0.933847,2979542,13
0,3834046897,0.944247,2981162,17
0,150114863,0.950945,2983329,25
0,1565668583,1.293388,2984259,7
0,1756771463,0.936979,2986235,22
0,3139504657,0.910550,2989040,34
0,3181366297,0.969254,2989624,2
0,2157958531,0.724164,2990829,11
0,1113412247,1.002438,2992732,21
0,2859948659,0.936979,2994155,14
0,2324855317,0.939581,2998423,55
0,1967668379,0.859801,2999149,4
0,520672819,0.727528,3001629,29
0,4052096887,1.056047,3004158,30
0,3455883817,1.168432,3005095,7
0,3462689707,1.128467,3006235,10
0,1768055117,0.775605,3007438,11
0,3902006137,0.973777,3008100,3
0,3843327023,0.994614,3010003,21
0,2266804567,1.039738,3011498,11
0,4205266753,1.022214,3013919,28
0,934917491,0.913227,3014644,4
0,1952167829,0.657736,3015369,4
0,605566961,0.958616,3017581,24
0,475941107,0.939581,3021102,44
0,629255773,0.880563,3021817,4
0,31085141,1.004871,3026409,60
0,1107808463,0.913227,3027195,5
0,1728985079,0.973777,3027784,2
0,58476871,0.944247,3031137,42
0,3992452693,0.915364,3031949,5
0,3903436129,0.877229,3037400,72
0,912477889,1.000976,3039152,19
0,2450423461,0.818488,3040647,15
0,1406510129,0.820275,3041294,3
0,3760037329,0.956066,3041802,1
0,1667024327,1.125868,3045105,41
0,3679611931,0.844907,3045903,5
0,3369979453,1.125434,3047536,17
0,2243272019,0.820275,3049869,27
0,3689163377,0.915364,3052191,27
0,3560548769,1.004871,3056000,48
0,3431242183,0.705032,3061677,56
0,1350922949,0.694566,3063102,11
0,2408279737,0.877229,3063760,1
0,3535382717,0.876673,3066095,22
0,1112392811,0.882225,3068436,27
0,1753592167,1.035031,3071734,41
0,4255193231,0.944247,3073220,15
0,790379731,0.946313,3074428,11
0,3252234511,0.978779,3077317,35
0,3561759953,1.156250,3078452,10
0,4280939417,0.875558,3079597,10
0,100169009,1.043020,3080443,6
0,2918753221,0.915364,3083003,30
0,1020087337,1.095980,3085118,24
0,3227129681,0.906250,3086107,8
0,3646833173,0.858096,3086752,3
0,2065059421,0.768648,3088691,21
0,3195449219,0.778746,3090539,20
0,729835009,0.782499,3091381,6
0,767676409,0.938541,3092659,12
0,4066542281,0.822653,3093649,8
0,64733821,0.914830,3094151,1
0,2916942607,1.047225,3095081,7
0,2078264527,0.940101,3096656,16
0,2188751263,1.019344,3099634,36
0,2678675891,0.972272,3104751,67
0,2959959697,0.877786,3106168,14
0,3166975211,1.117160,3107237,9
0,3509762407,1.043020,3108654,14
0,1397684969,0.875558,3110289,17
0,396501947,0.722139,3111700,14
0,3375800513,0.980772,3116959,62
0,1849088081,0.940620,3118963,22
0,1044608897,1.033615,3120381,14
0,4213700497,1.132354,3121038,3
0,2005708301,0.852386,3123358,24
0,718448431,0.834439,3128928,73
0,188359427,0.903552,3129425,1
0,1607414267,1.094643,3134692,69
0,2402696563,0.938541,3138696,51
0,778607981,0.882225,3139483,5
0,4022577371,0.858096,3140009,1
0,1249485319,0.973777,3140654,3
0,3227416141,1.079370,3142857,25
0,556185527,1.064795,3144775,21
0,2164797937,0.969254,3145570,5
0,1564655107,0.875558,3146581,8
0,4243021781,0.939581,3147668,9
0,4059483517,0.846062,3149726,23
0,2349850037,1.062959,3151222,15
0,354836389,0.910550,3154177,36
0,2584618199,1.125868,3159786,70
0,3754643201,0.924387,3161366,16
0,3671294479,0.891584,3163464,10
0,1659733709,0.804043,3165195,15
0,3663690253,0.864332,3166288,9
0,3940739399,0.796722,3171005,61
0,1908844741,1.131923,3172076,9
0,574241281,1.015505,3179982,107
0,728209991,1.094196,3180917,7
0,2893814813,1.169268,3182607,18
0,504157261,0.843750,3186038,43
0,476075423,0.915364,3187376,13
0,2948754547,0.822653,3191662,55
0,4294550681,0.927551,3194984,41
0,4252403383,1.130628,3196407,14
0,2189186819,0.955044,3197911,15
0,30300719,0.973777,3198544,3
0,1880914537,1.099538,3203129,59
0,3604951127,0.944247,3204009,6
0,1849905821,0.852959,3205996,22
0,198797611,1.043020,3207125,10
0,3390778123,0.880563,3210006,35
0,342980653,1.032197,3210786,5
0,3900228107,1.077106,3211440,3
0,4246692001,0.919621,3212021,2
0,3424188329,1.048623,3213510,15
0,2541509153,1.068458,3215009,11
0,1575355931,1.012133,3219233,54
0,3515587939,1.007782,3224057,60
0,2616250561,0.851240,3225007,7
0,3701507111,0.971267,3225651,3
0,2200746319,0.783746,3229437,48
0,2082594949,0.848367,3230635,11
0,1668695981,0.817294,3231359,4
0,1298799533,0.989199,3232221,6
0,3858013921,0.939581,3235807,45
0,337431533,0.981767,3238487,32
0,3996604319,1.035503,3239148,3
0,1708347541,0.911622,3240565,14
0,136082311,0.875558,3241209,3
0,1579998559,0.875000,3243605,28
0,1185681863,1.099538,3244674,9
0,1115825443,1.126735,3245667,8
0,1782945097,0.969254,3247354,18
0,2515629029,1.002438,3248570,11
0,2207101189,0.908940,3249223,3
0,3209258413,0.964203,3250087,6
0,3959807281,1.073928,3252968,35
0,3885246403,1.099538,3255923,36
0,1144897843,0.971267,3256779,6
0,3615303281,1.062500,3257855,9
0,1259574119,0.851240,3260965,38
0,3837859027,0.911086,3261782,2
0,1587750793,0.756482,3266459,48
0,34721389,1.175100,3268073,13
0,3378300227,0.832682,3269092,6
0,2970342127,0.766103,3270665,16
0,1360191967,0.814900,3272706,23
0,525403601,1.006328,3274465,19
0,1118177213,0.832682,3277969,44
0,171356599,1.058356,3279118,10
0,4104906313,0.848942,3280907,19
0,3881472097,1.039268,3282109,11
0,2020937623,0.911622,3284639,30
0,1079026297,0.846639,3285138,1
0,42692227,1.001951,3285840,4
0,2254360447,0.720107,3290407,59
0,2846742023,1.132354,3295734,70
0,2789788523,0.877786,3296385,3
0,198170719,0.882225,3297104,4
0,2785124231,0.960652,3298100,8
0,403773277,0.824432,3301460,42
0,763731181,1.032197,3302110,3
0,870677611,1.016466,3302772,3
0,3183379033,1.004871,3305248,29
0,3305137057,0.919621,3305963,4
0,1997226307,0.941657,3308006,23
0,3463646867,0.867152,3309650,17
0,2598908731,1.189554,3313525,49
0,785417543,1.031250,3315143,17
0,4238905897,0.848367,3319387,50
0,3719767489,0.977780,3320192,5
0,4200107011,1.050483,3324398,51
0,70608521,0.883883,3325619,11
0,1731931207,0.993141,3327459,20
0,3126851699,1.014061,3328545,9
0,2232706867,1.099538,3330801,26
0,4253528519,1.000976,3333978,39
0,1706057107,0.987223,3337971,51
0,2078696801,0.864897,3338692,4
0,518258047,0.817294,3339915,11
0,2430546197,1.017906,3340770,6
0,2595547561,1.012133,3342137,13
0,3811030061,1.000488,3345584,43
0,1621239127,1.102642,3346860,12
0,1899439441,0.846639,3349615,33
0,3065384981,0.846639,3351371,19
0,1594735771,0.946313,3352444,9
0,2673533953,0.791804,3353509,9
0,692407091,0.939581,3354021,1
0,549102221,0.877229,3356414,28
0,575215847,0.950945,3356992,2
0,2258795603,0.920152,3359170,25
0,1710238477,1.031723,3359679,1
0,3960021479,1.035974,3361646,22
0,769165547,0.862070,3362854,11
0,1210493861,0.825615,3364552,13
0,4224701293,0.992649,3365389,5
0,2636314991,0.942176,3366392,8
0,3607180043,1.038798,3370721,42
0,3312079669,0.976781,3372048,10
0,1557080909,0.850666,3374054,21
0,2919342227,0.880008,3375336,12
0,2731495237,1.079370,3378501,39
0,3230399231,0.936979,3381389,35
0,3473482123,0.925443,3382105,4
0,2781215467,0.829745,3382694,2
0,582339631,0.748697,3383550,6
0,4280575307,1.050019,3385320,19
0,2057368783,1.039738,3385912,2
0,288601003,0.858096,3387113,11
0,599031007,0.858096,3387914,5
0,640511939,0.958616,3388494,2
0,469707709,0.791804,3389019,1
0,2105037601,1.191605,3391057,23
0,3949016389,0.963190,3391991,7
0,1846642241,1.191605,3393673,18
0,16867699,0.891584,3397585,50
0,3053639839,0.798558,3399057,12
0,1337110217,1.000488,3399948,6
0,3174398809,0.884436,3400956,8
0,3112539161,1.046292,3403141,25
0,3608129803,1.146496,3403654,1
0,3965235551,0.977281,3407376,47
0,1020391171,1.043488,3408165,5
0,377743271,0.946829,3411314,39
0,1652527783,0.758416,3415869,59
0,2704619167,0.756482,3419258,42
0,713522141,1.140518,3423629,52
0,3970694579,1.031250,3425420,19
0,1329481663,0.681078,3427610,25
0,3110881271,0.913227,3428946,10
0,1842715997,1.105296,3431436,29
0,4248408029,0.813701,3433283,20
0,3346501307,0.858096,3434507,11
0,3108472901,0.939581,3435505,8
0,2506397753,0.978779,3440417,64
0,837808891,0.813701,3445463,66
0,4143711323,1.009235,3449958,58
0,2636871551,1.039738,3457233,98
0,35584261,0.888841,3458352,10
0,3867899677,0.973777,3458946,2
0,2609127371,1.004871,3461151,25
0,149552329,1.033142,3462572,14
0,1257474619,1.037387,3463947,13
0,113792711,0.925971,3466695,29
0,1442332901,0.854103,3467850,10
0,152305973,0.945797,3471087,27
0,1674343423,1.110145,3471974,4
0,2276788781,0.853531,3472551,2
0,3038012269,0.831508,3473322,3
0,1072408319,0.921743,3475408,23
0,3768330803,0.686078,3478540,38
0,538206707,0.907327,3479743,11
0,2399101477,0.977281,3485557,77
0,246875477,0.958616,3487657,24
0,2032702697,1.238226,3489074,14
0,2483822017,0.971267,3490989,21
0,2909889869,1.128467,3491571,2
0,1098873689,0.846639,3494002,28
0,189658543,0.876115,3494790,5
0,3325920449,0.877229,3495303,1
0,3742022087,0.954021,3496028,4
0,1548274853,1.056047,3497792,19
0,2577877609,0.834439,3498378,2
0,3868661897,1.025552,3499300,7
0,1539306833,0.813101,3502112,34
0,1179990661,1.019344,3502758,3
0,1171751389,0.947859,3504042,12
0,2428551221,0.942176,3504966,7
0,861092989,0.919621,3506520,16
0,3322569587,1.016466,3512060,73
0,1160350771,0.895409,3515074,37
0,1385814737,1.128899,3516426,13
0,147717803,1.181729,3517078,3
0,4043159621,0.867152,3519826,33
0,4248474179,0.958616,3521311,15
0,654064343,0.848942,3524323,29
0,2806624297,0.853531,3526186,20
0,503691739,0.892679,3527112,7
0,1186776169,1.009718,3529745,29
0,1018160153,0.882225,3532040,26
0,284850529,0.882225,3533307,12
0,3290877739,0.939581,3534096,5
0,576189919,1.031723,3534900,5
0,2591803273,1.095980,3536666,19
0,1498656869,1.006328,3537593,7
0,3902807231,0.849517,3538522,7
0,2819905813,1.031723,3540017,15
0,894437497,0.824432,3542745,33
0,1177410307,0.791187,3543463,4
0,4115507563,0.920152,3545507,23
0,3375096679,0.766740,3546467,7
0,1733169701,1.037387,3547181,4
0,367614371,0.908940,3548175,8
0,4130516773,0.784369,3551977,48
0,3943001191,1.002438,3552559,2
0,2401836803,0.955044,3554961,28
0,3583336303,1.004385,3555551,2
0,1455977221,1.128467,3556058,1
0,1624270709,1.063419,3557471,14
0,71089831,0.854103,3559225,19
0,1974315611,0.853531,3564921,75
0,4178082973,0.920152,3571085,77
0,4218653953,0.897588,3574070,24
0,2545923397,0.755837,3575899,14
0,3381527473,0.815499,3579649,47
0,3795007327,0.977281,3580936,12
0,1178494433,0.864897,3581945,8
0,2584718251,1.099538,3582885,7
0,2548236863,0.675318,3584161,12
0,1324424419,0.907327,3587197,37
0,1804896077,0.820870,3589446,26
0,3582255799,1.012616,3590584,10
0,1130132243,1.004385,3591239,3
0,2737913863,1.044891,3594248,37
0,1391089229,0.971267,3595525,12
0,2734172737,0.911622,3597486,22
0,844588999,1.043020,3598069,2
0,3139045751,0.875558,3602276,54
0,1618322621,0.877786,3603510,11
0,65802133,0.858664,3604502,8
0,967220237,0.920152,3607257,33
0,1007059607,1.002438,3607975,4
0,3549819277,0.952484,3609547,16
0,1080842837,0.745429,3610053,1
0,405575563,0.802219,3610980,7
0,2284022633,1.225542,3614769,48
0,184165307,1.167178,3615560,5
0,2713239817,0.971267,3616630,9
0,983931863,0.908940,3620241,45
0,465962533,0.888841,3622136,21
0,1943619043,0.942694,3624966,34
0,2042973209,0.877786,3628768,43
0,2163232499,0.753896,3629380,2
0,198659789,1.161727,3630582,11
0,2462139887,1.017906,3633253,29
0,380121967,1.163407,3633994,4
0,3096945977,0.913227,3634785,5
0,2148473599,1.261277,3635580,5
0,2650489123,0.907327,3637082,15
0,4154329453,0.858096,3638363,12
0,2617060163,0.956577,3640637,26
0,2485003733,0.925443,3643098,29
0,2939346853,1.062959,3646012,35
0,1872118111,0.969254,3651064,66
0,3063172193,0.815499,3651845,5
0,1236041449,0.946313,3653617,19
0,3059571997,0.877786,3655801,25
0,2675238277,0.815499,3658404,31
0,224241029,0.994614,3660375,22
0,3474798179,0.913227,3662148,19
0,2991116243,0.753248,3663500,13
0,4091537353,1.000976,3667670,53
0,1794324241,1.094643,3669225,16
0,4262093029,0.858096,3669736,1
0,3278298983,0.762910,3672444,28
0,248488739,0.939581,3672980,1
0,1038163129,0.701561,3676287,29
0,1369566917,0.662176,3681727,69
0,44000603,0.985738,3684346,30
0,1742267939,1.105296,3685856,15
0,1763245417,0.908940,3686955,8
0,3904720441,0.978779,3689381,28
0,1575047483,1.129332,3690115,4
0,3082033519,1.003899,3694911,62
0,3331459211,1.167596,3698894,51
0,2422419919,1.004385,3700305,14
0,1559726171,0.863202,3701166,6
0,885006223,1.000488,3701958,5
0,3241736677,0.933847,3705048,38
0,3661784857,1.190785,3706319,12
0,3782262457,0.957087,3706832,1
0,4143639431,0.938021,3708961,24
0,1945092283,0.888841,3710521,16
0,3541467929,1.004385,3711445,7
0,1283393807,0.911622,3712718,12
0,1004693453,1.003899,3713788,9
0,3792676399,0.889939,3717309,44
0,1139806441,0.806468,3718228,7
0,1977163547,1.043020,3718745,1
0,4053228841,1.280869,3720940,25
0,1194156937,1.222350,3721586,3
0,3280740139,0.877229,3722310,4
0,1199877479,1.000976,3725136,34
0,3534474283,0.853531,3727047,21
0,4217697191,0.911622,3729803,33
0,4293761419,1.035503,3730465,3
0,3508824023,1.032197,3732228,19
0,3747792131,0.784369,3736360,53
0,2664856511,0.991172,3737164,5
0,3425231219,0.981270,3737893,1
0,1210289413,0.940620,3739653,19
0,907670663,0.977281,3744338,58
0,3272755727,0.844907,3745629,12
0,4218811393,0.980772,3746491,6
0,2806218251,0.888841,3747931,14
0,2523177439,0.977281,3750613,32
0,1306690507,1.094196,3751904,12
0,179312389,0.913227,3754789,35
0,62333959,0.824432,3755359,2
0,1556338699,0.932277,3759217,49
0,291286561,0.850666,3760278,9
0,3717221593,0.944247,3766642,85
0,1794654187,1.007782,3768421,19
0,386702623,1.056047,3772083,46
0,2104713701,0.824432,3773649,12
0,4292806237,1.031723,3777640,38
0,540049303,0.950432,3778714,7
0,2958034433,0.832682,3779839,10
0,2919839831,1.044891,3781098,10
0,147484511,0.686078,3782037,7
0,917837539,0.902471,3784718,32
0,3227619697,1.035503,3785288,2
0,366486083,0.852959,3787116,20
0,1763454947,0.727528,3788464,13
0,2830300027,0.914830,3792268,48
0,747222583,0.880563,3794799,30
0,1957194611,1.024123,3797055,26
0,1132569029,0.979277,3797982,7
0,416504783,1.068458,3800022,23
0,2046936467,1.071652,3801016,8
0,4228596329,0.891036,3802714,18
0,933056779,0.938021,3806999,55
0,1141875541,1.012616,3807852,6
0,1881324451,0.989199,3809272,14
0,2708479573,0.912157,3809993,4
0,3262666487,1.170520,3810717,4
0,814678103,0.973777,3811842,10
0,3472734203,0.914830,3814664,34
0,3026045717,0.981767,3817065,28
0,3800673053,0.880563,3818628,16
0,1776412367,0.824432,3819640,8
0,3890862103,0.925971,3822180,30
0,3282168739,0.975280,3823807,17
0,3341851087,0.822653,3826551,33
0,711843833,1.073928,3827833,12
0,1307013791,0.851240,3828492,3
0,2247906659,1.003899,3830702,22
0,2584036649,1.139661,3832109,9
0,4141517561,0.732211,3832781,3
0,3273815399,1.152867,3834080,12
0,3875484133,0.873324,3836004,21
0,3213340609,0.783746,3837963,19
0,3138514949,0.981270,3839129,10
0,1052183903,0.941657,3839715,2
0,163619063,1.008267,3840838,10
0,1980186869,0.977780,3843084,26
0,720249239,0.908940,3844358,12
0,1205963569,0.952484,3845494,10
0,128784949,1.040677,3846209,4
0,4239980053,0.973777,3848618,28
0,3454631339,0.784369,3849981,13
0,4002936857,1.105296,3852948,36
0,2389253231,0.978779,3854087,10
0,3318685313,0.971267,3855436,13
0,1796665361,0.818488,3856220,5
0,1806987173,0.882225,3861354,67
0,3466827409,1.004385,3863676,27
0,932774333,0.813101,3864808,10
0,3197300269,1.014061,3865820,8
0,1888566103,1.075745,3867166,13
0,2435183591,1.033142,3869698,30
0,1224301139,1.001951,3870209,1
0,774179519,0.968750,3870855,3
0,1178610233,1.000000,3873603,33
0,1968415609,1.106621,3877923,51
0,3394788029,0.880563,3885711,89
0,2793362567,0.925971,3887180,12
0,3779970563,1.007782,3887690,1
0,1322372321,0.872205,3889588,21
0,3262199011,0.975280,3891015,14
0,288495499,1.000976,3893531,30
0,3946521947,0.914830,3897346,48
0,108542011,1.074382,3902705,70
0,3496294471,1.200586,3903655,7
0,910669451,1.177176,3908145,58
0,2222948053,0.797334,3909642,15
0,758317741,0.846639,3910926,12
0,1081416647,0.789333,3912065,10
0,4187720863,0.751301,3913139,9
0,2114611417,0.750651,3913855,4
0,1749414091,0.927551,3916469,31
0,198789011,0.875558,3918581,24
0,1752609473,0.911086,3919165,2
0,3826145563,1.003899,3920785,17
0,2901945637,0.971267,3921789,8
0,888231137,1.033615,3923073,12
0,707074649,0.834439,3925255,25
0,1557759407,0.773714,3926888,17
0,2968020043,0.911622,3929566,32
0,131681629,0.971267,3934136,59
0,4048478341,0.846639,3934970,1
0,98112193,1.039268,3936683,18
0,1450816021,1.099538,3938653,22
0,3898231913,0.925443,3939575,7
0,290237239,0.937500,3941050,12
0,2170363417,0.944247,3942402,13
0,2706551119,1.002438,3944529,24
0,3296424283,1.009718,3945677,10
0,2023074611,0.968750,3946259,2
0,4131239219,0.962683,3949019,33
0,3800474963,0.906789,3950430,14
0,1159983887,0.956577,3952475,23
0,495985723,0.815499,3953253,5
0,1648697191,0.782499,3955222,22
0,2812249001,0.915364,3957001,19
0,3361751131,1.017426,3964980,108
0,3761748481,0.971267,3969387,57
0,2883181417,0.884436,3970182,5
0,3323880979,0.963190,3970831,3
0,2394020281,1.048157,3974274,43
0,36677573,0.880563,3977116,34
0,91806791,0.920152,3978693,12
0,4271789827,0.841432,3983244,45
0,1423384621,1.038798,3985561,21
0,1603260601,1.095534,3986676,9
0,2026282127,0.880563,3987604,7
0,1086793837,0.972774,3988596,8
0,1180306601,0.753248,3989238,3
0,2433593999,1.029354,3992048,34
0,4183889867,0.891584,3992563,1
0,2739978023,0.781250,3993779,11
0,776363131,0.958616,3995143,13
0,2099655011,0.830333,3995724,2
0,2028527447,1.004871,3997158,14
0,3634812367,0.940101,3998787,17
0,4156803779,0.981270,4002592,48
0,2490750851,0.718750,4003317,4
0,933050749,1.075745,4003832,1
0,942509371,1.032197,4004688,6
0,1558061363,0.928078,4006797,24
0,222649267,1.146496,4008490,18
0,837313483,1.063419,4009214,4
0,432355601,0.910550,4009710,1
0,3102810631,0.958107,4010286,2
0,473833819,0.956577,4011569,12
0,1881860059,0.875000,4012509,7
0,197631989,0.916963,4013650,10
0,238163839,0.906789,4015337,18
0,2930896511,0.916963,4017685,27
0,851598463,1.127168,4019529,20
0,1914126871,0.944764,4020383,6
0,3440533739,1.000976,4021377,8
0,3183136459,1.191605,4022315,7
0,3668173987,0.884436,4024292,22
0,1097648561,1.038798,4030430,82
0,96601573,0.978280,4030931,1
0,2185494907,0.842012,4032403,15
0,868958177,0.867152,4033612,11
0,4268821097,0.879453,4034261,3
0,3239859709,0.876115,4035719,10
0,1416980533,0.993632,4036313,2
0,3464245649,1.212323,4037796,15
0,2813826913,1.071652,4040604,31
0,1574305619,1.050483,4041705,9
0,375477847,0.913227,4047019,70
0,1420673047,0.762910,4048012,8
0,2470307951,0.836193,4053007,65
0,2326929491,1.033615,4053857,6
0,2915683609,1.025552,4054939,9
0,2335166077,0.942694,4055961,8
0,3239438309,0.844329,4057252,12
0,1110647773,0.976781,4057829,2
0,2981821721,1.007782,4061271,43
0,367143481,0.906789,4062395,10
0,3951579707,0.938021,4063954,16
0,3174166279,0.882225,4067914,50
0,870665801,0.858096,4069256,13
0,568150031,0.858664,4074511,69
0,2892492173,0.973777,4075173,3
0,849746369,1.064795,4077487,27
0,320017483,1.035031,4078550,9
0,3412038103,1.031723,4084934,67
0,3093597349,0.844329,4085682,2
0,1242089561,0.940101,4086597,7
0,2119061201,0.915897,4088014,14
0,1671626797,0.884988,4088792,5
0,2182532281,0.880563,4089800,8
0,1245456967,1.043020,4092049,26
0,2543706553,0.952484,4093330,12
0,2505962387,1.012133,4094898,16
0,3253265167,1.086134,4097990,38
0,625797559,0.864332,4100655,32
0,3438485431,0.895409,4101383,4
0,126666101,1.081629,4104666,41
0,3961715209,1.183381,4105799,10
0,730295611,0.972774,4110230,57
0,1752806179,1.152443,4110810,2
0,1264836473,0.964203,4111674,6
0,972052867,0.855246,4112181,1
0,1201149359,1.038328,4113179,8
0,3075399727,1.104854,4114528,13
0,1824992101,0.818488,4115110,2
0,634544291,0.950945,4115829,4
0,154393333,1.093303,4118289,29
0,3037587871,0.863202,4119017,4
0,1146564163,1.151171,4121147,24
0,2093197657,0.941657,4122497,13
0,2934663757,0.919621,4123506,8
0,2507659487,0.899761,4124035,1
0,907267469,1.098205,4125864,20
0,3199615019,0.972272,4130377,58
0,795880409,0.952484,4131234,6
0,2512175881,0.914830,4132033,5
0,3641346617,1.064795,4134155,24
0,3371833307,0.696672,4135935,14
0,3250790867,0.805862,4136597,3
0,1166053501,0.849517,4140685,50
0,245513309,0.817891,4142109,14
0,3980529979,0.796722,4143658,16
0,2149165643,0.791187,4144369,4
0,323474357,0.952484,4145442,9
0,488482219,0.771818,4146506,9
0,1728421619,0.973777,4148626,24
0,1627389529,0.970764,4149919,12
0,1964694443,0.839108,4151482,16
0,4126456091,0.932801,4156478,65
0,108718609,0.920152,4157183,4
0,3598317167,1.001951,4158541,13
0,3026484037,0.855246,4159120,2
0,2633982991,0.761629,4160194,9
0,3115283399,0.963190,4162669,29
0,2266162081,0.950432,4170165,101
0,4045818041,0.971267,4170672,1
0,1336619183,1.035031,4171466,5
0,11857037,0.971267,4172648,11
0,3296228071,0.827978,4173161,1
0,3900292069,0.860369,4174374,11
0,1378310107,0.766740,4176072,18
0,4132297607,0.766740,4176591,1
0,3023200591,0.981767,4177173,2
0,2487425393,0.969254,4180956,48
0,1461085771,1.017426,4182098,10
0,3932762863,0.967237,4184348,21
0,2774741129,0.939581,4184868,1
0,3552415039,1.161307,4187169,14
0,1259856679,0.975280,4190268,33
0,234646681,1.090173,4191160,5
0,1485962627,0.729539,4191750,2
0,1922673341,1.070284,4193036,12
0,2799987361,0.972272,4194515,15
0,1597694377,0.849517,4195170,3
0,2391556249,0.915364,4197700,30
0,3298922027,0.773082,4198486,5
0,3623489549,0.950945,4199480,8
0,262878067,0.930180,4200272,5
0,2799502087,0.872205,4204904,60
0,147631639,1.095534,4206099,11
0,726447037,0.817891,4206612,1
0,1211404361,0.944764,4207179,2
0,1807172333,1.033615,4207910,4
0,1639831007,0.730876,4209404,15
0,3747960731,1.038798,4211824,28
0,4093073921,0.911086,4212685,6
0,1501779619,0.939581,4213194,1
0,2140494299,1.050483,4216436,40
0,919114159,0.858664,4220365,50
0,3388362941,1.037387,4220956,2
0,723601,0.986728,4222700,20
0,1817670649,0.799169,4223995,12
0,627796969,1.021736,4225061,9
0,1091421889,0.818488,4226554,15
0,2312028869,0.700167,4228322,19
0,691559731,1.042552,4230848,30
0,3296853037,1.039268,4231781,7
0,1327470757,0.989199,4233490,18
0,1479775379,1.094196,4234282,5
0,2678112557,0.924387,4235562,12
0,1039416163,0.971267,4236298,4
0,4289986291,0.977281,4237176,6
0,1565229059,1.035031,4239918,33
0,2806746751,1.095534,4242605,28
0,1925009069,1.047225,4244103,15
0,2851830451,0.760345,4245249,10
0,2974447547,0.827978,4248012,31
0,3717197009,0.822059,4248550,1
0,14355931,0.979277,4249387,6
0,796733297,0.876115,4250875,15
0,3060732931,1.094643,4260888,137
0,1545696947,1.001951,4264904,51
0,1395788161,0.876673,4265612,4
0,2242858421,1.035503,4268084,29
0,1742293667,0.915364,4272077,51
0,732014447,1.033615,4272590,1
0,411637091,0.888841,4274207,17
0,1302278119,0.805862,4274867,3
0,2133521053,1.067086,4279853,65
0,39455887,1.081178,4280352,1
0,927222337,0.844907,4281274,7
0,1386521881,0.866589,4283315,23
0,3822574043,1.082983,4294228,131
0,2653770179,1.244519,4296042,17
0,3513504031,0.822653,4296835,5
0,296366281,0.820275,4297754,7
0,3290546489,1.146070,4298540,5
0,2891831617,1.044891,4300932,28
0,3250688621,1.146496,4303676,33
0,2735252497,0.902471,4305988,27
0,4223294171,0.793652,4307137,10
0,2931584963,1.035974,4308983,20
0,3600180557,0.932801,4312873,49
0,4239749179,0.971267,4315203,27
0,2331361093,1.033615,4316762,16
0,1359964663,0.971267,4318258,15
0,3899539873,0.884436,4318764,1
0,2065212761,0.972774,4321297,30
0,2773654951,1.183381,4322158,6
0,2846259359,0.956577,4323031,6
0,505730579,0.925971,4324583,16
0,502968031,0.813101,4325249,3
0,2626336487,0.880008,4325763,1
0,1018024361,0.846062,4328723,36
0,1979165563,0.913227,4330094,13
0,1873820363,0.978280,4331443,13
0,590020999,1.081178,4332291,6
0,1888238377,1.021736,4333352,9
0,3377987983,0.891036,4334210,6
0,692893777,0.722139,4339680,72
0,2471755313,0.822059,4340542,6
0,2738877641,1.189554,4341475,7
0,2415108167,0.995105,4342810,8
0,1525657927,1.008267,4343336,1
0,1549313243,0.877229,4349195,75
0,1925399761,1.084785,4350635,14
0,3813085897,0.760345,4353756,38
0,3087523223,0.921743,4354980,11
0,3065961209,1.067086,4355571,2
0,446741329,1.128467,4358302,33
0,1641066983,0.818488,4359022,4
0,3497463797,1.132354,4359891,6
0,222789361,0.822059,4361161,12
0,944511467,0.910550,4363266,24
0,3225984757,0.844329,4364260,8
0,3176168389,0.662913,4366726,29
0,3097840231,1.064795,4368078,13
0,4173004427,0.983258,4369229,10
0,912850093,1.098205,4370298,9
0,529512001,0.975280,4370803,1
0,817957573,1.035974,4373463,32
0,1789511747,0.886090,4374178,4
0,3364092679,0.956066,4374975,5
0,2252673287,0.976781,4376587,17
0,1799132497,0.908940,4379820,40
0,1094330311,1.043020,4384012,54
0,831826399,1.074382,4386758,33
0,3025235009,1.013098,4388061,7
0,601684877,1.099538,4389016,7
0,3093465097,1.050483,4392003,24
0,2027243147,0.944764,4392673,1
0,3722044591,1.095534,4394243,16
0,2457552479,0.966732,4395897,12
0,3026043791,1.167596,4399391,41
0,1725050497,0.947859,4400144,4
0,105476123,0.725512,4401339,11
0,2036387623,1.160044,4402693,13
0,2447982833,0.880563,4403199,1
0,4101269969,0.912157,4404770,16
0,320743147,0.911622,4406604,20
0,947173261,1.012133,4407324,4
0,1447447357,0.978280,4408252,7
0,555382301,0.876673,4408973,4
0,3301095617,0.945797,4410514,16
0,3299649359,0.957087,4413348,34
0,3273599971,0.799169,4414070,4
0,4218823913,0.969758,4414792,4
0,3053512261,1.097316,4417053,26
0,947135767,1.151171,4418746,18
0,390811097,0.793652,4423370,60
0,2412506539,0.804043,4426495,38
0,165451081,0.698771,4430011,44
0,3325967257,0.916963,4431637,17
0,248886047,0.907327,4433256,17
0,240605207,0.958616,4434808,16
0,50001727,0.967237,4435733,7
0,141711803,1.091516,4438884,39
0,803191637,1.008751,4440516,17
0,2036371147,1.008267,4442355,20
0,1003594237,0.970764,4443153,5
0,1290016279,0.938541,4445424,26
0,2419911551,0.927551,4446249,1
0,911334023,0.880563,4447616,13
0,2563621421,0.969254,4448681,9
0,2501699251,1.003899,4449750,9
0,2520301321,0.939581,4455162,68
0,3761623687,0.846639,4456805,17
0,683421737,0.784369,4460574,48
0,3595535389,0.969254,4461593,8
0,3690891313,0.818488,4462531,7
0,4229127919,0.972774,4463542,8
0,3611762389,0.820275,4464683,10
0,1860041861,1.064337,4466316,17
0,476396419,1.037387,4468629,27
0,1797385951,1.070284,4470631,22
0,860686067,0.940101,4472391,19
0,3088604929,0.884436,4473532,10
0,3954375871,0.813101,4474404,6
0,2948118659,1.069828,4475264,6
0,189512159,0.906789,4476338,9
0,658816993,1.003899,4478308,22
0,3955883713,0.884436,4480516,25
0,1276347691,1.073928,4485702,68
0,1614539411,0.813101,4488435,33
0,1887292843,1.040677,4491485,33
0,2428530553,0.973276,4493213,18
0,2422004927,1.012133,4495678,13
0,668382199,1.140518,4496853,9
0,789703807,0.836777,4498556,18
0,3141683851,1.132354,4499424,6
0,565475881,0.776234,4502176,33
0,1536788611,1.033615,4502974,5
0,256941929,0.952997,4507058,52
0,3057446261,0.921213,4508416,13
0,1776100913,0.850666,4511993,45
0,3954786817,0.976781,4513827,20
0,1728182459,0.771818,4514688,6
0,386726243,1.158360,4515547,6
0,1321948357,0.964203,4516831,12
0,487157837,0.936979,4523487,89
0,4101316693,1.048623,4525330,20
0,1627738081,1.012616,4531751,86
0,2157618103,0.862070,4533657,21
0,1881445009,0.975280,4536263,31
0,3753893459,1.016466,4537068,5
0,3335501879,1.039738,4538836,19
0,169698821,0.882225,4540450,17
0,1837053313,0.732211,4546752,77
0,232997543,0.883883,4547513,4
0,1093635679,0.799169,4548099,2
0,1061400589,1.091963,4549092,8
0,3553273267,0.940101,4549607,1
0,1838799187,0.833854,4553262,43
0,3257801977,0.947859,4555806,30
0,531420193,1.066628,4557426,17
0,2172219079,0.955044,4558376,7
0,1222359209,0.882225,4559161,5
0,3462703591,0.727528,4559961,5
0,3244731037,0.950432,4561374,14
0,3603934549,0.675318,4566486,67
0,786964169,0.915897,4575189,118
0,959849519,0.877229,4575835,3
0,1930071569,0.873324,4580168,56
0,275054069,1.132354,4585791,74
0,47324339,1.035031,4586430,3
0,2591696917,0.781875,4587354,7
0,1663681001,1.037387,4593100,72
0,3727853867,1.068458,4595448,27
0,1079872679,1.009718,4599441,37
0,1678941323,1.031250,4600682,9
0,656012351,1.024123,4601404,4
0,3384707299,1.115411,4602544,10
0,1482023953,0.745429,4605279,33
0,468334571,0.947859,4606650,13
0,703315409,0.981270,4610776,53
0,3308836031,0.939581,4614093,41
0,3879486077,0.891036,4614606,1
0,2195876807,1.050483,4615256,3
0,2787407197,0.736201,4621288,80
0,1488682339,0.911622,4621876,2
0,2593484737,1.275138,4623710,20
0,2608864547,1.008751,4627070,42
0,322435969,1.029354,4628562,15
0,2213249807,0.975280,4630129,16
0,2994099343,1.102642,4632732,31
0,2453771297,0.919621,4633230,1
0,1885582157,1.008267,4635567,27
0,4136358983,1.102642,4636089,1
0,1666333267,1.085235,4637655,16
0,1444140539,1.144365,4639778,24
0,353939191,1.064795,4643296,44
0,194328259,0.981767,4645958,32
0,1461588587,1.233485,4648235,23
0,2286296741,0.853531,4652373,53
0,441764803,1.048157,4653222,4
0,526481363,0.989199,4653895,3
0,4141443139,0.892679,4655600,18
0,3948002393,1.009718,4656963,13
0,1413283853,0.818488,4660894,50
0,4288374289,0.939581,4663302,28
0,1485879151,1.038798,4667181,49
0,2573559509,0.822653,4670555,42
0,4206698527,0.993632,4673437,35
0,4132676503,1.064795,4674794,13
0,2749794559,1.175100,4675526,4
0,2143406957,1.035974,4678992,43
0,1587619357,1.074382,4682077,38
0,1831463423,1.021736,4683300,11
0,2630457083,1.000488,4685154,20
0,2702946067,0.827978,4687614,29
0,1167608249,0.781875,4689169,16
0,976288147,1.094643,4691773,31
0,3038369479,0.822059,4692782,8
0,2179530901,0.755190,4693496,4
0,2098729861,0.827388,4695722,21
0,1150463101,0.938021,4700957,55
0,1524409,0.687500,4702923,20
0,2041966889,0.920152,4704424,15
0,910670333,1.063419,4705294,6
0,1019855671,0.844907,4706646,13
0,982109459,0.940101,4707361,4
0,1369368643,1.147347,4709191,20
0,3065306183,0.908940,4709922,4
0,303526733,0.964203,4713638,47
0,1906654973,1.074382,4714436,5
0,3865753141,1.012616,4715575,10
0,1245063247,1.137517,4716649,9
0,955324219,1.201399,4717587,7
0,654865661,0.944247,4724108,87
0,3647799703,0.860369,4726705,31
0,1125290659,0.904092,4728399,18
0,1300293013,1.019823,4729046,3
0,977411791,1.033615,4733445,57
0,4093480051,1.028405,4734105,3
0,2716343923,1.128899,4737538,43
0,333872629,0.879453,4739728,25
0,2159326201,1.016466,4741426,18
0,3887530601,0.903552,4742079,3
0,3380751343,1.016466,4743438,13
0,2300519059,0.985738,4744709,12
0,1262157703,1.031723,4745725,8
0,448481447,0.775605,4747847,24
0,1725258193,0.924387,4749953,17
0,1763423359,1.141374,4750988,8
0,823538941,0.977281,4752331,13
0,491311771,1.008267,4753884,16
0,4188840449,0.789333,4754454,2
0,3603025051,1.035974,4755903,12
0,3094604749,0.913227,4759298,42
0,1410071353,0.877786,4759812,1
0,357284281,1.033142,4760892,9
0,3287764111,0.981767,4764406,44
0,2942882783,0.944247,4767234,34
0,409472269,0.848942,4768927,18
0,1043215781,0.797334,4770132,11
0,1599408689,1.016466,4771403,12
0,2109655627,1.098205,4773381,22
0,593070623,1.167178,4774860,15
0,723412489,0.969758,4775945,9
0,941418433,0.888841,4780140,54
0,572453909,1.031723,4786699,88
0,255751123,1.128467,4787625,7
0,739647109,0.969758,4790843,40
0,3706624469,0.818488,4794291,43
0,629907679,1.095980,4797977,42
0,2642311697,0.985738,4799564,16
0,4059543281,1.035503,4801782,12
0,519796447,0.877786,4804226,21
0,3945548791,0.841432,4805389,10
0,3092508049,0.877786,4806036,3
0,1219842353,0.880008,4806964,7
0,1239063703,0.884436,4808170,11
0,915195577,1.024123,4810072,21
0,1805044231,0.950945,4814575,58
0,1963996591,0.883883,4815866,12
0,3675929233,1.142229,4821467,74
0,412544597,1.068458,4824474,37
0,2092082309,0.971267,4826584,24
0,2280005857,1.062959,4827584,8
0,2531139451,0.907327,4828180,2
0,3168441281,1.110145,4829248,9
0,2306325379,0.973276,4831857,31
0,952015381,1.180489,4832719,6
0,2533005809,1.285055,4833304,2
0,1086450487,0.919621,4835290,22
0,83033329,0.784369,4836350,9
0,1730804683,0.916963,4837641,12
0,2462220829,0.916963,4838992,13
0,3371255203,1.004871,4839640,3
0,1659590243,0.940620,4840994,13
0,2549725369,0.725512,4843133,24
0,2172462979,0.904092,4844978,20
0,410138933,1.099538,4846174,11
0,1850194043,0.895409,4853609,96
0,292877671,1.163407,4856925,41
0,786652661,0.981270,4857442,1
0,4147951253,0.942694,4857968,1
0,483860513,1.071652,4859204,9
0,3100696957,0.858096,4860577,13
0,3098557087,0.969254,4862635,23
0,2435023691,1.037387,4864601,22
0,139544773,0.975280,4866065,15
0,1275955217,0.659219,4868314,26
0,4023456137,0.908940,4869376,9
0,2142751343,1.035031,4870527,10
0,790595279,0.820870,4871806,12
0,2453477317,0.904092,4875447,46
0,1647151043,1.054659,4876041,2
0,932029643,1.070284,4879133,38
0,969872383,1.073928,4883639,58
0,4118571239,0.824432,4886103,29
0,2175827837,0.969254,4886757,3
0,2594446507,1.189554,4889358,31
0,4274412853,0.815499,4890155,5
0,166652443,0.908403,4892338,25
0,141034303,0.942694,4893736,14
0,2249913961,1.004871,4895567,20
0,1006804303,0.813701,4896429,6
0,3688681057,0.854103,4896952,1
0,1272297353,0.882225,4898891,20
0,697900969,1.197736,4900100,6
0,286641851,0.921743,4901256,10
0,327047389,0.911622,4902477,11
0,3394587299,0.863202,4908011,58
0,1756205323,0.934370,4908911,4
0,2684615237,1.128467,4909418,1
0,2208194519,1.123697,4912523,38
0,3992336027,0.734209,4913954,14
0,479076497,1.017426,4915278,13
0,579585203,0.911622,4916824,16
0,3518184907,0.801610,4917341,1
0,3344859767,1.132354,4925946,117
0,3619055459,0.688210,4926681,4
0,1163207393,0.953509,4929337,32
0,1391943983,0.867152,4930200,6
0,1816402867,1.008751,4932395,25
0,3069430831,0.978779,4935276,35
0,2469916481,0.950432,4935858,2
0,2280543037,0.820870,4938912,37
0,2500068553,0.981767,4941225,27
0,2091284099,0.950432,4946571,70
0,2782028177,0.848367,4947224,3
0,3597262177,0.991172,4951934,61
0,359072873,1.110145,4952433,1
0,1594822903,0.793652,4953295,6
0,193452937,0.775605,4957068,43
0,1539319427,1.018386,4958145,9
0,2877213077,1.004871,4960812,29
0,2579869811,0.938021,4966498,75
0,2867375323,0.938541,4969188,32
0,1366984313,1.126735,4970114,7
0,3416687627,0.981767,4970621,1
0,4229883809,1.012133,4971356,4
0,1203370433,0.889391,4972151,5
0,3108817757,1.004871,4974346,25
0,1024592773,0.950945,4976262,20
0,3369267029,0.853531,4977995,18
0,18821633,0.736201,4978971,8
0,1497499027,0.977281,4979683,4
0,2827988951,0.781875,4984755,66
0,869432119,1.099538,4986041,12
0,3568746169,0.946313,4986627,2
0,2437000603,1.004385,4987205,2
0,1404015559,0.906789,4991114,49
0,2821595879,0.947859,4991907,5
0,2239253267,0.942694,4992414,1
0,3010496851,0.844329,4993062,3
0,2100920749,0.766103,4993712,3
0,4018403141,1.063419,4994368,3
0,1551565139,0.760987,4995712,13
0,2845830521,0.756482,4997412,18
0,2918335663,0.882225,4998413,8
0,1840435711,1.037387,4999630,11
0,1434369779,0.877786,5000995,13
0,2540182063,0.894864,5003259,22
0,2382413639,1.054659,5004368,9
0,2733910841,1.077106,5005014,3
0,3016469077,0.846639,5006478,1
0,3349531181,0.877786,5009014,28
0,2293296961,0.850666,5009935,6
0,844375661,1.201399,5011634,18
0,2292273097,1.012133,5013326,18
0,183545533,1.255068,5015517,25
0,1081362853,0.873883,5016020,1
0,380821739,0.895409,5019376,42
0,4125038231,1.039268,5024848,72
0,369347711,0.855246,5029469,60
0,1814132039,1.012133,5031577,24
0,2208052687,0.969254,5032592,8
0,187538269,0.938541,5034213,17
0,565126027,0.938541,5035283,9
0,1128260179,0.889391,5037150,20
0,3189232903,0.784369,5039751,31
0,3293279359,0.895409,5041949,25
0,338718473,0.735538,5043417,15
0,3576332651,0.849517,5047613,54
0,76184047,1.110145,5048609,8
0,1773550423,1.002438,5050390,19
0,3067526513,0.988706,5051672,12
0,300386521,0.851240,5053856,25
0,3464046571,1.086584,5055296,14
0,3477072881,0.836193,5056096,5
0,2571260821,1.051877,5057297,11
0,1420804703,0.910550,5060244,32
0,2237743477,0.958107,5062853,31
0,3066601277,0.984747,5065508,29
0,3645868103,0.880563,5067228,18
0,1957847807,0.958616,5068024,5
0,3728579623,1.160044,5070155,24
0,81700757,1.031723,5072429,26
0,3114406153,1.066170,5073925,15
0,4081833731,0.906789,5075551,17
0,2651694037,0.955044,5076689,10
0,723261697,1.095534,5077324,3
0,2982858833,0.844329,5077831,1
0,406580089,0.968750,5078623,5
0,2577712153,1.038798,5081074,29
0,4205321893,1.100870,5082496,14
0,968427211,1.074382,5084757,26
0,864265049,0.756482,5085268,1
0,3818377207,0.911086,5090192,64
0,754713823,0.880008,5091469,12
0,2200597307,0.803435,5093231,19
0,315079073,1.188322,5094859,17
0,4155832381,0.973276,5096238,13
0,1409324911,1.075745,5097022,5
0,2927627699,1.012133,5100725,47
0,2169240383,0.815499,5103266,30
0,3744544717,0.882225,5104807,11
0,430006609,1.157094,5105460,3
0,1446106349,0.902471,5106257,5
0,429458009,0.913227,5109118,22
0,2531477603,0.946313,5109938,3
0,1275437281,0.975280,5116158,83
0,4193087317,0.908403,5117376,11
0,1657866953,1.019823,5118780,14
0,1234352279,0.950432,5119582,5
0,3227677139,0.893772,5122191,31
0,3791140523,0.987223,5123056,6
0,71292173,0.796109,5123555,1
0,4112624179,1.043020,5125178,17
0,2091600347,0.753248,5125978,5
0,2737964261,0.877786,5127313,13
0,247875983,0.797334,5128579,12
0,4032068321,0.985738,5129858,12
0,1092983831,1.143084,5130787,7
0,1852331443,0.826207,5131585,5
0,1551780289,0.755837,5134261,32
0,3748459919,0.969254,5134783,1
0,774214453,0.713295,5139209,57
0,39244967,0.846639,5140677,15
0,3558882317,0.946313,5144807,53
0,277059371,1.104854,5146160,13
0,1900983319,1.008267,5152013,76
0,3910894643,1.094643,5155814,48
0,236506979,0.775605,5156950,10
0,3221546411,0.988706,5158429,15
0,867158473,1.050019,5160873,22
0,264834161,1.107503,5161983,9
0,338806229,1.095980,5166489,55
0,3857149651,0.897044,5167042,1
0,3436158923,0.910550,5167849,5
0,2128584697,0.940101,5169016,10
0,2687867641,1.146496,5169594,2
0,880217803,1.166760,5170731,10
0,925485499,1.012616,5174321,45
0,4001744729,0.973777,5175808,15
0,2070257339,0.981270,5177023,11
0,1705450979,0.971267,5180671,46
0,1756211927,0.851240,5185819,67
0,3813817379,1.078917,5186963,10
0,1705873457,0.822059,5187958,8
0,605670913,0.791187,5190329,28
0,3161040359,1.035974,5191964,17
0,4021179859,1.002438,5196883,64
0,3045373519,0.756482,5199082,25
0,3887251567,1.070284,5200431,13
0,3286837661,0.945797,5201645,11
0,2812582219,0.970764,5203409,19
0,649179371,1.064795,5204058,3
0,2004829487,0.786234,5207531,39
0,3414827567,1.039268,5211007,31
0,2085716443,0.910550,5212653,14
0,1543546027,0.938021,5215336,32
0,1728777091,0.928078,5216050,4
0,3152550617,0.854103,5218091,23
0,1135377949,0.999023,5223152,66
0,2104607977,0.707797,5225769,31
0,2922993589,1.009718,5226580,5
0,3985038193,0.915364,5236083,129
0,1946343263,0.952997,5237651,16
0,1127703673,0.725512,5238867,11
0,484040159,0.908940,5243506,60
0,1352771993,0.820870,5244085,2
0,182410643,0.877786,5244959,6
0,2300812973,1.012616,5246170,11
0,4007075713,0.969758,5249082,35
0,1692740921,1.133217,5251556,29
0,2758762687,0.973276,5254891,41
0,2522624309,1.086134,5256232,13
0,852407243,0.908403,5258134,21
0,1476489583,0.827388,5263178,58
0,61171907,1.062959,5264618,14
0,3006388703,1.128467,5265346,4
0,1221446251,0.822059,5269197,46
0,3762134993,1.054659,5272313,38
0,1727160119,0.907327,5272978,3
0,2364705731,1.062959,5278637,75
0,1301430917,0.784369,5279486,6
0,1545103877,0.815499,5279995,1
0,3043402931,0.851240,5281203,11
0,2071808491,1.038798,5282767,16
0,3621939077,1.070740,5284537,19
0,3122036329,0.815499,5287241,32
0,4264867213,0.877229,5288313,9
0,3631468979,0.813101,5292450,53
0,3866698021,0.846062,5294562,24
0,2370850987,1.168015,5295574,8
0,999048889,1.063419,5296574,8
0,20578709,0.969758,5297344,5
0,2930347373,0.939581,5299046,18
0,3715944629,1.032197,5300403,13
0,2911344257,0.911622,5301819,14
0,3951410987,0.915364,5303172,13
0,1230069977,0.942694,5304583,14
0,2010912611,0.783746,5305246,3
0,3446488961,0.940101,5306246,8
0,837094873,0.841432,5307031,5
0,587070191,0.919621,5308682,17
0,4143795037,0.988212,5310053,9
0,2664083833,0.944247,5311719,17
0,482682329,0.793036,5316541,49
0,772121153,1.012616,5317828,10
0,3746953211,0.942176,5318637,5
0,4202251217,0.970764,5319218,2
0,3951856121,1.009235,5321334,24
0,3582835973,0.978280,5322680,13
0,752610091,0.761629,5326552,49
0,2640722701,0.836777,5328458,21
0,3017319973,0.899761,5330358,21
0,2000802823,1.023646,5335120,62
0,3380086949,0.985738,5338540,43
0,2658280697,0.719429,5339337,5
0,2912889367,1.014061,5340198,6
0,1057190341,0.851240,5343632,43
0,2006422153,0.946829,5344774,10
0,4161904193,0.977780,5345918,10
0,1105075151,1.019823,5347406,15
0,3061229779,1.220752,5348061,3
0,405784133,1.002438,5348703,3
0,1885187441,0.918559,5350194,15
0,1969435553,0.854103,5350985,5
0,189425077,1.031250,5353165,25
0,2286220127,1.008267,5354510,13
0,722787757,0.944247,5358095,45
0,1184417567,0.820275,5362852,62
0,3502785113,1.078012,5363498,3
0,2260310449,0.797334,5364363,6
0,4131204149,0.948374,5365085,4
0,251180707,1.055584,5366086,3
0,965108939,0.892679,5367589,15
0,951321793,0.758416,5369353,19
0,3722395613,0.818488,5373386,48
0,3537320701,0.958107,5375256,20
0,1296419573,1.012616,5375769,1
0,1793140301,0.971267,5376283,1
0,3910120847,1.098205,5379239,36
0,1947789559,0.766103,5384485,69
0,1919650133,0.950945,5385904,14
0,3741694889,0.792420,5387537,17
0,2169386537,0.787475,5388110,2
0,513100303,1.002438,5388753,3
0,3616258511,0.813701,5389421,3
0,99581539,0.914830,5390916,15
0,3433252373,0.940101,5392185,12
0,3372337637,0.808886,5392691,1
0,695195021,1.064795,5397262,59
0,3775291397,0.912157,5402298,64
0,4240436027,0.877786,5403210,6
0,3710963171,0.932801,5405339,24
0,2479273451,1.004385,5405857,1
0,3722500907,0.823246,5409724,49
0,1330822931,0.942176,5420232,123
0,1073911697,1.007782,5421672,12
0,4279064737,1.043020,5422805,10
0,3045440029,1.033615,5423874,9
0,4201203313,0.973777,5425505,17
0,2547829969,1.043020,5427497,22
0,3193807711,0.805862,5429693,25
0,2075418391,0.822653,5431398,18
0,3431043367,1.146496,5431910,1
0,3873063443,1.104854,5434085,25
0,3323346743,1.110145,5435225,10
0,1924194263,0.751951,5436161,7
0,1308948023,0.849517,5437090,7
0,1128349829,0.969758,5440949,49
0,58918859,0.952484,5442143,11
0,3889220383,0.916963,5443801,17
0,1953134341,0.750000,5445360,16
0,2486869867,1.160044,5446223,6
0,4208226017,1.014061,5447291,9
0,1028074891,1.259728,5451432,53
0,2820926203,0.955044,5457308,78
0,2059685561,0.985738,5459358,23
0,632293091,0.787475,5462029,32
0,519948823,0.797334,5465964,50
0,3702984899,1.121958,5466613,3
0,542031911,1.000976,5467527,7
0,2201353097,0.956577,5468108,2
0,1211664161,0.804043,5469987,16
0,1293982891,1.139661,5470508,1
0,1719267481,0.960652,5471164,3
0,1557389083,0.932801,5471822,3
0,3665943341,0.784369,5476831,63
0,3961598681,0.822653,5477633,5
0,3703643441,0.854103,5479385,19
0,89579431,0.907327,5480308,7
0,3793318561,1.097761,5481731,14
0,881403949,0.911622,5482858,10
0,2246050649,1.071652,5483852,8
0,2833219861,1.008751,5486384,30
0,1188012017,1.133647,5486979,2
0,4176139579,0.938541,5487845,6
0,2109884629,1.095980,5489469,17
0,123389023,0.818488,5491027,16
0,759980813,1.160465,5492226,11
0,4029144523,0.908940,5495328,38
0,571634213,0.925971,5496383,9
0,98939471,0.997556,5499603,40
0,1764072181,1.231504,5500601,8
0,82332857,0.969254,5501166,2
0,1863367321,1.040677,5502229,9
0,1615983527,0.911622,5506652,57
0,401314759,1.009718,5509327,32
0,1732506143,1.064795,5511654,27
0,4036085461,1.032669,5515896,50
0,834425923,1.170103,5518675,21
0,2273896589,0.981270,5521826,35
0,1529555369,0.688919,5523049,11
0,1959518017,0.851240,5523563,1
0,1453305239,0.938541,5526330,33
0,3990627623,1.004871,5527285,7
0,1598485193,1.164665,5530668,42
0,1409893501,0.957087,5532087,14
0,3657714803,0.888841,5533636,16
0,200674337,1.062500,5534341,4
0,481323103,0.662913,5539642,70
0,2596477363,0.968750,5543285,46
0,3075144983,1.099538,5546888,45
0,1388366519,0.698771,5552024,67
0,3924145517,0.805862,5553237,11
0,4180867123,0.815499,5555998,33
0,1873019747,1.012616,5561670,75
0,4248769171,1.111903,5562825,10
0,237239257,0.758416,5564166,13
0,2954765213,0.820275,5565658,15
0,1366441273,1.151171,5567703,23
0,654378371,0.877786,5569171,15
0,4234212197,0.978779,5571537,23
0,488998291,1.070284,5574141,31
0,251977181,0.981767,5574786,3
0,4039947491,0.945797,5577627,32
0,1460688323,0.897044,5580256,31
0,1761699967,0.889391,5581540,12
0,127140581,0.843750,5583985,29
0,1848270673,1.040677,5585535,16
0,2743836463,1.035031,5586123,2
0,23485141,1.032197,5586615,1
0,2365204913,1.093750,5587263,3
0,1269085919,0.884436,5588611,13
0,3573376073,0.858096,5589897,12
0,1624863577,1.062500,5592151,26
0,3492201787,0.858664,5592866,4
0,4188812531,0.971267,5594641,19
0,144449869,0.863202,5596322,18
0,2688457493,1.066170,5601161,63
0,2250423347,0.970764,5601669,1
0,2686521421,0.832682,5603415,19
0,168363799,0.968750,5604048,3
0,3345683839,0.879453,5604917,6
0,2300274101,0.883883,5606054,10
0,3708376037,0.983258,5607120,9
0,3490052617,1.000976,5611247,53
0,2544445907,0.971267,5612593,13
0,3753843901,0.871645,5613536,7
0,2509748581,1.095980,5615244,18
0,3203763583,1.000488,5616047,5
0,845499023,1.106621,5616913,2
0,1871848943,0.727528,5617734,5
0,1866372181,0.942694,5618671,7
0,2131084717,0.755190,5621090,16
0,806645159,0.911622,5622650,14
0,3698005933,1.225542,5624129,11
0,173330851,0.825615,5628227,52
0,3978409931,1.198143,5638602,142
0,2345342861,0.938541,5642465,49
0,684004859,0.952484,5650516,109
0,1805613001,1.043488,5651107,2
0,70562207,0.927551,5652941,20
0,2798291479,0.876115,5654083,10
0,3637090679,0.768648,5655570,15
0,3426599161,1.004871,5658245,32
0,2145724421,0.942694,5659658,14
0,3994529611,0.789333,5661928,26
0,1735959157,0.950432,5665150,40
0,917683633,0.969758,5666155,8
0,2492336141,0.831508,5667210,9
0,2113804643,0.705724,5667729,1
0,1517562353,1.143084,5669496,19
0,2819001959,0.839108,5671815,27
0,2164041701,0.766103,5672747,7
0,2078905039,0.971267,5674632,17
0,1951114787,0.941657,5675156,1
0,647286671,1.076198,5677478,27
0,3270274061,0.939581,5678404,7
0,3501414043,1.019344,5679799,11
0,232431301,0.907327,5681238,14
0,598096931,0.981767,5682299,9
0,1971217531,1.025552,5683235,7
0,2499192749,1.066628,5686261,37
0,740650829,1.033142,5687047,5
0,4188101279,0.882225,5687986,7
0,644664131,0.880008,5688701,4
0,3767494123,0.854103,5690119,14
0,2901689741,0.938541,5690915,5
0,1159996193,0.971267,5692406,15
0,293096423,0.793036,5693417,8
0,2854808731,0.908940,5696101,32
0,456731963,1.048623,5703308,97
0,3998194399,0.883883,5704874,16
0,4152841687,0.938021,5706726,20
0,1967587967,0.940101,5710725,51
0,2174553727,1.035974,5714030,41
0,1596088621,0.938541,5714537,1
0,2651638669,0.986728,5716239,18
0,1765179043,0.925443,5718154,21
0,1319888239,0.963190,5719383,7
0,3530071243,0.902471,5725839,71
0,221651393,0.864897,5727223,9
0,3021142931,0.855246,5727821,2
0,135862183,0.997556,5731534,47
0,2147564371,1.105296,5733708,25
0,1649981089,0.725512,5736166,29
0,788486977,1.113658,5737659,15
0,2600343133,1.070740,5739018,13
0,838868939,0.940101,5739798,5
0,3410856733,0.994614,5746188,85
0,1547141507,1.107944,5748708,30
0,2919471017,0.724838,5750689,22
0,2754504647,1.012133,5754276,45
0,3916776211,1.122393,5756400,24
0,515750173,1.086584,5762407,80
0,1165046621,0.988706,5763403,8
0,3750600577,0.952484,5765173,19
0,1031154983,0.913227,5766101,7
0,1525457587,0.971267,5769060,36
0,1884016753,1.139661,5769851,5
0,1465746361,0.895409,5770718,6
0,431754877,0.991172,5774443,47
0,2915525941,0.813101,5774964,1
0,3118109719,1.062959,5778186,36
0,1143734923,1.219551,5779957,19
0,1555826681,1.123697,5782181,23
0,629250007,1.071652,5788009,77
0,794536013,0.786855,5789150,10
0,1834353581,1.078917,5789659,1
0,3541567399,0.891036,5793728,52
0,3638369437,1.136229,5797236,44
0,2381325629,1.000976,5797891,3
0,74323619,1.067086,5800485,31
0,874488299,1.035974,5801205,4
0,4048341307,1.033142,5805922,61
0,2898048409,1.062959,5806641,4
0,799742071,0.877229,5808265,17
0,969206281,0.791804,5813152,64
0,2288655701,0.978779,5816170,37
0,146219869,1.035974,5817159,8
0,1017343507,0.880563,5818363,11
0,2848370809,0.973777,5818949,2
0,4014389251,1.217548,5821128,25
0,194909179,0.875000,5823334,21
0,576559931,1.102642,5826104,21
0,268026329,0.864332,5827249,8
0,2806271921,0.806468,5830401,39
0,4290481441,0.884988,5832855,27
0,1835532827,0.911622,5833728,6
0,1690000967,1.104854,5834313,2
0,1776213577,0.920152,5835176,6
0,2349877979,0.940620,5836445,12
0,2273443553,1.220752,5841088,60
0,2316444817,0.920152,5842763,18
0,344713877,0.705724,5843976,11
0,1225218343,0.822653,5844977,8
0,3080290753,0.882225,5845622,3
0,2339538497,1.080274,5846193,2
0,2038660277,1.000488,5847337,10
0,3826640861,0.950945,5847998,3
0,3656211289,0.694566,5851857,49
0,246789313,0.858664,5855713,49
0,3963329467,0.945797,5856797,9
0,943312193,0.895409,5858694,21
0,1555422907,0.969254,5859285,2
0,4189874597,0.786234,5860154,6
0,669703189,1.059278,5862685,30
0,1086287621,0.987223,5863753,9
0,3671963357,1.006328,5868620,63
0,1361557471,0.958616,5869418,5
0,3509383939,1.163827,5871188,19
0,3297763109,0.938021,5872536,13
0,3070181339,0.973777,5883947,153
0,2876528957,1.005842,5885313,13
0,2860748741,0.889391,5887629,24
0,1599219107,0.876115,5889276,17
0,2419322963,0.822653,5891741,29
0,3271821083,1.069828,5893078,13
0,602098781,0.976781,5898178,66
0,2390980321,1.202618,5899210,8
0,567609389,0.971267,5900272,9
0,748366043,0.988706,5903374,38
0,2582114443,0.991172,5905571,25
0,3953796611,1.125434,5906435,6
0,1245471217,1.039268,5907011,2
0,442851251,1.047225,5909060,23
0,252287639,1.064795,5914523,72
0,2719784987,0.950432,5915937,14
0,3872641403,0.815499,5916455,1
0,790538809,0.813101,5917104,3
0,2782179877,0.784369,5919223,24
0,1006204669,0.971267,5920244,8
0,2579883259,0.920152,5920978,4
0,3521788331,0.846062,5922258,12
0,2911999501,0.846639,5922912,3
0,1089891221,1.219551,5923493,2
0,3501743489,0.911622,5925170,13
0,2911832851,0.940620,5929911,49
0,1057447751,0.853531,5934097,48
0,1133959693,1.004871,5934708,2
0,757216843,0.901929,5936693,22
0,1680811343,0.904092,5937203,1
0,4114995953,0.921743,5938205,8
0,1448061161,0.629670,5941572,42
0,4024817053,0.742146,5942102,1
0,495192641,1.086584,5942948,6
0,2618896411,1.043488,5944086,10
0,3915714779,0.793652,5945430,13
0,1537923557,0.911622,5945954,1
0,904349207,0.851240,5949395,43
0,2531061671,0.842012,5955022,74
0,2089416971,1.007782,5955605,2
0,2332028921,0.753896,5958231,31
0,3435675613,0.981270,5959099,6
0,974815771,0.783746,5960781,18
0,3016307153,0.956577,5961929,10
0,2039675867,1.097316,5965448,44
0,336019507,0.940101,5966776,13
0,538426439,1.061581,5970163,42
0,531197767,1.066170,5971239,9
0,1059945143,0.932277,5971904,3
0,17201543,0.948889,5974022,24
0,2269908029,1.035974,5974804,5
0,2621873057,0.793652,5975808,6
0,3734659883,1.189144,5978487,32
0,906160373,0.699470,5979131,3
0,3567139181,1.035031,5979784,3
0,2528388283,0.987223,5983427,42
0,3315022171,0.869402,5986002,30
0,1337984177,0.945797,5987483,15
0,3083901577,1.043488,5988235,3
0,137969473,0.964203,5989451,11
0,2375029253,0.942176,5990165,4
0,3542889557,0.768648,5990811,3
0,17865829,0.879453,5994589,45
0,2725019161,1.043020,5995675,9
0,627258007,0.942694,5996820,10
0,4225420981,0.848942,5998733,21
0,3889528927,0.818488,5999733,8
0,2665495961,0.889391,6000452,4
0,4195362637,0.877786,6002632,25
0,336746257,0.940101,6005597,36
0,270671767,0.938021,6006376,5
0,1163024113,0.911622,6007436,9
0,2930380163,0.852959,6010376,36
0,4182093397,0.950432,6011455,9
0,2426029211,0.752600,6013499,23
0,3488778971,0.817294,6014511,8
0,3883423567,0.822653,6015105,2
0,2901044477,1.046292,6015913,5
0,1086663983,0.970764,6016420,1
0,3551378447,0.946829,6017012,2
0,177493133,0.945797,6017855,6
0,3226359691,1.095980,6020110,26
0,2926070423,1.000976,6024026,50
0,3645610127,0.701561,6024817,5
0,4268315203,0.793652,6027265,24
0,598650497,0.799169,6028144,6
0,430763317,0.851240,6029216,9
0,4081217321,1.091963,6033492,39
0,3739064573,0.736201,6036494,35
0,1052075251,0.864897,6037642,10
0,1362758017,0.910550,6039753,24
0,3765507877,0.879453,6041029,12
0,825696631,0.804043,6042314,12
0,917362837,0.755837,6045122,34
0,880679879,1.074382,6046126,8
0,2887933603,0.969758,6046844,4
0,3559390309,1.095534,6049859,37
0,1371903697,1.178419,6056238,85
0,2030143933,0.915364,6058004,19
0,370522319,0.796722,6059145,10
0,3384900767,0.891036,6060639,15
0,3700145903,0.913227,6063873,40
0,1195929403,0.882225,6065227,13
0,4028990969,1.146070,6069564,56
0,979775227,1.091068,6070439,6
0,4130532881,0.820275,6071654,11
0,3642939589,1.050019,6073213,16
0,1270065143,1.154137,6075478,26
0,271019773,1.025076,6076196,4
0,1652890493,0.975280,6079711,44
0,2025316739,1.059278,6081921,19
0,4285567141,1.230314,6083012,9
0,3718020419,0.987223,6083739,4
0,1757147731,0.846639,6090208,84
0,2397565117,1.033615,6091648,14
0,1705032047,0.848942,6094255,31
0,2471189447,0.848942,6094769,1
0,2645435383,1.000488,6097958,39
0,2885759411,1.202618,6099383,14
0,2747369903,1.067086,6100172,5
0,1253713793,0.946313,6103466,41
0,2538676061,0.977281,6104676,11
0,867004231,1.066170,6105901,11
0,2907226961,0.916963,6106475,2
0,2379774697,1.067086,6110127,46
0,2124367477,1.067086,6110784,3
0,2860716743,0.897044,6111854,9
0,709998917,1.071652,6113630,19
0,684707789,0.844329,6114422,5
0,3213190957,0.963190,6115082,3
0,2573809339,1.002438,6116862,19
0,882860351,0.964709,6118092,11
0,3507069833,1.002438,6119567,15
0,639193757,0.818488,6120634,9
0,1641950347,0.823246,6123663,37
0,3355662217,0.907327,6126668,37
0,93534059,0.855816,6129164,25
0,3519014333,0.898675,6130260,9
0,3242258879,0.758416,6130776,1
0,2173633907,0.882225,6133028,12
0,2609833619,1.064795,6135247,23
0,1661714479,1.088828,6136466,11
0,2417241863,1.125868,6137178,4
0,804453431,0.879453,6137698,1
0,773302787,0.970764,6143489,77
0,689493239,0.879453,6145396,21
0,3875031583,0.976781,6146327,7
0,761342963,1.121958,6147600,12
0,3161701181,1.068458,6149383,19
0,859199489,0.882225,6154624,69
0,2415388277,0.915364,6158628,51
0,4114643077,1.170520,6160335,18
0,1099118677,1.004871,6161394,9
0,1948699037,0.977281,6163925,30
0,3268524187,0.880008,6165826,21
0,1071304471,0.850666,6170741,64
0,1563397307,1.067086,6172369,17
0,1541815843,1.040677,6174551,25
0,2935560721,0.944247,6175059,1
0,1816261847,0.971267,6180600,73
0,4018230221,1.077559,6182296,18
0,3647648183,0.997556,6184008,14
0,1787372329,0.834439,6186049,23
0,1653412573,1.125434,6188640,31
0,2405756627,0.844329,6192003,40
0,3856280039,1.069828,6193371,13
0,413216189,1.031723,6194370,8
0,2242164671,0.939581,6195792,14
0,1856707967,1.110145,6198758,36
0,2368111013,0.914296,6200659,21
0,1212244421,0.719429,6202486,20
0,3731587037,0.818488,6205976,43
0,4121366611,0.944247,6207041,9
0,962768357,1.157094,6207552,1
0,2171991581,0.981270,6208343,5
0,3837307091,1.144365,6209758,14
0,3768271733,0.813101,6210702,7
0,2366153591,1.031723,6213511,34
0,2612507203,0.855246,6216904,42
0,1058965339,1.033615,6218252,13
0,1948477547,0.946313,6219124,6
0,1857415331,0.906789,6222084,36
0,4031968027,0.877786,6225887,48
0,812259451,0.781875,6227864,22
0,3942116069,1.080726,6232169,51
0,375662033,0.741488,6232906,4
0,291826763,0.849517,6236718,35
0,3581866423,0.920152,6241874,65
0,1709089183,0.814900,6243302,14
0,581113483,0.914830,6244025,4
0,3433014499,1.157094,6245310,12
0,4238666503,0.815499,6246311,8
0,3279971921,1.004385,6248138,20
0,487482427,1.003899,6249127,8
0,2969025079,1.004871,6249931,5
0,3423099469,1.173020,6253573,46
0,132309631,1.171771,6255057,15
0,583739939,1.035503,6258763,47
0,2918170403,1.278198,6259294,1
0,837684983,0.933847,6260997,18
0,2286793997,0.950432,6261574,2
0,307517141,0.933847,6263556,22
0,1824582421,0.916963,6264904,13
0,1630010939,0.939581,6265774,6
0,1163690963,1.043020,6267547,19
0,1212611291,1.101313,6270780,40
0,2561900917,1.035974,6272754,22
0,3858006961,1.142229,6273617,6
0,3768839759,1.065254,6274549,7
0,267258991,0.784369,6279113,59
0,530627387,0.891036,6280318,11
0,3473183369,0.833854,6281727,14
0,1625582237,0.863202,6282444,4
0,3525322727,1.123697,6283091,3
0,3345880063,1.259728,6283611,1
0,2600302423,1.204241,6288319,55
0,45462931,0.938541,6290324,22
0,2409985777,0.751301,6291553,9
0,3981073693,0.860369,6295511,50
0,2499778693,0.919621,6296169,3
0,2161098349,1.039738,6297862,18
0,1519521463,0.908940,6301100,40
0,933963029,0.969758,6301892,5
0,4166472031,0.888841,6302478,2
0,609990461,0.888841,6303061,2
0,2283576181,0.970764,6304137,9
0,1179691069,0.969254,6305266,10
0,387053119,1.035031,6307526,26
0,288501887,0.659960,6308376,6
0,1805240431,0.738188,6310996,31
0,877870913,0.822653,6311648,3
0,269865053,1.063419,6313258,17
0,2274422681,0.814900,6315095,20
0,2614480447,0.880563,6316249,10
0,3822098143,1.082983,6320387,53
0,4021092389,1.002438,6321249,6
0,1891256111,0.972774,6323013,19
0,298181057,0.883883,6325802,34
0,2043062117,0.793652,6330078,55
0,3356873953,0.944247,6330653,2
0,3927776837,0.889391,6334958,51
0,665682557,0.919621,6336325,13
0,479903267,1.127168,6338165,8
0,1445580163,0.970764,6338835,1
0,587513029,0.783746,6340496,16
0,3774098123,0.858096,6343318,34
0,1759361053,0.802219,6345221,21
0,151268387,1.043020,6346771,16
0,707033863,0.946313,6350702,50
0,1321037321,0.971267,6356289,74
0,2980247003,0.913227,6356806,1
0,1753981261,0.949404,6360655,49
0,1474658917,1.162987,6361512,6
0,2160483581,0.993632,6362305,5
0,1129496243,0.920152,6363514,11
0,2711611117,0.851240,6367098,45
0,872142197,0.970764,6369361,26
0,3503902939,0.718750,6369872,1
0,3392098289,1.095980,6374862,65
0,607985549,0.914830,6375864,8
0,2733116597,1.085235,6377144,12
0,1584687019,0.915364,6377662,1
0,380901121,1.171771,6379632,22
0,3816063463,0.701561,6380145,1
0,3392291999,1.047225,6383300,39
0,484723411,0.746083,6384088,5
0,2940475229,1.040677,6392683,112
0,2809342931,0.944247,6395202,27
0,4151740739,0.899761,6396657,14
0,2940579731,1.070284,6398479,17
0,2868205657,0.815499,6403496,65
0,3606483227,0.993632,6404366,6
0,3619784887,1.067086,6405364,8
0,1280087359,0.867152,6408585,40
0,3720725219,1.039738,6410511,21
0,4077839341,0.722139,6411799,12
0,3345515879,1.125434,6412801,8
0,3505610831,0.969254,6413452,3
0,2160914771,0.880008,6414445,8
0,844601047,1.128899,6416291,20
0,3610747733,1.035031,6417717,14
0,2493413849,1.159624,6418648,7
0,1007828243,1.017906,6419291,3
0,768463819,1.035974,6421264,22
0,2259740111,0.882225,6422681,14
0,3942282859,0.942694,6425641,36
0,3245050153,0.977281,6426356,4
0,2622468077,1.000976,6429391,37
0,864350141,0.921743,6433316,50
0,4138197883,0.827388,6438395,61
0,1403172137,0.786855,6440426,9
0,1065905273,1.132786,6441281,4
0,597135079,0.877229,6442218,7
0,844956979,0.941657,6444460,21
0,2642090021,0.844329,6445852,13
0,244710601,1.004871,6451024,68
0,3754242031,1.039268,6451757,4
0,3942949343,1.064795,6455707,50
0,2678255809,1.000976,6456994,12
0,2013531217,0.940101,6457630,3
0,2881984811,1.105296,6458283,3
0,61233817,0.677484,6459274,8
0,959310787,1.090173,6464727,72
0,1751650751,0.895409,6465791,9
0,166916713,1.038798,6467280,15
0,1254598277,0.933847,6469472,25
0,1673584963,1.131923,6471957,29
0,3152582227,0.911622,6474698,33
0,689042111,1.010685,6475910,11
0,2684516299,0.884436,6477666,19
0,1940095639,0.864897,6479435,19
0,4218988607,0.797334,6482246,34
0,3141442417,0.625781,6488626,85
0,3231823363,0.989199,6489268,3
0,2690323973,0.955044,6491228,22
0,3912152059,0.866589,6492725,15
0,62184401,0.755837,6496799,48
0,670790957,1.037387,6502335,70
0,480110669,0.956066,6505237,35
0,3838039057,1.104854,6507426,25
0,1672915861,0.978779,6507948,1
0,681374119,0.908940,6508950,8
0,796113641,0.969758,6509604,3
0,34728731,1.111464,6511697,24
0,232220953,0.942694,6515989,55
0,3627582449,1.002438,6518379,28
0,1352539553,0.945797,6521200,34
0,1754886739,1.231504,6521708,1
0,3180000587,1.008267,6523293,16
0,1174449823,0.766740,6525120,20
0,3920424017,0.897044,6525772,3
0,2511962441,0.972774,6526840,9
0,1080284897,0.724164,6532329,72
0,1186665449,1.162987,6535062,33
0,4046830787,0.971267,6537605,30
0,2368713023,1.002438,6543275,58
0,4083278107,1.094643,6547601,52
0,3479618231,1.003899,6548414,5
0,3196388233,0.941657,6549058,3
0,349815259,0.846062,6549988,7
0,2383304527,1.048157,6551483,15
0,1061264537,0.824432,6551996,1
0,1122361529,0.958107,6553057,9
0,2155140649,0.794267,6553838,5
0,1742856191,0.886090,6555421,16
0,3396330323,0.885539,6556788,13
0,1507230341,0.916963,6557857,9
0,1369787303,1.070740,6561527,46
0,1113025691,1.050019,6562178,3
0,212164999,1.055584,6563509,13
0,1463813231,0.858664,6564228,4
0,3009547817,0.884436,6566843,31
0,485103457,0.958107,6568112,12
0,2037226903,1.166760,6573657,73
0,926294293,0.882225,6574794,10
0,422600683,0.938021,6575796,8
0,3763103213,0.786855,6576873,9
0,846500833,1.048623,6578010,10
0,1622669099,1.251952,6584619,88
0,1144938577,0.864332,6587558,36
0,1914047077,1.133647,6589751,25
0,2945369533,1.160465,6593199,43
0,3926808979,0.778119,6594751,16
0,1337052881,1.171354,6597924,32
0,942281677,0.875000,6598732,5
0,3500217239,1.067086,6600631,21
0,2208231119,0.989199,6602020,12
0,1634631433,0.941657,6604097,23
0,3558242027,1.095534,6605099,8
0,3249434693,0.852959,6608122,37
0,4188424951,0.760345,6609482,13
0,4023056311,1.016466,6610016,1
0,3965704669,0.910550,6611378,13
0,1766720479,0.980772,6612586,11
0,683906933,0.880008,6616396,48
0,2600087527,0.846062,6618520,24
0,3661001941,1.056047,6619588,9
0,1954593749,1.101313,6620244,3
0,3187354073,0.889391,6621458,11
0,2454279941,0.848942,6624118,32
0,2946789697,0.946313,6626925,34
0,2356685099,0.897588,6627570,3
0,2365491721,1.004871,6628710,10
0,2540741999,0.944247,6630268,16
0,2869213289,0.842012,6634264,51
0,1999818349,0.915364,6634780,1
0,726867469,0.924387,6635780,8
0,3988104761,0.797334,6637906,24
0,45175639,1.003899,6638902,8
0,3501726031,0.956577,6639411,1
0,4090755397,1.123697,6641392,17
0,3009896759,0.955044,6645026,33
0,3987106009,1.068458,6645825,3
0,1400019287,0.970764,6649238,39
0,2879192399,0.873324,6652167,35
0,909035921,0.938541,6653574,14
0,2505982313,1.032669,6654850,12
0,3910219037,0.973777,6656632,19
0,2974726049,0.823246,6657488,6
0,1656177619,1.062959,6659259,19
0,903526301,0.913227,6660974,18
0,2725990457,1.084785,6662453,15
0,610890221,0.915364,6666238,48
0,2838176183,0.970764,6666818,2
0,279524197,1.069371,6669055,26
0,484064249,0.942176,6671654,31
0,2499565909,0.846639,6673146,15
0,295960723,0.820275,6673777,3
0,1590944419,0.921743,6674648,6
0,23554961,0.946313,6675348,4
0,2215062233,0.972774,6676207,6
0,729884219,1.213933,6677769,16
0,1280473927,0.766103,6678288,1
0,4178034923,0.993141,6680895,31
0,2615044889,0.908940,6682450,16
0,342927719,0.914830,6683369,7
0,2100143021,1.199365,6685066,18
0,2744576017,0.954021,6686544,15
0,127421951,0.947859,6689630,38
0,131284631,1.052341,6690205,2
0,1046640473,1.160465,6692043,20
0,3827380201,0.944247,6692621,2
0,3733973821,0.952484,6693351,4
0,2625099571,0.923330,6694086,4
0,3274364179,0.813101,6698548,53
0,3891900443,0.814900,6699087,1
0,3148386041,0.886090,6700301,11
0,2370688517,0.884988,6701713,14
0,3020242843,0.884988,6702927,11
0,1232453923,1.000976,6705197,24
0,1058520899,0.829745,6706938,18
0,3223910003,0.942176,6709272,27
0,2649620419,0.991172,6709798,1
0,4098772441,0.969254,6713457,46
0,2116456031,0.834439,6715086,17
0,270237901,0.848942,6719133,52
0,2893180093,0.906789,6720001,6
0,1254373811,0.955044,6720789,5
0,2287014557,0.722139,6721506,4
0,4173454297,0.858096,6724751,40
0,519303391,1.031250,6726596,20
0,2649064343,0.970764,6727179,2
0,4286655977,0.950432,6729298,24
0,2139643111,1.156250,6731428,24
0,703860893,0.873883,6735559,53
0,3209722889,0.844907,6736137,2
0,3594647417,1.019823,6743581,96
0,1987157147,0.913227,6746069,29
0,2702039023,0.976781,6748407,12
0,3581459137,1.157938,6750377,21
0,236762609,0.647260,6751943,16
0,3525437887,1.095980,6752786,4
0,2704362797,1.010685,6754145,13
0,3293421991,0.986728,6756895,33
0,3608426383,1.009235,6759848,36
0,3002172143,0.908940,6762038,25
0,4261386541,0.950945,6763326,12
0,737639471,1.108825,6768505,68
0,1533341801,0.958107,6769024,1
0,354752219,1.014061,6773074,52
0,4012384549,0.908403,6774353,12
0,905969093,0.942176,6778651,55
0,3628276117,0.855246,6779364,4
0,1664150167,0.919621,6781074,18
0,1224152497,1.016946,6784647,45
0,632183647,0.968750,6785162,1
0,1563420059,0.942694,6785966,5
0,798225227,0.942694,6786905,7
0,812694361,1.004871,6789997,38
0,3113343479,0.864897,6792124,24
0,609332183,0.888841,6792919,5
0,3725673769,1.016466,6794477,16
0,24669899,0.701561,6794979,1
0,1106879153,0.791187,6797152,25
0,331844351,0.880008,6797802,3
0,1372937899,1.008751,6798742,7
0,1721924063,0.954021,6800302,16
0,1108066633,1.070740,6801705,14
0,2335340563,0.971267,6803844,20
0,3711213971,0.977780,6804651,5
0,1231322381,0.925971,6808618,48
0,685248059,0.915364,6809145,1
0,537829577,0.983258,6811176,23
0,1413390919,0.941657,6814473,41
0,3640644199,0.984747,6815621,10
0,975831481,0.880563,6816398,5
0,3620501147,1.162987,6816993,2
0,102592559,0.853531,6819297,27
0,1676283331,0.906789,6820503,11
0,1143958573,1.000976,6823190,32
0,619416563,0.993141,6824815,17
0,2610679333,1.156672,6828149,41
0,3406602167,0.915897,6829712,16
0,108434701,0.938541,6830417,4
0,1927771397,0.839108,6831007,2
0,2504652503,1.086584,6833407,28
0,12908603,0.927551,6834032,3
0,504989729,0.969254,6835012,8
0,1336357501,1.067086,6836926,21
0,543080171,0.971267,6839115,25
0,2437157497,1.037387,6840242,10
0,1169882093,0.877786,6847616,95
0,2170650247,0.846062,6848289,3
0,1286936051,0.844329,6850987,32
0,1896631271,1.080726,6852298,12
0,3708481261,1.138804,6853650,13
0,1025553527,1.290742,6855002,1
0,4207312363,0.981767,6856183,9
0,2022325769,1.074382,6857669,15
0,3238275251,1.123697,6861090,41
0,3212228891,0.978779,6863688,29
0,2143889849,0.969254,6867430,47
0,1760926477,0.931229,6869341,21
0,1401343717,1.144365,6873010,46
0,1823403203,0.775605,6874293,12
0,4148141303,0.760987,6877017,32
0,1794278021,0.815499,6881169,53
0,197964157,1.019344,6882160,8
0,402304817,1.064337,6882965,5
0,1575569939,0.842012,6884317,13
0,1161225011,1.031250,6885455,10
0,268630223,1.137517,6886441,8
0,1011567091,1.039738,6888548,24
0,3263796331,0.799169,6889612,9
0,2017871873,1.000976,6890872,12
0,1057960697,0.784369,6894256,42
0,4161073907,0.950432,6896020,19
0,2232893417,0.940101,6901747,74
0,1320955673,1.033615,6902287,1
0,4193684563,1.146496,6904545,26
0,522247717,1.033615,6905188,3
0,3218976967,0.938541,6909188,51
0,1178682563,0.688210,6910036,6
0,1408622297,1.007782,6910694,3
0,460558031,0.950945,6918543,99
0,1706871347,0.913227,6919247,3
0,2324982551,1.037387,6920453,11
0,455778047,0.920152,6924325,49
0,1447003,1.064337,6925077,5
0,3097596199,0.938021,6929076,51
0,3046981027,1.002438,6932268,39
0,2299615301,0.897044,6933400,10
0,210389143,1.135799,6934730,13
0,2358028081,0.880563,6936213,15
0,1369290133,0.938541,6937081,6
0,3595310363,0.766740,6938355,12
0,2787700547,0.942694,6939150,5
0,417040681,1.104854,6941388,26
0,2937455903,0.806468,6943990,31
0,78078461,0.849517,6945255,12
0,674137559,0.877786,6947429,25
0,1837931269,0.991172,6949449,20
0,827133641,0.942694,6950174,4
0,3669188209,1.168432,6950905,4
0,2195182313,1.007782,6954579,32
0,3634888871,1.135799,6956101,15
0,1380678671,0.908940,6956758,3
0,2326243859,1.071652,6957691,7
0,342131203,0.784369,6958600,7
0,43940401,0.789333,6960904,27
0,2536816199,1.035974,6961914,8
0,992474179,0.832682,6964652,33
0,2838430531,0.732211,6965437,5
0,1871850289,0.863202,6968452,37
0,3566929673,0.852959,6971749,41
0,934315297,0.732211,6973930,25
0,3753513931,0.802219,6978356,56
0,3656591177,0.968750,6980646,26
0,4150503559,0.761629,6987743,95
0,1071993413,0.822059,6988253,1
0,2310706493,0.936979,6989048,5
0,3436648729,0.946313,6990250,11
0,3409697183,0.776234,6992785,30
0,266677057,0.889391,6993362,2
0,1789776283,0.901929,6997426,52
0,3044068571,0.818488,6998582,10
0,314182573,0.973777,6999787,11
0,1210411691,0.886090,7000377,2
0,3359963989,1.120651,7001729,13
0,1601831447,1.031723,7005548,44
0,4006132447,0.891584,7012040,82
0,2425698829,1.126735,7015084,37
0,2695933483,0.963190,7024964,135
0,1491247721,0.963190,7026510,16
0,522431803,0.952484,7028216,18
0,1219093037,1.043488,7029771,16
0,1619469403,1.004385,7032097,27
0,493256783,1.158360,7035738,46
0,3687794917,1.039268,7036741,8
0,2778852737,0.940101,7038174,14
0,3438886877,0.971267,7038835,3
0,2463110107,0.971267,7039487,3
0,187287049,0.969254,7040129,3
0,1076462533,1.003899,7042580,29
0,2481902023,1.085235,7043175,2
0,269511719,0.879453,7044851,18
0,3927616453,0.796722,7045441,2
0,3059033203,0.803435,7046021,2
0,2419153343,0.853531,7047434,14
0,3321793763,0.832682,7052183,57
0,3799171267,0.949404,7055430,27
0,3960193711,1.008267,7057152,16
0,3024522877,1.073928,7059657,22
0,876059299,0.867152,7060245,2
0,281040499,0.858096,7064845,58
0,4024169881,1.008267,7066017,10
0,4258520813,0.789333,7068705,32
0,3803883649,0.895409,7069489,5
0,3875306789,1.085235,7070501,8
0,828856051,1.040677,7078246,104
0,2921820823,1.035031,7080577,27
0,254711371,1.019344,7081781,11
0,1294483427,1.043488,7082857,9
0,825059357,1.039738,7083655,5
0,938790211,0.727528,7086675,37
0,3990306259,1.234672,7088959,26
0,1582770473,0.878342,7089535,2
0,1887306779,0.789333,7091162,17
0,706300789,0.801610,7092016,6
0,2513463053,0.933847,7093012,8
0,3651745667,1.016466,7098491,72
0,2547914381,0.921743,7101031,30
0,2865446869,1.004871,7102175,10
0,1031858801,1.039268,7104280,24
0,757032547,0.875558,7107653,42
0,532079659,0.942176,7109343,18
0,1640806421,0.970764,7110967,17
0,1403472379,1.012133,7113807,30
0,313717603,1.017426,7116146,26
0,1627388689,1.080726,7117433,12
0,3240701561,1.006328,7118011,2
0,1256000981,0.775605,7118800,5
0,1670816009,0.791187,7120835,22
0,1464046741,0.977281,7124128,40
0,3983899643,0.964203,7125160,8
0,4031258563,0.942176,7128474,40
0,1867127447,1.155828,7129073,2
0,485193131,1.191195,7131545,29
0,792905461,0.889391,7133103,16
0,1028198537,1.073928,7133771,1
0,737221253,0.942176,7134303,1
0,3548979779,0.975280,7134876,2
0,3312101753,0.846639,7137269,28
0,1178607281,0.864332,7139300,23
0,3336580469,0.880563,7140713,14
0,3319119523,0.952484,7143316,31
0,2124998333,0.889391,7144182,6
0,2042944031,0.915364,7146650,29
0,220389097,0.987223,7148420,19
0,3869623603,1.032197,7150128,18
0,345750857,1.130628,7151474,13
0,2293538911,0.820275,7157306,59
0,3765765121,0.944247,7161513,49
0,4049168771,1.059739,7162109,2
0,2090194963,1.107944,7162690,2
0,2537832161,0.873883,7163759,9
0,1774362517,0.946313,7164348,2
0,1608522233,1.133647,7165216,6
0,4146454979,0.978779,7166994,19
0,1494214087,1.099538,7167509,1
0,2215517651,1.125434,7169002,15
0,685371763,0.904092,7170423,14
0,2126773927,0.940620,7172013,16
0,154356143,0.841432,7176442,57
0,325685963,0.813101,7177015,2
0,981713867,1.066628,7180786,48
0,880731727,0.797334,7185447,60
0,508682149,1.012616,7189963,58
0,26007703,1.256234,7190454,1
0,1699647823,0.851240,7191449,8
0,2991024139,0.975280,7193927,29
0,3492154283,0.755837,7195129,11
0,2707308521,0.975280,7195643,1
0,1962000641,1.081178,7196494,6
0,1459940003,1.066628,7197149,3
0,3138356719,1.146496,7198378,11
0,28518593,0.901929,7203120,62
0,879145283,0.822059,7206500,42
0,3955017161,0.950945,7208088,16
0,3086827459,0.939581,7211477,38
0,3050539871,1.146496,7214242,33
0,38404129,1.014061,7217045,32
0,2389451221,1.050483,7218923,20
0,599448617,0.920152,7222723,48
0,4157158571,1.043488,7223664,7
0,2094950041,0.814900,7224387,4
0,1283046587,0.940101,7225808,14
0,3272578559,0.722139,7228086,26
0,2897368447,0.906789,7229089,8
0,1138512563,0.915364,7229670,2
0,2363142403,0.846639,7231012,13
0,1460578057,1.016466,7233744,33
0,3992460881,1.043488,7237988,54
0,142613287,0.970764,7240639,32
0,1953880727,0.969758,7242900,26
0,3427351337,0.778746,7243616,4
0,909701327,0.942176,7245379,19
0,3051784339,0.969254,7246938,16
0,271803551,0.750651,7249896,36
0,3922049333,0.978280,7255312,66
0,505329653,1.066628,7256822,15
0,223116037,0.796722,7257952,10
0,2415194599,0.897588,7262113,39
0,2938972261,1.160044,7264771,30
0,3439610989,0.944247,7265561,5
0,412997899,1.016466,7266628,9
0,2788274171,1.003899,7267425,5
0,241225013,0.843750,7272258,63
0,4270762823,1.040677,7278366,81
0,3310361347,0.884988,7280264,21
0,3669962969,0.851240,7280847,2
0,545782099,0.799169,7282967,24
0,1863252907,1.006328,7285230,26
0,2877376097,0.938021,7286354,10
0,2421169637,1.128467,7288765,28
0,3928656493,0.954021,7289983,11
0,3857332393,0.902471,7291326,13
0,3535170263,0.781875,7292121,5
0,2764234927,1.021736,7293535,14
0,2220572489,0.940620,7297036,44
0,1768436363,0.906789,7297682,3
0,3540175921,0.942694,7298465,5
0,533372339,1.238620,7298985,1
0,2819336731,0.816696,7299701,4
0,1001189269,0.980772,7301260,16
0,1474262921,1.241770,7303033,19
0,1429173947,0.913227,7303692,3
0,885432917,0.925971,7306163,29
0,3038135327,1.048157,7308269,24
0,3258753959,0.939581,7312542,50
0,4226164627,0.950432,7316501,50
0,733145813,0.880563,7321634,65
0,2391284299,1.009718,7323141,15
0,2203017007,0.783746,7325688,30
0,3232977071,0.933847,7328382,32
0,2538880489,0.976781,7330153,19
0,2150234287,0.923859,7332059,21
0,2851420597,0.910550,7332852,5
0,2687186279,0.797334,7333367,1
0,2090829017,0.977281,7334366,8
0,3763952429,1.067086,7335016,3
0,1563748177,0.849517,7338377,42
0,3453688831,0.864897,7339596,11
0,2420351723,0.915364,7343452,49
0,3406698551,0.946313,7345147,18
0,996477431,0.946313,7345945,5
0,2903796793,0.971267,7346869,7
0,1347628241,0.944247,7348766,21
0,2385262903,0.722139,7349492,4
0,4084706323,1.007782,7352449,36
0,2370441187,1.100870,7353590,10
0,645648989,1.047225,7355498,21
0,2969514139,0.884436,7356089,2
0,715224899,1.005357,7357559,10
0,934559963,0.950432,7359563,22
0,2247935141,1.062959,7362348,20
0,943634941,0.867152,7364338,18
0,354261871,1.086584,7369268,64
0,2352924727,1.167178,7371244,22
0,436447213,0.868840,7372456,11
0,458887267,0.740170,7374430,22
0,2130581293,1.177176,7377737,41
0,3450781573,0.877786,7379795,23
0,1147082413,0.940101,7383467,46
0,3650761223,1.032197,7390891,100
0,2597078923,0.939581,7391401,1
0,3289972879,0.793652,7393318,21
0,23511211,0.981767,7398312,63
0,2500136693,1.001951,7398926,2
0,1043606231,0.945797,7401104,25
0,497094541,1.168432,7404741,46
0,1301963237,0.877786,7407476,33
0,1073818657,0.846639,7409015,16
0,4046867183,0.913227,7411129,24
0,2034389009,0.784369,7411768,3
0,459891071,0.981767,7412632,6
0,3388546957,1.120651,7414458,13
0,1232475479,1.253900,7415067,2
0,1018766279,0.942694,7420067,63
0,4113045259,0.969758,7422704,31
0,975805759,0.907327,7424467,19
0,340067071,1.070284,7426379,21
0,225287611,0.916963,7427940,16
0,1076534519,0.694566,7430745,34
0,1318144523,1.222350,7431320,2
0,2245073561,0.942176,7434125,34
0,429503117,0.950432,7434913,5
0,1045794479,0.786855,7438292,42
0,574868321,0.978779,7441578,41
0,958037123,0.925443,7442371,5
0,427811801,1.070284,7445548,39
0,3042703523,1.098205,7448928,42
0,1781962723,1.095534,7451319,28
0,2172128237,0.970764,7453017,18
0,4233074423,0.880563,7455866,34
0,37129783,0.972774,7457690,20
0,4144118987,1.105296,7458974,12
0,2669662169,0.938021,7463149,46
0,3714057883,1.050019,7464809,17
0,3855295973,0.971267,7465394,2
0,3782020189,0.803435,7466251,6
0,548454337,0.988706,7468005,19
0,1228802221,1.033615,7469218,11
0,998319493,1.095980,7470627,14
0,223821361,0.876115,7472171,16
0,1122178061,0.983258,7475181,37
0,3559877887,0.910550,7477023,20
0,2761269919,0.848367,7477674,3
0,3616031099,0.969758,7480131,29
0,2806338449,0.883883,7480847,4
0,3490093877,0.724164,7486749,78
0,2624431963,0.969254,7487336,2
0,374937163,0.849517,7488067,4
0,2266142533,1.062959,7493267,68
0,1716196231,0.908403,7493845,2
0,1779870707,1.039268,7494776,7
0,4226164603,0.791187,7499577,62
0,3241949443,0.938021,7501766,25
0,3911647603,0.942694,7503253,15
0,2634338719,1.035974,7504745,15
0,900759203,0.938021,7505465,4
0,4236744367,1.033142,7511346,78
0,1293472003,1.101756,7511849,1
0,3107961149,1.037387,7513009,10
0,3299743463,0.875558,7513869,6
0,134416567,1.164665,7516732,35
0,937475717,1.110145,7517591,6
0,31653421,0.977281,7519135,16
0,3237731869,0.888841,7520006,6
0,3097602049,1.038798,7521000,8
0,492390683,0.970764,7526832,77
0,1220067259,0.988706,7529095,26
0,2160076361,0.921743,7529798,4
0,478383803,0.889391,7530727,7
0,3932997443,0.955044,7532781,23
0,2945689499,0.938021,7535323,30
0,860401601,0.793652,7537988,32
0,1034775191,0.950432,7540602,31
0,3086399893,0.877229,7542095,15
0,4130848133,1.106621,7542752,3
0,1390113113,1.070284,7544389,17
0,1953532907,1.094643,7545110,4
0,3314750941,0.817294,7545691,2
0,3592268971,0.849517,7546623,7
0,285461357,1.095534,7549636,37
0,3674723243,0.813101,7550779,10
0,3165964679,1.069828,7552633,20
0,2512059499,0.877229,7553153,1
0,2428159081,0.760987,7554156,8
0,658807813,0.940101,7555282,10
0,2452229123,0.923330,7556066,5
0,1760321029,0.844907,7561038,65
0,1275174517,1.160465,7563131,20
0,690140707,1.002438,7566422,28
0,585572539,1.105296,7567161,2
0,1805494111,0.871645,7568100,7
0,90600869,0.868840,7574144,76
0,1708946501,1.095980,7575942,19
0,3414345461,1.205861,7576523,2
0,974534213,0.707797,7581143,60
0,3048806711,0.991172,7582711,16
0,890902099,1.004871,7583494,5
0,601411763,0.876673,7589103,74
0,3055867961,0.923330,7594578,72
0,1298704067,0.910014,7595372,5
0,352378177,0.950432,7597624,26
0,3763591343,1.207884,7599463,20
0,3944878037,1.250391,7600884,14
0,12456281,1.031250,7607213,85
0,539700289,0.787475,7608210,8
0,2021215309,0.904092,7608719,1
0,216886457,0.941657,7609784,9
0,292284901,0.718750,7610577,5
0,935106631,0.923330,7611719,10
0,2182088813,0.882225,7613403,18
0,4152015773,0.910550,7614697,12
0,987382567,0.820275,7615344,3
0,1241881369,0.958107,7615993,3
0,805144181,1.007782,7617805,18
0,1225772279,0.884988,7618532,4
0,2359555673,0.839689,7620702,20
0,597461803,0.884436,7622484,19
0,2057306359,0.981270,7626025,41
0,3049820789,0.729539,7627891,20
0,2286321733,0.945797,7628735,6
0,3551610229,1.035974,7630082,13
0,1098390431,0.942694,7630593,1
0,3993819377,1.098205,7631105,1
0,1199447083,0.942694,7632388,12
0,1526483017,0.724838,7637024,60
0,2036898011,0.947859,7639274,26
0,197892517,0.815499,7640055,5
0,661928359,0.858664,7641757,18
0,880322809,0.729539,7642991,11
0,3431137513,0.946313,7643560,2
0,1430935039,1.064337,7644299,4
0,866368259,1.035503,7644954,3
0,2115507763,1.062959,7647213,26
0,2799435017,1.008267,7649646,28
0,2134412981,1.008267,7652669,37
0,173897231,0.858664,7654846,25
0,1085946479,0.848942,7655358,1
0,3189995503,0.940101,7655957,2
0,3768105389,0.988706,7656538,2
0,1775770429,0.908403,7657397,6
0,584543117,0.971267,7658463,9
0,2978943157,1.144365,7662376,50
0,1667883127,0.815499,7666152,43
0,3972678727,1.098205,7667181,8
0,949335077,0.880008,7669582,15
0,2611061597,0.855246,7673403,46
0,1896428381,0.858096,7675658,26
0,1837579823,1.035974,7676245,2
0,3871676147,0.891036,7677245,8
0,318884617,0.923330,7678223,8
0,291928151,1.250781,7678798,2
0,2454861119,0.999023,7682233,43
0,873564473,0.871645,7683919,18
0,461623793,1.068458,7685742,20
0,1247860519,1.037387,7686252,1
0,2749360633,0.994614,7691676,71
0,3915018467,0.988706,7695947,55
0,3065387597,0.716027,7698262,27
0,2743457,0.766103,7701187,36
0,1220298329,1.000976,7701761,2
0,3746381599,1.094643,7702707,7
0,377522633,1.116723,7705010,27
0,636124001,1.205861,7707469,29
0,1279310507,0.844329,7713563,81
0,189524299,1.064795,7714496,7
0,3079561853,1.073928,7716005,15
0,2400827383,1.047225,7717715,18
0,961359233,0.886090,7720283,26
0,821397617,1.050019,7721708,14
0,240098893,0.973777,7723909,25
0,197496451,0.980772,7728429,56
0,2794522343,1.040677,7730551,24
0,589768027,0.950432,7731683,10
0,2674787893,0.984747,7734639,36
0,375149407,0.882225,7736398,19
0,3556983109,1.136229,7741778,71
0,3315671699,0.985738,7744444,32
0,634806301,0.879453,7746476,23
0,2257126393,0.846062,7747117,3
0,2756090773,0.817891,7747763,3
0,3953506979,0.956577,7749051,12
0,2551346719,1.075745,7750186,10
0,1140712169,0.880563,7751328,10
0,3936708539,0.851240,7751847,1
0,3976644979,1.006328,7761641,134
0,1829194249,0.786234,7762770,10
0,973118749,1.130628,7763556,5
0,1578767429,0.942694,7765032,15
0,2939342053,0.963190,7768709,42
0,2944299613,0.971267,7774975,70
0,2362072523,0.812500,7780244,67
0,2420111,0.908940,7781002,5
0,3419353321,0.815499,7781959,6
0,2509346953,0.981767,7782670,4
0,44890567,1.012616,7783378,4
0,3940196753,1.048157,7784375,8
0,120383537,0.939581,7786202,20
0,2520078377,1.169685,7787125,7
0,2958753527,0.877786,7788002,6
0,3022983389,0.719429,7788720,4
0,2907893957,1.071652,7789647,7
0,683261587,0.938021,7790158,1
0,1576116497,1.039268,7791920,19
0,4319257,1.225143,7792674,5
0,2784209237,0.888841,7795002,27
0,1294326097,0.814900,7795856,6
0,1660132997,0.725512,7796653,5
0,56729303,0.932801,7797153,1
0,1617294043,0.858664,7797737,2
0,3236113691,1.000000,7801798,52
0,2444084777,1.081178,7803494,18
0,1167832717,0.919621,7805403,21
0,747972101,1.040677,7808287,35
0,2156091439,1.063419,7809917,17
0,2555633347,0.820870,7814541,60
0,413309789,0.891036,7816308,19
0,4254998477,0.796109,7818786,29
0,1402715921,1.108825,7819593,5
0,242174687,1.080726,7820244,3
0,2302808623,1.158360,7821024,5
0,1025485771,1.069828,7825692,56
0,1216366511,1.211114,7828097,28
0,3173361683,1.014061,7830134,21
0,3625796149,0.884436,7831423,12
0,1102676567,1.002438,7832840,14
0,4099366289,1.024123,7833921,9
0,2671082203,0.813701,7837440,44
0,2333524723,0.888841,7839081,17
0,4097090687,1.099538,7840231,10
0,3387039301,0.977780,7841642,14
0,3885474107,0.987223,7845794,53
0,210524927,0.893772,7847075,12
0,3446545987,0.973777,7847726,3
0,507153293,1.095980,7848371,3
0,1193099203,1.037387,7849026,3
0,1374660787,0.973777,7849611,2
0,20765851,0.950432,7850593,8
0,1065446849,1.104854,7851586,8
0,808631623,0.914830,7852517,7
0,2801358713,0.942694,7854510,22
0,182588701,0.915364,7856484,22
0,375905609,0.877786,7856998,1
0,334209347,0.818488,7860447,43
0,310038559,0.843171,7861855,14
0,1942001591,0.925443,7862724,6
0,2988917879,0.813101,7864283,16
0,949000369,0.964709,7869502,64
0,2723912647,0.892679,7874027,46
0,3325046671,1.118471,7885242,150
0,3567831791,0.846639,7886886,17
0,3704188793,1.031723,7888943,23
0,119131241,0.938541,7890006,9
0,441212507,0.950945,7896387,85
0,40494127,0.782499,7897090,4
0,3434621107,0.674595,7897737,3
0,1162205747,0.796722,7898820,9
0,2154344021,0.601918,7902403,45
0,502472563,0.827388,7903057,3
0,238248287,1.129332,7904464,14
0,399940081,1.183381,7906091,17
0,2762156731,0.942694,7907365,12
0,1005659491,0.989199,7908154,5
0,3735362027,0.822653,7910417,26
0,1684929431,1.146496,7911840,14
0,4020132871,1.129764,7912773,7
0,619935847,0.977281,7913709,7
0,3265657321,0.763550,7919397,75
0,2465639053,0.827978,7923606,54
0,336814019,0.933847,7925755,20
0,1077803807,1.164665,7926578,5
0,616187489,1.305786,7927433,6
0,1175400703,0.971267,7932617,66
0,3357117047,0.920152,7935522,35
0,2266459477,0.915364,7936660,10
0,2250018583,1.128899,7937518,6
0,2978969249,0.879453,7939570,23
0,1286873611,0.817294,7942034,29
0,3244746353,1.031250,7944711,32
0,2422781731,1.035503,7946127,14
0,1139059043,0.945797,7947759,17
0,126864707,1.095534,7949603,20
0,1919058247,1.129332,7951922,27
0,966698839,0.822059,7953341,14
0,2547478189,0.911622,7954069,4
0,1672073971,0.877786,7957952,49
0,3813962213,0.981767,7959376,14
0,2531042233,1.129332,7962474,38
0,1919935639,1.002438,7963408,7
0,3047365603,1.000000,7964618,11
0,393887503,0.915364,7965268,3
0,1361322913,0.842012,7967031,19
0,215563039,0.988706,7972095,62
0,3659407217,0.970764,7973821,18
0,3229732249,1.008751,7974530,4
0,3732539477,1.135799,7978701,39
0,458938589,0.727528,7979844,5
0,187083409,1.078012,7981342,15
0,949222297,0.971267,7982339,8
0,791991139,0.915897,7983197,6
0,233683861,1.050483,7983776,2
0,1645890709,1.168432,7984496,4
0,2074668163,0.846639,7985712,11
0,182599913,0.893772,7987663,22
0,4190787581,1.187911,7989313,17
0,3662968663,0.843750,7990529,11
0,2739652943,1.294142,7991820,12
0,1866302327,0.999023,7992901,9
0,917016439,0.992649,7995568,32
0,403256479,0.920152,7996353,5
0,1610802031,1.005357,8002249,78
0,470853323,1.033615,8003861,17
0,3751447367,1.097316,8005512,17
0,21594229,0.853531,8006210,4
0,2381393347,0.973777,8007077,6
0,1370178811,0.937500,8007660,2
0,1857075653,0.889391,8009013,13
0,1871442959,0.818488,8010017,8
0,1502009591,1.348466,8017101,95
0,351378983,0.914830,8020977,49
0,2055027539,1.098205,8021635,3
0,1244188433,1.209096,8023760,24
0,1958383211,0.949404,8025532,19
0,3881850971,0.872205,8027860,27
0,406927709,0.836193,8028783,7
0,3373785523,1.215139,8031080,21
0,3828820379,0.732211,8034002,35
0,1236149699,1.110145,8035204,8
0,88432763,0.822653,8036412,11
0,3444755971,0.925971,8037828,14
0,2336898209,1.024123,8040635,34
0,1030562993,1.070740,8046101,72
0,1012632359,1.031723,8047450,13
0,180080249,1.002438,8050544,38
0,3110556109,1.035974,8053776,40
0,2080928869,0.793652,8056033,26
0,3099324941,0.853531,8059683,46
0,1740849373,0.791804,8061037,13
0,3817812373,0.911086,8062599,16
0,3426058591,1.101756,8064641,23
0,3004447513,1.097761,8066899,26
0,1912637651,0.766103,8071781,64
0,1765968541,1.097316,8073418,17
0,1396810871,0.736201,8082226,101
0,116852383,0.911086,8084299,21
0,1813507457,0.956577,8084873,2
0,2652293881,1.327665,8087338,29
0,2361723017,1.276286,8089806,29
0,1492974979,0.685366,8091089,12
0,3686986343,1.076652,8091892,5
0,1164706919,0.860369,8093723,20
0,1197794071,0.971267,8094443,4
0,829934401,0.775605,8095858,14
0,2174579149,0.789333,8096376,1
0,1317183641,0.919090,8097154,5
0,2610585049,0.834439,8097805,3
0,541931419,1.094643,8099008,11
0,3525416051,0.762910,8099516,1
0,790019999,0.927551,8103533,51
0,1869298891,1.035974,8109418,78
0,3845367161,0.921743,8110494,9
0,3870395453,0.910550,8112346,20
0,3792456659,1.303166,8113208,6
0,22564469,1.012616,8115371,25
0,1006497391,0.846062,8116958,16
0,1164701833,1.048157,8118435,15
0,143618653,0.887192,8122284,49
0,338605559,1.250391,8123288,8
0,1396420159,0.969758,8124088,5
0,3472081583,1.157094,8125793,18
0,3165007831,0.792420,8128338,30
0,1131603593,1.040677,8128921,2
0,1469768557,1.009235,8129648,4
0,1951781317,0.947859,8132245,27
0,3023026817,0.906789,8136661,57
0,3179282471,1.000488,8138702,23
0,3310580213,0.938021,8143036,56
0,1394685781,0.880008,8143968,7
0,3185752081,0.781250,8146144,23
0,1021935307,1.202618,8149741,45
0,133842263,1.070740,8153397,44
0,836023453,0.973276,8154130,4
0,2501123087,0.967237,8156797,32
0,1023027371,0.920152,8159006,25
0,1053934379,0.942176,8164191,68
0,2227531099,0.973777,8166787,31
0,3859331191,1.160465,8167724,7
0,345607351,1.050019,8169422,18
0,1573760011,0.880008,8170998,16
0,1682132747,0.939581,8173034,23
0,1725209771,0.930180,8176333,41
0,1014468953,0.842012,8179382,33
0,3253744063,1.158360,8181752,14
0,1051398211,0.831508,8184030,24
0,369805211,1.098205,8188432,57
0,71541779,0.694566,8194032,74
0,2517330769,1.098205,8196562,30
0,896900027,0.906250,8197794,11
0,4241894693,0.823246,8201236,43
0,1198924087,0.761629,8201893,3
0,202623217,1.109705,8202666,5
0,3228182317,0.784369,8205117,29
0,1957151731,0.787475,8207233,24
0,1594415707,1.004871,8208233,8
0,3936010781,0.893772,8208960,4
0,2244198277,1.016466,8209612,3
0,726579617,1.146496,8215100,72
0,4150755727,0.913227,8215754,3
0,244871491,0.944247,8216467,4
0,3693774611,0.925443,8219919,43
0,4238419259,0.884436,8224236,55
0,902459843,1.147347,8227752,44
0,1293723479,0.884988,8228763,8
0,1512790897,1.037387,8234425,71
0,1953616381,1.035974,8235575,10
0,211131307,0.877786,8240143,59
0,2865343643,0.886090,8242641,27
0,2525884133,0.938541,8243387,4
0,3824667713,0.844907,8244666,12
0,348989609,0.882225,8247816,39
0,1298697791,0.973777,8252312,58
0,3409866259,0.814900,8254804,29
0,144403607,1.040677,8255594,5
0,304727803,0.956577,8256941,13
0,3703629829,0.934370,8257655,4
0,2975013779,1.035974,8259354,18
0,917507117,0.849517,8261609,26
0,2107530773,1.074382,8262339,4
0,2331488857,1.002438,8264389,23
0,1486013423,1.066628,8267989,45
0,1603967987,0.969254,8269359,13
0,450017171,0.879453,8270712,13
0,2961635683,1.064795,8274922,54
0,826862279,0.950432,8275776,6
0,2314815673,0.970764,8277348,16
0,3566701837,0.971267,8278414,9
0,1179311621,0.815499,8279595,6
0,345371639,1.105296,8280134,1
0,2993599039,0.932801,8280937,5
0,581297657,0.910014,8281869,7
0,3261280387,0.822059,8283737,8
0,2480246819,1.044891,8284928,9
0,916615747,1.194878,8286301,12
0,2249448503,1.014061,8287178,6
0,1166733979,1.054659,8289900,31
0,3829782193,0.934370,8290633,4
0,1388818141,0.616346,8295415,62
0,94244663,1.032197,8296828,14
0,2538319913,1.031723,8299355,30
0,1644476399,0.848942,8300777,14
0,2589152053,0.693863,8301642,6
0,3744110063,1.059739,8302302,3
0,2257324739,0.727528,8304545,26
0,3626501507,0.930180,8308409,49
0,3634040177,0.852959,8310448,23
0,160013587,0.848367,8313324,35
0,340025591,0.884988,8314865,16
0,3122163361,0.875558,8316009,10
0,2361958601,1.040677,8316999,8
0,1074919991,0.930180,8318000,8
0,3914471497,0.784369,8318643,3
0,2456479607,1.017906,8319509,6
0,3402762941,0.888841,8321700,25
0,2062434221,0.915364,8322707,8
0,1383384043,0.946313,8324689,22
0,1877088253,0.966732,8325210,1
0,2229496361,1.043020,8326138,7
0,1685627687,1.095534,8330217,52
0,128879953,0.934370,8331921,18
0,2953622173,0.946313,8334179,26
0,3135799969,0.877786,8334685,1
0,198679937,1.128467,8335534,6
0,1184255489,0.912157,8336393,6
0,3790529647,0.970764,8338123,15
0,487688213,1.027930,8338954,5
0,2218399831,0.791187,8339462,1
0,17306101,1.029354,8342471,37
0,1743007393,0.791804,8344543,21
0,2796924829,1.071652,8347300,33
0,3152319043,0.888841,8348656,13
0,3555563849,1.008267,8350428,19
0,1687652719,0.899761,8354147,47
0,695663483,0.893772,8358163,51
0,83338597,0.984747,8358875,4
0,2121984037,1.004871,8359960,9
0,4122258713,0.822653,8361238,12
0,535255933,0.766103,8361756,1
0,2575431241,1.032197,8367575,77
0,2169657509,0.849517,8369267,18
0,2170517813,0.941657,8370057,5
0,2266022237,0.939581,8371679,17
0,2087922341,0.907327,8374160,29
0,1004085101,1.067086,8375580,14
0,822989747,1.064795,8377147,16
0,4000377793,0.813701,8379427,26
0,3714426829,1.000488,8380157,4
0,2534082979,0.904092,8382381,21
0,4113026417,1.148198,8383910,15
0,2167341283,1.097316,8389126,55
0,3424119047,1.131923,8392244,36
0,2362812161,1.019344,8392750,1
0,950010727,0.851240,8397448,61
0,4098984251,0.981270,8401403,48
0,432451823,1.236647,8402147,4
0,1738340239,1.035974,8403091,7
0,3144126131,0.793652,8404305,11
0,1825655977,0.972774,8404959,3
0,375084053,1.131923,8406573,17
0,875430167,1.050019,8408538,22
0,714423529,0.718750,8410713,25
0,4174759727,1.170520,8412690,22
0,1388902721,1.019344,8413967,12
0,3760065487,0.945797,8415039,9
0,2691556411,1.031250,8415689,3
0,3941842903,1.031723,8419861,53
0,1253191063,1.222750,8421288,14
0,998837743,0.786855,8424531,40
0,599868617,1.040677,8425664,10
0,3994158629,0.913227,8426724,9
0,2264357801,1.006328,8427517,5
0,2286667583,0.940101,8429363,20
0,74151073,0.958616,8430065,4
0,3210923633,1.059739,8432745,32
0,633024989,1.140946,8434309,16
0,3667545311,0.872205,8435242,7
0,1151330179,1.091963,8441133,72
0,3239329757,0.796722,8443846,32
0,1116547591,1.247654,8445616,19
0,436415591,0.882225,8446743,7
0,2784129203,0.972272,8447350,2
0,4251770231,1.164665,8448160,5
0,3058005941,1.070284,8451246,38
0,1327305349,1.033615,8453006,19
0,3578814451,0.978779,8458211,68
0,2276596403,0.849517,8459085,6
0,3716169883,0.853531,8461693,31
0,2380176527,1.142657,8462847,10
0,3718574087,1.115848,8469015,82
0,552093743,0.762910,8472435,43
0,442193357,0.915364,8473290,6
0,3119620187,0.786855,8476868,45
0,3424043191,0.977281,8478502,17
0,2729530649,0.958616,8481891,42
0,268322449,0.963190,8483087,11
0,3918815291,0.988706,8484763,13
0,878088889,0.987223,8485935,10
0,4013872633,0.842012,8489509,31
0,128144161,1.140946,8492385,29
0,2305992959,0.808886,8495171,33
0,84138311,1.115411,8503538,114
0,3455145391,0.944247,8504056,1
0,1611122431,1.000976,8506859,34
0,4127050019,0.876115,8507948,9
0,2904196069,0.958616,8508599,3
0,452215163,1.019344,8509175,2
0,1230627301,0.879453,8510172,8
0,1269805343,1.017906,8515281,67
0,4195194209,0.836777,8516211,7
0,3215941249,0.721462,8517431,11
0,3617798519,0.849517,8518019,2
0,349053013,0.789333,8520617,31
0,2795754919,1.122393,8521133,1
0,403757437,0.665852,8521636,1
0,1949584097,0.877786,8526326,61
0,3792241477,0.915364,8526972,3
0,2070194983,0.950945,8528737,19
0,328226683,0.875558,8529869,10
0,39774547,0.748697,8530721,6
0,3805008313,1.111464,8534713,51
0,1829837743,1.099538,8535722,8
0,2107672031,0.848367,8536653,7
0,197782597,1.040677,8538969,27
0,22422503,0.830921,8539810,6
0,1332915013,0.946313,8547426,95
0,1302127117,1.095534,8548955,15
0,2930119189,0.975280,8551144,25
0,1340032591,0.936979,8552018,6
0,1315176277,1.012616,8552676,3
0,3895868183,0.864897,8553467,5
0,2838243293,0.848367,8555800,27
0,270825679,0.899761,8557980,25
0,3526703879,1.033615,8558845,6
0,3409298251,0.822653,8560554,18
0,375085531,0.945797,8564360,48
0,1055977037,0.858096,8566409,23
0,552260663,0.818488,8567056,3
0,2903553397,1.014061,8568054,8
0,2699806177,0.978779,8568774,4
0,2819153083,1.044891,8569360,2
0,2972842559,0.791804,8570574,11
0,1867700999,0.938021,8575488,64
0,3115918153,1.032197,8576831,13
0,2023832467,1.039268,8579497,32
0,1087378241,1.238620,8581962,29
0,3123868193,0.911086,8583233,12
0,324467527,0.836193,8585076,20
0,2595562919,0.889391,8587128,19
0,1937015827,0.940101,8587869,4
0,1980426023,0.985738,8593096,53
0,415115257,0.892679,8594060,5
0,304974583,0.919621,8594568,1
0,785462311,1.073928,8595708,10
0,1770203749,0.921213,8596491,5
0,2780040391,1.063419,8597631,10
0,429798883,1.095980,8599673,23
0,3184690637,1.004871,8600743,9
0,3104927741,0.906789,8601335,2
0,4189145101,0.875558,8603937,31
0,3582919877,0.880008,8606327,28
0,4069269709,0.725512,8607471,10
0,661088723,0.966732,8609651,25
0,114942601,1.016466,8613577,50
0,2536106473,0.989199,8615013,14
0,3406897639,1.098205,8615945,7
0,4111543781,0.886090,8617498,16
0,2411203469,0.944247,8618223,4
0,38087843,0.797334,8618851,3
0,3852497021,1.225542,8619369,1
0,3421102939,0.880563,8620954,16
0,2506556713,0.908940,8621955,8
0,1491137029,0.786855,8622529,2
0,3850491527,0.899761,8624429,21
0,520525409,1.085235,8626113,18
0,1031147149,1.020780,8627464,13
0,2470975357,1.064795,8628042,2
0,3685644257,1.040677,8629757,18
0,248631991,1.111903,8631182,14
0,3307286317,0.915364,8632315,10
0,3724806361,1.039268,8634557,26
0,2929139023,0.949404,8635699,10
0,1900921637,0.836193,8636347,3
0,2675942287,0.930180,8637079,4
0,3584064509,0.914830,8640872,48
0,1200000623,0.846639,8642017,10
0,2517894563,1.001951,8644613,25
0,1923265391,0.986728,8645156,1
0,837396181,1.035503,8646992,20
0,1383580481,1.078012,8647846,6
0,680021269,0.908403,8649723,18
0,3589050587,1.066170,8650324,2
0,1922908747,1.125868,8650833,1
0,1542167617,0.879453,8651484,3
0,2568145639,1.133647,8652421,7
0,1051436189,0.858664,8653289,6
0,2836268551,0.975280,8655901,31
0,1194445673,0.817891,8657523,17
0,3195984977,0.975280,8658250,4
0,1681981177,0.875000,8658907,3
0,1614195631,1.187911,8661790,35
0,1799295263,0.975280,8664124,27
0,2537068267,0.875000,8664778,3
0,2682702577,1.006328,8666203,14
0,432322613,1.021736,8666843,3
0,1816425509,0.941657,8668064,11
0,2198929207,0.939581,8671716,46
0,4185694309,0.941657,8673842,24
0,2987993819,0.797334,8674492,3
0,3583527047,0.981767,8675701,11
0,754412299,1.098205,8677326,17
0,3049271917,1.008267,8680283,36
0,2420677871,0.976781,8681216,7
0,2427581171,0.901929,8681800,2
0,3745861127,1.000488,8683429,17
0,1886219689,0.942176,8684921,15
0,1148299981,0.781875,8686350,14
0,2331021059,0.873324,8687490,10
0,3274811153,1.039268,8689938,24
0,1136824957,1.137517,8690672,4
0,4187686561,1.094643,8691387,4
0,3210086903,0.964709,8696000,46
0,2586616909,0.877229,8697022,6
0,1939741829,1.128899,8698365,13
0,2710644701,0.721462,8699151,5
0,612272203,0.886090,8702864,47
0,3790247317,0.942694,8704151,12
0,1179660967,1.055584,8704941,5
0,789626177,0.866589,8705733,5
0,2677306141,1.131923,8706248,1
0,987481507,1.127168,8707177,7
0,3907762153,0.880563,8708736,16
0,3095150257,0.970764,8709951,11
0,3397197079,1.115848,8710603,3
0,818153201,1.038328,8711171,2
0,3968240449,0.796722,8712238,9
0,1849752109,1.000976,8713582,13
0,2103425167,0.973777,8714110,1
0,3281245291,0.867152,8715388,12
0,3376610729,1.054659,8716593,11
0,678805997,0.796722,8719959,42
0,1900783681,1.291121,8722760,34
0,1452866647,0.940101,8724049,12
0,1070169973,0.818488,8724848,5
0,410556373,0.789333,8727454,31
0,3585436919,0.858096,8731455,51
0,2515641763,1.095980,8731976,1
0,2038702121,0.928078,8733446,15
0,3056661229,1.099538,8734031,2
0,853534519,0.963190,8734911,6
0,3457825781,0.863202,8738509,45
0,2436729257,1.085235,8742507,51
0,81639737,0.827978,8743439,4
0,2620228847,0.910550,8744309,6
0,441988189,0.802219,8746486,25
0,3702123037,0.946829,8749537,35
0,380070133,0.911086,8750620,9
0,965867057,0.947859,8752167,16
0,4157055797,1.104854,8752901,4
0,2096735089,0.894864,8753484,2
0,2518842047,1.000488,8754143,3
0,819811763,0.947859,8754793,3
0,566323313,1.094196,8758661,49
0,2436414191,0.978779,8759801,10
0,1045040263,0.822653,8761921,24
0,3105850753,0.850666,8762707,5
0,3126808241,0.813701,8767059,56
0,1037586343,0.817891,8767574,1
0,2714129491,0.987223,8769477,21
0,2711973437,1.117160,8771662,25
0,3845386547,0.914830,8774080,28
0,3614297879,0.958107,8774809,4
0,312713671,0.925971,8781139,84
0,153067697,0.781875,8784910,48
0,2526548771,0.813101,8787709,34
0,656119523,0.969758,8788997,12
0,1562674291,0.884436,8789503,1
0,1490218259,0.938541,8790022,1
0,1896388807,1.032197,8791789,15
0,2423933599,1.139661,8792551,4
0,2596524659,1.004871,8793065,1
0,1912564697,0.903552,8797517,45
0,59959063,0.902471,8799236,12
0,2138728303,1.069371,8801262,22
0,2329117369,1.105296,8803653,28
0,449426149,0.907327,8804943,12
0,2944001693,0.882225,8806380,14
0,3726652207,1.213933,8808158,19
0,1265145611,1.059739,8809015,6
0,2095126703,1.070740,8813079,52
0,1929499603,0.876673,8816790,47
0,4076348299,1.043488,8817587,5
0,3001029991,0.867152,8819086,15
0,32922481,0.975280,8819718,3
0,3553857523,0.987223,8820377,3
0,2498653583,0.891036,8821102,4
0,672090407,1.187911,8822161,9
0,2636778509,0.880008,8824426,26
0,617189519,0.952484,8825858,14
0,952778809,0.921743,8827691,20
0,135914773,0.966732,8828534,6
0,734461583,0.760987,8830373,20
0,2464120481,0.751951,8834443,52
0,1698303863,1.277051,8838153,47
0,108899509,1.015505,8838656,1
0,2338385389,0.916963,8840846,25
0,4099664791,1.137517,8844258,42
0,1404236489,1.171771,8845535,12
0,3674069527,1.186677,8846820,12
0,1671089549,0.963190,8847472,3
0,2822461127,0.882225,8851191,42
0,1966724861,1.039268,8852799,16
0,1184757859,0.958616,8853734,7
0,3778469603,0.882225,8855115,11
0,3150043859,0.942694,8858783,46
0,351093737,1.000976,8862577,48
0,50846743,1.069828,8864546,22
0,354192653,0.827388,8867069,30
0,1678656547,1.127168,8867638,2
0,2389716913,0.786234,8868355,4
0,2323622753,0.880563,8873012,60
0,3970537279,1.100870,8877782,62
0,518558099,0.956066,8878787,8
0,2324518877,0.986728,8880079,12
0,121046659,0.989199,8883992,50
0,1844755079,0.906250,8888684,61
0,636667261,0.973276,8891220,30
0,2339436751,0.855246,8894888,42
0,952076023,1.064795,8895788,6
0,1890430723,1.030776,8898873,24
0,2162380123,1.062500,8899690,3
0,2428882241,0.952484,8902890,38
0,3288029917,0.848367,8905786,35
0,986580299,0.851240,8907349,16
0,2953822247,1.039738,8908695,13
0,1154731429,0.910550,8909560,6
0,3633698053,1.155828,8911048,15
0,3780453583,0.971267,8914615,45
0,189646097,1.012133,8916014,14
0,147714769,1.095980,8916583,2
0,3469072403,0.719429,8917950,13
0,4071214951,0.806468,8920414,29
0,2329050289,0.944247,8924119,47
0,4211997563,1.014061,8925902,19
0,2539545397,0.758416,8929691,48
0,1869430153,0.945797,8932848,39
0,3385672039,0.940101,8936319,43
0,2304804023,0.942176,8937453,10
0,1490325379,0.882225,8941163,47
0,439118387,1.023646,8944116,36
0,3216888827,1.002438,8946243,24
0,741541277,0.753248,8946962,4
0,3900008477,1.039268,8947965,8
0,707876417,1.031250,8951310,37
0,4207083917,0.946313,8956639,67
0,1999096613,0.753248,8960948,55
0,3740380229,0.690335,8962297,13
0,2920825339,0.801000,8962807,1
0,3505380103,0.934370,8964644,20
0,3174883189,0.973777,8966418,19
0,2345379397,1.069828,8967499,9
0,1777711321,1.063419,8969063,16
0,253281151,1.075745,8969847,5
0,2515852247,0.880563,8970793,7
0,2561855983,0.941657,8972790,22
0,307706233,0.724838,8976566,47
0,2704628561,1.038798,8978286,18
0,2009109587,0.891036,8979008,4
0,542102417,0.758416,8983627,60
0,295750783,0.851240,8985035,14
0,439994063,0.877229,8986099,9
0,1097491009,0.850666,8989684,45
0,33316453,0.755190,8991152,15
0,3186052907,1.178005,8993981,34
0,3031351943,0.670966,8996525,26
0,2396939177,0.846062,8998098,16
0,2142439613,0.911622,9001265,26
0,4175854103,0.928078,9002201,5
0,3601931681,0.938021,9004365,20
0,3391100861,0.889391,9008324,50
0,2012086807,0.944247,9009114,5
0,2345729461,0.760345,9010959,20
0,2721425299,0.766103,9011470,1
0,1163349163,0.880008,9012051,2
0,892827007,0.796722,9012569,1
0,2199218869,0.796722,9014055,15
0,300327971,1.012616,9015249,11
0,1746599089,0.924387,9018821,45
0,1498497857,1.010685,9019885,9
0,2851524787,1.004385,9020471,2
0,1122811747,0.888841,9023784,41
0,777888343,1.037387,9024935,10
0,924977611,1.000488,9025717,5
0,3191973089,1.130628,9026222,1
0,2786791723,0.841432,9030353,53
0,3706482587,0.939581,9031653,12
0,3650677969,0.888841,9034678,37
0,1179001261,1.035974,9037980,41
0,1779752033,0.910550,9038835,6
0,3753616661,0.913227,9046905,109
0,2295375773,1.070284,9050003,38
0,4293732679,0.844329,9055293,61
0,395711599,0.776234,9056531,11
0,4041632939,0.942176,9057532,8
0,3943624897,1.004385,9058043,1
0,4022590277,0.880563,9061865,46
0,2715242921,0.991172,9063798,21
0,2934641851,1.079370,9066420,31
0,1983656167,1.039268,9068753,27
0,2843725747,0.944247,9069770,8
0,2115773917,1.048623,9072673,35
0,706452293,0.721462,9074715,23
0,1913791177,0.947859,9076813,24
0,1354097911,0.942694,9080471,46
0,255813211,0.975280,9081745,12
0,3714106481,0.939581,9086925,68
0,2143637803,1.163827,9087578,3
0,244679233,0.973777,9088562,8
0,425139461,0.937500,9089357,5
0,1029169079,0.791804,9091449,23
0,1039975403,1.079370,9093017,16
0,698396021,0.913227,9094295,12
0,2754506353,1.157094,9095082,5
0,890746099,1.095980,9096291,11
0,9581419,0.938541,9096922,3
0,377538599,0.910550,9097836,7
0,370511437,0.776234,9099141,10
0,4026618677,0.880008,9100718,16
0,3502977461,0.906789,9102548,6
0,1890382079,0.864332,9110011,98
0,490623659,0.869402,9113162,39
0,2581365529,1.157938,9117498,56
0,3272096483,1.012616,9118150,3
0,1872707071,0.877786,9119950,19
0,3982202677,1.004871,9121372,14
0,242866297,1.059739,9124252,35
0,2071633259,1.017906,9124773,1
0,8824051,0.936979,9125682,7
0,700445989,0.877786,9126545,6
0,2519690983,0.890488,9129942,42
0,2594628683,0.869402,9133027,38
0,863936921,1.182968,9134722,18
0,811238179,0.944764,9137236,30
0,1668072391,1.001951,9138172,7
0,856420153,0.880563,9139524,13
0,3625348313,0.978280,9141286,19
0,4228603433,0.849517,9142288,8
0,3174590333,1.115848,9144477,25
0,2602412167,0.659219,9146109,17
0,1671539113,1.082983,9148703,31
0,3552611107,0.783746,9149489,5
0,1529248607,1.031723,9150432,7
0,4136748893,0.989199,9153555,34
0,2281186169,0.888841,9155632,23
0,3723888599,0.846639,9156639,8
0,1349552923,0.921743,9160057,40
0,2505183977,0.969758,9164010,50
0,586766681,0.942694,9165631,17
0,3112739407,0.940101,9167263,17
0,2364203899,0.950432,9172207,64
0,2004109529,1.098205,9173553,13
0,1196678081,1.136229,9174278,4
0,2279602313,0.908940,9174941,3
0,3559415417,1.035974,9178523,45
0,1955991143,0.815499,9183433,64
0,1244489489,1.132354,9184497,9
0,1113181073,0.908940,9185078,2
0,2283332983,0.829745,9186426,13
0,3205238111,0.985738,9189384,36
0,3764648743,0.884436,9190386,8
0,1795310599,0.888841,9191234,6
0,3404883323,0.877786,9192595,13
0,2531115739,0.864332,9193600,8
0,658376363,1.158360,9194873,12
0,156949451,0.981767,9200834,75
0,3618539191,0.889391,9202140,12
0,2988439331,0.964203,9205112,23
0,135878579,0.748697,9205993,4
0,2918134211,1.095534,9207275,12
0,3702183227,0.668779,9209251,22
0,21858773,0.950432,9209743,1
0,1282143899,1.308401,9211581,20
0,2426156753,0.849517,9215031,43
0,3858135173,1.003899,9219105,52
0,232929727,0.789333,9219968,6
0,3923892991,0.753248,9221410,14
0,430982221,1.098205,9221915,1
0,76417463,1.132354,9223245,13
0,1181291987,0.855246,9223900,3
0,2052659429,1.002438,9226996,38
0,2626455371,0.899761,9227783,5
0,3661218241,0.942176,9228435,3
0,3586681621,0.940101,9230004,16
0,1833294223,0.981767,9231924,21
0,438913061,1.037387,9234781,35
0,439673999,0.849517,9240042,69
0,3075377479,1.074382,9240624,2
0,4093501957,0.815499,9241488,6
0,890238131,1.097316,9242296,5
0,2326735247,0.970764,9242885,2
0,3199812103,0.774345,9243533,3
0,567726077,1.000976,9245803,26
0,1225604299,0.955044,9246521,4
0,4123358969,1.058356,9247037,1
0,4010056493,0.727528,9247758,4
0,2568585337,0.875558,9248692,7
0,919534417,1.101313,9253660,65
0,2237493547,0.956066,9259149,68
0,3812284951,0.975280,9259892,4
0,658069547,0.989199,9260802,4
0,2119593407,0.938021,9261912,9
0,2688021559,1.003899,9262999,9
0,2126242549,0.988706,9264987,22
0,3885846257,0.848367,9265930,7
0,1854435377,0.829745,9267493,16
0,586902287,0.888841,9268639,10
0,3732281261,0.981767,9272226,45
0,1733820199,0.784369,9275471,40
0,3441642803,0.873883,9275989,1
0,891910897,0.822059,9277264,12
0,174763573,0.946313,9278670,14
0,3428482723,0.886090,9280036,13
0,3776986517,1.002438,9283743,47
0,1062575867,0.858096,9284333,2
0,1741554119,0.858096,9284842,1
0,2919900037,0.971267,9287114,26
0,1367324143,1.147773,9291876,62
0,813587161,0.968750,9292460,2
0,3122041519,1.039268,9293178,4
0,627095383,0.911622,9295296,24
0,3474773857,0.913227,9298388,38
0,2157204277,1.032197,9299377,8
0,3467639839,0.872205,9299977,2
0,2447131649,1.058356,9304763,58
0,2133320971,1.099538,9309304,45
0,2684382097,1.080274,9314327,63
0,270050749,0.888841,9315521,11
0,3420055451,0.975280,9316667,10
0,1540165409,0.750651,9320307,46
0,2744254421,1.317327,9321549,11
0,388872961,0.888841,9323028,15
0,4001153699,1.178419,9325210,25
0,1490145487,0.778746,9326284,9
0,199502647,0.919621,9326788,1
0,2999795441,1.037387,9330163,42
0,773482427,0.822059,9333384,40
0,544640167,0.884436,9334950,16
0,4033936561,0.908403,9335668,4
0,3333865361,1.130628,9336391,4
0,1381787203,0.880008,9343243,92
0,2673417353,0.762910,9344028,5
0,3233457481,1.004871,9345789,19
0,1114243051,0.761629,9347506,18
0,2864394307,0.920152,9348230,4
0,1136229791,0.940101,9348896,3
0,909704659,0.910550,9349550,3
0,2093112299,0.753248,9352296,33
0,862395559,0.759060,9352883,2
0,3204080377,0.897044,9355998,38
0,3028920581,1.008267,9357778,14
0,3856974911,1.016466,9358767,6
0,3033698009,0.955044,9359357,2
0,1210647043,0.891036,9361383,23
0,33455519,1.035974,9363559,22
0,3853633103,1.004871,9366353,33
0,4280269549,0.818488,9369806,43
0,3076029071,1.066628,9370810,8
0,1745763907,0.921743,9371956,10
0,1991203091,0.864332,9373245,12
0,942173027,0.942176,9375074,20
0,3882527777,0.975280,9380628,73
0,1531120103,1.004871,9381702,9
0,11850749,0.880008,9383375,18
0,2501095439,0.942694,9384237,6
0,4152081709,0.978779,9384976,4
0,1149571673,0.756482,9385474,1
0,6812177,0.674595,9390296,63
0,3762966803,1.070284,9391215,7
0,2117224237,0.877786,9392081,6
0,2433175639,0.844907,9393004,7
0,294392339,0.969758,9393498,1
0,3762292939,0.824432,9394073,2
0,488495801,0.902471,9394791,4
0,4243248067,0.895409,9395456,3
0,2018502193,0.882225,9396038,2
0,3290914877,0.848367,9398261,23
0,2721972263,0.908940,9400114,20
0,1248388151,1.033142,9403410,41
0,3274770769,1.007782,9411425,91
0,4043722831,0.880563,9412163,2
0,1595948957,1.097316,9415592,41
0,3215461861,1.018386,9416759,10
0,1900974443,0.976781,9418180,14
0,954410797,1.130628,9421604,43
0,1138342859,0.786855,9422404,5
0,2796811421,0.875000,9423833,14
0,2063768437,0.910550,9425038,11
0,546061069,1.082983,9427910,35
0,3225052547,0.894864,9428832,7
0,567276053,0.820870,9429910,9
0,3214552391,1.075745,9430920,8
0,1115259773,0.947859,9432966,23
0,1818497561,0.984747,9434162,11
0,4124289601,0.915364,9435997,20
0,3239381557,1.160465,9437611,17
0,1756663717,0.941657,9438892,12
0,1597316191,0.813701,9441086,25
0,3737097181,0.941657,9441895,5
0,2519202467,1.033615,9442481,2
0,1719100489,0.970764,9443900,14
0,2898738449,1.157094,9444616,4
0,2490472639,0.860369,9445130,1
0,3881745053,1.068458,9447386,26
0,2539403891,0.981270,9449297,21
0,2671240853,0.831508,9450025,4
0,219014801,1.067086,9450802,5
0,100908037,0.818488,9451643,6
0,2036200499,0.758416,9452785,10
0,2894384809,0.877786,9459515,90
0,3406792447,0.762910,9461778,26
0,3326493629,1.004871,9463582,15
0,839570363,1.014061,9465359,19
0,3751535233,1.160044,9466656,12
0,1415414989,0.766740,9467301,3
0,4268925473,0.813701,9468416,7
0,799483033,1.024123,9469639,11
0,4261282789,1.063419,9470715,9
0,167152757,0.973777,9474212,44
0,92323249,0.981270,9475912,18
0,1832184287,0.789333,9478038,24
0,2698785997,0.944247,9480078,23
0,470334331,1.003899,9480940,6
0,1402540973,0.877786,9482443,15
0,1008247463,1.035031,9484771,27
0,45310183,0.969758,9485418,3
0,228292697,0.987223,9486344,7
0,577913779,0.978779,9486925,2
0,1543559827,0.950432,9488898,22
0,1283062523,0.866589,9489836,7
0,529489843,1.094196,9490988,10
0,2938154137,0.877229,9491562,2
0,746216983,1.017906,9493470,21
0,1266520301,0.913227,9498104,60
0,1525621309,0.921743,9499522,14
0,4146305767,0.946313,9500388,6
0,2662627313,1.131060,9501745,13
0,3134343643,0.872205,9507153,71
0,1049669311,0.916963,9510164,32
0,3938908811,0.950432,9512256,11
0,2334808549,0.820870,9513832,14
0,2725027829,1.005357,9520331,85
0,1122080357,0.913227,9521130,5
0,374047441,0.885539,9526159,66
0,1116111263,0.842012,9526664,1
0,624517381,1.253121,9530222,45
0,3889210631,0.832682,9534289,52
0,187310869,0.925971,9535410,10
0,4288520909,1.018386,9537320,21
0,2877681071,0.783746,9537922,2
0,1790147159,1.012616,9539632,18
0,4078932379,0.983258,9542175,30
0,1622389471,1.110145,9544709,30
0,2916172681,0.773082,9545284,2
0,3591121511,0.852386,9545861,2
0,4065459199,0.822653,9546671,5
