agent_id,prime,g,timestamp_us,checked_since
1,4246257469,0.932277,0,51
1,3373569809,0.882778,2242,22
1,140161523,1.025076,4501,26
1,399383267,1.182968,6053,16
1,2956482253,1.124132,8452,28
1,2573962579,0.853531,10151,18
1,238366879,0.973777,11648,15
1,3037945793,0.811899,16202,59
1,465784687,0.973276,16789,2
1,664030949,0.961160,20168,42
1,859004429,1.014061,22449,26
1,4118654237,1.042083,23039,2
1,2872201729,0.950945,26130,38
1,3998682029,0.948889,26716,2
1,3952470227,1.031250,33378,88
1,2145951539,0.904092,36362,22
1,84739001,1.111464,38240,19
1,2524974817,0.928078,39227,8
1,2716692991,1.020302,42051,34
1,2192719163,0.950432,42840,5
1,3770403697,0.942176,44465,17
1,2255575897,0.928078,47417,36
1,348947987,0.833854,49314,21
1,4201406893,1.050483,50595,12
1,22521217,1.031250,51637,9
1,117192853,0.907865,52274,3
1,2428521923,0.956066,52783,1
1,2971898879,0.904632,54214,14
1,57018779,1.013098,55965,19
1,712363423,1.027455,56487,1
1,4237452407,0.952997,60697,54
1,2584093747,0.973777,64197,44
1,4245749111,1.055121,66056,20
1,838365403,0.965215,66638,2
1,3357329509,1.032197,67697,9
1,2633213503,1.040677,68844,10
1,3194037271,0.973777,69852,8
1,2203900883,0.931753,70507,3
1,116273323,1.021736,73395,31
1,1423653697,0.999023,74485,8
1,3898809821,0.974780,75418,7
1,1691017457,0.825024,79831,57
1,1716812611,0.938541,80486,3
1,3423039661,1.043488,83369,35
1,1819902473,1.002438,87985,60
1,4186699421,0.972272,91653,46
1,3510953573,1.058356,92440,5
1,1611628391,0.942176,93381,7
1,4250484839,0.919621,100607,97
1,4055774747,0.913227,104582,50
1,2213542157,0.818488,108161,45
1,1305049519,1.046758,108895,4
1,852482651,1.035503,109557,3
1,3630930871,0.972272,113210,46
1,2419864921,0.940620,116450,40
1,1986595999,0.994614,117803,13
1,535273579,1.034559,118320,1
1,521269753,0.963190,118897,2
1,1942535827,1.024123,121486,28
1,2537409439,1.115848,124189,28
1,877040891,0.962683,128937,61
1,1585631129,0.941657,129802,3
1,674760871,1.063419,141576,142
1,4135852579,1.062959,143454,18
1,1149063899,0.783746,146129,32
1,2115401863,0.891584,146921,5
1,843612139,0.899761,148138,11
1,14163731,1.157094,150862,33
1,1391979877,0.960652,151659,5
1,1854264617,0.961160,152516,6
1,2924371673,0.895954,154909,28
1,3280674179,0.936979,160177,69
1,2060907413,1.116723,163920,47
1,1583540983,1.025552,165770,20
1,4264857907,1.020780,168604,34
1,3564365689,1.018386,171799,39
1,2849972239,0.920152,172936,10
1,418681019,0.975280,173787,6
1,1457953139,0.978779,175573,19
1,2718230857,0.970261,176492,7
1,3693168823,0.977281,177361,6
1,1628706719,0.977281,179054,18
1,3354371873,0.993632,181556,29
1,187912519,0.846062,185053,44
1,3530856379,0.986233,185847,5
1,1526121859,0.862070,187126,12
1,3595378337,0.910014,187915,5
1,1961418029,0.950945,189499,13
1,3507465593,1.099094,192301,33
1,3131520389,1.002925,193718,14
1,3617539711,1.047691,195859,22
1,64012391,1.035503,196500,3
1,2917386761,0.889939,197229,4
1,3218349229,0.948889,198024,5
1,2245193491,1.033615,199164,10
1,2585683973,0.813101,200788,17
1,1531972469,0.988706,202627,20
1,2615020073,1.027455,204737,24
1,3030188813,0.946313,206006,12
1,682815041,1.005357,209224,40
1,3998207743,0.994614,210656,14
1,1561562239,0.897588,213545,35
1,1365360809,0.888841,215596,23
1,4112380963,1.048157,216395,5
1,765699763,0.977281,217404,8
1,3765971821,1.012133,217983,2
1,2324751833,0.970764,219342,13
1,2030810143,0.918559,222234,35
1,3074782433,0.938021,226995,62
1,1323844261,1.031250,228624,17
1,2156225723,0.889939,229897,12
1,1153858649,0.919621,230881,6
1,4055063627,0.970261,231781,6
1,1342278961,0.919621,232972,11
1,987982109,0.946313,234115,10
1,1891444201,0.864897,235396,12
1,2139829093,0.970261,237446,19
1,985333763,0.846639,240988,31
1,3678399731,0.772450,244030,33
1,62328913,0.913227,244740,4
1,931587353,0.897044,245573,4
1,4165210207,1.020780,246713,10
1,783783743,0.791187,248908,25
1,1242848203,0.970764,249493,2
1,2935058803,0.913227,252406,35
1,1853392729,0.919090,253126,4
1,1360476773,1.179248,255332,25
1,3250083883,1.006813,257814,29
1,1800281603,0.946313,266787,122
1,2554234691,0.936979,267713,7
1,1455038021,0.860369,268919,11
1,982299823,1.027455,270267,13
1,756242639,1.036445,273091,34
1,1620240343,0.983258,273604,1
1,3982256203,1.012616,277542,50
1,3084643391,0.997066,278764,11
1,3529679969,1.039738,280031,12
1,1083201701,0.950945,282406,28
1,2208440581,1.064337,284389,22
1,1003588921,0.975280,285524,10
1,2848018363,1.044423,286177,3
1,2466923801,1.008751,287668,15
1,1295521723,0.910550,288528,6
1,3292682353,0.960652,289793,12
1,1006402561,0.867152,291142,13
1,1887077069,0.928078,292695,16
1,2947119061,0.877786,293917,11
1,3732983873,0.935414,295920,18
1,1098818713,0.860369,299639,47
1,2515685621,1.000488,301811,22
1,2762855273,0.848367,306747,64
1,3612476123,0.880563,307606,6
1,1111886761,0.962175,308872,12
1,3259673233,0.786855,309444,2
1,3246423899,0.889391,311557,24
1,3888886987,1.015985,313119,16
1,3110363959,0.919621,313840,4
1,2212715081,1.013098,314904,9
1,3989205191,0.993141,315844,7
1,2922402401,0.893772,316428,2
1,363815471,0.927551,319244,34
1,3380044643,0.928604,321577,27
1,3123849349,0.919621,325472,49
1,3608350189,1.022214,328081,31
1,4114997437,0.944764,329436,13
1,4262379013,0.927551,330157,4
1,753110159,0.957597,332203,23
1,1192486081,0.975280,332783,2
1,3832894367,1.067086,335186,28
1,1210179101,0.815499,336265,7
1,923608529,0.965215,337688,14
1,2646033811,1.031250,343354,56
1,1881313223,0.920152,344228,1
1,3787462769,0.848942,348895,58
1,4257592231,0.829745,351887,36
1,102049729,0.988706,352727,6
1,722621387,0.968750,353997,12
1,1115340901,0.988706,358642,60
1,1848595141,1.036916,359851,11
1,3117803407,1.040677,360999,10
1,3712614337,1.002438,363488,29
1,1440103129,0.935936,366715,40
1,15786923,0.907327,375186,115
1,1351194473,1.067086,376047,6
1,2812726261,0.971267,377191,10
1,4099026761,0.991172,379948,33
1,1505075797,0.928078,380597,3
1,2996245349,0.928078,382568,22
1,119500669,1.012133,383493,7
1,2757285143,0.965215,384984,15
1,1332831457,0.992649,386353,13
1,98159363,0.944247,387477,10
1,1193412691,0.868840,389027,16
1,2500810337,0.928604,390865,20
1,1782814349,0.970764,392214,13
1,965776043,1.073928,395252,33
1,3222813031,0.919090,398983,47
1,455233297,0.927551,402183,37
1,1912467569,0.893772,403920,18
1,100504627,0.995105,407980,52
1,223819153,0.970261,410792,34
1,2887290877,0.840271,412139,13
1,3538032493,1.000488,413497,13
1,3723317243,0.944247,414441,7
1,780466703,1.098205,415375,7
1,2375453917,0.950432,416313,7
1,25701317,0.997556,416800,1
1,3556155041,0.878342,418082,12
1,4036844923,1.048157,419800,18
1,1391073319,0.877786,422689,35
1,2938780211,0.888841,426556,49
1,4243054139,1.114973,428341,19
1,3419288459,1.007782,429143,5
1,2817401341,0.942176,429939,5
1,3159937279,0.838525,430596,3
1,2466186113,0.899761,433636,37
1,2412884627,0.905711,435980,27
1,1075181369,1.136658,438521,30
1,4094140579,0.960652,439392,6
1,1991822401,0.978779,443066,42
1,1691457101,0.988706,448596,58
1,519120293,0.965215,449548,5
1,667648589,0.994123,451082,14
1,1696525631,0.985738,451958,6
1,761506219,1.004871,454000,23
1,4135711441,0.936979,454577,2
1,3514829077,0.991172,455701,10
1,206635189,0.911622,456470,5
1,1610439013,0.864897,459006,30
1,3230904749,1.014061,459585,2
1,20302019,0.771185,461054,15
1,128862949,0.904632,462877,20
1,3352857727,1.067086,464230,13
1,4264726241,1.007782,470904,89
1,2035160069,0.942176,472261,13
1,2396329193,0.911622,473265,8
1,17782511,1.021258,479365,81
1,762929969,1.007782,480471,8
1,2350119067,0.988706,482350,20
1,315670571,0.963190,483058,4
1,1528574857,0.903011,484545,15
1,2664126419,0.914830,486255,18
1,735640559,0.878342,486782,1
1,1990086041,0.910550,490101,41
1,3772916579,1.055584,491999,21
1,2036147741,0.948889,494334,27
1,3375156007,0.895409,494984,3
1,3101262217,0.952997,496127,10
1,1232239081,1.052341,496639,1
1,4183735741,0.868840,499274,31
1,4107922319,0.860369,500011,4
1,3995965433,0.956066,500985,3
1,28816817,0.960652,502405,14
1,2186984867,1.007782,503690,12
1,1274897387,0.950945,504211,1
1,2155473191,0.928078,506036,17
1,1509341543,0.900304,510435,56
1,344020393,0.928078,512821,28
1,3074299,1.050483,513585,5
1,3464561609,0.895409,517319,47
1,1881443903,0.902471,519294,22
1,1147922437,0.960652,521122,20
1,460737037,0.932277,526084,65
1,1134237239,0.860369,528624,30
1,39800303,1.004871,529965,13
1,2505765817,0.993141,530558,2
1,3277269719,0.914830,531697,10
1,4144114109,0.852386,533880,25
1,267208541,0.995105,540467,88
1,2327430841,0.884436,541047,2
1,2994843569,0.993141,542738,18
1,2775668041,0.955044,543391,3
1,1868420867,0.871085,545644,22
1,74252159,0.931753,552621,77
1,3879724109,0.868840,555856,37
1,3449150359,0.804043,559094,40
1,2830979167,1.000488,559677,2
1,815327573,0.962683,560179,1
1,1886254661,0.893772,560838,3
1,292510759,0.916963,562250,14
1,2859525199,1.002438,562901,3
1,2879864353,0.970261,565157,26
1,2730005479,0.841432,566165,8
1,1381462631,1.133647,567034,6
1,122700229,1.080726,568777,19
1,3947938711,1.004871,569707,7
1,145985809,1.076198,570824,10
1,2539972109,1.069828,575068,54
1,3351970429,0.942176,579288,54
1,3936679543,1.020780,582891,45
1,338694469,0.938021,584854,22
1,122862319,0.988706,589004,53
1,1664212471,0.936979,592667,46
1,3944131963,1.001951,593256,2
1,2756393357,1.061581,595451,25
1,77136167,1.055584,601146,69
1,3079052749,0.978779,604194,37
1,723753803,0.937500,606485,24
1,885393601,0.991172,606992,1
1,1852738403,0.920152,610334,41
1,1501361447,0.953509,610851,1
1,2141338477,0.813101,611577,4
1,957124061,1.076652,612086,1
1,2113950259,1.007782,613496,14
1,1575214321,0.984747,629041,215
1,2669085113,0.920152,629934,6
1,531076369,0.923330,631431,15
1,1825349587,1.029829,635313,49
1,2266400897,1.087482,636166,6
1,716383937,0.919090,638697,30
1,3863002631,1.002438,641381,32
1,3335198791,1.093303,642313,7
1,1266249059,0.936979,644706,28
1,1252834213,0.988212,646768,19
1,21597179,0.916963,647564,5
1,897793319,0.932277,654701,80
1,1490642927,0.867715,656023,10
1,78893411,0.946313,658771,29
1,76529423,0.948889,660269,15
1,2172246683,0.952484,661841,16
1,1230233773,1.057894,662838,8
1,2352255539,1.067086,663899,9
1,2845049629,0.973777,664966,9
1,2487161951,0.925971,665555,2
1,2747384203,0.864897,668152,31
1,2302342859,0.860369,669084,7
1,10223737,1.016466,670049,8
1,626043409,1.020302,670618,2
1,1074782227,1.047691,672808,25
1,2006197447,1.004871,679039,83
1,283874093,0.974780,679620,2
1,603777683,0.887192,680203,2
1,1614698467,0.944247,682050,20
1,695613547,0.827978,683811,19
1,3398567023,0.927551,684735,7
1,2730437057,0.904092,687070,27
1,2498515403,0.946313,687721,3
1,238056349,1.169685,691085,42
1,537019501,0.984747,692975,21
1,136619801,0.948889,694175,11
1,3069808297,1.018386,694767,2
1,1627611889,0.974780,697705,36
1,890068453,1.023646,698703,8
1,430842427,1.111903,699484,5
1,3937910297,0.878342,703632,53
1,2056002671,0.954533,704631,8
1,2848811111,0.940620,705143,1
1,155123653,0.979277,707807,28
1,1444015271,0.900304,708466,3
1,198932467,0.932277,709677,11
1,3989779919,1.029829,712362,32
1,1329316199,1.039268,716104,46
1,4122857381,0.927551,717477,13
1,973782791,0.988706,718898,14
1,1706624837,0.910550,719482,2
1,3301876621,0.942176,719992,1
1,619885423,0.914830,724981,65
1,4150956197,1.055584,725640,3
1,1197217319,1.089725,727122,15
1,2995084601,0.914830,727769,3
1,2746495951,0.928604,730684,34
1,3268803731,0.919621,731308,2
1,3344722957,1.019344,733005,18
1,147370463,1.043488,735592,31
1,1427630527,0.970261,737653,23
1,41748851,0.975280,738364,4
1,4123031683,1.136229,740123,19
1,39381887,1.042552,741530,14
1,1364499341,1.050483,745670,53
1,1467907013,1.031250,750633,60
1,1093414771,0.962175,751724,9
1,3683909813,0.904092,753540,3
1,4272603661,1.081629,754108,1
1,3357494501,1.080726,754965,6
1,142745851,1.023646,757931,36
1,1148250451,0.935414,758787,6
1,416995597,0.954021,759646,6
1,581900947,0.944247,761691,23
1,1597509241,1.002438,766403,61
1,2296407461,1.020780,767186,5
1,2910096517,1.019344,767773,2
1,522231271,0.962175,768907,10
1,79784641,1.029829,769969,9
1,526613047,0.927551,777670,104
1,1075108841,0.993632,779793,24
1,3004060931,0.946313,780507,4
1,661672199,0.938541,782269,19
1,3629319061,0.995105,782780,1
1,252362207,1.021258,789210,85
1,4086871549,0.931753,790704,15
1,2128873,0.942176,797127,86
1,3160368983,0.931753,800022,35
1,1871603329,0.919621,800598,2
1,1776223429,0.978779,803422,31
1,3935206753,0.961160,806013,28
1,1520134513,1.061581,807798,19
1,2312457689,1.020780,808386,2
1,1615559479,0.991172,810418,20
1,830168201,0.870524,811929,15
1,3169044547,0.891584,813429,15
1,1607596841,0.978779,815268,20
1,3839528213,0.984747,815785,1
1,3505250261,0.921213,816383,2
1,2975934433,0.998534,821273,64
1,2360695583,0.955044,823744,29
1,2414466811,0.997556,825811,23
1,2545567961,1.007782,830930,67
1,239696563,1.012616,832548,17
1,2258023981,1.039738,834048,15
1,1792479809,1.084785,837551,44
1,3861594397,1.039738,839537,22
1,3865212397,0.993141,840262,4
1,1170410107,0.956066,842455,25
1,4211573831,1.090621,843673,11
1,604608073,0.961160,844383,4
1,339665101,1.002438,845319,7
1,2399081159,0.947859,851420,77
1,4288204969,0.867152,852030,2
1,1775627471,0.942176,853113,9
1,1232161349,0.877229,859164,64
1,4059887569,0.899761,860709,13
1,284061863,0.963190,861422,4
1,3885302867,1.147773,862705,12
1,2215177273,0.954533,865248,30
1,1529715613,0.867152,867712,29
1,1125935827,0.988706,869056,13
1,3665740241,0.950432,869707,3
1,986162897,1.035503,872094,28
1,2162667763,0.984747,874846,33
1,945832273,1.057894,879399,59
1,839771047,1.067086,879978,2
1,2799470117,0.903552,882387,28
1,474225043,1.040677,883234,6
1,2287138267,0.903552,884443,11
1,2591481569,0.971267,885608,10
1,548216213,0.931753,886601,8
1,446952431,1.147773,890136,44
1,349893197,0.902471,893010,35
1,824774281,0.980274,893924,7
1,750306521,0.969254,894429,1
1,517413769,1.100870,895841,14
1,3611693801,0.820275,897045,11
1,2666439757,0.895954,898899,20
1,1132620707,1.019344,899969,9
1,3101508607,1.111464,900775,5
1,215885093,0.956066,901357,2
1,881547889,1.008751,903620,26
1,3316891367,0.925971,907620,45
1,4175702567,0.827978,910396,33
1,887238841,0.913227,911040,3
1,170657089,0.919621,911874,6
1,2669075197,0.907327,913308,11
1,572432359,1.015985,913974,3
1,1340573093,0.994614,915121,10
1,1344503243,0.935936,915981,6
1,295144511,1.044891,919662,46
1,637489829,0.987223,922122,29
1,724147601,1.031250,923041,7
1,3232264027,0.928078,923550,1
1,150000167,0.965215,925585,23
1,3287840197,0.891584,927500,21
1,2965218877,0.988706,928920,14
1,76898279,1.012133,931033,24
1,20265941,1.020780,932432,14
1,1394283983,0.997066,934059,17
1,2682182051,1.002438,934860,5
1,1049438777,0.988706,935436,2
1,1200547847,0.931753,937414,22
1,241979779,1.036916,938190,5
1,2136138149,1.018386,939555,13
1,1300900421,1.000488,941945,28
1,1499251003,0.954533,943430,15
1,669682127,0.854103,945127,18
1,660890467,1.054659,947038,21
1,3603585203,1.020302,950276,40
1,1009594717,1.073928,957974,85
1,3562788289,0.884436,959151,8
1,653681401,0.835609,960777,17
1,2499548893,0.968750,961568,5
1,1608843029,1.087482,964274,32
1,689109517,0.970764,965830,16
1,3111711289,0.969254,966625,5
1,167161667,0.983258,967689,9
1,2065025953,0.994614,970718,37
1,559677047,0.970261,973985,40
1,2296696627,1.020302,975694,18
1,889001059,0.957597,976552,6
1,2452414259,0.942176,977140,2
1,1394432029,0.960652,978763,17
1,3969981131,0.928604,980504,17
1,3054588073,1.043488,981172,3
1,2597710237,1.048623,982949,19
1,978959407,1.124132,984860,21
1,1916939273,0.994123,985495,3
1,467541211,0.919090,987539,23
1,284733457,0.904632,988797,12
1,3205768351,0.927551,989588,5
1,4092017971,0.942176,990394,5
1,2782523713,0.911622,991598,11
1,4250489669,0.965215,992807,11
1,1066203421,0.910550,1001015,111
1,1565495273,0.899761,1002380,13
1,194533693,0.911622,1003159,5
1,370604191,1.037387,1003675,1
1,402073519,1.200179,1005743,23
1,1004416691,0.931753,1008878,33
1,1272191003,0.872205,1010260,13
1,3926073929,0.969254,1011259,8
1,3633116209,1.083434,1013246,22
1,464684771,1.035503,1016576,39
1,1287828539,1.012133,1017318,4
1,2372420881,0.981270,1017819,1
1,107732561,0.955044,1019453,17
1,3588125131,1.042552,1020329,6
1,1964225041,0.998534,1020832,1
1,711199669,0.919621,1023434,31
1,2633149423,0.940101,1024025,2
1,265409159,0.910550,1026925,35
1,1471148573,0.978779,1027876,7
1,18988199,0.997066,1031655,48
1,3409120699,1.024123,1033213,16
1,251730047,1.039268,1034479,12
1,2882524597,0.895954,1036816,27
1,458435767,1.039268,1037332,1
1,626589461,1.043020,1037912,2
1,1430663107,0.904092,1041995,52
1,108288821,0.996576,1043262,12
1,229582069,0.899761,1049920,89
1,4103194807,0.885539,1052612,32
1,2471801197,1.097316,1053123,1
1,4195379003,0.891584,1055096,22
1,3142386659,0.983258,1060847,57
1,2502915973,1.086584,1063915,35
1,3633365893,0.981270,1065123,11
1,1193046521,0.957597,1065779,3
1,1264134787,1.027455,1068379,31
1,1085028253,0.862070,1069025,3
1,634830359,0.849517,1071699,32
1,499851383,0.927551,1072917,11
1,3534176551,0.888841,1073778,6
1,3442502633,1.012616,1075968,25
1,357811693,1.027455,1079690,47
1,4218649063,0.980772,1080291,2
1,229496539,0.946313,1080802,1
1,2021515961,1.012133,1081526,4
1,1114506847,0.954533,1083218,18
1,854374613,1.006328,1083937,4
1,2175354011,0.907327,1084441,1
1,1903570457,0.942176,1085854,14
1,3412340797,0.931753,1087906,23
1,1131894167,0.902471,1088498,2
1,3676905487,1.115411,1093767,69
1,3651516101,0.870524,1094768,8
1,391654979,0.977281,1096940,25
1,1066301809,0.887192,1101377,57
1,2481821057,0.945797,1102798,14
1,3371789783,0.979277,1103323,1
1,1379554727,0.846639,1104674,13
1,1150198561,1.025552,1107902,40
1,995348831,0.934370,1111846,46
1,670743023,1.052341,1114407,30
1,3241311637,0.942176,1114917,1
1,4199377181,0.857526,1115575,3
1,1866544411,0.862070,1118181,28
1,4005998501,0.962683,1118847,3
1,554310859,0.997066,1121831,34
1,2007054239,1.189144,1128676,91
1,1567318667,0.927551,1131155,29
1,2835217949,0.922801,1133014,20
1,809840791,0.919621,1134072,9
1,1619892409,0.919621,1135620,16
1,324633317,0.991172,1137180,16
1,4069110131,0.983258,1141193,51
1,552075379,1.040677,1145609,57
1,2499002731,1.018386,1148628,37
1,2099052929,1.004871,1150589,22
1,1338496631,0.991172,1152300,18
1,3842629213,1.090621,1152884,2
1,2148173453,0.869402,1153669,5
1,1525315699,0.895409,1155787,24
1,3216600637,0.945797,1162580,72
1,3678578693,0.954533,1163602,3
1,3861044923,0.965215,1169588,78
1,1579263857,0.936458,1172894,41
1,1723244099,1.028405,1173762,6
1,739233727,0.822653,1176476,32
1,2818934117,0.867152,1177119,3
1,2703895631,0.928078,1177765,3
1,2792262637,1.029829,1179256,15
1,226077547,0.944247,1183397,53
1,3037018513,0.827388,1184392,8
1,1717935487,0.880563,1185404,8
1,1287266147,0.983258,1186055,3
1,969585817,0.934370,1186632,2
1,3903721141,0.964709,1189738,38
1,114468773,1.058356,1190517,5
1,1659810539,0.827388,1191456,7
1,3393202921,0.950945,1192100,3
1,189459289,0.862070,1193870,19
1,2450834929,0.844907,1195775,21
1,2704674341,0.963190,1199565,48
1,359493539,0.988706,1203013,43
1,2547317039,0.773082,1205633,31
1,2612232151,0.993141,1206575,7
1,4145060477,0.927551,1207306,4
1,1070505811,0.968750,1209368,23
1,2744490521,1.068458,1210439,9
1,1065501433,0.979277,1213392,36
1,184440233,0.969758,1218246,59
1,2556942287,0.925971,1219750,15
1,289227559,0.919621,1224358,57
1,1142226433,0.928078,1224949,2
1,1320650911,1.044423,1228607,46
1,3605573287,0.986728,1232995,55
1,8367727,0.962175,1236042,37
1,1292369279,0.955044,1236843,5
1,876502987,0.997066,1242053,68
1,3341894509,0.973777,1244024,22
1,121810609,0.911086,1246952,36
1,2904422753,1.027455,1248019,9
1,2034626173,1.110145,1248678,3
1,3519684257,0.970261,1250252,16
1,1758938647,0.911086,1251464,11
1,3547990261,0.932277,1253922,29
1,537410201,1.070284,1254976,9
1,3082327813,1.027455,1257663,32
1,3183786097,0.895409,1258872,11
1,3859834613,0.899761,1260216,13
1,3653337433,0.928078,1267267,73
1,765071101,0.950945,1268256,4
1,2146244053,0.932277,1269415,10
1,3011148331,1.054196,1270012,2
1,538068931,0.955044,1271989,22
1,2008760231,0.898675,1273568,16
1,3634232713,0.997066,1275067,15
1,2039183203,1.007782,1275584,1
1,1108503281,0.877786,1277207,17
1,3823560707,0.913227,1279332,24
1,492539387,1.005357,1283906,59
1,1734635657,0.985738,1287580,46
1,1232851261,1.014061,1288380,5
1,4135037261,0.957597,1291131,33
1,4194136747,1.014061,1291724,2
1,597659141,1.047691,1293481,19
1,776658679,0.928604,1294353,6
1,51243719,0.945280,1295685,13
1,4200715843,0.963190,1296699,8
1,473003431,1.043488,1298111,14
1,495868979,1.002925,1299242,10
1,393418969,0.804043,1300940,18
1,786703739,0.913227,1305087,53
1,2883442949,0.977281,1307699,31
1,2378735539,1.083884,1311956,54
1,449285513,0.956577,1313230,12
1,3538991233,1.111903,1314709,15
1,2768906761,0.988212,1315364,3
1,1530974807,0.839108,1319138,44
1,2890562113,0.841432,1320565,14
1,2175000173,0.913227,1321704,10
1,1738166701,0.978779,1322499,2
1,2297810483,0.893772,1323933,14
1,1795126691,0.965215,1326199,26
1,307132381,0.913227,1328250,23
1,2108632297,0.952484,1328837,2
1,1067620079,0.982762,1329561,4
1,2181187639,0.986233,1330695,10
1,3905208317,0.961160,1334298,45
1,4046414837,0.920152,1335538,10
1,2570205529,1.113658,1339865,55
1,3299183947,0.982762,1341773,21
1,2582473759,0.942176,1342366,2
1,4145635379,0.975280,1343084,4
1,1317513893,0.940101,1345056,22
1,4272931067,0.886090,1345578,1
1,128269499,0.919621,1346152,2
1,2215809769,1.001464,1347626,15
1,3182653627,0.970261,1350121,29
1,2752046897,1.023646,1351460,13
1,481101497,1.002438,1352238,5
1,3031739873,0.893772,1358129,78
1,1423583771,0.988706,1360466,27
1,2959265893,0.977281,1362230,19
1,649872341,1.002925,1363941,13
1,4054515791,0.952997,1369577,56
1,40972787,0.985738,1371166,14
1,1292313779,0.983258,1371751,2
1,2297541173,0.998534,1372817,9
1,1368234521,0.952484,1374645,20
1,2211916327,0.988706,1378572,50
1,2710376029,1.004871,1384621,80
1,197473519,1.058356,1386824,25
1,3224357371,0.961160,1388676,20
1,913893619,0.969758,1389468,5
1,1034288131,0.885539,1390049,2
1,1131657361,1.043488,1392641,31
1,2226988889,1.012616,1396161,44
1,4261380689,0.965215,1396970,5
1,1602836579,1.004871,1397907,7
1,2627782321,0.855246,1398559,3
1,874824767,0.904092,1400176,17
1,1233476509,0.984747,1400764,2
1,1799486191,0.907865,1403728,36
1,3461641837,0.889391,1404461,4
1,2914183093,0.913227,1405885,14
1,3291438869,1.027455,1407231,13
1,3773150767,0.984747,1407747,1
1,4013978431,0.961160,1408339,2
1,287297239,1.081178,1409353,8
1,4144600171,0.950945,1411536,25
1,332484233,1.113658,1412035,1
1,2638726007,0.949404,1414031,22
1,197115781,0.942176,1415467,14
1,3715533751,0.988706,1418506,37
1,1781507347,0.969254,1419372,6
1,195282833,0.957597,1421589,22
1,2382896521,0.893225,1422857,12
1,1866863549,0.977281,1423510,3
1,1122506459,0.944764,1424435,7
1,3317894941,0.897588,1425443,6
1,1100051707,0.868840,1427665,25
1,2513361659,0.977281,1429438,19
1,1542273697,0.988706,1431205,19
1,2766547523,0.928078,1431852,3
1,3337613341,0.931753,1434256,28
1,3053947271,0.876115,1435483,11
1,1531163957,0.867715,1437052,16
1,3211883119,0.950432,1437921,6
1,3797672497,0.961160,1439910,22
1,35129911,0.972272,1440406,1
1,2589583631,0.969758,1450089,132
1,2974362973,0.999023,1452205,24
1,4166503553,0.932277,1454394,25
1,2922911203,0.993141,1454974,2
1,1595999731,0.982762,1456480,15
1,2464747357,0.932277,1460131,46
1,664821979,1.004871,1461758,17
1,3628085441,1.036916,1462609,6
1,2315397811,1.027455,1463529,7
1,3259036133,0.901929,1467637,48
1,265226641,0.980772,1468374,4
1,2490702449,1.033142,1469870,3
1,3761896147,0.889391,1471104,8
1,241918931,1.010685,1471971,6
1,563421863,0.897588,1473960,22
1,329130397,1.033615,1474463,1
1,3986143037,0.965215,1475410,7
1,3388238179,0.927551,1476769,13
1,2526190369,0.965215,1478549,19
1,2031303283,0.914830,1480668,23
1,431387503,0.934370,1481357,3
1,2731068059,1.163407,1482633,12
1,3919257619,1.006813,1484185,16
1,1042183321,0.820275,1486176,22
1,3104960933,1.070284,1486910,4
1,3849428437,0.895409,1487502,2
1,2224476379,1.089725,1488082,2
1,89479373,0.955044,1490749,32
1,3090070387,1.068458,1493005,26
1,3393869723,1.094643,1494984,22
1,3274819049,1.095980,1495779,5
1,3428486123,1.046758,1496780,8
1,2088446603,0.960652,1498198,14
1,3517550797,0.976281,1500900,32
1,1946421209,1.039268,1503717,34
1,584016443,0.983258,1505692,22
1,3217499023,0.919621,1508801,38
1,1151985881,0.910550,1509315,1
1,1989232429,0.957597,1512057,33
1,2776600481,0.997556,1513819,19
1,3273811069,0.938541,1517396,45
1,183169559,1.075745,1518177,5
1,455255639,1.166760,1521760,37
1,1210933261,1.008267,1523615,20
1,439132781,0.965215,1524471,6
1,2006325281,1.031250,1525256,5
1,3028931251,0.970764,1526264,8
1,633415969,1.004871,1527880,16
1,248650019,0.904092,1531624,47
1,2253740243,1.010685,1532830,11
1,2093809349,0.988706,1533493,3
1,2903034047,0.952997,1538625,67
1,2307220709,0.969254,1541431,34
1,1559180933,1.055121,1542084,3
1,3736630637,0.963190,1543090,8
1,2465290307,0.957597,1543596,1
1,2092096103,0.978779,1545302,18
1,2101916303,1.031250,1549482,53
1,2329353287,0.994614,1551046,16
1,1277095213,0.904632,1552186,10
1,2690653489,0.854103,1557582,71
1,2656663237,0.928604,1561748,53
1,3708409609,0.940620,1562743,8
1,1464138967,0.927551,1563679,7
1,150241541,1.046758,1566681,37
1,1197570667,0.948889,1568497,15
1,215799497,0.946313,1569023,1
1,3853451359,0.919621,1569954,7
1,413712361,0.786234,1572428,16
1,272483989,0.895409,1573985,14
1,994658233,0.908940,1581142,96
1,982674619,0.973777,1582488,13
1,236654953,1.113220,1583567,8
1,214632661,0.820275,1584920,13
1,958996351,0.984251,1585938,8
1,3845181169,0.971267,1586727,5
1,1506725971,1.100870,1589681,36
1,4061748011,1.140946,1591109,14
1,3053986427,0.962175,1592172,9
1,998476639,0.830921,1593184,8
1,2787245471,1.025552,1593988,5
1,4171484111,0.872205,1596268,26
1,3359439437,1.034559,1600159,49
1,3509811581,1.055584,1603490,41
1,2842328191,0.945280,1604149,3
1,3896199829,1.057894,1607884,47
1,56041159,0.962175,1610474,31
1,4010369059,1.005357,1614209,47
1,2678009419,1.012133,1614867,3
1,2957155213,0.960652,1615443,2
1,3867400237,1.004871,1617554,24
1,4176407743,1.116723,1619264,18
1,74351219,0.927551,1622354,36
1,3687463271,0.996576,1626299,50
1,1078532423,1.115848,1628415,24
1,1035723539,0.969254,1629491,9
1,1927695877,0.969758,1634292,58
1,930833941,0.921743,1635732,14
1,1309198447,0.999023,1637915,25
1,1522031257,0.996576,1639195,12
1,3027543193,0.970764,1640413,8
1,475362977,1.027455,1641201,5
1,1009341271,0.981270,1644653,43
1,491561117,1.090621,1646550,21
1,414980023,1.044891,1653272,90
1,1304764031,0.942176,1654144,6
1,1117930909,0.997556,1655288,10
1,1357689569,1.068458,1658965,46
1,250668647,1.024123,1661218,26
1,2758447609,0.922801,1662214,8
1,3648397547,1.024123,1667699,72
1,3977443123,1.005357,1669069,13
1,1454421593,0.928078,1669923,6
1,1788263959,1.039268,1672584,27
1,2734902473,0.905711,1675241,17
1,3514506481,0.950945,1675930,1
1,1160653267,0.889391,1681957,79
1,2850516499,0.944764,1683331,13
1,378364001,1.109265,1684938,17
1,4020327497,1.104854,1686769,20
1,3341018557,1.027930,1687423,3
1,540816149,1.044423,1688838,14
1,536914811,0.991172,1689988,10
1,1615729111,1.013098,1691620,17
1,3964150031,0.982762,1694571,36
1,2314725793,1.072563,1695302,4
1,1231627097,0.902471,1696300,8
1,1828816019,1.119343,1697366,9
1,2079385423,0.977780,1699079,18
1,534812821,1.000488,1701894,34
1,534210049,0.913227,1703031,10
1,1403352029,0.954533,1706052,37
1,578140753,0.870524,1706631,2
1,764796499,0.848942,1708129,15
1,1820580901,1.061581,1708846,4
1,1098979067,0.947859,1710263,14
1,1837458977,0.927551,1710774,1
1,3522198851,0.976781,1711495,4
1,2012254847,0.935414,1714244,33
1,3568958893,0.952484,1715884,17
1,3062767709,1.106621,1716600,4
1,3732639269,1.067086,1719865,40
1,3797237767,0.911622,1723169,41
1,1984720021,0.887192,1723826,3
1,3661203127,1.016466,1726746,35
1,4205094217,0.936979,1727550,5
1,2709228751,0.868840,1728065,1
1,4151929127,0.897588,1730779,26
1,3194167733,0.954533,1733563,33
1,389405843,1.027455,1735258,15
1,2089831217,1.006813,1736360,9
1,2911005913,0.973777,1739101,33
1,268342049,0.970764,1741073,22
1,959178991,0.862070,1743336,26
1,764910403,0.997556,1744194,6
1,2908966901,0.946313,1744997,5
1,3058002539,1.047691,1747406,28
1,1286100943,1.055584,1747920,1
1,1708257289,1.055584,1748703,5
1,3702435161,0.962175,1749707,8
1,3129560647,0.922801,1752096,28
1,268394023,0.900304,1753183,9
1,1768131737,0.880563,1755866,32
1,3109136501,0.911622,1756799,7
1,1199061959,1.058356,1757322,1
1,4012233539,0.962683,1758673,13
1,3890383729,1.093303,1759338,3
1,4208281729,0.913227,1762844,44
1,3832207543,0.922801,1766084,40
1,2123298019,0.919090,1766952,6
1,552745189,0.895954,1768084,10
1,331474433,1.024123,1775756,99
1,4172602117,0.891584,1779139,23
1,3610884733,0.961160,1782983,47
1,587619689,0.975280,1785241,26
1,3449391721,0.919090,1785890,3
1,1802443033,0.904092,1786608,4
1,1900452343,0.946313,1787487,6
1,1859334637,1.000488,1788072,2
1,3033997493,0.903011,1791851,48
1,733565333,1.000488,1796426,59
1,420055409,0.810093,1798254,20
1,492621893,1.061581,1800245,22
1,3993626311,1.095534,1801732,15
1,3952003061,1.064337,1803993,26
1,3714578653,0.911622,1804659,3
1,3086160521,0.882225,1806493,20
1,482294039,0.973777,1807288,5
1,1398668309,1.042552,1808152,6
1,3433814569,0.931753,1810695,30
1,2059647839,0.994614,1811425,4
1,1349471873,0.919090,1812419,8
1,2737554857,0.895409,1814040,17
1,7967623,1.062959,1815009,8
1,2482227661,0.895954,1819490,58
1,2284051717,0.928078,1820274,5
1,1853853193,0.981270,1822610,27
1,2284302613,0.827388,1824527,21
1,1702091683,0.886090,1827781,40
1,496389541,0.977281,1832928,63
1,1129897481,0.898675,1838641,73
1,1918462363,0.919621,1839451,5
1,3977627663,1.003899,1841577,24
1,2334765991,0.882778,1844462,35
1,3103547177,0.946313,1851122,89
1,4206817891,0.950945,1853532,28
1,2440352489,0.893772,1857044,44
1,465119077,0.953509,1862253,68
1,2720821487,1.070284,1864024,19
1,1489606901,0.884436,1864950,7
1,745711907,0.910550,1865594,3
1,3490876937,0.836777,1867275,18
1,459433831,0.872205,1868276,8
1,1999148857,0.920152,1869976,18
1,3794188553,1.027455,1873015,37
1,505374631,0.995105,1874377,13
1,2723834797,0.893225,1875632,7
1,3897368971,0.946313,1879646,35
1,944362787,0.950945,1882733,35
1,444904793,1.025552,1884977,26
1,2183053447,1.025552,1886616,17
1,1881194321,0.947859,1890135,44
1,3088073041,0.939581,1891755,17
1,3513786629,1.079822,1894003,26
1,4119099653,0.957597,1898916,64
1,1737735913,0.944764,1899508,2
1,1875935603,1.069828,1903850,56
1,1829013031,0.919621,1907220,42
1,2879643271,1.029829,1910118,35
1,1299820099,1.020302,1910701,2
1,3429279233,1.002438,1912885,25
1,3600966559,0.807073,1913407,1
1,555906233,0.999023,1914680,12
1,1595577553,0.977281,1917373,32
1,4279376911,1.058356,1918164,5
1,1329948241,0.997066,1919166,8
1,3336687737,0.916963,1920170,8
1,1274127097,0.954533,1924471,55
1,2673944129,0.835609,1927020,30
1,3483283957,1.032197,1927679,3
1,3988615271,0.895954,1932606,60
1,1654858069,1.009718,1934384,19
1,1085631871,0.973777,1936264,18
1,2373472687,0.974780,1939513,40
1,3006820907,1.052341,1940725,11
1,1844582393,0.907865,1946037,69
1,4121222437,0.962683,1949488,43
1,1839389533,1.024123,1952794,41
1,1087689077,0.877786,1953928,10
1,492756181,1.003899,1954579,3
1,2215834219,0.965215,1967811,183
1,3222964639,0.920682,1968457,3
1,4217542451,1.081178,1969670,11
1,334471237,0.908940,1970958,12
1,1434747701,0.899761,1974060,38
1,1880894243,0.998534,1974564,1
1,2177296939,0.957597,1977689,34
1,4215487657,1.020302,1979196,15
1,2637077711,1.033615,1984133,46
1,984835067,0.867152,1989521,68
1,4246546921,0.853531,1990038,1
1,437679937,0.841432,1990744,4
1,812152811,0.993141,1995092,56
1,2750990479,1.035503,1998679,45
1,4186594241,0.844329,1999467,5
1,1660597879,1.118471,2005494,80
1,148502141,0.985738,2009210,47
1,3672171067,0.970764,2011958,33
1,3213604033,0.942176,2014012,23
1,1864650647,0.880563,2016128,24
1,3190730381,0.932801,2019929,48
1,2812315013,1.000488,2021128,11
1,3686530979,1.019823,2022143,8
1,2639228419,0.988212,2023289,10
1,1402480741,1.083884,2024357,9
1,2727637729,0.930180,2028967,60
1,292509751,1.012616,2029839,6
1,2327070589,1.048157,2030559,4
1,1023950621,1.151595,2034109,42
1,1167234373,0.944764,2038338,53
1,3161280313,0.795495,2041939,44
1,3447927643,0.955044,2042454,1
1,776090659,1.018386,2044650,23
1,2268014779,1.061581,2045178,1
1,2581158709,0.916963,2046485,12
1,94307489,0.961160,2047604,10
1,3360063827,0.880563,2048595,8
1,771649877,0.994614,2051474,35
1,194439253,1.067086,2052608,10
1,2464116043,0.910550,2057136,58
1,4106381,0.929655,2060210,38
1,1491608863,0.904632,2060858,3
1,3059799601,1.029829,2063682,34
1,3289943903,1.091068,2065327,17
1,336268217,0.957597,2068002,32
1,1341266737,0.928078,2069139,10
1,106089143,1.000976,2070405,12
1,1007793673,0.929655,2074338,50
1,996184087,1.090621,2076323,22
1,3703453937,1.012616,2078879,30
1,3927554993,0.907327,2079532,3
1,1141009393,0.931753,2080436,2
1,2115356909,0.979277,2083336,35
1,195751849,0.960652,2084415,9
1,2336400953,1.020302,2085481,9
1,2205220261,0.957597,2087339,7
1,1476065791,0.922801,2090177,32
1,1773346163,0.981270,2091047,6
1,1183823743,0.963190,2091567,1
1,3440130917,1.163407,2092147,2
1,238079123,1.025552,2093280,10
1,1131659483,0.880563,2095404,24
1,3568258633,1.048157,2096129,4
1,52977053,1.055584,2097391,11
1,1380243077,1.058356,2097985,2
1,1316952907,1.012133,2099036,8
1,1866971339,0.891584,2100039,8
1,1864613479,1.019344,2102236,25
1,1599541621,0.942176,2103461,11
1,749758043,0.969254,2104819,13
1,2439579229,0.997066,2106316,15
1,3247010467,0.957597,2106961,3
1,41404093,0.968750,2110109,39
1,70667071,1.036916,2111103,8
1,3754207693,0.962175,2113365,26
1,2159390483,0.918559,2114923,16
1,1489434497,0.864897,2116345,14
1,1534191083,0.954021,2117365,8
1,252507371,1.004385,2119590,23
1,2043657799,0.982762,2121187,16
1,2234198797,0.927551,2126175,65
1,3366994417,0.997066,2132155,79
1,3982713439,1.098205,2132678,1
1,3102392933,0.895409,2135812,38
1,1008522311,0.970261,2137085,12
1,1433147623,0.859233,2137942,6
1,2623485691,0.999023,2138741,5
1,4211245699,1.086584,2141548,34
1,3033180889,0.919090,2144999,43
1,450770669,1.113220,2146138,10
1,4188863221,1.058356,2148688,26
1,3482804407,1.002925,2149641,7
1,204611863,1.127168,2151107,15
1,400541653,0.934370,2151692,2
1,2677773997,1.046758,2152493,4
1,3118334083,0.940620,2153370,6
1,3327698009,0.946313,2162330,122
1,1420423079,0.969758,2164727,28
1,2945139203,1.113220,2165311,2
1,2227461463,0.922801,2167280,22
1,1983305711,1.012616,2168505,11
1,405928637,1.090621,2169014,1
1,3110085679,1.012133,2171885,35
1,1106570117,1.078012,2174659,33
1,2615687203,0.889939,2175732,9
1,270444061,1.127168,2176441,4
1,2069217221,0.919621,2179756,41
1,1560526573,0.969758,2180911,10
1,746202949,1.039738,2181422,1
1,3947103233,1.072563,2182473,4
1,2438443681,0.810695,2183784,12
1,3913274683,0.920682,2186902,25
1,2285877233,0.982762,2188204,10
1,3801702581,1.052341,2191552,40
1,2953581503,0.996576,2192151,2
1,803605687,0.918559,2196929,62
1,1507982417,0.994614,2197996,9
1,1944427451,1.047691,2199291,12
1,2068417537,0.919090,2200985,18
1,3793642807,1.136229,2203182,25
1,1066761599,0.950945,2206709,44
1,1614759761,1.020780,2210156,43
1,719978801,0.970764,2211088,7
1,122571671,0.849517,2211591,1
1,2433036857,0.974780,2215863,55
1,2150165453,0.988212,2216867,8
1,1139638481,1.000488,2218486,17
1,4091132939,1.084785,2219769,12
1,1848236627,0.904632,2221187,14
1,720099763,0.948889,2222127,7
1,98755861,0.977281,2223328,11
1,4213625747,1.174684,2229226,78
1,1642626859,1.033615,2229811,2
1,1647938179,0.889939,2231319,14
1,2467599149,0.968750,2233606,26
1,2953717841,1.036445,2234173,2
1,655440323,0.978779,2235804,17
1,446097059,0.796722,2244657,108
1,1860303083,1.071652,2247858,39
1,3076088713,1.047691,2251807,48
1,1619091751,0.970261,2253028,11
1,3406134449,0.952997,2259228,82
1,2160023143,1.020780,2260229,8
1,2350279237,0.944764,2262341,24
1,2045967733,0.994614,2266078,47
1,2505403567,0.962683,2267644,16
1,1519180081,0.957597,2269691,23
1,1766817737,1.068458,2270840,10
1,1174231169,0.944764,2275458,60
1,1820984569,0.952484,2278118,32
1,4075974361,0.919090,2278842,4
1,583099661,0.978779,2279627,5
1,597722033,0.914830,2280610,8
1,1544301377,0.974780,2281325,4
1,653523223,0.925443,2282898,16
1,4172513263,1.005357,2283571,3
1,698379133,1.095980,2287415,44
1,3318511363,1.002925,2291132,30
1,3183065477,0.953509,2291828,1
1,3568189739,1.025552,2293736,21
1,1941769579,0.954533,2295157,14
1,1843276609,1.064337,2296577,14
1,2324161313,0.889391,2299454,35
1,4043312083,0.923330,2300732,12
1,643796999,0.993141,2303618,35
1,2993952859,0.855246,2305803,25
1,982326097,0.932277,2306862,9
1,2775444853,0.975280,2309963,38
1,3433330403,1.106621,2310964,8
1,780256471,0.984251,2312026,9
1,153871609,1.007782,2312598,2
1,1203549689,0.913227,2313263,3
1,4227994093,0.919621,2314063,5
1,1650792023,1.084785,2315621,16
1,4207742647,0.973777,2316700,9
1,1882466611,1.048157,2318040,13
1,4269438421,1.043488,2318632,2
1,3457118843,0.997556,2319915,12
1,3054638779,0.922801,2323081,39
1,2370653107,1.116723,2326102,37
1,4093501273,0.950432,2333316,97
1,2275361371,0.888841,2335950,30
1,566458439,0.975280,2337948,22
1,3007039043,1.073928,2339653,18
1,2041018477,0.931753,2341981,23
1,1674813773,0.946313,2342789,5
1,1573965193,0.978779,2343647,6
1,566077103,0.914830,2349249,71
1,1048067431,1.012616,2349926,3
1,2799156137,0.956066,2350582,3
1,31253669,0.978779,2352682,24
1,1988957689,0.919621,2353750,9
1,3819723301,0.987223,2356628,35
1,2067985861,0.919090,2357141,1
1,3297256483,0.928604,2359392,26
1,109784993,1.039268,2361565,25
1,3683987039,1.182968,2363709,24
1,2988913153,0.994123,2366514,34
1,4183738541,0.859233,2367031,1
1,706027753,0.927551,2367739,4
1,2226955117,0.970764,2369926,25
1,3247460033,0.887192,2370985,9
1,197378809,0.862636,2372546,16
1,1647217613,1.113220,2373488,7
1,3091728389,0.889939,2377198,47
1,465797291,0.953509,2378691,15
1,178481297,0.970261,2379676,8
1,1067966813,1.067086,2381582,21
1,3236861219,1.005357,2382508,7
1,3311585029,0.952484,2385527,37
1,2448660881,0.952484,2387950,23
1,786947849,0.832682,2391665,32
1,1365802601,0.941657,2392697,6
1,1572047177,0.836193,2394474,19
1,1832034707,0.954533,2400716,82
1,1813050451,1.076198,2403528,34
1,1504875899,0.946829,2404043,1
1,3221028037,0.907327,2406393,27
1,1029191771,1.081629,2406902,1
1,2522011861,0.950945,2409376,29
1,1007816189,0.937500,2410717,13
1,3537702391,0.949404,2413118,28
1,240567763,0.982762,2413831,4
1,1375011857,1.054659,2414473,3
1,320221337,0.928078,2414968,1
1,4035987521,0.973777,2415611,3
1,2163881639,0.895409,2416824,11
1,1371918931,1.000488,2421464,60
1,3944591593,0.931753,2422742,12
1,3087025681,1.025076,2424142,14
1,1855027939,0.954533,2425291,10
1,358529827,1.016466,2426364,9
1,338047481,1.038328,2428258,21
1,3468225701,1.039738,2428849,2
1,965783029,0.940620,2431600,33
1,85545571,1.140090,2434190,31
1,704798813,0.906789,2435399,11
1,1219030343,0.977281,2441712,84
1,383389177,1.043020,2444035,27
1,2800538053,0.902471,2446511,24
1,3524865401,1.068458,2447681,10
1,2430294703,0.910550,2455866,108
1,32256781,0.940101,2457356,15
1,3404484703,1.000488,2458912,16
1,3169450679,0.895954,2460554,17
1,3053099827,0.988706,2461702,10
1,2535986081,0.956066,2462622,7
1,1197200783,0.895409,2463210,2
1,2684106091,0.929655,2465561,27
1,3985835537,0.981270,2466426,6
1,30111383,0.938021,2468469,23
1,3948606457,0.903011,2470120,17
1,4129171283,0.950945,2471468,13
1,2750082259,1.068458,2472341,6
1,625729729,0.960652,2475501,39
1,3746780299,0.919090,2477476,22
1,20869157,1.124132,2479152,18
1,1692584051,0.964709,2479660,1
1,3502399249,0.927551,2482123,28
1,1279457341,0.928078,2483213,9
1,1086572471,1.143511,2488344,67
1,2858620403,1.111464,2488855,1
1,772908263,0.857526,2491526,27
1,575082049,0.739510,2492886,13
1,1455902143,1.052341,2494115,11
1,41275811,1.076198,2495236,10
1,1638337661,1.078012,2501471,69
1,650636681,1.014061,2502236,2
1,1843675901,0.961160,2506314,52
1,3398267011,0.962683,2511413,67
1,803799671,0.877786,2513962,30
1,3927021143,0.967237,2516849,35
1,228611183,0.921213,2519862,37
1,906863719,0.984747,2525037,68
1,1790181697,0.931753,2525890,6
1,223154339,1.012133,2528428,30
1,1583669929,0.928078,2529007,2
1,1251515479,0.938541,2533231,54
1,3591479989,1.035031,2534645,14
1,1291919903,0.862070,2535572,7
1,2129963063,1.032197,2537271,18
1,2676021377,0.988212,2539950,32
1,3312427379,0.944764,2541238,12
1,3936926869,0.907865,2542247,8
1,1882576919,0.973777,2542825,2
1,516532529,0.981270,2543474,3
1,2059641673,0.919621,2544411,7
1,398411687,0.970261,2545748,12
1,4022342479,0.988706,2546933,10
1,1497049409,0.885539,2548487,16
1,3967376213,0.861503,2550747,22
1,2652532231,0.866589,2552252,15
1,3783030091,1.027455,2554327,23
1,2550617603,0.897044,2557686,39
1,2125967369,0.997066,2559122,14
1,3089499043,1.089725,2560599,15
1,2435184439,1.046758,2561672,9
1,2412325987,0.970261,2564203,30
1,1923791593,0.997556,2564860,3
1,1685459981,0.936979,2567320,29
1,2929578871,1.014543,2571051,47
1,3295144183,0.919621,2571915,6
1,2904702239,0.928078,2572851,7
1,3865702543,0.877786,2574913,23
1,3379765591,1.012616,2575709,5
1,2050226729,1.004871,2577628,21
1,3709556167,0.928078,2579050,14
1,4288559117,0.918559,2580052,8
1,331901533,0.904632,2580834,5
1,1101003391,1.012616,2582826,22
1,1019458709,0.977281,2584036,11
1,1478751587,0.862070,2586566,30
1,357675911,0.988706,2587626,9
1,3154536479,0.981270,2589806,25
1,129238141,1.100870,2592075,22
1,3283548361,1.194878,2596295,41
1,2598405071,0.914830,2597506,7
1,1834265969,1.022214,2601231,47
1,111214421,0.931753,2602149,7
1,4258658413,1.007782,2603227,9
1,1410745909,0.910550,2604436,11
1,3101751143,1.057894,2606144,18
1,2847346123,1.017906,2607431,12
1,975072269,1.046292,2608086,3
1,2911731611,0.888841,2608607,1
1,1856024843,0.829745,2609811,11
1,1621545193,0.940620,2610452,3
1,3724046971,0.911086,2610972,1
1,89392117,0.938021,2613631,32
1,701789069,0.978779,2615193,16
1,1871280731,0.886641,2615934,4
1,1286715373,0.968750,2619669,46
1,3371978737,0.839108,2628238,116
1,543410341,1.090621,2629782,16
1,2442097727,0.940620,2631973,25
1,1211111063,0.891584,2632483,1
1,2805613633,0.975280,2633687,11
1,2377410331,0.893772,2634417,4
1,444073649,1.004871,2636029,17
1,2672611133,1.082983,2639288,40
1,3606576973,0.899761,2639961,3
1,2959577947,0.957597,2641657,18
1,4021869781,1.007782,2642881,11
1,4009915237,0.866589,2643741,6
1,173237567,0.963190,2646129,28
1,834426053,0.876115,2649150,32
1,933330449,1.149049,2649879,3
1,2905364843,0.825615,2653043,39
1,1630538111,1.047691,2654322,12
1,2403270083,1.027455,2655233,4
1,1034486113,0.950945,2658610,42
1,2742764119,1.052341,2660931,27
1,202482989,0.923330,2661495,2
1,3477793367,1.004385,2662709,11
1,3635216873,1.033615,2664403,18
1,857834981,0.913227,2665339,7
1,3445753517,0.991172,2667175,20
1,706796803,0.986728,2669236,23
1,4285263949,0.862070,2672206,36
1,573197407,0.952484,2672781,2
1,3219231667,1.029354,2673508,4
1,3779095783,0.936979,2676889,42
1,2404589849,1.068458,2678853,22
1,1265433073,0.982762,2680843,22
1,745511677,0.848942,2681569,4
1,732179689,0.952484,2682492,7
1,842089463,0.981270,2683836,13
1,2462755411,0.895954,2684624,5
1,2956896149,1.114973,2689118,58
1,1748127583,1.005842,2695260,77
1,433324921,0.886090,2696011,4
1,2384742809,0.897588,2696651,3
1,3931784023,0.920152,2697308,3
1,3007972523,1.022214,2699188,4
1,3117862093,1.063419,2702800,44
1,1660714177,1.005357,2703319,1
1,3426090497,1.050483,2704398,9
1,2482545133,1.040677,2705686,12
1,2486019533,1.031250,2708778,38
1,95810599,1.099538,2709913,10
1,2523692257,0.907865,2711901,22
1,1706160013,1.043488,2712564,3
1,1429897379,0.876115,2717705,67
1,2100417461,1.002438,2721430,47
1,3435156161,0.928604,2722214,5
1,1137912551,0.920152,2723213,8
1,2465819747,0.911622,2724213,8
1,213259957,0.891584,2725409,11
1,2844909341,0.981270,2726272,6
1,583395287,0.931753,2728052,19
1,656548069,1.020302,2730535,28
1,1814370293,0.889391,2733744,39
1,3470422877,0.903552,2740499,90
1,2019040393,0.956066,2741211,4
1,1761597809,0.995105,2741870,3
1,1815955111,1.133647,2742452,2
1,2655503351,0.853531,2743528,9
1,3329398517,0.862070,2748853,70
1,2808865879,1.079822,2750540,11
1,394672393,0.904092,2752239,18
1,1261667179,0.993141,2753657,14
1,2772933029,1.004871,2764042,140
1,3976211843,1.076198,2766175,24
1,1505995787,0.854103,2766691,1
1,3041013971,1.004871,2768399,18
1,729628297,0.936979,2769677,12
1,923218291,1.027455,2770812,10
1,3348612473,1.003899,2771606,5
1,3784616987,0.988706,2772949,13
1,331694959,0.934370,2773943,8
1,3645361183,0.981270,2778980,65
1,21676909,0.988706,2779756,5
1,1962457109,0.935414,2780691,7
1,3302343491,0.946313,2782040,13
1,2805995779,0.868840,2782680,3
1,28786493,0.955044,2785558,35
1,3420429449,1.037387,2790330,62
1,937950427,0.919621,2791209,6
1,1001111977,0.957597,2792700,15
1,4033984109,0.922801,2793851,10
1,3852161081,0.958616,2794988,10
1,4272308753,1.056047,2795986,8
1,2625322379,1.113220,2797171,6
1,2058872713,1.068458,2797851,3
1,821925193,0.988706,2801849,38
1,1895555147,1.002438,2803928,21
1,1549560497,0.982762,2804513,2
1,193685357,0.888841,2805087,2
1,1661676733,0.932277,2809159,52
1,1039137311,0.854675,2812000,34
1,3934280677,1.014061,2813138,10
1,2101623859,1.015985,2815188,23
1,2308696927,0.981270,2815855,3
1,294963931,0.994123,2817263,14
1,2448875027,1.000488,2817993,4
1,3323905993,0.962175,2824189,82
1,255920807,0.895954,2825472,12
1,3260018171,1.012616,2826688,11
1,248635253,0.946313,2830620,50
1,3282773699,0.952484,2831131,1
1,47753903,0.944247,2833444,27
1,585970529,0.899761,2836326,35
1,296762327,0.990679,2840118,48
1,161507111,0.980772,2842650,30
1,2754844399,0.861503,2843511,6
1,2302363681,0.999023,2844727,11
1,1564108561,1.033615,2845514,5
1,3587747113,0.944247,2846512,8
1,1562043047,1.100870,2847656,10
1,2567548639,0.938021,2848590,7
1,424754273,0.822059,2850019,14
1,2667766603,0.960652,2850601,2
1,3831638309,0.965215,2851389,5
1,3294978763,0.975280,2854352,36
1,2077343039,0.906789,2856108,14
1,2772912323,0.822059,2857620,14
1,1537570583,1.013098,2859000,13
1,4074850883,0.981270,2861123,24
1,842302733,0.969758,2865434,53
1,1642322987,1.027455,2870515,66
1,2381211323,0.973777,2871318,5
1,3107284949,1.029829,2873504,25
1,2406458371,0.922801,2875486,22
1,690437039,0.942176,2880889,71
1,329122957,0.913227,2882154,12
1,2504732509,0.970764,2886254,52
1,203837593,1.050483,2887446,11
1,726436819,0.962683,2888442,8
1,1759220131,0.950945,2889022,2
1,2621036699,0.878342,2891279,26
1,618932383,0.977281,2893462,25
1,1988593723,0.945280,2894414,7
1,2928117277,1.093303,2895772,13
1,1257706399,1.078012,2899919,49
1,4064761073,1.100870,2901987,23
1,2488913267,1.027930,2905842,35
1,2557031773,0.993141,2907392,14
1,189175489,0.902471,2908097,4
1,4142782753,0.970764,2908889,5
1,2109277007,0.942176,2909891,8
1,2241047429,1.077559,2910759,6
1,3812350099,1.004871,2916234,72
1,3187369291,0.922801,2918717,29
1,363527869,0.934370,2920351,17
1,1972690807,0.921213,2921498,10
1,2805545227,1.022214,2922983,15
1,3838551169,1.004871,2923704,4
1,3244827401,0.838525,2925890,25
1,2366245481,0.968750,2929683,48
1,4241930969,0.783746,2930895,11
1,1430436961,0.727528,2931615,4
1,1015564357,0.927551,2933449,20
1,467161229,1.020780,2935273,20
1,269808251,0.945797,2935782,1
1,1970603641,1.047691,2938178,28
1,85217201,0.890488,2938959,5
1,1892006029,0.834439,2939677,4
1,745791923,0.964709,2940187,1
1,2270852153,0.913227,2942514,27
1,1306624279,0.834439,2943021,1
1,3690357641,1.002438,2943675,3
1,2461932667,1.093303,2944693,8
1,3433240501,0.867152,2945274,2
1,3870598783,0.997556,2948468,39
1,1755881591,0.885539,2954139,71
1,824255161,1.012133,2957809,46
1,6640759,0.982762,2958642,6
1,4189210477,1.004871,2959844,8
1,1336397869,1.087033,2961416,16
1,2139870347,0.982762,2963202,19
1,1916713009,0.977281,2964836,17
1,2271808697,0.986233,2967857,37
1,1621535491,0.988706,2971660,48
1,3531483073,0.965215,2973699,23
1,681135677,0.794267,2974275,2
1,2017294261,0.988706,2975573,12
1,545352727,0.913227,2977116,16
1,400747691,0.955044,2977904,5
1,4248294461,0.991172,2979773,20
1,2693479049,0.988706,2980999,10
1,1902254873,0.988706,2983413,28
1,542084303,0.952484,2984347,7
1,3916965671,0.944764,2985277,7
1,3064126753,0.872205,2986358,9
1,2539251821,0.944764,2987013,3
1,1503400697,0.942176,2988223,11
1,1080551993,0.876115,2989775,16
1,1032570943,0.848942,2990853,9
1,1621723759,1.004871,2991919,9
1,2352440567,0.999023,2993986,23
1,152217097,0.920152,2994552,2
1,2683197137,0.893772,2996262,18
1,2496734587,0.911622,2998456,25
1,1508072519,0.975280,3002741,51
1,492523783,0.954533,3004460,18
1,3845248961,0.970764,3005853,2
1,3685806379,0.902471,3006990,8
1,468107197,0.931753,3008297,12
1,194060303,0.886090,3012138,49
1,1433586989,0.956066,3015851,47
1,3670425631,0.984747,3018391,30
1,794538011,1.007782,3019110,4
1,1646851813,1.063419,3023113,51
1,3008230241,0.870524,3024112,8
1,975798907,0.921743,3024897,5
1,2571208097,1.034559,3026735,20
1,3081733121,1.019823,3030621,49
1,652401839,0.912693,3033087,29
1,2763635969,0.914830,3035479,28
1,4046583341,0.839108,3036558,9
1,4069894859,0.949404,3037700,10
1,1232397259,1.018386,3038909,11
1,2694448277,0.891584,3040780,20
1,1631822167,1.023646,3043176,28
1,2381407757,0.993141,3043763,2
1,1805985761,0.977281,3044977,11
1,3332536303,0.927551,3046767,19
1,1740010879,0.997066,3049590,34
1,1142498561,0.953509,3050155,2
1,2902724359,1.016466,3052128,22
1,2159916799,1.006328,3053064,7
1,1616315713,0.861503,3054190,10
1,2402930903,0.952997,3058219,47
1,94567589,0.988706,3059014,5
1,2129318993,1.050483,3063127,50
1,213207307,0.997066,3068339,68
1,3453781901,0.880563,3073331,65
1,822606683,0.932277,3076087,33
1,994580077,0.997556,3082966,92
1,1820591293,0.868840,3084666,18
1,2924384629,0.925443,3085394,4
1,4105401499,1.027455,3086336,7
1,1668475577,0.944764,3087345,8
1,1348345903,0.910550,3088757,14
1,3722534779,0.910550,3089565,5
1,2550549539,0.969254,3090415,6
1,392987641,1.032197,3090990,2
1,3442358137,1.012133,3092767,19
1,1836954263,0.984747,3095947,39
1,1055845103,1.020302,3097026,9
1,229844099,0.919090,3099626,31
1,4123561787,1.097316,3102170,30
1,4109486531,1.029829,3102762,2
1,1195899241,1.012133,3104584,15
1,2642127601,1.027455,3112862,95
1,2429739749,1.091068,3114883,20
1,3464058757,0.877786,3116444,16
1,3793832759,0.902471,3117308,6
1,3161714173,1.004871,3121004,44
1,1480918837,0.988706,3121881,6
1,318593131,0.927551,3122814,7
1,3750542441,1.020302,3124100,12
1,471189503,1.057433,3125515,14
1,1898006779,0.983258,3126442,7
1,2574945907,0.991172,3129115,32
1,2690690039,1.036916,3132131,37
1,2087877821,0.984747,3134416,26
1,633591617,1.034559,3136103,18
1,1534854227,0.888841,3138999,35
1,2817972233,0.940101,3140009,8
1,177934249,1.063419,3145960,79
1,168497753,0.919090,3146590,3
1,1463611609,0.952484,3153181,88
1,4185552911,1.012616,3154907,18
1,1105276253,1.120651,3156905,22
1,846830087,1.025552,3157487,2
1,641062067,0.993632,3162349,59
1,1746570313,1.036916,3163915,16
1,211106557,1.003899,3167873,48
1,3697387363,0.988212,3169315,14
1,3566018707,1.014061,3170096,5
1,1877002979,0.934370,3171874,19
1,4191449159,0.944764,3172527,3
1,588737707,0.952484,3175826,41
1,2005445179,0.946313,3176345,1
1,3478220899,0.956066,3178051,18
1,1208410451,0.745429,3179405,13
1,3126040439,0.925971,3185732,84
1,2887462117,0.872205,3186242,1
1,2027724637,1.033615,3191656,71
1,4236715787,0.988706,3193072,14
1,1021797097,1.044891,3193865,5
1,1078361773,0.928078,3196329,29
1,1878477311,0.945280,3199238,35
1,2695301171,0.872205,3203244,51
1,2249165959,0.957597,3206383,34
1,1564014527,1.082983,3207138,4
1,3139151641,1.020780,3211200,38
1,3072979853,0.922801,3213347,21
1,1990539547,0.877786,3215179,18
1,3815731267,0.977281,3217113,21
1,2286260243,0.910550,3219425,27
1,3452382331,0.928604,3220923,15
1,42802369,0.908940,3221619,4
1,3776148433,1.004871,3224094,29
1,3762467141,0.978779,3225300,11
1,738071267,0.846639,3228765,43
1,1888083343,1.013098,3231243,28
1,2107325953,0.913227,3233338,23
1,2223953621,1.029829,3234345,8
1,2987704373,1.024123,3235197,6
1,1713676973,0.811297,3237321,24
1,2667424451,1.127168,3238536,11
1,2009786063,1.006328,3240518,22
1,728638831,0.994614,3241865,13
1,467289313,0.988706,3246985,67
1,2960823589,1.027455,3249259,26
1,2313079207,0.954533,3250546,12
1,1166339711,1.061581,3251062,1
1,1365802057,1.073928,3252337,12
1,10976209,0.914830,3252824,1
1,4266327427,0.915897,3254401,16
1,84805573,0.935414,3255731,13
1,1797260639,0.989199,3256383,3
1,1835222449,1.038798,3259052,32
1,3985504379,0.937500,3259920,6
1,3529537621,1.010685,3260705,5
1,3093390401,0.981270,3262106,14
1,934255177,1.086584,3262685,2
1,614730079,0.969254,3263959,12
1,2258937463,0.962175,3266742,29
1,2269677587,1.046292,3268802,23
1,1685354221,1.083884,3269944,10
1,4012626973,1.039268,3271253,10
1,3740302919,0.969254,3273566,26
1,1627602019,0.988706,3274487,7
1,3406524853,1.031250,3275487,8
1,2253264697,1.024123,3277039,16
1,79524161,0.978779,3280593,45
1,4061280659,0.888841,3281318,4
1,746999923,0.927551,3285741,57
1,941646179,0.914830,3288751,37
1,3780354559,0.925443,3298066,127
1,3570617461,0.885539,3299980,21
1,3056562001,1.018386,3300781,5
1,1634341913,1.054659,3301290,1
1,3884069767,0.973777,3304538,40
1,1375795229,0.950432,3307824,41
1,2140958023,0.911622,3309493,13
1,396097049,1.007782,3314052,44
1,2869007681,1.005357,3315837,17
1,552494171,1.094196,3316489,3
1,2572527131,1.036916,3317990,15
1,2089817941,0.953509,3318506,1
1,849362401,1.027455,3319427,7
1,2134659949,0.957597,3320501,9
1,169094711,0.895954,3321215,4
1,4055257697,1.005357,3324796,45
1,2304054833,0.984747,3325440,3
1,1276486121,0.852959,3326646,11
1,2671669339,0.937500,3327796,10
1,313108583,0.991172,3330453,32
1,2170082053,1.034559,3331314,6
1,3500679499,1.047691,3332442,10
1,2788790821,0.977281,3336376,49
1,2065645081,1.054659,3338531,24
1,1718985769,0.999023,3341843,41
1,4056233417,0.944247,3342423,2
1,807640291,0.993141,3351021,117
1,3028237343,0.905711,3353075,23
1,657223283,1.202618,3354074,8
1,1169733029,0.867152,3356549,29
1,2820672893,1.002438,3357965,14
1,2965283143,1.012133,3361625,46
1,89325371,1.022214,3362346,4
1,2279976757,0.889939,3367639,59
1,1603948471,0.853531,3369104,14
1,1092108863,1.003899,3370583,12
1,1096989997,0.946313,3372238,17
1,4185310643,0.872205,3374008,19
1,1135091249,0.957597,3377446,43
1,455260657,0.947859,3379293,20
1,4217608781,0.936979,3380719,14
1,1941413473,0.975280,3383046,27
1,2163457883,0.893772,3385653,31
1,3904196981,1.070284,3389039,42
1,2219770919,0.868840,3394067,66
1,3229760089,0.982762,3395765,18
1,628992227,0.962175,3396624,6
1,525716747,1.012616,3400000,42
1,1724856559,0.932277,3403586,45
1,1528666301,0.935414,3405785,25
1,3048873341,0.989693,3410298,58
1,2991034681,0.999023,3411481,6
1,3651945887,1.052341,3413766,26
1,2720250791,1.020780,3421794,91
1,3803332537,0.925971,3424464,29
1,4117705597,0.913227,3426174,18
1,564963463,0.953509,3429767,45
1,268152881,0.923330,3430967,11
1,930672487,0.977281,3431771,5
1,27998083,1.051877,3433661,21
1,2971196521,0.820275,3437176,44
1,698304599,0.898675,3439238,23
1,391296641,1.027455,3440858,17
1,235134989,1.022214,3445339,58
1,1792834543,0.990679,3446566,11
1,874138211,0.958616,3447354,5
1,3686753381,0.913227,3457462,138
1,10805849,0.984747,3458638,11
1,2145236299,0.932277,3460656,22
1,322860353,0.925443,3463046,28
1,2715375673,0.946829,3465019,22
1,2921846093,1.012616,3467420,28
1,3256533109,1.031250,3468349,7
1,863482661,0.961160,3469772,14
1,759969773,1.015985,3470293,1
1,1918206701,1.081629,3471430,7
1,149824429,0.887192,3473669,23
1,1198037263,0.917495,3477400,43
1,97542953,1.064337,3481484,51
1,1363961749,0.968750,3483501,20
1,1751277929,0.961160,3484644,10
1,3205222877,0.942176,3485456,5
1,3658841323,0.965215,3486738,12
1,596245513,1.048157,3489684,36
1,1967455571,0.948889,3491405,18
1,519608891,1.016466,3491916,1
1,3222501407,1.054659,3493966,23
1,1454272571,1.047691,3495183,11
1,340669523,0.938541,3496046,6
1,2263195379,1.004871,3501514,72
1,3313322393,0.934370,3504631,38
1,2098166509,0.955044,3507942,41
1,45760079,0.970764,3509290,13
1,1603589717,1.081178,3510709,14
1,2866227589,1.016466,3511218,1
1,3150965171,0.968750,3514073,30
1,3142224637,1.012616,3517624,31
1,1216714151,0.942176,3520110,23
1,1363048199,0.970764,3522818,32
1,3594975011,0.872205,3524029,11
1,3668348737,1.070284,3525797,19
1,654472757,0.994614,3529779,51
1,323012423,0.928078,3530906,10
1,2043327101,0.928078,3539532,117
1,1457994073,0.965215,3542385,34
1,2975517029,0.802219,3548693,84
1,1918623799,1.003899,3549207,1
1,1339898933,0.922801,3550630,14
1,2225258377,1.140518,3553442,34
1,380898437,0.922801,3554295,6
1,2098645429,1.021258,3555992,18
1,245332987,0.993632,3556806,5
1,2320081663,0.889391,3564095,98
1,2702644111,0.969758,3566908,34
1,1987431493,0.919621,3568124,11
1,842471557,0.927551,3569300,7
1,165633343,0.993141,3569890,2
1,642070661,1.012616,3570885,8
1,3328895789,0.970261,3573630,33
1,2026410839,1.004871,3584331,144
1,2018961557,1.002438,3584927,2
1,1455549743,1.028405,3585791,6
1,431666617,0.822059,3587277,15
1,4278098609,0.878342,3591933,60
1,59714833,0.910550,3592424,1
1,2645570113,0.936979,3594956,30
1,918729191,0.991172,3596163,11
1,554876867,1.046758,3602637,86
1,1873094669,0.977281,3604815,25
1,656850157,0.919621,3605885,9
1,2162942077,1.040677,3608902,37
1,310205099,0.988212,3611646,33
1,3335312177,1.063419,3612301,3
1,1033137997,0.908940,3614974,32
1,3511388249,0.835609,3616227,7
1,47510951,0.877786,3617451,11
1,3430319777,0.946829,3618097,3
1,3045880753,1.013098,3622227,37
1,1396696127,0.907327,3624818,27
1,3898309759,0.958616,3626404,16
1,1744015531,0.955044,3630421,51
1,1803939901,1.054659,3631419,8
1,2126013059,1.035503,3631998,2
1,107572879,1.073928,3634247,26
1,3341035471,0.979277,3635393,10
1,1810951159,0.970261,3639067,46
1,4052948369,0.962175,3644478,71
1,1344046573,0.919621,3646597,24
1,2286807979,0.981270,3649267,32
1,2529470569,0.872205,3650971,18
1,3205746589,0.988706,3652194,11
1,693891277,0.983258,3652989,5
1,4044369997,0.960652,3656299,41
1,861085531,1.068458,3657165,6
1,3147252167,1.022214,3657685,1
1,264378643,1.039268,3658469,5
1,3545030759,0.871645,3659405,7
1,1057543337,0.973777,3661313,21
1,96672613,0.897588,3665364,52
1,2217913717,1.039268,3666500,10
1,351721759,1.046758,3669097,31
1,270221041,1.018386,3670507,14
1,1062865877,0.861503,3674238,47
1,3042917609,0.886641,3676915,28
1,952474739,1.012133,3679111,25
1,1759281617,1.012133,3680894,17
1,803431037,1.039268,3681781,6
1,2008339997,1.012616,3683356,16
1,2096122751,0.880563,3685476,24
1,2160885253,1.040677,3687244,19
1,2087558483,0.978779,3689232,22
1,2663266601,0.973777,3690375,10
1,638666261,0.858664,3691221,6
1,2711233379,1.007782,3694109,35
1,4165906531,0.895954,3696088,22
1,3087784181,1.025552,3696601,1
1,3841371311,0.936979,3700676,52
1,706070689,0.920152,3706516,77
1,2556907027,0.978779,3707025,1
1,1031725301,0.938541,3708793,19
1,729804589,0.960652,3710295,15
1,1775904961,1.002438,3715753,72
1,2268497167,0.872205,3716338,2
1,2963175071,1.067086,3718648,22
1,3820609123,1.048157,3720162,15
1,3034976501,0.925971,3725113,49
1,1272534127,0.996086,3726374,9
1,4114684997,0.877786,3727276,5
1,2695404251,0.965215,3728367,9
1,2192987449,1.012133,3728943,2
1,822655439,1.174684,3736940,107
1,1152878723,1.044423,3738246,12
1,1208396633,0.876115,3738889,3
1,2782945961,1.000488,3741272,28
1,535009967,0.948374,3742357,9
1,593565227,1.021736,3743277,7
1,3909648469,0.950432,3743785,1
1,2875929587,0.937500,3744511,4
1,28558597,0.928604,3749810,70
1,2901794647,0.855816,3751099,12
1,1384673513,0.950945,3752229,10
1,1116601333,1.133647,3752886,3
1,1683446119,0.940101,3753407,1
1,1781449793,0.876673,3754683,12
1,1022457347,0.945280,3756737,23
1,2906568019,1.121522,3757254,1
1,65125289,1.077106,3758105,6
1,134018513,0.978779,3760003,21
1,477123527,1.027930,3760726,4
1,2414006141,1.025552,3762020,12
1,2566950917,0.950945,3762516,1
1,3943729379,0.867152,3765128,31
1,4006140893,0.947859,3770038,64
1,2692462517,0.882225,3775170,67
1,1665388009,0.940101,3783875,112
1,823534769,0.893772,3785944,23
1,4252748477,1.129332,3788006,23
1,2214997651,1.070284,3789413,14
1,2008863223,1.070284,3790501,9
1,354971723,0.988706,3790999,1
1,1837107401,1.006328,3793106,24
1,4113007607,0.860369,3794250,10
1,3189792667,0.928078,3794972,4
1,1023950657,0.945797,3796039,9
1,1886658479,0.995105,3796694,3
1,2042881319,0.944247,3798046,13
1,3517798607,0.954533,3799260,11
1,3394014223,0.864897,3799843,2
1,1372844771,1.016466,3801473,17
1,422848453,0.962683,3801975,1
1,1308974839,0.969758,3804397,28
1,2805611051,1.000488,3811539,96
1,1570618969,0.935414,3814375,34
1,2026540961,0.944247,3815510,10
1,2354274233,1.007782,3816580,9
1,972720113,1.020302,3817926,13
1,793906097,0.988706,3818429,1
1,1351315319,1.105738,3819502,9
1,1043305321,1.005357,3822369,30
1,3821715301,0.867152,3823335,7
1,2987055803,1.000488,3825295,7
1,4044279853,0.977281,3826967,15
1,2402347991,1.035503,3830442,43
1,3836981959,0.922801,3830957,1
1,898638899,0.946313,3832432,15
1,2261353201,0.997066,3835598,39
1,528217787,0.936979,3836258,3
1,2865350897,0.854103,3837409,10
1,3516443569,0.999023,3841035,45
1,638324149,0.933847,3842170,10
1,484228201,0.914830,3843176,8
1,2312118427,0.989693,3845920,33
1,3129807371,1.010685,3847548,17
1,241873519,0.907865,3850455,35
1,488831153,0.813701,3852078,17
1,3735751927,1.047691,3852734,3
1,3928355657,1.073928,3854496,19
1,986685263,0.970764,3857462,36
1,2976541847,1.086134,3858740,12
1,1076665589,0.886641,3860921,25
1,1220098003,0.984251,3861852,7
1,956525377,0.935936,3865719,49
1,4270353953,1.050483,3868330,31
1,2930888677,1.029829,3870115,19
1,1346182477,1.070284,3871603,15
1,780544013,0.836777,3872389,5
1,3958316717,0.981270,3873259,6
1,3021901273,0.882225,3873849,2
1,1731095573,1.128899,3874637,5
1,4271626763,0.895409,3875740,5
1,358155641,0.931753,3877315,16
1,199878227,0.944764,3879421,24
1,1326126449,1.022214,3882318,33
1,798609181,0.997556,3883630,12
1,190295923,0.895954,3884696,9
1,1590960601,1.024123,3885909,11
1,3683475931,1.002925,3886502,2
1,3825632309,0.904092,3889317,34
1,3424230443,0.934370,3891010,18
1,2207252921,0.946313,3892484,15
1,2124567427,0.960652,3893554,9
1,357017819,0.957597,3896085,30
1,3579648419,0.946313,3897849,19
1,3065350591,0.910550,3899006,10
1,2724586307,0.993141,3899585,2
1,442481419,0.954533,3900860,12
1,2643013757,0.985738,3904024,39
1,2218896877,1.006328,3904532,1
1,3516482621,0.878342,3906229,18
1,2311989313,1.055584,3907005,5
1,1564422941,0.944764,3909754,33
1,2360947751,1.000488,3910408,3
1,798335191,0.922801,3910989,2
1,4132249307,0.988706,3912291,12
1,1122685643,0.993141,3913428,10
1,3667879399,1.095534,3914993,16
1,2325366881,0.755837,3916057,9
1,4229707541,0.913227,3918600,30
1,58877513,0.919621,3919163,2
1,1979291819,0.928604,3921438,26
1,2732975923,0.888841,3922442,8
1,2761138879,0.948889,3929495,77
1,1407371887,0.925443,3931654,22
1,3272942753,1.090173,3936074,57
1,2080333657,0.903011,3937989,21
1,4283411849,0.945280,3938794,5
1,4142180797,0.852386,3940084,12
1,2616859991,0.884436,3941025,7
1,3579799693,1.029354,3942394,13
1,1028281633,0.946829,3950994,117
1,1994286611,0.927551,3952493,15
1,3803288243,0.940620,3953427,7
1,2477540717,0.973777,3957169,47
1,1279582547,0.969758,3957890,4
1,1386990053,0.971267,3958609,4
1,1900885879,0.827388,3960796,25
1,796609733,1.028405,3962143,13
1,2683261153,1.013098,3963224,9
1,949780877,1.062959,3963794,2
1,924128267,0.901929,3964575,5
1,1914793427,0.853531,3965371,5
1,2469103667,0.827388,3966017,3
1,46328011,0.872205,3967977,22
1,819092639,1.035503,3969674,18
1,3120076433,1.020302,3971307,17
1,2815417037,0.894318,3972825,15
1,1277341781,0.942176,3974100,12
1,2998598429,0.914830,3975454,13
1,1697016329,0.938021,3977493,23
1,85949249,0.942176,3978843,7
1,467972003,0.977281,3988045,117
1,3933915851,1.029829,3989451,13
1,1216325291,1.176761,3992148,32
1,4213394377,0.934370,3993634,15
1,3685743773,0.957597,4001142,101
1,604219081,1.004871,4002546,14
1,3217283497,0.857526,4003424,6
1,4106982797,0.931753,4006581,39
1,147777281,0.988706,4009180,31
1,4235900321,0.977281,4010257,9
1,1848957503,0.940101,4011834,16
1,2007857323,1.004871,4016537,61
1,1505148817,1.021258,4017050,1
1,37536041,0.885539,4018509,15
1,284346967,0.995105,4019298,5
1,303742129,1.044891,4019801,1
1,1004624743,0.942176,4022613,34
1,348024343,0.994614,4023262,3
1,230141677,0.934370,4026415,34
1,2247497281,0.904092,4027086,3
1,1069307909,0.950945,4032831,61
1,3544528397,0.931753,4038711,74
1,4117283791,1.063419,4042250,44
1,679304753,1.027455,4043941,18
1,1608801179,0.997556,4044460,1
1,678243193,0.964709,4046010,16
1,3612564469,0.965215,4047504,15
1,3067188251,0.988706,4049487,22
1,1595222269,1.012133,4051252,19
1,3449635309,1.018386,4051988,4
1,3002991239,0.991172,4055015,37
1,4229292901,1.070284,4056303,12
1,4027741283,0.970261,4061054,62
1,982747723,0.969254,4063464,28
1,1298420801,0.977281,4069690,83
1,212240683,1.051877,4070681,8
1,2527784659,0.923330,4074120,43
1,1494326569,1.142657,4074846,4
1,3637422907,1.078012,4077033,25
1,2973371083,0.818488,4083043,80
1,373273787,1.052341,4084950,17
1,1373890321,1.006328,4085676,4
1,3737642747,0.902471,4086967,12
1,4041706367,1.061581,4090427,41
1,264893113,0.988212,4094983,59
1,1149242291,0.960652,4097606,31
1,2221749157,1.000488,4098461,6
1,670562899,0.902471,4102050,45
1,3125707817,0.960652,4103673,17
1,3425738291,0.954533,4104181,1
1,2603987587,1.070284,4105962,19
1,1298069351,1.046758,4106484,1
1,4215350239,1.018386,4107070,2
1,3155539529,1.033615,4110943,49
1,3427738081,0.869402,4112214,12
1,2039612353,0.946313,4113619,14
1,2490748891,0.891584,4114981,13
1,2973840631,0.892679,4116288,12
1,3560558501,0.944764,4118489,25
1,282109253,0.969758,4118985,1
1,3497655449,0.928078,4122139,36
1,530336119,1.076198,4123792,17
1,1255250533,1.044891,4125867,23
1,1878497189,0.861503,4126876,8
1,2354996719,0.893772,4128940,19
1,3743948359,1.039268,4135372,69
1,3017041879,1.037387,4138311,33
1,4276373351,0.911622,4139609,12
1,304504531,1.054659,4140474,6
1,3745070387,0.986728,4141826,13
1,375236893,0.893772,4142825,8
1,1807809329,0.919621,4143491,3
1,953414291,0.904092,4146238,33
1,2735622563,0.902471,4147666,14
1,753394307,0.910014,4149078,14
1,2855288437,0.867152,4150423,13
1,505965287,1.033615,4152041,17
1,4160195269,0.889939,4152770,4
1,4154691973,0.931753,4156556,48
1,1353515803,0.970764,4160723,53
1,967435753,1.050483,4162216,15
1,332724241,0.988212,4163063,6
1,1996226471,0.886641,4166033,36
1,923670001,0.827978,4173392,99
1,170028343,1.012133,4174798,14
1,3462137527,0.928078,4176144,13
1,2107181053,0.906789,4176662,1
1,1015371157,1.027455,4178569,21
1,4125360853,0.991172,4179078,1
1,1561934827,0.907865,4181344,26
1,833735681,0.914830,4182609,12
1,2180255843,0.970261,4185526,32
1,97643363,1.022214,4189526,48
1,2550825089,0.904092,4190319,5
1,1055735867,0.886090,4191176,6
1,896195071,0.993141,4193650,29
1,249181729,1.027455,4194633,8
1,1682500229,0.983258,4195902,12
1,3271608091,1.007782,4196972,9
1,3763015657,0.970764,4200851,49
1,1678207753,0.956066,4204732,49
1,322372423,1.007782,4207183,29
1,3210087071,0.927551,4209723,30
1,3848758087,0.994614,4211497,19
1,3226718063,0.953509,4212014,1
1,4124942201,0.841432,4215743,47
1,1000711427,0.934370,4216458,4
1,846322459,0.973777,4217037,2
1,2974684673,0.925971,4219142,24
1,927304387,0.867152,4220066,7
1,3777103699,0.835024,4225684,74
1,1055994517,0.954533,4227524,20
1,49779377,0.955044,4228085,2
1,2735503621,0.941657,4228729,3
1,1437378601,1.012133,4237104,92
1,2436033907,1.023646,4238949,16
1,650212931,1.020780,4241064,24
1,275423311,0.975280,4243394,27
1,4271153167,0.927551,4243975,2
1,3478385777,1.031250,4244845,6
1,1038271807,0.867152,4245991,10
1,603749291,0.920152,4247576,16
1,1895005001,0.867152,4250899,41
1,3816841493,0.980772,4253432,30
1,2133145897,0.910550,4255202,19
1,2148568937,1.064337,4257028,20
1,3065640601,1.044423,4257964,7
1,2247408497,1.073928,4258902,7
1,3512328839,1.031250,4260464,16
1,1336321109,0.927551,4267735,98
1,198084233,1.018386,4269487,19
1,191680877,0.914830,4272148,32
1,2454425159,0.844329,4273006,6
1,319172597,0.908940,4273930,7
1,3853376441,0.938021,4274874,7
1,365673599,0.977780,4275805,7
1,4259301803,0.935414,4279051,40
1,690488663,0.994614,4281220,25
1,85179541,0.993632,4282760,16
1,899487437,0.924387,4285372,31
1,3223708679,0.921743,4285876,1
1,2073950143,0.957597,4286824,7
1,2911107601,0.882778,4287342,1
1,3215512483,0.902471,4290422,33
1,721674617,1.007782,4291290,6
1,650009117,1.053732,4291938,3
1,1247608213,1.077559,4295268,39
1,336891187,0.977281,4295789,1
1,3268773353,0.988706,4296715,7
1,702161573,1.012133,4298478,19
1,1084430407,0.914830,4300655,25
1,943470113,1.097316,4304428,48
1,3966777709,0.931753,4305078,3
1,3451196663,0.946313,4309420,56
1,1952676463,0.955044,4310779,13
1,494376061,0.932277,4311428,3
1,2769805001,0.936979,4312782,13
1,3814847723,0.922801,4314274,15
1,3032117849,0.973777,4315494,11
1,306985417,1.147773,4316131,3
1,1332813401,0.997556,4317832,18
1,2766301,0.893772,4320612,34
1,1061631379,0.946313,4321752,10
1,1665510851,0.893772,4326812,66
1,1909910813,1.086584,4327337,1
1,1079394061,1.027930,4328476,10
1,1396664299,1.007782,4329704,11
1,3350910911,0.827388,4330662,7
1,3657735643,0.984747,4331244,2
1,1895373791,0.955044,4335210,46
1,4213336333,0.945280,4338772,28
1,2495091827,1.032197,4340020,9
1,312443917,0.940101,4340798,5
1,3940355921,0.798558,4342471,15
1,2588713529,0.860369,4346550,52
1,3101447527,0.932277,4347272,4
1,109338601,1.068458,4350565,41
1,3298634503,0.858664,4351498,7
1,3174435409,1.014061,4353821,27
1,667604237,0.940620,4354538,4
1,3492367283,0.867152,4356508,22
1,2207100229,0.955044,4357574,9
1,2006433203,1.056971,4360193,31
1,956726189,0.877786,4362882,32
1,2895608239,1.004871,4368276,71
1,1974797837,1.111464,4369001,4
1,564531073,1.140090,4372082,38
1,68179183,1.068914,4372854,5
1,219559367,0.995105,4373843,8
1,4058228453,0.988706,4375195,13
1,490982461,1.226737,4377185,22
1,1430208239,0.906789,4377855,3
1,3125041433,0.805256,4378368,1
1,1337471881,0.916963,4379643,12
1,3055135477,1.100870,4385607,79
1,2018353639,0.928604,4389043,43
1,3715155649,0.958616,4392115,35
1,4208525561,0.829745,4394454,26
1,896634439,0.906789,4396639,25
1,3911728631,0.868840,4398875,23
1,1663306003,1.023646,4399738,6
1,3257018987,0.942176,4401638,21
1,894713167,0.965215,4402296,3
1,3277953089,0.988706,4404477,25
1,2417100991,0.932277,4405542,9
1,3636946069,1.002438,4406261,4
1,3134872597,1.018386,4407267,8
1,1838890633,0.970261,4412405,67
1,2114064749,0.902471,4413615,11
1,2802147197,0.862070,4414914,12
1,3771654151,0.955044,4416409,15
1,1980392123,0.970261,4419718,41
1,1660575199,0.914830,4420935,11
1,3302438701,1.062959,4421588,3
1,953027069,1.044891,4423628,23
1,3713927837,1.047691,4425408,19
1,2703895499,0.910550,4426196,5
1,2676256189,0.907865,4428048,20
1,3295951613,1.020302,4428563,1
1,1300385173,0.821465,4431677,38
1,1378074017,0.961160,4432253,2
1,3503218513,0.895409,4436464,49
1,1872805919,0.821465,4439216,20
1,1237088843,0.983258,4440510,8
1,2885864899,1.064337,4442152,16
1,634726177,0.911622,4442662,1
1,4071079333,0.889939,4443919,10
1,234362861,1.077106,4444988,9
1,3915928771,0.970764,4448591,45
1,1529059999,0.891584,4450913,27
1,335276437,0.952997,4451849,7
1,3264914473,0.969758,4452491,3
1,3736463149,0.928078,4454343,20
1,922244419,0.991172,4457436,38
1,2147795879,0.964709,4463325,78
1,235404997,0.975280,4466618,41
1,2108031557,0.886641,4467340,4
1,1678974361,1.007782,4468337,8
1,1611403961,1.031250,4471306,36
1,86598509,1.005357,4471802,1
1,3569610703,1.040677,4473644,20
1,1408059437,0.908940,4474919,12
1,546399067,1.012616,4476405,15
1,609521537,0.931753,4477044,3
1,1936647851,0.931753,4478405,13
1,2998100783,1.031250,4479203,5
1,2183041733,1.050483,4481505,25
1,1964677129,1.035503,4483633,24
1,2359404199,0.984747,4485689,23
1,1629318763,1.020780,4491316,74
1,1675216457,1.043488,4493222,21
1,2436549847,0.927551,4494906,11
1,3788275433,0.846639,4495721,5
1,17661221,0.839108,4496493,5
1,1925105453,1.062959,4499101,31
1,1304003563,1.020780,4500306,8
1,3148997477,0.977281,4500911,2
1,4258234801,0.970261,4504087,39
1,3375364411,1.031250,4507970,49
1,1010105963,0.813101,4508979,8
1,1462886543,0.947859,4510417,14
1,1004278237,0.886090,4510928,1
1,3936878471,0.965215,4512367,14
1,597709559,1.029829,4514278,21
1,3186001813,0.946313,4515427,10
1,1660699643,0.978779,4519841,57
1,411317503,0.811297,4521110,12
1,408247141,0.997066,4522448,13
1,363731161,1.018386,4523171,4
1,2196161641,0.981270,4525700,30
1,3134473421,0.981270,4526357,3
1,2805467351,0.955044,4527289,7
1,1595365619,0.950432,4529351,23
1,3495553553,0.950945,4531535,25
1,1218847723,1.031250,4532114,2
1,1528532869,0.889391,4533739,17
1,3122458061,1.097761,4534958,11
1,652506889,0.987223,4535950,8
1,868241009,0.964709,4537697,14
1,2246704963,1.068458,4539004,12
1,1918616429,0.970261,4540423,14
1,659887747,0.974780,4541863,2
1,3421135429,0.841432,4543322,10
1,3509971483,0.994614,4547203,49
1,3647871767,0.893772,4547790,2
1,1290718547,0.920152,4549768,22
1,1724509063,0.997066,4552674,35
1,2029999193,0.877786,4554452,19
1,2364068981,0.963190,4556563,24
1,141778577,1.027455,4557558,8
1,144832019,0.895409,4563168,74
1,2073295229,1.007782,4564255,9
1,3270818443,0.919621,4567379,38
1,2906307643,0.862070,4569706,27
1,2973742883,1.041146,4570572,6
1,3067045913,1.012616,4571500,7
1,3926650339,0.940101,4572086,2
1,690779659,1.078012,4572938,6
1,1837692377,0.940101,4573591,3
1,15384293,0.981270,4574228,3
1,1207927529,0.877786,4574949,4
1,1002297809,1.039268,4575810,6
1,2074636937,1.047691,4577369,16
1,1011332381,0.906789,4578226,6
1,2643836219,1.016466,4581189,36
1,838417147,0.920152,4582757,16
1,1185459881,0.915364,4584176,14
1,1605157201,1.052341,4585107,7
1,827973199,1.042083,4587386,26
1,4261998703,0.960652,4589370,22
1,3093779321,1.071652,4590022,3
1,391732153,0.957597,4591783,19
1,2681404571,0.893225,4594090,23
1,2266374233,1.050483,4596494,28
1,3992622037,0.920152,4598081,14
1,694782859,0.934370,4602440,56
1,883661041,0.928078,4603438,8
1,1548215927,0.913227,4605006,16
1,3558725903,0.975280,4612584,102
1,3025176989,0.952997,4613787,11
1,2673694451,1.005357,4614656,6
1,1933625201,1.039738,4622787,109
1,1749279131,0.897588,4623526,4
1,4106358163,0.934370,4624319,5
1,2085204701,1.005357,4625398,9
1,99182269,0.964709,4627794,28
1,3265145441,1.048157,4629201,14
1,3044788291,0.991172,4630007,5
1,2046479243,0.886090,4631847,20
1,3548171453,0.965215,4632373,1
1,3097234793,0.889391,4634000,17
1,426986429,1.035503,4635763,19
1,2634070277,0.982762,4636686,7
1,1465624781,0.962683,4639371,32
1,1565506253,0.975280,4640701,8
1,2531941459,0.864332,4642626,21
1,246312467,0.884436,4645277,19
1,3319689341,1.004871,4650123,58
1,3926680679,0.988706,4652187,23
1,3958137653,0.829745,4655923,47
1,3370332187,0.875558,4656429,1
1,1280426221,0.910550,4658606,25
1,3420875063,0.941139,4663109,58
1,212779603,0.953509,4664174,9
1,4192543837,0.952484,4669508,70
1,1126618567,0.944764,4671489,22
1,1302531463,0.911622,4673817,27
1,1898508901,0.802827,4674333,1
1,1479164299,1.170520,4676099,19
1,2913226873,1.000488,4678906,34
1,2345094083,0.835024,4679635,4
1,2091587107,0.991172,4680842,11
1,2707515011,0.919621,4681973,10
1,1846749721,1.012133,4682901,7
1,2407834441,0.864332,4684741,20
1,3629106379,1.035503,4686784,23
1,3288673459,0.936979,4687846,9
1,3370063441,0.870524,4688424,2
1,3879426977,0.991172,4689497,9
1,2392262207,1.025552,4691268,19
1,3837196067,1.105738,4694233,36
1,459830611,0.974780,4697117,35
1,226343309,0.904632,4698395,12
1,113459777,1.032197,4700686,25
1,1078548257,0.997066,4704191,41
1,3350537693,0.960652,4705150,7
1,948483647,0.920152,4708552,42
1,3726031861,1.046758,4709650,9
1,928988531,0.999023,4710316,3
1,2241313573,0.993141,4710830,1
1,3665370227,0.827388,4711628,5
1,3282334877,0.940101,4712695,9
1,3493228157,0.965215,4714890,25
1,1356830653,0.938541,4728703,191
1,3139798603,0.946313,4729702,8
1,3789743431,0.868840,4731659,20
1,3562730123,0.914830,4732556,6
1,278272343,1.034559,4733268,4
1,3235752199,0.919621,4737320,51
1,3848942969,1.063419,4741535,54
1,1714795499,0.940101,4742720,6
1,2980916903,0.880563,4743691,7
1,897419051,0.970764,4744773,9
1,1675466713,0.993632,4746739,8
1,2246639851,0.895409,4750398,42
1,1794359309,0.950945,4764760,199
1,737466671,0.935936,4766060,12
1,1749515051,0.952484,4767279,11
1,3690501467,0.952484,4767951,3
1,3880894553,1.055584,4768527,2
1,2657432957,0.992649,4771490,36
1,500229757,0.907865,4773044,16
1,2755913621,1.036445,4773972,7
1,2796892697,1.014061,4774624,3
1,929487929,1.000488,4776749,24
1,3594323911,0.887192,4779852,38
1,1513434701,1.094196,4780779,7
1,564742963,0.912693,4782896,24
1,1019191001,0.903552,4786069,39
1,3516012151,0.980274,4787986,21
1,574953259,0.984747,4789418,14
1,5984263,0.884436,4791078,18
1,2219297203,0.871085,4796344,69
1,3514959991,0.935414,4798156,17
1,3419515933,1.025076,4801661,39
1,1967600963,1.024123,4802341,3
1,3105047879,1.164665,4812367,135
1,1821916567,0.838525,4814297,21
1,1833833371,0.946313,4818652,56
1,3736737611,1.016466,4819313,3
1,4075862723,0.911622,4820392,9
1,257968769,0.954533,4821233,6
1,3241548617,0.934370,4822015,5
1,1264740991,0.860369,4823017,8
1,306593983,0.955044,4824717,18
1,3643735721,1.070284,4828792,52
1,902776123,1.029829,4834600,77
1,721039289,0.957597,4839940,70
1,3521412721,0.977281,4841857,21
1,178362427,0.965215,4846994,63
1,1901457989,1.068458,4856254,111
1,81850343,0.957597,4862009,73
1,1925307191,0.872205,4866212,54
1,1384051117,0.949404,4866729,1
1,1233683681,0.810695,4867435,4
1,588082511,1.004871,4870604,39
1,4231479029,0.900304,4876325,75
1,169866713,0.940101,4877247,7
1,6653351,1.097316,4878147,7
1,1146512371,0.956066,4881053,35
1,2932710769,1.012616,4882410,13
1,67411423,1.073928,4883471,9
1,1083744421,1.058356,4884108,3
1,2615406389,1.029829,4884838,4
1,1501729217,1.064337,4888070,40
1,1863307619,0.929655,4888799,4
1,2885883073,1.064337,4890415,17
1,1531754699,0.857526,4891205,5
1,1298513807,0.889939,4892846,17
1,1989645907,1.019823,4893368,1
1,2360825231,0.938541,4894023,3
1,3284724211,1.089725,4898515,58
1,3297401663,0.955044,4899444,7
1,2807297837,0.861503,4901088,14
1,3472454837,0.968750,4903932,34
1,1167123337,1.022214,4907698,47
1,420275473,1.069828,4909320,17
1,912706997,0.993632,4912974,43
1,2325467461,0.907865,4915812,34
1,3896325949,0.919621,4916538,4
1,3270008779,1.054659,4917269,4
1,3431323963,0.914830,4918493,11
1,1158541301,1.002925,4924611,81
1,723857131,0.864897,4926807,25
1,1193549299,1.052341,4928082,12
1,222858199,1.097316,4930359,26
1,3720965693,1.106621,4934577,54
1,813854597,1.149898,4935219,3
1,1982929397,0.984747,4937748,30
1,2952034373,0.965215,4938618,6
1,827768647,1.046758,4939416,5
1,4143411131,1.035503,4940641,11
1,2931603449,0.944764,4941233,2
1,2114174653,0.969254,4943074,20
1,897409451,1.012133,4944562,15
1,1675174687,0.944247,4945772,11
1,859836629,0.942176,4949621,44
1,2245925147,0.970764,4950300,3
1,2177042531,0.999023,4953045,21
1,472681199,0.928078,4955106,21
1,1209671129,0.860369,4956098,8
1,893330729,0.895409,4958619,29
1,69104531,0.981270,4962144,43
1,135974801,0.938021,4965062,31
1,1247529967,0.867715,4969318,54
1,3197251787,1.014061,4974436,67
1,1198315127,1.002925,4975377,7
1,3670771289,1.027455,4976590,11
1,2005216457,1.080726,4977655,9
1,2343455557,0.862070,4980259,31
1,12578803,0.923330,4984110,47
1,472731251,0.911086,4989369,69
1,4129374037,0.971267,4991432,23
1,2023860053,0.960652,4992927,15
1,63089909,0.968750,4995940,37
1,1752846967,0.928078,4998337,28
1,2356157303,0.988706,4998930,2
1,2065525901,1.006328,5001331,28
1,2920187021,1.090621,5005261,50
1,1744232029,0.931753,5006635,13
1,347044939,0.825615,5007359,4
1,4070163169,0.903552,5009405,23
1,74795509,0.872205,5010253,6
1,3884080553,0.973777,5011815,16
1,1871207057,0.864332,5013743,18
1,226088153,0.928078,5014900,9
1,1572387763,1.052341,5016417,15
1,3000840911,1.005842,5018047,17
1,862188991,1.012133,5024026,76
1,2526467809,0.963190,5024835,5
1,1750962041,0.897588,5026058,11
1,1826837729,0.977281,5026568,1
1,2964656789,0.815499,5027359,5
1,856786127,1.031250,5030731,42
1,1280915417,0.940101,5034043,41
1,2731143869,1.043488,5035688,17
1,711952123,0.970261,5036348,3
1,99156077,1.042083,5038860,30
1,876934843,1.020302,5042225,42
1,3867810451,0.919621,5044124,21
1,567667063,0.885539,5045412,12
1,2531827237,1.012616,5045923,1
1,1785568231,0.878342,5048614,32
1,2390194427,0.977281,5050070,10
1,899131769,1.063419,5053715,32
1,3576895547,0.988706,5058326,53
1,145038167,0.908940,5059560,11
1,1854557407,0.975280,5063906,56
1,2269222513,0.970261,5071129,97
1,3291485227,1.118907,5072817,18
1,2713942333,1.024123,5075137,27
1,2028678643,0.970764,5076143,8
1,1766721487,1.018386,5078196,23
1,377986369,1.094196,5078840,3
1,193805639,1.043488,5081092,26
1,147927583,0.913227,5082293,11
1,153080119,1.054659,5086008,47
1,708355493,0.888841,5086722,4
1,3335962769,0.848942,5090590,49
1,1256712799,0.934370,5093494,35
1,880661281,0.922801,5094003,1
1,369303743,1.014061,5098773,62
1,1884730961,0.931753,5100340,16
1,2384962969,1.054196,5104486,53
1,205037951,0.945280,5105265,5
1,2983349377,1.164246,5110856,68
1,2014219477,0.920152,5111879,8
1,805726261,1.012616,5114710,32
1,1693700357,1.012616,5116636,21
1,126583939,0.973777,5117199,2
1,2703605699,0.922801,5118488,12
1,2587958101,0.885539,5123509,63
1,822501623,1.052341,5126068,30
1,2803793981,0.994614,5127350,12
1,1484882467,0.964709,5128613,12
1,1537109813,1.021258,5129557,7
1,3870210473,1.050483,5130560,8
1,1301436091,0.995105,5131857,12
1,1222755857,0.872205,5133967,24
1,1204907491,0.862070,5136313,27
1,1155464833,0.946313,5137873,16
1,2240481127,0.886090,5138938,9
1,1485010831,0.853531,5140851,21
1,1332633061,0.986728,5141376,1
1,3541338407,0.928078,5142440,9
1,603440153,1.031250,5143850,14
1,1366450291,0.886090,5150377,87
1,1449983653,0.934370,5151590,11
1,376724069,1.062040,5153184,12
1,1330081741,0.973777,5157556,41
1,1213579937,1.018386,5158803,9
1,3303510211,0.827388,5160987,25
1,684200767,0.944764,5165052,52
1,1925896613,0.975280,5165702,3
1,140195837,0.993141,5169760,52
1,4087550573,1.012616,5172789,37
1,1150016809,0.893772,5176175,42
1,601068089,0.886090,5177035,6
1,1721111387,0.982762,5177892,6
1,1593208009,0.895954,5184696,91
1,586315073,0.830333,5187987,41
1,3119760431,0.960652,5188859,6
1,1006116893,0.932277,5189645,5
1,3109790227,1.035503,5190504,6
1,2804665307,1.062040,5191093,2
1,3961193387,0.838525,5194340,40
1,651809357,0.928604,5197231,35
1,2927681213,0.970261,5199358,24
1,3486281921,1.025076,5203382,51
1,2366125547,0.965215,5204168,5
1,3496607899,0.832095,5205095,7
1,1231443271,1.007782,5208080,33
1,3321373519,0.877786,5209929,20
1,1179278299,1.027455,5215228,67
1,2505133633,1.000488,5216805,16
1,4103916007,0.956066,5218714,21
1,66702413,0.957597,5219783,9
1,140963419,0.970261,5220497,4
1,3532631537,1.090621,5222973,29
1,830870857,1.013098,5223478,1
1,3379490593,0.997556,5224418,7
1,528571019,1.012133,5226453,23
1,68344207,1.048157,5228559,24
1,1935801677,1.067086,5230265,18
1,772818451,0.928078,5230911,1
1,698412223,1.034559,5231641,4
1,1071348067,1.035503,5236710,66
1,1280169637,0.957597,5237569,6
1,1544862733,1.004871,5240874,41
1,3283961101,0.952484,5241593,4
1,1190168717,0.964709,5242244,3
1,700179479,1.004871,5242895,3
1,1534765129,1.084785,5243896,8
1,2758901401,0.928078,5246499,31
1,1073182199,0.987223,5247871,13
1,3208971791,0.981270,5248465,2
1,1543667831,0.872205,5249453,8
1,847237541,0.944764,5250390,7
1,1782839371,0.913227,5250972,2
1,2753827499,0.975280,5255206,50
1,934639421,1.000488,5258766,31
1,1773017209,0.895409,5259983,7
1,3685394171,0.935414,5260729,4
1,3298621393,0.958616,5263266,30
1,3908815681,1.079822,5269849,88
1,2532807503,0.973777,5271350,15
1,3939127267,0.954533,5272990,17
1,89875739,0.908940,5273782,5
1,3750079103,0.956066,5274310,1
1,4014914713,0.984747,5275881,16
1,3065713543,0.973777,5276465,2
1,3846109511,0.901929,5277193,4
1,3553009871,1.036916,5278554,13
1,917948021,0.994614,5280672,24
1,1090502753,0.952484,5282096,14
1,2565824507,0.961160,5282900,5
1,4269919117,0.889391,5285241,27
1,1743026837,0.861503,5286111,6
1,2744353747,0.950945,5289072,36
1,3035529227,0.965215,5291395,27
1,2773518421,0.914830,5292731,13
1,1551302611,1.015985,5294376,17
1,4277071607,0.928604,5296790,28
1,496852669,1.052341,5299115,27
1,2626828651,1.063419,5301520,28
1,932169947,0.981270,5303849,27
1,2648786293,1.015985,5304710,6
1,786281627,0.977281,5307674,36
1,1250469761,0.962683,5308952,12
1,2044278263,1.047691,5314832,72
1,2595361427,1.040677,5316967,24
1,1739001763,0.993141,5318401,14
1,496661237,0.956066,5319963,16
1,175646323,0.975280,5321162,11
1,524846657,1.000488,5321666,1
1,1691271889,0.988706,5322867,11
1,1533741431,0.981270,5323730,6
1,2669961703,1.035503,5327817,52
1,3312121853,0.997066,5330010,25
1,1925714171,0.927551,5331359,13
1,3621321083,0.991172,5332440,9
1,760424009,0.974780,5335598,38
1,3115996123,0.911622,5337120,15
1,1594657109,0.910550,5338258,10
1,3004307699,0.877786,5341248,36
1,862304909,0.962175,5343850,31
1,2391042097,0.987223,5346168,27
1,1750181819,0.960652,5348574,28
1,2161942553,0.899761,5350048,15
1,3646354247,0.961160,5351835,19
1,606142739,0.975280,5352335,1
1,2442120029,0.836777,5354659,27
1,1499891677,0.961160,5355173,1
1,1613766989,1.046758,5357797,27
1,3751520629,0.965215,5359196,13
1,3367700113,0.955044,5361964,19
1,3345937537,1.002925,5362994,6
1,3862403959,0.994123,5364215,11
1,189153893,0.927551,5365971,19
1,3541501009,1.110145,5366756,5
1,1794466199,1.022214,5369405,31
1,2525667029,0.942176,5370829,14
1,2498175929,1.055584,5374554,47
1,422301457,1.061581,5376727,25
1,3477705449,1.078012,5379067,27
1,2120643131,0.964203,5379724,3
1,19447783,1.024123,5380221,1
1,2037596383,0.944764,5383032,34
1,3629199839,1.057433,5383891,6
1,4246688267,0.893772,5384476,2
1,1491733261,1.127168,5388135,46
1,2683143979,0.999023,5388863,4
1,40911583,0.988706,5397117,112
1,145613569,0.993632,5397680,2
1,597003373,0.806468,5398463,5
1,2519905373,1.006328,5401565,38
1,650946223,1.064337,5403917,27
1,3863833403,0.928078,5409882,79
1,1677155839,0.994614,5413041,29
1,2158996309,1.004871,5413798,4
1,4183791347,0.932277,5414531,4
1,949077079,0.961160,5417061,30
1,408905333,1.007782,5422337,67
1,789074371,1.000488,5423553,11
1,1797961117,0.953509,5427421,49
1,383954839,0.982762,5429330,21
1,1093345961,0.965215,5431220,21
1,106455997,0.970764,5435781,59
1,1151406913,0.889391,5437259,15
1,213204911,0.997556,5439736,29
1,2886907769,0.977281,5441992,26
1,2865688619,0.973777,5444740,33
1,3460361369,0.771185,5445804,9
1,4366927,0.970261,5446440,3
1,3053434607,0.960652,5447595,10
1,3774154291,1.025076,5449077,15
1,2094642799,1.148198,5453317,54
1,1944352793,0.932277,5454523,11
1,3116195539,1.044891,5457968,43
1,3299425631,0.882778,5459764,14
1,2781602191,1.099538,5463309,31
1,48429193,1.113658,5465467,20
1,781207879,1.012616,5468341,34
1,2355440651,0.972272,5469974,17
1,1004005313,1.048157,5470497,1
1,3281476981,1.027455,5473239,33
1,4081219789,1.099538,5474383,10
1,3628399993,0.990679,5475244,6
1,3489009143,0.877786,5476809,16
1,3686366429,0.827978,5478096,12
1,1224944993,0.993141,5479228,10
1,2544238471,0.906789,5481802,29
1,1305368873,0.994123,5483263,14
1,2964482929,1.039738,5484268,8
1,2061043763,0.889391,5485131,6
1,1222157039,0.982762,5486200,9
1,3393088481,0.868840,5488535,27
1,3371232133,1.001951,5489951,14
1,1866062087,0.960652,5490466,1
1,3771676417,0.889939,5494547,52
1,3841948087,0.897588,5496923,27
1,2268539401,0.972272,5500565,46
1,1460147033,1.078012,5502617,23
1,1148205413,0.903552,5503618,8
1,1321805197,0.955044,5504828,11
1,2329934207,0.975280,5507169,27
1,4120890391,0.872205,5507904,4
1,2001599239,1.093303,5512683,61
1,2027308079,1.037387,5514404,18
1,399891053,1.032197,5514986,2
1,3482706499,0.884436,5516471,12
1,3494656003,0.960652,5521787,69
1,1894936699,0.965215,5522719,7
1,847205791,1.055584,5527130,54
1,637616299,0.979277,5529957,34
1,322165303,0.978779,5530952,8
1,16850387,0.867152,5535410,58
1,3954420697,0.910550,5537423,22
1,3762042607,0.886090,5540318,35
1,3857016221,0.852386,5543699,42
1,3131063869,1.025552,5545338,17
1,3062331637,0.861503,5547949,31
1,1635241891,1.020780,5549441,15
1,641834563,1.018386,5550854,14
1,3392512579,0.928078,5551499,3
1,2673531191,0.984747,5552089,2
1,1786793831,1.010685,5553086,8
1,545797961,0.922801,5553651,2
1,3419150303,0.946313,5557231,45
1,3458856487,0.970261,5559362,24
1,2310872107,0.981270,5559873,1
1,3379282979,0.993141,5560870,8
1,3339405793,0.864897,5562623,14
1,1274709817,0.858664,5563379,4
1,4040717419,0.913227,5564321,7
1,1739462237,1.055584,5568202,28
1,1473646183,0.940101,5570110,19
1,3728996071,1.034559,5571170,7
1,570412109,0.882778,5576511,70
1,661145269,0.899761,5577373,6
1,3681468871,1.031250,5577889,1
1,3866534849,0.922801,5581263,42
1,156691963,0.986728,5582129,6
1,201933899,0.960652,5586325,54
1,1370193337,1.086584,5586841,1
1,2056522471,0.946313,5589437,31
1,1114905109,1.043488,5590079,3
1,3552596591,1.078012,5592413,27
1,105710089,0.932277,5593736,13
1,3569024117,0.946313,5594889,10
1,3444804641,0.893225,5595601,4
1,3232482983,0.912693,5596530,7
1,2647074961,0.971267,5597815,12
1,1936603541,1.061581,5599166,13
1,512224241,1.082983,5599681,1
1,3988976729,1.104412,5601246,16
1,2424218117,0.963190,5602384,10
1,1516871,1.054659,5603559,11
1,1920195059,1.027930,5606814,40
1,594426629,0.907327,5614179,99
1,1320804643,0.991172,5614906,4
1,3088259443,0.999023,5616054,10
1,1025389943,0.802827,5622558,81
1,583350743,1.007782,5623811,11
1,1113436361,0.925443,5624324,1
1,4185676769,0.810695,5624836,1
1,3751317293,0.914830,5629093,52
1,688306001,1.156250,5629749,3
1,3571385047,0.940101,5631863,24
1,1532422421,0.978779,5632384,1
1,3316911979,0.997066,5635409,37
1,3804166969,1.007782,5638439,37
1,3257467379,0.888841,5643262,63
1,2984797633,0.942176,5644904,17
1,1284369089,0.950945,5646535,17
1,3453193577,0.987223,5649421,35
1,976595779,0.910014,5649930,1
1,2800597249,0.867152,5651689,19
1,1013417693,0.948889,5653691,22
1,1206692797,1.169685,5655258,16
1,1719514483,0.977281,5656827,16
1,2418287497,0.991172,5658244,14
1,1679797499,0.988706,5659527,12
1,3914301317,0.877786,5660046,1
1,4167205093,0.981270,5663123,38
1,4060497283,1.050483,5665770,27
1,3626621587,0.895409,5666514,4
1,2956192601,0.947859,5668983,14
1,1332916721,1.061120,5670084,7
1,1630508909,1.127168,5671161,9
1,2682366679,0.853531,5673497,27
1,2907811273,0.934370,5675259,19
1,3331407109,0.904092,5680179,64
1,1213179479,0.974780,5681260,9
1,1774301,0.990186,5685020,48
1,2158516301,0.908403,5685869,6
1,848839273,0.961160,5686783,7
1,1928077409,0.989199,5688755,22
1,1414114921,0.970764,5689548,5
1,3326110237,1.007782,5690261,4
1,1608289601,0.928604,5691618,13
1,224506627,1.040677,5693594,22
1,3182131157,0.927551,5694185,2
1,4284905861,1.043020,5695059,6
1,1767384433,1.109265,5696141,9
1,2090466143,1.023646,5700645,58
1,1883839457,1.080726,5701638,8
1,4148857567,0.977281,5702225,2
1,4225550333,1.115411,5703751,15
1,1737423607,1.058356,5704484,4
1,2338341703,0.864897,5707983,44
1,468740791,0.944247,5712268,55
1,1367285587,1.012616,5713001,4
1,3533536261,0.942176,5714771,19
1,1036465861,0.835609,5718784,46
1,383403701,0.946313,5723410,60
1,998836367,1.000488,5724478,8
1,2315372621,0.977281,5725479,8
1,1972924963,0.988706,5727605,24
1,3296994763,0.888841,5728179,2
1,2316548863,0.995105,5729759,16
1,898454071,0.910550,5731857,22
1,3170056543,0.982762,5733318,14
1,413741819,0.970764,5737936,60
1,1207268921,1.097316,5738453,1
1,4177407007,1.047691,5743856,71
1,3754488443,0.927551,5745507,17
1,775291459,1.004871,5747901,28
1,2539520611,0.952484,5751482,45
1,2482545133,0.952484,5752702,11
1,2835031919,0.969758,5756362,46
1,3274949059,0.970261,5756871,1
1,4282803883,0.888841,5757667,5
1,3614004659,0.954533,5758400,4
1,3866060183,0.989199,5759206,5
1,3332585027,0.931753,5761608,28
1,310776287,0.954533,5763085,15
1,27886007,1.083884,5764203,10
1,1796593219,0.988706,5765274,9
1,1078787477,0.927551,5768254,32
1,1132332727,0.838525,5768797,1
1,3604223731,1.012133,5769743,7
1,4108493569,0.977281,5771431,18
1,588262693,0.875000,5774101,32
1,1976417489,0.988212,5779154,66
1,3552591703,0.934370,5780997,20
1,3579100171,1.042083,5783607,31
1,2354791273,0.904092,5786759,24
1,2510698087,0.936979,5789880,30
1,2646394657,1.020780,5792440,30
1,827816257,1.058356,5795951,44
1,3814378499,1.039738,5796599,3
1,1391359397,0.997556,5797183,2
1,2884390559,0.959126,5800510,41
1,2731308887,0.895954,5803046,30
1,756810499,0.964709,5804030,8
1,2569613273,0.942176,5808157,53
1,2750852327,1.004871,5810224,23
1,280414451,0.993141,5811788,16
1,993468059,1.052341,5812512,4
1,474987001,1.050483,5814771,26
1,901300801,1.005842,5820660,78
1,4166665343,0.969758,5821174,1
1,3614601167,0.913227,5822261,9
1,2319102347,0.919621,5823341,9
1,3160636177,0.931753,5824271,7
1,80138621,1.043488,5825203,7
1,1329716009,0.855246,5825787,2
1,60673957,1.070284,5830892,67
1,1667432171,0.956066,5832689,19
1,216104677,1.018386,5833619,7
1,2888876539,0.969254,5836162,30
1,249162517,0.942176,5840200,46
1,407197733,1.076198,5841485,12
1,1953270637,0.985738,5843483,22
1,3897379193,0.993141,5846450,33
1,2510313719,0.963190,5848234,19
1,1594782751,0.952484,5849655,14
1,28782947,0.937500,5852112,29
1,696690359,1.097761,5852689,2
1,2699742769,0.938541,5853267,2
1,1493318503,0.904092,5853992,4
1,3298910239,0.888841,5858197,54
1,4096662259,1.063419,5860610,28
1,4284056431,0.919621,5863857,40
1,1539002237,0.899761,5867692,48
1,454251619,0.975280,5869997,22
1,2076573463,0.970261,5871382,13
1,61415413,0.891584,5874668,25
1,1947510731,0.922801,5876971,24
1,1923236279,0.877786,5877766,5
1,1612347349,0.882225,5879120,13
1,1549106761,0.934370,5880674,16
1,3075112727,0.949404,5881549,6
1,349032143,0.975280,5883596,23
1,830878747,0.904092,5885365,19
1,2909816167,0.901929,5888186,34
1,2097915301,0.811899,5891209,37
1,1588443061,0.854103,5892009,5
1,3560768513,0.942176,5893489,15
1,1078993933,1.047691,5899399,78
1,2186219969,1.020780,5901157,19
1,2057916979,0.889939,5902658,15
1,2370448259,1.035503,5903722,9
1,1055013109,1.012133,5904582,6
1,1448227049,1.063419,5906975,28
1,2709711229,1.033615,5907700,4
1,73128221,1.012616,5908479,5
1,4213588997,0.911622,5911933,43
1,260901593,0.969758,5914250,27
1,3355633727,0.832095,5916304,23
1,1510624249,0.970764,5917020,4
1,1914440393,0.988706,5917870,6
1,1518327541,0.835609,5918892,8
1,3240328283,0.975280,5919759,6
1,194668609,1.040677,5920884,10
1,243050387,0.994614,5922300,14
1,2152549123,1.029829,5927349,60
1,3042467969,1.040677,5928565,11
1,2781971039,0.935414,5929625,6
1,125944487,0.829745,5930552,7
1,3896602387,1.031250,5936587,80
1,671159077,0.994614,5937636,9
1,2259068657,1.019344,5939189,16
1,1616227861,0.963190,5940051,6
1,675305879,0.988706,5942151,24
1,1997757439,0.946313,5944567,28
1,3286052897,0.952484,5947242,32
1,3806964199,0.942176,5948175,7
1,430244047,0.862070,5949865,18
1,581941111,0.954533,5951156,12
1,82003583,0.928078,5954266,38
1,187866347,0.975280,5954987,4
1,3575148701,0.882778,5955572,2
1,1243051619,0.846062,5957759,25
1,2299452263,1.005357,5961695,50
1,2527391759,0.823246,5963056,13
1,825172499,0.918559,5964191,10
1,4211735903,0.893772,5964859,3
1,3059268427,0.950945,5965723,6
1,2585089229,1.039268,5973045,94
1,1382207053,1.031250,5973573,1
1,121992127,0.980772,5976521,22
1,1648478369,1.005357,5977481,5
1,1974876313,1.039738,5981078,44
1,446350829,0.927551,5982810,18
1,3388377647,1.022214,5983882,9
1,910052791,0.933847,5985378,15
1,1562585429,0.991172,5986860,15
1,1551465763,1.020302,5987383,1
1,75144691,0.932277,5989033,17
1,1916100737,1.018386,5990307,12
1,4248683203,0.827388,5991946,17
1,722424113,0.960652,5992445,1
1,1192715389,1.025076,5992959,1
1,1578325501,0.948889,5994327,13
1,2899161767,1.058356,6000092,76
1,3990756193,0.950945,6001019,7
1,4069930427,1.004871,6005658,60
1,1148077633,0.975280,6006160,1
1,4225282231,1.050483,6008222,23
1,1391228591,1.046758,6012578,56
1,2109260341,1.048157,6013788,11
1,1932913517,1.013098,6015288,15
1,719071547,0.948374,6015935,3
1,1692289303,0.971267,6017212,12
1,757361639,0.955044,6018974,19
1,2579985703,0.965215,6023069,52
1,605144269,0.866589,6027267,47
1,3838057739,1.000488,6027882,2
1,561500029,1.061581,6028406,1
1,1557732877,0.848942,6029680,12
1,2714819747,0.899761,6030815,10
1,2096862527,0.884436,6032237,11
1,3002009999,0.880563,6032837,2
1,2503840187,1.144365,6033841,8
1,2537543339,1.043488,6036407,30
1,1131564191,1.025076,6038325,21
1,3903091603,0.988706,6038906,2
1,2449111909,1.012616,6040543,17
1,379595647,0.878342,6041050,1
1,899042939,0.964709,6042118,9
1,3560604871,0.934370,6042975,6
1,2352193897,0.949404,6046490,44
1,1968199067,1.031250,6048741,26
1,325309141,0.970764,6049525,5
1,4143321541,0.982762,6050664,10
1,1591257281,1.007782,6051172,1
1,2973053137,1.029829,6055807,60
1,3483241529,0.864897,6056524,4
1,1157061979,0.977281,6057180,3
1,3989978513,1.027455,6058258,9
1,342168647,1.018386,6060097,20
1,54005051,0.970261,6063393,41
1,3984925129,0.907865,6065083,18
1,1300479251,0.974780,6066082,8
1,3851245207,0.952484,6066735,3
1,3357846197,0.893772,6068426,18
1,1779808601,0.963190,6072856,57
1,3977226727,0.993141,6074022,6
1,1974499403,0.962175,6076447,28
1,2539302547,0.899761,6077997,2
1,1283401963,0.861503,6081099,34
1,1668213187,0.938541,6081832,4
1,3214807747,0.818488,6083044,11
1,2880149093,1.040677,6083561,1
1,2868885281,1.044423,6085274,18
1,3961947841,0.857526,6085995,4
1,47790163,1.021258,6088866,35
1,1190427461,0.991172,6089588,4
1,1830487471,0.910550,6090385,5
1,2957929103,0.970764,6092173,19
1,27511199,0.960652,6093023,6
1,364658323,1.105296,6093879,6
1,1854801041,1.012133,6097797,50
1,2587571351,1.050483,6099712,21
1,178317031,0.836193,6103436,47
1,1049159977,0.864332,6104498,9
1,4169083879,0.963190,6106979,29
1,2697239833,0.993141,6107627,3
1,95190331,1.052341,6108553,7
1,385448737,0.888292,6109125,2
1,173802437,0.950945,6109758,3
1,1204589887,1.013098,6113294,44
1,4122205207,0.979277,6116463,39
1,1984178711,0.981270,6117597,10
1,4020583513,1.068458,6118736,10
1,3281272237,0.994123,6120226,13
1,3918546859,1.020302,6121395,10
1,1529707901,1.114973,6122055,3
1,1272288307,0.893225,6122773,4
1,687548401,0.947859,6123289,1
1,191712739,0.745429,6124504,11
1,2166867049,0.938541,6128438,50
1,2618380967,1.055584,6130714,23
1,780276359,1.004871,6131366,3
1,3872311823,0.852959,6132855,15
1,700712657,0.922801,6134523,15
1,4294870397,0.919621,6135484,7
1,3117733397,1.047691,6136486,8
1,246018497,1.063419,6137340,6
1,1151190511,1.093303,6142628,69
1,1468808989,0.923330,6149280,89
1,271213303,0.995105,6150277,8
1,1597798207,0.944764,6151990,18
1,3757449229,1.028405,6154530,30
1,2495917993,1.025076,6155595,9
1,3832493963,0.886090,6156180,2
1,456643697,1.015985,6156968,5
1,388972553,1.044891,6158167,11
1,3192714727,1.027930,6159181,8
1,1954816811,0.886641,6160806,17
1,3050314051,1.020302,6162007,11
1,1948758349,1.020302,6162656,3
1,3919783051,0.889939,6164277,17
1,59295557,0.895409,6164984,4
1,3889607453,0.928078,6166908,21
1,595005283,0.880563,6169169,26
1,2583273367,1.055121,6172003,34
1,3977320427,0.960652,6173910,21
1,4124160851,1.006813,6174641,4
1,2308839187,0.860369,6176396,14
1,874325989,1.129764,6177623,11
1,156448307,0.986728,6181309,31
1,1210745791,0.864897,6184543,36
1,3458247697,0.934370,6186539,22
1,1342016483,0.889391,6191477,64
1,4004238757,1.015985,6194749,40
1,2564665861,1.037387,6196734,22
1,517077931,0.952484,6197324,2
1,973984373,1.061581,6198111,5
1,45844993,0.952484,6200064,22
1,3155656157,1.052341,6201425,13
1,2915839187,0.882225,6202423,8
1,774739447,0.970261,6207330,64
1,2327766491,1.087482,6208199,6
1,299535259,1.027455,6209061,6
1,1787314603,0.938541,6210339,12
1,4152236113,1.014061,6212468,24
1,1868677,0.973777,6213015,2
1,646608419,0.983258,6214293,12
1,186538357,1.000488,6214936,3
1,4202376287,0.983258,6216499,16
1,2135863981,1.018386,6218688,25
1,3871761811,0.895954,6219346,3
1,2360556643,0.932277,6220415,9
1,1333059523,0.975280,6223308,35
1,359505541,1.062040,6226985,46
1,74292913,0.974780,6228340,13
1,3548521303,1.111464,6229759,14
1,1301530649,0.944247,6230666,5
1,2406419563,0.953509,6231279,2
1,256334203,0.827388,6232148,6
1,3862428991,0.911622,6237463,64
1,290570297,1.031250,6238123,3
1,1451155759,1.129764,6238849,4
1,3531486983,0.961160,6241045,23
1,3259178617,0.922801,6243519,29
1,916096619,0.962175,6244940,14
1,1648502953,0.955044,6248382,43
1,933527449,0.938541,6252665,55
1,1800489637,0.997556,6253591,7
1,1429267303,0.944247,6255567,22
1,4276558387,0.942176,6256989,14
1,2797509797,0.877229,6262195,68
1,2381766973,0.982762,6263421,11
1,3430810763,1.015985,6263999,2
1,2958790711,1.012133,6266333,27
1,3437379469,0.928604,6267753,14
1,525178123,1.007782,6268476,4
1,2959446629,1.063419,6270597,24
1,3877999,1.098205,6271080,1
1,3190618303,0.984747,6271888,5
1,4167356801,1.012133,6273020,10
1,1906414201,0.970764,6274988,22
1,4038799403,0.988706,6279421,53
1,3502795477,0.953509,6283273,35
1,3738656837,1.039738,6284792,13
1,2767832521,0.938021,6285418,1
1,3513362353,0.955044,6287537,24
1,1253443777,1.062959,6289098,16
1,3837447661,0.925443,6289826,4
1,180893483,0.924387,6291666,20
1,1642030759,1.020780,6294202,30
1,1694765483,0.974780,6294918,4
1,1185733877,0.888841,6295507,2
1,4046673857,0.854103,6303568,109
1,1465968767,0.872205,6307535,50
1,1441226581,0.844329,6309325,19
1,2688311467,0.906250,6310394,9
1,1006397881,0.997556,6310907,1
1,3459621749,0.904092,6314034,38
1,1394204563,0.791187,6315731,18
1,685256279,1.012133,6316239,1
1,4045665733,1.116723,6319818,45
1,3100543051,0.949404,6326622,91
1,2109552097,0.957597,6328045,14
1,4122988439,0.903011,6332753,61
1,4282954003,1.004871,6333474,4
1,3932607499,0.931753,6335449,16
1,2742338101,0.985738,6336352,6
1,618444149,1.031250,6341621,67
1,946003771,1.063419,6342149,1
1,1048968743,0.970764,6342665,1
1,3552020099,0.932277,6343874,11
1,1939766977,1.012616,6344529,3
1,1860462199,1.012616,6346723,25
1,2109135433,0.880563,6347865,10
1,3369123623,0.911622,6349422,16
1,637268329,1.031250,6352535,38
1,4003998851,1.040677,6353598,9
1,3124070023,0.891584,6355020,14
1,734430721,1.047691,6357142,24
1,3757082207,0.903552,6359353,25
1,1268146199,0.953509,6360278,7
1,3747199933,0.889939,6361435,10
1,434257091,1.007782,6362218,5
1,490244311,0.952484,6363210,8
1,525320233,0.919621,6363780,2
1,323688581,1.007782,6364356,2
1,2649280169,0.961160,6364936,2
1,2545996703,1.008751,6365521,2
1,214060879,0.952484,6370033,58
1,2184947893,1.004871,6370890,6
1,1998670391,0.878342,6372103,11
1,699599701,1.018386,6377730,74
1,3229650377,0.899761,6378437,4
1,4208660107,1.061581,6379308,6
1,1385260027,0.950945,6380169,6
1,54344887,0.964709,6381070,2
1,3975904837,0.962175,6382516,14
1,3509684041,0.924387,6386363,33
1,923487637,0.993141,6387839,12
1,2030394409,1.057894,6391480,46
1,1868514959,1.002925,6394649,39
1,24139109,1.017906,6396880,26
1,1540336003,0.975280,6397603,4
1,3288326389,1.020780,6399654,23
1,3170533469,0.903011,6402051,28
1,4026695921,0.854103,6403458,14
1,1987868501,1.174684,6404751,12
1,467669767,1.033615,6410125,71
1,1054366073,1.005357,6411635,15
1,815699557,0.964709,6413401,19
1,353964859,0.988706,6413974,2
1,281762177,1.080726,6415655,18
1,3717050797,1.073018,6419023,42
1,3472448293,0.901929,6422469,43
1,235706389,0.991172,6425684,40
1,1960976893,0.957597,6426621,7
1,3858699521,0.950945,6427428,5
1,985240507,1.129764,6427941,1
1,1824515347,0.955044,6430206,26
1,2225447017,1.052341,6435040,63
1,1231405411,0.946829,6436162,6
1,2225538643,0.873324,6436676,1
1,569571263,1.042552,6437196,1
1,170815919,0.954533,6441280,50
1,1492028393,1.070284,6443764,29
1,1437604769,0.969758,6444271,1
1,2282637953,0.918559,6445766,15
1,2100556481,1.020302,6449479,47
1,3906589073,1.005357,6450275,5
1,1656742117,0.938541,6451842,16
1,3642994567,1.061581,6452363,1
1,798505133,0.938541,6453581,11
1,1134773141,0.982762,6455899,27
1,45861689,1.033615,6457238,13
1,2776050493,0.868840,6459077,20
1,234752029,1.044891,6461183,24
1,1887674189,0.861503,6464564,42
1,3873803743,1.002925,6466962,28
1,3234557449,0.988212,6468162,11
1,3953055521,0.885539,6469109,7
1,638881681,0.995105,6469678,2
1,763742363,0.988212,6470463,5
1,373861967,1.067086,6471949,15
1,1062792167,0.938541,6473024,9
1,2074163123,1.020302,6475852,34
1,3056945509,0.985738,6476430,2
1,4096284847,0.914830,6480482,50
1,4292622977,0.862070,6482078,16
1,4023280621,1.091516,6483372,7
1,3865004051,0.893772,6491721,97
1,31459709,0.968750,6493178,12
1,1295785567,1.010685,6494333,10
1,93226829,0.761629,6496297,22
1,2753022719,1.098205,6500169,49
1,3172402097,0.913227,6501532,13
1,4255519979,1.095534,6502257,4
1,1458795379,0.911086,6502785,1
1,2475558781,0.776863,6503303,1
1,1398514753,0.946829,6509221,78
1,3683846057,0.888841,6509731,1
1,152369627,1.127168,6510312,2
1,732139963,1.025076,6512987,32
1,4100115073,0.984747,6514480,15
1,2473718497,0.991172,6516534,23
1,4192063301,1.029829,6518729,25
1,4047388621,0.948889,6522246,44
1,4268881801,0.897588,6522836,2
1,1670687,1.056047,6525909,38
1,3721813483,1.017906,6527495,16
1,3899605427,0.977281,6537179,132
1,231318589,1.029829,6540457,35
1,3095358737,0.970764,6546093,71
1,3549801791,0.954533,6548158,23
1,53930381,1.033615,6551865,47
1,2226047081,0.957597,6558646,91
1,2384776937,0.938541,6560414,19
1,3346614433,0.872205,6562105,18
1,2977186853,0.977281,6563444,13
1,4045390577,0.899761,6564719,12
1,1179235037,0.977281,6568850,53
1,535430851,1.015985,6569842,8
1,2825543423,1.020780,6572681,34
1,153471281,0.877786,6573661,8
1,1069567907,1.012133,6575216,16
1,4025401363,0.978779,6576079,6
1,1713177409,0.964709,6576786,4
1,2236076569,1.012616,6578137,13
1,908293829,1.048157,6580873,33
1,1500480931,0.955044,6582220,13
1,329135449,0.954533,6585176,36
1,3227790673,0.889939,6587271,19
1,2269926151,0.982762,6589748,16
1,609143963,0.964203,6590942,7
1,4291848251,0.889939,6594874,46
1,18537341,0.981270,6595732,6
1,2933944183,1.010685,6596252,1
1,4113993067,1.054659,6600126,49
1,37112447,0.899761,6601184,9
1,96664151,1.064337,6603231,23
1,1405020031,0.994614,6605386,24
1,2433453301,0.913227,6606388,8
1,1662494297,1.061581,6607984,16
1,705147941,0.975280,6609059,9
1,2607738431,0.935414,6610148,9
1,492182387,0.982762,6617860,104
1,636900421,0.919621,6620978,37
1,2171947493,1.024123,6628727,104
1,2030510557,0.963190,6629314,2
1,1721181181,0.884436,6630324,8
1,2865586499,0.878342,6632100,19
1,1678974949,0.889939,6633383,12
1,2877284957,0.984747,6634252,6
1,2356883611,0.870524,6636802,30
1,995434261,0.985738,6637319,1
1,3605956007,0.848942,6638670,13
1,2376561301,1.007782,6639461,5
1,457510621,1.090621,6640176,4
1,2946002119,1.053732,6641880,18
1,1270840673,1.062959,6642685,5
1,583336471,0.999023,6643618,7
1,2398757261,1.020780,6644887,7
1,2025882751,1.031250,6645691,5
1,2367492077,1.061581,6646275,2
1,271236359,0.965215,6647688,14
1,105205553,0.957087,6649163,15
1,431259271,0.982762,6650210,6
1,1037981569,0.914830,6652763,30
1,2422266881,0.894318,6656476,47
1,413713897,1.093303,6657885,14
1,3512062679,0.978779,6660002,24
1,3275501059,1.039738,6660509,1
1,4120775447,1.005357,6663044,30
1,374683721,0.954533,6663751,4
1,3947392789,1.002925,6664820,9
1,747148879,1.016466,6665741,7
1,4006794377,0.876673,6666253,1
1,1170334387,0.997556,6666979,4
1,1017020531,0.973777,6667841,6
1,1342584193,0.988706,6670293,29
1,4149689251,0.920152,6671377,9
1,220040771,0.978779,6672308,7
1,1525300319,0.902471,6672826,1
1,61526447,0.916963,6673890,9
1,3896600297,1.029829,6674744,6
1,1495854419,0.887192,6675812,9
1,986336563,1.039268,6677657,20
1,913005683,0.955044,6679006,13
1,3624612001,1.063419,6681051,23
1,3479900581,0.914830,6683650,31
1,4155812527,0.888841,6687452,48
1,3942427807,1.086584,6688367,3
1,3865479179,1.037387,6689595,11
1,4036119749,1.020302,6693659,39
1,1605473633,1.012133,6694531,4
1,1448157811,0.953509,6697759,40
1,28937471,1.002438,6700497,33
1,1613768683,0.895409,6702535,23
1,365373419,0.924387,6704534,21
1,1235961253,1.040677,6708890,52
1,393174059,0.962683,6710404,15
1,2968074691,1.025552,6713938,44
1,3055392397,0.935414,6715006,9
1,223089467,1.106621,6720275,69
1,3083929789,0.978779,6722748,29
1,2768085907,0.994123,6725643,35
1,2573777749,0.871085,6726921,12
1,340847183,1.033615,6729817,35
1,927871207,0.932277,6731377,14
1,1713853781,0.911086,6733252,20
1,2817378719,0.902471,6733850,2
1,52443229,0.906789,6734616,5
1,562624633,1.032197,6736251,17
1,3911893123,0.987223,6737823,16
1,1898799113,0.947859,6738401,2
1,2142775469,0.995105,6739486,9
1,107446673,1.016466,6742909,43
1,3985612949,0.964709,6744349,14
1,3159554119,1.148198,6745072,4
1,706945553,0.935414,6746406,13
1,4200987209,1.013098,6748880,29
1,3887930341,0.993141,6754021,67
1,3158377399,0.938541,6755017,8
1,548302031,1.054659,6755804,5
1,2022982267,0.946829,6757413,12
1,526182953,0.986728,6758769,13
1,2955139951,0.985738,6759292,1
1,4046222189,1.115848,6760433,10
1,2863782191,0.899761,6763994,42
1,1991180957,1.027455,6765148,10
1,3573926141,0.927551,6765731,2
1,145543381,1.033615,6766226,1
1,4108363439,0.991172,6766741,1
1,4114507961,0.981270,6769697,36
1,1996955503,1.068458,6771416,18
1,1281952151,0.997556,6772967,16
1,1411930889,0.977281,6775370,28
1,2099216177,0.789333,6777491,24
1,1211909203,0.889939,6779595,24
1,1751611249,0.938541,6782128,30
1,1315684897,0.981270,6786486,56
1,1166943649,1.029354,6787198,4
1,1164669487,0.886090,6787858,3
1,4025611787,0.950945,6788519,3
1,3796151231,0.991172,6791717,35
1,1706415043,1.005357,6792817,9
1,1484114713,0.946313,6793404,2
1,4226757757,0.862070,6795237,3
1,3593754553,0.796722,6798742,43
1,3708024739,0.878342,6799258,1
1,2885395577,1.025552,6800132,6
1,743667989,0.958616,6801697,16
1,916193627,1.005842,6809402,104
1,4047864923,1.048157,6810258,6
1,3724438547,0.885539,6812042,19
1,179351593,0.885539,6813089,9
1,2625052139,1.025076,6815909,34
1,1557967937,0.838525,6817754,20
1,380542511,0.908403,6821554,48
1,3160091659,1.055121,6822273,4
1,133287971,0.936979,6823264,8
1,3407373887,0.875558,6827139,49
1,2102984551,0.955044,6829276,24
1,832504747,0.962175,6831349,23
1,29281643,1.097761,6832404,9
1,1010571049,1.095534,6832909,1
1,1321821119,1.061581,6833647,4
1,2162733689,0.970261,6834221,2
1,4203655427,0.988706,6835427,11
1,2184122197,0.942176,6841187,76
1,2951491877,0.897588,6842965,19
1,1111329799,0.935414,6843545,2
1,1618943993,0.985243,6844063,1
1,3664215913,0.897044,6846496,22
1,4223771171,1.040677,6847811,12
1,1357049479,1.057433,6852667,61
1,2878098107,0.855246,6854862,25
1,1947644987,1.090621,6855512,3
1,1120187083,0.988706,6856305,5
1,1027747027,0.922801,6858646,27
1,1286603497,0.955044,6862291,46
1,2964522643,1.073928,6863075,5
1,3108928321,0.895409,6863724,3
1,1300629457,0.938541,6866243,30
1,116823103,1.000488,6868303,23
1,3509523557,1.083884,6869853,16
1,1759658471,0.969758,6872248,28
1,789001133,1.063419,6872896,3
1,125121569,0.977281,6878782,78
1,18250403,1.005842,6880612,20
1,1393786283,0.910550,6881685,9
1,2152769251,0.938541,6883658,22
1,4167561823,0.897588,6885153,15
1,1876894321,0.918559,6888447,41
1,2347971841,1.050483,6889449,8
1,1826484239,1.079822,6890244,5
1,476873557,1.046758,6891024,5
1,13879483,0.961160,6895840,59
1,3861665671,0.873324,6898928,23
1,3876569897,0.991172,6901618,32
1,1749002881,0.821465,6902195,2
1,1064819839,0.952484,6902866,3
1,3387928207,1.034559,6903594,4
1,2857063723,0.888841,6904175,2
1,3293930501,0.969254,6906006,20
1,2311788247,1.104854,6907004,8
1,650037457,1.012133,6907997,8
1,2517629951,1.140946,6913142,67
1,2905427039,0.886641,6913935,5
1,3989942599,0.832682,6915702,19
1,312954907,1.012616,6918150,29
1,841430101,0.981270,6920123,22
1,370372579,1.054659,6921606,15
1,3137631359,0.796722,6923112,15
1,2375448401,0.987223,6924109,8
1,72418417,0.997066,6926344,26
1,866009849,0.918559,6927977,17
1,3826387501,0.973777,6932186,54
1,3699592879,1.043488,6932916,4
1,862951027,1.033615,6936310,42
1,4160901053,1.137517,6939264,36
1,586860983,1.035503,6942722,43
1,4212687181,0.944247,6945178,29
1,3796848673,0.957597,6946520,13
1,554845639,0.942176,6948318,15
1,2963407019,0.862070,6950220,21
1,6997021,1.058356,6950770,2
1,3507157421,0.982762,6953645,32
1,1943351273,0.980772,6956484,34
1,1257032503,0.987223,6958685,25
1,3181436431,0.941657,6960748,23
1,4134154303,0.961160,6964357,45
1,834752657,0.974780,6965686,13
1,597637549,1.055121,6966694,8
1,603659087,0.868840,6968682,22
1,2573370269,0.944764,6969608,7
1,835228439,0.988706,6972932,41
1,268284011,0.920152,6973727,5
1,1825702297,0.946313,6974578,6
1,1012509187,0.997066,6975299,4
1,794578711,0.854103,6977856,30
1,434113811,1.012616,6978858,8
1,155047007,0.913227,6982344,42
1,1763092193,1.031250,6982949,2
1,40181821,0.988706,6986644,47
1,2227636759,1.068458,6989268,31
1,2990094179,0.993141,6991537,26
1,1230336931,0.895409,6992745,11
1,3528661963,0.897044,6993467,4
1,414750823,0.927551,6994039,2
1,98364443,0.907327,6995297,7
1,1564322891,0.910014,6996879,16
1,1366338859,1.031250,6998084,11
1,1714910369,1.010202,7000218,10
1,2302392919,1.156250,7006099,70
1,3813641473,0.872205,7007476,13
1,3152852309,1.073928,7009258,19
1,3717495713,0.997556,7010547,12
1,3716073839,0.884436,7011210,3
1,2357317499,0.993141,7012357,10
1,2467307747,0.981270,7013703,13
1,494103179,1.018386,7014489,5
1,29358247,1.005842,7015476,8
1,138120559,0.942176,7025547,138
1,3665521921,0.984251,7029390,48
1,2267254987,1.044891,7031156,19
1,1038635671,0.920152,7032507,13
1,1679431051,0.963190,7033220,4
1,1176365321,1.035503,7033797,2
1,3299524901,0.920152,7034308,1
1,1448220427,0.988212,7036366,23
1,3537200951,0.898132,7040090,47
1,200204629,0.962175,7041368,12
1,3589765139,1.086134,7042242,6
1,3398990477,0.868840,7043447,11
1,1037513881,0.920152,7050180,90
1,1843667537,1.027455,7050899,4
1,3462782933,0.925443,7052894,22
1,86147549,1.027930,7053604,4
1,226877369,1.063419,7055414,15
1,1522073821,1.058356,7058037,31
1,2364505009,0.973777,7058693,3
1,2204355761,0.983258,7059349,3
1,1012671067,0.920152,7062153,31
1,2656919119,1.020302,7063875,18
1,1846902539,0.844329,7066131,26
1,640062649,0.982762,7067190,9
1,170044367,0.886090,7068476,12
1,2373456083,0.895954,7069052,2
1,2264784083,0.974780,7070059,8
1,3838083629,0.997066,7070632,2
1,998421199,0.946313,7071491,6
1,833585593,0.997556,7072065,2
1,2967790003,1.039268,7083189,153
1,391656827,1.010685,7084052,6
1,3344068681,0.946313,7086640,31
1,3568279859,0.910550,7087779,10
1,2379124633,0.850092,7092274,58
1,3196639793,0.982762,7093208,7
1,473649437,0.897588,7098202,61
1,4215876221,0.962175,7099221,8
1,3901721843,0.973777,7106216,75
1,1943593097,1.031250,7107690,12
1,3201136007,1.061581,7108910,11
1,2862791227,0.997556,7111183,26
1,1071650809,0.938541,7113808,31
1,3446224039,1.055584,7114529,4
1,592002707,1.067086,7115455,7
1,458093201,1.064337,7118410,36
1,2425016831,0.882225,7120994,28
1,1893520987,0.964709,7121746,4
1,494416771,0.891584,7123239,15
1,4009395473,1.036445,7123820,2
1,66007727,0.915897,7125018,11
1,673642367,1.000488,7128679,46
1,3233655823,0.931753,7130582,21
1,71845849,0.910550,7131145,2
1,4151233087,0.950945,7131738,2
1,2787178619,0.902471,7135533,48
1,2293309079,0.934370,7137155,17
1,611826713,1.024123,7139834,32
1,2069521429,0.898132,7142597,33
1,1076495591,0.869402,7148963,85
1,1011637619,0.913227,7150587,17
1,2173560161,1.046758,7152863,26
1,1833221671,0.907327,7154504,11
1,2672826833,1.078012,7155174,3
1,2111601353,0.866589,7156886,18
1,3437963383,0.994123,7158236,13
1,3552806893,0.914830,7162434,51
1,2207373691,0.938021,7169337,92
1,1585943993,1.037387,7170555,11
1,4007674991,0.962175,7172043,15
1,2319323603,0.962175,7172552,1
1,2010436291,0.805256,7174191,17
1,2292531191,1.073928,7175491,12
1,3829946111,0.984747,7178180,32
1,4018036433,1.046758,7180316,24
1,4137660599,0.965215,7182160,20
1,212073247,0.954533,7183517,13
1,3079536743,0.986233,7186263,33
1,3019291859,1.033615,7187070,5
1,2046897551,0.982762,7187579,1
1,1613341859,0.963190,7188082,1
1,1407962659,1.014061,7188807,4
1,274862501,1.020780,7192232,43
1,1498834787,0.936979,7192747,1
1,1082544061,1.022214,7193463,4
1,3917590337,0.970261,7195499,23
1,311116189,1.013098,7196840,13
1,3093297121,0.938541,7198472,17
1,4009959043,1.036916,7199122,3
1,1277390143,1.068458,7200206,5
1,650955563,0.887192,7205116,49
1,433923883,0.853531,7206971,16
1,3149768623,1.028405,7208140,10
1,2749941881,0.861503,7208789,3
1,3055157491,0.994123,7209858,9
1,3532387051,0.919621,7210583,4
1,907395257,1.083884,7214378,48
1,780256969,0.997556,7214878,1
1,200132459,0.928078,7215396,1
1,1863336919,0.972272,7217926,30
1,1286857493,0.934370,7220055,24
1,3093754907,1.015985,7224352,55
1,4153409041,0.832682,7224939,2
1,186188501,1.050483,7225713,5
1,2039734673,1.052341,7227562,20
1,2420619611,1.012616,7229889,27
1,1002682843,0.938541,7230972,8
1,631650133,0.950945,7233759,33
1,2504000269,0.994123,7236211,29
1,3371336531,1.061581,7236858,3
1,606670579,1.143084,7238690,20
1,73500041,1.016946,7239955,12
1,1495060717,1.012133,7240604,3
1,1418243257,0.835609,7241736,10
1,1254523421,0.968750,7242588,6
1,2895234971,1.024123,7245275,32
1,4080573547,0.910550,7246215,7
1,836609759,1.062959,7246731,1
1,2328636707,1.061120,7249480,33
1,1198636939,0.948889,7251674,25
1,3033891821,1.029354,7253658,22
1,761986549,0.916963,7256524,29
1,2935525207,0.894318,7257739,10
1,3989827313,0.928078,7259456,18
1,3101807719,1.004871,7262131,29
1,262902611,1.005357,7265262,38
1,932675357,0.893772,7266910,17
1,524209453,0.981270,7267784,6
1,1384787449,1.054659,7268432,3
1,1894995299,0.965215,7269370,7
1,3349098199,0.922801,7272468,38
1,1703469637,0.965215,7273458,8
1,1029953447,1.069371,7281169,104
1,2664444973,0.965215,7282528,13
1,101094061,0.927551,7285467,36
1,2397235129,0.984747,7286608,10
1,4144620017,1.022214,7290669,52
1,3346779367,0.991172,7293910,40
1,2283265141,0.961160,7294916,8
1,4096735061,0.844329,7296845,21
1,2799967,1.031250,7298513,18
1,3047988733,0.932277,7300075,16
1,2910637703,0.952484,7300593,1
1,1174441673,0.963190,7301093,1
1,4198598489,0.938541,7303636,26
1,1343767507,0.988706,7307509,33
1,2382043891,0.902471,7308366,3
1,3015699559,0.988706,7308892,1
1,1319124563,1.068458,7312279,42
1,4091054897,0.956066,7313772,15
1,2318472451,1.098205,7317205,43
1,364175111,1.039738,7317785,2
1,3853331533,0.962175,7320886,38
1,3904773487,0.975280,7322385,15
1,1672821103,0.970261,7326043,46
1,1357074973,1.055121,7327175,10
1,2123429887,0.988706,7327778,2
1,4240578049,1.048157,7332559,62
1,1900045753,0.960652,7333483,7
1,3696265207,0.958616,7334489,8
1,1206008273,1.012616,7335066,2
1,3851859241,0.902471,7337328,25
1,3225026611,0.970764,7338197,6
1,871988653,0.906789,7344382,82
1,292002079,1.025552,7346490,24
1,2187615949,0.994123,7347208,4
1,607830151,0.872765,7349386,25
1,4232634079,0.978779,7349981,2
1,3118788229,0.919621,7350503,1
1,3060879659,0.975280,7351710,11
1,653325259,0.970764,7352300,2
1,3591720371,1.037387,7357135,63
1,1599885289,1.004871,7360820,42
1,900583751,0.913227,7361367,1
1,1943129527,0.903011,7362935,16
1,3880066079,0.965215,7364530,14
1,2176040309,0.965215,7365970,14
1,1477659149,0.920152,7367600,17
1,2920576943,0.952484,7368759,10
1,2082402073,0.904092,7369352,2
1,1911223081,0.860369,7369935,2
1,2266659583,0.993141,7370871,7
1,1841852417,0.895409,7371860,8
1,2046998507,0.981270,7374045,25
1,3429867451,0.910550,7377915,49
1,366402461,1.003899,7379693,19
1,2503240867,0.983258,7383207,44
1,3201766871,0.931753,7384638,14
1,1753022759,0.952484,7385978,13
1,2225212111,0.985738,7388319,27
1,3802000451,0.931753,7389667,13
1,3581726101,0.827388,7393527,49
1,774197573,1.061581,7394029,1
1,3934504381,0.877786,7395455,14
1,3253126861,1.044423,7401844,85
1,2471309299,0.919621,7403765,21
1,3752800111,0.965215,7404430,3
1,3529240831,0.914830,7405399,3
1,1510203187,1.106179,7406412,8
1,2558393549,0.928078,7409111,17
1,2869117399,0.982762,7410154,6
1,3962900239,0.977281,7410884,4
1,3994829159,1.002438,7415881,65
1,210527861,0.807073,7419661,48
1,3566936591,0.988706,7426083,86
1,1157854721,0.944764,7428403,27
1,1879557023,1.029354,7428984,2
1,845197183,0.984747,7434904,78
1,1792049773,0.899761,7437724,34
1,547719979,0.956066,7440115,28
1,3788560397,0.944247,7442856,33
1,300065057,0.839108,7445650,34
1,1699079999,0.893772,7446940,12
1,3396126271,0.950945,7450972,51
1,2272371511,0.991172,7455334,56
1,4221832591,1.138804,7458229,35
1,2079744517,1.148198,7460978,28
1,388132249,0.946313,7461719,4
1,1774509553,1.018386,7462443,4
1,1169063107,0.893772,7465336,32
1,2352830063,0.970261,7466494,10
1,4172461289,0.934370,7470398,49
1,2676515609,0.934370,7471399,8
1,3327593303,1.013098,7472958,16
1,793228889,0.946313,7474245,12
1,1051707467,1.018386,7474826,2
1,705081907,0.952484,7480514,74
1,317573251,1.045825,7481328,5
1,500399239,0.988706,7481838,1
1,446243123,0.996576,7482344,1
1,859321,1.027455,7482894,3
1,1362298607,0.950945,7484177,12
1,3429085109,0.852959,7490025,77
1,2511190519,0.994614,7491400,13
1,1327093121,0.903552,7491904,1
1,66980521,0.993141,7492963,9
1,3550894051,0.930180,7495644,32
1,165948131,0.988706,7496632,8
1,4011506363,0.962683,7502051,71
1,3773847709,0.988706,7505363,41
1,1959824171,1.005357,7509387,46
1,2210407763,0.876115,7513187,32
1,1003647839,1.019823,7514522,10
1,4213649051,0.952484,7516176,15
1,483671017,0.983258,7517614,14
1,3329587439,0.978779,7518827,11
1,4200112999,1.055584,7519419,2
1,2925058589,0.997066,7521122,18
1,4246902707,0.837360,7521639,1
1,62259193,0.985738,7524884,40
1,965059661,0.984747,7526439,16
1,357701077,0.986728,7527150,4
1,2365408013,1.165084,7527661,1
1,3232463813,0.901929,7528452,5
1,2397324803,0.931753,7528958,1
1,3733535581,1.057433,7531290,27
1,3609490103,0.829745,7533823,30
1,1717131239,1.000488,7534557,4
1,2488783307,0.872205,7535986,14
1,3033164369,0.982762,7539298,41
1,409057273,0.916963,7539803,1
1,2955187007,0.927551,7541425,17
1,1082476859,0.928078,7548528,95
1,3371502919,1.006813,7550367,20
1,891860197,0.861503,7553811,43
1,1215766493,0.950945,7554332,1
1,2869301761,0.929655,7555176,6
1,2846280271,0.930180,7558063,35
1,2194251977,1.012616,7560952,35
1,3956272519,0.768648,7561614,3
1,1526333233,0.914830,7563263,17
1,686104469,1.025552,7566240,32
1,2004022991,0.895409,7567974,18
1,2105303677,0.962175,7571935,48
1,636368951,0.927551,7573310,13
1,3115968197,0.970261,7574531,11
1,3077933659,1.005357,7575402,6
1,4045316551,0.952484,7576630,11
1,874404437,0.957597,7577969,13
1,544809541,0.996576,7579955,22
1,2139852653,0.891584,7580892,7
1,1647032027,0.928604,7581476,2
1,3139752001,0.912693,7581975,1
1,1850760133,0.957597,7582492,1
1,1937621317,0.844329,7584695,25
1,2909764973,0.872205,7589421,61
1,3513719551,0.950945,7590366,7
1,3849482449,0.919621,7592914,30
1,3178284737,0.946829,7594198,12
1,2159473753,0.961160,7594713,1
1,2866378547,0.931753,7595377,3
1,1603012693,0.897588,7595953,2
1,3528115687,0.997556,7598290,27
1,3130463191,1.012133,7599370,9
1,3940776179,0.956066,7599965,2
1,4140483799,1.004871,7601671,18
1,2143018883,0.901929,7608413,90
1,1142517469,1.022214,7612459,47
1,740696683,0.991172,7614023,3
1,91362571,0.920152,7616983,32
1,974224123,1.014061,7619044,23
1,2679268099,0.974780,7620583,15
1,3422256949,0.964709,7621546,7
1,2970076423,0.977281,7622964,14
1,201906169,1.012616,7623742,5
1,3811189919,1.064337,7624329,2
1,1947673877,1.026028,7626227,21
1,1087328839,0.889939,7628969,33
1,1632681451,0.942176,7629768,5
1,2934460013,1.014061,7631187,14
1,1405579957,1.063419,7633449,26
1,887110691,1.004871,7639480,80
1,3990267583,0.898675,7641475,22
1,3457938223,1.044423,7644580,38
1,1306114261,0.862070,7646354,19
1,1933256929,0.977780,7647280,7
1,1290005791,0.897588,7648641,13
1,4112309059,1.063419,7651602,36
1,1515366163,0.980274,7653715,24
1,759964631,0.978779,7655970,26
1,3416432477,0.940620,7657049,9
1,4126495873,0.965215,7660279,40
1,560132479,0.938541,7661712,14
1,468597319,0.855246,7663267,16
1,940870471,0.968750,7663845,2
1,2159243173,0.973777,7666524,28
1,704879641,0.906789,7667034,1
1,2552158043,1.057433,7667550,1
1,909052607,0.960652,7671374,46
1,671239523,0.944247,7672094,4
1,248186993,0.860369,7678966,92
1,719986081,1.035503,7680477,15
1,3948912173,0.885539,7681922,14
1,4279884677,1.034559,7685863,50
1,3454015129,0.946313,7688690,34
1,2619105539,1.007782,7690389,18
1,3775060253,1.073018,7691535,10
1,1676699389,1.040677,7693233,18
1,2682993169,1.015985,7693744,1
1,3650223691,0.996576,7695313,16
1,1553090933,0.970764,7697213,21
1,782827069,0.802827,7697937,4
1,54407189,0.991172,7704212,84
1,2436784159,1.098205,7705773,16
1,4001120147,1.004871,7707353,16
1,3120400901,0.940620,7708289,7
1,71062067,0.962683,7708853,2
1,3122358299,0.996576,7709857,8
1,133187081,0.911086,7710487,3
1,2175503731,1.046758,7712485,18
1,393927461,1.061120,7713296,5
1,4285886057,0.994614,7717471,37
1,2903986727,1.100870,7718383,4
1,548833357,0.885539,7719232,6
1,1938655967,1.111464,7723159,50
1,2859625589,1.046758,7724164,8
1,1103212657,0.940620,7725513,13
1,310588879,0.911622,7726991,15
1,2234929681,1.057433,7728274,12
1,2587059701,1.027455,7730198,21
1,926360059,1.005842,7731279,7
1,1641837031,0.996576,7732300,8
1,2788706233,0.895409,7736093,48
1,3030609251,1.056047,7737683,16
1,124160369,0.900304,7740066,28
1,3849819817,0.954533,7742671,31
1,3959919989,1.070284,7743741,9
1,1521402997,1.036916,7747182,43
1,4147771363,1.109705,7752269,66
1,2007589433,0.957597,7758947,89
1,3567832001,0.900304,7759454,1
1,2539970263,1.008267,7759974,1
1,2129309851,0.928078,7760914,7
1,3387974323,1.055121,7762066,10
1,1651591013,0.904092,7763841,19
1,3251694233,0.841432,7764487,3
1,911292517,1.054196,7765346,6
1,1912654091,0.956577,7769736,52
1,1202606851,0.908940,7770761,8
1,856803991,0.901929,7771967,11
1,2165957951,1.012133,7772765,5
1,519915313,0.928078,7773411,3
1,2864085589,1.012616,7774202,5
1,1327664321,0.862070,7775545,13
1,1586138159,0.961160,7776194,3
1,4040745887,0.877786,7777275,9
1,874980781,0.961160,7778289,8
1,2987969297,0.916963,7782290,50
1,2476430599,0.871645,7785524,37
1,1489972511,0.911086,7787586,23
1,1120129529,0.961160,7788791,11
1,3288254951,0.977281,7791209,28
1,3455908591,0.910550,7793475,26
1,3238297079,0.895409,7795331,20
1,238974377,0.978779,7797017,18
1,2162361379,0.944247,7798790,19
1,3215532361,0.885539,7801671,35
1,1452106759,0.902471,7803710,23
1,43175953,1.008267,7805166,15
1,1193529277,1.000488,7805760,2
1,1679677907,1.025552,7807739,22
1,849318451,1.013098,7808741,8
1,1226831413,1.078012,7809675,7
1,2811204017,0.919621,7810401,4
1,2636027749,0.862636,7811195,5
1,2354461523,1.063419,7812131,7
1,633916421,0.973777,7812978,6
1,721237799,0.997556,7815717,28
1,4064095979,1.020780,7821447,61
1,3881647643,1.091516,7822221,2
1,119551273,0.912693,7823902,18
1,31927607,1.033615,7825657,19
1,3346011173,0.846639,7828409,33
1,42641239,1.058356,7829549,10
1,2066259623,1.024123,7832124,30
1,1474768501,0.942176,7835504,42
1,508411693,0.990186,7836850,13
1,1564588723,0.962175,7844372,101
1,1745365093,0.937500,7846289,21
1,2517090209,0.916963,7847078,5
1,1518929641,0.993141,7847652,2
1,842222683,0.934370,7849700,23
1,2109776327,0.946313,7850628,7
1,2758710517,1.069371,7851142,1
1,899874259,0.910550,7852373,11
1,3338863301,0.944764,7853083,4
1,2725635569,0.969254,7854502,14
1,2050429163,0.898675,7855085,2
1,2890833599,0.975280,7856646,16
1,2993194261,0.966732,7858618,22
1,1026553393,0.885539,7859626,8
1,1743932221,1.055121,7862091,29
1,1150766209,1.081178,7863150,9
1,1085369413,1.064337,7863651,1
1,145149857,1.076198,7865549,21
1,2299987967,1.151595,7867601,23
1,105950041,1.042083,7870270,28
1,798832547,0.955044,7871012,4
1,595453267,1.046758,7872298,12
1,1073466857,0.921213,7874856,28
1,401026751,0.953509,7875736,6
1,1676977703,0.919621,7877300,16
1,2341630867,0.954021,7878508,11
1,2061112619,0.978779,7879646,10
1,1134656557,0.880563,7880226,2
1,806144923,0.919621,7881921,18
1,52833793,1.012616,7884994,38
1,1872418027,0.946313,7887195,25
1,917520521,0.818488,7889309,24
1,356761151,0.954533,7889821,1
1,1948301483,1.055121,7891092,12
1,449578159,0.970261,7891941,6
1,3596665859,0.960652,7893279,13
1,1695201653,0.981270,7895415,24
1,1148993771,0.957597,7900392,65
1,3936654367,1.097761,7901460,9
1,215777473,0.997556,7903618,25
1,4173299297,0.919621,7905120,15
1,22137539,0.964709,7905886,5
1,2625346313,0.978779,7906402,1
1,2751212837,1.037387,7906913,1
1,1385800907,0.889391,7908055,10
1,1318046603,0.927551,7909614,16
1,1097383883,0.895409,7910196,2
1,1603807199,1.047691,7913378,39
1,4000045979,0.920682,7914467,9
1,1183664639,1.025552,7915539,9
1,4174598821,0.935414,7918946,38
1,2865316007,0.952484,7920754,7
1,1252199891,0.854103,7922597,16
1,1105346699,0.908940,7924101,15
1,1775195951,1.055121,7926154,23
1,4028306899,1.027455,7926732,2
1,3790498319,1.024123,7928313,16
1,2692752217,0.983258,7929018,4
1,1901170717,1.029354,7930500,15
1,2687025589,0.810695,7935255,62
1,2248643851,1.025076,7937228,22
1,2498899771,0.997066,7938925,18
1,990290867,0.864332,7939860,7
1,873365183,0.936979,7942115,26
1,2627935901,0.903011,7942836,4
1,241399981,0.944764,7947454,60
1,4176847253,0.877786,7948595,10
1,3587955373,0.908940,7949115,1
1,3538786313,0.983258,7952057,36
1,474382463,0.942176,7954798,33
1,4206408671,0.864897,7958058,40
1,2610767063,1.015985,7958710,3
1,1742608513,0.765466,7959212,1
1,2082842519,0.955044,7961215,22
1,2728206911,1.027930,7962629,14
1,247228313,1.013098,7963761,10
1,613479413,0.978779,7964268,1
1,1192265563,1.029829,7965759,15
1,573742999,1.055584,7969620,49
1,1744745909,1.000488,7971270,17
1,136648903,0.928078,7973164,18
1,2281360379,0.962683,7975162,22
1,2992146041,0.878342,7975747,2
1,3377836507,1.027930,7980090,53
1,773402431,1.055584,7982792,32
1,320147089,0.950945,7983589,5
1,1552796639,0.889391,7985784,25
1,2832934883,0.936979,7986925,10
1,4259275817,0.935414,7987720,5
1,986474431,0.957597,7989700,22
1,3675868913,0.922801,7990359,3
1,3430191607,0.962683,7991153,5
1,1145689943,0.935414,7993695,30
1,2713057049,1.004871,7995542,20
1,3602443513,1.061581,7996346,5
1,2869539653,0.899761,7997143,5
1,175832161,0.903011,8000865,47
1,1563154297,0.925971,8002150,12
1,738663307,0.978779,8003488,13
1,819636229,0.895409,8004546,9
1,513510971,1.000488,8006456,21
1,2781935719,0.914830,8007179,4
1,2260015333,0.895954,8008736,16
1,3658480933,0.994614,8009252,1
1,1925373067,1.024123,8011038,19
1,327445399,0.957597,8012935,21
1,2106618817,0.969254,8013801,6
1,4214148233,0.938541,8015008,11
1,2426199989,0.931753,8016501,15
1,2839149283,1.012133,8018346,20
1,2538316097,1.023646,8019458,5
1,2093336771,1.127168,8022588,38
1,580071449,0.952484,8023504,7
1,867017927,0.906789,8027204,34
1,414283447,0.867152,8027978,1
1,1911795373,1.090621,8030196,20
1,2788594877,0.955044,8031003,5
1,1555546607,0.993141,8032566,16
1,352658773,1.020302,8033690,10
1,3344911189,0.973777,8034699,8
1,3658536437,0.977281,8035358,3
1,3095438837,0.903011,8036422,9
1,3235354273,1.012616,8038396,22
1,1034741303,1.000488,8039902,15
1,2401672879,1.069371,8040636,4
1,2512789,0.920682,8043850,40
1,797379691,0.940101,8054127,141
1,2738632327,1.007782,8054996,6
1,1920291787,0.935414,8062714,104
1,2050815017,0.950945,8064693,22
1,2198441137,0.870524,8066869,25
1,1076925253,1.046758,8068204,13
1,1196878327,1.015985,8069144,7
1,329399267,0.954533,8071190,23
1,662198539,0.956066,8072051,6
1,3900897797,0.880563,8073398,13
1,472221301,1.004871,8076621,40
1,1558030361,0.952484,8077346,4
1,243812977,0.985738,8081706,45
1,2064849079,0.942176,8082588,5
1,3136334557,1.027455,8084776,25
1,991740199,0.995105,8085496,4
1,1591739713,0.963190,8089296,46
1,618505501,0.843750,8091497,25
1,628971677,1.053732,8092913,14
1,2085483887,0.960652,8096581,46
1,2658497123,1.055584,8098000,14
1,2358150103,1.055121,8099233,11
1,440692361,0.888841,8099731,1
1,363889927,1.136229,8100647,7
1,953955643,0.950945,8101158,1
1,839120449,0.950945,8107114,79
1,3337982831,1.020302,8108466,13
1,2751180643,0.977281,8110945,29
1,2806800823,0.930180,8112014,9
1,2129179193,0.872205,8113854,20
1,2739077933,1.050483,8114427,2
1,1336442773,1.012133,8118228,48
1,3966934841,0.907327,8126271,86
1,2878481777,1.077559,8127125,3
1,2664122941,0.862070,8132449,70
1,3466117747,0.923859,8133100,3
1,1718485649,0.884436,8140323,97
1,3737867513,0.910550,8140840,1
1,3477058553,0.891584,8141371,1
1,2638415597,0.924387,8142089,4
1,4148489021,1.025552,8142956,6
1,883051387,0.950945,8150929,107
1,3683698327,0.935414,8154113,39
1,907626767,0.969758,8155521,14
1,1769530943,1.087033,8157011,15
1,3453252937,0.980274,8157661,3
1,1056965111,0.928078,8161395,47
1,1579145143,0.988706,8163033,17
1,96631153,0.991172,8164015,8
1,1144339081,0.962175,8170546,87
1,1098705383,0.960652,8171973,14
1,1395317837,0.904092,8172700,4
1,3325390477,0.935936,8174402,18
1,169226731,0.980772,8175975,16
1,247476181,0.949404,8176891,3
1,223758749,1.178419,8178806,21
1,4206502163,0.962683,8179538,4
1,2479114397,0.922801,8181914,25
1,1362681401,0.923330,8182720,5
1,3172792037,0.940101,8183240,1
1,1243681667,1.002925,8183816,2
1,469889093,1.024123,8186337,30
1,4021388807,0.968750,8187767,14
1,3494987267,0.936979,8189457,18
1,2957625271,0.957597,8192225,33
1,2254005307,0.956066,8196503,55
1,2011741327,0.922801,8197308,5
1,946227049,0.927551,8199494,25
1,344255537,1.042083,8199992,1
1,412534379,0.902471,8200850,6
1,1346835443,0.869402,8201776,7
1,2969100287,0.961160,8202580,5
1,322818733,0.975280,8208530,79
1,2452466399,1.000488,8209603,9
1,2124208397,0.952484,8213611,51
1,4273333079,0.958616,8215943,27
1,1837602203,1.012133,8219330,42
1,4097774591,1.007782,8220965,17
1,3342656563,1.012616,8225673,57
1,1073235421,0.908940,8229179,29
1,3312512369,1.057433,8232625,39
1,3969618227,1.002438,8239230,88
1,2335440829,1.100870,8239753,1
1,3333259901,1.020302,8242376,31
1,18746339,0.997556,8244885,30
1,442921819,0.988706,8247352,29
1,1423593343,0.913227,8248427,9
1,753067423,1.097316,8249854,14
1,396615881,0.853531,8250703,6
1,695798947,0.928604,8253878,39
1,2576244163,1.061581,8257261,42
1,2535952729,0.893772,8258828,16
1,2291158879,0.969758,8263249,57
1,95326409,0.911622,8263811,2
1,1475104369,0.830333,8265446,17
1,112185809,0.961160,8266225,5
1,1683060371,0.864897,8267232,8
1,4088942999,0.908940,8267954,4
1,4086472301,0.914830,8269722,19
1,20242129,0.889391,8271974,26
1,3452248931,1.115411,8273403,14
1,3066449219,1.048157,8276279,35
1,1721666563,0.981270,8279403,31
1,611402413,0.988706,8281754,27
1,1168293911,0.948889,8282475,4
1,1721646617,0.918559,8283125,3
1,2069556763,0.867152,8283714,2
1,3938412463,1.055121,8284239,1
1,3921413983,0.867152,8285045,2
1,2839849487,0.876115,8285700,3
1,2319725581,1.054659,8290947,69
1,2153754173,0.969758,8292781,20
1,1630030037,0.942176,8294050,12
1,573103277,0.994123,8294625,2
1,636155027,0.997066,8297371,33
1,178236193,0.946313,8300236,35
1,3771315553,0.917495,8308435,111
1,3393047941,0.910550,8309580,10
1,1260769511,0.935414,8312611,37
1,3888900733,0.962683,8319293,89
1,2594829397,0.969758,8320441,10
1,3517559873,0.938021,8323408,36
1,1369687141,0.934370,8329109,71
1,2077694657,0.876115,8331740,17
1,2926494887,0.911622,8333196,12
1,769576123,0.994614,8335968,32
1,1090130143,0.911622,8336784,5
1,1567416793,0.911622,8337507,4
1,1549849297,1.140090,8341305,48
1,493480357,0.958616,8341882,2
1,11205503,1.029829,8342656,5
1,3237760061,0.902471,8346395,47
1,1420173899,0.947859,8348024,17
1,2033067797,1.156250,8348744,4
1,1693482181,1.020302,8349890,10
1,4037851607,1.073928,8350825,7
1,1163217337,0.778746,8353385,30
1,2544849311,1.132786,8354329,7
1,2995124707,1.122828,8357723,42
1,2821852877,0.910014,8358784,9
1,117614851,0.796109,8361380,31
1,2310367519,0.970261,8362449,9
1,3250827911,1.061581,8365053,31
1,1540712443,0.882225,8373845,119
1,3382326947,1.054659,8376872,37
1,1504355033,0.950945,8378009,10
1,974573519,0.962175,8381250,35
1,426272323,0.862070,8384249,34
1,1160276113,0.885539,8384851,2
1,837019187,0.942176,8387427,28
1,2495580541,1.004871,8388242,5
1,1333605799,0.970261,8390090,20
1,1120780147,0.903552,8392422,27
1,265740487,1.004871,8394127,18
1,485088529,0.975280,8399322,68
1,3245772163,0.942176,8400178,6
1,1515525811,0.836777,8401462,12
1,3371578421,1.007782,8402736,12
1,784708297,1.020780,8404362,17
1,1843344359,0.965215,8405098,4
1,2611299727,1.097316,8409039,50
1,1486789523,1.073928,8412070,37
1,2561951723,1.029829,8414462,28
1,1391447117,1.015985,8415045,2
1,1225657241,0.981270,8417509,29
1,4258678717,0.913227,8418179,3
1,1013474719,1.004871,8420087,21
1,248754119,0.960652,8423953,49
1,3432041083,0.946313,8427529,45
1,1163143351,1.027455,8429620,19
1,2019071371,0.854103,8433797,37
1,3485390141,0.961160,8435553,16
1,1346353979,1.025552,8436648,9
1,1380012671,1.015985,8437576,7
1,812448431,1.013098,8438785,11
1,1004682839,0.969254,8439308,1
1,2528038477,0.997066,8440448,10
1,677305969,0.972272,8441862,14
1,2716417747,0.973777,8445927,52
1,2394435167,1.069371,8447628,18
1,1810353173,0.922801,8450305,32
1,2403068653,0.993141,8451457,10
1,286066283,0.793036,8456143,61
1,2140505959,1.013098,8457219,9
1,196861087,1.003899,8457800,2
1,3032025637,1.025076,8458932,10
1,2567132929,0.920682,8460474,16
1,2112655813,1.003899,8461482,8
1,1818744883,0.963190,8463816,27
1,1663979789,0.915364,8465715,21
1,2650245431,0.944247,8466581,6
1,1641595321,0.894864,8470169,44
1,717998287,0.950432,8470688,1
1,1439334203,1.083884,8473589,35
1,3761337731,1.035503,8475149,16
1,976996201,1.025076,8476565,14
1,335161237,0.916963,8477211,3
1,664430729,0.988706,8484824,96
1,2884751663,0.877786,8486379,15
1,515599043,1.048157,8487871,15
1,3999075079,0.988706,8490376,27
1,2598287507,1.070284,8494345,50
1,2698937749,1.017906,8495347,8
1,646404067,0.963190,8499564,54
1,2074088147,0.970261,8500906,13
1,843220177,1.025552,8502251,13
1,149185789,0.891584,8504297,23
1,3829968179,0.991172,8506151,20
1,1445212229,1.006813,8507428,12
1,2564703949,0.981270,8508366,7
1,761635723,0.854103,8509298,7
1,1080639029,0.911622,8511056,19
1,1070321893,0.954021,8513101,23
1,326239439,0.920152,8514438,13
1,114080663,0.955044,8515498,9
1,2377908851,0.910550,8516292,5
1,789051259,0.913227,8516882,2
1,1795658597,0.973777,8518024,10
1,577783001,0.908940,8519568,16
1,1497503243,0.973777,8520905,13
1,536409623,0.893772,8522472,16
1,593714167,1.058356,8525560,38
1,2810178079,0.848367,8526084,1
1,550407073,1.020780,8527003,7
1,3423544819,0.975280,8529967,36
1,3959435927,0.904092,8535546,55
1,1546761659,0.910550,8536705,6
1,1882141523,1.039268,8538914,25
1,1401534539,1.024123,8539638,4
1,842339059,0.848367,8541333,18
1,2451050249,0.940101,8542528,11
1,2276477227,0.913227,8544782,26
1,134323333,0.976781,8547159,28
1,1582726009,1.043488,8550187,37
1,570172777,1.039268,8550770,2
1,3968755039,1.027455,8552062,10
1,3373301761,0.870524,8552553,1
1,3479154137,0.936979,8553426,6
1,524313287,0.921213,8554555,10
1,1788075481,0.884436,8555357,5
1,1619647147,0.920152,8556143,5
1,4177578173,0.932277,8556652,1
1,1210782707,1.116723,8558004,13
1,2392303,1.087033,8558827,6
1,3383838659,1.031250,8562776,50
1,1191323869,1.012133,8564881,24
1,1808000687,0.931753,8565685,5
1,435743797,0.884436,8566338,3
1,2421114013,0.852959,8567824,15
1,3138077251,0.991172,8571986,53
1,329098967,0.961160,8575015,37
1,497280961,1.036916,8575659,3
1,1027953961,0.884436,8576441,5
1,449295131,0.938541,8578133,18
1,121357139,0.846639,8578912,5
1,56104021,0.904092,8581372,29
1,231812767,0.835024,8582088,4
1,4229056987,1.093303,8584556,29
1,3142191029,0.961160,8587982,38
1,2097957361,0.938541,8589071,9
1,2468680867,0.961160,8595983,90
1,2727231791,1.029829,8597835,20
1,3815763719,0.870524,8598783,7
1,1583675311,1.012616,8599444,3
1,202735369,0.893772,8601125,18
1,3080324011,0.889939,8601637,1
1,1904486291,1.027455,8604463,34
1,432622063,0.954021,8607058,31
1,2705756407,0.911086,8608341,12
1,112936981,0.973777,8609607,12
1,2886468419,1.071652,8612822,40
1,2228438783,0.904092,8615025,25
1,3194091181,1.077559,8615962,7
1,2333624129,1.000488,8617088,10
1,1003792099,1.039738,8617810,4
1,547676447,0.990186,8619470,16
1,2545762721,0.950432,8620143,3
1,1646469593,0.936979,8621481,13
1,953960263,0.936979,8622552,9
1,1564481129,1.137517,8623614,9
1,85702277,0.988706,8627274,46
1,1585216709,1.047691,8630171,35
1,798578483,0.996576,8631107,7
1,226510331,0.928078,8631885,5
1,430220893,1.100870,8632815,7
1,1344534979,1.109265,8635055,21
1,524397301,1.067086,8635939,6
1,725630593,1.044423,8640403,43
1,3154254833,0.877786,8643436,33
1,1785195497,1.073018,8645146,18
1,1012954309,1.024123,8647674,30
1,3995380651,0.964709,8649164,15
1,2461649381,1.025552,8650866,18
1,1750608199,0.989199,8653259,28
1,4271313239,0.965215,8656307,37
1,4286757413,0.994614,8657867,16
1,1577301449,0.940620,8658444,2
1,2843984531,0.929129,8661956,44
1,2807557559,0.910550,8663464,15
1,445748137,0.940620,8664104,3
1,15903137,0.987223,8671171,95
1,1745886199,1.007782,8672320,10
1,639283807,0.934370,8675411,38
1,1300172369,0.919621,8676061,3
1,834406471,1.054659,8676633,2
1,3365372147,0.880563,8681253,60
1,2700015427,1.036916,8683516,26
1,1442250697,0.969254,8684526,8
1,1160788327,0.969254,8687135,31
1,43561249,0.947859,8688458,13
1,4016030591,1.050483,8690098,17
1,3415121599,0.962175,8692229,17
1,2721642223,1.029829,8693048,5
1,1707195283,0.919621,8694055,8
1,2364550411,0.997556,8696663,31
1,3723635977,0.940101,8698099,12
1,2777601577,1.076198,8699327,11
1,1768131991,1.033615,8700049,4
1,3679724843,0.990186,8700629,2
1,2502793303,0.919621,8703103,29
1,4184724463,0.835609,8704330,11
1,3594353137,0.872205,8706445,24
1,2219113583,1.017906,8707792,13
1,2848635917,0.983258,8708721,7
1,2348066533,0.869402,8710077,13
1,91143113,0.893772,8712269,25
1,4161310409,1.156250,8713352,9
1,3723402443,0.977281,8714151,5
1,3315808549,0.877786,8717307,39
1,1477201889,1.081629,8719210,21
1,1859409961,1.054659,8719857,3
1,3469164679,1.012616,8720373,1
1,2903874943,0.994614,8720893,1
1,456952169,0.957597,8725304,57
1,3747937871,0.942176,8728610,41
1,3564703279,0.942176,8731106,28
1,3694233791,0.963190,8732701,16
1,2280075971,0.970261,8734621,21
1,1602574403,0.975280,8737840,35
1,194511047,1.050483,8738366,1
1,1599440543,1.055584,8741953,30
1,2939840353,0.960652,8742924,5
1,2950259729,1.061581,8744417,15
1,2144882483,0.913227,8746267,20
1,2949588209,0.997066,8751694,71
1,351158177,0.964709,8753256,16
1,1185382043,0.993141,8754060,5
1,140158817,0.948889,8755608,16
1,1091580043,1.006813,8756397,5
1,2090854523,1.069371,8758457,23
1,1482803513,1.027930,8761618,39
1,2859589891,0.996086,8764568,36
1,928705363,1.007782,8766614,23
1,497397359,0.947859,8769299,32
1,26497481,0.947859,8776000,90
1,2705245171,1.042552,8776586,2
1,2716276573,0.878342,8779334,33
1,1274796331,1.020302,8782365,37
1,3223949821,0.990679,8783018,3
1,3225564877,0.913227,8784497,15
1,2552850761,1.085235,8785905,14
1,3862013503,1.052341,8790063,53
1,643687147,0.978779,8792381,24
1,2926026839,0.904092,8793043,3
1,3353918641,1.054659,8794748,18
1,2712239107,1.054659,8795254,1
1,1951877803,0.893772,8795973,1
1,3429233011,1.020780,8797847,20
1,166613807,1.012133,8799265,14
1,3596725681,1.035503,8799853,2
1,645415747,0.935414,8801684,20
1,3265867811,1.039738,8803595,21
1,3739663981,1.026028,8804466,6
1,2526231713,1.031250,8805111,3
1,4090036123,1.035503,8806190,9
1,1005637081,0.970764,8812990,91
1,3125705743,0.975280,8813580,2
1,2102444557,0.954533,8814371,5
1,1315804003,0.960652,8815023,3
1,177356917,1.031250,8815584,2
1,699567601,1.012616,8816160,2
1,705008947,1.002925,8818616,29
1,1538261957,0.962175,8821788,39
1,3155001233,1.005842,8822935,10
1,2554615409,1.027455,8823578,3
1,3558303409,1.042083,8824157,2
1,2844328559,0.878342,8824808,3
1,666873869,1.003899,8826023,11
1,342842389,0.914830,8830498,58
1,2392494311,0.946313,8834513,51
1,3042839621,0.906789,8838532,47
1,2170023047,0.973777,8839833,12
1,4038756217,0.922801,8843517,33
1,2438874337,0.952484,8846032,27
1,3973437343,0.978779,8847599,16
1,1426282453,0.952997,8848595,8
1,1998944071,0.946829,8849396,5
1,3334940381,0.970261,8850961,16
1,2297585651,0.889391,8851757,5
1,2762915669,1.120651,8852421,3
1,3158069641,1.029829,8854120,18
1,3584434817,1.067086,8855264,10
1,22658617,1.087033,8856882,17
1,497906657,0.891584,8862071,68
1,1284301957,0.968750,8868461,85
1,68776517,0.907327,8871753,41
1,1576844663,0.805256,8872356,2
1,3783818177,0.948889,8873357,8
1,2354152277,1.063419,8875746,28
1,2753421973,0.982762,8878498,33
1,1686058051,0.956066,8880546,23
1,2282302991,1.044891,8884268,47
1,2396244919,0.940101,8886120,20
1,4203157579,0.891584,8888026,21
1,1872482861,1.048157,8888959,7
1,951199307,0.882225,8889464,1
1,958969009,1.006328,8892341,35
1,2784410273,0.965215,8893947,11
1,3450560051,0.858664,8895410,14
1,868192313,0.925443,8896266,6
1,325332523,0.911622,8897685,14
1,1764429221,0.940101,8898896,8
1,2564469071,0.852386,8899724,5
1,3591504647,0.864332,8901897,25
1,35830981,1.048157,8902602,4
1,2571407057,0.978779,8904011,14
1,4288370579,1.106621,8904534,1
1,4148113369,1.081178,8905473,7
1,2955186967,0.920682,8906534,9
1,3038621167,0.888292,8907411,6
1,600354509,0.906789,8908266,6
1,1031537443,0.970764,8911706,43
1,1304765159,0.974780,8912369,3
1,2129357723,1.029829,8913728,13
1,940270229,0.920152,8915836,24
1,3341632859,0.962175,8916556,4
1,22909973,0.919621,8921088,59
1,1176980939,1.035503,8923200,24
1,1769437261,0.977281,8924720,15
1,716847401,0.994614,8925989,12
1,1899120397,0.944247,8927426,14
1,2615467957,1.063419,8930241,34
1,340769483,1.048157,8931735,15
1,2791599599,0.977281,8933441,18
1,3109752043,1.104854,8938363,64
1,1400320829,1.180076,8939229,6
1,239810383,0.997556,8940439,11
1,3034635613,0.964709,8942158,14
1,3622319027,0.965215,8947290,53
1,2651577451,0.965215,8948050,2
1,1673808373,0.955044,8949959,21
1,412141789,0.940620,8954153,54
1,2273236321,1.020780,8956134,22
1,723838457,1.042083,8957137,8
1,1648847639,0.962683,8958136,8
1,2867266447,0.938541,8958786,3
1,1025058421,0.953509,8960760,22
1,2886499117,0.864897,8962468,18
1,721096553,1.042083,8966342,49
1,1585481113,0.919621,8968545,25
1,649057037,0.934370,8971985,43
1,2610831617,0.889391,8973415,14
1,3306168067,0.983258,8977961,59
1,2787669487,0.947859,8979667,18
1,47344663,0.974780,8980574,6
1,1155547039,0.952997,8982222,17
1,288014021,1.083884,8983004,5
1,3401814953,0.934370,8985339,27
1,2952260897,0.964709,8987955,31
1,4053250679,0.970764,8990565,31
1,2299898779,1.053732,8993401,34
1,660109573,1.039738,8994328,7
1,1169895361,1.104412,8996934,26
1,2943223961,1.091068,8998580,17
1,3906383177,0.822059,9000354,19
1,2392171253,0.895409,9002905,28
1,1406864399,0.857526,9004060,10
1,1541177137,0.962175,9004579,1
1,3942967867,0.935936,9008113,44
1,3270969973,0.994614,9009670,16
1,1602721361,0.969254,9012575,35
1,564941411,0.987223,9013842,12
1,2718522449,1.015985,9015326,15
1,2701881493,0.950432,9015831,1
1,1285121633,1.047691,9017593,19
1,406177433,0.862070,9019630,23
1,528458501,1.015985,9022657,37
1,3876274933,0.995105,9025814,39
1,262143481,0.973777,9029341,44
1,116923333,0.988706,9030472,10
1,5495509,0.950945,9031028,2
1,798650297,1.005842,9032447,14
1,3775229239,1.061581,9037841,71
1,2929793183,1.070284,9039333,15
1,3770906093,1.020302,9040961,17
1,729784421,0.870524,9043680,28
1,280904551,0.996576,9045351,17
1,967992331,1.140946,9046208,6
1,580058621,0.844329,9047770,1
1,2114608843,0.987223,9050768,36
1,3957225607,0.852959,9052959,25
1,1876187639,1.047691,9053760,5
1,1503441721,0.965215,9055674,21
1,139909447,1.001951,9056243,2
1,96162881,1.068458,9056943,4
1,2940340499,1.020302,9057517,2
1,622244177,1.179248,9059479,22
1,2019862997,0.970261,9064118,60
1,2654151067,0.927551,9064629,1
1,3536732477,0.886090,9066907,26
