agent_id,prime,g,timestamp_us,checked_since
0,2807645873,0.913227,0,4
0,661695719,0.879453,1491,11
0,1343228611,1.158360,5551,52
0,2550613001,0.827388,6744,11
0,2165418109,0.843171,7527,5
0,4077675127,1.189144,10856,37
0,520484231,1.004871,11650,5
0,3359682713,0.822653,14509,21
0,1246832063,1.009718,15538,4
0,2560869097,1.101313,17130,16
0,1725648893,0.915897,17808,3
0,1099873933,0.911086,19082,12
0,2188127503,0.748044,20707,17
0,773334259,1.008751,22058,13
0,1496708089,0.899761,23347,12
0,3046560437,0.921743,25269,21
0,1731571,0.967237,26313,9
0,3067498463,0.884988,30048,47
0,459543067,0.843750,36603,88
0,2539338089,1.000488,39715,38
0,253013251,1.176761,41398,18
0,1742133277,0.985738,42050,3
0,494029511,1.016466,47781,76
0,2824444211,1.068458,53973,82
0,2022671263,1.048623,59452,72
0,4242816521,0.632764,60520,9
0,1664927489,1.133647,61170,3
0,3927956983,1.157938,64697,44
0,158085559,0.945797,68207,40
0,2304095657,0.844329,69783,16
0,3886154897,0.797334,70353,2
0,1443919111,0.971267,71187,3
0,653794201,0.820275,73044,20
0,121387547,0.878342,74517,15
0,3268063649,0.962683,75649,10
0,2210698123,0.946313,76713,9
0,2963523643,0.970764,81691,65
0,171045323,0.978779,83512,20
0,2147041459,1.014061,85842,27
0,2618690671,0.941657,87046,11
0,17576873,0.942694,90526,44
0,2930274821,1.067086,91310,5
0,4175789719,1.006328,92465,10
0,2989366417,1.035974,94087,17
0,1521214073,1.035974,95086,8
0,1593244223,0.851240,97915,34
0,704170897,1.102642,98712,5
0,3340528817,1.023646,100990,26
0,733311079,1.066628,101646,3
0,2239252573,0.944247,102221,2
0,3440491283,0.813701,106016,48
0,1584739411,0.969254,107502,15
0,1907497601,0.858096,109053,16
0,413254043,1.009718,110039,8
0,3095579549,0.952484,113591,40
0,1722638803,1.116723,114753,10
0,3092353007,0.940101,116431,16
0,1171847071,0.879453,117864,14
0,2675833159,0.938541,122299,57
0,4096127603,1.032197,123302,8
0,464487271,0.950945,125342,23
0,309151589,0.977281,125846,1
0,1754029751,0.952484,126429,2
0,2305959977,0.822653,127488,9
0,968692951,0.877229,130939,43
0,4237373747,0.946313,131935,8
0,352430483,1.070284,133267,13
0,3025649533,1.000488,134004,4
0,3273454781,0.808886,135084,9
0,267191521,0.928078,135592,1
0,4049553227,0.993632,137221,17
0,2263213487,0.787475,137880,3
0,1381919923,1.225143,139452,16
0,3015899837,0.910550,140882,14
0,13362257,0.911622,141365,1
0,4071694519,1.002438,144106,33
0,4105340011,0.972774,145729,17
0,2822811877,0.940101,146997,12
0,3072256309,1.209096,147514,1
0,3209945507,1.004385,148170,3
0,3789303761,0.851240,149863,18
0,3274951871,0.902471,150381,1
0,3060802769,0.975280,155865,72
0,1228383439,0.914830,156594,4
0,3341042989,0.968750,158219,17
0,2441139457,0.899761,159637,14
0,4183879963,0.852959,162949,41
0,1462179881,0.977281,164641,18
0,2644460393,0.984747,165570,7
0,662867119,0.851240,166292,4
0,924785819,0.910550,167591,12
0,2498900813,0.956066,168310,4
0,3832263133,0.977281,168826,1
0,3955649377,0.956066,169409,2
0,3308709119,1.054196,171186,19
0,3564470779,1.066170,172187,8
0,1551137617,0.950945,173473,12
0,2177697607,0.907327,175795,27
0,2292457001,0.813101,177894,24
0,1402927607,1.064795,182691,62
0,2329877903,0.880563,185716,37
0,654652153,0.907327,186781,9
0,1435670503,0.977281,187998,11
0,2125385881,0.969254,189345,13
0,2661823859,1.048157,190343,8
0,1975974773,0.851240,192185,20
0,907717049,0.822653,193178,8
0,4016661521,1.086134,195994,34
0,3717737873,0.888841,196854,6
0,501045581,0.919621,198271,14
0,1595434133,1.082983,199065,5
0,1455443053,0.940101,200129,9
0,3803905267,0.852959,202467,27
0,1504209857,0.939581,203815,13
0,1068038183,1.095534,205839,20
0,2483581327,1.126735,206860,8
0,1834265989,1.110145,207659,5
0,2450007643,0.983258,209698,23
0,1168268359,0.755837,210276,2
0,1949012729,0.991172,213033,33
0,4017928091,1.039268,214392,13
0,1347578987,0.956066,219120,43
0,4109533459,1.004871,221433,22
0,1010488621,0.843750,226087,59
0,2976783673,1.004871,228207,24
0,3720382397,1.004385,229214,8
0,1041790487,0.863202,232520,41
0,48817459,0.849517,233437,7
0,2683917881,1.223947,234232,5
0,2433373367,0.817294,238493,55
0,1522670627,0.729539,240957,29
0,2620121047,0.854103,242667,18
0,880661297,1.011651,243383,4
0,1505127991,1.000000,246263,35
0,2274194059,1.125868,246841,2
0,2837494577,0.955044,247416,2
0,2643564523,0.877229,248570,10
0,1152581203,0.937500,251137,30
0,906338003,0.775605,252479,13
0,3397260679,0.848367,259557,94
0,204000581,1.040677,262436,35
0,1479349309,1.191605,263428,8
0,639982699,0.869402,264005,2
0,2726094229,1.133647,267636,36
0,914020813,0.813101,269238,11
0,2356265651,0.976781,271994,29
0,2465903851,0.834439,273623,13
0,1001596151,0.848942,274457,4
0,2189766071,0.822653,276085,16
0,3787880539,0.880563,276679,2
0,3672072227,0.822653,281290,54
0,1394922673,1.067086,282064,4
0,803226937,0.913227,285991,43
0,3220654093,1.074382,287293,12
0,3510750049,0.880563,288851,16
0,381438557,0.877786,293143,55
0,1388936837,1.211114,293661,1
0,1403872511,1.037387,294605,7
0,1575141389,1.015505,296015,14
0,2991281981,0.799169,297718,18
0,2163440753,0.958616,298227,1
0,422390879,0.954021,298803,2
0,276852347,0.968750,299659,6
0,813145357,0.888841,300374,4
0,3288461933,1.091963,303946,45
0,639673621,0.886090,305857,21
0,1155739199,1.037387,306660,5
0,2320806217,0.927551,309473,34
0,1390021693,1.014061,311593,24
0,1755686329,0.947859,313979,28
0,911624729,0.977281,316427,29
0,1046143871,1.073928,317436,7
0,3572902807,1.064795,321872,47
0,937198453,0.958616,324340,27
0,3542199119,0.509672,325479,10
0,3966095167,0.601106,326987,15
0,2865024313,0.789333,328628,17
0,1404104227,0.978779,329911,12
0,261658147,1.068458,330759,6
0,3580009981,0.988706,331770,8
0,1812710909,0.762910,332354,2
0,3198267049,1.160044,333145,5
0,1957823141,0.993141,335175,23
0,1825742539,0.988212,335976,1
0,2811719489,0.766740,336580,2
0,2707870111,1.171771,337864,12
0,3584690663,1.033142,339753,19
0,141593611,1.004871,343168,35
0,2784593737,0.846639,345370,21
0,911864113,0.977780,347429,20
0,168113579,1.008267,349966,26
0,2108044223,0.911086,350913,6
0,1389130859,1.139661,353223,24
0,632690731,0.683225,354686,12
0,3749587631,1.039738,356817,22
0,1525875011,1.139661,357621,5
0,1339034509,1.031723,361600,48
0,3276936077,0.908940,362126,1
0,3500774213,1.032197,362849,4
0,1367062651,0.849517,370705,106
0,4172619751,0.903552,373332,31
0,1431870953,0.882225,375727,28
0,1820356297,0.936979,376232,1
0,4141505149,1.035503,378143,21
0,1007055967,1.068458,379700,16
0,445469501,0.781875,380414,4
0,1343957177,0.877786,380918,1
0,118241141,0.919621,384412,44
0,1668619217,1.037387,385338,7
0,2929448219,0.977281,387454,24
0,2581485077,1.069828,394734,98
0,3201501437,0.970764,395397,3
0,59514803,0.968750,396172,5
0,1979189609,0.880563,398076,21
0,47369081,0.872205,398779,4
0,2912189443,0.942694,400963,25
0,349398529,0.877786,402083,10
0,2586511313,1.009718,405597,44
0,3335049617,0.910550,406596,8
0,2688867833,1.080726,407315,4
0,1096682003,0.977281,407956,3
0,1158459857,1.064337,412032,52
0,3102574297,0.875558,415465,43
0,1998143921,0.822059,418159,32
0,2256247439,0.907327,419308,10
0,2659111333,0.907327,421525,20
0,3998488547,1.191605,424768,26
0,2828133857,0.940101,426215,12
0,2747401457,0.906789,427002,5
0,2105277247,0.970261,430170,39
0,1682656433,0.827978,430810,3
0,579967889,0.907327,433136,27
0,1983984787,0.911622,435255,24
0,2693327683,0.921743,438133,35
0,3704372537,0.975280,439581,14
0,884451521,1.040677,440231,3
0,2865853103,0.851240,444019,48
0,2343706901,0.787475,444523,1
0,2662664947,0.938541,447261,31
0,745657579,1.116723,450345,38
0,217460161,0.752600,451963,17
0,2337051601,0.805862,452616,3
0,989604179,1.000976,454100,15
0,3239445661,1.190785,454880,5
0,2765482289,0.894318,456021,10
0,1882072513,0.753248,457707,18
0,292440539,0.893772,459471,19
0,152994263,1.325088,461235,19
0,2321238971,0.915364,462312,9
0,2014016617,0.783746,462817,1
0,2433267293,0.853531,464782,22
0,804555667,0.946829,465650,6
0,2328023273,0.946313,468735,38
0,863069219,1.157094,470223,15
0,3403626571,0.729539,471023,5
0,871436869,1.002438,472862,20
0,735958591,1.014061,475314,22
0,2952751427,0.968750,477564,25
0,2559943523,0.737526,478715,10
0,3067160479,0.725512,479232,1
0,1687408897,0.862070,481966,30
0,3766730701,0.946313,484868,35
0,3112876721,1.069828,489350,58
0,3556542959,0.908403,490009,3
0,1786920467,0.908940,491905,21
0,1461827779,1.105296,492992,9
0,2579795627,1.001951,498449,72
0,1000568893,0.910550,502241,48
0,374716939,0.848942,503371,10
0,572935963,0.946313,505753,28
0,948145283,1.146496,507791,23
0,836718577,0.818488,509211,14
0,2039719837,0.955044,510221,8
0,949313819,0.908940,513193,36
0,2005797551,0.969254,514130,7
0,2412768487,0.844907,515217,9
0,2118133663,1.001951,516864,17
0,2525350859,1.035031,520245,42
0,3660305603,1.000976,522071,15
0,739317253,0.694566,526591,45
0,2584719947,1.144365,528999,25
0,3672504257,0.924387,530493,15
0,1549426727,0.853531,531783,12
0,558216317,1.000976,533566,19
0,3664022891,0.899761,534364,5
0,3669056971,1.063419,537745,42
0,2374621709,0.791187,538324,2
0,167255903,0.789333,543062,61
0,1156492837,0.864897,544342,12
0,345815429,1.044891,547220,35
0,3449841517,0.877229,547874,3
0,1451254361,1.091963,549207,13
0,2510100767,0.993141,551464,26
0,1893072271,0.895409,552692,11
0,4204943077,0.985738,556140,43
0,2361990431,1.009718,558058,21
0,440082367,1.191195,558573,1
0,1930295993,0.766740,559095,1
0,1460373527,1.064795,560297,11
0,3172539701,0.792420,561652,13
0,566856167,0.880008,562228,2
0,1227078761,0.946313,563444,11
0,1318606021,0.944247,563951,1
0,1156755779,0.921743,565713,19
0,155469271,1.080726,567121,14
0,3208364197,0.758416,567985,6
0,3941533663,0.975280,569703,18
0,1493227343,0.963190,571116,14
0,1736804327,0.829745,578215,91
0,1119126053,0.884436,578940,4
0,3180966001,0.915897,581274,27
0,3339065813,0.836193,588810,100
0,2736835873,1.004871,589610,5
0,2055875797,0.938541,590398,5
0,3521091617,0.914830,590907,1
0,3227677067,0.983258,594139,40
0,3054476987,1.040677,598148,51
0,286778993,1.182968,600741,31
0,4096763779,0.985738,601609,6
0,506364569,1.066628,607688,81
0,3818203777,0.969254,609670,22
0,4014373697,1.008267,611305,17
0,716444639,0.947859,612581,12
0,1761242837,0.844907,615753,39
0,1867540307,0.755190,617934,25
0,1894178687,1.031250,619088,10
0,2190315623,0.862070,621831,33
0,3255684631,1.156672,623110,12
0,2162119121,1.140946,624681,12
0,2884378271,1.080726,625227,1
0,2613571927,0.940620,625955,4
0,1315170893,0.853531,629933,37
0,2839557293,1.066170,632271,24
0,154289393,1.035974,633842,14
0,3746289251,0.983258,634664,5
0,2891920021,0.878342,635314,3
0,3202432679,0.736201,638008,32
0,937532663,1.012133,641102,38
0,2942505733,0.897588,643863,33
0,1825423111,0.846639,645352,15
0,2479904549,0.761629,646834,15
0,3331939553,0.626561,648670,20
0,1758913699,1.219551,652184,44
0,847573591,1.077106,653177,8
0,1257567403,0.740170,656272,38
0,2201892061,0.941657,658738,29
0,3831728597,0.971267,659387,3
0,2525366359,1.086134,660820,14
0,2854066889,0.813701,661466,3
0,1536534277,0.751301,662540,9
0,1602008663,1.024123,663834,12
0,1624459007,0.973276,666017,25
0,2262252799,0.696672,667375,13
0,3638690711,0.893772,668301,7
0,724148903,1.061581,673620,70
0,2361365309,1.115848,675271,17
0,1891525249,0.876115,678774,44
0,1221561977,1.006328,679286,1
0,3933913573,0.977281,680165,6
0,1722546043,0.858096,680697,1
0,192320537,1.069828,682236,16
0,1354926337,0.978280,684068,15
0,2589116797,1.037387,685160,9
0,2170502063,0.923859,687566,28
0,1097687449,0.947859,688148,2
0,837621241,1.043488,688665,1
0,1930869631,0.941657,689522,5
0,3071615341,1.156672,690675,10
0,283053977,0.995105,692231,16
0,1336057627,0.831508,696360,53
0,422001043,0.993632,698686,27
0,3077360911,1.006328,707654,121
0,13032517,0.915897,709066,14
0,138383093,0.969758,711241,25
0,1606536691,0.810695,716383,67
0,2505069577,0.691042,716952,2
0,3752901253,1.113658,719137,25
0,4246703977,1.063419,721888,33
0,414663919,1.063419,724500,31
0,4283445853,0.752600,725589,9
0,3778067113,0.911086,726233,3
0,3583897543,0.913227,727808,12
0,473178821,0.925971,729094,12
0,1841267851,0.884436,729616,1
0,4201142521,1.128899,731449,6
0,202140331,0.944247,732147,2
0,1068583829,1.223947,737387,68
0,1455170683,0.832682,740343,36
0,1151312891,1.004871,742612,26
0,350070563,0.746083,743327,4
0,1440803033,0.911086,747747,57
0,1687809203,0.964709,748815,9
0,1774906697,0.974780,752324,44
0,1358164693,0.908403,752839,1
0,2700605371,0.816696,754831,22
0,660550291,0.864897,755551,4
0,1918389449,0.906789,757027,15
0,2907151739,0.947859,758320,12
0,3916982369,0.946313,759732,14
0,3795747521,1.012133,763879,53
0,1263681521,1.063419,766551,32
0,1995243161,0.936979,770281,47
0,717043567,0.958107,772056,19
0,11947961,1.106621,774432,28
0,667787689,1.125434,778975,59
0,3226901617,0.925443,781858,35
0,3455419351,0.991172,784259,28
0,2716399979,0.869402,789829,67
0,4062035407,0.973777,791154,9
0,1512099317,0.969254,792379,11
0,438427051,0.761629,793581,11
0,1565583029,0.973777,794240,3
0,24874279,1.073928,796063,20
0,2564564771,0.782499,796572,1
0,4042302479,0.907327,798625,23
0,3381761741,0.884436,799697,9
0,3077242723,0.958107,803077,42
0,1871405773,0.908940,804712,17
0,766790047,0.715345,806413,18
0,1995506963,0.849517,812642,83
0,3749628193,0.907327,813366,4
0,1093744007,0.913227,818491,67
0,748573193,0.820275,819416,7
0,1873626071,0.818488,820005,2
0,3772867181,0.888841,820932,7
0,168370249,1.008267,821841,7
0,1900029161,1.000976,823045,11
0,1342519237,0.915364,827103,52
0,369276223,0.818488,828176,9
0,988463719,0.958107,829882,14
0,2167928761,0.971267,831617,18
0,3893216533,0.766103,833960,13
0,649354793,0.827388,836267,22
0,2977826009,0.827978,839233,36
0,3481798129,0.875558,839808,2
0,801593857,1.058356,840935,10
0,1359806563,0.991172,842829,21
0,156800807,1.012616,843753,7
0,1679045453,0.879453,845944,25
0,4151800141,0.659960,847443,15
0,1467308893,0.911622,848170,4
0,1670277163,0.942694,849453,12
0,923794283,0.924387,850675,11
0,3824010907,0.976781,852168,15
0,484000453,0.910550,853087,7
0,1636730687,0.925443,853808,4
0,42964027,1.166760,857300,44
0,2875211371,0.916963,859979,32
0,1944764071,1.101756,860646,3
0,627561611,1.125434,866455,77
0,811752889,0.784369,867445,8
0,3612558919,1.098205,869347,21
0,3168849367,1.065712,871115,19
0,1212185759,0.935936,872387,12
0,2626104827,1.008751,873389,8
0,2124385243,1.019344,876574,39
0,72455477,0.831508,877214,3
0,4287500401,0.740170,880864,46
0,3244342753,0.781250,882075,11
0,2373525257,0.981270,883138,9
0,3602179457,0.872205,883783,3
0,2337131707,0.946313,890632,80
0,4053434393,1.135799,891294,3
0,2529875401,1.029354,892507,11
0,2596298741,1.071652,893425,4
0,1242603517,0.844907,894576,10
0,2695102321,0.910550,896980,28
0,3083933299,0.970764,897990,8
0,914921099,0.858096,899891,21
0,3505384481,1.002438,903181,41
0,929451451,0.804043,904122,7
0,1533959057,0.975280,905262,10
0,177201979,0.844329,907381,24
0,4153666529,1.078012,909986,31
0,1087085827,1.068914,910707,4
0,2032875731,0.906789,912205,15
0,1209581621,0.880563,915984,48
0,3857748379,0.913227,919366,42
0,2294477057,0.791804,922026,32
0,3237522749,0.908940,922616,2
0,1636007473,1.032197,924728,24
0,995419349,1.035503,927419,32
0,1799746517,0.832682,928143,4
0,3041381951,1.175100,933015,59
0,3046949537,0.781250,935213,25
0,547733399,1.033615,936354,10
0,4093099313,1.097316,940618,38
0,1306131173,1.127168,942755,20
0,1533141067,1.016466,943929,8
0,629176573,1.044891,946952,37
0,2017172029,0.899761,948599,17
0,664030307,0.942176,950146,16
0,4206252781,0.921213,950872,4
0,3707786897,1.046292,951374,1
0,363908927,0.920152,952371,8
0,1077736523,0.802219,956709,56
0,4232379241,0.858096,958486,19
0,1667934601,0.833854,959556,9
0,1665041717,0.846062,960211,3
0,2477602279,1.001951,965302,66
0,3906206401,1.037387,965816,1
0,4113637811,0.829745,966465,3
0,2047862737,1.015505,969497,37
0,1707709243,0.882225,972039,30
0,1016449633,0.885539,972544,1
0,2653746497,1.097761,974301,19
0,1134818369,1.000976,975990,18
0,1023247649,0.782499,977128,10
0,970113421,0.762910,979170,23
0,415733687,1.004385,982129,36
0,1325071963,1.070740,985025,35
0,1773181763,0.827388,989503,58
0,2668223983,0.981270,992694,39
0,984632513,0.902471,993261,2
0,89773261,1.115848,995781,24
0,1762183513,0.877786,1000774,62
0,78905821,0.813101,1003447,32
0,1451365549,0.813701,1005694,26
0,343958543,1.133647,1008635,36
0,409333751,0.849517,1010825,25
0,655289333,0.911622,1011625,5
0,42931601,1.157938,1013434,20
0,1582448407,0.993632,1013949,1
0,4085117467,0.884436,1014540,2
0,2862768137,1.062959,1015178,3
0,2645621089,0.822059,1018068,35
0,2165776663,0.884988,1018647,2
0,3137635609,0.921743,1019848,11
0,3296494673,0.950432,1020710,6
0,1986477617,0.911622,1022412,18
0,724095517,0.882225,1023055,3
0,4050031883,0.817294,1024629,16
0,530681909,0.907327,1025407,5
0,1511386423,1.033615,1028154,33
0,4221061051,1.120651,1030071,21
0,2745532021,0.712610,1034066,46
0,704252539,0.875558,1035660,16
0,4093967401,0.866589,1036170,1
0,4250359187,1.006328,1038560,15
0,49193,1.043488,1040936,27
0,1940532449,0.921743,1041928,8
0,4188673729,1.037387,1044241,27
0,1717206679,0.960652,1049712,72
0,3364865011,1.039268,1051068,13
0,2114241253,1.069371,1053762,32
0,1089226667,1.073928,1055739,22
0,2987188301,1.032197,1058128,28
0,1471544567,1.128467,1060399,26
0,4164904283,1.002438,1061126,4
0,669207551,0.911622,1061791,3
0,3064449307,1.039268,1062376,2
0,569390791,0.722139,1063718,13
0,1168496107,0.799169,1064930,11
0,1181227661,1.012133,1067674,33
0,134387699,0.945797,1068173,1
0,2151600181,1.000976,1070902,33
0,3871385621,0.911622,1072171,12
0,1166760521,0.958616,1073865,18
0,1974993967,0.858664,1074930,9
0,1830317453,0.947859,1075510,2
0,1986041077,0.825615,1076020,1
0,1144736147,0.899761,1083653,103
0,1104878933,1.000488,1084301,3
0,2358822313,1.107944,1085570,12
0,2671940753,0.846062,1086432,6
0,3524397757,1.127168,1086937,1
0,3424861801,0.916963,1088964,16
0,472108319,0.956577,1090404,12
0,4024851419,1.069828,1093157,33
0,3144379543,0.796722,1093814,3
0,1011752459,1.178005,1094321,1
0,807090821,0.971267,1098132,46
0,288753331,1.002438,1098927,5
0,161767999,1.043488,1099566,3
0,3474265867,1.073928,1100571,8
0,883280903,1.125434,1103748,39
0,2449464569,0.844329,1104548,5
0,2944577789,0.950432,1105967,14
0,2186467841,0.930180,1106614,3
0,2817494321,1.127168,1108177,16
0,1683155491,1.004385,1109598,14
0,3040102409,0.844329,1110593,8
0,1722298469,0.940101,1112001,14
0,3124340227,1.031723,1114327,27
0,270174371,0.864332,1115098,5
0,1708797137,1.040677,1117344,26
0,2951279537,0.941657,1121059,47
0,670742647,0.752600,1122492,14
0,3413568707,1.099538,1126012,44
0,2975237141,0.709864,1128703,32
0,404024473,0.942694,1131774,38
0,3609468221,0.831508,1132425,3
0,127446149,1.069828,1133567,10
0,1847563979,0.897588,1138905,66
0,3863263669,0.760987,1140481,3
0,4274158789,0.891584,1143340,29
0,3115039397,1.101313,1143884,1
0,3477118543,1.050019,1144883,8
0,597133321,0.760987,1145451,2
0,1900498793,1.008751,1150993,73
0,4064051543,0.883883,1154217,40
0,2488862303,0.920152,1155495,12
0,2668644211,0.908940,1156646,10
0,463865813,0.938021,1160780,53
0,995985607,1.159624,1161429,3
0,2813663603,0.761629,1162221,5
0,3675652157,0.771818,1163984,19
0,3191548681,1.163407,1167906,50
0,3996025987,1.193652,1171895,51
0,4145403959,1.131923,1172697,5
0,1483745579,1.008267,1173757,9
0,1791357203,0.950432,1175241,15
0,32098387,1.148198,1176085,6
0,1228321769,1.043020,1178139,23
0,631190563,1.029829,1178992,6
0,2474927953,0.727528,1181449,29
0,57330937,1.012133,1182719,12
0,4046074327,1.160044,1184491,19
0,608314103,1.075745,1186887,28
0,3728078281,1.016466,1190794,49
0,2238165053,0.820275,1191756,4
0,4251737123,0.964709,1195470,45
0,2256421381,0.820275,1199251,45
0,98872321,1.098205,1200678,14
0,603179881,0.797334,1201614,7
0,239849933,1.043488,1202625,8
0,555535991,0.985738,1203204,2
0,2610468671,1.078012,1204772,16
0,1253259017,0.944247,1206405,15
0,2428146949,0.755190,1210487,52
0,2486936027,1.095980,1211289,5
0,232681721,0.886090,1215150,49
0,1766473103,0.866589,1217345,25
0,1436361191,0.844907,1220714,42
0,996239183,1.035974,1221718,8
0,1609815083,0.969254,1224254,30
0,3901226083,0.930180,1226020,19
0,4222878053,0.756482,1227362,13
0,2005939249,0.875558,1228152,5
0,663820529,1.006328,1232898,62
0,2349528487,0.971267,1233827,7
0,2280316739,1.003899,1234699,6
0,3419571497,1.164665,1239460,57
0,182620331,0.848367,1241524,23
0,3302973593,0.986728,1245111,28
0,2506151171,0.882225,1247005,18
0,3169290731,0.752600,1250164,39
0,3562120591,1.048157,1252412,26
0,746443603,0.866589,1253063,3
0,2411056793,0.832682,1255110,23
0,2955359377,0.952484,1256170,9
0,923095633,0.849517,1259053,35
0,3830538097,1.000976,1259772,4
0,1433289841,0.979277,1260765,8
0,3521264497,0.564233,1261907,10
0,1876988621,1.048157,1262703,5
0,3461483771,1.101313,1264049,13
0,2593284037,0.978779,1266925,35
0,3319568873,0.928078,1269317,28
0,3589346171,0.919621,1270605,12
0,537826231,1.064795,1271109,1
0,2569009559,0.862070,1271705,2
0,3801177113,0.969758,1274510,34
0,3350316941,0.894864,1275026,1
0,3526332443,0.851240,1277133,24
0,1157847311,1.035974,1282697,73
0,846223627,1.037387,1285083,28
0,2637792341,1.005357,1286286,11
0,1337594893,0.995105,1287219,7
0,2376680947,1.287712,1288430,11
0,1028204119,0.970764,1289564,10
0,245497117,0.784369,1290146,2
0,1601911897,1.152867,1292344,25
0,1044831457,1.000976,1293273,7
0,906415283,0.906789,1293856,2
0,1206768113,1.099538,1294931,6
0,3892010431,1.062959,1298187,40
0,562316479,0.915364,1299245,9
0,4013333081,0.925971,1301720,26
0,2838881147,0.938541,1303082,13
0,490777439,1.033615,1304004,7
0,1532233873,0.987223,1306104,24
0,3187783759,1.067086,1309412,41
0,2732060183,1.064795,1310347,7
0,1730890933,1.104854,1311415,9
0,2994689141,0.941657,1312843,14
0,4041798829,0.877786,1314058,11
0,3052339229,0.849517,1314990,7
0,2823147571,0.793652,1315850,6
0,3301888253,1.070284,1319304,43
0,3881929967,0.919621,1322489,39
0,3266107577,0.908403,1323075,2
0,238338557,1.004871,1326709,46
0,3618218699,0.958107,1327364,3
0,2782471459,0.820275,1328568,11
0,801961001,0.863202,1329785,11
0,2356370963,1.008267,1330575,5
0,461680517,1.098205,1331714,10
0,1321396051,0.796722,1332228,1
0,2262616483,0.844907,1334413,25
0,2789852617,0.907327,1335276,6
0,3128285467,0.971267,1336149,6
0,3511463047,0.855246,1340292,53
0,2186695219,0.791804,1342711,24
0,1729808671,1.035974,1348029,55
0,1083577459,1.008267,1349067,6
0,2837782393,0.920152,1351633,30
0,4226382371,0.846639,1352152,1
0,3221093093,0.818488,1355641,43
0,3321208031,0.691042,1356802,10
0,633838753,0.773082,1357445,3
0,4103419283,1.250781,1360185,33
0,3897187787,1.030776,1360915,4
0,192985687,1.031723,1361629,4
0,3837170411,1.019823,1362351,4
0,874358003,1.019344,1363068,4
0,733079573,0.880563,1368097,66
0,3570129383,0.787475,1370908,34
0,2738709821,1.074382,1371566,3
0,1674684259,0.791804,1373065,15
0,4076029963,1.095534,1374558,15
0,2211384047,1.032197,1375999,14
0,1156324577,0.884436,1377129,10
0,2351675699,0.928078,1383238,81
0,4066137983,0.919621,1386629,42
0,521178907,0.930180,1387481,6
0,2735255927,0.799169,1391966,58
0,3240113221,0.999023,1392743,5
0,419005673,0.822653,1394087,13
0,340609163,0.873883,1394593,1
0,2028780829,1.009235,1397878,36
0,3568684501,0.970764,1399735,20
0,564658117,0.972272,1404249,56
0,1747096943,0.942694,1406595,27
0,3757849751,0.978779,1407610,8
0,2785052951,1.095980,1410145,30
0,3056860949,0.970764,1411156,8
0,215964409,0.813101,1411671,1
0,4277937623,0.908403,1412192,1
0,475185317,0.971267,1414494,27
0,3593136257,0.934370,1416406,21
0,3798057997,0.902471,1417050,3
0,1019862281,0.818488,1418746,18
0,3503173043,0.981270,1419258,1
0,3217131179,1.006328,1420121,6
0,87233999,1.101313,1422026,21
0,2898624941,1.078012,1425108,38
0,2785239539,1.033615,1427086,22
0,4187930447,0.883883,1428306,11
0,1300940339,0.827388,1430205,21
0,10161497,0.916963,1430763,2
0,1848459383,0.950432,1431412,3
0,4074437551,1.064795,1433118,18
0,2392390411,0.954021,1436010,35
0,42479089,1.035974,1438321,27
0,3420280597,1.084785,1440303,22
0,1069158121,1.002438,1449019,99
0,1317772123,1.163827,1452010,34
0,2801197363,0.942176,1453503,15
0,4186441697,0.976781,1455779,26
0,441418969,1.079370,1457685,21
0,372010307,1.042552,1459230,16
0,2895942509,1.001951,1461412,25
0,2659593029,0.972774,1462346,7
0,711339443,0.815499,1464678,27
0,1605545891,1.069371,1467705,37
0,2063231431,0.947859,1468578,6
0,458062327,1.054196,1470211,17
0,573220231,0.970764,1471833,17
0,4003001089,0.914830,1474287,29
0,3835020967,1.032197,1475085,5
0,2514153223,0.836193,1477072,22
0,2947276901,0.863202,1477865,5
0,1951532411,1.050483,1479138,12
0,1951077367,1.024123,1480703,16
0,918424987,0.853531,1485057,56
0,2406985261,0.971267,1486355,12
0,2276258419,1.167178,1488956,31
0,1028735189,0.942694,1490294,13
0,538313221,0.863202,1490791,1
0,1390258553,0.700167,1491514,4
0,2122413599,0.944764,1493558,23
0,2853625861,0.942176,1495388,20
0,2588764921,0.662913,1495899,1
0,219009299,1.258176,1497594,18
0,3849503093,0.899761,1500259,32
0,2277033061,0.892679,1500769,1
0,2868267041,0.823246,1504408,40
0,1274081261,1.035503,1505158,4
0,2637010667,0.906789,1506022,6
0,69270973,0.955044,1507493,15
0,4203184121,0.919621,1508437,4
0,3989138381,1.129764,1509040,2
0,510714713,0.911622,1509826,5
0,2826821971,1.095980,1511250,14
0,1818985933,0.911622,1512944,18
0,618076951,0.813101,1513870,7
0,4019087773,0.952484,1514526,3
0,3842747063,0.895409,1517142,31
0,4100938711,1.012616,1520958,48
0,3165544181,0.950945,1523640,32
0,781800559,0.846639,1524498,6
0,3048027349,0.978779,1527745,40
0,993741799,0.942694,1530422,32
0,3058685351,0.760987,1532351,21
0,989650147,1.033142,1533216,6
0,4162442483,1.000488,1537654,57
0,4194829901,0.907327,1539897,26
0,2457072547,0.705032,1541254,13
0,1127801911,0.818488,1542251,8
0,2401584637,1.162987,1544509,26
0,2375838119,1.068458,1546261,14
0,3336912037,0.853531,1550827,44
0,3677194093,1.043020,1552764,19
0,518261113,0.891036,1553407,3
0,2156115029,1.002438,1554536,10
0,1051082551,0.880008,1556662,24
0,2802485459,0.947859,1558355,18
0,1941259517,1.009718,1561458,38
0,3222424081,1.108825,1562375,7
0,3763158977,0.971267,1562878,1
0,3826100021,0.977281,1564014,10
0,870950491,0.978779,1565227,11
0,475180117,0.977281,1568235,37
0,277762103,1.067086,1568803,2
0,1950074653,0.873883,1577226,114
0,2216504701,1.188322,1579411,25
0,3950380541,1.008267,1581624,25
0,757065737,1.009718,1583815,25
0,2110769653,0.877786,1584546,4
0,3437269601,1.012133,1587212,32
0,3590278999,1.062500,1588374,10
0,3212450597,0.952484,1590284,21
0,128922947,0.827388,1592848,30
0,4014710587,0.846639,1597493,60
0,2717947091,0.879453,1598846,13
0,4202431117,0.940101,1601523,27
0,4190946577,1.250000,1602460,7
0,862875703,0.875558,1605879,40
0,133337843,0.883883,1606742,6
0,3010987907,0.971267,1607319,2
0,3299797727,0.907327,1609021,18
0,1254120559,0.986728,1611082,23
0,145559311,0.851240,1613471,28
0,2745697937,0.946829,1615307,20
0,4206126059,0.987223,1616876,16
0,4233794729,0.944247,1618994,24
0,1572141607,1.005357,1622880,49
0,2861033753,1.097761,1625905,37
0,925223951,1.000488,1626628,4
0,1123944299,1.003899,1627908,12
0,4067364043,1.000488,1629055,10
0,741516599,1.004871,1630545,15
0,1838790787,0.829745,1634418,49
0,1873240979,0.938021,1637090,32
0,926299639,0.946829,1641390,55
0,271526221,1.003899,1642591,11
0,2277420577,1.008267,1647830,69
0,2972675581,0.843171,1650225,24
0,1177497479,0.771818,1654894,47
0,3452101553,0.988706,1657043,22
0,955382411,0.950945,1657764,4
0,1626487607,0.958107,1660442,32
0,2847131071,1.168015,1662004,16
0,1855981339,1.011651,1662931,7
0,2561652839,1.104854,1663863,7
0,2954628143,0.969254,1665062,11
0,3766428541,1.077106,1665653,2
0,3939132161,0.884988,1666294,3
0,1292414909,0.940101,1667788,15
0,1045536823,0.626561,1670241,29
0,2895448463,1.070740,1671167,7
0,3627995507,0.849517,1672177,8
0,1401425507,0.882225,1674003,20
0,1444722497,1.032197,1674508,1
0,3274062119,1.002438,1676270,19
0,251151371,1.219151,1680326,51
0,469460293,1.032197,1684387,52
0,1222220939,0.792420,1685877,15
0,1342486219,0.872205,1686799,7
0,2650897247,0.811297,1687384,2
0,1096364167,0.989199,1688234,6
0,4027004281,1.044891,1689161,7
0,3064947979,0.736201,1690655,15
0,2654405771,0.730208,1692505,20
0,2186582971,0.843171,1694989,29
0,3312577267,0.888841,1696208,11
0,3255890213,1.147773,1696787,2
0,2025054491,0.921213,1699109,27
0,1654757677,0.950432,1702256,39
0,4036956029,0.958616,1704033,14
0,2305126349,0.981767,1704787,4
0,2251478071,0.969254,1706094,11
0,148495093,1.109265,1707459,13
0,3987541697,1.019823,1709731,24
0,2289735517,0.719429,1711028,12
0,3861664777,0.914830,1712711,18
0,3694847753,1.035974,1713993,12
0,91419407,0.937500,1715271,12
0,1326821633,1.040677,1716619,13
0,4024065371,0.940101,1718880,26
0,256207513,1.002438,1722590,47
0,2540245403,1.253900,1723448,6
0,3255023731,0.882225,1730524,95
0,1636597307,0.824432,1732366,20
0,3310885003,0.958107,1733149,5
0,1467242797,1.014061,1734589,14
0,3692873917,0.932801,1735240,3
0,2738244781,0.818488,1737286,23
0,1275768583,0.947859,1738502,11
0,3302047127,0.977780,1739022,1
0,3178297361,0.808886,1740785,19
0,1271238889,1.068458,1742343,16
0,1564794589,0.904092,1743971,17
0,601371031,0.971267,1744478,1
0,176935309,1.166760,1745471,8
0,1880757799,0.952484,1746121,3
0,1876387523,1.132354,1752193,76
0,1536364573,1.246871,1755811,31
0,3939395597,0.818488,1756559,2
0,3804040859,0.910550,1757913,13
0,2098756763,0.789333,1760026,24
0,4085841667,1.043020,1760688,3
0,2123630941,1.070284,1763907,40
0,2493771877,1.007782,1767498,45
0,1118366407,1.002438,1769966,29
0,3477870169,1.236647,1771099,10
0,1263813511,0.981270,1772927,20
0,4099393637,0.760987,1776221,41
0,3836098823,1.118471,1776800,2
0,2020495319,0.945797,1779890,38
0,1425967799,1.132354,1780753,6
0,3088029253,0.884436,1781332,2
0,854428609,0.801610,1782054,4
0,1214501243,0.990186,1783419,13
0,650956001,0.827978,1784764,13
0,3816153373,1.039738,1788220,42
0,2911476949,0.818488,1791964,47
0,2048763221,0.782499,1793726,19
0,2988485117,0.972774,1794514,5
0,524261033,0.736201,1796978,29
0,2537424251,0.864897,1797562,2
0,1429921123,1.019823,1798786,11
0,3381343703,0.986728,1799859,9
0,2425494961,1.000488,1801151,12
0,26158919,1.037387,1803953,34
0,3129840587,0.753248,1806610,27
0,633824621,1.012133,1809173,30
0,3025401857,0.952484,1812107,33
0,287690047,0.883883,1812833,4
0,3646802987,0.873883,1814469,17
0,361635689,1.012616,1816509,23
0,3901024579,1.066170,1825474,122
0,3232537201,1.066170,1827049,16
0,724067207,1.064795,1829570,30
0,1708411763,0.827978,1831971,28
0,3744359587,1.039268,1833946,22
0,79137007,1.009718,1835073,10
0,574514767,1.139661,1837326,26
0,875237687,1.074382,1839644,27
0,2673396911,0.938021,1841070,14
0,2986238573,0.955044,1842211,10
0,878010607,0.895409,1846640,57
0,657617309,0.893772,1851138,58
0,1773242789,0.897588,1853410,22
0,1028112847,0.848367,1855130,18
0,1055826619,0.812500,1860780,62
0,1592502511,0.851240,1862144,11
0,2791813463,0.756482,1864860,31
0,4190736499,1.047225,1866788,21
0,1132224263,0.831508,1872343,72
0,1087377931,0.952484,1879624,98
0,4256816687,1.176761,1880496,6
0,214621969,0.908403,1890231,133
0,2482717823,0.910550,1893751,44
0,4103052397,1.040677,1896995,40
0,3415785293,0.915364,1899564,30
0,2232280637,0.971267,1902038,29
0,1705197353,0.631219,1907514,72
0,1238407949,0.934370,1911299,48
0,1499287079,0.884436,1912439,10
0,2620735121,0.962683,1914414,22
0,3828420823,1.100870,1915345,7
0,322675687,1.002438,1920457,63
0,2882653427,0.862070,1922311,20
0,2041373977,1.033615,1924883,28
0,1957437407,0.848942,1927997,38
0,460686497,0.877229,1928642,3
0,2090859599,0.969254,1935042,85
0,1927308601,1.129332,1940242,68
0,2783978159,1.033615,1941100,6
0,1145560357,1.012133,1941684,2
0,1794815257,1.101756,1944219,30
0,1857668471,0.954021,1946979,33
0,208001219,1.031723,1951171,54
0,850734197,0.977281,1952165,8
0,2969478803,0.978779,1954372,25
0,2564480071,1.095534,1956716,23
0,3440401397,0.944247,1957469,4
0,200785411,1.031250,1958202,4
0,4242756593,1.017426,1962547,42
0,2097243853,0.880563,1964275,16
0,4049284937,1.128467,1965003,4
0,1136522011,0.843750,1967969,36
0,3889892563,1.012133,1970375,28
0,3715027243,0.573674,1972706,27
0,2248763359,0.968750,1973220,1
0,1178026891,0.974279,1974219,8
0,1991959303,0.762910,1974808,2
0,2327777281,1.080274,1979428,60
0,4093807093,0.822653,1980075,3
0,4095108727,0.827978,1980799,4
0,1417445389,1.037387,1981580,5
0,2631837707,1.062959,1982725,10
0,875042059,0.946829,1987350,60
0,1406405129,0.858664,1989102,19
0,2189034839,0.968750,1990024,7
0,1457021183,0.938541,1992789,33
0,3129248581,1.137517,1993717,7
0,1838716727,0.988706,2002179,115
0,50792881,0.891036,2004968,34
0,2485643351,1.039268,2005770,5
0,3493614209,1.025076,2006408,3
0,595873651,1.048623,2007618,11
0,3802112177,0.914830,2011826,48
0,535176071,0.836777,2012427,2
0,2796115583,1.100870,2014403,22
0,4067231957,1.064337,2015834,12
0,3643193243,0.947859,2017556,18
0,1266648983,0.908940,2018360,5
0,2723306189,0.981767,2020199,20
0,3495882083,0.882225,2021138,7
0,21806429,0.824432,2022050,7
0,257289343,0.813101,2022708,3
0,3757011253,0.848367,2024769,23
0,980147557,0.908940,2025282,1
0,3946197517,0.762910,2026495,11
0,982732043,0.883883,2028128,17
0,759036781,1.146496,2029209,9
0,3975512521,0.979277,2031678,29
0,387693469,0.849517,2032475,5
0,2874083711,1.043020,2034250,19
0,3307065959,1.017426,2037134,35
0,2550697301,0.976781,2040787,46
0,598663867,1.099538,2044095,41
0,1067114821,1.068458,2044743,3
0,2387880611,0.750651,2046368,17
0,81304903,0.756482,2047637,12
0,3436448033,0.889391,2048205,2
0,3741573701,0.973276,2049645,14
0,140212403,1.119343,2050710,9
0,3956504723,0.888841,2051574,6
0,1234548307,0.915897,2053211,17
0,457522579,0.975280,2054559,13
0,423686803,0.970764,2055205,3
0,3572209903,0.846062,2058083,30
0,1657345633,0.971267,2058820,4
0,750365927,0.930180,2061998,27
0,2716491689,0.973777,2065701,42
0,2959897951,1.043488,2068487,33
0,128363057,1.000976,2069472,8
0,655025333,0.937500,2073634,53
0,3018895403,0.853531,2077435,48
0,3420573241,0.923330,2079483,23
0,4223849879,1.039268,2080288,5
0,2350292519,1.178005,2082138,20
0,80852231,1.198143,2084162,23
0,1494787187,0.886090,2084739,2
0,4260402067,1.099094,2086592,20
0,1324078397,0.880008,2092635,80
0,2591372669,1.203835,2093914,12
0,4085620061,1.043020,2094569,3
0,267082157,0.783746,2095924,13
0,3219050203,0.783746,2096803,6
0,2202696127,0.730208,2097874,9
0,548503847,1.282773,2098789,7
0,346527523,1.094196,2099502,4
0,3354774673,0.950945,2101566,23
0,2902438439,0.962683,2103635,23
0,1169760763,0.964709,2105549,21
0,2408198033,0.781875,2108219,32
0,631332721,0.967237,2109354,10
0,2052424889,0.877786,2110071,4
0,2118165107,0.971267,2111066,8
0,1308855397,1.191605,2114388,37
0,3295365001,0.848942,2120273,75
0,772677007,0.950432,2122135,20
0,1480794151,0.921743,2125285,39
0,75748181,0.908940,2126637,13
0,2530805659,0.875000,2127642,8
0,1045944799,0.875558,2128654,8
0,3695699531,1.070284,2129668,8
0,3753924089,0.958107,2130531,6
0,297909221,1.044891,2132851,27
0,2694158683,0.897044,2133715,6
0,1695256573,0.944764,2134791,9
0,1888290169,0.864332,2138081,41
0,1929252707,1.197736,2139361,12
0,248500573,1.097761,2146004,89
0,3197113559,1.000488,2150231,54
0,1432422793,0.938541,2150730,1
0,884763091,0.893772,2154278,44
0,3137944679,0.978779,2156759,29
0,2643089809,0.796722,2157962,11
0,1091704111,0.889391,2159506,16
0,1519819319,0.988706,2161997,25
0,1732219141,1.033615,2165788,34
0,799629577,1.006328,2167988,23
0,4254597959,1.171354,2170797,34
0,252534409,0.827388,2175508,61
0,3295981993,0.836193,2176085,2
0,97766069,1.048623,2176933,6
0,231019039,0.823246,2182067,67
0,3006362753,1.122393,2183553,15
0,2168281229,0.977281,2194818,155
0,334025789,0.956577,2198666,49
0,262445933,1.004871,2199449,5
0,2387435399,1.070284,2202553,38
0,2796387731,1.007782,2204537,22
0,366328321,0.973276,2206797,24
0,978000721,0.848942,2207957,10
0,3395880157,0.944247,2209862,21
0,1466797231,0.950945,2212610,33
0,1649104349,0.826207,2215970,37
0,3403109111,1.008267,2217561,16
0,2278377973,1.136229,2218498,7
0,445893403,1.012616,2220804,24
0,25106531,1.012616,2224089,41
0,161477969,1.140946,2224801,4
0,1424926001,1.189144,2229144,56
0,3452228191,0.958616,2232867,47
0,1034598947,0.827388,2234645,19
0,4033180703,0.883883,2237328,32
0,465738367,1.035503,2241876,59
0,3439852901,0.988706,2242949,9
0,1449995083,1.104854,2244573,17
0,2499020627,1.110145,2245804,11
0,3729298369,0.920152,2247147,13
0,3735322949,0.902471,2249886,33
0,1874292703,0.880008,2251674,19
0,1753786493,0.844907,2252457,5
0,1144854313,0.659960,2256239,48
0,1067792563,0.873324,2259978,47
0,563009431,0.975280,2261253,12
0,695843147,0.822653,2262321,9
0,3539029027,0.844907,2269280,72
0,4192390087,0.853531,2271830,27
0,1772558237,0.516335,2273734,21
0,1007655391,1.008267,2276900,39
0,3266734421,1.099538,2277897,8
0,3664847959,0.880563,2281130,40
0,3999862019,1.125000,2282478,13
0,2432002787,0.927551,2283760,12
0,2110775141,0.891036,2285125,13
0,3791213527,0.940101,2293204,109
0,4002852551,0.796722,2294216,8
0,966322723,0.820275,2295563,13
0,880847213,1.110145,2297399,20
0,604941901,0.929129,2298321,7
0,2120065889,0.914830,2299457,10
0,423185167,0.783746,2299967,1
0,3223129211,0.958107,2304155,54
0,2615935327,1.125434,2306413,26
0,3559886243,1.101313,2313969,102
0,2438676941,1.044891,2314623,3
0,3900196561,0.827978,2317375,33
0,2830946809,0.762910,2318306,7
0,587134033,0.849517,2322901,56
0,3779160101,0.859233,2327742,62
0,714745979,0.970764,2328321,2
0,2220795397,1.004871,2330710,25
0,4187943779,0.930180,2331935,11
0,1541446061,0.895409,2332724,5
0,1866092843,0.940101,2333793,9
0,3962738389,0.980772,2336460,32
0,755856077,0.656994,2339486,37
0,1462775687,0.844329,2342158,32
0,3542785079,1.073928,2345325,39
0,446263463,0.786234,2347516,25
0,360439853,1.021736,2350246,33
0,872076287,0.880563,2351254,8
0,2172428917,0.913227,2353654,28
0,236874893,1.098205,2355417,19
0,1580228603,0.938541,2356354,7
0,1415944381,0.823246,2357421,9
0,883071043,0.944247,2360233,34
0,4219340269,0.981270,2360891,3
0,2257921441,0.822653,2364265,42
0,2405958899,1.082983,2364773,1
0,3382042511,1.078012,2365763,3
0,2039360929,1.069828,2366918,10
0,834320281,1.070740,2367853,7
0,1160051273,0.848367,2369626,19
0,1326076397,1.073928,2371602,22
0,112555831,0.889939,2373781,25
0,974180503,0.827388,2375754,22
0,3305775029,1.029354,2377035,12
0,3977940887,0.864897,2377898,6
0,408790717,1.024123,2378971,9
0,2094134437,0.827388,2379980,8
0,1875194773,0.839108,2383979,51
0,4064158327,0.907327,2385056,9
0,49356401,0.789333,2386328,12
0,763122557,1.219551,2389351,37
0,1865294351,0.839689,2389931,2
0,3036572579,1.094643,2391226,10
0,737493803,1.132786,2392229,8
0,1850689933,0.888841,2392949,4
0,2556660599,1.037387,2393461,1
0,4040215831,1.094643,2398266,62
0,3303255481,0.836777,2403243,65
0,1080263059,0.846062,2405002,19
0,2772476957,0.942176,2405712,4
0,3685749007,0.844907,2407779,23
0,890141311,0.889391,2408786,8
0,669560767,1.066170,2411879,38
0,2143542097,0.858664,2412395,1
0,4292383129,0.902471,2414242,20
0,2592074773,1.167178,2414758,1
0,1988547061,0.915364,2415903,10
0,3598405841,1.006328,2416898,8
0,1773530579,0.760987,2420567,46
0,3243771823,0.991172,2421301,4
0,2057327119,1.037387,2422017,4
0,2383313129,1.004871,2422671,3
0,4186496599,0.925971,2424167,15
0,1338755071,0.751301,2427625,43
0,3542081551,1.000488,2428277,3
0,836231159,1.117160,2430890,31
0,2993181931,1.117160,2432027,10
0,3700713949,0.950432,2434290,26
0,1868345749,0.977281,2435652,13
0,2801103203,0.919621,2436167,1
0,213629827,0.950432,2439815,46
0,4171455217,0.971267,2441091,12
0,131056799,0.908940,2445211,53
0,31527149,0.908403,2446124,7
0,1288766443,0.827978,2447619,15
0,1261506133,1.002438,2450493,35
0,4002953429,0.858096,2451923,14
0,3593870149,0.880008,2452501,2
0,2514970267,0.956577,2455466,36
0,3937306391,0.916963,2456489,8
0,2531200897,0.969758,2457783,12
0,3509615023,1.098205,2461996,54
0,745834651,0.906250,2462849,6
0,3916034741,1.070284,2466108,40
0,1877354621,0.781875,2467742,13
0,3602391197,1.119343,2469377,17
0,3413724211,0.986728,2470236,6
0,3793330393,0.784369,2474664,43
0,1489364531,0.974780,2477873,37
0,1194450149,1.062959,2478733,6
0,637070789,0.969758,2479315,2
0,3654948971,1.064795,2481216,21
0,4167978929,0.969758,2482715,15
0,1810611931,0.818488,2484150,14
0,3088228499,0.971267,2485633,15
0,1249580029,0.766740,2490254,60
0,3850957013,0.973276,2493275,37
0,2432101313,0.971267,2493794,1
0,1682888743,0.820275,2494304,1
0,1692884411,1.040677,2498834,58
0,955838041,1.091963,2500461,17
0,3623481139,0.736201,2501559,9
0,48575897,1.256623,2503519,22
0,21551737,0.721462,2505190,18
0,3948848419,0.936979,2507865,32
0,1622299753,0.915364,2508506,3
0,2047268879,0.796722,2509436,7
0,573068789,1.012616,2513281,49
0,792313273,0.657736,2516249,36
0,3826636867,0.915364,2516756,1
0,1102677911,0.933847,2518108,13
0,3596821273,0.800391,2521931,45
0,3661177759,1.100870,2523163,10
0,1082929249,1.085235,2525749,31
0,1027076263,0.822653,2530075,53
0,3946201537,1.038798,2533450,42
0,1942265119,0.848367,2535299,20
0,3527387713,0.884436,2536365,9
0,1921976149,0.969758,2537368,8
0,1372949317,0.820275,2538852,15
0,1610139961,1.003899,2540415,16
0,934368431,1.033142,2540997,2
0,976375801,1.016466,2542979,22
0,2120402719,1.001951,2546139,39
0,367025509,1.012616,2546920,5
0,264855209,1.195695,2548480,16
0,243245137,1.105296,2549263,5
0,562774909,1.016466,2551656,28
0,2884669441,0.946829,2552782,10
0,3169533571,0.818488,2553653,6
0,3979387207,0.808886,2555422,19
0,3584523199,0.849517,2557476,23
0,4234727303,0.940101,2558718,11
0,2414039989,1.070284,2560074,13
0,1649741323,0.791187,2561914,20
0,3854561233,1.105296,2564452,30
0,1068062591,0.901929,2576485,145
0,1600511221,1.160044,2577549,6
0,431022077,0.914830,2580167,31
0,1496492027,0.950945,2581387,11
0,2476834733,0.820275,2582042,3
0,411931339,0.973777,2584307,25
0,3965493149,0.920152,2585657,12
0,717328363,0.762910,2587283,17
0,1906153603,1.097761,2588495,11
0,2677135387,0.919621,2590971,29
0,320077067,1.061581,2596298,70
0,2003584031,0.946313,2597091,5
0,1711807483,0.791804,2599833,33
0,551962003,0.981270,2601308,15
0,616958437,1.129332,2604053,33
0,888192737,0.858664,2604560,1
0,1871248103,0.851240,2605724,10
0,2819034473,1.081178,2607702,22
0,3024514553,0.920152,2608909,11
0,262306501,1.033615,2612974,52
0,4055129989,0.886090,2614679,18
0,2627381531,0.889391,2615191,1
0,1839984527,1.105296,2618156,36
0,2466913853,0.977281,2618672,1
0,4221785443,0.811899,2619889,11
0,1602296593,1.000976,2621301,14
0,2896809899,0.947859,2622660,13
0,1406982119,0.773082,2626435,43
0,1354273489,0.913227,2627163,4
0,1721554363,1.191605,2627751,2
0,1813496911,0.793652,2628470,4
0,3595025417,1.033615,2635057,86
0,541611307,0.781250,2636757,18
0,1446237301,0.858664,2638256,15
0,2749015459,1.043020,2643438,68
0,1876645919,0.903552,2645705,26
0,2312181197,1.033615,2648451,33
0,4171444001,1.019344,2652865,57
0,1481277667,0.913227,2654062,11
0,3020793287,0.942176,2655829,19
0,2020409399,0.981270,2662560,90
0,3488016107,0.882225,2666106,44
0,3258280943,0.813101,2666629,1
0,1715767903,0.970764,2668046,14
0,238288693,1.074382,2669535,15
0,3325553449,0.846062,2671299,19
0,1322530357,0.981270,2673781,25
0,2123890961,0.930180,2674592,5
0,4007021789,1.070284,2677891,27
0,2185700399,0.883883,2680573,30
0,2234108221,1.110145,2682856,25
0,3008161369,1.035503,2683727,6
0,4040663707,1.094196,2684664,7
0,968925967,0.919621,2685800,10
0,2956117537,1.014061,2687827,23
0,57581021,0.972774,2690970,39
0,2553271559,1.125434,2691968,8
0,2147920031,0.897588,2696789,63
0,645375917,1.119343,2698136,13
0,434644657,1.097316,2701923,48
0,3107299589,1.094196,2703893,22
0,3460560359,1.146922,2705315,14
0,3113732681,0.889391,2706682,12
0,910310663,0.971267,2709227,30
0,400273583,0.784369,2709740,1
0,74492129,1.004871,2711409,18
0,2056983613,0.950432,2712417,8
0,3854409353,0.938541,2713979,16
0,2331715553,0.885539,2715687,18
0,206664739,0.891036,2718287,31
0,2158347901,0.971267,2719786,15
0,1596617207,0.958107,2721636,20
0,2973375487,0.786234,2723209,16
0,1327551361,0.944764,2725388,25
0,1684953461,1.033615,2726602,11
0,1368544759,1.067086,2728228,17
0,632771927,1.199365,2728880,3
0,935041369,1.001951,2731814,31
0,4159739879,0.793652,2734169,27
0,742398341,0.955044,2735361,11
0,260111927,0.882225,2738108,31
0,3114424363,0.985738,2741839,47
0,1705460429,1.035031,2744509,32
0,4002360503,1.131923,2745445,7
0,3352072411,0.969254,2746305,6
0,4172863063,0.852959,2749070,33
0,3964407287,0.886090,2749659,2
0,2586463697,0.940101,2754480,63
0,3119714021,0.815499,2755002,1
0,37812949,0.947859,2755496,1
0,3942546121,0.940101,2761466,79
0,597393809,0.906789,2763309,20
0,2755105429,1.050019,2765567,26
0,3628161023,0.942176,2767912,27
0,3387062543,1.031723,2768424,1
0,1313696987,0.906789,2769426,8
0,2693981663,0.911086,2770773,13
0,3590104391,0.950432,2771776,8
0,1932883919,0.913227,2773000,11
0,1766642179,0.928078,2773790,5
0,1629642019,0.867152,2775922,20
0,675074077,0.925971,2778764,34
0,783935189,1.152867,2779843,9
0,1313008997,1.037387,2781201,13
0,1675017749,1.000488,2782278,9
0,120521641,0.864332,2788466,67
0,4241577869,0.670966,2792722,52
0,1416183919,1.203835,2795118,28
0,3233894483,1.189554,2796175,9
0,3274906357,0.745429,2797520,13
0,3882237509,0.987223,2801238,47
0,2398407293,0.829745,2808380,96
0,3594216053,0.796722,2810493,24
0,1183122509,0.720107,2811347,6
0,4145651233,0.908403,2813316,22
0,2023135229,0.829745,2813903,2
0,701382887,1.025552,2815174,12
0,3817576207,1.031250,2818553,42
0,3606945457,0.781250,2822021,43
0,3598793467,0.904092,2823089,9
0,3211412437,0.973777,2825347,26
0,4101623783,0.940101,2826496,10
0,1332814573,0.889391,2828344,20
0,433062263,0.844329,2829960,17
0,1995030127,0.910014,2831878,21
0,302768093,0.938021,2833361,15
0,4172120969,0.973276,2838014,54
0,2567137369,0.877229,2840153,24
0,3115407047,1.001951,2841466,10
0,1608490759,1.004385,2843825,27
0,227344459,1.132354,2845436,17
0,2126681311,0.970764,2849181,47
0,1461031639,0.844907,2849700,1
0,3119257927,0.971267,2850352,3
0,3568758751,0.876115,2851086,4
0,707061293,0.910550,2852077,8
0,1065954301,0.920152,2855956,49
0,2509030907,0.940101,2856832,6
0,3468825449,1.067086,2857418,2
0,2218604351,0.908940,2858002,2
0,3518164049,0.975280,2860251,26
0,2713562417,0.971267,2861109,6
0,2238329759,0.947859,2862403,12
0,3048586729,1.035503,2864607,25
0,3529332307,0.876115,2865118,1
0,80164531,1.074382,2870859,76
0,1811677093,0.907327,2871602,4
0,508637189,0.895409,2873994,28
0,1965201577,1.116723,2877393,38
0,3649165577,1.015505,2884069,75
0,2460383251,0.897588,2888604,56
0,1563872369,0.940101,2889538,7
0,1501169177,1.244127,2891864,27
0,4038527413,0.863202,2892375,1
0,1055773309,0.981767,2894006,17
0,889596751,1.085235,2900593,88
0,84463133,0.818488,2901372,5
0,359154109,0.817294,2902708,13
0,3993214409,1.173020,2905604,35
0,34759099,0.999023,2907565,22
0,2453358953,1.133647,2908711,10
0,1669167041,0.915364,2911890,39
0,2615474297,1.128899,2915753,49
0,4188065207,1.017426,2916479,4
0,4289507549,1.098205,2917845,13
0,376179491,1.086134,2918971,10
0,3040805171,1.135799,2922133,39
0,2382415253,0.993632,2923334,11
0,3013688659,1.012616,2924407,9
0,961433917,0.916963,2925541,10
0,2622280181,0.920152,2926263,4
0,1527007189,0.813101,2928176,21
0,4416751,0.759060,2929287,10
0,3642206959,0.970764,2931349,23
0,563854937,1.066628,2932767,8
0,3288889007,1.047225,2935598,28
0,2717121007,0.858096,2937608,22
0,2347651973,1.126735,2938886,12
0,1126565789,1.000488,2939392,1
0,1572593741,1.000976,2941218,17
0,632783351,0.920152,2941952,4
0,1088667949,1.052341,2943780,20
0,3061976497,1.035503,2946306,30
0,237099287,0.970764,2947856,16
0,2139860167,1.012133,2948794,7
0,989845781,0.975280,2954041,69
0,2920271741,0.952484,2955117,9
0,4154047607,0.947859,2957728,31
0,120783977,1.039268,2958991,12
0,2075378689,1.038798,2959853,6
0,1744624657,0.911622,2960935,9
0,880505767,1.069828,2963063,24
0,936328097,0.950945,2964285,11
0,6585221,0.941657,2966383,24
0,1533331979,0.877786,2966891,1
0,179464333,0.814900,2968014,10
0,3974122237,0.813101,2969013,8
0,1444269467,0.805862,2969672,3
0,1391938957,0.843171,2972420,33
0,2433616021,0.820275,2973058,3
0,3756097789,1.125434,2973574,1
0,1449488021,0.976781,2974163,2
0,2031931441,1.064337,2974673,1
0,3122043803,1.099538,2975188,1
0,293290519,0.803435,2979667,53
0,412532759,0.858096,2981721,23
0,2708293739,0.969758,2982234,1
0,334210183,0.889391,2984344,11
0,3385500791,0.950945,2986641,24
0,1735354457,1.071652,2987154,1
0,2593757381,1.142657,2988287,10
0,515870609,1.043020,2988873,2
0,1906190929,0.864897,2991326,29
0,2884947677,0.964203,2996242,64
0,1161003983,0.778746,2998499,26
0,2433837787,0.932801,3002089,45
0,4208818729,0.895409,3005538,43
0,1062034007,1.086584,3006689,10
0,1034735423,1.177176,3007769,9
0,1079307829,0.823246,3009616,20
0,3891741331,0.844907,3012593,36
0,1596265549,0.946829,3014907,27
0,579214079,0.938541,3016816,21
0,1230603779,0.997556,3019409,31
0,2687970001,0.915897,3020340,7
0,2861485619,0.881117,3022319,22
0,2598999961,1.173020,3024716,28
0,2009616143,0.766103,3025721,8
0,784870901,0.924387,3027342,17
0,1563621343,0.936979,3028292,7
0,2690521529,0.996086,3029014,4
0,1004663983,1.146496,3032140,38
0,4127948309,1.037387,3035389,33
0,1964642717,1.017426,3038005,30
0,2115430843,0.903552,3039430,14
0,1517300831,0.940101,3043620,51
0,936444623,0.987223,3044978,13
0,1764267199,0.944247,3047858,35
0,3539816843,0.938541,3048372,1
0,3672047713,1.075745,3048878,1
0,2368190051,0.911622,3050017,10
0,3488808691,1.101313,3051809,19
0,3948819541,0.877229,3052740,7
0,1795422631,1.004871,3053618,6
0,934507169,1.043020,3054336,4
0,1179081653,0.880563,3056170,20
0,2480630699,1.105296,3057472,12
0,3613894369,0.751301,3060859,42
0,2049189211,1.070284,3062201,13
0,2331636557,0.846639,3062726,1
0,352398953,0.970764,3063646,7
0,3868444427,0.973777,3064576,7
0,4262449903,0.915364,3065107,1
0,220176421,0.958107,3067342,26
0,3651563407,1.000000,3068139,5
0,4286172697,0.911086,3073704,73
0,1050972239,0.942694,3077476,48
0,3704866393,1.007782,3079533,23
0,171512669,1.015505,3083037,40
0,994183427,1.098205,3086678,33
0,3875165813,1.115848,3087421,2
0,1655631749,0.880563,3088422,8
0,2757583133,1.229123,3091177,32
0,3461392709,0.934370,3092781,16
0,1827558809,1.202618,3093720,7
0,2173295491,0.701561,3097732,51
0,433145341,0.996086,3100687,36
0,121912039,1.030776,3102444,19
0,1486862549,0.944247,3103730,12
0,4055966281,0.858664,3105205,15
0,2607239347,0.766103,3105725,1
0,1619412989,1.027930,3107073,13
0,2137824347,0.781875,3109750,32
0,2464434887,1.070740,3111508,19
0,1660806151,1.184618,3114178,32
0,4038529463,1.002438,3119018,63
0,1072293361,1.126301,3120298,12
0,1705043149,1.027930,3122005,18
0,4187309249,1.209096,3123413,14
0,1681259113,0.969758,3123994,2
0,914737727,1.029829,3125202,11
0,2895848951,1.101756,3127275,23
0,3177231599,0.745429,3128216,7
0,1031152897,1.189554,3130404,25
0,3925959097,0.804043,3137943,102
0,2436304753,0.899761,3139023,9
0,3318820187,1.033142,3139682,3
0,768313067,1.102642,3143959,48
0,541064059,0.880563,3144793,5
0,1576278637,0.834439,3146003,11
0,54705583,0.981270,3146990,8
0,3928959269,0.970764,3147861,3
0,2784843353,1.078917,3151050,39
0,2205036983,0.911622,3152048,8
0,1278033733,1.098205,3153740,18
0,3360759637,1.157094,3159625,78
0,2411765891,0.817294,3161816,25
0,4092759739,0.942176,3162546,4
0,3072089177,1.043488,3164526,22
0,2490629741,0.971267,3165615,9
0,518205439,1.156672,3166203,2
0,602242637,1.064795,3168182,22
0,2225334071,1.095980,3168844,3
0,2690281931,0.895409,3169708,6
0,1257230851,0.939581,3172104,28
0,1126219513,0.908940,3172961,6
0,176107663,0.907327,3174732,19
0,1222768903,0.983258,3177759,37
0,215826563,0.952484,3178752,8
0,1278160277,0.921213,3186133,95
0,2920979261,1.203835,3187166,8
0,1025628671,0.978779,3189146,8
0,654910783,0.876115,3190745,15
0,141624881,1.012133,3191660,7
0,70696807,0.873324,3193205,15
0,2855303993,0.864897,3195755,30
0,1139445311,0.820275,3196478,4
0,964668511,0.827978,3199165,32
0,1037208829,0.880563,3200726,16
0,3609726817,0.982762,3202559,20
0,1035952949,0.716027,3203437,6
0,2062612523,0.908403,3211581,108
0,2117148101,0.955044,3214558,36
0,3118105553,1.226737,3215990,14
0,531211963,0.975280,3219287,41
0,3902035523,1.064337,3220217,7
0,2657138621,0.944247,3221573,13
0,2928147619,0.670966,3225164,45
0,1940816069,0.938541,3227075,21
0,2528800279,1.198143,3229050,22
0,687812137,0.827388,3230752,18
0,505254661,0.877786,3233011,26
0,3222852361,1.052341,3233509,1
0,3747375967,1.033615,3235711,25
0,2603144129,0.988706,3241598,78
0,4280450479,1.066628,3249456,99
0,3586461421,0.975280,3250444,7
0,197015249,0.855246,3251713,12
0,1340882509,0.916963,3253139,14
0,329398873,0.778746,3254410,12
0,1845012791,1.037387,3262524,110
0,816546077,0.893772,3266660,53
0,4266491809,1.197736,3268566,21
0,208031357,1.108825,3269493,7
0,790330501,0.986728,3270590,9
0,2999567717,0.846639,3273186,31
0,3449438071,0.972774,3274054,6
0,2101567007,0.970764,3276739,32
0,1812506537,0.817294,3277869,10
0,714807529,1.006328,3278581,4
0,3769738463,0.882225,3280074,15
0,12581909,0.963190,3284341,55
0,992390143,0.799169,3287123,28
0,1957872443,0.852959,3289048,21
0,2453313697,1.109705,3290976,8
0,1098071201,1.046292,3291849,1
0,682521701,0.756482,3294336,29
0,3702690419,1.004871,3295059,4
0,2580192029,1.159624,3296766,18
0,4062085957,0.751951,3298038,12
0,1976668073,0.967237,3298967,7
0,604834921,0.913227,3301895,36
0,588232811,0.635075,3304569,32
0,772519211,0.978779,3305363,5
0,268839589,0.903552,3306697,13
0,542229109,0.832682,3307620,7
0,3719224981,1.158360,3309054,14
0,697909477,1.031723,3311303,26
0,3039587911,0.973276,3311884,2
0,1547232259,0.855816,3315669,48
0,3007863797,0.866589,3316252,2
0,3022784143,0.978779,3321004,62
0,3427175039,1.005357,3322282,12
0,432316067,1.040677,3323420,10
0,102250639,0.942176,3324261,6
0,335328193,1.019344,3325679,14
0,330458521,1.007782,3327569,21
0,325459139,1.078917,3330314,33
0,1164712183,1.116723,3331380,9
0,1616640877,0.963190,3333029,17
0,1734197273,0.886090,3333815,5
0,2509272173,0.635075,3334323,1
0,229469399,0.880563,3335949,17
0,1339863533,0.876115,3343109,92
0,2872707511,0.831508,3346011,35
0,4251442219,0.860369,3347428,11
0,3413831959,0.921743,3350611,39
0,339396289,1.062959,3351736,10
0,3948826223,0.908940,3352950,11
0,2693968061,0.858664,3354790,20
0,2163348599,0.822059,3360129,70
0,4228774799,1.008267,3361638,15
0,2619994007,0.942694,3362295,3
0,3030318397,0.753248,3363307,8
0,3859807433,0.851240,3365150,20
0,1320434537,1.094196,3367559,28
0,2962833427,0.977780,3368288,4
0,3929288647,1.159624,3370415,24
0,35131487,1.101313,3371388,8
0,210711863,0.791187,3375935,59
0,3740536577,1.012133,3378620,32
0,2836738477,0.750651,3380525,21
0,3816276271,0.813701,3384818,55
0,1295557057,1.064795,3385610,5
0,1034890007,0.851240,3386333,4
0,2210764433,1.074382,3389874,40
0,3357345083,1.190785,3391174,12
0,2905521797,0.644235,3393342,12
0,1902166921,0.748044,3394549,8
0,3189862993,0.983258,3398425,49
0,2795569961,0.844907,3400622,25
0,1009841249,0.975280,3403031,28
0,3604821431,1.019344,3406702,46
0,1560770503,0.781875,3407427,4
0,153727631,0.939581,3411650,54
0,3440399113,0.846062,3412642,8
0,1463751371,0.750651,3414907,26
0,3063047989,0.877229,3416391,15
0,2546583703,0.974780,3418998,31
0,2798714291,0.760987,3420220,11
0,1767905341,1.008267,3421075,6
0,2319084623,1.070284,3421662,2
0,1451132939,1.131060,3423095,14
0,2550362999,0.969254,3425857,33
0,1256148701,0.987223,3428402,30
0,2759666369,0.995105,3430092,18
0,1369520771,1.018386,3431014,7
0,4189874141,0.822059,3434616,45
0,2728555223,0.893772,3435196,2
0,2947184861,1.000976,3436208,8
0,3628581287,1.016466,3436726,1
0,1725750157,0.625781,3438147,14
0,3246719303,0.893772,3441581,43
0,247764967,1.074382,3443276,18
0,1310846393,0.973777,3444865,13
0,2447847359,0.915364,3445749,6
0,635596699,0.811899,3448634,35
0,2175314549,0.962683,3451371,30
0,1430109623,0.963190,3451975,2
0,3206846417,0.981767,3454033,23
0,2630562427,0.955044,3457482,43
0,3195731717,0.820275,3459053,16
0,4029224057,1.000488,3460045,8
0,1379250329,0.920152,3460912,6
0,3858375349,1.043488,3462214,12
0,2172039773,0.872205,3462871,3
0,4242772033,0.939581,3464010,10
0,3407246377,0.927551,3465905,21
0,3834005443,0.883883,3468368,29
0,4258129331,0.895409,3470563,25
0,3071946413,0.950432,3471722,10
0,13571479,0.939581,3473892,25
0,2608310123,1.004871,3475396,15
0,3640652549,1.063419,3478021,31
0,1924621409,0.962683,3478738,4
0,389306173,0.846639,3479668,7
0,371578811,0.975280,3482702,37
0,725322827,1.017906,3484412,18
0,179199353,0.985738,3485403,8
0,51513797,0.858096,3487635,26
0,3318135209,0.946313,3489048,14
0,539049053,1.111903,3491626,26
0,1401618893,0.923859,3494388,33
0,366588377,0.854103,3504474,124
0,3069108467,1.048623,3507325,33
0,4096057919,0.791804,3508751,14
0,314852339,1.189554,3515888,96
0,832807771,0.884436,3518140,26
0,4117681739,0.981767,3520476,27
0,2110656169,0.981767,3521343,6
0,2448338279,1.050483,3522000,3
0,2821134091,0.946313,3522715,4
0,3512871631,1.039738,3523580,6
0,3341226751,1.149898,3524388,5
0,3081950269,1.017426,3525392,8
0,923520197,0.942694,3526038,3
0,185461519,1.014061,3527668,17
0,1250538001,1.122393,3528797,10
0,4058874683,0.846639,3529668,6
0,3749039381,0.970261,3531305,17
0,1250262337,1.035031,3532366,9
0,2114112943,0.854103,3533159,5
0,3325913573,0.858664,3533812,3
0,4093186879,1.031250,3536073,26
0,1329370507,1.122393,3542927,92
0,1412598361,0.829745,3544057,10
0,764340547,0.977281,3545415,13
0,2298346979,0.880563,3546232,2
0,249901063,0.978779,3548979,33
0,2398360037,0.812500,3553001,49
0,2570304221,1.109705,3554013,8
0,1699200577,1.064337,3556267,26
0,1237025641,1.070740,3558874,31
0,448773113,0.970764,3559878,8
0,1518607697,0.842012,3560448,2
0,726361723,1.008267,3561448,8
0,225365867,0.846639,3562028,2
0,1011046403,0.969758,3562945,7
0,2513752237,0.784369,3565905,36
0,338888101,1.031723,3567660,19
0,4146393479,0.793652,3568382,4
0,336016451,0.934370,3568956,2
0,1569815449,0.976781,3569889,7
0,105625739,0.954021,3571644,19
0,4122738463,0.945797,3573018,13
0,246428219,0.911622,3573934,7
0,94039397,0.972774,3575061,10
0,3585251521,0.958107,3578563,44
0,3987943153,0.760345,3579156,2
0,4122469163,0.969254,3583451,55
0,2065364647,0.952484,3584327,6
0,2645328703,1.033142,3586580,26
0,1068671117,1.132354,3587442,6
0,101024971,0.884436,3588073,3
0,1404426137,0.987223,3589560,15
0,1623651713,1.133217,3590282,4
0,4010169859,0.846639,3591787,15
0,1029969791,0.849517,3592859,9
0,4218697933,0.835609,3594424,12
0,3491980361,0.947859,3595354,7
0,153580043,0.791187,3596203,6
0,3219962959,0.858664,3599299,21
0,1860713993,1.192833,3605042,72
0,3676065787,0.899761,3606052,8
0,4047678553,0.701561,3606558,1
0,2433553007,0.766103,3607989,14
0,1065251507,0.822653,3608509,1
0,2256414691,0.895409,3613408,64
0,2631450797,1.062959,3616975,45
0,906596749,0.656994,3617552,2
0,198952361,0.971267,3620088,30
0,4276896061,1.101313,3620742,3
0,2376300841,0.933847,3621947,11
0,2139459001,0.872205,3623364,14
0,1984775389,1.287333,3627096,47
0,4026932617,0.903552,3627873,5
0,1150485097,0.924387,3628657,5
0,2036671939,0.886090,3639651,151
0,3770582329,1.078917,3640994,13
0,3058550269,0.956577,3643197,25
0,3837409889,0.944247,3646595,42
0,904939877,1.035974,3647594,8
0,3138438283,1.111464,3648680,9
0,564262537,1.006328,3651473,28
0,108625939,1.025552,3652348,6
0,2452368691,1.007782,3654185,20
0,1989226441,1.000488,3654835,3
0,3971165593,1.105296,3656944,21
0,1900647631,1.002438,3657751,5
0,411738149,0.938541,3658945,11
0,1084950463,0.913227,3661410,29
0,2558416697,0.823246,3662199,5
0,4008770807,0.787475,3664475,26
0,3996230377,0.822653,3666192,18
0,1969309687,0.928078,3669368,39
0,2023366607,0.976781,3670510,10
0,2998880933,1.219551,3671936,14
0,2235650957,1.109705,3673344,14
0,3023724401,0.844329,3674412,9
0,1053805939,1.030776,3675971,16
0,1738949761,1.054659,3677523,16
0,3743395037,0.976781,3678253,4
0,832086583,1.101313,3679731,15
0,1443622879,0.906250,3680461,4
0,2734176749,0.875558,3681745,12
0,212253733,1.098205,3684130,28
0,948401737,0.939581,3684643,1
0,3856123781,0.911086,3686416,19
0,1633722197,0.864332,3687131,4
0,3870979759,0.950945,3689813,32
0,1346353511,0.886090,3695155,70
0,2554354043,0.851240,3696480,8
0,1762255403,0.713295,3697501,8
0,3234623113,0.915897,3699127,17
0,377870489,1.128467,3704916,62
0,1795527649,1.032197,3707320,23
0,126356173,0.947859,3709304,22
0,2821318727,0.782499,3710653,13
0,2131442219,1.002438,3711799,10
0,767614843,0.888841,3713494,18
0,3267409267,1.102642,3715480,22
0,3634197641,1.008267,3718160,32
0,1962495809,1.008267,3719852,18
0,3695314577,0.820275,3720779,7
0,1613652167,1.025076,3721638,6
0,591370939,1.102642,3723133,15
0,3563012393,0.939581,3724970,20
0,3595418711,0.932801,3730259,69
0,2907534521,1.015505,3731261,8
0,1092629297,0.916963,3733290,23
0,1395062077,1.008267,3735208,21
0,3956511437,0.858096,3737125,21
0,945961327,1.059278,3738891,19
0,675613217,1.115848,3739453,2
0,3715896071,0.946313,3740876,14
0,405140843,0.737526,3742848,22
0,895567391,1.152867,3743848,8
0,1351441067,0.884436,3745902,23
0,3216131749,0.946313,3747180,12
0,924910193,0.877786,3748797,17
0,205482373,0.944247,3752033,40
0,3039583787,0.893772,3755821,48
0,3781254989,0.915897,3757355,12
0,4265566783,0.696672,3758735,12
0,4051278947,0.784369,3760693,17
0,3636619003,0.970764,3761436,3
0,8932639,0.915897,3763461,23
0,1547099971,1.048623,3763983,1
0,2383613867,1.197736,3766611,29
0,848987189,0.913227,3768794,25
0,1087353973,0.969758,3770418,17
0,3914065117,1.161727,3772541,24
0,329988179,0.969254,3773890,13
0,2406980677,0.971267,3775454,16
0,2526161713,0.888841,3778322,35
0,1919583977,0.875000,3778969,3
0,693210613,0.846639,3780523,16
0,2371573163,0.730208,3782163,17
0,3775150637,1.048157,3783153,8
0,768585817,0.756482,3784079,7
0,2992165949,0.834439,3784666,2
0,268776247,0.906250,3787113,28
0,2677134407,0.846639,3787649,1
0,3754953929,0.941657,3788991,13
0,2082886823,0.939581,3789649,3
0,3131870461,0.938021,3790444,5
0,102713291,0.945797,3793449,37
0,4188712189,0.736201,3796142,32
0,2141432441,0.942176,3796728,2
0,3130754309,1.153290,3799081,23
0,2989737197,0.849517,3803322,38
0,652447837,0.787475,3806592,36
0,1802236741,0.853531,3808862,26
0,276972061,0.846639,3810882,23
0,105106769,1.039268,3813895,37
0,720133913,0.761629,3814471,2
0,1846962907,0.942176,3815283,5
0,4152555097,0.815499,3816293,8
0,1896338581,0.841432,3817018,4
0,3961883293,0.784369,3821937,64
0,3597997219,1.014061,3822447,1
0,3729073871,0.753248,3823944,15
0,1451189101,0.882225,3827248,41
0,471981883,0.783746,3828668,14
0,3377541647,0.886090,3829599,7
0,1859034563,1.009718,3837511,107
0,3890491867,0.916963,3838028,1
0,2358201067,1.137517,3840788,33
0,2140630537,1.238226,3841931,10
0,447476453,0.940101,3845026,38
0,1024900483,0.880563,3846302,12
0,1407619819,1.028405,3847025,4
0,1074974539,0.869402,3849854,34
0,793205989,0.817294,3850718,6
0,4092205633,1.130628,3852061,13
0,501137557,0.782499,3855420,37
0,2416058303,1.048157,3858540,38
0,4099049671,0.883883,3859500,5
0,2687620931,0.863202,3861989,29
0,3843180301,0.787475,3862641,3
0,1175013709,1.067086,3863144,1
0,1613701169,0.942694,3863713,2
0,938690981,1.095534,3865272,16
0,791995957,1.004871,3866484,11
0,3219433577,0.783746,3871196,61
0,3204114847,0.817891,3875759,59
0,112243147,0.950432,3877089,13
0,839055319,0.786855,3878017,7
0,2331082561,0.938541,3880483,29
0,3704328031,0.888841,3881433,7
0,3430157209,0.852959,3881939,1
0,2629535501,0.886090,3885579,46
0,1569089351,0.848942,3886309,4
0,2377563109,0.925971,3889538,40
0,329678627,0.969254,3890611,9
0,1265320841,0.858096,3892443,20
0,1197539359,1.032669,3895100,32
0,3985162849,1.043488,3898049,36
0,1247046439,0.880008,3898976,7
0,88594237,0.858664,3899625,3
0,303586823,0.781250,3902156,26
0,1491447973,0.873324,3905349,27
0,44419367,0.940101,3906241,3
0,4072251193,0.880563,3906840,2
0,3430020541,0.863202,3907846,8
0,3888394453,0.973777,3908924,9
0,1122649091,1.095980,3909777,6
0,3594482323,1.043488,3911633,20
0,1923032669,0.940620,3917249,74
0,2622943451,1.101313,3918540,12
0,3660731719,1.037387,3919190,3
0,4088620609,1.299790,3920396,11
0,779836193,1.039268,3926572,82
0,3774024491,0.818488,3929176,31
0,3729958187,1.163407,3932703,44
0,2598779809,0.908940,3933770,9
0,1427706557,1.008267,3934991,11
0,1508685973,1.064795,3936134,10
0,2778555863,1.016466,3937633,15
0,426098957,0.916963,3939613,22
0,4248348329,0.752600,3941671,23
0,3308304299,0.916963,3943503,20
0,445782341,1.054659,3944703,11
0,2257699949,0.750651,3945419,4
0,2580976681,0.919621,3948803,42
0,1802047213,0.916963,3950712,21
0,4066201213,0.891036,3952765,23
0,3732018119,0.907327,3955503,33
0,272578679,0.815499,3956503,8
0,3389400029,1.080726,3958069,16
0,3189508513,0.851240,3958779,4
0,2919790469,1.047225,3960594,15
0,1452518869,0.978280,3962933,27
0,1639456499,1.149898,3964488,16
0,880070333,1.067086,3965635,7
0,2620104967,0.848942,3967202,16
0,4038854173,0.877786,3969106,21
0,1812227639,0.688919,3972542,43
0,3096973123,0.907327,3973326,5
0,3720086687,1.063419,3975578,26
0,4160876563,1.044891,3978402,34
0,2892886961,1.038798,3980097,18
0,3678451003,1.102642,3981929,20
0,1437002137,0.915364,3985427,44
0,3270291929,0.852959,3987329,21
0,3011727583,0.852959,3993080,76
0,1558670651,0.981767,3993738,3
0,1167379709,0.846062,3995650,21
0,802134401,1.048157,3998394,33
0,4005016633,1.156672,4002556,53
0,2547731371,0.910550,4005203,27
0,1917921211,0.963190,4010241,52
0,2047200593,1.078012,4013657,40
0,2619275657,1.033142,4017173,44
0,2219439041,0.942694,4021368,54
0,13525153,1.082983,4023106,19
0,1468229051,0.989199,4024386,12
0,3080726827,1.081178,4025665,12
0,2144104273,0.882225,4027572,21
0,3128288477,0.755190,4033058,72
0,4117800671,0.762910,4034349,12
0,2119004131,0.813101,4035223,6
0,1038077351,1.004385,4037140,21
0,1685778449,0.867152,4040355,40
0,654814361,0.950432,4040931,2
0,2107599289,1.219151,4041449,1
0,582542707,0.804043,4042791,13
0,2944479019,1.033615,4043582,5
0,476569631,0.823246,4046604,37
0,2783829071,0.910550,4048025,14
0,2364548587,1.000976,4051114,38
0,3146304911,0.942176,4052678,16
0,1652006287,0.783746,4055487,34
0,1404069767,0.851240,4057130,17
0,2411815457,0.888841,4058653,11
0,3398427829,0.920152,4060930,26
0,1842492661,0.891036,4062640,18
0,226905047,0.782499,4063620,5
0,4035391951,0.919621,4066159,30
0,2569612343,1.062959,4067014,6
0,2508254569,1.064337,4067868,6
0,2490218771,0.784369,4068527,3
0,819020947,0.975280,4070633,24
0,1051296107,0.880563,4071211,2
0,1485400321,0.818488,4075498,55
0,658479763,0.938021,4077629,24
0,1951234261,1.080726,4081969,56
0,999443903,0.915364,4082762,5
0,2528951723,1.054659,4085097,27
0,415675867,1.085235,4085682,2
0,812546149,0.884436,4086681,8
0,292900093,1.000976,4088308,17
0,2335784923,1.012133,4089522,11
0,2326222889,0.877229,4091919,28
0,3696099703,0.928078,4092429,1
0,2350129433,0.925971,4096007,45
0,694769483,1.033142,4100293,55
0,1227077507,0.947859,4101017,4
0,893284817,1.033615,4102014,8
0,3248737139,0.877229,4104212,25
0,2383636093,0.973777,4108085,45
0,1464890579,0.858096,4110570,15
0,271575131,0.932801,4111944,11
0,2998113203,1.078012,4114273,27
0,2209500193,1.066170,4118299,51
0,1425602869,1.170520,4122029,47
0,406988999,1.013098,4127138,67
0,4117540237,1.012133,4132903,76
0,3225334243,0.921743,4133700,5
0,532344149,1.070284,4134993,12
0,4054089209,0.969758,4137464,29
0,316259159,0.853531,4139667,25
0,34200227,0.919621,4140367,4
0,1093339931,1.002438,4141011,3
0,854358979,1.073018,4141733,4
0,3113032873,1.236647,4144695,36
0,2515867709,0.858664,4145346,3
0,904249981,0.836777,4148051,31
0,379026533,1.164665,4149742,18
0,2305345891,0.724164,4150319,2
0,3022657283,0.724164,4150962,3
0,4153566943,0.899761,4151845,6
0,1255980811,1.226737,4152361,1
0,2549763263,1.111903,4153368,8
0,2574935371,0.930180,4155280,21
0,4208071507,1.128467,4155868,2
0,1082328703,0.893772,4157345,15
0,3809530157,1.121958,4158970,17
0,3960472183,0.932801,4160174,11
0,141688069,0.766103,4162456,22
0,2029167191,1.073928,4162996,1
0,2581823059,0.976781,4167439,55
0,1821298793,0.880563,4168394,7
0,3948714953,0.752600,4169255,6
0,1249408759,1.121958,4171592,27
0,1443854381,1.001951,4173561,22
0,1656542497,1.070284,4174492,7
0,395995763,1.004871,4177377,35
0,1967061973,0.987223,4178251,6
0,1742780269,0.812500,4179880,17
0,1768230521,0.910550,4181497,17
0,1423017647,1.063419,4184315,34
0,1561777079,0.908940,4187419,38
0,2938458317,1.050019,4187999,2
0,3506705837,0.950432,4188573,2
0,1483235833,0.919621,4190970,28
0,962123243,0.934370,4191968,8
0,427121663,0.978779,4194797,34
0,1768873387,0.971267,4195803,8
0,2973267827,1.031250,4197657,20
0,1128003529,0.760987,4198595,7
0,1368584339,1.009718,4200017,14
0,3010279847,0.908403,4200742,4
0,3496315769,0.846062,4201389,3
0,29776457,0.906789,4202510,10
0,548229323,1.004871,4203859,13
0,1617100867,1.099538,4204772,7
0,2366408861,0.848367,4208424,39
0,1793084947,1.044891,4212834,41
0,3494442349,1.039268,4213591,2
0,2057033963,1.106621,4214319,4
0,337187861,1.097761,4214882,2
0,1022240621,1.207480,4215812,7
0,313071271,1.037387,4217285,15
0,837784439,1.186677,4217947,3
0,443487349,1.154137,4224446,87
0,3781945109,1.105296,4228167,47
0,2472086051,1.129332,4229296,10
0,22105159,1.025552,4230840,16
0,1427267269,0.968750,4232321,15
0,2747173423,1.002438,4235019,32
0,3209014439,1.233485,4239022,51
0,1647323033,1.080726,4239671,3
0,3507436253,0.844329,4240186,1
0,1269313979,0.839108,4241182,8
0,841243567,0.908940,4242327,10
0,2617851077,0.876115,4243319,8
0,2115753281,0.876115,4245293,22
0,2187265819,0.984747,4247547,26
0,1006561867,0.793652,4249749,25
0,2110037029,1.067086,4253462,47
0,2029568003,0.751951,4255664,25
0,889338061,1.019344,4260342,61
0,772860419,0.762910,4261329,8
0,365267839,0.830921,4262187,6
0,119365069,0.969758,4263634,10
0,2778853211,0.899761,4264724,9
0,885930827,0.773714,4265514,5
0,2898047,0.836193,4266418,7
0,1742894687,0.876673,4267216,5
0,1412308111,0.860369,4268686,12
0,1260661541,1.075745,4270319,17
0,515970167,0.981767,4275991,75
0,1403352739,1.033615,4278817,34
0,1631346487,0.938021,4283682,63
0,3393111767,1.000000,4284699,8
0,1394207923,1.074382,4290290,74
0,2400239057,0.911622,4292426,24
0,2607309457,0.913227,4293136,4
0,839971919,0.908940,4293856,4
0,3119824223,0.940101,4294380,1
0,3380583203,0.875558,4296356,22
0,3135136139,1.043020,4298410,23
0,473351089,0.781875,4300441,23
0,275694539,0.882225,4303253,34
0,2990625683,1.039268,4305589,27
0,2064872543,0.849517,4309738,53
0,170600501,1.130628,4312984,35
0,2129617157,0.888841,4316105,26
0,4167794299,1.212323,4318135,20
0,2266826851,0.942694,4318710,2
0,3694124101,0.942694,4320419,17
0,283791869,0.787475,4321851,14
0,152063537,0.914830,4323531,18
0,49909147,0.940620,4324516,8
0,2785150117,0.789333,4325987,15
0,3321599447,0.832682,4326793,5
0,3500067019,1.035031,4330236,43
0,525379511,1.030776,4330954,4
0,1439505131,1.025076,4332372,14
0,1013312359,0.964203,4333582,11
0,2362365763,0.976781,4335580,22
0,1603515857,0.771818,4336310,4
0,473179579,1.019823,4337301,8
0,1312850417,0.882225,4340599,41
0,2125142099,1.002438,4342501,21
0,3996570719,1.000488,4343724,11
0,1201762979,1.078012,4347453,47
0,2968019077,0.784369,4348441,8
0,3669263099,1.084785,4352230,48
0,3532313753,0.844329,4352951,4
0,3067117583,0.796722,4353733,5
0,3793913729,0.862070,4354796,9
0,4168399007,1.146070,4356364,16
0,3297558991,0.827388,4357498,10
0,4217954137,0.987223,4364669,96
0,4219632503,0.911622,4366592,21
0,1560344573,0.964709,4367878,12
0,2762640217,0.893772,4369594,15
0,342734443,0.827978,4373666,51
0,4229672189,0.907327,4376745,35
0,669333443,0.791187,4378604,20
0,684815303,1.129332,4384702,81
0,468782359,1.008267,4385632,7
0,2085917179,0.781250,4386216,2
0,799136869,0.942176,4388698,29
0,2091412907,0.818488,4389351,3
0,1654466999,1.144365,4390421,9
0,846321403,0.939581,4391423,8
0,3644164697,1.000976,4391932,1
0,1321485527,0.860369,4400297,113
0,1860306983,0.906789,4402059,19
0,844515143,0.969758,4405368,41
0,3907038301,1.040677,4406156,5
0,4268297207,0.973777,4406891,4
0,1333705739,0.915364,4416128,121
0,3344673847,0.884436,4419169,19
0,1324219601,0.937500,4424295,61
0,3207285383,0.915364,4426996,32
0,1483417037,0.963190,4429756,33
0,1431893641,1.008267,4432931,39
0,4069801261,0.783746,4436014,38
0,2912252363,0.946313,4437085,9
0,156149219,1.004871,4439625,30
0,1815855787,0.693159,4441459,20
0,2229400343,1.093750,4442951,15
0,3926909333,0.950432,4444507,16
0,4234113601,0.849517,4445162,3
0,3302960593,1.127168,4448531,42
0,439653757,0.897044,4449384,6
0,1547607619,0.942694,4451437,23
0,2928689293,1.004871,4452149,4
0,3041234387,0.832682,4452670,1
0,916409173,0.884436,4453459,5
0,2350986269,1.017906,4454456,8
0,1933642987,0.817891,4456304,20
0,1510019377,1.012133,4457982,18
0,1891637819,1.323245,4458710,4
0,2689591127,0.970764,4461039,27
0,1275841037,0.913227,4462378,13
0,581146361,0.895409,4466223,49
0,536572973,0.781875,4467362,10
0,2764370813,0.815499,4468511,10
0,3674181127,0.820275,4470359,20
0,3757462411,0.827388,4471508,10
0,1700380651,0.952484,4472948,10
0,2499359201,0.942694,4473968,8
0,1573047733,1.008267,4474830,6
0,2550163519,0.889391,4475698,6
0,2827617211,1.099538,4476698,8
0,4278269887,0.889939,4477800,7
0,3064575977,0.815499,4479168,13
0,313210901,1.085235,4479675,1
0,511880917,0.969758,4480319,3
0,1929176177,0.908940,4480902,2
0,260261971,0.863202,4482384,15
0,2686835909,1.001951,4485471,38
0,1064345131,1.004385,4486545,9
0,888136309,1.080726,4487128,2
0,1402066189,0.945797,4490564,43
0,3586454233,0.883883,4492832,26
0,3650447261,1.038798,4493835,8
0,1662340469,1.039268,4494554,4
0,1319698883,0.906250,4495273,4
0,2442887897,0.977780,4497105,20
0,431526241,0.981270,4499563,29
0,1974342661,1.109705,4501267,18
0,324369193,1.004871,4504868,45
0,4088309627,0.946829,4506026,10
0,967411889,0.875558,4506607,2
0,3658565269,0.886090,4507738,10
0,3896687681,0.729539,4512497,62
0,1504248379,1.111903,4514754,26
0,960123223,0.811899,4515867,5
0,178041361,0.743461,4516801,7
0,10966339,1.006328,4518625,20
0,3365059037,0.883883,4521939,24
0,475563817,0.691042,4522748,5
0,1486362523,0.906789,4523611,6
0,1999854859,0.950432,4524619,8
0,4814867,1.001951,4525861,12
0,3447797063,0.950432,4526654,5
0,1179791801,1.033142,4527514,6
0,2104790819,1.022214,4528861,13
0,1831423183,1.059278,4529444,2
0,3386278417,1.033142,4530154,4
0,1933107419,0.875000,4530805,3
0,3236685269,0.916963,4532721,21
0,3982875521,0.882225,4533233,1
0,1340017229,1.115848,4536683,43
0,1590907,0.775605,4537437,5
0,1186463251,0.974780,4540392,36
0,2097664703,0.911622,4541468,9
0,3822852391,1.073928,4547294,77
0,1958539579,1.166760,4548372,9
0,1937511113,0.768648,4550714,27
0,3448967611,0.811297,4552413,18
0,2731823749,0.919621,4554029,17
0,639597737,0.813101,4554815,5
0,1772248871,0.923330,4555613,5
0,4101036311,1.002438,4556195,2
0,4198565351,0.753248,4557407,11
0,3434051653,0.817294,4558483,9
0,878432747,1.066170,4560950,29
0,2912421901,0.963190,4561728,5
0,1753095523,0.815499,4564396,32
0,1308702481,1.010685,4566358,22
0,1109347249,0.970764,4567655,12
0,4154592523,0.637377,4570473,29
0,2837050103,0.864332,4575262,62
0,304308583,1.035503,4578026,32
0,2480041987,1.008267,4579242,11
0,3318997931,0.884436,4579830,2
0,1845351311,0.812500,4580563,4
0,266570389,0.991172,4582679,24
0,2010609511,0.939581,4584053,13
0,3842481809,0.848942,4586463,28
0,185175853,0.915364,4593664,97
0,131562721,0.813701,4594582,7
0,1170478891,0.843750,4595722,10
0,373248199,1.098205,4596435,4
0,804046007,1.063419,4597720,12
0,3790593341,1.102642,4600264,30
0,1569214963,0.945797,4602451,25
0,4086135803,0.941657,4605547,38
0,3053096003,0.824432,4607382,20
0,4089058973,0.849517,4607898,1
0,3776683541,1.001951,4609110,11
0,3188945887,1.000488,4609638,1
0,3521762683,0.818488,4610650,8
0,807082127,1.021736,4612276,17
0,2527551731,1.094643,4615865,45
0,339854737,1.040677,4617484,17
0,451030849,0.877786,4620518,34
0,1145699761,1.162987,4624330,29
0,886172839,1.195695,4625865,13
0,138440527,0.976781,4628171,27
0,2104862159,1.202618,4628761,2
0,30592091,1.001951,4630157,14
0,506718691,0.729539,4635223,66
0,1106124277,0.783746,4641953,90
0,12203651,1.012616,4644107,25
0,1192469557,1.137946,4645378,12
0,4057542061,0.928078,4648257,35
0,2025488173,0.908940,4648983,4
0,2758263007,0.973777,4650192,11
0,3919353463,1.129332,4653150,36
0,2135840279,0.813101,4653674,1
0,3429179639,0.789333,4655924,26
0,3124661993,0.876115,4659089,39
0,1985205449,1.163407,4661134,23
0,3268532759,1.038798,4664572,43
0,3856519193,0.938541,4667611,37
0,3468665789,0.849517,4671284,46
0,869372219,0.936979,4672780,15
0,2805348967,1.040677,4673858,9
0,2765546809,1.056047,4675392,11
0,766642949,1.056047,4685612,137
0,3411532301,0.977281,4687474,20
0,1805321887,0.846062,4690928,43
0,16283357,0.848942,4692972,23
0,4264422419,1.040677,4697136,53
0,2723028521,0.781875,4701197,52
0,175944721,0.949404,4704271,38
0,3114511187,0.937500,4704933,3
0,1009427437,1.044891,4705952,7
0,3797584403,0.895409,4707456,15
0,3016532383,1.081178,4709790,27
0,2446747187,0.880563,4711066,12
0,2287375663,0.842012,4715828,62
0,1873826623,0.858664,4717249,14
0,180012457,1.097316,4718312,9
0,1810195367,1.068458,4719872,16
0,1344636001,0.685366,4721920,20
0,2834850101,0.969254,4722669,4
0,1947720337,1.002438,4723317,3
0,1873924253,1.043488,4726160,19
0,3150414053,0.980772,4730041,48
0,3011105639,0.970764,4730707,3
0,2883989699,1.008267,4732341,17
0,773822311,1.025552,4733342,8
0,2875669861,0.894864,4735533,25
0,3386513453,1.047225,4738235,32
0,2758379249,0.994614,4739507,12
0,1308612509,0.782499,4740524,8
0,2702321483,0.971267,4741445,7
0,2187230641,0.906789,4743066,17
0,1695911911,0.864332,4743929,6
0,2364590297,0.914830,4744784,6
0,3580129051,0.932801,4745859,9
0,2643650431,0.981270,4755163,127
0,3948429131,0.858664,4756450,12
0,155274499,0.899761,4757645,11
0,2936082797,1.079370,4758290,3
0,4224954103,1.128899,4762521,54
0,321725263,1.110145,4764990,29
0,1592612731,1.029829,4766571,16
0,468641639,0.853531,4767657,9
0,872601089,0.822653,4777199,125
0,2543667067,0.852959,4778654,14
0,1803586277,0.787475,4779508,6
0,1231478527,0.832682,4780867,13
0,1731693167,1.002438,4781752,4
0,4269536017,0.755837,4785150,42
0,4144549501,0.880563,4786330,9
0,312636587,1.016466,4787775,14
0,4233745141,0.942694,4788571,5
0,453797941,0.879453,4789913,13
0,3373093673,0.791804,4790416,1
0,1606957579,1.019344,4792047,17
0,1178617031,0.976781,4792626,2
0,245769233,1.166760,4793188,2
0,3656017201,0.851240,4794321,10
0,971027459,0.964203,4795101,5
0,2341491983,1.039268,4797778,32
0,1599740249,0.853531,4798566,5
0,3176814659,1.102642,4800070,15
0,2407160801,0.942694,4801558,15
0,572003219,0.973777,4809391,106
0,55374307,0.903552,4811071,18
0,545152403,0.836193,4812420,13
0,2191445999,0.864897,4817082,60
0,4062482729,1.064795,4817662,2
0,1295489803,1.070740,4818245,2
0,1854293387,0.787475,4819241,8
0,667691639,0.904092,4819822,2
0,1387660847,0.968750,4820400,2
0,3446556361,0.818488,4823080,28
0,1863010987,0.647260,4824401,12
0,373548277,0.873883,4827066,17
0,1395679609,1.000976,4830900,45
0,2791406659,1.085235,4832475,15
0,3484278751,1.004385,4834484,22
0,2779388869,0.842012,4839200,61
0,1994251999,0.915897,4841208,22
0,1151639893,0.876115,4843732,30
0,3462036209,1.094196,4844802,9
0,2002744223,0.854103,4849581,62
0,4280234597,0.751951,4850523,7
0,261360133,0.850666,4851650,10
0,1103424529,1.091963,4852987,13
0,1074236633,1.012133,4853706,4
0,3587864843,0.903552,4855133,14
0,98957899,0.813701,4856762,17
0,2705060207,0.986728,4857849,9
0,2427594289,1.064795,4860448,31
0,621856853,0.725512,4861502,9
0,3103979183,1.117160,4862663,10
0,3477020803,0.946313,4863522,6
0,139798303,0.908940,4864446,7
0,441803627,0.877229,4865022,2
0,2665099321,0.850666,4865738,4
0,382594141,0.775605,4868908,39
0,769267981,1.044891,4871727,34
0,33622769,0.842012,4873054,13
0,329085391,0.855246,4873843,5
0,3196789289,0.907327,4878107,55
0,897292901,0.651021,4880301,25
0,246998443,0.899761,4880946,3
0,2154889301,0.942694,4881824,3
0,2532593363,1.094196,4882959,9
0,2437403093,0.886090,4886057,38
0,1579623821,0.946829,4886922,6
0,585685091,0.958107,4887920,5
0,4078370519,0.937500,4894148,82
0,1437494353,1.033615,4897014,35
0,2578180393,1.098205,4898431,14
0,3219979663,1.078012,4898958,1
0,3069421673,0.941657,4899687,4
0,831287927,0.846062,4901380,18
0,1162482283,0.915364,4902169,5
0,2526075371,1.070284,4904143,22
0,257558011,0.751951,4905846,18
0,821364239,0.914830,4907405,16
0,2385880031,0.975280,4908270,6
0,2249094571,0.858664,4909837,16
0,3511850813,0.973777,4911392,16
0,3219113861,0.786855,4912758,13
0,974150267,0.946313,4915516,33
0,2065162921,1.129332,4917292,19
0,1385410877,0.940101,4922550,69
0,152727511,0.937500,4924725,25
0,172729561,0.955044,4929606,49
0,993396923,1.157094,4930345,2
0,3382357201,1.056047,4932006,16
0,3658475789,0.977281,4936308,53
0,1972268227,1.033142,4936977,3
0,3406175959,1.080726,4938485,15
0,838401901,0.940101,4941450,36
0,2364003517,0.954021,4942605,10
0,4154449193,1.035031,4945638,37
0,3505674253,0.990186,4946283,3
0,2862071977,0.806468,4948061,19
0,733079293,0.813701,4949972,21
0,3429003563,0.854103,4953129,39
0,2800332883,1.054196,4954342,11
0,3250190003,1.177176,4956039,18
0,3673312177,0.793036,4957871,20
0,3328867271,0.879453,4960417,30
0,4215060401,0.656994,4961074,3
0,2970864181,1.047225,4962070,8
0,319972127,0.776863,4963698,17
0,1410495773,0.849517,4964837,10
0,4041329741,0.902471,4968715,49
0,1531654781,0.848942,4970767,23
0,1404791471,0.968750,4973866,38
0,7792003,0.863202,4975535,18
0,658735307,0.956066,4980712,68
0,890672131,0.834439,4983473,33
0,1368051031,0.973777,4986883,39
0,2707638629,0.897588,4988105,11
0,764250451,0.946313,4988889,5
0,721413103,0.988706,4990984,21
0,968212981,1.043020,4993946,36
0,2727647261,0.969758,4995711,19
0,3179274653,0.817891,4996452,4
0,1101649777,1.191605,4998766,27
0,3369957397,0.916963,5001854,38
0,1959224027,0.939581,5003076,11
0,2249079529,0.858096,5004484,14
0,1970812903,0.823246,5006616,24
0,3499439633,1.250781,5007327,4
0,2934479341,0.950432,5008261,7
0,2416386023,0.938541,5009258,8
0,872788513,0.970764,5010102,6
0,549803311,0.910550,5013732,46
0,480430921,0.888841,5016964,40
0,2514685907,0.813101,5018042,9
0,1925922121,1.033142,5018829,5
0,2894044039,1.205861,5023952,67
0,459595613,0.817294,5024679,4
0,1568357339,0.889391,5025549,6
0,728285801,0.694566,5028002,24
0,2107643101,0.972774,5035306,84
0,13283509,0.722139,5036922,15
0,3422011247,1.105296,5038915,22
0,3623669659,0.958616,5040489,16
0,638785703,0.932801,5043945,43
0,829571551,1.136229,5044453,1
0,4053882383,0.738188,5047256,34
0,3427184077,1.033615,5049660,28
0,242008883,0.814900,5050301,3
0,3157262513,1.154137,5052338,23
0,3367401097,0.886090,5053686,13
0,5309201,0.993632,5054438,5
0,837246967,1.014061,5057540,38
0,3040636967,1.039268,5059515,22
0,3083156897,0.979277,5060094,2
0,1864781383,1.031723,5060614,1
0,1712562403,0.927551,5061961,13
0,176349707,0.827978,5065447,44
0,885015721,1.043020,5068324,35
0,2303917513,0.876115,5073032,61
0,893439863,0.932801,5074098,9
0,910608901,1.039738,5074955,6
0,3350875291,0.921213,5078321,42
0,3171749431,0.736864,5080933,31
0,570485407,0.994614,5082683,13
0,3602394641,1.192833,5083823,9
0,986224549,0.908940,5086589,32
0,2353888657,0.750651,5087241,3
0,69555089,0.971267,5090361,36
0,2190999127,1.066170,5092987,31
0,1796652019,0.877786,5094209,11
0,140682827,0.884988,5094921,4
0,2299334369,0.814900,5096262,13
0,362083237,0.876673,5096767,1
0,2788525297,0.956577,5099084,27
0,2612295529,0.753248,5099737,3
0,3023150551,0.877229,5100461,4
0,1506028273,0.894864,5101043,2
0,1435045817,1.004871,5101626,2
0,251781527,0.725512,5104845,40
0,1090158973,0.927551,5106820,22
0,1167801559,0.891036,5108668,20
0,3760391407,0.964709,5110495,20
0,1412584489,1.102642,5111350,6
0,3536629997,0.971267,5112767,14
0,3108167429,0.860369,5114391,17
0,4047895561,0.880563,5114901,1
0,427052627,0.908403,5115961,9
0,1247940341,0.883883,5117788,20
0,3893374699,0.972774,5118365,2
0,3980154953,1.132354,5120341,22
0,64399613,1.035974,5121050,4
0,4092913507,0.960652,5123314,26
0,3933228697,0.940101,5125153,20
0,3783653347,1.119343,5125809,3
0,2570950777,1.018386,5127294,15
0,3509395303,0.983258,5129565,26
0,3582556123,0.901929,5131890,22
0,1947529097,1.037387,5134326,14
0,3280305653,0.848367,5137658,39
0,395003489,0.796109,5139845,25
0,1215251459,0.673871,5140920,9
0,1856887001,0.701561,5141719,5
0,902722979,0.864897,5145250,44
0,4032734989,1.127168,5149949,61
0,3159568987,1.009718,5153676,47
0,690015113,0.722139,5154600,7
0,641188741,0.709864,5156426,20
0,2850414107,0.960652,5157499,9
0,3020095471,1.048157,5158582,9
0,76600133,0.977281,5159289,4
0,193974481,1.016466,5160357,9
0,2473148549,0.816696,5161067,4
0,22915339,1.048623,5164696,46
0,933127777,0.860369,5166869,25
0,160664419,0.920152,5167439,2
0,1584223769,1.074382,5168506,9
0,1738058821,0.991172,5169365,6
0,3867789631,0.908940,5171832,29
0,709034281,1.002438,5175531,47
0,4152194411,0.827978,5176125,2
0,1253646253,0.976781,5179512,42
0,1720877657,0.877786,5180500,8
0,359433787,1.006328,5181359,6
0,655142687,1.098205,5182218,6
0,434843009,0.829745,5185708,34
0,2462206301,0.950432,5187159,11
0,1517859703,0.969758,5187688,1
0,1074184159,1.035503,5191929,54
0,1075367939,1.004871,5193122,11
0,1385467723,0.973276,5194744,14
0,3551949391,1.000976,5201792,94
0,3776451227,1.002438,5203136,13
0,1612965203,0.921743,5204301,10
0,488629649,0.854103,5205901,14
0,3861849007,0.910550,5207767,20
0,4115784403,1.100870,5210999,40
0,1976158001,0.981767,5214166,39
0,3844024363,0.946313,5216414,26
0,1800383647,1.068458,5218816,28
0,3568288459,0.822059,5219470,3
0,1423093603,1.163407,5219990,1
0,174886267,0.940101,5224713,61
0,322436843,0.944764,5225937,11
0,4126659491,1.035974,5227661,18
0,4015332967,0.938021,5228179,1
0,4257934727,0.813701,5229610,14
0,3123784043,1.091963,5230407,5
0,2932970503,1.040677,5231264,6
0,3404543509,1.199365,5231985,4
0,2928645557,1.019344,5232922,2
0,252665447,0.911622,5236220,41
0,2937682507,0.863202,5238223,9
0,2935102189,1.012133,5240281,21
0,3953599801,0.938021,5242693,28
0,287061107,0.823246,5244513,20
0,1015231421,0.696672,5245160,3
0,3875576113,0.938541,5249991,59
0,2842567471,0.952484,5251301,12
0,1630137337,1.004385,5252233,7
0,2283999701,0.978779,5253359,10
0,2361283943,1.121958,5255147,19
0,2346515537,0.885539,5255669,1
0,3412468693,0.975280,5256953,12
0,3338674607,0.952484,5258922,22
0,490881619,0.971267,5260538,17
0,2482614913,1.002438,5261891,13
0,2121797233,1.108825,5262549,3
0,1133497777,0.815499,5266327,48
0,294001891,0.776234,5266897,2
0,2225126987,0.934370,5268593,18
0,3104347297,1.091963,5269164,2
0,2535577073,1.097316,5274718,73
0,1299269581,1.038328,5275437,4
0,1998064039,1.199365,5276647,11
0,2273323639,0.964203,5280010,42
0,1001217157,0.796722,5282534,30
0,2332163653,1.120651,5283743,11
0,3677878207,1.079370,5285464,18
0,1495764299,1.032669,5286329,6
0,3374641013,1.039738,5287894,16
0,3443959609,0.962683,5288620,4
0,179792609,1.109705,5292345,47
0,3106328129,0.908403,5293547,11
0,3666469921,0.889391,5294328,5
0,4102385429,0.791187,5295742,14
0,865567853,0.876115,5297047,8
0,101004763,1.232296,5297563,1
0,3437500681,0.969758,5298567,8
0,1049851519,0.997556,5300419,20
0,653648269,1.070740,5302100,15
0,3954925529,0.973276,5302719,2
0,1801781747,0.846639,5303994,12
0,3058126507,0.844907,5306110,24
0,3772988039,1.098205,5306968,6
0,3449693153,0.875558,5308040,9
0,4250284957,1.113658,5311418,42
0,2103070873,0.822653,5312279,6
0,1120947409,0.968750,5313134,6
0,821909339,1.040677,5314910,19
0,3049959079,1.050019,5316335,14
0,1231910857,0.988706,5316988,3
0,384948617,1.004871,5318140,10
0,371125289,0.908403,5320665,30
0,2064120749,0.872205,5323281,31
0,263568889,1.115848,5324426,10
0,3408790999,0.880563,5326122,18
0,1612914449,1.063419,5327744,17
0,3968095949,1.097316,5331688,50
0,2950470221,0.906250,5332275,2
0,3218203253,0.921213,5334980,27
0,3146183891,0.946313,5342024,77
0,3888973129,1.046292,5344126,21
0,3151929857,0.791804,5345633,15
0,1167904523,0.823246,5348942,41
0,2698713049,0.906789,5353641,61
0,2360713099,0.981270,5355002,13
0,1056778963,1.102642,5360693,75
0,3640546543,0.970764,5367490,91
0,2662588193,1.095534,5368857,13
0,3650407949,0.791804,5370272,14
0,1260770887,0.822059,5372458,25
0,1510360031,1.202618,5373531,9
0,1319817493,0.762910,5374324,5
0,3920613707,0.855816,5376097,19
0,4115975593,0.771185,5378632,30
0,1440888433,0.738188,5379976,13
0,433483549,0.971267,5380700,4
0,3939108337,0.918559,5384969,55
0,2732908289,1.120651,5388201,40
0,1776980287,1.187089,5389348,10
0,4245833663,0.758416,5393699,52
0,4131585677,0.682510,5395702,22
0,2678394049,0.924387,5396834,10
0,4178296471,0.889391,5398048,11
0,3498078121,1.063419,5398963,6
0,3966882463,0.919621,5401024,23
0,1228508843,0.880563,5405868,63
0,391287671,1.012133,5406936,9
0,2434216637,0.889391,5407723,5
0,4276090913,1.095534,5409848,24
0,3673379821,0.915364,5410513,3
0,2639251591,1.100870,5413409,35
0,1999780529,0.786855,5416768,42
0,1460533013,0.932801,5418463,18
0,1641117487,1.095980,5419195,4
0,4254122921,0.942694,5419991,5
0,4259059099,1.094643,5422322,27
0,3624155827,0.805862,5425407,38
0,2711208791,0.947859,5428725,41
0,3803946703,0.815499,5430018,12
0,899623427,0.797334,5432503,29
0,1353378751,1.008267,5435962,43
0,2359433161,0.985243,5438078,20
0,1051508611,1.206266,5439312,11
0,2201235013,0.964709,5441610,14
0,3366401803,0.915364,5446270,58
0,3755435161,0.902471,5448632,27
0,4984283,0.973276,5450783,25
0,2572965281,0.908403,5451357,2
0,3949865443,0.955044,5453054,18
0,194826337,1.101313,5453550,1
0,2257775087,1.043020,5454634,9
0,165553681,1.016466,5455896,12
0,921197671,0.888841,5456476,2
0,2439601477,1.245696,5458527,23
0,3084899861,0.789333,5463509,65
0,3216314639,0.972272,5468762,69
0,3302772091,1.019344,5472498,47
0,391974563,1.064337,5473221,4
0,1284978671,0.806468,5474795,16
0,3523694443,1.177176,5476073,12
0,559937629,0.858664,5477351,12
0,1271668709,0.981767,5480229,35
0,169199,0.891584,5487752,103
0,291845107,1.064795,5489522,19
0,759622901,0.851240,5490104,2
0,349000649,0.963190,5491371,12
0,1807991671,1.033615,5492812,8
0,3787549957,0.983258,5493346,1
0,1166522683,0.853531,5494350,8
0,1736490397,0.853531,5494863,1
0,360207059,1.000488,5498426,42
0,3880910183,0.938021,5498963,1
0,3709484903,0.910550,5499627,3
0,1498219967,0.972774,5500905,12
0,3100580363,0.940101,5507781,92
0,2326421569,1.039268,5509201,14
0,2525978479,0.820275,5515376,82
0,3935820571,1.068458,5516452,9
0,3800360737,0.920152,5517166,4
0,289800659,0.938541,5518645,15
0,3556592827,0.947859,5520143,15
0,2213374367,0.880563,5522691,30
0,3504133631,0.919621,5527210,58
0,3838943431,1.062959,5530020,34
0,1523000293,1.031723,5533467,43
0,1448999359,0.928078,5534415,7
0,2957734079,1.035503,5535276,6
0,674876471,1.062959,5537247,22
0,551557561,0.730208,5541120,45
0,4246379063,0.915897,5543057,21
0,90434761,0.944247,5545299,26
0,2783122651,0.916963,5546996,18
0,1846144897,0.960652,5547506,1
0,164494807,0.932801,5548022,1
0,2103652223,0.740170,5552528,58
0,746634283,0.724838,5554003,15
0,1168138801,0.792420,5554986,8
0,2686989017,1.050019,5555634,3
0,651481763,1.062959,5560387,62
0,798555007,0.925971,5563567,39
0,2495854343,0.879453,5568980,69
0,2239242307,1.062959,5569988,8
0,448460581,1.063419,5573085,38
0,3688604987,0.971267,5574524,14
0,1414816261,0.970764,5575165,3
0,2387122061,1.004871,5577359,25
0,1279187213,1.098650,5577941,2
0,17864939,0.724838,5579540,17
0,2429773123,0.844907,5580047,1
0,640727531,0.755837,5582308,26
0,1973442551,0.970764,5583675,13
0,2911286981,1.127168,5584463,5
0,2393841899,1.003899,5585684,11
0,1396523789,0.977281,5588573,35
0,666362449,0.846062,5589367,5
0,4101993431,0.791804,5591717,27
0,2468590549,0.942694,5592719,8
0,1972571527,0.955044,5594203,15
0,710949859,0.971267,5595697,15
0,4008549107,0.972774,5598798,38
0,2050657139,0.846639,5599939,10
0,2817701473,0.914830,5600454,1
0,782505953,1.014061,5602766,27
0,3654898229,0.908403,5604326,16
0,3264818863,0.939581,5605463,10
0,3479002507,0.944247,5606830,13
0,3234229337,1.073928,5610057,40
0,2070182657,0.876115,5612249,25
0,3056110543,1.238620,5613050,5
0,2659248077,0.848942,5613709,3
0,3364030609,1.098205,5615046,13
0,2610373559,1.094196,5615910,6
0,3484062733,1.093750,5617194,12
0,4036499141,0.891036,5621059,49
0,788326381,0.938541,5623470,28
0,2324133391,1.064795,5624544,9
0,4000481197,0.940101,5629464,64
0,4251515291,1.035503,5630964,15
0,520356883,0.880008,5633898,36
0,1164355609,1.062959,5636000,24
0,4053763759,0.823246,5640280,55
0,3513959303,1.019344,5642906,28
0,2616777043,1.129332,5643997,9
0,3295052597,0.859801,5646429,15
0,2652291197,1.035974,5650459,49
0,1760545841,1.099538,5656643,78
0,1028100797,0.797334,5657795,10
0,3932520743,1.002925,5660200,28
0,1408210829,0.942694,5661489,12
0,1259213173,1.129332,5662280,5
0,3231271709,0.664384,5665160,35
0,614279027,1.104854,5665947,5
0,1921185083,1.012616,5667997,23
0,3069192463,0.908940,5669640,17
0,943944101,1.000488,5671544,21
0,2482976303,1.001951,5672696,10
0,2848697833,1.093303,5674114,14
0,3360112409,1.257788,5675466,13
0,2473620137,0.981270,5676396,7
0,1525597097,0.730876,5678159,19
0,3005120143,0.867152,5679884,18
0,1026229483,0.827978,5682764,35
0,2909918399,1.031723,5685376,31
0,2701602041,0.973777,5688045,32
0,2201352367,0.907327,5688840,5
0,1197081671,0.883883,5691306,29
0,2295660929,0.836193,5692011,4
0,4179129181,0.722139,5692802,5
0,2138963287,0.729539,5694805,22
0,1956334903,0.766740,5695388,2
0,794808319,0.665852,5696686,12
0,1703796427,0.822059,5697899,11
0,545854087,0.994614,5698534,3
0,1101874643,1.140090,5700027,15
0,339060167,0.758416,5700879,6
0,1049352541,1.017906,5704664,45
0,2572460221,0.940101,5705187,1
0,3371227567,0.952484,5705833,2
0,3282045103,0.972774,5708922,35
0,2306553709,1.086584,5709676,4
0,777875173,1.068458,5710539,6
0,2067055829,0.969254,5711817,12
0,3097146181,0.915897,5713308,15
0,2243562523,1.097761,5715501,25
0,676581349,0.947859,5717363,20
0,3497686207,0.908940,5717880,1
0,822362747,0.846639,5719711,20
0,463039043,1.129332,5720423,4
0,2925912499,0.846639,5722745,27
0,3824013493,1.033142,5723261,1
0,1082455177,1.035974,5724386,10
0,3763105253,1.035031,5726924,30
0,1497588793,0.937500,5728620,18
0,635072947,0.969254,5729545,7
0,686774579,0.883883,5733990,57
0,1874062009,1.035031,5735070,9
0,247249357,0.813101,5736273,11
0,3815172727,1.101313,5737571,12
0,3676981681,0.782499,5743879,84
0,2477854217,1.009718,5745795,18
0,3484707013,0.879453,5749129,27
0,353640439,1.019344,5750164,6
0,2195322809,1.067086,5751514,13
0,1291713497,0.751301,5756164,59
0,2477082731,0.876115,5757724,16
0,3269371429,0.958616,5760396,32
0,2077402241,0.730208,5761250,6
0,2557851341,1.101313,5762182,7
0,4082486953,0.943729,5763469,12
0,1961949193,0.882225,5766777,41
0,4189565087,1.039268,5768282,15
0,3204751247,0.973777,5769015,4
0,1812092431,0.977281,5770083,9
0,3953890849,0.724164,5771079,8
0,1162156001,1.006328,5771724,3
0,1138085197,0.927551,5772445,4
0,941987171,0.944247,5773575,10
0,205280671,1.000488,5774573,8
0,4137547919,0.843750,5775448,6
0,332201599,0.644235,5776942,15
0,1556805661,0.841432,5777524,2
0,1143551861,0.880563,5778523,8
0,4104719821,0.773082,5779939,14
0,3590355641,0.681078,5781071,10
0,2991355517,0.860369,5783399,27
0,2171135269,1.164665,5788320,63
0,2987511217,0.877786,5790628,26
0,1888791217,0.993141,5791271,3
0,1475245817,0.803435,5791870,2
0,395023697,1.054659,5793423,16
0,909408547,1.097316,5794086,3
0,2564625451,1.242949,5794803,4
0,2886347591,0.893772,5802022,97
0,4104732803,0.975280,5804077,20
0,163371869,1.100870,5807309,37
0,2364031321,0.964709,5808247,7
0,2850954013,1.032197,5812083,46
0,2669016863,1.073928,5812899,5
0,2061207373,1.085235,5815568,32
0,4084751249,0.911086,5818685,38
0,3684645949,0.848942,5820115,14
0,2928081881,0.781875,5820979,6
0,4255309489,1.063419,5822483,15
0,2816557561,0.997556,5823141,3
0,1227365137,0.897044,5825732,31
0,1656170981,0.956577,5830830,67
0,3866218739,0.853531,5832040,11
0,3142496593,1.078012,5833107,9
0,1734397603,0.939581,5839245,82
0,1637832607,0.915364,5840675,14
0,2601832097,1.110145,5841317,3
0,2442272197,0.886090,5843914,31
0,3143510849,0.925971,5845536,17
0,793034993,0.829745,5847196,13
0,1825690661,0.813101,5848567,13
0,2724447653,0.963190,5849221,3
0,3734914367,1.062959,5851390,12
0,149720729,0.817891,5856140,59
0,1957636873,0.846639,5858477,27
0,2514234551,0.824432,5859068,2
0,1927454831,0.781875,5862725,46
0,2511141931,0.873324,5864770,23
0,1538046347,0.862070,5865507,4
0,3789343433,0.940620,5868036,30
0,1061656213,1.035974,5868895,6
0,2292434489,1.104854,5870593,18
0,3265886263,0.863202,5871938,13
0,3090193907,1.033142,5877471,73
0,4027658861,1.038328,5880139,32
0,4112685739,0.944764,5881000,6
0,695848441,0.760987,5884726,47
0,1844637679,1.050019,5886435,18
0,4007560589,0.919621,5891981,73
0,731407427,1.050019,5898558,88
0,3816572399,1.136229,5899153,2
0,1009006783,0.991172,5899669,1
0,779148719,0.977780,5900887,11
0,3045743189,1.065254,5904391,38
0,3269162621,0.820275,5905365,7
0,3693933151,0.813701,5906299,7
0,3112568191,1.127168,5907855,13
0,2071585499,0.789333,5908392,1
0,1267256363,1.000488,5909734,13
0,4287042239,0.968750,5912973,40
0,3168505903,0.970764,5916631,46
0,356463119,0.753248,5917701,9
0,3311061373,0.934370,5918639,7
0,797541037,1.031723,5920411,19
0,2512779701,0.822653,5921553,10
0,2860163209,0.904092,5923460,21
0,3648503591,0.955044,5925346,20
0,3563301823,0.879453,5926282,7
0,3147897733,1.098205,5926799,1
0,2260033621,0.991172,5927306,1
0,1221670951,0.944247,5928577,12
0,3851598869,1.035503,5932304,47
0,4192052471,1.004871,5933889,16
0,534166379,0.833854,5934961,9
0,870263671,0.880563,5937570,31
0,1640277557,1.101313,5938501,7
0,3326005637,0.597030,5940490,22
0,1757174633,0.939581,5943454,36
0,2210757247,0.906789,5944612,10
0,2651237131,0.846639,5946927,27
0,1490446631,0.981270,5948760,20
0,1168926719,1.255068,5950041,7
0,931381609,0.844907,5950650,2
0,3593197357,0.827388,5951306,3
0,1851072793,0.755190,5952229,7
0,1020922897,1.100870,5953878,1
0,1286600479,0.938541,5957568,46
0,52519067,1.236253,5961156,45
0,2046913307,0.760987,5968502,99
0,318061889,1.037387,5969571,9
0,2960102791,0.784369,5971148,16
0,1703909489,1.035974,5971940,5
0,292725733,1.061581,5973140,11
0,296274053,0.876115,5973643,1
0,2949498983,1.191605,5974723,9
0,1841128031,0.903552,5975667,7
0,607395829,1.073928,5979378,47
0,2031655051,0.691042,5981352,22
0,1805440073,1.081178,5982765,14
0,2842712387,0.791804,5986281,44
0,561980831,0.908403,5987010,4
0,2266157279,0.996086,5988501,15
0,119757697,1.011651,5989349,6
0,1103143823,0.880008,5991331,22
0,1931496559,0.833854,5992538,11
0,2648454877,0.908403,5993333,5
0,1159284949,1.105296,5996835,44
0,2424597893,1.168432,5997407,2
0,3774421561,0.973276,5999236,20
0,2851447129,1.104854,5999817,2
0,4029543659,0.991172,6000825,8
0,1987682677,0.944764,6001756,7
0,428930713,0.783746,6003168,14
0,1112043983,0.942176,6004543,9
0,1905209681,0.906789,6005967,14
0,1022359159,1.031250,6007461,15
0,2719965509,0.993141,6008320,6
0,2762406307,0.970764,6010379,21
0,267193313,1.035503,6014309,50
0,3291689893,1.128467,6015024,4
0,4003952597,1.035974,6015634,2
0,824991547,0.820275,6016353,4
0,557714141,0.815499,6017137,5
0,364232987,1.012133,6019518,28
0,1551630833,0.871645,6023248,47
0,1362924883,1.032197,6025223,22
0,3941278303,0.879453,6028178,36
0,994044511,1.073928,6029533,13
0,2785298611,1.040677,6030731,11
0,2517720643,0.752600,6035430,61
0,1779089843,0.720107,6036494,9
0,2902141427,0.817294,6038000,15
0,3191605321,0.981270,6038851,6
0,1761263591,0.846639,6039868,8
0,676387867,0.876115,6040926,9
0,169219543,1.002438,6042193,12
0,2328784849,1.067086,6049134,93
0,118059743,1.003899,6051245,24
0,4159142551,0.623436,6054567,36
0,1405862509,0.933847,6056347,19
0,154239703,0.858664,6057624,12
0,2157131929,1.019344,6058889,12
0,901523149,0.888841,6061134,26
0,3349143341,0.844329,6061663,1
0,2470224233,0.882225,6062796,10
0,147957983,0.720107,6063438,3
0,2714513467,1.220351,6064645,11
0,2848517249,0.814900,6066403,19
0,1570913221,1.006813,6067898,15
0,1713407159,1.211114,6069383,15
0,2470974437,0.899761,6073399,35
0,3465869027,0.950945,6074867,12
0,553402489,0.722139,6077397,30
0,224563771,0.758416,6079089,18
0,2132791547,0.889391,6081006,21
0,1082692759,0.873324,6082771,19
0,1634791129,0.996086,6085302,30
0,3144581753,0.908403,6086093,5
0,3069929893,0.855246,6086687,2
0,1195203143,0.858664,6088730,23
0,2168432003,0.705032,6090977,26
0,2744235269,0.850666,6092687,18
0,3849781909,0.677484,6094169,15
0,4130161927,0.947859,6094686,1
0,1514737337,1.017906,6096032,13
0,3265639219,0.692454,6098926,35
0,1223767,0.910550,6101709,34
0,1959660749,0.783746,6103066,13
0,2641202393,0.923330,6104149,9
0,3078431173,0.970764,6105367,11
0,3787010407,1.007782,6108532,39
0,3779534389,0.899761,6110362,20
0,215250667,0.877786,6111355,8
0,3228227147,0.972272,6113047,18
0,181319933,0.787475,6117310,55
0,2822807327,0.688210,6118659,13
0,2604407419,0.940101,6119729,9
0,251779111,1.002438,6120712,8
0,1584909923,0.797334,6123688,32
0,889151183,1.016466,6125663,20
0,1968518843,0.832682,6126190,1
0,2977513109,0.919621,6127481,12
0,1233691747,1.066170,6132335,60
0,3835442687,0.969758,6133792,14
0,742403971,0.939581,6140568,91
0,3475662199,0.945797,6141300,4
0,1512601967,0.975280,6145509,54
0,1393267333,0.913227,6146083,2
0,2074184929,0.955044,6150569,58
0,1032916069,0.827388,6151712,10
0,1937186813,0.942694,6153570,20
0,1537514729,0.950432,6156254,27
0,3029509729,1.108825,6160650,55
0,3074317751,0.879453,6162501,20
0,1505821831,0.970764,6163567,9
0,1162345321,1.171354,6165563,22
0,1906590089,0.791804,6166556,8
0,2176558733,0.946313,6167145,2
0,713625461,1.131923,6168555,14
0,1622564287,0.844329,6169356,5
0,2702525663,0.911086,6171185,20
0,2498949239,0.786855,6172828,17
0,684060281,0.985738,6175423,31
0,2129024129,0.814900,6176207,5
0,3132064963,0.846639,6178539,27
0,2103561529,0.882225,6180512,22
0,3464471323,0.911622,6181868,13
0,1920456481,1.008267,6183425,16
0,2715205219,0.968750,6184010,2
0,2734375783,0.846639,6184871,6
0,2939315167,0.880008,6187340,29
0,1492735441,1.070284,6188128,5
0,2742343237,0.938541,6190741,31
0,146799083,0.875558,6193710,36
0,811265101,0.876115,6197227,44
0,202477777,0.940101,6201143,50
0,4284267049,0.906789,6202146,8
0,359202383,1.062500,6203640,15
0,722635861,0.803435,6204279,3
0,2847538427,0.844907,6207171,32
0,2980511459,1.078012,6207866,3
0,419984633,0.911086,6208574,4
0,3340451573,1.012616,6210279,18
0,921419033,1.064337,6211563,12
0,3203472271,0.850666,6213969,28
0,1735149791,1.000000,6216367,28
0,4096682453,1.007782,6217365,8
0,1533037091,0.993632,6221170,48
0,3457872889,1.000000,6223433,26
0,2736442937,1.073928,6224078,3
0,629028619,0.784369,6225014,7
0,1276600373,1.068458,6225666,3
0,1999657991,1.064795,6228695,37
0,2098685341,0.987223,6230114,14
0,182096881,0.946313,6230692,2
0,856708051,0.820275,6232321,17
0,3854167231,0.815499,6232914,2
0,1981595479,0.938541,6233989,9
0,2387708969,1.032197,6235409,14
0,43795441,0.944247,6236526,10
0,1721193701,0.911622,6238231,18
0,3273390343,0.913227,6239679,14
0,3283114949,0.762910,6242279,31
0,1891968629,0.986728,6243646,13
0,1041420253,0.970764,6244299,3
0,1346333707,0.822653,6246498,25
0,2939400601,0.875558,6247297,5
0,3019302931,1.064337,6248440,10
0,4240217167,0.972774,6252177,47
0,2637220507,0.969758,6255142,36
0,2905541659,0.962683,6257029,17
0,775110449,1.032197,6257629,2
0,2215204753,0.946313,6259308,18
0,1631572049,1.001951,6261156,4
0,4247965879,0.963190,6264053,32
0,2670166801,0.876115,6264800,4
0,2935979623,0.866589,6265960,10
0,3329536591,0.886090,6267308,13
0,673222163,0.915897,6267805,1
0,950229673,0.866589,6268874,9
0,1410908963,1.086134,6269725,6
0,313921009,0.848942,6271409,18
0,4102447291,0.988212,6273310,21
0,1417133941,0.715345,6273830,1
0,1426462379,1.100870,6275039,11
0,3365866331,0.863202,6277498,29
0,258917609,0.846062,6281236,47
0,2768944579,0.860369,6282929,18
0,3256645793,0.886090,6285801,35
0,2633553457,0.628894,6286867,7
0,3359501293,0.991172,6288778,21
0,37118209,0.930180,6290728,22
0,2905761829,0.884436,6293689,36
0,3430978597,1.132354,6296064,28
0,1677198569,0.848367,6300061,51
0,3876292873,1.000488,6300780,4
0,2149031603,0.940101,6302200,14
0,1071767003,1.094196,6303354,10
0,2512752673,1.191195,6304271,7
0,539990161,0.884436,6308829,59
0,232829231,0.806468,6311069,26
0,3725212919,0.884436,6313099,19
0,114053659,1.014061,6313620,1
0,22627247,0.942694,6314185,2
0,322517717,0.866589,6318762,57
0,596456473,1.037387,6320471,18
0,624186617,0.846639,6322875,28
0,4005255649,0.913227,6324509,17
0,3039992537,1.064795,6325668,10
0,3684539347,0.883883,6327238,16
0,4056906881,0.939581,6328307,9
0,1100646563,0.889391,6329446,10
0,1834586641,0.940101,6330020,2
0,3750114101,1.033615,6331789,19
0,3567502591,0.802219,6332515,4
0,1190143081,0.978779,6334130,17
0,1266844129,1.062959,6335052,7
0,1446771251,1.039268,6335647,2
0,1022008003,0.950945,6340420,62
0,1257906439,0.940101,6341205,5
0,1035775483,0.817294,6345791,59
0,3375762653,0.911622,6346856,9
0,726565249,0.971267,6349391,30
0,2301709141,1.023646,6350036,3
0,2555078137,1.129332,6350965,7
0,723954653,0.877786,6356976,80
0,1921684487,1.048157,6357967,8
0,4164658111,1.099538,6359824,15
0,4237087579,1.039738,6367845,95
0,2068285561,0.877229,6371812,48
0,3760650251,1.035503,6372805,8
0,4059818563,0.916963,6375129,27
0,2683296653,1.032197,6377495,27
0,3993600053,1.160465,6379126,17
0,3524736203,0.941657,6379991,6
0,3298238023,0.915364,6380716,4
0,895906507,0.716709,6385557,63
0,1628223211,1.125868,6386075,1
0,531239669,1.241770,6387764,18
0,1443569987,1.142229,6388621,6
0,893777083,0.855246,6389272,3
0,2650539779,1.038798,6392018,33
0,1168327733,1.071652,6392668,3
0,586827341,0.848367,6394996,27
0,2192060851,0.974780,6395933,7
0,3957657559,0.950432,6396452,1
0,4031634829,0.875558,6397106,3
0,3345626201,0.910550,6398518,14
0,129413677,1.125434,6399157,3
0,1382016943,1.015505,6401006,20
0,1416742807,0.791187,6402144,10
0,694180493,1.147347,6402939,5
0,663435527,1.075745,6405919,36
0,1034090891,1.152867,6409025,38
0,2787568093,0.915364,6409539,1
0,1555353763,0.827388,6410118,2
0,523960849,0.880008,6410755,3
0,3577670773,0.947859,6411628,6
0,3510775319,0.910014,6412628,8
0,3379876433,0.742146,6414710,19
0,1314264761,1.197736,6416210,15
0,2458365761,0.995105,6418321,24
0,769797817,0.940620,6420203,18
0,1981932599,1.014061,6422128,21
0,3725035999,1.031723,6424041,21
0,3637213259,1.066628,6425180,10
0,3671476597,0.841432,6427994,34
0,2608652843,0.895409,6429765,19
0,659084299,1.113658,6430476,4
0,1908457093,0.892679,6434965,58
0,1741440821,1.069828,6437988,37
0,2116420301,0.906789,6439057,9
0,588523721,1.105296,6439629,2
0,657582461,0.846639,6442591,36
0,4058948833,0.827388,6443520,7
0,2241716717,1.039268,6445773,26
0,1983434227,0.919621,6447193,14
0,2351942909,0.750000,6448906,18
0,2318920397,0.914830,6449489,2
0,3794667169,0.913227,6450415,7
0,4238279363,1.095980,6451066,3
0,1642211437,1.043020,6454577,44
0,1728112489,0.937500,6457136,30
0,822874697,0.950432,6459713,31
0,3468533407,1.069828,6462036,22
0,574633307,0.981767,6464166,24
0,2782800127,1.126735,6468106,34
0,3281947967,0.908403,6469872,18
0,761127083,1.068458,6471771,21
0,3950938247,1.221951,6473050,12
0,1451801927,1.119343,6473785,4
0,2592075887,1.192833,6474592,5
0,3699231313,1.217146,6479006,57
0,4049534921,0.978779,6480430,14
0,3448431947,0.884436,6484578,53
0,878540317,0.975280,6486415,20
0,2089906459,0.789333,6487075,3
0,3989919361,0.938021,6489179,24
0,3548647231,0.844907,6490524,13
0,792375271,0.886090,6491043,1
0,1981327811,1.033615,6491900,6
0,4172184617,0.681078,6492414,1
0,2725950229,1.135799,6493133,4
0,355382639,0.890488,6495120,22
0,357935401,0.823246,6496610,15
0,1890884249,1.012133,6497811,11
0,2876927633,0.879453,6498532,4
0,1564277579,0.663649,6500934,28
0,1205786971,0.822653,6502774,20
0,2322999841,0.946313,6508672,78
0,3258720371,0.975280,6509524,6
0,608258219,0.849517,6512259,33
0,29926213,1.033615,6512746,1
0,1029295237,0.791804,6513741,8
0,1554447379,1.093303,6515025,12
0,1322499749,0.848942,6521952,83
0,800540501,0.873883,6522972,8
0,2957491573,0.999023,6525720,33
0,113748251,1.017426,6529493,46
0,4198818769,0.964709,6530231,4
0,4091880217,1.000488,6530884,3
0,2996815277,1.064795,6531892,8
0,1490692781,0.969254,6534139,26
0,2894279239,1.160465,6534651,1
0,4158139411,0.877786,6536208,16
0,464007647,0.987223,6537714,15
0,2841755369,0.668779,6539207,15
0,2437131449,0.829745,6539792,2
0,1069259771,0.849517,6548009,111
0,884464051,0.817891,6549427,14
0,1449378829,1.024123,6550905,15
0,1768919909,1.064795,6554275,42
0,1251123749,1.037387,6557657,42
0,702481177,0.952484,6560879,40
0,286751867,0.981270,6561458,2
0,3006382397,1.069828,6568573,77
0,2599064641,0.877229,6569859,8
0,1804229639,1.000976,6571759,21
0,4247239151,1.062959,6577539,76
0,3173472703,1.163827,6583238,75
0,3391130923,0.721462,6584022,5
0,349970651,1.131060,6585302,12
0,1044655279,0.899761,6587277,22
0,4187758283,1.142657,6591375,52
0,1977902293,0.822059,6592096,4
0,1154278423,1.166760,6594488,28
0,3311399023,0.885539,6607116,175
0,3847527821,1.039268,6608322,11
0,4125284879,0.791187,6610369,23
0,3933875591,0.876115,6612839,29
0,348009863,0.938021,6616476,46
0,563369173,0.908940,6617986,12
0,2051703527,1.074382,6628272,137
0,2012889239,0.976781,6630069,19
0,3396658471,0.967237,6632066,22
0,149886533,0.945797,6633192,10
0,951410527,0.938021,6633777,2
0,81481429,1.039738,6636647,35
0,850903063,0.907327,6637647,8
0,2200545811,1.117160,6638712,9
0,1536324037,0.911086,6644339,74
0,1027169111,1.105296,6645200,6
0,3173094481,1.037387,6645849,3
0,161636039,0.915897,6649487,46
0,3945186197,0.694566,6652020,30
0,2363290217,0.919621,6653789,19
0,1776932603,1.043020,6654518,4
0,228024469,0.946313,6655086,2
0,2887296367,0.960652,6656501,14
0,391759607,0.950945,6657933,14
0,2399684849,0.846062,6658713,5
0,2683808443,0.817294,6659731,8
0,3968555159,1.008751,6660522,5
0,86839141,0.858096,6665329,63
0,1065320699,0.882225,6666862,11
0,3121328317,0.864897,6668031,10
0,2491188899,0.927551,6668617,2
0,1626698911,0.968750,6672157,31
0,3184099697,1.100870,6673323,8
0,1156986107,1.135799,6674475,10
0,274785221,0.952484,6674978,1
0,3787255243,1.067086,6680096,67
0,1306103573,1.074382,6681730,17
0,2366958541,0.945280,6682730,8
0,854706989,1.067086,6683726,8
0,3183554173,0.919621,6684241,1
0,1441767169,0.787475,6685168,7
0,1629561781,0.969254,6687825,32
0,3718104569,0.916963,6692032,54
0,726709273,1.033615,6693367,13
0,1840945423,1.035031,6694021,3
0,1274915141,1.225542,6698014,50
0,394039969,0.910550,6699127,9
0,2126124731,1.128467,6700278,10
0,1968587297,1.159624,6702318,23
0,1710315967,1.004385,6708890,87
0,3137564627,0.947859,6713435,58
0,3916928633,0.944247,6715077,17
0,3192456941,1.000976,6715664,2
0,2914032799,1.073928,6716526,6
0,4164605947,1.006328,6717049,1
0,75889589,0.659960,6721627,53
0,1969017047,0.927551,6722682,8
0,2913943237,0.745429,6724451,19
0,382586467,0.820275,6725168,4
0,445954409,0.787475,6728847,44
0,3241244093,0.921743,6729667,5
0,3038114627,0.950945,6731162,15
0,2034224891,0.820275,6735100,50
0,2210132579,1.002438,6736033,7
0,1115249581,0.942176,6738570,30
0,2826772043,0.700167,6740420,20
0,848502983,0.978779,6743509,38
0,3308988869,0.907327,6744506,8
0,2224410871,1.129332,6745299,5
0,2902936139,1.163827,6746717,14
0,1645746733,1.070740,6749277,30
0,1269116971,1.009718,6751111,20
0,1724003297,1.066170,6751825,4
0,2017595267,0.903011,6752538,4
0,1366023229,1.095534,6753956,14
0,1957779617,0.877786,6756002,23
0,1578967111,0.973777,6757974,22
0,75048101,0.908403,6760698,33
0,3341065417,1.017426,6764414,47
0,2208951377,0.975280,6765339,7
0,15428143,1.019344,6765968,3
0,950412263,0.884988,6766964,8
0,2416723391,1.098205,6767818,6
0,577750843,0.880563,6768703,2
0,302830427,0.820870,6769858,10
0,2118080963,1.010202,6775897,61
0,473710871,1.047225,6777501,14
0,2368809797,1.215139,6778153,3
0,397497071,1.147773,6781251,38
0,2913482801,0.915364,6782313,9
0,1966466311,0.884988,6783598,12
0,2560556587,0.808886,6786972,40
0,3283553843,0.919621,6787996,8
0,2729881927,0.862070,6788653,3
0,207241313,1.002438,6789213,2
0,130694281,1.149898,6790842,17
0,3854104091,0.925443,6793309,29
0,3069439627,0.925443,6795010,18
0,3589175509,0.913227,6797960,36
0,132967273,1.035503,6798680,4
0,2990995363,0.940620,6799195,1
0,1140070781,0.853531,6800270,9
0,2880723697,1.125868,6804915,60
0,2292193061,0.940620,6806200,12
0,424401797,1.012133,6808847,31
0,3336076229,0.813101,6813364,58
0,1105668787,0.813701,6814647,12
0,81065291,1.067086,6820367,76
0,2465950481,0.967237,6822278,21
0,3579569219,0.719429,6823424,10
0,1192790237,1.043488,6824599,6
0,112525043,0.919090,6826114,15
0,1781374037,1.100870,6828794,32
0,4198857043,0.858096,6829308,1
0,2312236547,0.942694,6831341,21
0,1494094543,0.843750,6832654,12
0,1084379953,0.787475,6836143,44
0,588741523,0.969254,6838482,27
0,2830073179,1.008267,6839285,5
0,1027764763,0.787475,6840355,9
0,3717686069,1.012133,6841503,10
0,1505399683,1.132354,6842925,14
0,1902420701,0.827978,6843864,7
0,3511902833,0.968750,6844788,7
0,2819628547,0.944247,6849260,58
0,470178563,1.128467,6849898,3
0,1486556023,0.851240,6851600,18
0,257725543,0.950432,6853077,15
0,4075838297,0.938021,6854979,21
0,1173215299,1.149898,6857375,28
0,3565201177,0.843750,6861657,55
0,964204697,0.888841,6865222,45
0,2368943197,1.019344,6868381,39
0,2296209371,0.973276,6870298,21
0,1862163767,0.858096,6871670,10
0,1241221181,1.163407,6872200,1
0,2734689787,0.914830,6872714,1
0,979568131,0.911622,6877013,41
0,2758434709,0.930180,6878183,8
0,1637254991,0.944247,6879180,8
0,554755963,0.914830,6882702,44
0,4134555263,0.813701,6883789,9
0,859549351,0.950945,6886608,34
0,1225174771,0.957597,6890828,54
0,2976944197,0.987223,6893851,37
0,2523167891,0.968750,6896176,27
0,3344686883,1.097316,6899498,41
0,1067270837,0.950432,6900155,3
0,2644499309,1.156672,6902491,27
0,1848156773,0.957087,6903703,11
0,1766928871,0.928078,6906514,34
0,3130007623,0.846639,6907433,7
0,2509392383,0.977281,6908503,9
0,3549510649,0.911622,6909234,4
0,356019509,0.791187,6912602,42
0,782198819,0.981270,6913603,8
0,510310487,0.906789,6915361,19
0,651762071,1.170103,6918101,33
0,2329248881,0.799169,6918883,5
0,658476163,1.241770,6922597,47
0,3087694783,1.039268,6923808,11
0,1750450073,1.184618,6924460,3
0,1263672967,1.101756,6930390,70
0,50957759,0.827388,6930986,2
0,3888955729,0.993632,6934112,36
0,2401650089,0.993632,6936171,23
0,1102530731,1.115848,6936889,4
0,3715951873,0.864897,6939774,35
0,1502091137,1.015505,6941107,13
0,2332094263,0.852959,6941627,1
0,910318447,0.913227,6945716,52
0,3153721577,0.946313,6947647,21
0,1300164377,0.786234,6949565,21
0,4062381913,1.009718,6951267,18
0,3955042297,1.140518,6955141,48
0,3513578093,1.094643,6956350,11
0,1254224353,0.832682,6957206,6
0,1704133063,1.078012,6958344,10
0,756957329,1.008751,6961660,41
0,210182669,0.787475,6963707,23
0,2836878241,0.815499,6968268,59
0,1422030793,0.973777,6969408,10
0,1547774773,1.094643,6970192,5
0,740792011,1.033615,6971194,8
0,1160188759,0.875000,6973682,25
0,3647626393,1.146496,6974421,4
0,2037170621,0.967237,6975144,4
0,4182515347,1.053732,6976072,7
0,3411807131,0.844907,6977820,7
0,2390298451,0.999023,6980386,25
0,3332283299,0.938541,6984330,47
0,699395153,1.039268,6985813,13
0,745548623,0.977281,6986689,5
0,1155640231,1.068458,6990466,46
0,599787581,1.095980,7003278,177
0,819161593,0.772450,7004360,9
0,455782601,0.870524,7005285,7
0,2969649589,0.811899,7006292,8
0,1372186927,0.983258,7009882,45
0,4238184121,0.692454,7011241,13
0,4135219637,1.049554,7017487,83
0,202399927,0.746083,7019379,21
0,645917561,0.752600,7020244,6
0,1007165749,0.988706,7023190,36
0,1271018201,0.784369,7026431,40
0,2657362567,0.903552,7027564,10
0,1417913641,1.064795,7031171,45
0,1389707629,1.007782,7032239,9
0,2518036673,0.967237,7036308,52
0,2907655241,0.846639,7036956,3
0,2525566999,0.843750,7040316,38
0,1528971503,0.846639,7041531,11
0,8180083,0.989199,7044582,35
0,2077243859,0.938021,7045329,4
0,2840348737,1.095980,7046947,17
0,2827005353,1.069828,7048079,10
0,2123844929,0.911086,7050695,31
0,127438543,0.813701,7051475,5
0,3825246017,1.031250,7052194,4
0,2033352823,1.063419,7058790,88
0,672293837,0.978779,7061403,31
0,2870426747,0.889391,7062267,6
0,2756716309,1.101313,7071123,121
0,3821783873,0.884436,7071708,2
0,464883961,1.043020,7072708,8
0,3017487463,0.973777,7074342,17
0,4290857929,1.098205,7075874,11
0,2577351683,0.941657,7084438,98
0,1431070129,0.925443,7090280,75
0,2517645653,1.101313,7097704,100
0,2013660431,1.095980,7100229,30
0,974678669,0.873324,7102266,23
0,1818518263,0.934370,7102856,2
0,2354528117,1.113220,7105041,25
0,441187037,0.911622,7106602,16
0,1239050983,1.081178,7109640,37
0,2526826619,1.161307,7110499,6
0,907062257,0.981767,7111079,2
0,191318983,0.880563,7112635,16
0,918937231,1.027930,7113985,13
0,3084143749,0.720107,7115137,10
0,440130841,0.873324,7116130,8
0,3369920927,0.964709,7121412,69
0,3226762789,0.766103,7124566,39
0,1943209841,0.758416,7127818,40
0,1755040769,1.033615,7128675,6
0,1769737427,1.006328,7132366,42
0,2495452807,0.852959,7137091,59
0,622055503,0.855246,7138861,19
0,1074548989,1.000976,7139503,3
0,3358822757,0.806468,7143666,53
0,4187996129,1.004871,7145874,25
0,344753737,0.913227,7148256,28
0,2594025197,1.002438,7150863,31
0,2040659581,0.937500,7152426,16
0,3927473707,0.860369,7153284,6
0,4156855057,0.891036,7156060,33
0,1398310577,1.160465,7157621,16
0,2249889197,0.755190,7160355,33
0,1688165797,1.040677,7161009,3
0,2045037307,0.910550,7163197,25
0,3536466613,0.858096,7164408,11
0,2308698713,1.052341,7165067,3
0,3833327557,0.797334,7168621,44
0,1760189363,0.884436,7175180,87
0,2350662739,0.981270,7176594,14
0,1653416519,1.115411,7177593,8
0,2482858151,0.981270,7178722,5
0,3529605271,1.047225,7180139,14
0,215578267,0.916963,7180784,3
0,3346236967,0.932277,7182916,10
0,2073773047,1.070284,7183975,7
0,731660483,1.008751,7184482,1
0,2625327209,0.882778,7184998,1
0,1386638809,0.824432,7188382,42
0,2293200883,0.942694,7191967,45
0,2269729927,0.981270,7193030,9
0,619139867,0.927551,7194372,13
0,2160648811,1.142657,7194947,2
0,884158487,0.963190,7196988,23
0,3871539041,0.814900,7198637,17
0,1201809017,0.915364,7199706,9
0,773073569,0.886090,7200272,2
0,1058420873,0.914830,7205858,71
0,3031490047,0.950432,7206472,2
0,1163120851,0.836193,7208176,18
0,466951517,0.685366,7210214,23
0,2191910443,1.007782,7216107,78
0,2405458721,0.937500,7220017,50
0,2649342277,1.088828,7222696,32
0,10975291,0.864332,7223678,8
0,491884247,0.939581,7227044,42
0,1563511051,0.880563,7227551,1
0,246903581,0.947859,7229239,18
0,3642218401,1.035974,7233528,51
0,3516289157,1.229123,7235723,25
0,1386067337,0.942694,7236234,1
0,506515831,1.016466,7237712,15
0,3572056457,0.858664,7241074,39
0,1437966781,0.969758,7242789,18
0,1929612253,0.820275,7244559,19
0,393399437,0.938541,7245351,5
0,1972200691,0.848942,7247123,19
0,3585892069,1.063419,7249794,32
0,3382782709,0.880008,7250443,3
0,745405411,0.848942,7252982,30
0,3480792257,0.815499,7254536,16
0,2801162279,0.889391,7256654,24
0,3606704131,1.016466,7259348,32
0,814335149,1.000976,7260481,10
0,2112804833,0.907327,7269521,123
0,464274263,0.913227,7270790,12
0,19514057,1.004871,7271346,2
0,2974486831,0.945797,7273452,24
0,1678953407,1.038798,7277885,57
0,945554549,0.971267,7282123,50
0,2354899213,0.843750,7282653,1
0,1138211413,0.902471,7284535,7
0,1919218013,0.889391,7286263,14
0,1002182677,0.940620,7288803,30
0,2925806407,0.869402,7289729,7
0,3044161937,1.085235,7290236,1
0,2459920123,1.070740,7294097,49
0,3179518861,0.898675,7294619,1
0,1416611281,1.062500,7300247,74
0,4087128007,1.054196,7302225,22
0,3328941073,0.859801,7303357,10
0,1218520319,0.939581,7304705,13
0,2958993049,0.822059,7306135,14
0,39702959,0.906250,7308734,31
0,4096006417,0.940101,7309717,8
0,940051271,0.853531,7310285,2
0,2328550993,0.942176,7311081,5
0,1759532363,0.851240,7311594,1
0,3367850363,0.981270,7316941,70
0,1974916963,0.875000,7319280,27
0,3091918493,0.723490,7321258,22
0,2919227303,0.707797,7322908,17
0,799583699,1.073928,7326765,49
0,2317007521,1.166760,7329568,34
0,3668657809,1.167178,7330224,3
0,1677033269,0.846639,7332280,23
0,2195682271,0.937500,7333781,15
0,499016767,0.988706,7334498,4
0,778080059,0.879453,7335184,1
0,2581807687,0.677484,7336272,9
0,866076121,1.064337,7339427,39
0,372523849,0.942176,7341199,17
0,1909434721,0.942694,7343274,23
0,1268964161,0.849517,7347922,60
0,966820793,0.875558,7349123,11
0,408152321,0.937500,7350669,16
0,3976058893,0.938541,7352085,14
0,725060467,0.852959,7356863,62
0,4214580899,1.105296,7358637,19
0,4289314789,0.977281,7362924,55
0,1756923079,0.848942,7366028,38
0,1417750903,1.054659,7369105,38
0,3252428807,0.750000,7369885,5
0,2966596069,0.827978,7371372,15
0,765973801,0.939581,7371881,1
0,3103917181,1.001951,7372811,7
0,3598298947,0.758416,7373952,10
0,1550678237,0.908403,7376246,26
0,2241644413,0.884436,7378427,25
0,48388367,1.075745,7378920,1
0,4225666127,0.981767,7379935,8
0,3535089563,0.950945,7382066,24
0,269233253,1.048623,7383581,11
0,2484691103,0.842012,7386933,29
0,3962826253,0.824432,7387738,1
0,398024051,1.078012,7388264,1
0,611819459,0.977281,7392692,57
0,3161921177,1.071652,7393627,7
0,336405689,1.093750,7396629,37
0,2889083089,1.001951,7397760,10
0,1989118009,0.981270,7398961,11
0,2408514197,0.884436,7399685,4
0,3452598953,0.944247,7403133,43
0,3414115139,1.126735,7403869,4
0,3233671339,0.954021,7404520,3
0,1931900429,1.070740,7405030,1
0,4226291059,1.075745,7406519,15
0,3479577581,0.820275,7407599,9
0,1079387119,0.877786,7409498,21
0,2765093689,0.855246,7412265,33
0,432749179,1.037387,7412783,1
0,2558888443,0.724838,7414967,25
0,4251445943,0.835024,7415769,5
0,2025409753,1.002438,7418366,31
0,1942594139,0.727528,7420069,18
0,3477346349,0.944764,7421061,8
0,3240453551,0.977281,7422411,13
0,2994493,0.975280,7424848,29
0,80847161,1.073928,7427363,30
0,1535887861,0.814900,7428573,11
0,2370519937,1.222750,7429569,8
0,2600942867,0.939581,7430716,10
0,856288117,1.136229,7431995,12
0,391973563,1.035974,7433131,10
0,1198742423,0.958107,7435962,34
0,3590733079,0.906789,7438164,20
0,1698606667,0.868840,7439720,15
0,3822300289,0.980772,7442035,27
0,1081944883,1.006328,7443169,10
0,3266792099,1.061581,7445251,21
0,2353491247,0.964203,7445862,2
0,410379071,0.851240,7449927,52
0,2161200719,0.801000,7453433,44
0,4148718307,0.811899,7454649,11
0,882872483,0.972272,7456476,20
0,1118161943,1.000976,7458464,22
0,4013219447,0.991172,7459696,11
0,3988988737,0.895409,7460968,12
0,3290691127,0.674595,7462941,22
0,3921952789,1.031723,7467986,66
0,237226151,0.941657,7471286,41
0,1896079303,0.946829,7472016,4
0,1041805643,1.035974,7472523,1
0,2167056883,0.911086,7474909,28
0,1195479871,0.851240,7475766,6
0,3618386873,1.002438,7477533,19
0,1002646681,0.784369,7478953,14
0,4079972693,1.161727,7480173,11
0,2149503743,0.915897,7480826,3
0,2439830791,0.823246,7481478,3
0,650325869,1.088828,7487969,82
0,1276517863,0.820870,7489785,5
0,1248473803,0.850666,7491760,18
0,3767614867,1.066628,7494041,26
0,1768868333,0.877229,7495182,10
0,3587000299,0.899761,7495914,4
0,3335945161,1.093303,7498553,31
0,357564607,0.897044,7499961,14
0,504606449,0.974780,7502088,24
0,2624644823,0.916963,7503653,16
0,486705113,0.988212,7504501,6
0,3873044881,0.884436,7505442,7
0,1926261647,1.059739,7510857,71
0,3336339989,1.027930,7515207,56
0,3798750971,0.995105,7518092,35
0,545306491,0.796722,7518605,1
0,178221049,0.797334,7519187,2
0,2535020209,1.009718,7519834,3
0,4134185983,0.879453,7520572,4
0,3840958367,0.958107,7525343,62
0,196118473,0.981270,7528965,46
0,1819580423,1.116723,7531277,27
0,2459450419,0.970764,7533463,25
0,2435949977,0.955044,7534045,2
0,3354843313,0.801610,7538179,53
0,1558089301,0.940101,7538700,1
0,3623457043,0.690335,7540643,17
0,2386455517,1.031723,7542222,16
0,1038088501,1.095980,7544140,21
0,1420927397,0.897588,7545062,7
0,935254339,1.125868,7547935,32
0,2541148657,0.981767,7548683,4
0,1995663493,1.095980,7551521,34
0,227770561,0.813101,7553846,27
0,156735833,1.043020,7556227,28
0,632672021,0.853531,7557578,13
0,2050318931,1.062959,7558723,10
0,28494299,0.822653,7563081,56
0,1516505821,0.884436,7563597,1
0,3485244593,0.848367,7574565,151
0,477271867,0.977281,7577381,34
0,2460675029,1.062959,7578453,9
0,1113491059,0.844329,7579239,5
0,487962719,0.925971,7580245,8
0,2052710431,0.950945,7586414,82
0,3822769693,0.910550,7591860,54
0,1978593541,0.880563,7593908,16
0,3335498827,0.614760,7595639,18
0,2690362427,1.283154,7600346,61
0,2495890591,0.960652,7601556,11
0,1095768181,1.098205,7602410,6
0,3718557641,1.010685,7603479,9
0,1921955027,1.008267,7609234,76
0,1275518173,0.813101,7612114,35
0,3808505161,0.773714,7613171,9
0,4129650331,1.044891,7615722,30
0,1929372131,1.033615,7619027,41
0,1986223,0.628894,7620828,20
0,1076978687,0.897044,7623926,38
0,1521976333,0.855246,7626103,25
0,1871945221,0.942176,7628431,27
0,1315451603,0.995105,7631185,33
0,4283722529,1.047225,7632606,14
0,4188886567,0.888841,7636826,54
0,2193718669,1.070740,7638723,21
0,3796141861,0.863202,7641310,31
0,2480125789,0.659219,7642880,16
0,734274811,1.071652,7646203,37
0,1913387243,0.911622,7649755,41
0,102154769,0.880008,7653052,41
0,3215537783,0.916963,7654474,14
0,3620323121,1.104854,7656041,16
0,1889837561,0.889939,7656695,3
0,757629347,0.858664,7657404,4
0,3256852297,0.973276,7657985,2
0,249215873,0.815499,7658485,1
0,2273441407,1.064795,7659288,5
0,3229992301,0.971267,7660991,18
0,1252717391,0.864897,7661653,3
0,4245196783,1.035974,7662171,1
0,3027125119,0.950432,7662965,5
0,2646334409,1.128467,7664042,9
0,802171229,0.913227,7664627,2
0,111758411,0.877786,7665956,13
0,37621621,0.920152,7670703,62
0,3920168927,0.782499,7671845,10
0,3220780481,1.077106,7672918,9
0,1381557209,0.877229,7676180,40
0,2337747757,0.939581,7677525,13
0,820104217,1.168432,7678238,4
0,3695669519,0.927551,7679597,13
0,1117843801,0.930180,7680517,7
0,2824941839,1.043020,7681577,9
0,741681301,0.939581,7684319,33
0,3035924069,1.097316,7688246,50
0,344652787,1.001951,7688757,1
0,679424869,1.039268,7689545,5
0,3287768321,0.851240,7690808,7
0,2017367029,0.872205,7691702,6
0,832858223,0.835609,7695439,33
0,4217319709,0.947859,7699036,40
0,440123297,0.849517,7700099,7
0,3566798947,0.938021,7703506,42
0,3864234553,1.017906,7704155,3
0,2196783353,1.024123,7706224,22
0,2051848499,0.977780,7708648,28
0,4264979333,0.884988,7711256,31
0,4252781257,0.858664,7712535,12
0,1213089019,1.033142,7716394,49
0,2229001127,0.968750,7717398,8
0,1041575693,0.832682,7722937,73
0,1058489843,0.937500,7726538,45
0,489568769,0.849517,7728007,15
0,1229909441,0.882225,7729641,17
0,1380648371,0.891036,7730710,9
0,4013781019,0.884436,7735930,68
0,3951530441,1.157938,7736441,1
0,1965544993,1.075745,7739253,34
0,1847651977,1.285055,7743455,54
0,323781067,0.755837,7745631,25
0,3741852239,1.019344,7747111,15
0,2607054257,0.815499,7748181,9
0,145848089,0.930180,7749245,9
0,3295756693,0.889939,7751233,17
0,1567540939,1.031250,7752207,7
0,3292928461,1.157094,7754521,27
0,2823130069,0.930180,7756438,19
0,3350114587,0.908403,7757811,13
0,2946004709,1.064337,7758612,5
0,625646251,0.950432,7759466,6
0,3431883409,0.999023,7760392,7
0,1742969227,1.164665,7761254,6
0,922744049,1.097316,7764002,33
0,1300731629,1.001951,7764592,2
0,4285183391,0.911086,7766027,14
0,2544538583,1.037387,7767099,9
0,1526035319,0.962683,7769913,34
0,3682298161,0.919621,7773977,52
0,1863728863,0.973276,7775825,20
0,3546458603,0.892679,7778714,35
0,261791879,1.002438,7780262,16
0,58464067,1.062959,7783397,39
0,2165326489,1.039268,7784376,8
0,140380697,1.033615,7787304,35
0,2488592257,1.067086,7787962,3
0,3330156031,0.911622,7788698,4
0,2479665457,0.946829,7790604,21
0,519003841,0.849517,7791945,13
0,335330269,1.064795,7793774,15
0,888597331,1.021736,7799533,60
0,1883428189,0.894864,7801371,16
0,3607125521,0.972774,7802299,7
0,2752016951,0.991172,7803570,12
0,1138817993,1.163407,7804858,12
0,3707369213,0.952997,7806357,15
0,2898050131,0.762910,7807846,15
0,1227929389,0.827978,7809624,19
0,1106554223,1.035031,7813411,48
0,2446735997,0.858096,7813995,2
0,1304300779,0.864897,7814578,2
0,627053039,0.973276,7815368,5
0,967155253,0.761629,7819157,48
0,1930732051,1.034559,7824391,69
0,2784553753,1.226737,7825182,5
0,3868896077,1.084785,7831931,90
0,2167927441,0.911622,7832930,8
0,1528435397,1.056047,7834756,20
0,2544728059,0.973777,7838222,43
0,3058455419,0.877229,7838738,1
0,4102217303,0.815499,7840111,13
0,589855229,1.033615,7841330,11
0,1198442107,1.085235,7843168,20
0,1708371767,1.032197,7844034,6
0,1019734459,0.946313,7848609,59
0,3236196989,0.946829,7849550,7
0,543040529,0.981270,7851670,20
0,1320791497,0.751301,7855398,47
0,3937736683,1.017906,7856264,6
0,3151976587,1.069828,7857452,8
0,561896299,1.076198,7858337,6
0,713703983,0.947859,7863319,65
0,1843561997,0.822653,7864939,17
0,4174728421,0.946313,7865669,4
0,2400382001,0.755190,7868075,28
0,2842365347,0.924387,7869010,7
0,3355785241,1.102642,7871117,24
0,2789480851,0.973276,7872677,16
0,3300748127,0.981270,7873195,1
0,1192807753,0.793652,7876209,37
0,3471364879,0.952484,7877218,8
0,1605031933,1.004871,7878868,17
0,1677989993,0.848942,7879502,3
0,3250623619,1.135799,7880985,15
0,4167012719,0.970764,7884503,44
0,3681269147,0.820275,7885169,3
0,3707030441,1.095980,7887502,27
0,2549021281,0.818488,7888792,12
0,2280034529,0.946829,7891196,28
0,2478573011,0.911622,7893182,22
0,4068726131,0.829745,7896001,29
0,3236519263,0.665852,7896815,5
0,528818891,1.114973,7903483,89
0,3331442129,1.012133,7904345,6
0,1345628443,1.133647,7905545,11
0,3873273737,0.965215,7909326,48
0,479911447,1.103085,7914607,69
0,1935056941,0.880008,7918805,54
0,637633697,0.939581,7919923,10
0,1491401497,0.913227,7921413,15
0,197649953,0.910014,7923607,25
0,2540264269,1.054659,7924260,3
0,2544063157,0.915364,7932872,117
0,3628229159,0.907327,7933376,1
0,2919714947,0.939581,7935131,19
0,967039709,1.000976,7937679,30
0,3245099261,1.091963,7938190,1
0,3197175727,0.979277,7939348,10
0,162695893,0.789333,7942426,38
0,1256668561,0.938021,7944479,23
0,1867642759,0.975280,7945838,13
0,3194762489,0.880563,7946769,7
0,3251409289,1.063419,7947833,9
0,1061395189,0.971267,7952046,54
0,1182247747,0.853531,7956039,51
0,525687301,1.000488,7957594,16
0,1407188149,0.963190,7959304,18
0,2217091271,1.106621,7963024,47
0,1194647683,0.944247,7963877,6
0,3920916919,0.883883,7964949,9
0,996715553,0.975280,7965518,2
0,4116860563,0.975280,7968280,33
0,673442299,0.938021,7969709,14
0,3781797233,0.853531,7970987,12
0,335583967,0.908403,7974350,42
0,3968712551,1.068458,7975356,8
0,1532550449,0.796722,7977048,18
0,2671218349,0.919621,7977712,3
0,1944535937,0.813701,7978568,6
0,2169726257,0.832682,7979149,2
0,971786383,0.851240,7980352,11
0,1366954231,0.783746,7981418,9
0,1890736357,0.883883,7982066,3
0,897860273,0.921743,7982777,4
0,1176636679,0.888841,7984466,18
0,2047995359,1.099538,7985132,3
0,2545585061,0.813101,7986832,18
0,1085368909,0.938021,7988794,22
0,576142361,0.876115,7989504,4
0,453909947,0.945797,7990853,13
0,3040041089,1.000488,7991424,2
0,1943392753,0.848942,7992146,4
0,1624247459,1.048623,7993826,18
0,1055829787,0.978779,7994415,2
0,2157867311,1.024123,8001517,78
0,4182593269,0.886090,8002642,7
0,44653607,1.043020,8004393,19
0,74476879,1.044891,8004891,1
0,4086598111,0.989199,8005693,5
0,1543483961,1.095534,8009930,54
0,3463939033,0.991172,8012886,36
0,381616699,0.860369,8017006,52
0,2262942727,0.799169,8018137,10
0,3244034447,0.969254,8020245,24
0,370567303,1.070284,8024122,49
0,1944946361,0.882225,8025273,10
0,3048481243,0.915364,8026912,17
0,739877063,0.916963,8027415,1
0,1980124787,0.673871,8028412,8
0,2032325047,0.973777,8031170,33
0,1858539349,0.875000,8032726,16
0,2096326129,1.062959,8035810,38
0,820406813,0.908403,8037288,15
0,2101255469,1.013098,8038369,9
0,3396012527,0.940101,8038952,2
0,1078272119,0.989693,8040016,9
0,825609619,1.132354,8041010,8
0,1960013683,0.656994,8042085,9
0,3945833821,0.969758,8043499,14
0,3909095453,0.942176,8045476,22
0,1207424917,1.012133,8046569,9
0,2981355833,1.129332,8047085,1
0,974695591,1.073928,8048434,13
0,2957837719,0.988706,8049079,3
0,1895194877,1.062959,8051510,25
0,1352934223,0.783746,8053607,22
0,938285563,0.796722,8054341,4
0,620996269,0.879453,8057143,31
0,2599853723,0.981270,8057750,2
0,254565037,0.914830,8060073,27
0,1474634899,0.975280,8061764,18
0,966402599,0.940101,8065215,43
0,3867174953,0.913227,8067262,23
0,84875059,1.035503,8069365,24
0,151781297,0.968750,8070931,16
0,2853555197,1.102642,8072222,12
0,756925963,0.923859,8074403,25
0,3649669783,0.899761,8078341,50
0,429597079,0.889939,8080876,30
0,466519631,0.906250,8085646,62
0,559409437,0.938021,8089784,53
0,807896567,1.218750,8090431,3
0,601277071,0.993632,8090936,1
0,2704844717,0.846639,8091725,5
0,3654228103,0.884988,8093839,24
0,996710101,0.787475,8095460,17
0,1496215741,0.814900,8096190,4
0,4170005171,1.066170,8097485,12
0,2292125909,1.021736,8098067,2
0,422561141,1.063419,8099061,8
0,757004357,1.079370,8101567,26
0,2052556393,0.942176,8102247,3
0,3916225969,0.869402,8104285,8
0,847152893,1.159624,8105738,10
0,275445251,0.820275,8107423,17
0,1750339009,0.971267,8112378,65
0,3632351071,1.078012,8113305,7
0,3654969013,0.972774,8116330,37
0,523203907,0.938541,8118021,18
0,3946321481,0.628894,8123404,71
0,1318880951,1.000976,8124263,6
0,1121138861,1.095534,8125189,7
0,2827418929,0.827978,8126257,9
0,2334352073,1.043020,8127609,13
0,2045954047,1.222750,8128969,13
0,1213010471,1.066170,8133101,53
0,872163989,1.037387,8134236,10
0,4017344809,0.690335,8136209,22
0,419044369,0.719429,8138032,20
0,601071013,1.000488,8139932,21
0,2182204379,1.235067,8140657,4
0,32656009,0.910550,8142253,17
0,2232727397,1.035974,8144242,22
0,583662971,0.688919,8147633,42
0,1871408299,0.848367,8148775,10
0,440677021,0.946313,8149483,4
0,1717407691,0.858096,8151821,27
0,3750253967,0.889391,8152474,3
0,2146006943,1.000976,8153495,8
0,2036676463,0.814900,8157351,44
0,669218773,0.937500,8159139,19
0,1227485401,1.074382,8159653,1
0,3502671671,0.815499,8160370,1
0,2638567007,1.097316,8163306,35
0,1496692403,0.846639,8168079,62
0,1093457791,0.783746,8168942,6
0,4273044899,1.002438,8170794,20
0,1813456277,0.911622,8171303,1
0,3549793501,1.097761,8172026,4
0,2713467391,0.925971,8174282,26
0,4133856703,1.062959,8175158,6
0,1608969463,0.796722,8176030,6
0,4244670061,0.979277,8179414,42
0,1148605691,0.975280,8181114,18
0,3398661619,1.068458,8181708,2
0,2792998471,0.854103,8182430,4
0,2933739797,0.919621,8183992,16
0,4113302563,0.818488,8185975,22
0,3213901027,0.947859,8187398,14
0,3246128341,0.941657,8188689,12
0,2828839801,0.950432,8198432,133
0,2140341443,0.904092,8199922,15
0,2739937799,1.067086,8200706,5
0,1125783247,0.752600,8202210,11
0,1136035697,1.093750,8204131,21
0,1321615931,0.860369,8207018,19
0,169288177,0.873883,8216675,126
0,1948440541,0.889391,8224526,106
0,914636287,0.829745,8225674,10
0,3046141603,1.014061,8226811,10
0,1504808843,1.119343,8228718,21
0,3750759973,0.802219,8229851,10
0,3387303181,0.952484,8231062,11
0,3410264707,1.061581,8234171,38
0,3399102503,0.884436,8238511,56
0,1152975209,1.000488,8241681,39
0,3857200969,0.981270,8244558,35
0,964017451,1.135799,8245712,10
0,2129341241,0.822653,8250838,67
0,2295140579,0.913227,8255306,58
0,301230487,0.877229,8255951,3
0,613272119,0.983258,8257162,11
0,1025768369,0.832682,8257684,1
0,508133209,1.100870,8258194,1
0,2411910691,0.836777,8259337,10
0,1784829047,0.945280,8263545,49
0,871979117,1.023646,8265050,15
0,3409421623,1.004385,8266655,14
0,3609765877,0.891036,8269486,34
0,2118616711,0.813701,8271118,17
0,3568499423,0.876115,8272632,15
0,2626457657,0.879453,8274322,18
0,2528973773,1.158360,8277836,44
0,1576851511,0.876673,8279824,22
0,634918147,0.942176,8280325,1
0,478808767,0.919621,8280829,1
0,232793621,1.064795,8286257,72
0,3619395077,0.970764,8286980,4
0,3880257049,1.029354,8293485,87
0,1144717349,1.033142,8297347,49
0,2119715027,0.817294,8299880,30
0,1950121541,0.945797,8300392,1
0,3017284861,0.950432,8300976,2
0,3292382647,1.080726,8304739,43
0,1853275013,0.801610,8306671,21
0,1978647889,1.125868,8309829,39
0,857928623,0.902471,8313825,35
0,28699949,1.002438,8314865,6
0,4092323731,1.043488,8315539,3
0,3865876433,1.012616,8316261,4
0,1992645983,1.253900,8318036,19
0,3362208827,0.928078,8324039,80
0,679244399,1.066170,8327051,37
0,4145169949,1.001951,8329719,32
0,2660579693,1.250391,8330579,6
0,925968011,1.290742,8336182,74
0,1695433769,1.012133,8337663,15
0,2889189773,0.880563,8340045,28
0,2811117073,1.157938,8342643,31
0,3405883993,1.137517,8344544,21
0,605069393,0.880008,8348438,50
0,2231585243,0.981767,8349291,6
0,1254245071,1.071652,8350361,9
0,1069987883,1.066628,8352201,20
0,3166069271,0.999023,8354049,20
0,2882399899,0.787475,8355058,8
0,4125210197,0.973276,8356068,8
0,1514274523,0.789333,8356869,5
0,165559421,1.019344,8360791,50
0,219506407,1.167596,8363310,30
0,2226806177,1.074382,8365129,15
0,2526867649,0.894864,8365927,5
0,4154984989,0.946829,8368104,25
0,3403620893,1.009718,8369310,11
0,4229783293,0.970764,8370028,3
0,2676281999,0.978779,8370766,4
0,104972201,0.971267,8372529,19
0,401503967,0.820275,8373326,5
0,2784292451,0.895409,8374755,14
0,2155592111,0.925443,8378364,45
0,3825201053,0.722139,8379662,12
0,1121122319,0.981270,8386149,87
0,293293859,1.004871,8387141,8
0,4027052423,0.844907,8388833,18
0,1597440419,0.864897,8389552,4
0,3838785163,0.958107,8392999,43
0,3498600059,0.880563,8394488,15
0,4245517099,0.851240,8398085,45
0,1480107197,1.001951,8399224,10
0,1429853549,0.822653,8403013,48
0,2801306647,0.944247,8403525,1
0,759128471,0.975280,8404455,7
0,2304613543,1.070284,8406081,17
0,2688356719,0.907327,8409484,37
0,1458937141,0.824432,8411223,4
0,499221139,0.945797,8413445,22
0,1908291289,0.940101,8414037,2
0,3568718137,0.972774,8416573,30
0,1995521041,0.919621,8417159,2
0,2910300427,1.139661,8419008,20
0,796992263,0.851240,8419864,6
0,1404424423,0.827978,8423065,39
0,1132126733,0.862070,8423784,4
0,1865836151,0.858664,8426337,30
0,766390367,0.846062,8426987,3
0,1498017421,1.006328,8428695,18
0,3613165579,0.910550,8430039,13
0,613510991,0.970764,8431248,11
0,1497329569,0.851240,8432110,6
0,2562787151,0.848367,8433597,15
0,1384697189,1.127168,8435005,14
0,3120522289,1.039268,8435938,7
0,1847481529,0.975280,8437073,10
0,1988838403,1.062959,8438420,13
0,1752581521,1.098205,8439897,15
0,4151314613,0.755837,8442080,25
0,2035393783,0.875558,8442671,2
0,26315281,1.043020,8443706,9
0,3944660051,0.827388,8445899,25
0,670592471,0.989199,8452418,87
0,3917446207,1.135799,8453498,9
0,50799251,0.932277,8455181,18
0,1971265319,0.933847,8456968,19
0,2174408713,0.701561,8458235,12
0,332995717,0.981270,8459919,18
0,2226729277,1.063419,8462394,25
0,1432067801,0.914830,8463409,8
0,2880629933,1.002438,8465818,28
0,2172643961,0.914830,8469121,38
0,1279469273,0.969758,8469865,4
0,3118821523,1.012616,8473793,50
0,2177161247,0.797334,8479314,73
0,680378711,1.066628,8485554,83
0,3868162169,0.848367,8492940,99
0,2564797177,0.914830,8493818,6
0,975007489,1.017426,8494822,8
0,4094291251,1.004385,8496724,21
0,693762929,0.911086,8498764,23
0,3890176051,0.911086,8499836,9
0,838768127,0.958107,8502383,30
0,3367268197,1.004871,8503955,16
0,1683329951,0.727528,8508091,53
0,3743310889,0.867152,8513675,56
0,2929948753,0.864332,8514363,1
0,2945425433,0.844329,8518085,47
0,2678500109,0.889391,8521397,41
0,3468496183,0.981270,8526812,71
0,1192339427,0.908403,8527322,1
0,2047825771,0.873883,8528325,8
0,1316090563,0.827388,8529395,9
0,3014476909,1.078012,8532559,39
0,1644197669,1.159624,8538773,83
0,2891095511,0.968750,8539991,11
0,2202551321,1.028405,8541398,14
0,740557787,0.827978,8547618,83
0,24919871,0.786234,8548328,4
0,413259107,1.160044,8550373,23
0,3264264929,1.119343,8553520,39
0,2217763241,0.832682,8554156,3
0,1860795413,1.160465,8555575,14
0,224139233,0.822653,8556084,1
0,714536839,0.875558,8558711,31
0,1105950353,0.904092,8560708,22
0,3502432207,0.877786,8561365,3
0,3420808247,0.916963,8563068,18
0,2897331883,0.925971,8564524,12
0,1874702197,0.987223,8565406,6
0,3455047187,1.094643,8569223,46
0,1886124677,1.073928,8571364,24
0,2154891419,1.008267,8572914,16
0,4227255839,0.877229,8577008,52
0,2199633361,0.852959,8579330,27
0,3655542019,0.913227,8579976,3
0,807734189,0.864332,8580624,3
0,1150476413,1.000488,8581408,5
0,2827782389,0.924387,8582192,5
0,3204672391,1.007782,8582714,1
0,1147653121,0.940101,8583212,1
0,133413199,0.827978,8584977,19
0,2879615821,0.883883,8588293,41
0,1827057173,0.888841,8589164,6
0,3051541783,0.831508,8591347,25
0,2957465237,0.787475,8595693,56
0,3283467113,1.111903,8598647,36
0,188978021,1.037387,8599494,6
0,3798456209,1.068458,8601132,17
0,3348017489,0.938021,8601715,2
0,373940461,0.976781,8602218,1
0,3612328939,0.921743,8603724,15
0,2818895447,0.988706,8606198,29
0,3904684891,1.225143,8607635,14
0,2065558949,0.969254,8610377,33
0,3403897687,1.000976,8611881,11
0,196290287,0.932801,8612549,3
0,2043000059,0.908940,8613907,13
0,69117547,0.543067,8617541,32
0,513506281,1.114973,8621025,40
0,2961131011,1.171771,8622169,10
0,3287514379,0.730208,8624154,22
0,2763000907,0.997556,8624727,2
0,1065288767,1.232296,8626076,13
0,537331237,0.632764,8626801,4
0,4114689361,1.007782,8633728,93
0,2902667281,1.004871,8638424,61
0,3157612823,1.048623,8639638,11
0,5655569,0.784369,8640954,13
0,4139713381,0.911622,8641956,8
0,239426819,1.113658,8642524,2
0,232863199,1.001951,8643033,1
0,787445479,0.907327,8644179,10
0,2209847327,0.915897,8644901,4
0,1984567073,0.760987,8646459,16
0,3077841709,1.035974,8647048,2
0,1467170921,0.843171,8648401,13
0,1194970187,1.095980,8650025,17
0,2390481851,1.019344,8658236,111
0,1860214313,0.836777,8659579,13
0,2179757101,0.920152,8661276,18
0,2024841529,1.039268,8662412,10
0,3770736329,0.853531,8663267,6
0,3425978921,0.910550,8664541,12
0,3206690261,1.140946,8665339,5
0,2905642237,0.970764,8667297,18
0,247295813,1.002438,8669576,26
0,3701901631,0.850666,8670307,4
0,1872675151,1.079370,8675473,65
0,1135789139,1.002438,8676351,6
0,893591,1.008267,8681851,74
0,415479437,1.122393,8682354,1
0,3882862121,0.846639,8683358,8
0,1673113171,0.946313,8684915,16
0,2955523657,1.008267,8685776,6
0,1723713151,0.783746,8686866,9
0,211607923,1.068458,8690098,40
0,2444385859,0.914830,8691525,14
0,345052243,0.981270,8697258,76
0,2978561777,0.975280,8699173,21
0,2278961059,1.062959,8700668,15
0,2863198007,0.727528,8701609,7
0,7124603,0.885539,8703001,14
0,4184597509,1.067086,8704487,15
0,1095353387,1.006328,8706663,24
0,3041240473,1.106621,8711876,68
0,418595081,0.923330,8714105,21
0,1920037123,1.083434,8715057,7
0,1029165679,0.791187,8717942,22
0,276464987,1.009718,8719096,7
0,4291841443,0.984747,8723572,56
0,3448442633,0.895409,8725067,15
0,2623013711,0.884988,8725650,2
0,4129637761,0.891036,8726645,8
0,3836855233,0.952484,8727714,9
0,2467030073,0.863202,8729769,23
0,1540109933,1.064795,8731690,21
0,931800517,0.956066,8733308,17
0,3745777117,0.976781,8734374,9
0,3647567899,0.713979,8734955,2
0,4016740411,1.097761,8736375,14
0,2662041587,0.942694,8737595,11
0,769009589,1.287712,8738386,5
0,1476857131,1.101313,8739447,9
0,392167681,0.876673,8745015,74
0,1130704979,1.035503,8746215,11
0,1915352177,0.931753,8748404,25
0,2281676597,1.012616,8749552,10
0,197452183,0.804043,8750130,2
0,192594863,0.947859,8752103,22
0,1135371901,1.086134,8752624,1
0,132719761,1.130628,8756680,52
0,3744838429,1.039268,8757268,2
0,379117793,1.054659,8758475,11
0,1295252039,1.157938,8760177,18
0,2169430421,0.781250,8760822,3
0,1621701947,0.977281,8762103,12
0,521369941,0.988212,8765279,39
0,3673196633,0.872205,8768746,43
0,2001352753,0.813101,8772618,44
0,2074068541,0.732211,8773287,3
0,1345961699,0.818488,8775891,28
0,4180311137,1.035974,8776704,5
0,2922031433,0.940101,8778123,14
0,2576183527,1.109705,8779131,8
0,209590877,0.944247,8781315,25
0,1062403541,1.111903,8783503,25
0,2187836333,0.858664,8784515,8
0,3954390821,0.855246,8785786,10
0,1097269111,0.942176,8787612,19
0,1305250117,0.853531,8789732,24
0,299832241,1.070284,8790581,6
0,2589943651,0.942176,8791452,6
0,1306751297,0.942176,8794532,38
0,2706293591,1.082983,8797638,38
0,3198706153,1.003899,8800610,36
0,864454663,0.906789,8802655,23
0,1501622723,0.756482,8803371,4
0,3754806421,0.895409,8804029,3
0,514978889,0.908940,8806344,27
0,2480707211,0.851240,8807762,14
0,555883771,0.939581,8808483,4
0,42776819,0.913227,8809332,6
0,3494021173,1.067086,8813469,53
0,2088786389,1.029354,8818363,59
0,3392884643,0.946313,8819045,3
0,165622763,1.061581,8822041,21
0,817399279,0.827978,8825385,39
0,1993211921,1.189554,8825884,1
0,2564535503,0.975280,8829390,44
0,122171783,1.033615,8831203,20
0,855218047,0.844329,8835974,62
0,3887683627,0.724838,8836766,5
0,967305071,1.072563,8839535,33
0,4145735917,1.035974,8844161,60
0,1915663511,0.877229,8845022,6
0,4120361941,1.010685,8847291,26
0,1010732893,1.220351,8855062,105
0,3868663243,1.035503,8856486,14
0,2275228607,1.070740,8857221,4
0,924874949,0.963190,8859970,33
0,374397061,0.873324,8861034,9
0,2957249849,0.853531,8861535,1
0,796781581,1.061581,8862194,3
0,582439943,0.694566,8864863,32
0,25877087,0.938541,8866976,24
0,1570468049,0.971267,8868112,10
0,2472186469,0.827978,8869455,13
0,1791855749,0.844907,8869963,1
0,246634561,0.977281,8871017,9
0,3554725943,0.849517,8873926,30
0,3724467821,0.862070,8875440,15
0,54448049,0.975280,8878888,41
0,2345231401,1.074382,8880340,14
0,4141289543,1.062500,8883430,38
0,3087754627,1.031723,8884636,11
0,3037484789,0.947859,8885358,4
0,68142821,0.824432,8885857,1
0,2474950633,1.000488,8886439,2
0,3525126263,0.833854,8887087,3
0,4281857147,0.761629,8887620,1
0,2542277029,0.853531,8888402,5
0,1438574191,0.876115,8890314,21
0,4134323803,0.812500,8892847,30
0,2820631439,0.952484,8896605,47
0,2233547663,0.789333,8897739,10
0,1135113407,1.136229,8899296,16
0,3070574233,0.820275,8901830,30
0,864707399,0.986728,8902407,2
0,2109135541,0.784369,8903205,5
0,2697353357,0.947859,8906012,34
0,2702626907,1.063419,8909039,37
0,67850617,1.077559,8910434,14
0,2301034207,0.892679,8911034,2
0,2899148779,0.813701,8912391,13
0,3524140687,0.813101,8913249,6
0,2609969569,0.781875,8918023,62
0,1298989,0.954021,8925263,79
0,3478326587,0.882225,8927539,22
0,2078842343,1.016466,8928142,2
0,743225339,0.970261,8932790,60
0,2115513707,1.000000,8933371,2
0,4239961567,0.873883,8933961,2
0,1750708097,0.827388,8935392,14
0,2988400391,1.024123,8936114,4
0,2033567491,1.039268,8938232,24
0,1833109727,0.853531,8941650,42
0,632263937,0.971267,8949636,108
0,2820494711,0.822059,8950914,12
0,4038947897,0.973777,8951495,2
0,4118179907,1.038328,8952508,8
0,2490225643,0.950945,8954645,24
0,1262470247,1.095980,8956415,19
0,2723045977,0.921213,8957822,14
0,2928471547,0.851240,8958552,4
0,1087459561,1.013098,8959477,7
0,3230523341,0.931229,8962860,42
0,952068499,1.035031,8963658,5
0,1164148633,0.945797,8964381,4
0,859436569,0.778746,8965305,7
0,3471487067,0.978779,8965890,2
0,3214450747,0.657736,8966541,3
0,844251641,0.853531,8967885,13
0,3318501611,0.940101,8974523,89
0,2966749223,1.128899,8976971,29
0,2551029317,0.919621,8978675,14
0,1282064621,0.818488,8984628,76
0,334201877,0.911622,8986472,20
0,3888739819,0.781875,8987765,12
0,3171916507,1.158360,8988638,6
0,325436653,0.846639,8989214,2
0,1372532081,0.946313,8990590,13
0,1036079237,1.000976,8994946,56
0,85249267,0.971267,8998378,43
0,458460347,0.705032,9000145,19
0,590371913,1.062959,9005999,78
0,2919181373,0.836193,9007795,19
0,924361667,1.133647,9010338,30
0,862314319,0.822653,9011063,4
0,3494314049,0.869402,9013019,22
0,2345777327,0.957087,9014167,10
0,3302247811,1.039268,9015654,15
0,94116731,0.663649,9022285,84
0,4053519383,0.705032,9023032,4
0,1157993687,1.033615,9023955,7
0,3210047833,0.973777,9025831,6
0,2701655839,0.849517,9027167,6
0,693361063,0.919621,9028041,6
0,3005040089,0.960652,9030085,23
0,3508001687,1.032669,9031089,8
0,3942497543,0.886090,9032374,12
0,3361737419,0.915364,9033294,7
0,3213488809,1.039268,9037448,53
0,3301260421,0.783123,9038233,5
0,3339372437,0.973777,9038951,4
0,1031349577,1.012133,9039605,3
0,4216814257,1.031723,9041096,15
0,2041342307,0.750651,9042304,11
0,1717545127,1.043020,9042818,1
0,1408478483,0.851240,9046318,44
0,39520919,1.048157,9046812,1
0,2454747619,0.908403,9047947,10
0,2947755761,1.097316,9050071,24
0,4293498709,0.984747,9050940,6
0,3146848993,1.102642,9052769,20
0,3567558593,1.166760,9057876,67
0,3772256977,1.070284,9059212,13
0,580670023,0.855246,9059861,3
0,2800091837,0.817891,9061552,18
0,2868260047,1.136229,9062076,1
0,2512523621,1.133647,9063905,20
0,799169699,1.046292,9066794,35
0,2213642033,0.817294,9069189,28
0,3530413177,0.965215,9074444,69
0,4245307357,1.244519,9075867,14
0,512749423,1.140518,9077244,10
0,2247402743,1.031723,9077833,1
0,2651172707,0.938021,9078834,8
0,3326167529,1.056047,9082196,42
0,4209806401,1.161727,9086778,58
0,1601094557,1.129332,9088988,25
0,3066537521,1.033142,9089785,5
0,2513047291,1.067086,9091206,14
0,1507917409,0.964709,9092073,6
0,2438016481,1.003899,9093900,20
0,1494678421,0.920152,9095945,23
0,511537567,0.932801,9097294,13
0,2360232379,0.872205,9097813,1
0,1815321821,1.035974,9101879,52
0,1854714091,1.146496,9103718,20
0,2748111497,1.032197,9104716,8
0,3010261607,0.877786,9107269,30
0,2900144959,0.945797,9114356,95
0,1712450329,0.849517,9118309,50
0,2223332281,0.911086,9119798,15
0,3030709067,1.031250,9120937,10
0,2697175007,0.913227,9123735,29
0,2934594079,1.095534,9125682,21
0,2348476561,0.877229,9130403,45
0,397688671,0.899761,9133748,39
0,4000787789,1.137517,9134691,7
0,2013000749,0.846639,9136748,23
0,395319557,0.815499,9137669,7
0,1446231739,0.970764,9138814,10
0,255832931,0.960652,9140226,14
0,1838220389,0.677484,9142631,28
0,245800981,0.955044,9145002,28
0,1987524871,0.778746,9148034,37
0,4029453929,0.853531,9148539,1
0,2359027841,0.811297,9149253,4
0,3548622617,0.924387,9152642,42
0,841252241,0.914830,9154982,27
0,397952887,0.804043,9157665,32
0,480133757,0.969758,9161180,44
0,660254317,1.101313,9161831,3
0,505466267,1.002438,9163389,16
0,470475727,0.846062,9164451,9
0,3987788089,0.709864,9168090,46
0,7638979,1.198143,9168573,1
0,2197708687,1.066628,9173558,65
0,3985376173,1.073928,9175186,17
0,3698385401,0.579601,9176880,18
0,2072181437,1.130628,9177468,2
0,2626118213,0.960652,9177982,1
0,1998894871,0.964203,9179434,10
0,2221315483,0.858664,9180310,6
0,2066121587,0.993632,9181170,6
0,3252934681,1.091963,9181886,4
0,2658578327,0.985738,9183033,10
0,2030128337,1.006328,9184409,11
0,2654092141,1.039738,9184937,1
0,342800009,0.677484,9187686,33
0,711918679,1.078012,9189104,14
0,1033267061,0.940101,9190383,12
0,930026707,0.985738,9192355,22
0,2926056781,0.947859,9197970,74
0,3152772521,0.913227,9200032,23
0,2692635629,1.070740,9201110,9
0,399631489,0.688210,9202511,14
0,1770695879,0.942694,9203592,9
0,3315745241,1.035974,9204304,4
0,1565828443,0.907327,9206468,22
0,2474671781,0.942176,9208545,23
0,2127587783,0.802219,9212000,43
0,2643856151,0.910550,9213500,15
0,500023031,1.073928,9214374,6
0,4061446247,1.044891,9216626,26
0,4025148857,0.952484,9217217,2
0,416301547,1.066628,9218914,18
0,98544031,1.035974,9219490,2
0,2284017433,1.043020,9221335,20
0,1931368567,0.958616,9222828,15
0,2981625013,1.168432,9226352,39
0,1524926323,1.133647,9227098,4
0,742841387,0.867152,9231350,40
0,2140541251,1.158360,9233368,20
0,1435701107,1.035031,9233957,2
0,1271164567,1.064337,9235659,18
0,1375318177,1.038798,9237704,23
0,859885639,0.855246,9241617,50
0,1009294597,0.911622,9242397,5
0,4239019727,0.994614,9244945,30
0,620320369,0.889391,9246215,12
0,3623226449,0.950945,9250839,60
0,2129910281,0.971267,9251353,1
0,476930617,1.002438,9252910,16
0,451324333,1.192833,9253488,2
0,4162302223,1.171354,9254424,7
0,2604885823,1.113658,9257037,31
0,3577413569,1.039268,9258734,18
0,1936847201,0.973276,9260014,12
0,792036403,1.181729,9260797,5
0,3011674871,0.952484,9262285,15
0,245300981,0.829745,9263152,6
0,2535762727,0.897044,9266397,40
0,1758642359,0.958616,9268679,26
0,1703110517,1.038798,9270448,19
0,3805058737,0.851240,9271162,4
0,1526502851,0.977281,9272094,7
0,3645338771,0.950432,9273602,15
0,2037524429,0.927551,9275019,14
0,2606862617,0.621081,9276646,17
0,109336897,0.903011,9278965,27
0,2544561697,1.106621,9280693,14
0,2393527601,0.993632,9283676,36
0,945421207,0.786855,9287926,52
0,987775507,0.920152,9289273,13
0,617614507,1.070284,9291796,30
0,618192479,1.009718,9293004,11
0,908706223,0.688210,9294485,15
0,2163303581,0.787475,9295346,6
0,1470814901,0.952484,9297463,24
0,1699958527,1.109705,9299121,17
0,2431778059,0.760345,9300191,9
0,1492483607,0.866589,9302029,20
0,1742779993,0.976781,9303166,10
0,195497641,1.073928,9310276,96
0,615200969,0.822653,9310787,1
0,451660711,1.001951,9312368,16
0,54436441,1.004385,9312936,2
0,3154750601,0.973276,9315108,25
0,4250759231,0.908403,9316114,8
0,2800853599,0.942694,9317463,13
0,644265329,0.846639,9318611,10
0,1285156567,1.032197,9321084,29
0,1537536757,1.003899,9322024,7
0,1600455119,0.756482,9322536,1
0,1115349731,0.938021,9323622,9
0,3418472669,1.063419,9324410,5
0,2113696129,0.923330,9326936,30
0,2448245099,1.081178,9329146,21
0,4235752223,1.166760,9330172,8
0,2677504061,0.919621,9339305,111
0,1053043111,1.095980,9341097,17
0,1528053053,0.745429,9345572,58
0,3331455599,0.846062,9346733,10
0,242587889,0.753248,9347234,1
0,1123708709,0.691042,9349558,27
0,956421619,1.032197,9351341,19
0,817736747,0.913227,9352058,4
0,3927263909,0.945797,9352920,6
