agent_id,prime,g,timestamp_us,checked_since
0,2577343001,0.983258,0,15
0,2258620783,0.952484,796,1
0,706044923,1.036916,1314,1
0,1470120563,0.969254,2694,9
0,857735231,1.146496,3201,1
0,2093717419,0.942176,4800,14
0,2443081517,1.090621,8556,47
0,2892790423,1.134508,9209,3
0,1432501193,0.935936,13422,54
0,40181731,1.112781,19590,82
0,628311289,0.855816,20163,2
0,2629449607,0.999023,22840,32
0,314043937,1.082983,25988,39
0,3067301557,0.778119,26503,1
0,2644888879,1.137517,27375,6
0,903461177,0.966732,29978,31
0,640991431,1.005357,32946,36
0,3900075097,0.936979,35702,33
0,2158781509,0.942176,36842,10
0,2660647903,1.004871,38892,23
0,3918224939,0.895954,40942,23
0,725526247,1.026028,45377,57
0,3511404199,0.940620,47242,20
0,3138193801,0.985243,47745,1
0,3305388661,0.788714,49162,14
0,2675994353,1.056971,53391,54
0,1748136539,1.156672,53970,2
0,63128917,1.004871,54887,7
0,1911470641,1.132786,55817,7
0,3580484321,0.893772,58304,29
0,3592336613,0.952997,60139,20
0,2061581521,0.846639,61632,15
0,4290614621,0.948374,62712,9
0,3527459987,1.008267,63855,10
0,824270933,1.002438,65748,21
0,398118817,1.127168,67160,14
0,1788341099,1.006813,69290,24
0,1135759291,1.035974,71819,30
0,2683497941,1.027455,73955,24
0,400312667,1.036916,76617,32
0,4030013951,0.970764,78181,16
0,193011337,1.095980,83425,69
0,3790575647,1.048623,84637,11
0,1722066701,0.888292,86483,20
0,3752641969,1.002438,88325,20
0,1348253887,0.983258,90383,23
0,343237129,1.046758,92354,22
0,3507026909,0.938021,93779,14
0,1023260897,0.903552,94289,1
0,392299949,1.012133,96397,24
0,2658320069,1.048157,97471,9
0,4011567023,0.870524,102742,69
0,1978343239,0.997066,105107,23
0,1528051067,0.938541,111212,70
0,2837571599,0.978779,113298,22
0,507258953,0.958616,115200,21
0,707362883,1.137517,116329,10
0,4106377001,1.025076,117324,8
0,1861110463,0.993141,120983,46
0,3126737023,0.897588,122903,21
0,225052369,1.086584,127237,56
0,3987383929,1.046758,130603,42
0,520884719,0.970764,131387,5
0,3975866659,0.969758,133015,17
0,2025749153,0.952484,138215,68
0,3352133641,1.048623,139150,7
0,2578299947,0.961668,149063,135
0,1238232493,1.052341,150939,20
0,2691750683,0.932277,152421,15
0,1463197811,1.005842,156696,55
0,228480151,0.870524,157415,4
0,3032388211,0.932277,158139,4
0,3144352063,0.963190,160393,26
0,4094971087,1.079370,161598,11
0,3875417093,0.960652,162109,1
0,2919269539,1.104854,162611,1
0,2158081691,1.012133,163816,11
0,2051509487,0.973276,164340,1
0,184875953,1.046758,170158,77
0,1646563739,0.858096,172059,21
0,947519099,0.884436,177963,77
0,5720773,0.908403,178741,5
0,4010856893,1.054196,180867,24
0,115608611,1.032669,181984,10
0,4038590971,0.843750,185155,39
0,368256661,1.009235,187852,32
0,637320923,1.048157,194305,86
0,4014717797,0.907327,195728,14
0,1742043869,0.986233,197991,26
0,2543281123,0.956066,198577,2
0,1522255583,0.862070,200776,25
0,2611248461,1.050483,205334,59
0,3775157597,1.029354,208907,38
0,4075505297,1.048157,215271,84
0,2982674647,0.923859,215783,1
0,3720585101,1.015505,218323,30
0,3817748951,1.031250,219464,10
0,3512350817,0.885539,220454,8
0,2800990103,1.095534,221121,3
0,562895167,0.924387,222531,14
0,718763159,0.907327,223121,2
0,537588179,0.895409,225225,24
0,3953246369,1.009235,225800,2
0,4006377019,1.061581,234001,111
0,3577559717,0.921743,235139,10
0,1670459039,1.004871,236013,6
0,2687438651,1.068914,237149,10
0,3593999681,0.903552,238905,19
0,2208227731,1.032669,242571,46
0,2482492339,1.069828,245463,35
0,873045871,1.102642,246252,5
0,58572551,1.094643,251724,72
0,521729717,0.994614,255098,42
0,260956439,0.935936,255948,6
0,3752102789,1.099538,256598,3
0,2160924979,1.068458,258699,24
0,3553199753,0.844907,259987,12
0,3844455929,1.000976,260644,3
0,811832537,1.062040,261426,5
0,2662872923,0.953509,263201,19
0,3819182239,1.061581,264271,9
0,2588660297,1.008751,266112,20
0,3339323969,0.888841,267304,11
0,2371198931,0.879453,274517,97
0,2579441021,0.915897,277213,32
0,2434278409,1.107944,280651,43
0,2820946199,0.963190,282057,14
0,884001247,0.921743,282705,3
0,3295883453,1.144365,284549,20
0,2871669433,1.039268,286378,20
0,1655388893,0.977780,289183,34
0,1578696953,1.051877,291711,30
0,71151617,0.820275,298190,87
0,4019678017,1.067086,299543,13
0,20581411,1.010685,300584,9
0,871912211,1.022214,304513,50
0,3399651949,0.869402,306284,19
0,1921192579,0.900304,308816,30
0,3196167713,0.984747,310094,8
0,4177834301,1.184618,310680,2
0,3410087381,1.014543,312408,16
0,267187477,1.097761,313087,3
0,2242194803,0.968750,314994,21
0,1026817577,1.111903,315654,3
0,1891881853,0.931753,317374,18
0,2507565691,0.962175,319281,21
0,1043480069,0.980772,320688,14
0,497305463,1.071652,321334,3
0,254153567,0.956577,322323,8
0,2536362281,0.986233,322842,1
0,4093781651,1.008267,324526,18
0,3412642643,0.910550,325185,3
0,1876254269,1.020302,329965,62
0,2843884619,0.904092,330833,6
0,1716146087,1.199772,332526,18
0,2814050399,0.980772,333739,11
0,3634570817,1.050019,334319,2
0,318157277,1.001464,336089,19
0,2234943847,1.050948,337164,9
0,4291763689,0.893225,337972,5
0,2097439327,1.051877,339394,14
0,767632681,1.036445,343736,56
0,975169603,1.061581,345023,12
0,868459531,0.960652,346226,11
0,190811021,0.960652,346948,4
0,10923611,1.004871,349736,34
0,3116944141,1.048623,351163,14
0,1407530539,0.880563,353505,27
0,646901029,1.069371,354374,6
0,1629864391,0.950432,359090,61
0,2951257541,1.000488,360590,15
0,1576873447,0.930180,362931,27
0,4259366537,0.916963,363591,3
0,1908635389,1.012133,368699,67
0,1614721957,1.097316,371601,35
0,71133617,0.899761,373352,19
0,4292388637,1.012133,374776,14
0,1847508293,0.952484,375921,10
0,4195674503,1.050948,378586,32
0,2156633569,0.996086,381381,34
0,3925129907,0.992649,382178,5
0,3152363399,0.923859,386761,59
0,932516857,1.040677,388886,24
0,2971507727,0.972272,389813,7
0,675281591,0.950945,390621,5
0,2731616257,0.946313,391675,9
0,3528985261,0.956066,392320,3
0,3309849539,0.854103,393591,12
0,1408722877,1.102642,394670,9
0,2402844761,1.067086,399163,58
0,135507707,0.993141,400157,8
0,3245223049,0.952997,401225,9
0,1239088633,1.080726,402029,5
0,1889902471,0.908940,402680,3
0,2108538347,0.996086,404108,14
0,3414182683,1.068458,405802,18
0,1812943943,0.984251,411356,73
0,2613827057,1.093303,413074,14
0,1717929107,1.021736,413895,3
0,625947181,1.061581,418548,60
0,1164498757,0.963190,419751,11
0,735063059,1.106179,421515,19
0,3794653259,1.079370,425476,50
0,3381699539,0.863202,426632,10
0,2092433327,1.014543,431697,66
0,792895771,1.091516,432486,5
0,1072947959,0.997556,434467,22
0,906955901,0.973777,435600,10
0,3790470353,0.963190,436187,2
0,67063439,0.879453,438928,33
0,456659807,0.996086,440900,22
0,200821141,0.998534,441540,3
0,3590530109,1.037387,442740,11
0,639640031,1.008267,444502,19
0,3746162141,1.032197,446141,17
0,1216079797,1.037387,451815,75
0,771026147,0.962175,452476,3
0,2743881929,1.062959,455061,31
0,2390306617,0.957597,456200,10
0,2904175019,1.201399,460816,60
0,366059621,0.972774,462865,23
0,1218733289,1.143511,463993,10
0,112608007,1.050019,465391,14
0,2471214329,1.035974,466325,7
0,1863536911,0.855816,467809,15
0,1798271113,1.116723,469229,14
0,1994684441,0.975280,469737,1
0,296226781,1.091516,472273,30
0,1192334999,1.029354,473553,12
0,859980431,0.890488,474056,1
0,773250029,0.914296,476877,34
0,3645781453,1.012133,478508,17
0,4250727947,0.771185,479242,4
0,1576954399,1.031250,479910,3
0,1824156319,1.081629,480427,1
0,3091332131,0.914830,481354,7
0,4085631239,1.029354,485071,47
0,3122361733,1.050483,485652,2
0,3793885441,0.897044,486150,1
0,2801555569,1.110145,488813,32
0,3270828163,0.921213,490786,22
0,4250985883,0.957597,491650,6
0,2604339571,1.036916,492510,6
0,3545057207,0.988706,493103,2
0,3669489827,0.873883,493692,2
0,886414939,1.119343,496302,31
0,461027309,0.986233,499619,41
0,444359627,1.119343,500962,13
0,2614786103,0.950432,502667,18
0,284915101,0.911086,504709,23
0,1184458909,0.975280,505294,2
0,1554181819,0.998534,506729,14
0,1743144551,1.018386,507738,8
0,2346286091,0.928078,509791,23
0,1881474239,1.078012,511847,23
0,2655676351,1.122828,513633,19
0,2834348599,1.088828,517188,39
0,3699188191,1.018386,518166,7
0,808404517,0.942176,519570,14
0,1647852253,1.067086,522935,42
0,2573054623,1.119780,523736,5
0,420249001,0.954021,524384,3
0,99805429,1.050483,526915,30
0,40796029,1.093303,530354,43
0,914675581,0.986233,530873,1
0,3756508559,1.077106,532661,19
0,770323909,0.996086,533380,4
0,2798773877,0.933847,534397,8
0,853634399,0.901929,535118,4
0,478278631,1.070740,536321,11
0,1796928631,1.029354,537532,11
0,3749910079,0.975280,538541,8
0,3040651391,1.061581,539336,5
0,1664918527,0.945280,539932,2
0,2001824521,1.123697,540997,9
0,1382733883,1.062959,543965,35
0,2991310457,1.128899,545531,16
0,3122209289,1.068458,546880,13
0,1837651603,1.104854,547806,7
0,1704485533,0.969254,557030,126
0,693668413,1.020302,569192,168
0,1769003861,1.022214,569919,4
0,2205053003,1.114973,572036,24
0,4128640889,0.983258,573599,16
0,2589308311,1.067086,575603,22
0,978993193,0.972272,576726,10
0,1308077651,0.891584,579682,36
0,214296701,1.082532,580394,4
0,1361205091,0.985243,581318,7
0,385040519,1.151171,584270,36
0,2965804837,1.055584,586378,24
0,438750667,1.128467,589044,32
0,1387984453,0.830921,590322,12
0,300854299,0.931229,594249,50
0,1173973363,1.004385,594911,3
0,4109974117,1.164246,595497,2
0,3313452871,0.938541,596638,10
0,1659700543,1.000488,597775,10
0,2752691467,0.997556,598353,2
0,2882054393,0.986233,603681,70
0,1797532447,1.057433,605794,24
0,2424458627,1.023646,608107,27
0,4291052693,1.000488,610362,26
0,3944683693,1.032669,612139,19
0,1450609267,1.033615,612937,5
0,3608786017,1.112342,614999,23
0,52493083,0.945797,615850,6
0,1149772223,1.088828,616633,5
0,3717856019,0.805256,617486,2
0,2851689409,1.119343,618676,9
0,1119288101,0.971267,621389,32
0,861449159,0.958616,621970,2
0,4158402839,1.176761,622973,8
0,4277521331,0.945797,625386,28
0,1631241299,0.916963,626179,5
0,4086547979,0.962175,627594,14
0,1658987947,1.176761,629076,15
0,552375433,1.281250,631257,25
0,306547363,1.179662,634071,34
0,431668477,1.077106,635139,9
0,1893461593,0.950945,635868,4
0,3770756651,0.935936,636652,5
0,2077045549,1.080726,641279,60
0,646203827,1.046758,641858,2
0,4079416027,0.889939,642940,9
0,2684481703,0.946829,643868,7
0,2974737607,1.036916,648512,60
0,3819325771,1.025076,649030,1
0,2275362559,1.079370,649836,5
0,2109402661,1.054659,653456,45
0,403671761,1.061581,654652,11
0,4239077833,1.148198,655657,8
0,292569527,0.974279,659370,47
0,3977060207,1.168015,660170,5
0,950268677,1.125868,660677,1
0,2988874313,0.927551,661603,7
0,3990960893,1.137517,662400,5
0,3494751383,0.975280,665351,36
0,1616767121,0.972272,668434,38
0,4036832659,1.057433,669370,7
0,1905337471,1.051877,671066,18
0,1963362809,0.924387,671644,2
0,2603768009,1.092410,674634,36
0,2936163239,0.940620,675935,12
0,1593674123,0.944764,677235,12
0,1289213423,1.067086,677966,4
0,2589867901,0.932277,678696,4
0,1153888079,1.099094,679219,1
0,562665203,0.972774,679796,2
0,2423898377,0.938541,680445,3
0,3649159889,1.000488,682640,25
0,443566961,0.929655,683420,5
0,2499422521,0.983258,684622,11
0,2743156643,1.072563,687864,40
0,1095565927,0.923859,689485,17
0,4204033363,1.061581,690625,10
0,1900682983,1.079370,691416,5
0,2303283427,0.903552,692061,3
0,789135769,1.068458,694928,35
0,219376009,0.972272,698688,48
0,1781844679,0.948889,699268,2
0,3258129289,0.946313,699916,3
0,1760984609,0.944764,700775,6
0,1109191459,1.111903,701490,4
0,94685629,0.945280,704636,39
0,1156612141,0.956066,705136,1
0,1060502951,1.059278,709859,61
0,208983001,1.097761,711285,14
0,1969869269,1.114535,712702,14
0,3383019529,1.209500,714251,16
0,3471842557,0.987223,717272,37
0,3186623087,1.064795,718200,7
0,1031968099,0.993141,723866,69
0,3568743433,0.907327,725393,15
0,695902387,1.033615,726526,10
0,828956273,1.052341,729130,31
0,1801906763,0.925971,732882,47
0,1150848773,1.027930,733948,9
0,131221289,0.873324,735633,18
0,250702871,1.029354,738086,29
0,3769592933,0.970764,741387,41
0,3830007227,0.913227,746586,68
0,2675631311,0.871085,748982,28
0,1411287673,1.036916,751786,34
0,1659214247,0.934370,755852,52
0,2193015439,0.934370,756362,1
0,3959304449,0.946313,757780,14
0,3948212461,1.042083,760871,38
0,1075032839,1.000976,761374,1
0,1093572619,1.083884,761884,1
0,2401003897,0.976781,762466,2
0,507884591,0.977780,763597,10
0,2674765711,0.893225,764329,4
0,3289875209,0.935936,767612,41
0,1354255129,1.097761,768324,4
0,3401701763,1.004871,769805,15
0,1454613269,1.205456,770322,1
0,3188205563,1.073928,774349,51
0,3574197059,0.950432,775004,3
0,3703840583,0.969758,775724,4
0,897917687,0.899761,777073,13
0,231786091,1.029829,778131,9
0,515728583,0.928078,779128,8
0,580785631,1.076198,780542,14
0,2749739141,0.972774,781260,4
0,2411970293,0.985738,783462,25
0,1008877099,0.879453,787111,46
0,502209781,0.981270,789708,31
0,490550629,1.079822,791483,19
0,3497542183,0.995105,797864,85
0,1285376549,0.806468,798648,5
0,408387401,1.064795,799641,8
0,4096411931,0.834439,801749,24
0,2049688871,0.976781,804640,35
0,1700039669,1.020302,805499,6
0,1068009031,1.076652,806701,11
0,2372779229,1.040677,808423,18
0,3674694349,1.095980,809421,8
0,900616637,1.111903,810766,13
0,2813798803,0.978779,812183,14
0,3211706083,1.090621,816410,54
0,3878706817,1.023646,825299,116
0,1013186131,0.847791,827890,30
0,2658028249,0.957087,830145,26
0,4154393473,1.054196,831417,12
0,15995813,1.073928,832178,5
0,2958764723,0.952484,835125,36
0,288673397,0.927551,836532,14
0,268449061,1.014543,838710,25
0,2987457233,0.975280,840197,15
0,752029687,0.963190,841545,13
0,370777859,1.121522,842256,4
0,751293679,0.992649,843533,12
0,1454702281,0.985243,853145,131
0,3752917249,0.950432,854210,9
0,1198133309,0.919621,855833,17
0,686619389,1.019344,856974,10
0,1323526543,1.077559,858669,18
0,3500266223,1.072563,859603,7
0,2973276479,0.975280,860255,3
0,3874996651,1.043488,862176,21
0,2266288229,1.109705,863028,6
0,2322832579,0.944764,863894,6
0,18211483,0.938021,865851,22
0,1109635909,1.087033,869560,47
0,1663039837,1.036916,871194,17
0,3682735379,1.050948,872813,17
0,68657137,1.078012,876584,48
0,34157681,0.973276,879575,37
0,555747113,0.880563,881250,18
0,957793427,0.910014,882310,9
0,4265447231,0.868840,884015,18
0,2893686911,0.990186,887673,46
0,1119250571,1.078012,889299,17
0,49198157,0.757128,890782,15
0,3762875917,0.983258,891566,5
0,882037301,1.116723,893043,15
0,3388582699,0.952484,894691,17
0,2001313103,1.008267,895839,10
0,532748603,1.008267,896763,7
0,1015110157,0.935936,897752,8
0,1370942323,1.159202,898617,6
0,939298781,0.932277,899274,3
0,15836473,0.992649,900938,18
0,2366159881,0.977780,903536,31
0,463448857,0.903552,904045,1
0,1818429247,1.023646,905187,10
0,3512879761,1.026980,905760,2
0,1141730287,0.949404,906974,11
0,1552984009,1.043488,907619,3
0,2124217483,1.105296,909329,18
0,865697167,0.978779,910539,11
0,4116616783,0.873324,911410,6
0,3377907941,0.935936,913240,20
0,1381012783,1.001464,915551,27
0,3273367649,0.931753,917580,23
0,925904381,1.133647,919413,20
0,3539214551,1.012133,920903,15
0,819752677,1.067086,921913,8
0,446760229,0.940101,922833,7
0,3601376809,1.053732,923339,1
0,2620125979,0.907327,927008,39
0,2366064497,1.029829,928890,20
0,2937554057,1.151595,930580,18
0,2185476049,1.105296,933040,29
0,898496077,1.021736,940623,102
0,490429747,0.999023,943079,29
0,116998813,1.066628,951097,109
0,1621242457,0.944764,955908,63
0,4222348279,1.015505,956784,6
0,1533883523,1.043488,957434,3
0,4216065587,0.949404,958727,12
0,3982829671,0.988706,962737,51
0,1287676861,0.955044,965271,30
0,709277873,1.061120,968778,44
0,1995845311,1.012616,969863,9
0,530866109,1.037387,971842,22
0,242832949,0.975280,972622,5
0,2978845643,1.017906,974530,21
0,1564481453,0.940620,975115,2
0,3434096153,1.104854,976450,13
0,1735648469,1.178419,976974,1
0,1388688887,0.906250,977767,5
0,927898681,1.028405,978413,3
0,1127415427,1.027930,981234,34
0,2024145649,0.931229,984386,39
0,1405956749,1.056971,985383,8
0,3219907651,0.895409,987884,29
0,653563613,0.930180,990622,33
0,1979144033,0.820870,992319,18
0,1462897691,0.988706,994513,25
0,3274106477,1.042083,996352,20
0,469861541,0.982762,999358,37
0,1006491709,1.147773,1001339,22
0,1779952453,0.994614,1003664,27
0,1524302609,0.893225,1004659,8
0,3344042183,0.997556,1007116,29
0,2339868431,0.942176,1011187,52
0,1159915721,1.133647,1012177,8
0,2631993473,0.944764,1012674,1
0,1074795611,0.993141,1014497,20
0,1485090533,0.978779,1015700,11
0,1596515233,1.046758,1017397,18
0,3226284641,1.115848,1018107,4
0,1490027809,1.102642,1019020,7
0,3124994947,0.915897,1021366,27
0,11373871,1.106621,1026667,66
0,881708287,1.066170,1027467,5
0,3480242273,1.120651,1028865,12
0,1189080799,0.993141,1030528,17
0,1550218723,0.962683,1031830,12
0,2921862737,0.946829,1033317,15
0,3215877289,0.862070,1034387,9
0,667222267,0.910014,1035380,8
0,4231023691,1.109265,1038735,42
0,536734441,0.877786,1041009,26
0,2748005189,0.941657,1041522,1
0,3944034077,0.968750,1046027,57
0,1844657953,1.020302,1047039,8
0,1329374227,0.971267,1047618,2
0,3232225567,0.929655,1049530,21
0,1335631057,1.042083,1051162,17
0,2746387907,0.956066,1053638,29
0,2328331127,1.014061,1054637,8
0,2337427163,1.018386,1055428,5
0,2470284347,0.903552,1056220,5
0,3132540289,0.997066,1057003,5
0,871436087,1.004871,1059555,30
0,1643578847,1.113220,1063564,51
0,2406248771,1.050483,1067428,49
0,3031133603,1.073018,1070461,37
0,259429369,0.880563,1071040,2
0,2580173671,1.109705,1072818,19
0,2725182737,0.946829,1073898,9
0,2151359207,1.032197,1075308,14
0,1459510823,0.956577,1076661,13
0,2239606283,0.942694,1079989,41
0,3876620051,1.023646,1081266,12
0,1114709,0.993141,1083833,31
0,1489273243,1.047691,1085318,15
0,1216198507,1.025076,1087956,31
0,891513739,1.029354,1088534,2
0,1416612919,0.976781,1089748,11
0,1711137943,0.889939,1090337,2
0,3018413941,0.924387,1091410,9
0,2506530811,0.936979,1093252,20
0,1862350981,0.955044,1095785,30
0,2508006961,0.932801,1097473,18
0,1512483017,1.026980,1101314,49
0,2222217931,0.950945,1104122,34
0,2123095241,1.034559,1104851,4
0,3725134481,1.001464,1106743,21
0,2190096499,0.954533,1109546,34
0,2834098669,0.956066,1110340,5
0,914404817,1.035503,1111397,9
0,3290812183,0.972272,1113788,28
0,3219858547,0.925971,1114445,3
0,3834113467,1.057894,1117819,42
0,1344525829,0.957597,1119093,12
0,358740191,0.846062,1119952,6
0,866460767,0.967237,1120461,1
0,2179501447,0.969254,1122225,19
0,1863074977,0.936458,1122798,2
0,3477284953,0.876115,1123949,10
0,2005227019,0.919621,1127322,42
0,137768063,1.090173,1129579,22
0,1407313067,1.024123,1130449,6
0,752334229,0.945280,1132893,18
0,2459540947,1.040677,1133544,1
0,232897901,0.999023,1135102,16
0,2025650191,1.072563,1136590,15
0,591407569,0.987223,1138056,15
0,1335085471,1.029354,1140110,23
0,109214257,0.967237,1141019,7
0,4153007557,0.913227,1142727,18
0,2724010979,1.044891,1143455,4
0,3262122403,1.056971,1146976,44
0,558936061,1.031250,1147556,2
0,4076071927,0.872205,1148777,11
0,2952654671,1.036916,1149452,2
0,856223801,1.009235,1152707,40
0,689760787,1.056971,1154060,13
0,2287509641,1.134508,1155944,21
0,3427696429,0.972272,1157085,10
0,3303587953,1.006813,1160800,47
0,2980758113,1.109705,1162221,14
0,3672376663,1.044423,1166647,57
0,3671823163,0.895409,1167938,12
0,2058045427,0.989199,1169082,10
0,859876049,0.988706,1171463,28
0,2437842409,1.002438,1175914,57
0,2413235347,1.064795,1177924,22
0,3675671969,0.941657,1178711,5
0,1975446181,1.166760,1183789,66
0,4018506871,0.924387,1185418,17
0,2695238587,1.027930,1186765,13
0,2739767993,0.963190,1189654,35
0,1520689783,0.997066,1190517,6
0,510214381,0.916963,1191098,2
0,517330453,0.895954,1192578,15
0,231176873,0.983258,1195033,29
0,4054259051,1.025076,1198537,44
0,3563607601,1.155828,1199250,4
0,937430471,0.965215,1200945,18
0,4217159827,1.082983,1202499,16
0,22243733,0.866589,1203206,4
0,815383463,1.100870,1203926,4
0,612817613,1.100426,1204500,2
0,772112141,0.973276,1205217,4
0,2998443353,0.919090,1206008,5
0,1592773913,0.921213,1209676,46
0,2305585553,0.904092,1210810,10
0,4248026039,1.043488,1211551,4
0,250249799,0.921213,1212958,14
0,1568091521,0.839108,1214867,21
0,807053041,0.923859,1216070,11
0,813961189,1.048157,1218099,23
0,1494399359,1.012616,1218829,4
0,3415343153,1.054659,1219466,3
0,519128947,1.073928,1219976,1
0,3053796197,1.031250,1220624,3
0,1354060909,1.133647,1221202,2
0,399866669,0.867152,1221715,1
0,1629183247,1.104854,1224116,28
0,4093367701,0.929655,1226798,32
0,4153535369,0.921213,1227882,9
0,107103677,1.027930,1231451,40
0,3797786191,0.862070,1233052,14
0,2373217243,0.850666,1234241,10
0,3068031797,0.798558,1235037,5
0,1767137117,1.029829,1236314,12
0,3767326819,1.061581,1240595,55
0,680831449,1.062959,1243042,29
0,2180808479,1.014061,1245447,28
0,557535623,0.867152,1247138,18
0,1406141543,1.057894,1250990,49
0,467604019,1.039268,1252834,20
0,362947289,0.858096,1256199,42
0,1853122759,1.014061,1259230,37
0,1678684993,1.057894,1260796,16
0,61912139,0.972774,1261713,7
0,1632810877,1.207884,1265031,41
0,341961797,0.990679,1265739,4
0,3487062487,1.019823,1268289,30
0,3343342193,1.009718,1270957,32
0,2092941731,0.901929,1271961,8
0,845826589,0.895409,1273091,10
0,2626763329,1.075745,1276344,40
0,141665201,0.931753,1276849,1
0,2805144373,0.916963,1280492,46
0,3028440941,0.925971,1285731,69
0,989006077,1.000488,1288636,35
0,3657383347,1.061581,1289940,12
0,4234274899,0.835609,1291217,12
0,1200090257,0.858664,1296747,73
0,3090415967,0.911622,1299204,29
0,93996449,0.972272,1303405,54
0,3588175037,1.119780,1307125,47
0,1345948913,0.948374,1308112,8
0,1105883407,0.927551,1310079,22
0,1694241119,1.070740,1313512,43
0,4021880053,0.972272,1315855,27
0,3438458521,0.997066,1317067,11
0,4293002947,1.101313,1319038,22
0,432899393,1.133647,1321273,26
0,1908296147,0.903011,1325836,59
0,3989697641,1.047691,1326700,6
0,3884114323,0.910014,1327427,4
0,3649228447,1.009718,1330960,44
0,4189102259,1.032669,1332373,14
0,4218829847,1.050948,1333240,6
0,2087535809,0.959126,1334618,10
0,255600043,1.076652,1337503,33
0,3935733751,1.079370,1339240,18
0,1336308949,0.983258,1339902,3
0,3582200903,1.022214,1340754,6
0,634590269,1.066628,1341747,8
0,459242617,1.086584,1345467,47
0,1391482409,0.989693,1348074,31
0,3447069049,1.173436,1348724,3
0,330892253,1.032669,1351196,29
0,3464721641,1.057433,1353305,24
0,507232783,1.027455,1354868,16
0,101180509,1.005357,1357872,37
0,1927928797,0.859233,1358462,2
0,1963276751,1.044891,1361905,43
0,2566535417,0.919621,1363962,23
0,242775131,0.989693,1365716,19
0,47058481,1.053732,1366849,10
0,2450951057,1.018386,1367491,3
0,2152805617,0.871645,1370568,38
0,921284099,1.068914,1371848,12
0,1204266359,0.929655,1373552,18
0,2456239813,0.981270,1375315,19
0,2957549869,0.791804,1376025,4
0,22474171,0.977281,1379309,41
0,3535408691,0.984747,1380999,18
0,4251893519,0.841432,1381593,2
0,3667194187,0.956066,1384744,39
0,2013359333,1.140518,1386373,17
0,1390140239,1.051877,1388006,17
0,3710652871,1.000488,1390530,30
0,2801778169,1.100870,1393088,30
0,726163577,0.895954,1393941,6
0,658218139,0.928078,1396759,34
0,2930798201,0.884436,1397964,11
0,2023466051,1.039268,1401741,48
0,3968261347,1.077106,1403588,20
0,3853199663,1.002438,1404528,7
0,1036191659,0.957597,1407074,30
0,1153598521,0.882778,1407574,1
0,2120273399,1.036916,1413243,75
0,3874116083,0.999023,1414176,7
0,2210181599,1.094643,1414764,2
0,1435390991,0.946313,1416888,24
0,4082723851,0.972774,1417956,9
0,1620513403,1.169685,1418952,8
0,1557039193,1.090621,1419811,6
0,378347789,1.106621,1420806,8
0,2462468927,1.026980,1421395,2
0,2540603929,1.040677,1423022,17
0,2890965811,1.111903,1426515,43
0,1068547217,0.993632,1428439,21
0,1308965947,1.016466,1432816,56
0,4102424531,1.040677,1433819,8
0,1532848943,0.960652,1435118,12
0,2204502401,0.868840,1436628,12
0,1114865351,1.119780,1437290,3
0,291398249,0.956066,1438268,7
0,910309417,0.799169,1440266,22
0,96440947,1.047691,1441751,15
0,481361347,1.031250,1445246,44
0,1514194273,1.014543,1445890,3
0,3051509569,0.941657,1447463,16
0,284706493,0.886641,1448947,15
0,2964203057,1.062040,1449449,1
0,1093360061,0.972272,1457271,106
0,3656450173,0.971267,1457927,3
0,4055705917,0.887192,1458581,3
0,274331933,1.051413,1461749,39
0,3449801657,0.931229,1462476,4
0,1948793459,0.938021,1463193,4
0,3990864497,0.931753,1465028,20
0,2027808821,0.816098,1467355,27
0,101755333,0.900304,1473488,82
0,2007292211,0.978779,1474351,6
0,1875250919,1.043488,1477304,36
0,1722522133,1.061581,1478093,5
0,3637281259,1.036916,1481106,37
0,623121379,1.082983,1482456,13
0,2441868043,0.813701,1485422,36
0,818908421,0.997066,1487036,17
0,1761759983,0.970764,1488308,12
0,2130999089,1.027930,1490067,19
0,3406042553,0.964709,1491971,21
0,270345479,1.019344,1492537,2
0,4157128177,0.970764,1496965,57
0,972939007,1.146922,1499158,25
0,791737327,0.975280,1500239,9
0,2219417477,1.018386,1502497,26
0,245262709,1.064337,1503142,3
0,2917006091,0.997066,1503803,3
0,1842486473,1.081629,1504805,8
0,3621157511,1.017906,1505748,7
0,2387091989,1.019823,1511895,82
0,422875741,1.024123,1512604,4
0,817047689,0.970764,1513667,9
0,3846199547,0.863202,1514456,5
0,2401847857,0.963190,1516088,17
0,3499984049,0.871645,1517854,19
0,3491826953,1.061581,1519253,14
0,2040071419,1.091068,1520531,12
0,1424960921,0.957597,1521259,4
0,1877149349,0.993632,1523521,26
0,4259909323,0.957597,1525720,25
0,2634043583,1.048157,1526443,4
0,238445323,1.119343,1527515,9
0,1300249187,1.064795,1530897,42
0,1395908623,0.990679,1531545,3
0,1507650383,1.196920,1533745,25
0,1136138221,0.880563,1536640,35
0,2145774179,0.968750,1538930,23
0,3711116047,0.977281,1541392,27
0,1751797643,0.997556,1544533,37
0,1015201441,0.981767,1546440,21
0,187985879,0.964709,1547720,12
0,1727777461,1.012133,1548877,10
0,2579719669,1.091068,1550736,20
0,2553423911,0.985243,1551454,4
0,369520409,0.921213,1552586,10
0,2707855043,1.046758,1553720,10
0,726386981,0.846639,1558136,57
0,4047529513,1.075745,1561140,37
0,3735814079,0.913227,1562444,12
0,1269505933,0.928078,1563243,5
0,1469333857,1.014543,1568551,70
0,1181057489,0.942694,1571345,34
0,2692705039,1.070740,1572630,12
0,2171926417,0.970764,1573566,7
0,2202739061,1.014061,1575184,17
0,1632219371,0.944764,1576327,10
0,1981617817,0.772450,1578379,23
0,272208943,1.051877,1579019,3
0,1386721823,1.088828,1581214,25
0,2639149657,0.990679,1583196,22
0,2011225009,0.944764,1585330,24
0,2135366743,1.109705,1587793,29
0,2968223023,1.051877,1588962,10
0,2473665907,0.919090,1589749,5
0,166265527,0.923859,1591221,15
0,812832473,0.942176,1593812,31
0,229573769,0.886641,1595983,25
0,3815086801,0.868840,1603181,97
0,3067231,1.035974,1606459,41
0,95904119,1.035974,1607947,15
0,16872907,1.055121,1610040,24
0,975747173,0.884436,1611586,16
0,3645869021,0.894318,1612728,10
0,210398623,1.020780,1613517,5
0,3838492573,0.878342,1614112,2
0,3352015091,1.090621,1615961,20
0,1018417693,1.153713,1620669,61
0,2619354853,1.032197,1622717,23
0,3147859901,1.040677,1623723,8
0,1828188553,1.029829,1628855,67
0,3712933453,1.065712,1631181,27
0,1205737961,0.956577,1631970,5
0,1942713263,0.847791,1633255,12
0,1279411669,1.010685,1634453,11
0,2054159137,1.079370,1635531,9
0,1912874627,1.088828,1641454,75
0,3946367671,0.942176,1644982,42
0,535648441,1.094196,1645661,3
0,2411126351,0.996576,1646321,3
0,1337200087,1.075745,1646843,1
0,2306116639,0.875558,1648533,18
0,334374113,0.967237,1649527,8
0,4149636389,1.095534,1650259,4
0,3178260079,1.059739,1653705,43
0,2425195699,1.022214,1654289,2
0,1214427233,1.064795,1654789,1
0,147455173,1.050483,1655923,10
0,3367662217,1.018386,1658949,37
0,253567813,1.073018,1660082,10
0,337804693,0.835024,1662195,24
0,284000029,0.946313,1664234,23
0,1590543611,0.988706,1667547,41
0,912816319,1.039268,1669660,24
0,2997350371,1.141374,1670460,5
0,3817573663,1.073928,1671765,12
0,822697567,1.032197,1673321,16
0,853711519,0.954533,1674634,12
0,3879299741,1.068914,1675173,1
0,1287309239,1.073018,1677309,24
0,4174146733,1.044891,1679566,26
0,8697613,1.055584,1680395,6
0,2247604591,1.024600,1682804,28
0,1752736313,1.122828,1683317,1
0,2046095839,0.946313,1691816,115
0,3938000531,0.908940,1693309,15
0,496921091,0.898675,1695619,27
0,86851,0.949404,1696573,9
0,665396873,1.002438,1698188,17
0,2102189101,1.054196,1700513,27
0,264320179,1.027455,1701304,5
0,2407712071,0.902471,1705162,49
0,1886451211,0.948889,1708245,38
0,2736105821,0.882225,1712718,58
0,3139809403,0.958616,1713796,9
0,2663000959,1.022214,1714886,9
0,2396992379,1.035503,1715684,5
0,2287882481,0.903552,1717723,23
0,593156521,0.928078,1718809,9
0,2685603617,0.915897,1720015,11
0,3253576301,0.970261,1720597,2
0,1516002053,0.914830,1723923,41
0,290351059,0.970764,1724499,2
0,2626867823,0.962683,1725013,1
0,2116452761,1.029829,1725589,2
0,1546548587,0.958616,1726661,9
0,2425963009,0.850666,1731831,68
0,3296365559,0.952997,1734861,37
0,4293514087,1.010685,1737406,30
0,4015291153,0.984747,1741560,53
0,2977943461,0.911622,1742983,14
0,2783598821,1.050483,1743783,1
0,3891107131,0.907327,1745829,21
0,1507183751,1.110145,1746720,6
0,458478329,1.052341,1748970,26
0,1140089359,0.988706,1752508,44
0,299514239,1.066170,1754207,18
0,808501361,1.122393,1755680,15
0,2413853503,1.066170,1758287,31
0,3683587253,0.982762,1759496,11
0,1315159991,1.115411,1760096,2
0,3906453701,0.963190,1760955,6
0,4196215207,0.935936,1762514,16
0,2659150847,0.982762,1764370,20
0,4050405127,1.014061,1766417,23
0,857963569,1.039268,1769352,36
0,3223462289,1.211114,1770974,17
0,4146301573,1.024600,1772246,12
0,2756040059,0.982762,1773177,7
0,167406641,1.010202,1775291,24
0,3883326641,1.112781,1777980,32
0,3540705257,1.085235,1779062,9
0,3138820081,1.068914,1781037,22
0,2997755389,1.097316,1783999,36
0,3387215467,1.078917,1784723,4
0,3712834781,1.043488,1785665,7
0,618251861,0.956577,1786796,10
0,2994937391,1.039268,1789673,35
0,3815832697,1.005842,1790190,1
0,2641143643,1.053732,1791055,6
0,2809210853,0.938021,1793582,30
0,3441644851,0.975280,1798845,69
0,29190167,0.993632,1802116,41
0,3562128937,1.088828,1803462,13
0,1065753779,1.070740,1813131,132
0,3892704997,0.960652,1814275,10
0,797552471,0.997556,1817306,37
0,1029039457,0.843750,1818023,4
0,2030459671,0.963190,1819302,12
0,2098810031,1.061581,1823140,48
0,1173649357,1.061581,1826157,37
0,1621085353,1.055584,1827577,14
0,3819406333,0.902471,1828303,4
0,2201117003,1.008267,1828808,1
0,1646154721,1.166341,1832665,49
0,580790003,1.067086,1835187,30
0,1642128643,1.050483,1835908,4
0,17444461,0.980772,1843888,108
0,1329971221,0.894318,1844471,2
0,329655203,1.033142,1846226,15
0,1588355323,0.961160,1847327,7
0,1863424201,0.975280,1848921,16
0,3293962003,1.001951,1850002,9
0,1109425147,1.067086,1851001,8
0,3251855021,0.898132,1851653,3
0,2245822973,1.094196,1858422,91
0,1912684927,0.944764,1860529,24
0,1745886343,1.057894,1862777,26
0,149305267,1.068914,1863768,8
0,399431017,1.033615,1864347,2
0,1783739443,1.097316,1864864,1
0,2827823107,1.079822,1869290,57
0,1318232999,0.963190,1870919,17
0,1780733351,0.904092,1874002,38
0,1508993587,1.116723,1875582,16
0,3673715581,0.929129,1876102,1
0,4258604507,1.114973,1878991,35
0,3473671963,1.081629,1881036,23
0,3663530701,0.908940,1882243,11
0,4225678333,1.014061,1882774,1
0,590215831,1.046758,1884537,19
0,3782412901,0.978280,1885116,2
0,336240173,0.990186,1887361,26
0,2791914173,1.033615,1888083,4
0,1235277587,1.027930,1889285,11
0,3586092373,1.173020,1890361,9
0,1015379593,0.988706,1892820,29
0,1448436089,0.999023,1893336,1
0,1762150927,0.900304,1897736,57
0,3823419349,1.077106,1898686,7
0,939486763,0.998534,1900393,18
0,4038432457,0.935936,1904884,58
0,574822631,1.016466,1905387,1
0,903993439,1.072563,1906316,7
0,3750269291,1.014543,1907114,5
0,4070573909,0.969254,1907689,2
0,4038317359,0.873883,1909667,22
0,3706761697,1.004871,1910521,6
0,4292125843,0.963190,1911460,7
0,824845391,0.921213,1912102,3
0,933349243,0.889391,1915614,44
0,2365574489,0.986233,1916479,6
0,2609119397,1.054659,1919638,39
0,1622970359,0.949404,1921335,18
0,3471376639,1.104854,1924230,34
0,3487722269,1.079370,1926849,31
0,1109607721,1.008267,1930290,43
0,513602497,1.239408,1932814,30
0,3506033407,1.099538,1933906,9
0,3137625973,1.032669,1937911,51
0,840456821,0.916963,1940085,25
0,1943361317,1.116723,1940598,1
0,2474107747,1.016466,1942018,14
0,3326262629,0.977780,1942736,4
0,1250745761,0.981270,1945490,33
0,3187669733,1.119343,1946020,1
0,3007763951,0.836193,1947670,17
0,2461749949,1.012133,1948987,9
0,4108985641,1.003899,1953585,59
0,2548006691,0.827978,1956686,38
0,291569693,0.919090,1957316,3
0,1216433401,1.008267,1960268,36
0,3296656037,0.940101,1960864,2
0,1037498213,0.975280,1962499,17
0,3393185447,0.977281,1964416,21
0,3574908091,0.974780,1966610,25
0,2016463639,0.774345,1967751,10
0,3009526799,1.054196,1968612,6
0,3388582429,1.146496,1969828,11
0,1736923789,1.147773,1976278,84
0,1783966057,0.996086,1979578,41
0,2525414137,1.061581,1981493,21
0,4212516739,1.177590,1982010,1
0,696987701,0.895409,1983277,12
0,4198473151,0.900304,1984643,13
0,1906232017,0.972272,1986130,15
0,3553149023,0.969254,1990070,50
0,1662362201,1.034559,1991545,15
0,625149923,0.904092,1994925,42
0,1993075423,1.110145,1996491,16
0,1094476567,1.046292,1997068,2
0,785671951,1.068458,2000579,44
0,34159247,1.042083,2003035,29
0,591651857,1.026028,2003535,1
0,1846625227,0.972272,2009356,77
0,516531787,1.064337,2014765,71
0,3345139151,1.014543,2015498,4
0,1247825849,0.932277,2016630,10
0,1490524393,1.220752,2017847,11
0,4072871813,1.023646,2020381,30
0,2061574981,1.086584,2021097,4
0,3869812651,0.961668,2021960,6
0,1446470719,1.032197,2024234,26
0,2738221547,0.978779,2024752,1
0,2539878157,0.963190,2026384,17
0,3700534967,0.890488,2028165,19
0,2745715561,0.963190,2030408,26
0,2871824611,1.154137,2033910,44
0,2168252771,0.986728,2035462,16
0,3631935409,0.969254,2037305,20
0,151744277,1.015985,2041641,56
0,3095305897,0.950945,2042722,9
0,1826805041,0.963190,2049819,95
0,2710694933,1.136229,2053922,47
0,1517069689,0.977281,2054894,7
0,3972552251,0.978779,2056517,17
0,70002967,1.002438,2058960,29
0,1485688541,0.925971,2060112,10
0,3114425947,0.997066,2061529,14
0,1969384787,1.133647,2063387,20
0,2061987107,0.998534,2070801,100
0,1607167259,0.860369,2074320,44
0,3509819129,1.104412,2075528,11
0,1984344763,0.996576,2079250,47
0,1963881307,1.031723,2082335,38
0,2723417339,0.862070,2084995,32
0,1624806823,1.000488,2087103,24
0,1205482181,1.004871,2090047,36
0,1698374903,1.057894,2091118,9
0,844663637,1.027930,2091761,3
0,784005017,1.109705,2092623,6
0,3256421327,0.905711,2094804,25
0,2119661311,1.006813,2096250,14
0,4008797159,1.043488,2098033,19
0,1645262833,1.044891,2099025,8
0,2447193457,1.039268,2100031,8
0,975345181,1.107944,2101229,11
0,3321727349,1.068458,2101746,1
0,2071229723,1.010685,2103381,17
0,3133531309,0.963190,2104245,6
0,3738133583,1.082532,2104972,4
0,2110151023,0.985738,2105630,3
0,511168739,0.910550,2108447,34
0,185526709,0.988706,2110710,26
0,2659096981,0.964709,2115764,66
0,2691990421,0.878342,2120791,66
0,1732283921,1.008751,2123452,32
0,156112181,1.116723,2124377,7
0,563044949,1.048157,2124888,1
0,1032746809,1.016466,2127215,27
0,3626869487,1.062040,2128215,8
0,2302641667,1.019823,2128869,3
0,1529972707,0.963190,2130285,14
0,3006873167,1.078012,2134564,55
0,1745610367,1.035503,2137105,30
0,286791541,1.056047,2140527,43
0,3525752183,0.952484,2143210,32
0,4290782173,0.893225,2145600,28
0,417184451,1.067086,2149848,54
0,1912847977,1.070740,2151134,12
0,1910473927,0.935936,2153055,17
0,1354457333,1.004871,2153861,5
0,1160552777,1.134508,2158299,47
0,140792447,0.979277,2158937,1
0,2207750477,1.086584,2159587,3
0,957063937,1.080274,2160438,6
0,642701291,1.123697,2162706,26
0,1513770961,1.125868,2163990,12
0,2188730927,1.119343,2164567,2
0,3049510351,0.915364,2165789,11
0,4221653663,1.046758,2167348,16
0,1785101,1.133647,2168658,13
0,3367648463,0.889391,2174473,76
0,478684667,1.027930,2178931,57
0,939790871,1.031250,2179714,5
0,503725009,0.968750,2182258,30
0,1230557759,0.968750,2183741,15
0,3021084593,1.055121,2186070,27
0,1504780883,1.068458,2187757,18
0,3098952827,1.099538,2190499,33
0,472928513,0.878342,2192940,29
0,57134867,1.054196,2194065,10
0,555366677,1.116723,2195260,11
0,2302984777,1.031250,2196107,6
0,3029083523,1.044423,2197236,10
0,1110934511,1.062959,2198658,14
0,2312927761,1.032197,2200346,18
0,1620478933,1.044423,2202117,19
0,984541879,0.961668,2204168,23
0,481715537,0.970261,2204946,5
0,4046101783,0.969758,2205676,4
0,2534066177,0.955044,2207501,20
0,3341495593,1.057894,2210382,35
0,555745943,1.112342,2210946,2
0,128740583,1.078012,2211728,5
0,1113171721,0.956577,2212655,7
0,3570017309,0.952997,2214549,21
0,500628523,0.952484,2215479,7
0,794221343,1.020302,2218848,42
0,766701469,1.018386,2220074,11
0,181915961,0.908940,2221133,9
0,3616865789,0.910550,2221943,5
0,2912646263,0.975280,2223157,11
0,3725292581,1.090621,2226598,43
0,39525053,1.044423,2229455,35
0,3714305267,0.893772,2231521,23
0,2939679923,1.093750,2232120,2
0,1354028713,1.048623,2233396,12
0,1914814901,1.067086,2234405,8
0,827835977,0.949404,2236366,22
0,4204312909,0.956577,2237512,10
0,3451435643,1.111464,2238671,10
0,1066752899,0.913227,2241149,29
0,251327017,1.148198,2241939,5
0,1033624331,1.031250,2243933,22
0,1080653461,0.956577,2247988,52
0,3308936783,1.068914,2249961,22
0,536145641,0.915897,2252361,28
0,2570686117,0.940101,2253093,4
0,3451974653,0.920152,2255477,23
0,2474211583,1.062959,2256431,7
0,2688215021,0.969758,2257915,13
0,3931279067,0.980772,2258742,5
0,2155765933,1.010202,2259680,7
0,2235718403,0.919621,2261710,23
0,2624732863,1.094643,2262513,5
0,1267402117,1.000488,2266037,44
0,1704191057,0.975280,2266750,4
0,2385918373,0.900304,2269760,37
0,2850639959,1.064795,2271598,20
0,70695461,0.904092,2275176,45
0,3602339057,0.942694,2277022,20
0,660441629,0.983258,2278367,13
0,2647972189,1.032197,2279099,4
0,2342893139,0.923859,2281628,30
0,1008161467,0.932277,2284019,28
0,301202621,0.950945,2284534,1
0,4046095349,0.971267,2285536,8
0,277954903,1.018386,2287918,28
0,2652560179,1.077559,2290532,31
0,1722724741,1.062959,2292105,16
0,3053074627,1.035974,2294787,32
0,1389174089,1.112781,2295502,4
0,1352877671,1.103085,2296010,1
0,4167056293,0.989199,2298260,26
0,776564357,1.095534,2302114,49
0,709551071,0.978779,2303668,16
0,518018461,0.910014,2305014,13
0,4254318193,0.990679,2307766,33
0,820075241,0.993141,2309118,13
0,3694322117,0.975280,2311244,24
0,3320958659,0.961668,2313218,22
0,3493692481,0.961668,2316247,37
0,2869179277,1.014061,2317525,12
0,1511565569,1.086584,2318448,7
0,1747499401,0.913227,2320638,25
0,3972049001,0.975280,2321421,5
0,234672407,0.889391,2323599,25
0,4057810217,0.982762,2325090,15
0,3270338359,1.035503,2326307,11
0,2738531701,0.976781,2327870,16
0,1693350973,0.977780,2329803,21
0,3931219351,1.022214,2331944,24
0,1547807797,1.115411,2332727,5
0,301878847,1.040677,2335136,28
0,3932168543,0.967237,2335784,3
0,577093541,1.020780,2339995,54
0,1890559777,1.012133,2346061,81
0,1198217353,1.131060,2347841,19
0,215237437,1.042083,2348912,9
0,1989144907,0.895409,2355031,81
0,3200358097,1.091068,2356167,10
0,3424450291,0.986233,2361260,61
0,7869923,0.983258,2362833,16
0,15071521,0.895409,2364717,21
0,49582427,1.023646,2365358,3
0,2327740091,1.000488,2366019,3
0,2493240143,1.099538,2367241,11
0,4252429039,1.080726,2369674,28
0,2695530743,1.103970,2371933,26
0,3614265401,1.064795,2375652,47
0,467510767,0.982762,2377002,13
0,3574441331,1.039268,2377878,6
0,2482894517,1.031250,2379311,14
0,3330594803,1.009235,2380451,10
0,3090721973,0.936979,2382288,20
0,383710967,1.094643,2383373,9
0,1669304473,0.958616,2387219,49
0,2397199921,0.872765,2390733,44
0,2352727873,0.960652,2392018,12
0,1989404387,1.091068,2393515,15
0,445397833,0.930180,2394649,10
0,823336793,0.955044,2396412,19
0,1047669859,0.936979,2399647,40
0,888482827,0.946313,2401903,26
0,992800763,1.198143,2403327,14
0,2944720747,1.040677,2403986,3
0,3364983203,1.064795,2405949,22
0,3520076227,0.929655,2406456,1
0,4080630661,0.963190,2408512,23
0,3910657819,1.031250,2410710,25
0,785991499,0.914830,2413878,39
0,1289024551,1.029829,2414597,4
0,426609823,1.042552,2415594,8
0,3636668251,1.042083,2416662,9
0,1362445111,1.005842,2424084,100
0,455328793,1.069371,2425289,11
0,1277179613,0.847791,2427324,23
0,1925504003,1.068000,2429643,27
0,2460533167,0.957597,2430429,5
0,1671407251,1.091516,2431440,8
0,1933327237,0.957087,2432168,4
0,1318793807,1.018386,2433792,17
0,2912210129,0.963190,2434873,9
0,3500093257,1.090621,2437049,25
0,3708698657,1.018386,2438265,11
0,3917052869,1.073018,2439556,12
0,4128637439,0.956066,2441249,18
0,3470295419,1.103970,2445253,51
0,2121817213,0.954021,2446890,17
0,339925429,1.017426,2447461,2
0,2340048059,0.928078,2448462,8
0,2745421871,0.911086,2451205,33
0,923621317,0.911086,2452138,7
0,3555240971,0.910014,2453413,12
0,2032680337,1.051877,2454128,4
0,1030445861,1.057894,2457856,47
0,2146683661,0.919090,2458655,5
0,1331848673,1.014061,2460995,24
0,1028896837,1.118034,2461842,4
0,1111263019,1.112342,2462516,3
0,2572247333,1.042083,2463236,4
0,767224273,0.969758,2464788,16
0,2309533313,0.995105,2465706,7
0,2860390763,1.031250,2467616,21
0,2017348987,0.935936,2475260,103
0,3883094843,0.855246,2477517,26
0,1419439613,0.917495,2478736,11
0,2267736137,0.935936,2480572,20
0,3911304113,1.069828,2481356,5
0,2222276489,0.973276,2482491,10
0,4291278449,1.032197,2483786,12
0,3971426497,0.977281,2484989,11
0,999295991,0.941139,2488637,46
0,97544243,0.958616,2491569,36
0,377354893,0.914296,2492637,9
0,3108146777,1.037387,2493699,9
0,1173877681,1.086584,2494429,4
0,1445952349,1.157094,2494956,1
0,2851683719,1.121958,2496104,10
0,1813008941,0.897588,2498341,26
0,354490373,1.068458,2502695,56
0,1774099111,0.994614,2503362,3
0,1249020967,0.938021,2505618,26
0,588146243,1.070284,2506607,8
0,1527646651,0.970764,2513232,89
0,1033395437,1.000488,2514371,10
0,990148399,1.025552,2515649,12
0,1790348233,1.143084,2517970,27
0,2020651741,1.061120,2518553,2
0,3750428503,1.031723,2522358,48
0,1308854177,0.911622,2525369,37
0,81135139,1.053732,2527333,22
0,2541683503,0.952997,2529584,26
0,743995333,1.031250,2533856,55
0,2381325487,1.176761,2534505,3
0,387375943,1.082983,2537947,43
0,3880557221,1.002438,2541034,38
0,1559021741,0.982762,2542360,11
0,248062037,1.132786,2543494,10
0,3600993901,1.054196,2545120,17
0,2318670751,1.012133,2548490,42
0,2600705699,1.055584,2550469,22
0,1629353989,1.067086,2550976,1
0,1127083729,1.099538,2551842,6
0,3376572103,1.079370,2552350,1
0,947898667,1.093303,2553919,16
0,1585964291,1.009235,2554499,2
0,2688886663,1.072563,2555976,15
0,2568266629,0.932277,2556691,4
0,1794531617,0.988706,2558384,18
0,3240100387,0.877786,2561750,42
0,1032838357,0.963190,2564127,22
0,883511141,0.894864,2565514,13
0,2334960239,0.938541,2567025,15
0,444467053,0.988706,2569072,23
0,1989369433,0.999023,2570001,7
0,306687509,1.044891,2570788,5
0,3412674869,1.056047,2572478,18
0,1087697647,0.940620,2574103,17
0,690549659,0.972272,2575521,14
0,992579281,1.051877,2576173,3
0,2866093193,1.032669,2581091,64
0,2844386663,0.940620,2582374,12
0,812536499,0.969758,2583929,16
0,1321641127,1.148198,2586245,27
0,2460428777,1.082532,2591314,66
0,1027232593,0.944764,2592883,16
0,4222584043,0.958616,2593403,1
0,2836147129,1.141374,2594325,7
0,1931884727,1.111903,2598200,49
0,4049372281,0.898132,2600653,29
0,4062468719,1.012616,2601166,1
0,4024102949,0.960652,2602724,16
0,268187989,1.079370,2606993,55
0,3306416923,0.873324,2608422,14
0,1583834309,0.966732,2609074,3
0,358257443,1.027930,2611260,25
0,2099349359,1.012133,2614215,36
0,2995204997,0.997066,2616326,24
0,1092026371,0.986233,2618216,21
0,1085911391,0.900304,2619284,9
0,3596768249,1.002438,2620429,10
0,2179519733,1.047691,2621566,10
0,2280094759,1.055584,2623749,25
0,3102498457,1.129764,2624955,11
0,3045488161,0.950945,2626090,10
0,2724832819,1.000488,2628419,27
0,2549120683,1.042552,2629564,10
0,1697787277,1.116723,2633348,48
0,1329819529,1.043488,2635249,21
0,2990352121,0.886641,2635969,4
0,3702098819,0.957597,2636688,4
0,1132019503,0.915897,2638045,13
0,3333096661,1.008267,2638838,5
0,177126203,1.000488,2643253,57
0,3345102071,0.882225,2644532,12
0,1336814267,1.111903,2645758,11
0,1919846267,1.008267,2647740,22
0,217941461,0.914830,2649158,14
0,458884963,0.914830,2653488,56
0,181866107,1.054659,2654133,3
0,89205881,1.114535,2655045,7
0,4166241349,0.904092,2656111,9
0,3272999897,1.010202,2656685,2
0,197175403,0.963190,2657600,7
0,3078395083,0.932277,2658118,1
0,3049382059,1.069371,2658700,2
0,4152247537,0.886641,2659436,4
0,481221229,1.021736,2661412,22
0,2249163071,1.094196,2666960,68
0,4147163191,0.970764,2667508,1
0,2099518111,0.875558,2668097,2
0,4071238267,1.057894,2668896,5
0,2246169089,0.982762,2670870,22
0,1272341123,0.889939,2671519,3
0,805267831,1.051877,2673230,18
0,3359727541,0.982762,2677660,56
0,3956610667,0.948374,2680766,38
0,3964444009,0.902471,2682248,15
0,2218464337,1.026028,2683244,8
0,3519163673,0.873883,2685207,22
0,4065848093,0.808282,2687964,33
0,1124714341,1.025552,2689998,23
0,3625161679,0.950945,2690720,4
0,1311379801,1.094196,2691300,2
0,3681667357,0.994614,2694250,36
0,1920466087,0.972774,2695967,18
0,40504223,1.130628,2703071,96
0,1550928763,1.057433,2703794,4
0,3345836701,1.194061,2704670,6
0,2509216571,0.996086,2707419,33
0,1814139463,1.008267,2708490,9
0,29460967,0.920682,2710023,16
0,850087391,0.871645,2711791,19
0,2052688403,0.862636,2714890,38
0,1270394591,1.020302,2715548,3
0,1878306163,0.958616,2719900,56
0,4230577693,1.083884,2724252,56
0,1134039811,0.972272,2725176,7
0,144369793,1.020780,2728869,47
0,2753707247,0.988706,2731756,35
0,3307710031,0.946313,2735476,47
0,3263754443,0.946313,2737234,19
0,656822689,1.076198,2738016,5
0,675342949,1.085235,2739357,13
0,1316362111,1.123697,2741629,26
0,618005873,1.073018,2744437,34
0,1669472269,0.938541,2745567,10
0,2121530839,0.862070,2748527,36
0,2833039387,0.975280,2751629,38
0,3887694617,0.975280,2752430,5
0,1771047851,1.014061,2753712,12
0,3675283949,1.026028,2755223,15
0,1775948717,0.923859,2755809,2
0,979862671,1.051877,2757230,14
0,3473592931,1.035503,2759072,20
0,1097683597,1.047691,2760343,12
0,2303388137,0.852959,2761407,9
0,1922973601,1.111903,2762901,15
0,713546033,0.877229,2769293,80
0,4228150643,0.901929,2771442,24
0,263424961,0.872205,2772088,3
0,1670395547,1.056971,2774628,30
0,2087828423,0.982762,2775702,9
0,2824529809,1.080274,2778511,34
0,571827797,1.139233,2782308,48
0,1926485017,0.778746,2783370,9
0,2704144241,1.012616,2784235,6
0,1191470999,0.931753,2786351,24
0,170701171,1.043488,2787074,4
0,2860685189,1.018386,2787935,6
0,3945896681,1.107503,2791376,43
0,3485667793,0.927551,2791954,2
0,1533594787,1.004871,2792813,6
0,1103596027,0.938021,2793542,4
0,1331005807,1.000488,2794835,12
0,2591157973,1.031250,2795915,9
0,2504349797,1.115411,2797750,20
0,2030553533,1.057433,2798768,8
0,3141648457,0.942176,2799492,4
0,2919491791,1.059278,2801811,27
0,3226648123,1.019823,2802607,5
0,50407853,0.919621,2803660,9
0,3580592167,1.109265,2804517,6
0,121062427,0.957597,2806272,19
0,4293754853,0.971267,2807219,7
0,1436970253,1.079370,2807877,3
0,1868003153,0.958616,2808393,1
0,2532550687,1.020302,2810305,21
0,936085037,1.012133,2813245,36
0,2042328571,0.981270,2821382,110
0,1122539573,1.127168,2824186,34
0,1622590663,0.992649,2826513,27
0,1313025163,0.910014,2827655,10
0,3618756709,1.044423,2828525,6
0,1386078241,0.846639,2832879,56
0,2900143663,0.963190,2835919,37
0,9204983,0.978280,2836832,7
0,1866504839,0.982762,2837965,10
0,333164261,1.032669,2842377,57
0,2866019609,1.006813,2843736,13
0,794979343,1.050483,2845999,26
0,3426443893,0.989199,2848323,27
0,3368558927,0.888841,2850304,22
0,3769047343,1.023646,2856731,86
0,2964384457,0.875558,2858723,22
0,2203860101,1.039268,2862037,41
0,3748130983,1.080274,2862559,1
0,894867137,0.988706,2864962,28
0,135964271,1.035503,2866157,11
0,2980043179,1.137517,2868983,34
0,4091553049,1.204241,2872309,38
0,3290912969,1.046292,2873167,6
0,3418332803,1.008267,2874658,15
0,2719820869,0.986233,2877536,35
0,2924309131,1.086584,2880234,32
0,2981290549,0.966732,2884218,51
0,759225107,0.945280,2889593,71
0,1863376297,1.005357,2892052,29
0,2944043987,1.004871,2892856,5
0,837259691,1.050483,2896672,47
0,1758972307,1.012616,2897898,11
0,790457659,0.886090,2899038,10
0,2826027331,1.054659,2899829,5
0,4013969503,0.994614,2900618,5
0,1294822351,1.015985,2903080,29
0,443077837,1.033615,2903730,3
0,1401904919,1.037387,2908097,56
0,564762089,1.073928,2909367,12
0,2436862643,0.948889,2911137,19
0,2507749709,0.952484,2913803,32
0,1522384373,1.228725,2914828,8
0,4197123127,0.986233,2917586,33
0,3139160159,1.066170,2919639,23
0,957655319,0.907327,2922783,39
0,1176747757,0.913227,2924568,19
0,52619663,0.952484,2928710,53
0,520098877,1.032197,2932564,49
0,3761521109,0.924387,2935658,38
0,3147860059,0.987223,2936374,4
0,3099428323,0.980772,2940599,54
0,12746401,1.113658,2941714,10
0,2916421273,0.935936,2943367,17
0,339445889,1.008267,2946658,41
0,2329774297,1.095534,2951563,64
0,3203538619,0.975280,2955427,49
0,2009654981,1.077106,2957549,24
0,4237850147,0.946313,2959735,25
0,1324135097,0.946313,2960670,7
0,460379071,1.061581,2961183,1
0,4174234529,0.939581,2965394,54
0,4104945289,0.993141,2966959,16
0,1275838349,1.110145,2967755,5
0,4271104507,1.020780,2968910,10
0,706400579,1.012616,2971432,30
0,2835792539,0.888292,2973808,22
0,1183037393,0.995105,2975849,22
0,3822531001,1.102642,2978445,31
0,735043411,0.997556,2980032,16
0,4220124079,0.993141,2984533,58
0,4174765333,1.004871,2985262,4
0,3071614577,0.855246,2986481,11
0,1486162283,1.039268,2988102,17
0,1107756917,0.988706,2991121,37
0,3023801107,1.054659,2994497,42
0,861417377,0.962175,2995487,8
0,1253435153,0.988706,2995998,1
0,3429334351,0.948889,2998329,27
0,3568303951,1.113220,2999549,11
0,2771984399,0.938541,3001312,19
0,543033119,1.014061,3003066,19
0,74949761,0.993141,3004394,13
0,1880571557,1.164665,3005181,5
0,460903169,0.913227,3007349,25
0,3683042617,1.046292,3007866,1
0,983053241,1.061581,3009492,17
0,3928539689,1.004871,3011799,27
0,3216823849,1.037387,3013303,15
0,3934816703,1.073928,3016053,33
0,1054773133,1.021736,3018529,29
0,1404312011,0.940620,3020025,15
0,345340367,1.082983,3020811,5
0,872343973,0.963190,3024192,42
0,173190877,1.066628,3026161,22
0,1727616151,1.046758,3028070,21
0,993137237,0.858664,3028573,1
0,2030518103,1.104854,3029160,2
0,1550926799,0.969758,3030235,9
0,419384183,1.093750,3035471,69
0,445809653,1.048623,3037016,16
0,1762890839,0.878342,3037878,6
0,820673027,1.097761,3038453,2
0,1387121233,1.010685,3040223,19
0,534596347,1.085235,3040740,1
0,643355263,1.050948,3042841,23
0,328516597,0.897588,3043920,9
0,1301154373,0.923859,3044924,8
0,478623161,1.031250,3046685,19
0,2129301983,1.038798,3047552,6
0,1500262663,0.927551,3050228,32
0,1905535787,0.941139,3051159,7
0,3953265067,0.966732,3052790,17
0,1611419839,0.925443,3053573,5
0,808818893,0.990679,3055327,19
0,2219353777,1.004871,3055903,2
0,584461777,1.163407,3056478,2
0,2678227819,0.806468,3062709,83
0,326647331,1.020780,3064684,22
0,2014026523,0.950945,3065681,8
0,1478717447,1.086584,3066328,3
0,1041997883,0.977281,3070803,58
0,4195185623,1.079370,3071606,5
0,89164147,1.035503,3072585,8
0,1863686813,0.942176,3075055,25
0,2580087941,0.970261,3076518,13
0,3399265867,0.904092,3077844,12
0,3433403333,1.059278,3079328,15
0,207319111,1.127168,3083327,51
0,1791748397,0.978779,3089005,75
0,1493760143,0.944764,3090429,14
0,2902817543,1.082983,3092473,23
0,270713213,0.898675,3092970,1
0,4138087781,1.020780,3094670,18
0,2527885313,0.952997,3095326,3
0,4057653967,1.027930,3097243,21
0,283525169,1.154982,3098010,5
0,3553109669,1.027930,3099144,10
0,1242352151,0.908940,3100760,17
0,2811341903,0.915897,3102174,14
0,1731721781,1.091068,3106459,55
0,2710408153,0.921743,3107457,8
0,102026083,0.983258,3109145,18
0,3151481953,0.978779,3113218,52
0,3986420791,1.057894,3116807,45
0,1001576749,1.080274,3119487,32
0,3072339617,0.908403,3120129,3
0,2615479813,1.110145,3121689,16
0,862539571,1.171771,3122477,5
0,2428146691,1.012133,3123466,8
0,293627027,0.842012,3124946,15
0,3711964819,0.897588,3128310,42
0,630184201,1.058356,3132453,53
0,3659240029,1.093750,3134938,29
0,573146489,1.068458,3135577,3
0,2156842123,1.020302,3136361,5
0,293594461,0.783746,3138498,24
0,504286333,0.903552,3139144,3
0,3309052517,0.927551,3140968,20
0,1490785249,1.162987,3141544,2
0,1519904671,1.073928,3143177,17
0,2397865507,1.004385,3146685,44
0,3679330607,1.012133,3147405,4
0,1534159789,1.035031,3151003,44
0,3482790637,0.885539,3152652,17
0,3257612503,0.882225,3154967,27
0,753850519,0.928078,3155550,2
0,3699291467,1.154137,3157109,16
0,1936671683,0.988706,3161393,55
0,201013147,1.020302,3162807,14
0,3285622421,1.103970,3164513,18
0,311806279,0.948374,3172715,111
0,671453203,0.801000,3174149,14
0,3777584249,1.086134,3175241,9
0,133913441,0.965215,3177585,24
0,3404080789,0.934370,3178174,2
0,2007622447,0.929655,3181117,26
0,1627940459,1.042083,3184109,35
0,653233549,1.031250,3185108,8
0,1935703409,1.012133,3189303,54
0,2625678479,1.004871,3190299,8
0,2141620297,0.996086,3191597,12
0,368540681,0.999023,3192660,9
0,2556894349,0.960652,3194695,23
0,3486047113,1.026980,3196534,20
0,1341496103,1.050483,3198595,23
0,1491316637,0.975280,3200154,16
0,3107978507,1.159202,3202211,23
0,3430381511,0.893225,3205030,34
0,1981453997,0.970764,3206167,10
0,3202334393,1.088828,3206694,1
0,760691461,0.914830,3207210,1
0,1505411359,0.981270,3207793,2
0,3045038903,1.061581,3208955,10
0,1601514227,1.038328,3213117,53
0,2828177167,0.935414,3216342,40
0,2528988403,0.894318,3217275,7
0,3785928863,1.061581,3217786,1
0,1218810071,1.104854,3218362,2
0,2173066433,0.770552,3219218,6
0,1350963781,0.985738,3222775,45
0,3145536481,0.897588,3224055,12
0,93101111,1.086584,3224907,6
0,3868182053,0.950945,3225489,2
0,890095379,1.021736,3227531,23
0,3607301149,0.875558,3233207,75
0,850578283,0.949404,3235532,27
0,2282582441,0.893225,3237294,19
0,2734024987,1.057894,3238789,15
0,2131008211,0.932277,3242218,43
0,1451755297,1.024600,3242933,4
0,3213631991,1.000488,3243880,7
0,4280719393,0.964709,3244804,7
0,2886334447,0.899761,3245539,4
0,2888972507,1.143084,3249190,46
0,3601236761,0.940620,3250044,6
0,1744086499,0.956066,3251464,14
0,2064147467,0.916963,3254064,31
0,1163160851,1.066170,3254787,4
0,2123525773,0.921213,3257393,31
0,879078917,1.142657,3260412,37
0,4259753083,1.088380,3262046,17
0,2416384409,1.079822,3264014,22
0,4051821859,0.981270,3264663,3
0,2741937707,1.090173,3265663,8
0,390986789,1.037387,3266241,2
0,4059813841,0.972272,3267397,10
0,1990621729,1.056047,3270496,38
0,1056737137,0.908403,3271007,1
0,2751134933,1.141374,3275992,65
0,2219160247,1.155828,3278794,34
0,3290225551,0.872205,3280867,16
0,4088878483,0.989693,3290363,129
0,439929509,0.969254,3293533,39
0,4226116603,1.062040,3294835,12
0,4012518569,0.871645,3295838,8
0,2209524437,1.104854,3298515,32
0,3415920577,0.772450,3301058,30
0,155228897,0.985243,3302452,14
0,3654880739,1.006813,3308118,75
0,52193747,1.020780,3310221,24
0,2598158791,1.018386,3315056,63
0,3660358319,0.908940,3316681,17
0,4217522789,0.997066,3317682,8
0,1973654857,0.889391,3318893,11
0,1960091689,1.032669,3320229,13
0,2738552867,1.024600,3322274,23
0,91032299,1.018386,3322774,1
0,1017763321,0.935936,3323702,7
0,3199470149,0.979277,3328739,66
0,2678827057,0.978779,3329327,2
0,4260939439,0.867152,3329926,2
0,2303606243,0.962175,3331281,13
0,2927062109,0.938021,3332864,16
0,3889878539,1.164246,3335007,24
0,64350953,0.924916,3335930,7
0,1448356781,1.021736,3339509,45
0,2356358647,0.973276,3340588,9
0,2438661671,1.111903,3346457,78
0,1490783579,1.115848,3350390,50
0,3412777127,1.039268,3354332,50
0,4085162999,1.004871,3354996,3
0,2413501351,1.000488,3356007,8
0,3991164763,0.944764,3356880,6
0,1938116273,1.069371,3358228,13
0,1230054871,1.106179,3359091,6
0,2617286261,0.975280,3359667,2
0,2530241611,0.895409,3362068,28
0,861066851,0.889391,3362993,7
0,3545418803,1.012133,3368033,66
0,800879923,0.971267,3370237,25
0,3775141147,1.054659,3372350,24
0,4252055791,0.957597,3372878,1
0,1282905101,0.964709,3373803,7
0,4290390989,1.055584,3374749,7
0,1870036279,1.050483,3375273,1
0,1306195609,1.029354,3376908,17
0,1743662029,1.002438,3377774,6
0,1347827417,1.097761,3379952,25
0,3205299707,1.023646,3381042,9
0,3481018663,1.099538,3384141,32
0,4018811477,0.935936,3386423,26
0,2963914819,1.111464,3387343,7
0,1582150469,0.889391,3390494,39
0,1322504483,1.026980,3395896,71
0,1201199213,0.940620,3398654,33
0,1868652707,1.115411,3402656,51
0,1978680971,1.029829,3406020,42
0,2088006673,1.073018,3408617,31
0,599951593,1.061581,3409325,4
0,2223315377,1.062959,3410180,6
0,293096191,1.027455,3410904,4
0,1974972553,0.975280,3413574,32
0,3628819393,1.090621,3416730,39
0,3509652763,1.092410,3418868,24
0,3667808857,1.004871,3420010,10
0,1294929473,0.930180,3421144,10
0,3120094559,1.043488,3423144,22
0,409038559,1.027930,3424955,19
0,830659931,0.968750,3428138,39
0,3048219179,1.035503,3432336,54
0,1863912163,0.934370,3433198,6
0,4272977453,0.898132,3434908,18
0,2863665179,1.019823,3435480,2
0,415345687,0.895954,3438272,34
0,3795520277,0.985243,3438989,4
0,644889199,1.042083,3440957,22
0,2672459477,0.975280,3445449,58
0,45354139,0.888292,3446790,13
0,1502301421,1.062959,3449817,37
0,1005531937,1.057894,3450898,9
0,3508796261,0.910550,3451761,6
0,538219741,1.012616,3452540,5
0,2344715441,1.134508,3457363,63
0,775585597,0.900304,3459282,21
0,203012869,1.167596,3461586,27
0,2934510857,0.927551,3464138,30
0,2294745227,0.982762,3465196,9
0,1308662309,1.044423,3465975,5
0,3354179329,0.983258,3472507,87
0,7326901,0.976781,3477806,70
0,149382059,1.128467,3478317,1
0,1129320691,0.900304,3479236,7
0,2180265667,0.877229,3480578,13
0,814088683,1.002438,3481867,12
0,3975442663,0.864332,3484446,27
0,1212254557,0.938541,3485946,13
0,2139903691,0.970764,3488734,33
0,3005423303,1.037387,3494095,70
0,427785881,0.986233,3495443,13
0,1998728231,0.884436,3497568,24
0,24962573,0.955044,3498546,8
0,2919448313,1.097316,3499545,8
0,1742392871,0.950945,3500479,7
0,1300697393,1.134508,3502646,25
0,2986823407,1.008751,3504965,27
0,1254509063,1.026980,3506720,19
0,574198879,1.179662,3508570,20
0,3557808997,1.102642,3510481,21
0,3115174879,1.032669,3511981,15
0,2952017323,0.985738,3512569,2
0,1968427411,0.980274,3514753,25
0,2926293221,0.864897,3515475,4
0,3373387669,0.977281,3516609,10
0,1627514827,1.052341,3517465,6
0,1854609287,1.090621,3519797,27
0,2245934969,1.210711,3521437,17
0,3455083777,1.014543,3523761,27
0,1493975573,1.004871,3524262,1
0,3245210879,1.006813,3524932,3
0,1689542009,0.816098,3526622,18
0,808722679,0.965215,3528445,20
0,2322338813,1.024123,3529379,7
0,4213914293,1.026980,3533028,46
0,3720512743,1.064337,3534444,14
0,1948987273,1.125868,3535938,15
0,1498332257,1.026028,3537073,10
0,1667636591,0.994614,3539958,35
0,901948909,1.010202,3545742,75
0,46475309,0.952997,3547917,25
0,147934441,1.136658,3553494,74
0,2802035839,0.945280,3556376,35
0,2791489957,0.952484,3562752,85
0,3197266577,1.100426,3565295,30
0,494376241,1.014061,3566721,14
0,3340166821,0.916963,3567311,2
0,969964837,0.931753,3568237,7
0,1005661207,1.000488,3569789,16
0,3680461451,1.061581,3570652,6
0,3986858833,0.928078,3571648,8
0,1297901903,0.919090,3574454,34
0,3999444347,1.086584,3575752,12
0,3245315057,1.057433,3577377,17
0,2766569149,0.973276,3578381,8
0,3774367243,1.110145,3581806,43
0,1822116781,1.031250,3582536,4
0,1867975951,1.090173,3583757,11
0,2153280533,1.057894,3584398,3
0,2915825569,0.949404,3585749,13
0,2434383373,1.186266,3587471,15
0,581675287,1.073928,3588948,13
0,975108247,1.093750,3590046,9
0,4125125341,1.014543,3594316,55
0,2702657213,0.978779,3595874,16
0,4223309281,0.875558,3597371,15
0,422714849,1.104854,3598990,17
0,154818383,1.068458,3600953,22
0,3078854299,1.014543,3604271,41
0,317442607,0.978779,3606037,19
0,3562284811,1.064795,3607876,20
0,1849697387,0.860369,3610749,35
0,4111357013,0.972774,3612301,16
0,804309647,1.039268,3617649,70
0,2323143539,1.125868,3618231,2
0,3918905213,0.944764,3619600,13
0,2859312031,1.054196,3620464,6
0,3022996969,1.116723,3622579,24
0,908780387,0.907327,3623643,9
0,464708969,0.935936,3624925,12
0,497964767,1.080274,3627183,26
0,1297430177,0.914830,3631187,51
0,779240741,1.033615,3632393,11
0,1871894681,1.022214,3634368,22
0,3563161517,1.023646,3634955,2
0,3079545163,1.032197,3637134,25
0,857634317,0.941657,3642166,66
0,2252297237,0.970764,3645395,40
0,1812633391,0.944764,3649385,51
0,1575135469,1.057894,3652745,42
0,1676766379,0.950945,3655699,36
0,905620517,0.821465,3656771,9
0,1397430887,0.970261,3659718,36
0,4140150433,1.024600,3661980,26
0,3666892309,0.992649,3664860,35
0,3574239439,1.100870,3665439,2
0,4118724037,1.008267,3666593,10
0,3574294453,0.916963,3667733,10
0,606093013,1.142229,3669083,13
0,3445493069,0.886641,3670662,16
0,1087955899,1.033615,3672720,23
0,3146534707,1.012133,3673734,8
0,417105187,0.903552,3675378,16
0,1283485897,1.069828,3676860,15
0,635091671,1.015985,3682536,75
0,1201549859,1.002438,3685758,40
0,3189769379,0.945797,3687665,21
0,2188525303,1.039268,3690559,30
0,3189140783,0.905711,3694409,48
0,2702608631,0.905711,3696108,18
0,541334483,1.019344,3698842,33
0,2401541111,1.047691,3702038,39
0,1224943229,1.116723,3702615,2
0,1412536577,1.038798,3703252,3
0,1949761607,1.019344,3704333,9
0,1110814547,0.950945,3705261,7
0,3830171921,1.072563,3707949,32
0,558513013,0.855816,3713216,69
0,1926077389,1.075745,3714428,11
0,201524941,1.004871,3716471,23
0,1961093639,1.050019,3717331,6
0,3609007669,1.009718,3718830,15
0,734047051,1.036916,3719754,7
0,1847005841,0.948889,3724225,58
0,2834278387,1.056047,3726073,20
0,2141916919,0.940620,3729608,44
0,3008738351,0.998534,3730903,12
0,4192560797,0.990186,3733088,25
0,2714033081,0.954533,3733738,3
0,850963457,1.009235,3735498,19
0,3795336803,0.941139,3736633,10
0,2881687387,1.061581,3737702,9
0,1599335711,1.012133,3739064,13
0,528975851,1.072563,3742300,40
0,2506733027,0.816098,3743945,17
0,375413713,0.963190,3747950,51
0,424540867,0.999023,3749995,23
0,536110583,0.936979,3755447,72
0,1147041083,0.965215,3756801,13
0,1453755559,1.052341,3757951,10
0,1781799317,0.944764,3763639,75
0,3096404053,0.886641,3766104,29
0,3865615483,1.057433,3767106,8
0,3261009931,0.964709,3769639,30
0,1920963157,1.120651,3771760,24
0,1226547193,0.760987,3773178,14
0,4248876857,1.036916,3773905,4
0,1304247443,0.908403,3778248,56
0,1241949893,0.970764,3779871,17
0,1972224041,0.940620,3780869,8
0,2191838189,1.048157,3783255,28
0,3729072089,0.960652,3784608,13
0,2840995219,0.910550,3786300,18
0,1931951387,0.945797,3787375,9
0,1387809901,0.872205,3788656,12
0,3562146397,0.988706,3789440,5
0,50147183,0.950945,3791859,25
0,1204959463,1.057894,3794273,26
0,883086667,1.022214,3797528,40
0,2021280571,0.972774,3798050,1
0,3977243507,1.051877,3802193,53
0,2588337019,1.165084,3803282,9
0,3922607959,0.970764,3803802,1
0,3064608247,0.969254,3804813,8
0,2508769859,0.977281,3806645,20
0,3737290379,1.044891,3808560,21
0,1559716351,0.854103,3809570,8
0,2106352837,1.173020,3810150,2
0,2820037321,1.111903,3813026,35
0,397623151,1.094196,3818420,71
0,1235465311,0.983258,3819349,7
0,1009917607,0.825615,3821246,21
0,838969267,0.944764,3822238,8
0,1144511359,1.066628,3823730,15
0,508644827,1.085235,3825993,26
0,1167019289,1.103970,3828792,34
0,2870293471,0.973276,3832263,43
0,4008791711,0.983258,3834802,30
0,61266617,0.908403,3836497,18
0,771879377,1.007782,3838677,25
0,602683841,1.062040,3841485,34
0,227116949,0.903552,3842054,2
0,790750159,1.037387,3844170,24
0,1808335871,1.004871,3846006,20
0,3067318999,0.996086,3846524,1
0,1383696007,0.982762,3847040,1
0,4154985091,1.051877,3847832,5
0,366425557,1.014061,3849176,13
0,1112796173,1.012616,3850309,10
0,3685520821,0.944764,3851660,13
0,1333854631,1.064337,3855651,51
0,3248233697,1.079370,3857764,24
0,2014936439,1.167596,3858930,10
0,2479079987,0.897588,3859589,3
0,1003956101,1.043488,3860871,12
0,3537009323,1.015985,3862081,11
0,112728947,1.070740,3862651,2
0,2352690127,0.988706,3864700,23
0,2476681033,0.893225,3867370,32
0,1019565559,1.125868,3869846,29
0,2588804461,1.004871,3870355,1
0,2472648679,1.068458,3871852,15
0,3835037119,1.010685,3872780,7
0,1197139513,1.018386,3874264,15
0,2515389913,0.968750,3875544,12
0,1525575281,0.761629,3876267,4
0,1183055281,1.056047,3877774,15
0,1555284209,1.080274,3879048,12
0,758083943,0.956577,3881879,34
0,1674486251,0.924387,3883588,18
0,2787781573,1.087033,3886880,41
0,3962946727,1.012616,3888512,17
0,2446434157,1.054659,3890493,22
0,319945267,1.159624,3893088,31
0,4099462883,0.877786,3893976,3
0,3655347781,0.936458,3895624,15
0,4256500301,1.012133,3898458,34
0,3821783047,1.044891,3901062,31
0,1817365087,0.902471,3903172,24
0,472772851,1.075745,3904802,17
0,4241435039,0.969758,3905755,7
0,2600984021,1.057894,3906272,1
0,4109051651,1.068458,3907549,12
0,3247654253,1.077559,3908057,1
0,1338423017,0.957597,3909058,8
0,2625824393,0.889391,3909563,1
0,2050603657,0.920682,3910073,1
0,906072241,0.913227,3910569,1
0,4003947853,1.065712,3912275,18
0,1547534929,0.985738,3915486,40
0,43815397,1.048157,3916466,8
0,762809323,0.962175,3917468,8
0,823937377,1.082983,3918943,15
0,3782310353,1.067086,3921815,35
0,4246502303,0.835024,3928147,84
0,1802762893,0.997066,3933389,68
0,171342979,0.999023,3935095,18
0,53192213,1.085235,3935727,3
0,650400461,0.916963,3936869,10
0,2474919581,0.980772,3939041,25
0,3893860547,0.932277,3939905,6
0,3959481907,0.978779,3947298,100
0,4281046027,1.023646,3948653,13
0,3837755657,0.952484,3952504,49
0,195782537,1.115411,3953439,7
0,4175097041,1.056047,3958761,70
0,122398877,1.120651,3960881,24
0,3040116349,1.019344,3961961,9
0,3802954453,1.057894,3965679,47
0,3010098493,1.079370,3967796,24
0,2154664969,0.956066,3968864,9
0,322585309,1.070740,3969506,3
0,1245488707,0.914830,3970725,11
0,3728010133,1.057433,3971594,6
0,92606177,1.067086,3972224,3
0,2565703027,1.000488,3973165,7
0,1831379351,0.985243,3975907,33
0,4120937929,1.000976,3977319,14
0,3572518249,1.068458,3978315,8
0,1398553631,1.027455,3979800,15
0,2484117563,1.019823,3980378,2
0,1117420279,0.954533,3983464,38
0,390355967,1.120651,3985098,17
0,1109771647,0.956066,3986942,20
0,142999979,1.057894,3987711,5
0,2331260479,1.029354,3991220,44
0,2318133127,1.020302,3995568,56
0,2012818771,0.786855,3997193,13
0,792548971,1.167596,3999001,17
0,3552279487,1.008267,3999817,5
0,304268233,0.921743,4002836,37
0,1630212557,0.972774,4003550,4
0,2785656169,1.079370,4009377,77
0,4234280497,1.035974,4012048,32
0,2991038789,0.914830,4012693,3
0,55641913,0.982762,4013253,2
0,1641329561,1.061581,4014951,18
0,837748693,0.941139,4016719,19
0,3048626641,0.930180,4017444,4
0,4126658561,1.032197,4018379,7
0,2845533091,0.997556,4019656,12
0,2311475083,1.020780,4020592,7
0,1560394499,0.985243,4021447,6
0,4051265377,1.123697,4023305,20
0,809053631,1.110145,4026456,39
0,1138407827,0.981270,4027114,3
0,1560004013,0.981270,4030010,35
0,705264863,0.985243,4031702,18
0,3623111749,1.066628,4036538,63
0,4245830443,1.042083,4040542,51
0,4201417343,0.889391,4041131,2
0,2380654741,0.921213,4042845,18
0,3891206743,1.018386,4046736,49
0,4133746387,1.046758,4048259,15
0,2242619783,1.075745,4049258,8
0,359544347,0.950945,4053521,55
0,665671837,1.080274,4055370,20
0,2531275463,0.957597,4058453,38
0,4285069163,0.936979,4060312,20
0,3068629163,0.952997,4061799,15
0,1401108749,1.128467,4062383,2
0,2906588389,1.005842,4062964,2
0,4244597911,0.862070,4063913,7
0,65988089,0.986233,4066100,25
0,1200405403,1.025076,4067033,7
0,1867300657,1.047691,4068389,13
0,3098755039,0.867715,4069190,5
0,4257912619,1.068914,4072512,41
0,1955703263,0.975280,4076837,55
0,726736817,0.868840,4079643,34
0,1997434727,0.955044,4080162,1
0,3029027563,1.050483,4080674,1
0,3431880041,1.001464,4082649,22
0,322847453,1.073928,4083711,9
0,3985631047,1.067086,4086401,32
0,1337872411,1.010685,4087471,9
0,3546138527,0.992649,4089034,16
0,2946009083,0.994614,4090109,9
0,3054882601,1.046758,4092112,22
0,2341814393,1.035974,4095265,39
0,413611379,0.997066,4097021,19
0,1276369667,1.222350,4098913,17
0,2683279661,1.032197,4099445,1
0,1720881587,0.932277,4100781,11
0,3309697319,1.024600,4101950,10
0,2667778583,0.932277,4108110,82
0,3141712571,0.872205,4108767,3
0,569520683,1.082532,4110601,20
0,202117897,1.051877,4113803,40
0,2695311433,0.981270,4114727,7
0,3387655987,1.029829,4115735,8
0,361078183,0.897588,4117942,25
0,1265275399,1.132786,4120887,36
0,3284029753,0.931753,4121604,4
0,3640258823,0.999023,4122959,13
0,3149588749,0.946313,4125705,33
0,1756604209,1.109265,4131311,74
0,1316283571,0.969254,4134055,33
0,1013792779,0.858664,4136311,26
0,1084202261,0.965215,4138138,20
0,1343447309,1.129764,4138922,5
0,636115253,0.915897,4140125,11
0,1468775131,1.080274,4142807,32
0,1199014643,0.920682,4143329,1
0,3742023773,0.960652,4143978,3
0,68223977,0.999023,4144604,3
0,1449382331,1.020780,4145467,6
0,3833059303,0.929655,4146060,2
0,571850453,0.899761,4146776,4
0,4063662679,0.928078,4147865,9
0,1945657787,1.007782,4148660,5
0,4125168119,0.970261,4150099,14
0,3942291569,0.974279,4150626,1
0,2183885113,0.855246,4151200,2
0,2026899143,0.988706,4153884,32
0,1156608781,1.087482,4154461,2
0,1330036087,0.888841,4157982,44
0,4026287963,1.058356,4165206,97
0,2425805441,0.846639,4167049,20
0,794763499,1.024123,4167700,3
0,3960852809,0.901929,4168352,3
0,886344649,1.004871,4174634,83
0,3772946533,0.978280,4176140,15
0,45966143,1.005357,4177615,15
0,1298323613,0.925971,4178829,11
0,2102527151,0.924387,4180451,17
0,3174848249,1.026028,4184947,58
0,3911668543,1.129764,4190756,77
0,4183951339,0.983258,4192381,17
0,4084068167,0.975280,4193390,8
0,121766731,1.056047,4195348,22
0,2733057113,0.862070,4196905,16
0,1846833623,1.039268,4198531,17
0,3302420843,0.977780,4199262,4
0,3147918223,1.062040,4200687,14
0,357875171,1.018386,4201925,7
0,200118757,0.976781,4206206,45
0,2988777773,0.994123,4207105,5
0,650116297,0.947859,4207693,2
0,1181085739,1.066628,4208411,4
0,555864409,1.091068,4209744,13
0,3867412777,0.927551,4215177,71
0,395604697,0.877229,4216237,9
0,2876614199,1.014061,4216900,3
0,4145444621,0.973276,4218043,10
0,689288827,0.972774,4219110,9
0,2022040859,1.040677,4220955,20
0,1638871343,0.997066,4223441,29
0,1286584547,1.104854,4223963,1
0,1580174753,0.882778,4224611,3
0,1203434189,0.932277,4226803,25
0,71441989,0.836193,4227941,10
0,843662581,1.048623,4228723,5
0,2912942861,1.008267,4230155,14
0,3257213027,1.115411,4231921,19
0,3852050693,1.128467,4233329,14
0,1706725919,1.109705,4235442,24
0,1025240429,1.004871,4236469,8
0,2922525227,1.025076,4237742,12
0,3565267357,0.958616,4238603,6
0,1825154563,0.968750,4240020,14
0,477352013,0.948374,4240808,5
0,2263399393,1.113658,4247960,96
0,3882976609,1.012133,4250269,27
0,1601596463,1.012133,4251344,9
0,2122216669,1.012616,4253673,27
0,1827256073,1.078012,4254530,6
0,2093370673,0.989693,4255952,14
0,1237307051,1.182968,4263928,108
0,2945451101,1.012133,4265755,20
0,65619857,1.055121,4267156,14
0,1505124967,0.952484,4269344,25
0,3227979593,1.025552,4271945,31
0,2613255863,0.970764,4275248,41
0,3327717611,0.882225,4276733,15
0,4242794767,1.148198,4277467,4
0,2336321161,1.057894,4278044,2
0,3610467743,1.027930,4278634,2
0,1734667351,0.970764,4279937,12
0,672502529,0.955044,4281405,15
0,601379057,0.893772,4290473,124
0,3270243671,1.033615,4292461,22
0,4294647353,1.144365,4296056,45
0,1738904009,0.981270,4297200,10
0,1435864021,0.908940,4298266,9
0,2060246641,1.091068,4299004,4
0,2745767221,1.019344,4299733,4
0,3827030969,1.034559,4301659,21
0,541176617,1.167596,4302868,11
0,3306311051,1.159624,4306303,37
0,691581791,1.000488,4309363,37
0,3725639581,0.949404,4309959,2
0,1415481043,1.054659,4312648,32
0,678067007,1.004871,4315962,41
0,1448546837,1.105738,4320029,52
0,2761710337,0.983258,4321924,21
0,3987009241,0.978779,4326069,53
0,2232217111,1.016466,4326996,7
0,1028623727,1.018386,4330796,48
0,3906246683,1.002438,4335236,57
0,3360464567,1.077559,4337008,19
0,2296124011,0.978779,4338695,18
0,3766425451,1.025552,4340058,13
0,491355247,0.958616,4340923,6
0,1386712211,0.936458,4343806,35
0,1056975539,1.062959,4345296,15
0,128050141,1.017906,4350343,66
0,175148279,1.111464,4351470,10
0,4261815749,0.834439,4351979,1
0,2906631523,0.990186,4352499,1
0,1780779433,1.022214,4354406,21
0,3581947079,1.000488,4356933,30
0,2696003333,0.934370,4357649,4
0,3525843253,1.056971,4365281,103
0,695251841,0.903552,4366125,6
0,3990930143,0.963190,4368387,26
0,1127544757,0.952997,4369957,16
0,3198013561,1.104412,4371596,17
0,3924958591,0.867152,4372254,3
0,3111167663,1.048157,4373395,10
0,1446883147,0.960652,4375656,26
0,3193243373,0.975280,4376595,7
0,1163947931,1.099538,4377802,11
0,2606171543,1.023646,4378806,8
0,1926800479,1.036916,4380592,19
0,3129592399,0.997066,4382510,21
0,1792797463,1.187911,4383037,1
0,2158595969,1.031250,4385693,32
0,1782614473,0.964709,4387444,19
0,588289831,0.868840,4388795,13
0,3514121077,1.109705,4389805,8
0,2507053331,1.048623,4392090,26
0,3799043527,1.050483,4394207,24
0,734728669,1.064337,4395836,17
0,2709019843,1.026028,4398438,31
0,4212548029,1.068914,4399794,13
0,2133353639,1.066628,4401217,14
0,901332463,0.982762,4403403,25
0,1147080917,1.090621,4406253,31
0,3003895711,1.001464,4406989,4
0,3932956999,0.901929,4407680,1
0,586785557,1.012616,4410436,33
0,1006491593,0.830333,4412636,25
0,3029461607,1.110145,4413428,5
0,3366776681,1.054659,4416166,33
0,1456585957,0.958616,4419180,37
0,50555137,0.962175,4420496,13
0,1272461143,0.927551,4421220,4
0,2707167559,1.152867,4426909,74
0,543058963,0.901929,4428059,10
0,882352201,0.962175,4430228,25
0,35686333,1.032669,4432953,33
0,1314702709,1.012616,4434097,10
0,3678067661,1.000488,4437055,36
0,1821494957,0.923330,4438830,19
0,2957742167,1.104854,4440100,12
0,579621349,0.971267,4441869,19
0,4278151667,1.091963,4444697,34
0,3771981053,1.014061,4446703,22
0,3464848879,0.944764,4448347,17
0,1441018979,0.882778,4449273,7
0,3082715143,1.000488,4450909,17
0,3118887251,0.996086,4451563,3
0,3583682033,0.835024,4454391,34
0,1969767647,0.924916,4455529,10
0,3534805607,0.956577,4456613,9
0,222578423,0.970764,4459842,40
0,4159017589,0.895409,4461750,21
0,759124133,0.980274,4463299,16
0,2826192379,0.930180,4468623,70
0,779613371,0.855816,4469282,3
0,565043069,0.950432,4471967,32
0,3889893463,0.967237,4473957,22
0,851472253,1.019823,4475301,13
0,2921818511,1.057894,4478529,40
0,2969816911,0.993632,4480235,18
0,2153091727,0.972774,4481505,12
0,913854679,1.079370,4486839,70
0,3618141649,0.994614,4487562,4
0,4290491167,1.071652,4488231,3
0,26026571,0.988706,4489764,16
0,3277034933,1.061581,4490346,2
0,619401779,1.084785,4491409,9
0,3871583129,1.081629,4493102,18
0,1091282779,1.092410,4493612,1
0,930286999,1.140090,4494957,13
0,1319234843,0.966732,4495894,7
0,1503921373,0.952484,4497303,14
0,3188858837,0.997556,4498027,4
0,2584328777,0.958616,4499573,16
0,153464357,0.966732,4500140,2
0,3857917867,1.004871,4501430,12
0,3311810573,0.910014,4502075,3
0,1779319723,1.012616,4502868,5
0,280736483,1.024600,4504765,21
0,2639858083,0.898675,4510951,77
0,1907370929,0.978779,4512125,10
0,158376997,0.948374,4525127,180
0,2343661823,1.118471,4527595,29
0,772864409,0.969254,4531933,56
0,498608741,1.020302,4532713,5
0,1050364619,1.006813,4535038,27
0,1075275499,0.994614,4535549,1
0,3932783807,0.963190,4538851,41
0,3550207123,0.842012,4541250,28
0,1128514819,1.136229,4541753,1
0,2387955809,0.889391,4543987,24
0,1303331441,1.099538,4544926,7
0,2432012357,1.036916,4546897,22
0,338867951,0.988706,4548032,10
0,2520400661,0.948374,4548816,5
0,1000697657,0.992649,4549829,8
0,876066487,0.789333,4550621,5
0,3627772097,1.072107,4551197,2
0,1728692431,1.099538,4552830,17
0,1575282739,1.037387,4553691,6
0,3959943821,1.134508,4554420,4
0,1248323561,1.032669,4555630,11
0,2577734987,0.958616,4557260,17
0,2066634781,0.969254,4559169,21
0,2353713997,0.963190,4560164,8
0,3910745539,1.054659,4562560,28
0,2415046301,0.958616,4563080,1
0,1389722393,0.936979,4565204,24
0,477064579,0.963190,4565781,2
0,3004522861,0.969758,4566361,2
0,1296550111,0.952997,4568959,31
0,3046987987,0.988706,4572399,43
0,775140973,1.104412,4573050,3
0,4202110723,1.055121,4574122,9
0,3854257283,1.044891,4575191,9
0,103999361,1.012133,4576032,6
0,1448769347,0.936979,4581144,67
0,3809679301,0.873324,4582070,7
0,2460070199,1.110145,4582580,1
0,3457656481,1.016466,4584478,21
0,1980188011,0.954533,4586800,27
0,314544787,1.032197,4589056,26
0,257631953,0.973777,4590252,11
0,166475773,1.081629,4592307,23
0,3382333657,1.015985,4593231,7
0,101577163,0.885539,4593800,2
0,579368323,0.963190,4594377,2
0,968815919,1.128899,4595035,3
0,568306021,0.949404,4596525,15
0,489252523,1.031250,4597663,10
0,3403366927,1.025076,4598381,4
0,2975355203,1.021736,4599234,6
0,3672592793,0.981270,4600511,12
0,80544119,1.116723,4602401,21
0,1632234367,1.015985,4603482,9
0,585285397,0.970764,4604200,4
0,1896052391,1.137517,4605198,8
0,3151477897,1.019344,4605783,2
0,3249705379,0.921743,4606707,7
0,1419737801,0.973276,4607506,5
0,1406690737,1.151595,4616138,111
0,385349729,1.006328,4617312,10
0,1637967811,0.877229,4617901,2
0,1862331127,0.950432,4622673,62
0,4142524973,0.956577,4625775,38
0,1446089273,1.057894,4626420,3
0,4157708239,1.039268,4627707,12
0,375442747,0.916963,4628364,3
0,2994277043,0.889939,4630479,24
0,4285388567,0.949404,4632125,17
0,2462876407,1.035503,4632705,2
0,181920887,1.079370,4633984,12
0,1193466943,0.889391,4634853,6
0,2458468603,0.949404,4636126,12
0,3200488783,0.966732,4636937,5
0,2130478621,1.101313,4640957,51
0,1014439271,1.062040,4641680,4
0,3765084581,1.090173,4645243,45
0,3383647469,1.099538,4646806,16
0,3610915081,1.091516,4647948,10
0,756921439,0.919621,4648740,5
0,2914893691,0.903552,4650805,23
0,3905252963,0.891036,4651820,8
0,3960200033,1.093750,4653172,13
0,4036938667,1.010202,4655710,30
0,2165068247,0.975280,4658653,36
0,3809959577,0.916963,4661880,40
0,2368827187,0.913227,4662532,3
0,242736749,0.954533,4663121,2
0,2387898683,1.094196,4663632,1
0,4134969011,1.022214,4665275,17
0,2059816457,0.997066,4667818,30
0,1562175773,0.904632,4668338,1
0,3146891171,0.919090,4672576,54
0,1806417617,1.010685,4673513,7
0,387768631,1.104854,4675978,28
0,520029661,0.910014,4676656,3
0,3452766067,1.042552,4680302,46
0,2254678931,1.053732,4681025,4
0,1550768363,0.961668,4681613,2
0,3206544409,0.798558,4684985,42
0,3684261797,1.009235,4686199,11
0,2283182617,0.853531,4687264,9
0,1885921909,1.020302,4687918,3
0,4178930101,0.921743,4689067,10
0,2710734073,1.097316,4689781,4
0,155967187,0.862636,4691955,25
0,3186763457,0.964709,4694421,29
0,4259138369,0.853531,4697244,34
0,3993905791,1.147773,4702431,68
0,697709557,1.073018,4704215,19
0,1338827629,0.976781,4705011,5
0,210422351,1.156672,4707739,33
0,296602013,1.095980,4708887,10
0,3885494867,0.885539,4709406,1
0,738682391,1.014543,4709918,1
0,1693752869,1.057894,4711678,19
0,1542820571,0.855246,4713764,20
0,2741414089,0.852959,4715549,15
0,809382169,0.802219,4720437,61
0,2733207989,0.855816,4723946,41
0,3507991141,1.029829,4725511,16
0,767212879,1.019823,4726522,8
0,1864736807,0.832095,4727454,7
0,2461116221,0.901929,4728050,2
0,793530443,0.923859,4732595,59
0,938186609,1.014543,4733110,1
0,857399443,0.871645,4736407,41
0,589316527,0.917495,4737263,6
0,2806731283,0.927551,4738398,10
0,2439273457,0.794267,4738978,2
0,2784992081,1.010685,4742350,42
0,2123486039,1.014543,4743076,4
0,1827740279,1.040677,4744564,15
0,1303588873,0.988706,4745562,8
0,3083505119,0.963190,4749290,47
0,1834271711,1.021736,4749807,1
0,2737757837,1.054196,4753464,46
0,554204347,0.985738,4756129,32
0,408045607,0.862070,4760102,51
0,4119045893,0.972272,4764809,61
0,2404447289,0.964709,4765613,5
0,686915573,1.000488,4767662,23
0,3249521279,1.165084,4768744,9
0,495779351,0.986233,4770522,19
0,2216644061,0.914830,4772302,19
0,783112651,0.908403,4779921,103
0,3998902631,1.109265,4780993,9
0,2899577011,0.935414,4786037,66
0,3875296091,1.095534,4788018,22
0,1760456177,1.084785,4789442,14
0,530666837,1.010685,4790233,5
0,654707177,1.092410,4791223,8
0,4002207257,1.119343,4797151,78
0,2180646137,1.090173,4798914,19
0,337022341,1.002438,4800315,14
0,948017423,0.960652,4800817,1
0,1447469113,1.139233,4802662,20
0,2779375579,0.913227,4803251,2
0,1235806349,1.061581,4804661,14
0,3322980971,1.114973,4807987,41
0,1283755661,0.873324,4809055,9
0,3707188399,1.033615,4816897,99
0,2364626881,1.044423,4817648,4
0,386766377,1.050483,4822273,60
0,1149381491,1.067086,4825486,40
0,2800560869,0.895954,4828095,31
0,4252261379,1.059278,4832445,56
0,409981483,1.054659,4833028,2
0,1870198787,1.005357,4837027,51
0,2654437543,0.975280,4839499,29
0,1123952113,1.128467,4840011,1
0,1283317747,0.913227,4840674,3
0,3828939091,0.884436,4841535,6
0,2181562303,1.067086,4844227,32
0,1758701887,0.913227,4846624,28
0,3211372643,1.097761,4850557,50
0,2228624443,1.046292,4852455,21
0,2863022707,1.037387,4854165,18
0,3301644881,1.014061,4854806,3
0,42070319,1.198143,4856574,19
0,619048531,1.002438,4859324,33
0,3311385751,1.037387,4860405,9
0,2147376391,0.867715,4862317,21
0,1756905421,0.967237,4864167,20
0,613715033,0.986233,4866193,23
0,3226753891,0.994614,4868645,29
0,3268392157,1.004871,4870841,25
0,2188970401,0.958616,4872177,13
0,4200572023,0.988706,4872698,1
0,3088065119,0.771185,4874113,14
0,2422204049,1.004871,4874694,2
0,1551285797,0.948889,4876050,13
0,1390037989,0.978779,4877604,16
0,21628417,0.904092,4878366,5
0,2337952867,1.036916,4879716,13
0,2450925707,1.031250,4880295,2
0,1188571211,1.042552,4880949,3
0,2061029137,1.057433,4881807,6
0,1449418471,1.104412,4884700,35
0,273027877,0.929655,4886245,16
0,35109491,1.021736,4886813,2
0,1490091611,0.927551,4888031,11
0,2941004489,1.031250,4891258,40
0,1078233577,0.977281,4895028,48
0,2032269769,1.135799,4897284,26
0,2295513839,1.040677,4898421,10
0,196500701,1.065254,4899208,5
0,3210185729,0.884436,4904034,63
0,1442119487,0.813101,4906366,27
0,4276969133,0.973276,4907888,15
0,1827775253,0.821465,4908830,7
0,1595524633,0.997066,4914204,71
0,861873583,1.130628,4915067,6
0,20425117,0.942176,4915770,4
0,2139165023,0.803435,4917979,22
0,2387593601,1.012616,4919944,20
0,4211183563,1.020302,4921032,9
0,2766329249,1.023646,4921613,2
0,3337597073,1.019823,4923754,24
0,1853742409,1.125868,4927499,46
0,362882341,0.964709,4928695,11
0,2103827923,1.037387,4929778,9
0,1067456869,1.036916,4932115,27
0,3404447821,1.052341,4933743,17
0,4117059103,0.885539,4938364,60
0,4205927119,1.066628,4939027,3
0,2781812309,1.044891,4942817,48
0,1087491527,0.988706,4943751,7
0,3771917689,0.882778,4946869,38
0,2955660179,0.950945,4948724,20
0,3451581047,1.073928,4951830,38
0,2919341011,0.904092,4954009,25
0,1739042561,1.027930,4956697,32
0,1622557913,0.986233,4958200,15
0,75112237,1.091516,4959185,8
0,1473150971,0.772450,4962931,47
0,459095891,1.032197,4963514,2
0,3725043523,1.006813,4964382,6
0,511493401,1.035974,4966697,27
0,3437015369,0.960652,4967211,1
0,562202023,1.153290,4971190,51
0,3831777073,0.807073,4972186,8
0,1289804567,1.132786,4975553,42
0,3583711253,0.982762,4976130,2
0,1060138957,1.078012,4976645,1
0,335660341,1.002925,4978181,16
0,1135600777,0.932277,4979179,8
0,164254163,1.014543,4984208,66
0,2150951903,0.981270,4984791,2
0,3229813849,1.062040,4985504,4
0,236586641,1.035503,4986627,10
0,3749386903,0.987223,4987424,5
0,2011609073,1.164665,4988788,13
0,3599924543,1.121958,4989516,4
0,4003663019,0.949404,4990035,1
0,1933777403,0.969758,4991529,15
0,2690391271,1.104412,4994345,34
0,4263333713,1.006813,4995275,7
0,862575611,1.036916,4996704,14
0,3626389339,1.059278,4997502,5
0,255007919,1.043488,4998077,2
0,304556969,0.895409,5000730,32
0,680606833,0.989693,5007243,87
0,1671523811,1.018386,5010957,47
0,2751866707,1.076198,5015387,57
0,1441518443,1.014543,5016602,11
0,3903571697,0.907327,5019065,29
0,1775201581,0.821465,5020892,15
0,1067719021,0.980274,5023037,22
0,3461605661,1.080274,5023775,4
0,379775783,0.858664,5025681,21
0,1568135717,0.954533,5028875,39
0,3051012863,1.120651,5029397,1
0,1929507617,0.930180,5031645,26
0,608222869,1.012133,5032919,12
0,3953952173,1.092410,5034476,16
0,1817987011,0.921213,5035913,14
0,3369631159,1.020780,5040603,61
0,3651651247,0.981270,5043412,33
0,203518361,0.907327,5045116,18
0,1160557213,1.036916,5045761,3
0,2755701217,1.033615,5047655,21
0,1930749677,1.079822,5048239,2
0,1004114347,1.014061,5049111,6
0,4211488997,0.878342,5054098,65
0,1411145977,1.024600,5054889,5
0,283821383,1.080274,5057204,27
0,1866360841,0.997556,5060212,37
0,4217527513,1.037387,5062047,20
0,1189596283,0.977780,5063754,18
0,165167911,1.035974,5068922,68
0,1817024393,0.994123,5075135,83
0,1312509041,0.794267,5079282,53
0,474477617,1.064795,5080061,5
0,1519495631,0.743461,5081269,11
0,3023922679,0.981270,5081788,1
0,1864119611,0.875558,5083483,18
0,3397866973,0.964709,5087414,50
0,393309061,1.044423,5089170,19
0,1246614469,0.893772,5090096,7
0,2468887513,0.908403,5090951,6
0,1937372461,0.889391,5093144,25
0,427515089,1.122828,5093649,1
0,2845353209,0.978779,5097163,44
0,1251531433,1.004871,5097886,4
0,2719854547,0.906250,5099452,16
0,2045662727,1.018386,5101721,26
0,2430000239,1.000488,5103293,16
0,2348153671,1.029354,5104309,8
0,1987471601,0.921213,5105310,8
0,1493426911,1.149049,5109036,47
0,745329863,0.915897,5110745,18
0,2781337259,0.940620,5111543,5
0,2014306211,1.124132,5115429,49
0,1252294573,0.983258,5115952,1
0,675026899,0.924387,5118339,28
0,2656666253,1.026028,5119959,17
0,2845002379,1.124132,5120676,4
0,3330290779,1.125868,5124150,38
0,1176744937,0.994614,5125110,7
0,593146027,0.986233,5125760,3
0,3767611817,0.963190,5128152,28
0,498212203,0.969758,5130961,34
0,2423828039,1.021736,5132308,13
0,3231383663,0.963190,5133507,11
0,121638149,0.983258,5135471,22
0,3249454529,1.073928,5141631,82
0,1049764913,1.073018,5143464,20
0,1893202169,1.000488,5144910,14
0,3496612169,0.947859,5147458,30
0,4277354203,1.016466,5150075,30
0,2808393911,1.078012,5150676,2
0,1149976507,1.015985,5154906,54
0,1810837549,1.026028,5155491,2
0,2282182367,0.788714,5157737,26
0,1546543849,0.919621,5159716,22
0,2249952779,1.035503,5160862,10
0,2121586399,0.941139,5162358,15
0,4001101421,0.997066,5163300,7
0,681025927,0.972774,5167158,49
0,3719598947,0.995105,5170210,37
0,477865627,1.027930,5174071,48
0,1110903223,0.889391,5175092,8
0,45736601,1.014543,5175794,4
0,1635579343,1.100870,5177085,12
0,4199866661,1.090621,5179832,33
0,2924846647,1.000976,5181113,12
0,3250599323,1.014061,5182522,14
0,544395457,0.969758,5184202,18
0,236941351,0.980772,5186943,33
0,3361825777,1.119343,5189330,28
0,838331513,1.200179,5193325,51
0,326892883,0.935936,5194256,7
0,522361937,0.929655,5196865,31
0,4135605641,1.064337,5197440,2
0,732590321,0.972774,5198511,9
0,2821996087,1.046292,5200347,20
0,2075054593,1.158360,5201135,5
0,2076803389,1.002438,5201997,6
0,1539565189,0.973276,5205452,43
0,1452233813,0.952484,5213301,106
0,2187482527,1.081629,5215342,23
0,3456082997,0.997066,5217880,30
0,2026005287,1.124132,5221808,50
0,2250579029,0.942694,5222320,1
0,3324092939,0.830333,5223588,12
0,2965709459,1.037387,5224441,6
0,582429929,0.970764,5225337,3
0,1976202439,1.002438,5226559,11
0,268220597,1.031250,5229643,25
0,3276702397,1.057433,5230664,6
0,1063177169,0.980772,5231387,4
0,717293113,0.993141,5233295,21
0,3273806071,1.143084,5235074,19
0,1333085419,1.088828,5236076,8
0,1968336233,0.940101,5240423,56
0,1617790507,0.966732,5242334,21
0,415359149,0.784369,5243250,7
0,3053224879,1.035503,5244394,10
0,2293898099,0.966732,5250370,79
0,2241719797,1.080726,5251587,11
0,365816537,1.086134,5252449,6
0,613552421,1.115411,5254354,21
0,688519129,1.050948,5255420,9
0,2039944171,1.037387,5256215,5
0,466458959,1.002438,5258903,32
0,2348121557,0.986233,5259917,8
0,4228611811,1.012133,5260435,1
0,1040016247,1.051877,5261171,4
0,40137683,1.077559,5263333,25
0,1826078689,1.035031,5269434,81
0,134933083,0.978779,5274803,71
0,3619090799,0.952484,5276245,14
0,1912211621,0.972272,5277941,18
0,2850539411,1.042083,5281725,48
0,764046329,0.955044,5284896,39
0,293512007,1.122828,5286097,11
0,590842061,0.949404,5289114,37
0,1776738097,0.835024,5295628,87
0,189124981,0.894318,5298925,41
0,755795431,1.002438,5302443,44
0,398406587,1.196104,5304155,18
0,3815184577,1.147773,5304876,4
0,524797681,1.042083,5305588,4
0,3654245327,1.215942,5310224,60
0,3987952763,0.822059,5313254,37
0,4003281509,0.962683,5314961,18
0,1333339691,0.944764,5316655,18
0,2656357313,1.100870,5319893,40
0,2601210233,1.014061,5320679,5
0,720370967,0.957087,5321623,7
0,424561933,0.952997,5325681,52
0,144526021,1.073928,5326901,11
0,3297371087,0.993632,5328483,13
0,2338128179,0.932277,5330964,28
0,724847399,1.111903,5331986,8
0,2104907603,0.992649,5332645,3
0,3349437907,1.021736,5334617,22
0,1864645667,0.897044,5335403,5
0,1892068027,0.846639,5336679,12
0,1588310963,0.972774,5340676,51
0,844505671,0.827978,5341178,1
0,4230815327,1.099538,5342121,7
0,606805211,1.090621,5342698,2
0,1966992697,0.880563,5344403,18
0,2394700943,0.880563,5346384,22
0,2317946219,0.996086,5350383,51
0,4076786591,1.037387,5351047,3
0,4214757931,1.010202,5353789,33
0,68447833,1.147773,5354629,6
0,1157524157,0.925971,5360500,78
0,1334555399,1.097761,5361083,2
0,3096618673,0.999023,5361592,1
0,2316518051,0.928078,5362651,9
0,1720686301,0.980274,5366710,52
0,3321884791,1.004871,5367449,4
0,3036880879,1.194878,5370076,31
0,3065651257,1.009235,5370934,6
0,258912317,1.048623,5371995,9
0,2621482177,0.953509,5373746,19
0,975336679,1.009235,5375933,25
0,2625868099,0.962175,5376726,5
0,3150564737,1.080726,5377800,9
0,3049041451,0.893225,5379526,18
0,1950485839,0.952997,5382342,34
0,120028217,0.862070,5383742,14
0,478715819,1.068458,5386270,30
0,445113749,1.036916,5386922,3
0,1883562809,0.855816,5387926,8
0,4233372937,1.026028,5391871,50
0,3190603279,0.950945,5392951,9
0,125906041,0.950945,5398466,73
0,3589510313,1.031250,5401276,34
0,2636322329,1.048623,5402896,17
0,1207845893,0.970764,5405353,29
0,578258507,0.966732,5407041,18
0,2735495467,1.008751,5410859,48
0,3104986589,0.903552,5412634,19
0,527329657,0.988706,5414491,20
0,777881353,1.147773,5417718,40
0,1796669627,0.958616,5419413,18
0,1419517739,1.120651,5422868,43
0,470607101,0.939581,5424336,14
0,3174375839,1.012133,5428354,51
0,42901231,1.174684,5430174,16
0,1537283689,0.962683,5431044,6
0,2185083071,0.955044,5435083,49
0,3132724363,0.893225,5436871,19
0,2494554379,1.062959,5439419,30
0,3601683269,0.900304,5440281,6
0,425375147,0.910550,5442179,21
0,1935227269,1.020302,5444357,25
0,1122617059,1.132354,5445574,11
0,1884156613,1.061581,5446932,13
0,50645389,0.920682,5448185,12
0,3691105969,1.027930,5449746,16
0,2515015861,0.958616,5450886,10
0,1535104451,0.927551,5451965,9
0,3621254869,1.124132,5452914,7
0,2794084871,0.908403,5460043,96
0,2738539567,1.014061,5461808,19
0,2766750319,0.911086,5463580,19
0,2212208723,1.062040,5464930,13
0,887887001,0.942694,5469059,53
0,2335615619,1.116723,5471236,25
0,1748988727,0.913227,5472031,5
0,3062291993,0.996086,5474008,22
0,2001768451,1.000976,5474788,5
0,1171059947,0.985738,5479782,65
0,15570721,0.993141,5480684,7
0,871284179,0.988212,5481689,8
0,2593006327,1.036916,5482757,9
0,2037449459,1.052341,5487671,64
0,2143650869,0.915364,5489094,14
0,2261986091,1.086584,5491366,26
0,2412615977,1.014061,5494036,32
0,2817816637,0.927551,5494838,5
0,3731108483,0.952997,5495630,5
0,198354731,0.967237,5498434,34
0,1524263371,0.970261,5499235,5
0,1426667707,0.976781,5501689,29
0,2900556877,0.976781,5504294,31
0,4038457609,0.997556,5504951,3
0,2186053967,0.867152,5510916,79
0,78267619,1.000488,5511480,2
0,977152063,1.020302,5523345,164
0,1766576677,0.977780,5524970,17
0,2344402199,0.957597,5526883,21
0,2785797793,0.889391,5527389,1
0,3661471393,1.014543,5528249,6
0,1782831023,0.970764,5528844,2
0,784196563,1.014543,5529854,8
0,531920071,1.112342,5531267,14
0,2878781839,1.165084,5534663,36
0,2877341639,1.036916,5535562,6
0,3517449427,0.961160,5537595,23
0,3177761471,0.956577,5538392,5
0,3730256077,0.996086,5539045,3
0,1947013631,0.867152,5539627,2
0,77995433,1.023646,5543628,49
0,2882682251,0.933847,5544992,13
0,608002049,1.018386,5546249,12
0,1297058431,0.927551,5547669,14
0,2131327409,1.062959,5548596,7
0,2336922769,0.914830,5549812,11
0,2181550123,1.078012,5551798,22
0,3759431939,1.008267,5554734,36
0,584992949,1.010685,5559505,62
0,384889543,1.061120,5561287,19
0,469549819,0.846639,5562982,18
0,1234870733,0.840271,5564818,20
0,3971259241,1.064337,5565902,9
0,2085220003,1.001464,5566625,4
0,950781157,0.990186,5568537,21
0,1504779403,1.009718,5569186,3
0,1405909909,1.005842,5570118,7
0,4122954379,0.950432,5575170,66
0,3323210003,1.061581,5576929,19
0,3033842299,0.940620,5579817,35
0,68296477,0.919090,5582284,29
0,2365694743,1.016946,5584840,30
0,38590579,1.169268,5586027,11
0,1871035939,0.996086,5586751,4
0,1904780743,0.884988,5588657,21
0,1093258063,0.971267,5589167,1
0,1819141459,0.975280,5590238,9
0,3700630337,1.035503,5590743,1
0,3494203841,0.949404,5592081,13
0,2797407799,0.829745,5593932,20
0,1475109341,0.950945,5594520,2
0,2338619527,1.014061,5595379,6
0,78692567,0.919621,5596288,7
0,1125358943,0.953509,5597026,4
0,2987110013,1.109265,5599349,27
0,300969029,0.993141,5600336,8
0,3589430837,1.029354,5602520,25
0,3894303221,0.972774,5607870,70
0,3291311711,1.042083,5609011,10
0,941395297,0.927551,5609719,4
0,478968961,1.099538,5617299,102
0,28154069,1.056047,5619743,29
0,3661103777,1.202618,5622126,28
0,1448694941,1.061120,5622714,2
0,3860043877,1.125868,5624201,15
0,2236830217,0.935936,5624928,4
0,1199510783,0.914830,5626014,9
0,272984993,0.940620,5630986,65
0,2401342051,1.122393,5632951,22
0,462944231,0.903552,5636398,37
0,2663781847,1.027930,5638220,19
0,3976567807,0.940101,5639379,10
0,2338188403,1.061581,5640741,13
0,2811697243,1.000488,5641468,4
0,1235305177,1.094643,5644476,37
0,2286924457,0.989199,5646513,23
0,1542274843,0.948374,5651036,58
0,2345271583,1.021736,5652654,17
0,2831630677,1.061120,5653230,2
0,2969726983,0.988706,5653731,1
0,331744993,0.972272,5654445,4
0,3035892943,1.042552,5659075,60
0,2821090529,0.919621,5660346,12
0,164114033,1.023646,5661616,12
0,1716213029,0.938021,5663792,25
0,4082230169,0.832095,5664588,5
0,1185285383,1.130628,5667174,31
0,3199029787,0.966732,5668174,8
0,581738809,0.958616,5669236,9
0,3687621367,0.990186,5670102,6
0,3084714181,1.031250,5670959,6
0,4128663257,0.950945,5672444,15
0,852024337,1.095534,5675417,36
0,3648450997,1.133647,5679226,48
0,3935592779,1.139233,5680436,11
0,3060869453,0.829745,5683621,39
0,2721517663,0.891036,5685734,24
0,3193610183,0.868278,5686756,8
0,3469092223,0.983258,5688243,15
0,2309338901,1.115411,5691957,47
0,1185112373,0.986233,5693446,15
0,277609939,0.968750,5694309,6
0,2994646609,1.024600,5694960,3
0,2538395107,0.849517,5695544,2
0,2305763443,0.880563,5701919,85
0,24988903,1.083434,5706130,54
0,1567827713,0.887192,5708727,31
0,2668116967,0.889391,5709666,7
0,2752621493,0.915897,5710877,11
0,3579959659,0.855816,5711600,4
0,3593753153,0.895409,5712308,4
0,1708134079,1.054196,5713176,6
0,4041953833,0.994614,5715697,30
0,870559957,1.025552,5716769,9
0,181892801,0.822059,5719715,36
0,3264474643,1.095534,5724720,65
0,1904067127,1.025076,5727118,28
0,2679253009,0.980772,5729018,21
0,1217604523,1.058356,5729527,1
0,2292636431,0.960652,5732067,30
0,1130130569,1.212726,5732710,3
0,593157779,1.119780,5734200,15
0,52374061,0.941139,5734912,4
0,2210106797,0.914296,5736191,12
0,198451283,0.944764,5737302,6
0,1831272097,1.020302,5743659,83
0,2727687731,1.009718,5744267,2
0,3368267653,1.046292,5747000,33
0,2930255089,1.000488,5750284,41
0,2760310313,0.950945,5750793,1
0,2627327803,0.955044,5751595,5
0,181907291,0.921743,5752592,8
0,2358436109,0.901388,5755892,41
0,4073548711,0.985243,5757318,14
0,1986213959,0.980772,5759357,23
0,2765841773,0.950945,5760773,14
0,807165743,0.961160,5761559,5
0,1765096829,0.919621,5762701,10
0,408827459,1.046292,5763419,4
0,11602519,1.182968,5766339,36
0,2412446021,0.886641,5768613,26
0,3876716671,0.993141,5771559,36
0,34994441,1.031250,5772119,2
0,3670730351,0.904092,5776058,50
0,1070076019,0.938541,5778868,34
0,3855304561,0.891036,5781118,26
0,318678947,1.099538,5781844,4
0,4057149199,0.903552,5783402,16
0,1686426733,1.104854,5786138,33
0,1362350299,0.993141,5787066,7
0,1449198497,0.994614,5788902,20
0,2303795537,1.009718,5790648,19
0,253371037,1.001464,5791424,5
0,1110730879,0.863202,5793600,25
0,3498518767,0.998534,5795515,21
0,3322177603,0.975280,5796093,2
0,276628907,1.070284,5797571,15
0,646793671,0.988706,5799055,15
0,4289394971,1.142229,5801245,25
0,69910333,1.104854,5802878,17
0,4062644693,0.878342,5805687,34
0,3348954613,1.050483,5810477,62
0,629649931,1.130628,5812233,19
0,1242983179,1.147773,5812887,3
0,1606462463,0.986233,5813407,1
0,875878007,1.144365,5814828,14
0,3289039223,1.196104,5815898,9
0,1037206007,0.962175,5819264,42
0,1155256117,0.817891,5820543,12
0,1158019001,0.956577,5821403,6
0,3248139581,1.070740,5823026,17
0,3191698663,1.087482,5824242,11
0,3713404577,0.944247,5825166,7
0,1197994463,0.877786,5826105,7
0,2643959933,1.036916,5826837,4
0,2089080349,1.147773,5827910,9
0,3876500603,0.945797,5829052,10
0,3697338641,1.010685,5830044,8
0,4256755561,1.014061,5830918,6
0,1012205657,0.928078,5831971,9
0,378062719,1.067086,5834077,24
0,3068276177,0.983258,5835212,10
0,2109064031,1.015985,5841527,78
0,2195701091,0.873883,5844036,29
0,2924691563,1.018386,5844829,5
0,3663283643,0.889391,5847010,25
0,23274127,1.023646,5848332,13
0,4121942887,0.980772,5849273,7
0,2487667909,0.971267,5851031,19
0,3324420833,1.035031,5851746,4
0,494894651,1.050483,5853523,19
0,1917683641,1.046758,5854109,2
0,1998640103,1.014061,5855950,20
0,1643735663,0.957087,5856537,2
0,2688007123,1.048157,5858828,26
0,1305380311,0.925971,5862912,52
0,2933436197,1.079822,5863993,9
0,1183846789,0.898132,5866158,25
0,1690363453,0.980772,5868203,23
0,843488927,0.972774,5872066,49
0,1593958967,1.099538,5873480,14
0,2940949079,1.075745,5875176,18
0,161879741,1.073018,5876093,7
0,3392084957,1.040677,5877586,15
0,1139667127,0.884436,5883046,72
0,769357189,1.032197,5885649,31
0,3983699417,1.105296,5886445,5
0,4046166329,1.094196,5887800,13
0,565493081,0.970764,5888316,1
0,3329312263,1.061581,5888900,2
0,659707241,1.047691,5889681,5
0,3311038193,1.097761,5892068,28
0,2468982697,1.077106,5893692,17
0,1236117769,1.159624,5895036,13
0,1261885463,1.021736,5896799,19
0,90268771,0.997066,5897438,3
0,1966560737,1.071652,5898800,13
0,1340622307,1.090621,5899390,2
0,3901715299,1.107944,5902916,44
0,4012507937,1.044423,5904400,15
0,2295528569,1.069828,5906876,29
0,559535069,1.008267,5908017,10
0,3457871623,1.131060,5911684,46
0,2623986823,0.866589,5912830,10
0,2162761451,1.066628,5913410,2
0,2682407069,0.945797,5916922,44
0,2197677487,1.063419,5918927,22
0,1408227221,1.052341,5919448,1
0,4109890559,1.091068,5921521,23
0,1865116049,1.012133,5922664,10
0,2766304859,1.157938,5925867,39
0,411963271,0.949404,5928056,25
0,3078255109,0.927551,5929263,11
0,3149862179,1.014543,5934307,66
0,1011883237,1.046292,5934887,2
0,3373399231,0.858096,5937287,28
0,1910722657,0.850666,5940087,34
0,3672339457,0.978779,5940801,4
0,1069671257,0.914830,5942955,21
0,1740567683,0.981270,5944487,13
0,3017703323,0.867152,5946172,17
0,1631736209,0.867152,5948128,22
0,3588680611,0.960143,5949063,7
0,1769243963,0.889391,5951885,34
0,864989413,0.956577,5955061,39
0,3221731211,0.999023,5959322,55
0,1886881361,1.031250,5961158,20
0,3989222183,1.062040,5964623,43
0,1877859397,1.026028,5970453,77
0,52447189,1.002925,5973463,37
0,1674145171,0.978779,5975304,20
0,3828897979,1.125868,5976301,8
0,130860371,1.094643,5977638,13
0,3876950629,1.111464,5979469,20
0,10638713,0.974780,5982047,31
0,1453327087,1.068458,5992114,138
0,4005700987,1.054659,5995777,46
0,1276491841,1.059278,5997331,16
0,936620317,0.946313,5998191,6
0,3650252171,0.958616,6000799,31
0,107784629,0.876115,6002651,20
0,57687481,1.048623,6007472,63
0,926555503,1.079822,6008413,7
0,3275168093,1.005842,6009133,4
0,34229413,0.958616,6013375,55
0,519896059,0.843750,6015442,23
0,1560017311,1.062040,6016114,3
0,3937517999,1.109265,6017470,13
0,3079576169,0.873883,6018261,5
0,2542335473,0.893225,6019262,8
0,3190297441,0.924387,6020671,14
0,4168980721,1.115411,6021185,1
0,3321147719,0.976781,6028190,94
0,723353591,0.932277,6031635,43
0,1657236509,1.069371,6032216,2
0,3642229307,0.933847,6034804,31
0,2018014849,1.053732,6035452,3
0,454983013,1.036445,6036454,8
0,3156768079,1.046758,6039281,34
0,1644277709,0.975280,6040137,6
0,1960680203,0.903552,6042422,26
0,4054256279,0.862070,6043229,5
0,15875413,0.977281,6046443,34
0,1511305487,1.027930,6047408,7
0,4241191753,0.847791,6048547,10
0,1833229847,0.992649,6049199,3
0,2678050807,0.921213,6050426,11
0,1354041037,1.021736,6053575,39
0,3825067861,1.156672,6056047,29
0,3480654781,0.999023,6056706,3
0,1450149269,0.921213,6058267,16
0,1581743623,1.040677,6060380,24
0,2853947741,0.975280,6060900,1
0,1520940929,0.872765,6064210,41
0,2445620159,1.154982,6065280,9
0,368443531,1.158360,6068219,36
0,3814017191,0.997066,6070819,31
0,4163914109,0.985738,6072803,22
0,2239046219,1.125868,6073317,1
0,1625388329,0.998534,6075943,31
0,766949993,0.958616,6076888,7
0,2322511853,0.978779,6078101,11
0,252051361,1.134508,6079440,13
0,185357923,0.983258,6080570,10
0,2156807657,0.895409,6083094,30
0,473143163,1.108825,6084232,10
0,705253243,1.041146,6085716,15
0,3501459877,1.094196,6087575,20
0,3606067007,0.994123,6089421,20
0,2392688999,0.981270,6090004,2
0,3916629907,0.942694,6091007,8
0,3842983687,0.956066,6096042,66
0,53206883,0.988706,6097733,18
0,2699563271,1.022214,6099011,12
0,3777116999,0.882225,6099594,2
0,2447593679,0.919621,6100105,1
0,4048110733,0.958616,6102632,30
0,575053363,1.095534,6103553,7
0,2151818261,1.109705,6106478,36
0,945796939,0.899761,6108392,21
0,1269794011,1.039268,6109541,10
0,2479322273,1.027930,6111722,25
0,3848270761,1.020780,6112951,11
0,2679781303,1.056971,6113543,2
0,3370814471,1.021736,6115230,18
0,4208322611,1.080726,6120794,73
0,3389145659,1.012133,6124780,51
0,2461919599,1.103970,6127948,39
0,1495382011,0.973276,6128813,6
0,2878017697,1.056971,6130292,15
0,21203141,0.990186,6131688,14
0,1561716619,1.033615,6132690,8
0,3742188559,1.000488,6136844,53
0,422977117,1.062040,6139445,31
0,3770322797,0.945797,6140036,2
0,162457279,1.189554,6142920,35
0,2985388403,1.042552,6145038,24
0,1875325703,0.875558,6145916,6
0,2519721979,1.019823,6148202,20
0,4293672091,0.846062,6149031,4
0,2416021357,0.931753,6150468,14
0,2309066563,0.887192,6154772,55
0,2557957133,1.090173,6155281,1
0,2758381001,1.088828,6156066,5
0,1260640483,1.031250,6158325,26
0,656545391,0.956066,6159594,12
0,1371930529,1.123697,6160245,3
0,766382707,0.977281,6160830,2
0,4207058039,0.986233,6161417,2
0,894794969,0.932277,6165076,46
0,310587877,1.076652,6167533,29
0,2943528083,1.046758,6169238,18
0,817826587,0.983258,6169816,2
0,561793871,0.748697,6170894,9
0,3211938203,1.064795,6174948,51
0,151238551,0.950945,6175749,5
0,2846676779,0.920682,6177461,18
0,468948289,0.906250,6179294,20
0,3395243311,1.057433,6182604,41
0,1906282373,1.031250,6184027,14
0,3326401139,0.945797,6189484,72
0,2708966599,1.064795,6190350,6
0,4190022029,1.062959,6191984,17
0,500427539,1.079822,6192772,5
0,2627406473,1.091516,6197949,68
0,1858359089,1.077559,6198883,7
0,1527502447,0.970764,6199608,4
0,255502811,0.969254,6201028,14
0,266404907,0.955044,6204380,42
0,1098071683,1.119780,6205515,10
0,234119827,1.018386,6207850,27
0,2996231129,0.903552,6209972,24
0,2702288279,0.961160,6210966,8
0,3869482921,1.054659,6212321,13
0,764686357,1.164246,6214217,21
0,1733678423,1.014543,6222014,105
0,480514933,1.000976,6222655,3
0,616547641,1.014543,6228118,72
0,326772227,0.852959,6229669,16
0,148314587,1.106179,6231782,24
0,2391015041,1.039268,6234879,38
0,3941205571,0.989693,6236929,23
0,4123654643,0.927551,6237522,2
0,884158267,1.017426,6238811,12
0,532382867,0.901929,6240785,22
0,3576026599,0.941139,6243246,29
0,24586291,0.955044,6244645,14
0,4136843489,1.005357,6246692,23
0,2125789843,1.043488,6247767,9
0,1883277707,0.950945,6252928,53
0,1349064259,1.125868,6254964,21
0,22158083,0.995105,6257750,34
0,4190388913,1.012133,6259434,18
0,251125909,0.853531,6260641,11
0,399670123,1.043488,6261500,6
0,2454052879,0.950432,6262354,6
0,399758773,1.088828,6263005,3
0,1507618163,1.022214,6264495,15
0,2592887567,0.927551,6266738,26
0,3426706519,0.862070,6267677,7
0,1043047457,1.071652,6269227,16
0,2955129497,1.112781,6269878,3
0,969800189,1.073018,6270682,5
0,80334487,1.047691,6274122,43
0,2218393481,0.992649,6274918,5
0,55093699,1.099538,6278187,41
0,2381029753,0.961160,6279688,15
0,1471362317,0.969254,6281111,14
0,1042942111,1.044891,6282882,19
0,129377057,1.012133,6284562,18
0,2382836801,1.029354,6285341,5
0,3158370043,0.946313,6287463,24
0,4271523079,1.054659,6289095,17
0,1397370757,0.826207,6289952,6
0,2334378331,1.040677,6296234,84
0,3881285957,0.999023,6297238,8
0,1083601859,1.031250,6298800,16
0,2288022811,0.888292,6299728,7
0,3616090103,0.915897,6302059,27
0,1848780509,0.889391,6303126,9
0,3746323379,1.023646,6303999,6
0,3945303409,1.207480,6309648,75
0,2235762593,1.006328,6311257,17
0,1139523397,1.129764,6312678,14
0,1468193833,0.919621,6315784,38
0,111961747,1.026980,6316421,3
0,284471197,0.938541,6317207,5
0,1656007363,1.127168,6318758,16
0,417354937,0.850092,6320576,20
0,764459887,0.868840,6322840,26
0,1731103067,0.952997,6326207,42
0,3546196721,0.982762,6326867,3
0,1938268303,0.881117,6327593,4
0,1884213181,1.043488,6328317,4
0,1696418161,0.965215,6334127,77
0,1169218619,1.073928,6338125,51
0,3032772557,0.985243,6344001,78
0,91538243,1.004871,6344921,7
0,861047741,0.907327,6347583,32
0,2453063779,0.914830,6348585,8
0,754002371,0.936979,6350835,26
0,2246756047,0.964709,6351869,4
0,319587889,1.179662,6356191,53
0,151788421,1.000488,6357556,13
0,317535601,1.116723,6358062,1
0,3380460803,1.037387,6358577,1
0,437159263,0.941139,6362276,47
0,572572193,0.978779,6364989,33
0,2500525921,1.008751,6365710,4
0,105238699,0.900304,6368797,38
0,2419994089,1.048157,6369521,4
0,226465433,1.057433,6370242,4
0,1335213203,0.793036,6375567,70
0,1857904361,0.938541,6377830,26
0,1796814853,0.932277,6378541,4
0,1928955689,1.024123,6380450,21
0,121415369,1.070740,6382773,27
0,2304456689,1.025076,6387495,61
0,1183934333,0.893225,6388986,15
0,1335923357,0.996576,6391239,26
0,2335090591,1.050483,6396504,69
0,2274358523,1.067086,6402338,77
0,1357508749,0.903552,6403054,4
0,1930232209,1.004871,6404118,9
0,823597949,0.975280,6404629,1
0,1167255149,0.940620,6407233,31
0,2612399051,0.911622,6409069,20
0,270352013,1.108825,6410475,14
0,2909539271,0.975280,6414321,49
0,3598884433,0.885539,6415591,12
0,2760508019,1.067086,6417065,15
0,3851097599,1.057433,6420014,36
0,724282081,1.048157,6420797,5
0,2703830879,1.073018,6425383,58
0,3432176569,1.084785,6427449,23
0,2925940421,0.985738,6429427,22
0,986754557,1.029829,6430358,7
0,1273322311,1.000488,6437939,102
0,924024557,1.080274,6439983,23
0,3146070869,1.036916,6442111,24
0,1301728621,1.020780,6443111,8
0,1739375353,0.916963,6443970,6
0,2080464521,0.889391,6445099,10
0,2996279543,1.024600,6448122,37
0,1432368991,0.958616,6449196,9
0,1626234089,0.927551,6449854,3
0,2676934409,0.967237,6450858,8
0,1236233701,0.855816,6451792,7
0,444904727,1.070740,6455016,36
0,1070882227,1.073018,6455674,1
0,3296747291,1.079370,6457867,25
0,89452397,0.995105,6458510,3
0,2709499447,0.869402,6460434,21
0,1658285491,1.207884,6463898,43
0,4245960179,1.048157,6464906,8
0,2603727839,0.916963,6466123,11
0,840866969,1.100870,6468156,23
0,3906260447,1.047691,6468959,5
0,88074457,0.950432,6471820,35
0,1645454203,1.079370,6472338,1
0,2714083429,0.834439,6475204,35
0,3554486483,0.913227,6476282,9
0,1249538791,1.063419,6479237,36
0,1886586179,1.070740,6482056,34
0,3899076197,1.206266,6486680,60
0,1309902101,0.972774,6487253,2
0,3045151267,0.843750,6488384,10
0,3741489757,1.035974,6489245,6
0,576410561,1.027455,6490372,10
0,3065362609,1.000488,6494943,59
0,1313173529,0.901929,6498657,47
0,1606587299,1.064795,6500857,25
0,3235906229,0.898132,6503317,29
0,571692047,1.031250,6503818,1
0,2810430611,1.110145,6504612,5
0,3536115071,0.989693,6507011,28
0,3903458329,0.839689,6508552,16
0,976416149,1.104412,6509270,4
0,1058881027,1.137517,6510422,10
0,2662183457,1.091516,6513589,39
0,2494087403,0.900304,6516042,29
0,2341015181,1.001464,6517596,16
0,714110437,1.120651,6518737,10
0,3405024229,0.960143,6519466,4
0,713045491,0.998534,6520735,12
0,1360529413,0.973276,6524715,51
0,3595294081,1.102642,6525508,5
0,584502689,1.100870,6527131,17
0,190218827,1.002438,6528462,13
0,519289093,1.042083,6530434,22
0,1551428693,0.935936,6531232,5
0,3559416439,1.051877,6533419,25
0,3653552321,1.044423,6537405,51
0,1512243899,0.950432,6541689,55
0,3498568237,1.041146,6542617,7
0,576676831,1.079370,6543284,3
0,2891011603,1.091963,6545812,30
0,402090883,0.935936,6546894,9
0,3919663711,0.778746,6548526,17
0,1653456781,0.983258,6549117,2
0,2801817383,0.990186,6551504,28
0,1546321939,0.940620,6552428,7
0,1488379397,1.024600,6553007,2
0,3461079949,1.014543,6553660,3
0,2479050911,0.972774,6555004,13
0,2520114893,1.099538,6557233,22
0,2470493407,1.012133,6557870,1
0,1284986881,1.009718,6564870,94
0,4211184611,0.935936,6566865,22
0,2638235393,0.960652,6568901,23
0,3413658971,1.134508,6569909,8
0,2708179879,0.941657,6572445,30
0,4074206581,1.058356,6576132,46
0,2978312387,1.035503,6579795,46
0,591439609,0.935936,6581069,12
0,2627868781,1.104854,6583241,25
0,2303602451,1.100870,6583819,2
0,897044839,1.128899,6587060,40
0,2550563749,1.012616,6587564,1
0,814761511,1.072107,6588132,2
0,3940930627,1.133647,6593741,74
0,1159889947,1.061581,6598430,61
0,2514634823,1.061581,6600256,20
0,3229814557,0.858664,6601673,14
0,416416237,0.952484,6602874,11
0,307497661,1.040677,6603720,6
0,4201282651,1.070740,6605224,15
0,2970036431,0.859233,6607336,24
0,3465238013,0.900304,6608132,5
0,2320619467,1.033615,6610738,31
0,3845961971,0.956577,6614464,47
0,2544837721,0.900304,6615044,2
0,671484497,0.997066,6616093,9
0,1683591601,0.925971,6616948,6
0,54357497,0.988706,6617797,6
0,1704752321,1.082983,6619437,17
0,2605534193,1.085235,6621353,21
0,1976582011,0.993632,6621949,2
0,3412406317,0.969254,6623437,15
0,1029015191,1.014061,6624996,16
0,513666631,1.107503,6625646,3
0,927975299,0.915364,6626297,3
0,3635226359,1.166341,6627098,5
0,914232401,0.910550,6627604,1
0,3771196747,1.211114,6628187,2
0,4116109727,1.047691,6629480,12
0,849694943,1.051877,6633558,52
0,52710521,0.957597,6636000,29
0,2868701417,1.042083,6637487,15
0,156232039,0.908940,6639676,25
0,2819966329,0.963190,6641087,14
0,127541573,0.978779,6642074,8
0,1988492509,0.919621,6643795,18
0,566782487,1.091516,6644653,6
0,3601866913,1.066628,6645501,6
0,1235797859,0.945797,6646080,2
0,3880840633,1.099538,6647288,11
0,2813077679,1.064795,6650166,35
0,1669575289,1.027930,6651161,8
0,2473946899,0.903552,6651676,1
0,424273627,1.006813,6654489,34
0,1953929903,0.888841,6658292,48
0,1170295403,1.069828,6659573,8
0,2618799541,0.950945,6663065,42
0,4133352043,0.963190,6663901,5
0,4095189437,1.026028,6665532,17
0,262715203,1.014543,6667717,25
0,1503067837,0.852959,6674749,93
0,1901202227,0.824432,6677020,26
0,484414961,0.972774,6679620,31
0,1172420339,1.029354,6682232,31
0,3652699241,0.964709,6684623,28
0,1943755991,1.009235,6685144,1
0,72628637,1.140090,6688233,38
0,39015671,1.014061,6692852,60
0,259641401,0.984251,6696358,44
0,434665727,1.068458,6698065,18
0,3636748009,1.136229,6699270,11
0,2087174381,1.048623,6701799,30
0,4232763013,1.057433,6706648,63
0,346156747,1.081629,6707293,3
0,3408409897,1.152443,6710462,39
0,542737309,0.962175,6712084,17
0,899807267,1.068914,6714434,27
0,3060417967,1.039268,6716556,24
0,213419911,0.988706,6718740,25
0,1943250499,1.020780,6720037,12
0,4061785853,0.817891,6722453,28
0,603046531,0.988706,6723728,12
0,2405440889,1.023646,6724451,4
0,249144221,1.086584,6725727,12
0,345603803,1.128899,6727514,19
0,1607716037,1.116723,6728454,7
0,443436349,0.921743,6730018,16
0,2407125187,0.975280,6734582,59
0,3360360953,1.006813,6735228,3
0,960554059,0.825615,6742290,95
0,926209783,0.921743,6742806,1
0,2317372879,1.182968,6743458,3
0,3255128297,0.986233,6744171,4
0,67532299,1.104412,6745573,14
0,649719071,1.143084,6747902,27
0,3353742653,1.014061,6752046,53
0,2982295163,0.907327,6753613,16
0,1153129007,1.079822,6754266,3
0,2496623683,1.020780,6755472,11
0,344197297,1.016946,6756951,15
0,4211628667,0.995105,6758028,9
0,19504939,0.936979,6761511,40
0,2079840463,0.952997,6762953,12
0,435499739,1.062040,6763848,6
0,2504949773,0.946829,6764420,2
0,3213535553,1.020780,6768626,54
0,2692067009,0.995105,6769843,11
0,2333058661,0.988706,6772026,25
0,1906463639,0.978779,6773517,15
0,902050969,0.886641,6775929,28
0,1192919179,1.004871,6777125,11
0,2930051749,0.734873,6777924,5
0,1842976901,0.964709,6778647,4
0,134834657,1.123697,6780459,20
0,3601756043,0.976781,6786985,87
0,37807313,0.989693,6788449,15
0,3041404133,0.932277,6792950,58
0,4154500139,0.988706,6793953,8
0,1085922521,0.884988,6794954,8
0,1642772377,1.036916,6795957,8
0,3150178433,0.983258,6798142,25
0,1049518661,0.859233,6799550,14
0,3137595961,1.004871,6804745,68
0,1792518157,0.916963,6805963,11
0,1342546297,1.010202,6810448,58
0,4220387077,0.884436,6811885,14
0,793981049,0.942694,6815342,43
0,787957369,1.104854,6817104,19
0,1010006273,1.026980,6818668,16
0,141609887,1.091068,6819316,3
0,1103475119,1.134078,6820105,5
0,2712616589,0.900304,6821243,10
0,1642022929,1.019344,6823065,20
0,4038703063,0.855246,6827228,53
0,1399670849,0.958616,6827732,1
0,3292290497,0.990679,6831201,43
0,16360037,0.983258,6831832,3
0,433386973,1.115411,6833386,16
0,171694847,0.998534,6836615,40
0,1713879457,0.830333,6840608,51
0,2190130211,1.027930,6841391,5
0,1734652099,1.077106,6842733,13
0,177119401,0.919621,6843579,6
0,1506316013,0.992649,6848141,59
0,3970639177,0.952484,6850039,21
0,661716017,0.978779,6850684,3
0,4114456267,1.004871,6852045,13
0,3069063611,1.009235,6856597,59
0,2280943817,1.187911,6863576,90
0,283509827,0.969254,6865918,25
0,69883903,1.116723,6866521,2
0,1424305193,0.978280,6867104,2
0,3860435653,0.906250,6868254,10
0,1063005233,0.956577,6869891,17
0,2392304639,0.950945,6871950,23
0,3948255653,0.957597,6872957,8
0,4085136767,0.977281,6878922,79
0,2525364839,1.033615,6880337,14
0,3869880551,1.017906,6880858,1
0,810722089,1.037387,6881981,10
0,1930841629,0.982762,6882492,1
0,248087857,1.082532,6883335,6
0,2851267049,1.073018,6883924,2
0,376872359,1.039268,6885408,15
0,758642251,0.956577,6886272,6
0,2651282729,1.061581,6888376,24
0,1371553283,0.868840,6889365,8
0,1794222149,0.978779,6892728,42
0,1655131063,1.068914,6893390,3
0,308657533,1.061581,6895018,17
0,1762689437,1.094196,6896986,22
0,3238346581,0.956066,6899376,28
0,3691780459,0.978779,6900579,11
0,756274703,0.854103,6904158,45
0,3637941019,0.846639,6905163,8
0,1095062719,1.140518,6910904,76
0,1271033537,1.104854,6912186,12
0,2412519911,1.023646,6915769,45
0,2959351579,0.993632,6920908,67
0,726623371,1.005842,6922111,11
0,777199063,1.014543,6923812,18
0,3706381031,0.970764,6924468,2
0,2402883443,0.983258,6925902,14
0,759605069,1.015985,6926758,6
0,901415059,1.090621,6930058,41
0,3932007719,0.900304,6930714,3
0,2189966747,1.004871,6931228,1
0,4085690173,1.057894,6932658,14
0,1547062357,0.867152,6941490,120
0,274073237,0.852386,6941986,1
0,2429047961,0.977780,6944366,28
0,1420762991,1.033615,6949005,60
0,1393152877,1.010685,6949654,3
0,456566597,0.913227,6951701,23
0,294637463,0.993632,6952218,1
0,2890560451,0.919090,6954326,24
0,3332170399,1.000976,6956528,25
0,3168073789,1.068458,6957199,3
0,4005657547,1.010685,6959670,29
0,664615121,1.207884,6962070,28
0,986542621,1.015505,6963707,17
0,1130429171,1.082532,6964437,4
0,622568579,0.942176,6968398,45
0,3132881237,0.934370,6969797,13
0,376001221,1.121958,6970882,9
0,40594357,1.036916,6971660,5
0,1990657561,1.011651,6972513,6
0,862713611,1.068914,6975609,38
0,876893207,0.997556,6977996,28
0,3412160603,0.924916,6978993,8
0,4129014377,0.946313,6980269,12
0,1004981599,0.885539,6982191,21
0,3021390517,1.078012,6982846,3
0,2581811039,0.966732,6985110,26
0,3308563217,0.824432,6986387,12
0,961224419,1.014061,6988425,23
0,1434757069,0.862070,6990055,17
0,1568961001,0.980772,6996066,80
0,779368607,1.053732,6996646,2
0,1414429561,1.027930,6997862,11
0,120786503,0.970764,6998567,4
0,2144825129,0.975280,7000419,20
0,89384803,0.963190,7003862,43
0,3226502509,0.893772,7005129,12
0,4013700811,0.964709,7009259,53
0,3431723369,0.917495,7012577,41
0,4125784139,1.043488,7014139,16
0,2924313137,0.907327,7015005,6
0,3669919327,1.023646,7015877,6
0,1440459637,1.004871,7018416,30
0,933573503,0.991172,7019142,4
0,2502885157,0.956577,7021198,23
0,4110459649,0.958616,7027619,86
0,2229606947,0.942176,7032037,57
0,24323069,0.820275,7032812,5
0,3805396709,0.973276,7034245,14
0,811481537,1.029354,7034834,2
0,1554199607,0.967237,7035970,10
0,3046211269,1.019823,7038235,26
0,2501281873,1.036916,7038806,2
0,1917010789,1.136229,7043184,56
0,1283724083,0.958616,7045157,22
0,2818893839,1.154560,7046998,20
0,3802080721,1.000488,7048063,9
0,462846689,1.082532,7048777,4
0,2927086753,0.921743,7050747,22
0,28883441,0.881117,7051457,4
0,2817737201,1.070740,7052738,12
0,51245657,1.009718,7053654,7
0,4075537709,0.949404,7057163,44
0,1555651781,0.969254,7058026,6
0,3363414107,1.173020,7060696,32
0,2953451153,1.095534,7062600,21
0,1650849281,0.960143,7065762,39
0,4011526457,1.061581,7070107,49
0,4011105499,0.932277,7073591,43
0,239126497,1.044423,7075768,25
0,3788907833,1.038328,7078440,32
0,1603160171,1.134508,7079655,11
0,523310929,1.035974,7081265,17
0,2897657137,1.012616,7082472,11
0,425137117,1.104412,7085758,41
0,3956945099,1.100870,7087736,22
0,3088343623,0.988706,7088317,2
0,1334260241,0.931229,7091420,38
0,4264940447,0.958616,7093610,25
0,3670087723,0.931229,7094471,6
0,3042387149,0.965721,7095121,3
0,1796905477,1.094196,7099907,62
0,716927567,0.952997,7102443,30
0,1062483911,0.771185,7102965,1
0,2961259277,0.978779,7104516,16
0,1256950297,1.116723,7105099,2
0,2034712853,1.113658,7105675,2
0,2157433639,0.974780,7113561,107
0,4231878619,0.910014,7116598,37
0,2921324429,0.908940,7119450,34
0,3704751683,1.047691,7122538,38
0,3372174061,1.144365,7123471,7
0,2970225371,1.091963,7125159,18
0,439760053,1.119343,7126096,7
0,2176439359,1.207884,7129533,43
0,1727136343,0.981270,7130818,12
0,3577677839,1.082532,7132450,17
0,1716217561,1.057894,7133390,7
0,3663441773,0.946829,7137348,50
0,3812321501,1.043488,7139337,22
0,3915834319,1.027930,7140204,6
0,3616485371,1.002438,7142970,33
0,3166013959,1.136229,7143481,1
0,2717066969,0.921213,7145801,27
0,3811747039,0.813101,7147302,15
0,892951481,0.993632,7147889,2
0,1891843519,0.960652,7150359,28
0,3038717293,0.913227,7152844,29
0,3054474517,1.092410,7154359,15
0,3027022967,1.080274,7157737,42
0,1294656757,0.915897,7158956,11
0,2325055417,1.036916,7159536,2
0,512775091,1.052341,7161298,19
0,2003307881,0.983258,7163139,20
0,2244173047,0.885539,7164626,15
0,1520464909,0.958616,7166109,15
0,836962481,1.162987,7173611,96
0,623192359,0.936458,7174430,5
0,1731111643,1.052341,7176933,29
0,1887102479,0.980274,7177446,1
0,798920659,0.936458,7178108,3
0,1466860267,1.105296,7178919,5
0,605198509,0.997556,7180530,17
0,1355891149,0.946313,7181319,5
0,981129257,1.070284,7182312,8
0,2038927277,1.033615,7184989,32
0,4203958013,0.906250,7189408,57
0,3557269453,0.995105,7190755,13
0,968191591,1.000488,7191617,6
0,2018214767,0.958616,7194288,32
0,965981267,0.934370,7196131,20
0,3035538313,1.036916,7196858,4
0,2710604207,0.994614,7200088,40
0,2912684531,1.010685,7203733,46
0,2492435497,1.001464,7204593,6
0,3004842787,0.955044,7206780,25
0,405012863,1.044891,7208257,15
0,1478949601,1.095534,7208977,4
0,3613351177,1.014543,7210681,18
0,3565874363,1.001464,7215655,65
0,4089544639,0.986233,7216951,12
0,1147175747,1.057894,7220519,45
0,1713486433,1.042552,7222142,17
0,291323873,1.046292,7223272,10
0,1298112733,1.061581,7225593,27
0,4009402273,1.035974,7227654,23
0,2058439193,0.927551,7228440,5
0,1772817979,0.938021,7230924,29
0,2678766257,1.018386,7232627,18
0,567169663,1.059739,7233624,8
0,144645539,1.002438,7234622,8
0,1463488363,1.038328,7237651,37
0,320218853,0.992649,7239897,26
0,145585969,1.029829,7241160,12
0,1674627203,1.035503,7243970,34
0,1162002001,1.068458,7246308,27
0,136857377,1.023646,7248322,23
0,4214551513,1.042083,7252404,52
0,3806346007,0.940620,7253193,5
0,3471417457,0.966732,7253923,4
0,2823351397,0.958616,7254986,9
0,2190216839,1.010202,7257718,33
0,4026015727,1.199365,7259016,12
0,3011275231,1.069371,7259745,4
0,1007550371,0.968750,7261737,22
0,1229769571,0.987223,7262253,1
0,2040536243,0.901929,7263880,17
0,2858450897,1.043488,7265230,13
0,2366172811,1.116723,7267419,25
0,872602433,1.042083,7268276,6
0,328203737,0.978779,7270248,22
0,3836502779,1.084785,7271951,18
0,3089121281,1.046292,7275816,46
0,1051607,0.875000,7277645,10
0,4020836857,1.062040,7278623,6
0,1310652449,1.031250,7281283,32
0,1274090801,1.064337,7282134,6
0,1892040043,1.073018,7282716,2
0,441564631,0.976781,7283234,1
0,2923582583,1.048623,7284441,11
0,3390471043,0.983258,7286626,25
0,4131080353,1.008751,7287968,13
0,167004743,0.998534,7289024,9
0,1748637263,0.986233,7290168,10
0,834774233,0.967237,7291297,10
0,837448163,0.995105,7292093,5
0,3779428879,0.923330,7295248,39
0,756616111,1.012616,7299164,50
0,4218954281,1.079370,7302533,42
0,1082049853,1.001464,7303897,13
0,2953713437,0.914830,7305969,23
0,3040653971,1.112342,7306836,6
0,3413103919,0.942176,7307496,3
0,936939413,0.961668,7308008,1
0,3857420317,0.890488,7308589,2
0,3292534649,0.830921,7314384,77
0,488720171,1.054196,7315372,8
0,2833541131,1.109705,7318380,37
0,3046083713,1.151171,7322991,60
0,444629981,1.120651,7325998,37
0,179021567,0.963190,7327689,18
0,172327913,0.996086,7328392,4
0,3190921567,0.954533,7329048,3
0,1430512417,0.982762,7330317,12
0,4124735413,0.983258,7331255,7
0,490950961,0.875000,7331958,4
0,814721497,0.988706,7333297,13
0,424221089,1.056047,7334217,7
0,2629419251,1.054196,7335297,9
0,1659412723,1.014543,7336576,12
0,3995988517,0.921213,7337439,6
0,106322339,1.051413,7338430,8
0,3508625437,1.018386,7339279,6
0,2282347567,0.873324,7339863,2
0,489049661,0.904092,7340715,6
0,1362861427,1.127168,7342000,12
0,3701940721,1.044423,7343427,14
0,1329596561,0.899761,7343992,2
0,3163327117,0.875558,7345618,17
0,3297516883,0.847791,7349625,51
0,4129785097,1.044891,7350271,3
0,1637006249,0.963190,7353640,42
0,2714382823,0.993141,7355331,18
0,720990703,1.033615,7356681,13
0,1849296541,1.079370,7357398,4
0,1754128303,0.995105,7358542,10
0,2537496089,0.934370,7359831,12
0,3265191263,0.915364,7362297,29
0,1380565447,0.921213,7364764,29
0,400979311,0.975280,7365418,3
0,1292283749,0.941657,7366693,12
0,2662178399,0.999023,7367929,11
0,184629373,1.057894,7369818,21
0,1434210937,1.052341,7370831,8
0,497852603,1.024123,7373352,30
0,3032228369,1.098650,7375986,27
0,1104323267,0.988706,7379504,42
0,366125689,0.858664,7380597,9
0,1485974159,0.988706,7381531,7
0,2391918631,0.885539,7383646,24
0,3876352549,1.012133,7384927,12
0,1186434061,0.907327,7385434,1
0,530377501,0.997556,7387273,20
0,1623248801,1.099538,7388894,17
0,2238238909,1.037387,7393460,59
0,2721287183,1.019344,7394106,3
0,3350502457,1.092410,7395942,20
0,1106679659,1.133647,7397777,20
0,3195240443,0.969254,7399001,11
0,1002912089,1.177176,7401247,26
0,2426579627,1.079822,7403074,20
0,43816951,1.139233,7403576,1
0,1526948651,1.138804,7404989,14
0,2740326761,1.031250,7407946,36
0,1686643891,0.945797,7409350,14
0,2971794737,1.025076,7412231,35
0,2063078323,1.069828,7413028,5
0,227865401,1.006813,7415197,25
0,2940481459,1.078012,7416684,15
0,1874170681,0.882225,7418103,14
0,3729727139,1.128467,7423305,68
0,3894103319,1.125434,7426159,33
0,460788959,0.952997,7427247,9
0,2646405683,0.970764,7428395,10
0,2617965953,0.839689,7429527,10
0,3524905957,0.988212,7434242,61
0,1524325867,1.027930,7436014,19
0,718224239,1.112781,7436671,3
0,2604328871,1.073018,7440912,54
0,4050747263,0.972774,7441506,2
0,1938662993,1.067086,7442862,13
0,690992867,1.063419,7443513,3
0,456023719,0.966732,7446815,41
0,2154371039,1.036445,7453663,92
0,378799079,0.914830,7455346,18
0,4073889977,0.942694,7457035,18
0,15856739,1.031250,7460402,42
0,432187307,0.937500,7464061,46
0,796485223,1.035974,7466033,22
0,1715443369,0.898132,7467170,10
0,796135643,1.048157,7468374,11
0,1105512053,0.962175,7468889,1
0,1691436881,0.969254,7469810,7
0,1689011287,1.015505,7470543,4
0,282176953,1.036916,7474241,47
0,586946333,0.842012,7475874,17
0,179060293,0.940620,7476652,5
0,3861724547,0.970764,7479793,33
0,1649814599,1.099538,7483614,48
0,1533342919,0.855816,7485107,15
0,2417636213,1.046292,7486180,9
0,2013791803,1.009235,7486828,3
0,2398930811,1.063419,7487559,4
0,2968677653,1.050483,7491767,54
0,1584656789,0.859233,7493186,14
0,3491306993,1.054659,7494465,12
0,43555667,0.910014,7497188,33
0,1627041319,1.066170,7497916,4
0,336035851,1.047691,7501194,41
0,3816355663,0.877786,7506242,66
0,1516280309,0.994614,7509065,34
0,3263638979,1.040677,7510268,11
0,313124099,0.996576,7513635,42
0,1952186183,1.048157,7514156,1
0,1771558577,0.993141,7517248,38
0,604919039,0.957597,7526693,129
0,4166490277,1.042083,7528803,24
0,1214691409,1.056971,7529313,1
0,2099795107,0.996086,7530725,14
0,1838039989,0.910550,7531314,2
0,1330879439,0.877786,7540004,118
0,2184010981,0.957087,7541970,20
0,184479079,1.004871,7547567,74
0,4202929807,1.048623,7553030,72
0,338428807,1.047691,7554013,8
0,743758859,1.000488,7554950,7
0,3317603963,1.092410,7555680,4
0,4283259311,0.952997,7557327,17
0,2765122561,1.163407,7559151,20
0,4125453863,1.019344,7562596,43
0,1348212329,1.012133,7563655,9
0,2673111253,0.995105,7565145,15
0,2388108323,1.039738,7569141,51
0,4034594129,0.978779,7570840,18
0,1064718493,1.031250,7573651,34
0,2935707829,0.955044,7576327,32
0,828005323,0.946313,7577816,15
0,4055613157,0.880563,7579178,13
0,3901686379,0.958616,7581489,23
0,1536385427,0.957087,7582466,5
0,2496183397,0.977780,7583679,11
0,1266066239,1.029829,7589791,81
0,2837019667,0.846639,7591488,18
0,3380128013,0.882225,7593317,20
0,1467454327,1.067086,7597103,48
0,1571054879,1.000976,7600751,46
0,3614079103,0.840851,7602528,19
0,1573590077,0.988706,7603394,6
0,1809886927,1.001464,7604327,7
0,1561861603,1.039268,7606302,22
0,3244312619,0.985243,7611267,65
0,2275269433,1.116723,7613659,28
0,1568642351,1.044891,7614666,8
0,2331787123,0.893225,7615393,4
0,2814819131,1.027455,7616121,4
0,3043356317,0.935414,7617057,7
0,2964642319,1.036916,7617923,6
0,2218464769,1.009235,7621991,52
0,1330195907,1.125868,7622780,5
0,1424951083,1.025552,7623570,5
0,3584225609,1.067086,7624151,2
0,4004716889,0.988706,7627802,46
0,3987913547,0.980772,7628891,9
0,561156221,1.029354,7629533,3
0,1236484021,1.076198,7630541,8
0,1104977659,0.989199,7631544,8
0,2054300929,0.834439,7632394,6
0,3015078127,0.966732,7635351,36
0,513501899,0.955044,7637274,21
0,1171285943,0.944764,7641539,55
0,1737175711,0.995105,7642680,10
0,1486230043,1.001464,7644643,22
0,2916000023,0.975280,7647252,31
0,4196722273,0.956577,7649645,28
0,1499614871,0.970764,7650156,1
0,3368733523,0.928078,7650806,3
0,487647313,0.975280,7651516,4
0,3681781709,1.052341,7652040,1
0,2371860053,0.964709,7652843,5
0,2673071693,0.972272,7654128,12
0,3791955443,0.844329,7655609,15
0,1195471577,0.871645,7658563,36
0,121574171,0.915897,7661990,43
0,2787626603,1.069371,7663409,14
0,235227427,1.005842,7669189,77
0,2884159249,0.971267,7671100,21
0,26039371,0.927551,7671804,4
0,271325443,1.064795,7673215,14
0,3549541939,1.097316,7677448,54
0,4213799437,0.833854,7680555,38
0,3003229051,1.044423,7686453,73
0,3731255887,1.031723,7691818,70
0,1016951099,0.958616,7694496,32
0,2687032237,1.031250,7695704,11
0,3780233879,1.091516,7696639,7
0,890244959,1.012133,7698465,20
0,2416432661,0.962175,7699180,4
0,3088549381,1.083434,7699830,3
0,1049002111,1.021736,7700339,1
0,219219971,1.046292,7703354,37
0,2291187293,0.915897,7704281,7
0,52810969,1.078012,7705468,11
0,1758350689,1.032669,7706113,3
0,663626731,0.946313,7707179,9
0,2020630333,0.983258,7708388,11
0,1199889629,0.916963,7709178,5
0,2727433741,0.962175,7710099,7
0,1555147897,0.985243,7713391,41
0,861250933,1.066628,7714885,15
0,3943044887,1.012616,7717069,25
0,175298581,0.999023,7718958,21
0,3646663507,1.163407,7720398,14
0,2491148201,0.988706,7721680,12
0,1638870377,0.914830,7724560,35
0,1360389893,0.897588,7732506,107
0,1136852891,0.901929,7740737,111
0,159009821,0.981270,7742087,13
0,3886419167,1.000488,7745680,45
0,499916269,0.942176,7746676,8
0,543366773,0.992649,7748226,16
0,2908636903,1.079370,7748959,4
0,1466903551,1.014061,7751777,34
0,742558559,1.014061,7752352,2
0,2512289909,1.004385,7752940,2
0,862505989,0.982762,7753580,3
0,3789871871,0.962175,7757944,56
0,445853159,1.151171,7758591,3
0,2763283889,1.031250,7759449,6
0,3756888007,1.104854,7761038,16
0,3465387647,0.913227,7762046,8
0,3919466477,0.952484,7763260,11
0,1241535499,1.020780,7764729,15
0,3192895633,0.963190,7765248,1
0,2462835671,1.031250,7766114,6
0,3186959137,1.010202,7775289,125
0,93770251,0.827388,7776757,15
0,2664324437,1.053732,7778601,20
0,132242647,0.960652,7779315,4
0,4257103057,0.977281,7780041,4
0,869565733,1.128899,7787405,94
0,3086274901,0.840271,7788583,10
0,356957071,0.948889,7790771,25
0,1807180021,0.814900,7793523,33
0,3384369101,0.924387,7797061,44
0,2590392859,1.029354,7798817,19
0,323540611,0.935936,7803223,57
0,1936076413,0.941139,7803885,3
0,1005678829,1.097761,7805601,18
0,3006057221,1.095534,7807440,20
0,2145933593,0.816098,7810693,40
0,10794937,0.889391,7811181,1
0,870482099,1.010202,7812449,12
0,4012368379,1.073018,7813048,2
0,2932036139,1.012133,7815718,32
0,4102381889,0.935936,7816296,2
0,1691860823,0.894318,7817602,12
0,3259822543,1.110145,7818255,3
0,3845612741,1.113220,7819532,12
0,3299704003,0.977780,7820330,5
0,1594355771,0.931753,7821332,8
0,3658513367,0.986233,7823098,19
0,3431685347,0.784369,7827513,57
0,799127159,0.921213,7829633,24
0,375730711,0.944764,7830622,8
0,3469281317,0.904092,7832445,20
0,580529731,1.009718,7838813,85
0,1579244707,1.010202,7839538,4
0,3468654107,1.042083,7848574,123
0,3329467781,0.940620,7849642,9
0,643172681,0.998534,7851532,21
0,3086471629,0.938021,7854437,35
0,2668502651,0.949404,7855308,6
0,192418739,0.937500,7857685,28
0,559951103,1.031250,7861109,43
0,6162599,0.915897,7862491,14
0,258194873,1.050483,7863557,9
0,4079373461,0.952484,7864482,7
0,2720630879,1.052341,7865059,2
0,608413933,0.868840,7866606,16
0,2539026341,1.134078,7867894,12
0,4147661849,1.054659,7872088,54
0,472611827,0.954021,7873581,15
0,3414320131,0.944764,7874778,11
0,2813920429,1.000488,7875851,9
0,2787501907,0.925971,7876864,8
0,4291078577,0.963190,7879884,37
0,2782641397,1.066628,7882631,33
0,1474461071,1.031250,7884402,19
0,2699992349,0.919621,7885262,6
0,996808427,0.885539,7886330,9
0,1294286303,0.920682,7888644,23
0,3334561207,0.958616,7891265,29
0,1074215011,1.085235,7894140,35
0,2516915711,0.973276,7897303,39
0,616911007,0.873883,7899967,32
0,1630271057,0.807073,7900547,2
0,222258139,1.107503,7904753,54
0,3055812511,0.967237,7906527,19
0,789845831,1.000488,7912860,84
0,2371542319,1.078012,7913517,3
0,2313247639,1.068914,7916135,31
0,2941528243,0.950945,7916931,5
0,684185993,0.900304,7919042,24
0,2568290603,0.894318,7921015,22
0,2057024689,1.010685,7921528,1
0,2461315723,1.050483,7923162,17
0,1918660087,1.000488,7924293,9
0,2052540307,1.175100,7925444,10
0,3386797927,1.047691,7927639,25
0,2019391147,1.033615,7931932,55
0,2126356363,1.207884,7933792,20
0,3712005163,1.066628,7936406,31
0,1113986827,1.091516,7937890,15
0,1235080321,0.985243,7940157,26
0,1170213613,1.073928,7943038,35
0,2654953823,0.967237,7943627,2
0,3356561101,1.031250,7945530,21
0,2772654023,0.867152,7947164,17
0,2288898839,1.104854,7949206,23
0,3766340561,0.963190,7950283,9
0,2800090003,1.118907,7951706,14
0,3483602653,0.919621,7953203,15
0,2196484319,1.075745,7954344,10
0,804527611,0.854103,7956189,20
0,3579237209,0.944764,7956917,4
0,2368077251,1.048623,7957926,8
0,2261496701,1.104854,7959068,10
0,4129017223,0.921743,7962586,44
0,1629759823,1.073928,7967268,61
0,478053133,1.141374,7969173,21
0,1419571381,1.019823,7970242,9
0,4214599681,1.131060,7971945,18
0,939119507,1.123697,7972885,7
0,440072329,0.972774,7974155,12
0,3516073921,0.989199,7976610,29
0,2504767457,1.048157,7977607,8
0,1452808481,1.029829,7978107,1
0,3094178303,1.014061,7979889,19
0,1561329163,1.036916,7981031,10
0,754139929,1.155828,7983133,24
0,3750836651,0.973777,7984136,8
0,3945861937,0.936979,7985922,19
0,1130072539,0.913227,7986643,4
0,4269631543,1.020780,7987164,1
0,2683117573,0.692454,7989994,31
0,3786388993,1.019823,7991986,20
0,1093170181,0.982762,7993413,14
0,3942200611,1.057433,7998392,65
0,1293708617,0.977780,8000859,29
0,1163270239,0.919621,8002132,12
0,2302178867,0.977281,8002857,4
0,3450716201,1.194470,8003989,10
0,2565960041,0.908940,8005058,9
0,3906640421,1.073928,8005637,2
0,1510917931,1.001464,8006287,3
0,2847851639,0.915897,8009883,45
0,3469153993,1.014543,8011440,16
0,142683623,1.010202,8012230,5
0,46788229,0.950945,8013932,18
0,3914078681,1.104854,8017298,42
0,1448207983,0.901929,8018869,16
0,2060653097,0.858664,8022249,42
0,821631911,1.004871,8025121,35
0,2908791467,1.078012,8026811,18
0,4103137309,1.248045,8029695,35
0,3135987277,1.015985,8030863,10
0,3006078979,0.882225,8034221,42
0,817841071,0.986233,8036982,33
0,2451842047,1.029829,8037847,6
0,1430730563,1.001464,8038921,9
0,2546212957,0.980274,8039982,9
0,4207988339,0.972272,8040708,4
0,1301501587,0.975280,8041975,11
0,2232310939,1.026028,8042927,7
0,3697047847,0.900304,8044290,13
0,3421462111,1.073018,8046213,21
0,2447985541,0.958616,8046867,3
0,670404103,0.989199,8048072,11
0,1627842739,0.899761,8048788,4
0,3924018899,1.055121,8050427,17
0,4202856947,1.022214,8051216,5
0,1458785431,1.088828,8051732,1
0,970847837,1.000976,8054426,32
0,2014794307,1.142229,8056119,18
0,312353231,1.152867,8063364,97
0,3548164757,0.970764,8064092,4
0,3747668101,1.062040,8065587,15
0,3389401397,1.082532,8067764,25
0,88450633,0.870524,8069238,15
0,2933710397,0.958616,8070663,14
0,2938214233,1.031250,8071521,6
0,4194437399,0.946829,8072100,2
0,2701673297,0.992649,8072596,1
0,958584163,1.066628,8073242,3
0,320676427,0.994123,8074228,8
0,474902167,1.061581,8075507,12
0,3114879877,0.982762,8076093,2
0,2602428343,1.025552,8078494,28
0,1208266481,1.134078,8079690,11
0,716743121,1.042552,8081583,21
0,3217007897,1.097316,8083587,22
0,1755954227,0.946313,8084515,7
0,2499892063,0.963190,8085796,12
0,2483937587,1.106621,8088419,31
0,2071767143,1.062040,8088943,1
0,1449780467,1.012616,8090877,21
0,3637377883,0.944764,8091538,3
0,1370790523,1.042083,8092571,4
0,1753377709,1.122828,8095174,29
0,2775132733,0.887192,8096465,12
0,1376636297,0.903011,8098157,18
0,3308210333,1.004385,8099716,16
0,4114618201,1.048623,8100586,6
0,3780063583,0.969758,8102350,19
0,2108119583,0.944764,8105445,38
0,2227480543,1.031250,8106591,10
0,586182563,0.966732,8109410,34
0,3118557613,1.082983,8112356,36
0,1762466183,1.012133,8113140,5
0,2975508049,0.963190,8114204,9
0,2662444661,1.014543,8114867,3
0,2340551419,0.932277,8117676,34
0,1773575987,0.989199,8121910,54
0,399661403,0.980772,8122989,9
0,2184114893,0.970764,8123987,8
0,3247827701,1.104854,8124856,6
0,332564627,1.078012,8125634,5
0,3452304131,0.984747,8127470,20
0,614116387,1.052341,8132295,63
0,2282009633,1.008267,8133214,7
0,3141275749,0.998534,8134208,8
0,1588955833,1.114535,8135346,10
0,3416204063,0.927551,8135939,2
0,4290499471,1.017906,8137230,12
0,2128453163,1.056047,8137750,1
0,1313651879,1.021736,8139384,17
0,4213853599,0.834439,8141361,22
0,1389176171,1.093303,8142504,10
0,3879456293,0.885539,8144910,28
0,3373672931,1.104854,8149922,65
0,1292536649,0.921743,8150513,2
0,3768116179,1.128899,8153333,34
0,548820113,1.115411,8153840,1
0,1823867387,0.859233,8154561,4
0,453361681,0.978779,8156583,23
0,371866457,0.946313,8157862,12
0,1239858253,0.944764,8159493,17
0,3962660677,1.012616,8160002,1
0,1045332371,1.044891,8162806,34
0,2625039401,0.893772,8164789,22
0,2984613161,0.937500,8165992,11
0,2246843441,0.910550,8166566,2
0,4113842729,1.014061,8167418,6
0,494000329,1.018386,8169170,19
0,2320943,1.029829,8172311,39
0,3573001727,1.016946,8173393,9
0,2871649523,0.988706,8177013,45
0,2451533801,0.956577,8178312,12
0,981636787,1.023646,8180916,31
0,194035103,0.952484,8181422,1
0,3537298021,1.070284,8182630,11
0,929385623,1.037387,8186271,46
0,2501280293,1.177590,8187746,15
0,3997112759,1.133647,8193246,72
0,2062316029,0.950432,8196806,39
0,2345994517,1.070284,8197556,4
0,2607136853,0.980772,8198908,13
0,851359331,1.104412,8201806,35
0,986144933,1.040677,8202880,9
0,1897832561,0.908403,8203798,7
0,1128539851,1.008751,8205491,18
0,241706897,0.897588,8206542,9
0,3349451683,0.962175,8209491,36
0,2612803637,0.877229,8210004,1
0,1602232459,1.228725,8210577,2
0,2565528269,1.027930,8212837,26
0,1199641841,1.000976,8213830,8
0,1754181301,1.136229,8214906,9
0,4116498679,0.950945,8217808,35
0,3169240429,1.139233,8219104,12
0,487029737,0.901929,8220725,17
0,3239219327,0.852959,8222281,16
0,5580581,1.078012,8222760,1
0,4132464899,0.925971,8225432,32
0,2960213197,1.057894,8228388,36
0,3319217621,1.100870,8229809,14
0,422296321,1.009235,8231855,23
0,2282438113,0.872205,8232774,7
0,162369113,1.072563,8237443,61
0,2596876453,1.023646,8239075,17
0,11163329,1.057433,8240880,20
0,3164366189,0.826207,8242584,18
0,1919985547,1.048157,8245526,36
0,2750184181,1.004871,8246052,1
0,4258397999,1.122828,8247622,16
0,160380359,0.935414,8248543,7
0,77728841,0.895954,8249167,3
0,2352120811,0.925971,8250023,6
0,2620656859,0.855246,8250531,1
0,1281625747,0.928078,8253207,32
0,1340674331,1.020780,8254135,7
0,2652357781,0.993141,8254994,6
0,1922638147,0.868840,8256895,21
0,683386267,0.942694,8258317,14
0,2909589467,1.077106,8259063,4
0,2652379091,0.927551,8259793,4
0,3950984747,0.964709,8262282,29
0,1948524839,1.012133,8264312,23
0,1741920109,1.124132,8269940,74
0,2299912409,0.988706,8273721,48
0,2878107977,0.995105,8277715,51
0,368773211,1.003899,8279280,16
0,1077561143,0.949404,8280274,8
0,1545715103,0.966732,8282456,25
0,3248010299,0.929655,8283248,5
0,62614679,0.936458,8283819,2
0,2079175741,1.042083,8284840,8
0,723594463,0.950432,8291141,84
0,4123616333,1.097316,8291868,4
0,1367957299,1.061581,8292380,1
0,3923547179,0.984251,8293670,12
0,4049946643,0.902471,8295434,19
0,3508845047,1.072107,8296024,2
0,3094813273,1.013098,8298665,28
0,2027626169,1.204241,8299671,8
0,2569636763,0.955044,8301099,4
0,53670347,1.080274,8303618,28
0,163193633,1.035503,8305525,21
0,2499001133,0.982762,8307029,15
0,2511764159,1.074382,8307905,6
0,89216081,1.044891,8309784,21
0,3562248143,1.058356,8312177,28
0,3771159677,0.855816,8315270,38
0,3886139273,1.173020,8315926,3
0,581321189,0.950432,8316704,5
0,2348612159,1.073928,8318972,26
0,2002319831,0.967237,8319924,7
0,2439973157,1.020302,8321901,22
0,2937471643,0.944764,8323834,21
0,519380011,1.078012,8326438,31
0,1412661361,0.975280,8327432,8
0,1292670037,0.975280,8328922,15
0,4075391129,0.983258,8337406,115
0,84334963,0.898132,8339292,21
0,2705952979,1.097761,8342993,47
0,1082061943,1.000976,8349928,93
0,2758653041,1.148198,8351478,16
0,936076777,0.975280,8352483,8
0,2440280569,0.927551,8353972,15
0,894455209,1.068458,8354751,5
0,960251723,1.002438,8355468,4
0,14130563,0.965215,8358738,41
0,1649556773,0.985243,8360574,20
0,331818209,1.057894,8362184,17
0,3859878467,1.042552,8366678,58
0,2221087157,1.080726,8367323,3
0,2524492459,1.040677,8369579,26
0,4071778241,0.839689,8370929,13
0,4198141069,0.830921,8371510,2
0,2675666597,1.004871,8373086,16
0,3690653123,0.901929,8374940,20
0,1912408781,1.002438,8380301,70
0,3941792339,1.015505,8383462,39
0,422588461,1.012133,8390251,91
0,344915789,0.989199,8391108,6
0,270642377,0.895409,8391968,6
0,3753833389,1.015505,8393816,20
0,1208612761,0.983258,8395025,11
0,1077943201,0.963190,8397398,28
0,2566542799,1.156250,8398122,4
0,2495105677,1.026980,8401830,40
0,3986201521,1.103970,8402725,6
0,3029498231,0.974780,8405262,30
0,2618262343,1.029829,8406744,15
0,3408384613,1.027930,8409495,33
0,2290431343,0.915897,8410698,11
0,3803267723,1.128899,8412902,25
0,1951120349,0.956066,8413977,9
0,4267521007,1.036916,8415543,16
0,3259077727,0.996086,8416050,1
0,1644661229,0.761629,8420126,52
0,2495229053,0.880563,8421401,12
0,2122581763,1.095534,8425859,56
0,775195583,0.970261,8427304,14
0,603613709,0.992649,8428936,17
0,780348193,1.072107,8430146,11
0,2215914353,1.050483,8432112,22
0,851124143,1.103085,8433254,10
0,85387327,0.921213,8433754,1
0,1649108509,0.967237,8434820,9
0,1371870557,1.095534,8436734,21
0,865397051,0.972272,8437599,6
0,29208043,1.082983,8440676,38
0,3227955587,0.956066,8442026,13
0,2955737803,1.075745,8445917,49
0,2156530127,0.916963,8452059,82
0,3762236011,0.882225,8456466,57
0,535866239,1.153713,8462639,82
0,4220505803,1.080726,8463870,11
0,3567700333,1.115411,8465500,17
0,3118967083,0.938021,8466295,5
0,526256807,1.035503,8478792,173
0,3795273479,0.988706,8484905,81
0,773125117,0.908940,8487460,30
0,745194673,0.913227,8487963,1
0,23795351,0.995105,8491172,40
0,3649230491,0.958616,8492657,15
0,1453873957,0.936979,8493513,6
0,210965609,1.031250,8495069,16
0,1794994207,0.882778,8496783,18
0,134730641,0.903552,8497486,4
0,2610402643,1.193243,8501907,53
0,3871918987,1.115411,8503879,20
0,2933268929,1.031250,8505952,23
0,1789161271,0.895409,8506959,8
0,4237609751,1.024123,8509354,28
0,772530221,1.097761,8510344,8
0,2199552437,1.023646,8516963,89
0,2102009017,0.946313,8518098,10
0,4107121297,0.914830,8520223,24
0,4146061669,0.993632,8523269,37
0,3908715737,1.005357,8524844,16
0,1501192657,1.112781,8526465,17
0,3803114137,0.993141,8529767,41
0,3702005737,0.977780,8531390,17
0,43414453,1.067086,8531894,1
0,1590269729,1.029354,8533374,15
0,529635721,1.068000,8534155,5
0,864603581,0.983258,8537670,44
0,3510498751,1.020302,8538895,11
0,1271772863,0.992649,8541996,36
0,1295510759,0.989693,8544420,28
0,4100049169,1.008751,8545345,7
0,2379341089,1.097316,8547458,24
0,1389813287,0.903552,8549311,20
0,2845216133,0.913227,8550306,8
0,798812821,0.999023,8552510,25
0,467342441,0.886641,8553092,2
0,1390273789,1.144365,8555352,26
0,2938368047,0.908940,8558029,32
0,615297883,0.925443,8560275,26
0,1633966093,1.004871,8565016,62
0,3320535689,0.945797,8566158,10
0,1519527221,1.012133,8567453,12
0,694430147,1.088828,8568172,4
0,1126123213,0.957597,8569470,12
0,3536570473,0.980772,8573735,55
0,3968122531,0.975280,8574539,5
0,1037926151,0.950945,8575274,4
0,2352693647,0.978779,8576059,5
0,2645960419,1.086584,8577628,16
0,313875047,1.000488,8580574,36
0,2733129907,0.952997,8581287,4
0,2202168523,0.938021,8582558,12
0,2284984619,1.012616,8583963,14
0,2110038053,1.131060,8584538,2
0,3515425873,0.964709,8585533,8
0,3666486337,0.994614,8591409,78
0,2831530511,1.061120,8591990,2
0,1299973541,0.936979,8594519,30
0,1659553099,1.147773,8597834,41
0,707972989,0.973276,8598695,6
0,2275543477,1.000976,8599277,2
0,303155213,1.095534,8599770,1
0,453573667,0.981270,8600342,2
0,666630329,1.079370,8601413,9
0,452355479,0.986233,8605237,44
0,3870318877,0.983258,8610345,65
0,2080204327,1.097761,8611243,6
0,2698388237,0.994614,8621697,144
0,814313999,1.046758,8622839,10
0,2098324873,1.116723,8623564,4
0,3820699711,1.091516,8624217,3
0,3481784771,1.032669,8628280,52
0,3327748243,0.868840,8629282,8
0,2236986487,0.931229,8635290,80
0,2638405477,1.121522,8638097,34
0,2723149843,0.839689,8639790,18
0,1016112827,1.147773,8646418,89
0,242427307,0.999023,8649017,31
0,4182158047,1.000488,8649960,7
0,1565563547,0.930180,8651104,10
0,3681345403,1.067086,8652046,7
0,2079022303,0.962175,8652856,5
0,2054799601,1.034559,8654338,15
0,475655009,0.975280,8659781,72
0,1917096449,0.992649,8661042,12
0,3377367107,0.924387,8664422,42
0,2312275477,0.969254,8664933,1
0,632066581,1.064795,8666634,18
0,3208819247,1.012133,8667149,1
0,1031840699,0.850666,8668351,11
0,3444196807,1.067086,8669417,9
0,3437978041,1.036916,8671742,27
0,3940177069,0.978779,8672609,6
0,168982453,0.872205,8673181,2
0,1238922343,1.066170,8674233,8
0,3790182707,1.016466,8676095,20
0,3797253443,0.901929,8679195,38
0,780760219,1.062040,8681369,25
0,3504747403,1.018386,8681954,2
0,3885122887,0.964709,8682535,2
0,3345095177,0.860369,8683665,10
0,3895225039,0.993632,8686817,39
0,3865850159,1.066628,8687337,1
0,707374567,0.968750,8688970,17
0,255749959,1.023646,8689966,8
0,332533627,1.051877,8691178,11
0,1391632283,1.022214,8692805,17
0,2335517881,1.069828,8694022,11
0,3024341377,1.005357,8695857,20
0,3908267851,0.936979,8696376,1
0,2507072047,0.983258,8697031,3
0,2075341603,0.902471,8697615,2
0,3413332459,1.036916,8698340,4
0,1561596691,0.907327,8699054,4
0,3296577313,0.963190,8700605,16
0,49655161,0.904092,8702718,24
0,599206981,1.080274,8703439,4
0,94262177,0.928078,8705257,20
0,3651274223,0.884436,8707627,24
0,2066667439,0.983258,8708691,7
0,3220941809,1.128467,8710008,12
0,1740953939,1.114973,8716735,90
0,1814138509,1.000976,8717456,4
0,2503445639,0.970764,8718667,11
0,1479481447,1.014061,8723438,62
0,3501993259,1.173020,8728836,71
0,2205919921,0.825615,8731893,37
0,391765223,0.930180,8732684,5
0,1599266731,0.999023,8734664,22
0,399548711,1.009235,8735444,5
0,1185330983,0.877786,8736173,4
0,3216637843,1.061120,8738784,31
0,3563440537,0.908940,8739433,3
0,633413987,0.882778,8740009,2
0,1397193439,1.056047,8741432,14
0,2267297861,0.967237,8746615,68
0,4120083833,0.983258,8752239,74
0,2267223481,1.126301,8756158,50
0,302885501,1.111903,8757933,19
0,3488882077,1.225542,8760116,25
0,2989005853,1.110145,8764891,62
0,407521423,1.046758,8766368,15
0,2916902939,1.079370,8768845,29
0,2905651069,0.927551,8770542,18
0,1880283677,0.946313,8772030,15
0,2028963631,0.977281,8772687,3
0,267529711,0.975280,8774814,24
0,675945167,1.036916,8775812,8
0,675174301,1.009235,8777583,19
0,3050244293,0.999023,8778810,11
0,2938557229,0.862636,8781355,30
0,94979077,0.927551,8783113,19
0,45321091,1.061581,8784648,16
0,2471940103,0.981270,8789262,60
0,960277229,1.053732,8789921,3
0,808438187,1.031723,8795391,72
0,1198529537,0.875558,8796523,10
0,2547562027,0.988706,8798303,19
0,3558029803,1.080274,8800137,20
0,3325486867,0.924916,8801761,17
0,980840563,0.923859,8803747,22
0,1934988457,0.985738,8806913,39
0,3712216499,1.061581,8808058,10
0,3557626273,0.963190,8811041,31
0,431715181,0.978779,8812774,18
0,304596863,0.996086,8813355,2
0,2657227247,0.936979,8814290,7
0,2774107759,0.973276,8816957,32
0,2064205037,0.942176,8817955,8
0,1178684873,0.977281,8819780,20
0,3081520921,1.054659,8823087,41
0,2115073,1.047691,8825513,29
0,3017375293,1.061120,8828196,32
0,1259092631,0.966732,8829746,16
0,1113762673,1.079370,8831305,16
0,2011719917,1.004871,8832794,15
0,2997557029,0.963190,8833519,4
0,3145430947,0.914830,8835228,18
0,632839979,1.095088,8835884,3
0,3324919439,1.111903,8839748,49
0,2048574427,1.048623,8841383,17
0,36238703,1.109705,8845465,52
0,381783469,1.077559,8847712,26
0,4078231061,0.930180,8848648,7
0,251953747,1.022214,8854119,72
0,280813657,1.158360,8856780,32
0,3972472451,0.965721,8860792,51
0,1654058221,1.129332,8863815,37
0,1737876689,0.835609,8869513,75
0,803533597,0.920682,8874150,60
0,3439676531,1.057433,8876185,23
0,1011486493,1.054196,8878443,26
0,2983598237,1.056047,8879585,10
0,3358331437,1.054659,8880296,4
0,3757996867,1.044891,8886119,77
0,33777131,0.935936,8892641,87
0,1962800101,1.071652,8895469,34
0,3958003457,0.931229,8896118,3
0,3111608693,0.983258,8898312,25
0,3134516897,1.010202,8899728,14
0,2751548861,0.894318,8900241,1
0,4210630909,1.173436,8902432,25
0,240686087,1.043488,8904941,30
0,2701603523,1.044891,8906418,15
0,3899558281,0.956066,8907425,8
0,3446823311,0.877786,8908642,11
0,3005762051,0.969254,8910484,20
0,3961092763,0.850666,8913947,38
0,959723213,0.946313,8917701,47
0,3769529747,1.102642,8918923,11
0,1483285723,1.016466,8919789,6
0,3777497887,1.005357,8921482,18
0,4049921039,1.080274,8922757,12
0,1688861201,1.100870,8927342,59
0,2490817391,0.855816,8929474,24
0,1061114051,0.966732,8930126,3
0,3458292023,1.051877,8930852,4
0,3257172361,0.873324,8932527,18
0,2248183033,0.997066,8934015,15
0,3705550363,1.064795,8937264,40
0,137238037,1.000488,8937844,2
0,3088821031,1.091516,8938705,6
0,440005243,1.029354,8941453,33
0,7644541,0.985243,8944314,35
0,3964650983,1.009235,8945465,10
0,445757707,1.036916,8947085,17
0,1051534073,0.923859,8947664,2
0,3142290103,0.988706,8949101,14
0,2942467991,0.999023,8949838,4
0,2965717291,1.048623,8951184,13
0,1333827997,1.051877,8952816,17
0,3256714859,0.936979,8955079,26
0,3555852857,1.008267,8957949,35
0,3599567927,0.998534,8960290,27
0,3480240059,1.082532,8961644,13
0,3541536001,1.166760,8964668,37
0,3191383211,1.111464,8966165,15
0,2720197979,0.853531,8968847,32
0,338862913,0.944764,8969832,8
0,957674111,1.014543,8974047,54
0,3582390821,1.043020,8974973,7
0,673290809,1.039268,8976236,12
0,2983528777,1.040677,8977649,14
0,3588413243,1.122393,8978169,1
0,840831037,0.977780,8980552,28
0,3185363437,0.950945,8981627,9
0,1288111427,1.187911,8982617,8
0,1981678081,1.124132,8986828,54
0,1471596127,0.974780,8989088,26
0,3442558319,1.111903,8991282,25
0,2881189481,0.954533,8994380,38
0,667456913,1.018386,8995092,4
0,593628947,1.043488,8995595,1
0,554468743,0.862070,8996792,11
0,2532823583,0.997556,8999818,37
0,700964071,0.885539,9002856,37
0,3525622553,0.863202,9004060,11
0,121276087,0.919621,9008765,61
0,1570440133,1.104854,9010601,20
0,2069588011,1.080274,9011742,10
0,2543608043,1.023646,9012538,5
0,2698010683,0.929655,9014105,12
0,3883826057,0.927551,9015964,18
0,2366403239,1.033615,9017550,16
0,2530703051,1.121522,9023931,85
0,4281852689,1.039268,9025359,14
0,170454979,1.037387,9025869,1
0,3291896897,0.957597,9029519,46
0,2523885019,1.105296,9030957,14
0,151732661,1.097316,9031591,3
0,1299961111,0.898132,9032316,4
0,791617199,0.893225,9035481,39
0,1204602131,0.977780,9036841,13
0,654129023,0.867715,9037780,7
0,252347969,1.042083,9038340,2
0,2688614161,1.016946,9040933,31
0,388361669,0.889391,9044785,49
0,394426247,0.946313,9048103,41
0,2749592407,1.039268,9049738,17
0,341376083,1.116723,9051714,22
0,177308239,0.897044,9052918,11
0,4244203829,0.940620,9053783,6
0,1036663321,1.073928,9054358,2
0,2853539977,1.031250,9057709,42
0,1265875307,0.970764,9058649,7
0,1089825053,0.950945,9059367,4
0,2259698587,1.015505,9060020,3
0,1815989531,0.942694,9061514,15
0,2222977013,0.962175,9066226,61
0,1917632719,1.064795,9068910,32
0,3016516879,1.032669,9071581,32
0,2840397773,1.024123,9075300,47
0,94611421,0.870524,9077770,29
0,329017841,0.936979,9081278,44
0,2329328629,0.889391,9081797,1
0,884608597,0.969254,9084186,28
0,2819276797,0.927551,9088042,49
0,595962901,1.073928,9088684,3
0,4041743861,1.004871,9090663,22
0,3601939993,1.027930,9095558,64
0,1603997477,1.112342,9099140,45
0,1578916139,0.882778,9103779,60
0,539598289,0.927551,9106307,30
0,874221767,0.975280,9106889,2
0,2494706689,1.020302,9108568,18
0,3272537977,1.154560,9112706,53
0,3428194247,0.958616,9113866,10
0,2831599219,1.070740,9117185,37
0,3374687077,0.995105,9119329,22
0,3501821641,1.093750,9122370,37
0,1155342757,0.999023,9123019,3
0,3665187983,0.932277,9124096,9
0,107310739,0.914830,9124953,6
0,2012747017,1.012133,9129240,55
0,669585011,0.914830,9131424,25
0,2931064993,0.944764,9132837,14
0,3234775571,1.093303,9134453,17
0,1604460383,0.962175,9137841,42
0,3833098937,1.163407,9141628,48
0,4257653903,0.833854,9143048,14
0,1612387453,1.026028,9146345,41
0,2594545007,0.884436,9147851,15
0,1123681463,0.994614,9149500,17
0,2760360857,1.032197,9154515,65
0,2394549529,1.062959,9157064,30
0,1407647929,0.990679,9158332,12
0,3128776039,1.097316,9160946,31
0,151977677,0.908940,9162431,15
0,1267039469,1.004871,9163371,7
0,440186951,1.051877,9165441,23
0,3450210353,1.059739,9166576,10
0,1360590509,1.012616,9167226,3
0,3600529741,0.949404,9171027,48
0,2615076137,1.095534,9171897,6
0,2543271487,1.050483,9173738,20
0,3220632127,1.005842,9176383,30
0,524063329,0.938021,9176896,1
0,198952129,1.104412,9178794,21
0,2066579113,1.017426,9179526,4
0,3187453343,1.140090,9180127,2
0,3666596471,1.070740,9182449,27
0,458728783,0.977281,9183661,11
0,2086993001,0.989693,9186287,31
0,3497436329,1.010685,9187488,11
0,2297650441,1.079370,9188634,10
0,1591737857,0.903552,9191667,37
0,3131814937,1.068914,9192597,7
0,1432369031,1.136229,9195752,39
0,2440720063,0.969758,9198723,36
0,860162503,1.027930,9204746,80
0,3502993477,0.981270,9208034,41
0,1768335259,0.977281,9208549,1
0,511937021,0.956066,9211154,31
0,3767789603,0.945280,9212576,14
0,1877816093,1.039268,9215108,30
0,1293713327,1.046292,9225674,140
0,2390249431,1.097316,9229695,51
0,2360632873,0.952997,9232502,34
0,3924386033,0.960143,9234423,21
0,2954574937,0.891036,9235417,8
0,322371229,1.111903,9236068,3
0,1955755877,1.042083,9237622,16
0,2600476223,1.078012,9240784,39
0,1010771479,0.956066,9241712,7
0,2374082353,0.948374,9245439,47
0,2180708143,1.031250,9246800,13
0,2000151103,0.950432,9247812,8
0,2604867913,0.942176,9249854,23
0,3936804349,1.008751,9251143,12
0,3768856691,1.037387,9252698,16
0,3258654551,0.927551,9254683,22
0,1645816031,0.966732,9255468,5
0,978893341,1.097316,9256534,9
0,941455129,1.040677,9258645,24
0,2549274913,0.886641,9260770,24
0,1890227167,0.840851,9263514,33
0,4172843153,0.868840,9271545,109
0,1462646261,0.950945,9272970,14
0,3411744041,0.956066,9274737,19
0,2632848289,1.004871,9277716,36
0,3859178273,1.071652,9282856,67
0,536929013,1.014543,9286226,42
0,1586097631,1.104854,9289811,45
0,2849712659,0.925443,9290676,6
0,2976424387,0.931753,9291184,1
0,2634786409,1.043488,9295205,51
0,3691704337,0.975280,9297176,22
0,1893917747,1.097761,9297831,3
0,307518317,0.942694,9298967,10
0,1412984873,0.993141,9300442,15
0,545341847,1.146922,9300945,1
0,742806829,0.998534,9302560,17
0,1185390347,1.026028,9303698,10
0,422670467,1.032669,9304342,3
0,131082583,0.952997,9308331,51
0,2792690543,1.024123,9310393,23
0,3829613741,1.104412,9311315,7
0,2296428689,1.057433,9312593,12
0,1327151093,0.938021,9313883,12
0,2744989921,1.000976,9314668,5
0,676571339,0.935936,9315313,3
0,3127834847,0.952997,9317592,26
0,4001193697,1.026028,9319082,15
0,825338807,0.903552,9319593,1
0,442025371,1.191605,9321600,19
0,13889269,1.068458,9323006,14
0,2179844741,1.031250,9325548,20
0,268811579,1.066628,9326318,3
0,2166271253,0.993632,9327247,7
0,2826478777,1.014061,9328112,6
0,3171235957,1.036916,9330228,24
0,1712797601,0.921213,9331784,16
0,2494759777,0.956066,9333327,16
0,3129051283,0.881117,9335438,24
0,2929641223,0.967237,9336871,14
0,1500704567,1.116723,9339421,30
0,3848559707,0.791187,9340351,7
0,1553291671,0.818488,9341226,6
0,2420272181,1.032669,9341798,2
0,585892991,1.175100,9342519,4
0,2356166539,1.095534,9344564,23
0,3535613201,0.970261,9346815,26
0,4005488273,1.002438,9347971,10
0,3701135171,1.166341,9348911,7
0,108329863,1.071652,9349630,4
0,528205169,0.935936,9351897,26
0,1756871503,1.029354,9354306,28
0,1675886819,0.975280,9355157,6
0,3327058333,1.042083,9356308,10
0,2036217713,0.964709,9358073,19
0,816170321,0.885539,9359828,19
0,1121034731,1.079370,9360337,1
0,200316257,0.915364,9360841,1
0,208013257,1.025552,9361546,4
0,3494726083,1.077106,9362956,14
0,2947142579,0.956066,9364519,16
0,1822534781,1.148198,9366160,17
0,3307810607,1.027930,9366741,2
0,464344597,0.966732,9368580,20
0,2369148521,0.956577,9369993,14
0,1961709523,1.001464,9371839,20
0,2723458897,1.029829,9376322,58
0,556131241,0.915897,9376964,3
0,302505811,0.889391,9378536,16
0,1452666703,1.090621,9381631,38
0,3126637643,0.935936,9384955,41
0,4003545913,0.906250,9386305,13
0,3441143357,0.963190,9389928,45
0,1034589823,0.884988,9394072,53
0,3766863427,1.104854,9395487,14
0,3526784753,0.868840,9396345,6
0,520805533,1.014543,9397618,12
0,2053784107,0.993141,9399804,25
0,2466225323,0.877229,9400608,5
0,1758208321,1.176761,9403121,30
0,1552781941,1.042083,9404326,11
0,2997422003,1.079370,9406191,20
