agent_id,prime,g,timestamp_us,checked_since
1,26213917,0.989693,0,8
1,2671370381,0.972272,1974,18
1,2948212723,0.946313,6006,51
1,1942732801,0.919090,6655,3
1,2057004161,0.946313,9344,32
1,2001832979,0.950945,11454,24
1,3021974479,1.064795,16298,63
1,1693123447,1.085235,17868,16
1,3426372347,0.983258,18739,6
1,2011384883,0.936979,21288,30
1,4145544383,1.070740,23213,21
1,3208456201,0.955044,23938,4
1,1781764591,0.946313,25015,9
1,804477269,0.935414,25743,4
1,1444561571,0.994614,27368,17
1,1933788331,0.924916,30879,44
1,2691412723,0.915364,32373,15
1,895895311,0.934370,33160,5
1,4199190277,1.032197,33850,1
1,4051251587,0.988706,37562,45
1,4114633543,1.031723,39846,26
1,2257868867,0.873324,40835,8
1,1990785733,0.982762,46592,76
1,42312757,0.970764,48278,18
1,2292371687,0.974279,49203,7
1,3021887117,0.944247,49789,2
1,2130093509,0.897044,52204,28
1,3318102929,0.988706,52791,2
1,3158055469,1.040677,53516,4
1,71194183,0.980772,55826,27
1,2173700701,0.969758,56603,5
1,1423553389,1.027930,58871,26
1,1795487899,0.956066,59799,7
1,3354480719,0.988706,60590,5
1,753175991,0.919621,63494,35
1,248184317,1.000488,64362,6
1,565173541,1.012133,66539,25
1,3411737657,1.025076,68309,19
1,440944313,1.009718,70559,26
1,3415031377,0.913227,73084,30
1,1681664353,0.978779,76026,36
1,2628576061,0.979277,76757,4
1,3721975519,1.020302,81245,58
1,326005129,0.991172,82930,18
1,2251251257,0.921743,84084,10
1,3247238311,0.972272,84596,1
1,779667769,0.827978,90890,84
1,1381164437,0.863202,91886,8
1,1027556791,0.949404,93167,12
1,4086717407,0.910550,97243,52
1,333196393,1.055121,97813,2
1,2663491553,0.961668,100073,26
1,3577605431,1.003899,100732,3
1,1036509673,0.964709,103756,37
1,851012959,0.966732,108732,65
1,3281645639,0.972272,110704,22
1,1634388461,0.970764,111921,11
1,206886959,0.950945,115002,38
1,2425776323,0.944764,119580,59
1,1449103979,0.920682,124288,61
1,2931026771,0.977281,125580,12
1,2757979691,1.092410,126092,1
1,3213946319,0.944764,127169,9
1,1205220283,1.024600,130632,43
1,243705817,0.921743,132950,27
1,1901540477,0.963190,134165,11
1,280409023,0.840271,135385,11
1,1887832501,1.046292,136692,9
1,1048895063,0.979277,137927,9
1,1065469789,1.012133,139378,14
1,4292917957,0.938541,142773,42
1,3553237627,0.977780,146177,42
1,1794403309,1.000488,157992,163
1,4101734699,0.941139,160272,25
1,4173824489,0.995105,161694,14
1,931063039,1.020302,164313,31
1,1065192287,1.031250,167010,32
1,1221411911,0.935936,169620,31
1,4233652351,0.997066,171596,22
1,1040795897,0.985243,172240,3
1,2842261883,1.014061,173525,12
1,636778973,0.989199,174953,14
1,873500207,1.022214,180357,71
1,915199039,1.064795,181146,5
1,1669449289,0.963190,181718,2
1,3904002929,0.986233,183353,17
1,1949759941,0.972774,185608,26
1,3397476647,1.064795,190250,60
1,1366850521,1.016466,192850,31
1,3558250849,0.968750,193363,1
1,3821579539,1.022214,194567,11
1,766208629,1.099538,197171,31
1,4212066673,1.036445,199075,21
1,2590177861,0.970261,201810,33
1,3717555169,1.004871,203306,15
1,2841517373,0.961160,204311,8
1,568653727,0.999023,205113,5
1,3729206609,0.964709,208436,41
1,9365219,0.968750,209203,5
1,2285988281,1.027930,211035,20
1,1701750199,0.956577,213986,36
1,422685317,0.986233,217920,50
1,1428767887,0.855246,223806,78
1,1004853329,0.919621,226621,34
1,969092263,0.936979,227479,6
1,4291226371,0.979277,228067,2
1,2559786809,1.002438,228786,4
1,2352544651,0.966732,229301,1
1,2581147441,0.997556,230944,17
1,4272771491,0.924387,231607,3
1,4073155949,0.946313,232409,5
1,1992658361,1.004871,234660,26
1,2480186977,0.987223,235517,6
1,3367599133,1.003899,236314,5
1,1406933701,0.996086,238989,28
1,3163900067,0.887192,240067,7
1,2205787457,0.936979,241007,7
1,2535528979,0.952997,241867,6
1,321267767,0.978779,244045,25
1,3798932099,0.935414,245466,14
1,830408179,1.016466,246117,3
1,2265552829,1.014543,253216,95
1,1449009259,0.946313,254635,14
1,1138917697,1.002438,255828,11
1,3176926433,1.014061,256542,4
1,2831271061,0.978779,258652,24
1,2263284767,0.963190,260150,15
1,252394487,0.913227,261077,7
1,1889936117,1.005357,262071,8
1,2911287299,1.021736,265933,49
1,2427844619,0.982762,266798,6
1,2317065493,1.068914,268357,16
1,74623853,1.031250,268857,1
1,1007558917,1.029354,270343,15
1,3257918479,0.963190,274085,47
1,427468367,0.991172,276610,30
1,2206882043,0.919621,277337,4
1,3438649163,0.973777,279037,18
1,4287716347,0.967237,280464,14
1,2238151217,0.975280,282298,20
1,2513335043,1.005357,284493,25
1,1363496063,0.907327,285003,1
1,1097544919,0.936979,288937,50
1,1472837489,0.979277,291551,31
1,319051483,1.012133,293736,25
1,4157341847,0.785613,296895,39
1,277526101,0.941657,297603,4
1,2661243671,1.002925,299304,18
1,1758510487,1.003899,301008,18
1,2749758703,1.010685,302789,19
1,3068794229,1.044423,305686,35
1,2190329849,0.963190,306415,4
1,646978279,1.029354,308808,28
1,70540697,0.969254,310221,14
1,2193711053,0.942694,312344,24
1,3942245543,0.930180,313631,12
1,1714333939,1.020302,315882,26
1,1026035069,1.148198,316809,7
1,1894398661,0.983258,318708,21
1,3323179103,1.014543,319433,4
1,3790952863,0.966732,320926,15
1,68104871,0.989199,323389,29
1,2239382479,1.004871,326005,31
1,1119325117,1.039268,329029,37
1,1852534129,0.950945,333393,56
1,1002244739,0.873324,334180,5
1,3972998389,0.994614,335460,12
1,552008137,0.964709,337725,26
1,454801933,0.998534,344557,86
1,910445813,1.014543,346702,24
1,1741202899,0.983258,347856,10
1,3035644889,1.022214,349066,11
1,1747290431,1.057894,351245,25
1,836054503,0.921743,355102,49
1,1415855549,0.919090,355964,6
1,3363761543,0.958616,356689,4
1,519339643,0.980772,357276,2
1,3283147027,0.986233,359663,28
1,1682332367,0.988706,361019,13
1,703110601,0.928078,362954,21
1,832644641,0.978779,363520,2
1,3795029957,1.016466,364520,8
1,2281331251,0.970261,373409,121
1,3271395287,1.019823,376717,41
1,2024745211,0.895409,377650,7
1,1052329961,1.047225,380403,33
1,4082687969,1.031723,381616,11
1,155190097,0.924387,384546,36
1,4236259723,0.970764,386727,25
1,431644159,1.053732,388151,14
1,189120343,1.000488,389430,12
1,914474279,0.977281,390566,10
1,841694923,1.057894,391980,14
1,1913771579,0.863202,393534,16
1,1880819789,0.877786,395010,15
1,409799293,0.999023,395867,6
1,3126270353,0.963190,396806,7
1,4071036721,1.032197,397873,9
1,515679971,1.004871,400646,33
1,2498772041,0.953509,401777,10
1,3171428707,1.026980,402848,9
1,905269,0.938021,403259,1
1,1026835811,0.897588,403833,2
1,1999653473,0.983258,406980,39
1,3402482653,0.986233,408192,11
1,548152861,0.989199,408907,4
1,1500947821,0.936979,410135,11
1,1343180143,1.024600,411760,17
1,704184617,0.941657,413164,14
1,1660780463,0.978779,415783,31
1,3544444159,1.023646,416513,4
1,1418160829,0.924387,418293,19
1,1258408447,0.961668,419516,11
1,591960823,0.983258,423653,53
1,629437231,0.912693,424724,9
1,3229078499,0.979277,428399,46
1,3451639487,1.012616,430254,20
1,3997526279,0.975280,431398,10
1,160775281,1.019823,433920,30
1,2565609521,0.936979,434700,5
1,634236791,0.963190,436964,26
1,3505285027,1.024600,440919,50
1,1843500683,1.043488,442350,14
1,3240964667,1.067086,444451,20
1,182997169,1.026980,447656,29
1,161745301,0.895409,448613,6
1,1014751357,0.951972,449555,7
1,2921427877,1.046758,453634,52
1,1179573163,0.968750,454435,5
1,3776865853,0.941139,455017,2
1,1772901337,0.979277,458201,39
1,2047923043,0.993141,460256,23
1,1928029001,1.014543,461185,7
1,2376427829,0.854103,461833,3
1,872032043,0.946313,465058,40
1,3146946427,0.978779,466204,10
1,2654550091,0.934370,467904,18
1,3041592241,0.989693,469747,20
1,1225545313,0.961668,471153,14
1,1028937907,0.969758,473406,26
1,94666069,0.864897,474545,10
1,1063133191,0.963190,477593,37
1,3415016783,1.002925,478520,7
1,1782373511,0.986233,479177,3
1,3042690779,1.043488,480878,18
1,856179817,0.936979,486111,69
1,890657717,1.004871,487735,17
1,735865033,1.009718,488387,3
1,255312019,0.946313,489237,6
1,1109829073,0.983258,490092,6
1,2737466507,1.021736,491860,19
1,2049005473,1.014543,494817,36
1,3927040807,1.002438,496724,21
1,1971738077,0.963190,497598,6
1,131842631,1.052341,498587,8
1,1304173727,0.972272,499807,11
1,1979075071,0.988706,502150,27
1,2049293453,0.963190,505747,45
1,3007534129,0.916963,508980,40
1,1275343103,1.004871,510120,10
1,2884151971,0.930180,511823,18
1,2151921509,0.995105,512338,1
1,2752140511,0.967237,515080,33
1,2956470299,0.913227,515860,5
1,3046295809,1.005842,520626,62
1,4087180931,1.022214,521211,2
1,1773140203,1.014061,522575,13
1,4195641763,0.888292,524824,26
1,2768859809,1.053732,527552,33
1,1353539573,0.993141,528486,7
1,4001748067,1.046292,529561,9
1,1708144681,0.950945,533217,46
1,2494767917,0.935414,533803,2
1,2953570981,0.952484,536140,27
1,1337690317,1.000488,537504,13
1,2052893387,0.956577,538715,11
1,2711693011,0.994614,540550,20
1,1485692129,0.969758,548312,98
1,742004453,0.900304,549568,11
1,3960389981,0.972272,552303,33
1,3712804103,0.956066,556335,51
1,2584033729,1.039268,556974,3
1,666382579,1.086584,557484,1
1,143640467,0.930180,559053,16
1,3563480513,1.014061,564308,69
1,251905441,0.998534,570280,79
1,1370672503,0.973276,571636,13
1,1100022361,0.940620,572480,6
1,137407019,0.860369,573330,6
1,1033779521,0.988706,574185,6
1,3700545529,0.963190,575402,11
1,1418991841,0.968750,577996,30
1,246854401,0.920682,578588,2
1,377472583,0.969758,579727,10
1,2095041569,1.014543,582752,37
1,1900771583,0.993141,583272,1
1,328956179,0.889391,584127,6
1,522224279,0.889391,589519,71
1,2352987817,0.924387,590663,10
1,3492648661,1.017906,593757,38
1,4070210509,0.985243,594900,10
1,558713549,0.914830,596237,13
1,1232081491,0.938021,597160,7
1,4047955103,0.973276,598864,18
1,1102403251,1.014543,599450,2
1,1530041759,1.010685,601914,29
1,3213912293,1.064795,602703,5
1,3098051909,0.927551,604735,23
1,3668803969,0.984747,605821,9
1,326568629,1.002438,606881,9
1,568490341,0.978779,607736,6
1,3288292859,0.956066,609521,19
1,3222773117,0.944764,613530,51
1,1457481149,0.924387,616572,37
1,1672643603,0.946313,617701,10
1,3491067871,0.970764,618434,4
1,1932697829,1.005842,619999,16
1,3661373711,1.027930,620653,3
1,3540483601,0.977780,621377,4
1,905874407,0.912693,622669,12
1,984087607,0.957597,625363,32
1,3065688809,0.898132,626167,5
1,689128807,0.994614,626811,3
1,2717388691,0.958616,627876,9
1,2189011949,0.988706,629372,15
1,2465676149,0.893772,631289,21
1,1627673471,1.046292,631805,1
1,894266071,1.047691,639564,104
1,432075863,0.978779,641808,26
1,3235841681,1.067086,643980,25
1,541428757,0.972774,645664,18
1,2814616313,0.911086,649937,49
1,2764803911,0.929655,652222,26
1,929477921,1.010685,652804,2
1,2570836579,0.875000,653738,7
1,725983081,0.997556,655011,12
1,1404919501,0.973276,655747,4
1,2694140147,1.010685,659205,43
1,3544317661,0.989199,659742,1
1,2441588269,0.999023,663109,42
1,498040447,0.915897,664048,7
1,145950677,0.932277,666431,28
1,1279892879,0.927551,668409,22
1,2702634743,0.962175,669623,11
1,4267554853,0.931229,670354,4
1,1696379933,0.960652,673247,35
1,4104559633,0.960652,680102,92
1,420191489,0.985243,681516,14
1,1762665139,0.921743,683655,24
1,326752057,1.032197,685004,13
1,2929854133,1.018386,687130,24
1,1970836319,1.002925,688280,10
1,2320828031,0.977281,689693,14
1,843039151,0.963190,692301,31
1,3034676543,1.023646,692966,3
1,287482471,1.012133,695551,31
1,2236237387,0.930180,697517,22
1,492779569,1.050483,698020,1
1,2924551969,1.025076,699515,15
1,3003735907,0.935414,700166,3
1,2591271901,0.935414,701182,8
1,307745197,1.002925,703719,30
1,2549545139,0.877786,706418,32
1,2907268523,0.966732,709659,40
1,3267211151,1.040677,711731,23
1,1569645251,0.970764,712313,2
1,690969497,0.997066,713945,17
1,1892964823,0.871645,714465,1
1,1177073929,0.932277,716229,19
1,4193813287,0.940620,717383,10
1,3444541937,0.914830,719374,22
1,1976992447,0.963190,720385,8
1,768165487,1.000488,721313,7
1,4160656259,0.956577,724134,34
1,3822518177,0.970764,725494,13
1,2085029059,0.952997,726627,10
1,855080749,1.070284,728547,21
1,2798865763,0.982762,729696,10
1,2706564401,0.988706,730828,10
1,2981940151,1.031250,734637,48
1,3619601959,0.914296,735158,1
1,450355429,0.934370,737199,23
1,189324353,0.888292,738046,6
1,379357793,1.031250,739309,12
1,3077508919,0.977780,741503,25
1,2745728593,0.927551,744400,35
1,3014935291,0.919621,745054,3
1,358266053,1.014061,745559,1
1,2125521539,0.947859,746766,11
1,481424701,0.997066,748110,13
1,2541309919,0.921743,748781,3
1,1857360917,1.032197,750484,14
1,3415254137,0.973777,752523,21
1,1076344543,1.002438,754394,20
1,1706432089,0.941139,756016,17
1,3562064551,0.983258,758214,25
1,4170328439,0.995105,760427,25
1,1184001523,1.032197,762338,21
1,3215778829,0.986233,765640,41
1,2405321201,0.940101,768803,39
1,4032471671,1.056971,769393,2
1,2273659981,1.029354,770534,10
1,3661104679,0.973777,771326,5
1,3014881357,1.081178,773029,18
1,1839915349,0.915897,778497,72
1,2154011029,1.000488,780532,23
1,1646944979,1.025076,781804,12
1,1238452951,0.956066,782593,5
1,676630709,0.920682,784005,14
1,4110505499,0.962175,785085,9
1,180053327,0.920682,786218,10
1,2596822379,1.004871,786806,2
1,3848488337,1.027930,788925,24
1,3386610529,0.993141,789442,1
1,1038816967,0.994614,790524,9
1,3979130951,1.031250,792218,18
1,410297257,0.852959,797119,64
1,2643927677,0.889391,798189,9
1,83891383,0.889391,798686,1
1,1256617793,0.912693,800455,19
1,1265823931,0.888292,801041,2
1,33312043,1.000488,803206,25
1,3591239111,0.999023,804981,19
1,2636226899,0.956577,805836,6
1,1192044977,1.079822,806416,2
1,2687290763,0.952484,807558,10
1,180624839,0.968750,808753,11
1,1547716741,1.037387,813506,62
1,1617587731,0.988706,814638,10
1,348834637,0.963190,816885,26
1,3878058511,1.020780,818304,14
1,2824539079,0.970764,818891,2
1,1778087501,1.099094,819480,2
1,3814542629,1.000488,822296,34
1,1264643383,0.997556,824283,22
1,553816961,1.129764,825423,10
1,885105451,0.963190,826068,3
1,1895790319,0.993141,827913,20
1,567674687,0.993141,829543,17
1,3077702087,1.105296,830470,7
1,3805122977,0.936458,832584,24
1,4115654299,1.027455,833466,6
1,166949773,0.961668,836966,44
1,1610981137,0.963190,841581,60
1,314551409,0.978779,842867,12
1,693754361,0.979277,844367,15
1,2436053047,1.003899,845849,15
1,1062853279,1.004871,848245,28
1,1689680357,1.015505,852246,51
1,3671841997,0.963190,853655,10
1,1672564133,0.962175,854934,10
1,653984251,0.993141,855750,5
1,1458264287,0.974279,857402,17
1,614066353,0.902471,858259,6
1,3051227393,0.944247,861561,41
1,3043072873,0.936979,862281,4
1,2489380141,0.983258,866560,55
1,2814210389,0.935936,869173,31
1,644381263,0.968750,870587,14
1,835982099,0.972272,871373,5
1,2792222089,1.046292,872452,9
1,3293052713,0.958616,874572,24
1,2654418587,0.996086,875087,1
1,808489301,0.973276,875655,2
1,2968318777,0.954021,878136,29
1,3405542551,0.936979,879636,15
1,545960161,0.904092,882506,35
1,1011290351,1.095534,884058,16
1,1787991841,1.016466,885336,12
1,34990139,0.975280,889034,47
1,310781509,0.953509,891825,34
1,1667544881,0.956066,892410,2
1,467967893,0.942176,892989,2
1,2457201559,1.099538,893716,4
1,113714021,1.020302,895332,17
1,3748624279,0.963190,897248,21
1,1225932077,0.972272,899925,32
1,1646593909,0.966732,900939,8
1,2027143637,0.894318,905235,55
1,3005879521,0.948374,907279,23
1,389918237,0.950945,907927,3
1,234863567,0.888292,908592,3
1,827731609,1.051877,909723,10
1,1572199163,0.953509,912346,31
1,1553797327,1.002438,912855,1
1,723246353,1.050483,914132,12
1,1784131387,1.063419,915207,9
1,3430755277,0.919090,918857,46
1,4224553717,0.972272,921054,25
1,237749951,1.020780,924082,37
1,3013104253,1.003899,924595,1
1,2250953729,0.960652,927046,29
1,3734623759,0.952484,928605,16
1,1063990273,0.946313,929526,7
1,655703299,0.929129,930111,2
1,4016278771,0.931229,932168,23
1,2841231431,0.979277,935330,39
1,1186664233,0.882225,937375,23
1,255078601,1.046292,938571,11
1,3228632219,0.938021,939700,10
1,21169877,1.104412,940403,4
1,2309458157,1.005357,941337,7
1,3549123887,0.936458,944223,35
1,1076604761,0.994614,944876,3
1,62231881,1.053732,948778,50
1,3250448393,0.908940,952004,40
1,3702165737,1.047225,957123,62
1,1009055251,1.004871,959552,28
1,1600554941,0.955044,962997,43
1,1619667073,1.014061,964897,21
1,1133242507,0.986233,967144,26
1,2993857367,0.983258,968004,6
1,1625470481,0.955044,969766,19
1,2815271713,0.936458,970693,7
1,1018604429,0.969254,972943,26
1,3447782197,0.930180,973603,3
1,2057278243,1.095534,976149,30
1,1461833453,1.078917,977569,14
1,622474813,1.057433,978633,9
1,1367437861,0.936979,979352,4
1,2034875239,0.996086,980710,13
1,3667899253,0.919621,984088,42
1,696252209,0.904092,985656,16
1,3104294437,1.051877,987629,22
1,3842700007,0.903552,988562,7
1,3341620679,1.029829,991590,37
1,1330372789,0.969254,994612,37
1,4220134619,0.982762,996239,17
1,1621694507,1.069828,997859,17
1,3188626841,1.050483,1002361,58
1,1036674031,0.982762,1004546,25
1,2798383331,1.039268,1006176,17
1,714424141,0.977780,1006826,3
1,8296219,1.031723,1010722,50
1,3384470759,0.990679,1012648,21
1,3985646299,0.999023,1016017,42
1,2255764319,0.963190,1017232,11
1,2674880891,0.935936,1017901,3
1,2354882009,0.919090,1018690,5
1,1997789971,0.978779,1020048,13
1,881583011,0.913227,1022729,32
1,1062989857,1.012133,1023237,1
1,380995663,0.968750,1024449,11
1,552700297,1.026980,1025576,10
1,25799551,1.025076,1026629,9
1,3089118113,0.972272,1028310,18
1,55907323,0.983258,1030925,31
1,913115009,0.914830,1031867,7
1,1836791857,0.967237,1032657,5
1,3861159677,0.987223,1033242,2
1,4719457,1.019823,1035935,33
1,96536617,0.920152,1036498,2
1,2506131751,0.972272,1038952,29
1,865200649,0.977780,1041065,24
1,2067221027,0.975280,1042559,15
1,3891213427,0.927551,1047813,69
1,727214981,0.935936,1050210,28
1,2380642273,1.035974,1051078,6
1,4267875527,1.099094,1051663,2
1,2129361961,1.014061,1052182,1
1,3713385043,0.872205,1055283,38
1,1188896627,0.955044,1059238,44
1,1746463657,0.942694,1061240,22
1,3051371317,0.999023,1062031,5
1,3934337507,0.980772,1062692,3
1,1851511741,0.935414,1064743,23
1,2119228981,1.031723,1067379,31
1,13940869,1.000976,1067930,2
1,3259712593,0.903011,1069491,16
1,2755165597,0.895409,1070426,7
1,2297887063,0.963190,1071447,8
1,2595013753,0.997556,1073155,18
1,1969794401,1.038328,1075628,29
1,2804626129,1.004871,1076353,4
1,2969912201,1.091516,1081711,70
1,3183353567,1.002925,1082652,7
1,3741903563,0.963190,1083307,3
1,1986207127,0.988706,1089406,81
1,819992857,1.073018,1090460,9
1,2000503207,0.988706,1094918,57
1,129801601,0.946313,1095833,7
1,3576215381,0.982762,1099152,41
1,3423117067,1.039268,1100005,6
1,2372899339,0.958616,1102193,25
1,225518767,0.919621,1103197,8
1,1275676421,1.018386,1103982,5
1,343850921,0.989693,1105195,11
1,2284303981,0.931229,1106691,15
1,667947619,0.940620,1107194,1
1,4191684173,0.975280,1108353,10
1,1142710441,0.952484,1111242,35
1,108421421,1.023646,1114731,44
1,764555279,0.915897,1119975,69
1,1161991423,0.970764,1121110,10
1,1896189773,0.953509,1122389,12
1,2048029783,0.956577,1122901,1
1,934330471,1.019823,1127686,62
1,95485589,0.931229,1128405,4
1,796413041,1.033142,1130653,26
1,1488592559,0.989693,1135876,68
1,1530973891,0.978779,1137846,22
1,65300623,0.989693,1139113,12
1,456310691,0.999023,1139901,5
1,2106707857,1.059739,1144098,54
1,3150042023,0.993141,1144686,2
1,3681877499,0.970764,1146674,22
1,339230183,0.906250,1147807,10
1,4160923279,0.942694,1149149,13
1,3898627553,1.000488,1149652,1
1,3508883471,0.975280,1151555,21
1,1790373259,0.908940,1152282,4
1,3821673059,0.858664,1154984,32
1,3755074133,0.860369,1155849,6
1,3108395219,1.016466,1158305,29
1,3479908417,0.963190,1163591,62
1,3371704013,0.877786,1166453,34
1,1249296233,0.940101,1168081,17
1,907119991,0.920682,1169214,10
1,2040707839,1.061581,1170373,10
1,3013172213,0.768648,1171454,9
1,2372011973,0.973777,1172864,14
1,1134326987,0.998534,1177010,53
1,2053109167,1.082983,1179368,27
1,2850978359,0.910550,1182678,41
1,177164041,1.010202,1184020,13
1,2437408289,0.888292,1185666,17
1,3282070249,0.977780,1186799,10
1,2534118709,0.957597,1187388,2
1,3772222673,0.961160,1189214,20
1,2284308361,0.978779,1190151,7
1,1757871113,0.950945,1191630,15
1,703245377,0.983258,1194161,30
1,31277783,1.000488,1194724,2
1,124879043,1.004871,1198162,43
1,1165408507,1.016466,1198750,2
1,3985101821,1.014543,1199827,9
1,3308063443,0.968750,1200343,1
1,3720471523,0.944247,1202812,29
1,1811232721,0.997556,1211616,120
1,1756149547,1.055121,1213328,18
1,839153317,0.996086,1215650,27
1,1512247417,0.941657,1216646,8
1,4282282159,0.927551,1217795,10
1,2848721581,0.982762,1218446,3
1,2124568631,1.010202,1218959,1
1,497122981,0.955044,1220587,17
1,430269767,0.989693,1221387,5
1,1631267879,0.907327,1223287,21
1,145644893,0.964709,1224006,4
1,2218612699,1.020302,1224529,1
1,1729163431,1.010685,1227575,37
1,33140561,0.941139,1229119,16
1,390659699,1.038328,1232838,47
1,325699019,0.944764,1235376,30
1,3367184357,0.956577,1236095,4
1,2853663671,0.994614,1239777,46
1,2180262167,0.894318,1241117,13
1,3093759547,1.031250,1243382,26
1,2963709401,0.962175,1244935,16
1,198948179,0.963190,1246362,14
1,1041590371,1.004871,1247008,3
1,1263558553,1.009718,1248011,8
1,2332975003,1.008267,1249716,18
1,225491863,1.020780,1251619,21
1,700379699,0.950945,1252695,9
1,476008969,1.081178,1257548,63
1,2779071643,0.972272,1258057,1
1,869386291,1.005357,1261559,44
1,3423257029,0.888841,1267749,76
1,1462976783,0.977780,1270964,39
1,3250166341,1.020302,1273428,29
1,3744581303,1.005357,1274017,2
1,66866227,0.936979,1274869,6
1,691342061,1.024600,1276355,15
1,1177750309,0.931229,1276929,2
1,388712981,0.972272,1277993,9
1,2090444311,0.956577,1278785,5
1,3597677327,0.938021,1280476,18
1,3069620773,0.853531,1283078,31
1,1765074767,0.966732,1283872,5
1,2686296499,0.904092,1284866,8
1,2207029373,0.888841,1288516,46
1,3510694141,0.983258,1289387,6
1,3172766449,0.972272,1290732,13
1,1067582209,1.105296,1291377,3
1,4294236209,1.043488,1292240,6
1,951574913,1.012133,1293092,6
1,2170020889,0.988706,1294291,11
1,4191257573,0.994614,1295595,12
1,1096325621,0.990679,1296939,13
1,811728503,0.978779,1301364,57
1,3598550203,0.999023,1302229,6
1,1080782147,0.878342,1302953,4
1,3007375127,0.975280,1305498,30
1,32395411,1.107503,1306759,12
1,1387726481,1.098205,1307888,10
1,1556295049,1.005357,1308465,2
1,383287987,1.070740,1317008,116
1,1586484623,1.004871,1318034,8
1,13320733,0.944247,1322074,52
1,100184137,0.966732,1323123,9
1,2724965611,0.988706,1324891,19
1,3492815003,0.834439,1327768,35
1,798765749,0.974279,1328765,8
1,1355492293,0.950945,1330454,18
1,3891690469,1.036916,1332717,26
1,1169302027,0.948889,1335737,37
1,308862053,1.031723,1339511,48
1,2648127277,0.962683,1341503,22
1,1543868699,0.930180,1342147,3
1,1636766401,0.956066,1343275,10
1,4266444619,0.900304,1343860,2
1,1964245067,0.993141,1346803,36
1,795126851,0.993141,1347732,7
1,1339439999,0.956577,1351809,52
1,1470343387,1.118471,1353506,18
1,2191195459,1.037387,1354227,4
1,244599577,0.934370,1355010,5
1,441726301,0.942694,1357134,24
1,263513689,1.014543,1357777,3
1,3747886039,1.001464,1360032,26
1,1390966867,0.953509,1361675,17
1,326450819,0.986233,1363989,27
1,101358841,1.064337,1365004,5
1,1026459443,0.913227,1369211,52
1,3261972713,0.936979,1373804,59
1,3412369193,0.972272,1374540,4
1,2904799771,0.996086,1375338,5
1,3874952897,0.961668,1375917,2
1,704700301,0.941657,1377402,15
1,826982843,0.967237,1379519,24
1,4008821273,1.087033,1382754,40
1,335026169,0.913227,1383958,11
1,1473874981,0.960143,1384468,1
1,1171521083,0.948374,1385413,7
1,2644711609,0.963190,1390539,67
1,379080931,1.003899,1392374,20
1,2789249011,0.935936,1394145,19
1,1639671331,0.963190,1398085,50
1,2650430059,0.987223,1398604,1
1,563980829,1.029829,1399529,7
1,3183654143,0.997066,1400607,9
1,2440688977,0.991172,1401404,5
1,1551220373,0.878342,1403243,20
1,163988039,0.946313,1404295,9
1,3969766813,0.977780,1405100,5
1,2564386271,1.051877,1406314,11
1,44861207,0.914830,1407579,12
1,2458451101,0.970764,1408727,10
1,2769626543,0.963190,1412049,41
1,1693174597,0.935414,1415356,41
1,546415141,1.012133,1416201,6
1,4099577327,0.990679,1417083,6
1,3643535981,0.938541,1417599,1
1,104833387,0.979277,1418240,3
1,365315107,0.907327,1419168,7
1,868757737,0.991172,1420997,20
1,734174809,0.956577,1421502,1
1,1300207067,0.988706,1422719,11
1,604343587,0.973276,1425611,35
1,1535638471,0.977780,1427669,23
1,755008847,1.002438,1432509,63
1,2962541899,0.986233,1437288,62
1,3526502461,0.991172,1445469,111
1,2286932387,1.012133,1446624,10
1,1678702471,0.997066,1449027,28
1,1700756929,0.921743,1450105,9
1,3083108239,0.934370,1453776,46
1,821332643,1.009718,1458138,56
1,1758384541,0.915897,1458859,4
1,1685042803,0.986233,1461959,38
1,3843597997,0.929655,1462817,6
1,2592778291,0.991172,1464020,11
1,1849049647,0.997066,1465234,11
1,186995143,0.966732,1466298,9
1,2271790093,1.026028,1467968,14
1,1931606389,1.153290,1468706,4
1,747598057,0.967237,1469436,4
1,3100487647,1.086584,1471330,11
1,2477567227,0.907327,1474348,35
1,1613468251,0.852386,1475132,5
1,2352451873,1.025552,1477026,21
1,1285635499,0.942694,1477613,2
1,1553858777,0.946313,1478255,3
1,1813022257,0.952484,1478823,2
1,2781031817,1.039268,1480231,14
1,3720871967,0.998534,1481037,5
1,3007942603,0.956066,1482109,9
1,3671481293,0.974279,1485829,47
1,2494508827,0.966732,1490166,56
1,1944578897,0.930180,1491456,12
1,4008396839,0.894318,1493798,27
1,91436837,1.032197,1495785,22
1,1040407031,1.010202,1497548,19
1,3815827303,0.996086,1501011,43
1,1292874773,0.950945,1502368,13
1,2523521051,0.985243,1503016,3
1,3053142553,0.988706,1504513,15
1,36032207,0.989199,1506269,19
1,1699050343,1.012133,1511525,69
1,2399735263,0.941657,1513443,21
1,4475893,0.991172,1515119,18
1,3999619579,1.023646,1517108,22
1,3709343453,1.014543,1520903,48
1,2651098939,1.018386,1526664,76
1,2935543451,0.996086,1529523,34
1,854326087,0.930180,1531719,25
1,3409104737,0.956577,1534072,27
1,1309900367,1.040677,1537802,47
1,637155419,0.986233,1539775,22
1,2461281217,0.956577,1541746,22
1,3439148939,1.044423,1542267,1
1,3794086039,0.941657,1543052,5
1,2569496693,0.921213,1547607,59
1,2717965949,1.016466,1548604,8
1,3783836731,0.994614,1549251,3
1,2342913619,0.982762,1553386,53
1,160976063,1.024600,1554445,9
1,2411013643,0.973276,1556441,22
1,1550236217,0.962175,1558142,18
1,906592721,1.000488,1560908,33
1,128559727,0.979277,1562731,20
1,2656491041,1.031723,1563588,6
1,646888337,0.903011,1565629,23
1,2095644731,0.950945,1570538,60
1,3249555259,0.946313,1571219,1
1,754248479,0.954021,1571768,1
1,2114365501,0.996086,1573529,19
1,2594912101,0.913227,1576274,33
1,3598415017,1.024600,1577919,16
1,1653459611,0.950945,1579150,11
1,107185621,0.910014,1580828,18
1,604006339,0.983258,1581334,1
1,1810019821,1.051877,1581991,3
1,3340867063,1.081178,1582785,5
1,3509804789,0.950432,1584065,12
1,3764041091,0.952997,1585826,19
1,865777433,1.079822,1588089,26
1,1161571391,1.031250,1588599,1
1,1732710439,1.040677,1593296,61
1,2231962627,1.012133,1596101,34
1,2515848749,0.924916,1603107,94
1,1022212963,0.934370,1605169,23
1,3225232889,0.991172,1609323,53
1,1604057569,1.031723,1611448,24
1,869508847,0.997066,1612035,2
1,3787182613,0.938541,1612548,1
1,3083735591,1.037387,1613130,2
1,1271716301,0.980772,1613713,2
1,1851384917,1.005357,1614780,9
1,3322074491,1.001464,1616614,20
1,3394792133,0.914830,1618447,20
1,1352946359,1.004871,1619515,9
1,3648560801,0.997066,1620379,6
1,217317127,0.993141,1621591,11
1,3934952503,0.894318,1622452,6
1,129554507,0.872205,1623724,12
1,1558398661,1.004871,1624867,10
1,1648962407,1.038328,1625586,4
1,869802781,0.936979,1630834,69
1,3745019917,0.963190,1632459,17
1,4051278967,0.952997,1634160,18
1,3928395017,0.967237,1637190,37
1,797799451,0.940620,1638752,16
1,726751997,0.975280,1639264,1
1,3823478629,0.993141,1641255,22
1,2713510979,1.020302,1642114,6
1,1123451279,1.040677,1644846,33
1,289415507,1.040677,1645686,6
1,1147692697,1.014061,1646677,8
1,826737581,0.970764,1647946,12
1,1320416623,0.946313,1649600,17
1,668792603,1.016466,1651030,14
1,1877530859,1.040677,1651697,3
1,1845871631,1.031723,1652552,6
1,3656619643,0.895954,1654476,21
1,3529409357,1.054659,1656406,21
1,404237399,1.024123,1658913,29
1,4099153211,1.041146,1660352,14
1,2123399617,0.954533,1662940,31
1,4264671839,0.970764,1663955,8
1,3028276747,0.941657,1668252,55
1,3846987037,1.025076,1673811,68
1,184584667,0.958616,1674767,7
1,3295887757,0.938021,1680235,72
1,325639189,0.972774,1682900,32
1,2713151647,0.970764,1683773,6
1,357098993,0.941657,1684350,2
1,88866013,0.992649,1688194,49
1,3854748697,0.882225,1691987,48
1,3061239893,1.015505,1693485,15
1,542949767,0.940620,1693985,1
1,3802765639,1.003899,1697797,48
1,3912149149,0.985243,1700190,28
1,4133461237,0.924387,1703790,45
1,1197725941,0.966732,1706757,36
1,1646315057,0.984251,1708790,23
1,2235313237,0.922801,1709372,2
1,2884227097,0.961160,1709883,1
1,3592915913,0.932277,1710811,7
1,1435875731,0.989693,1713573,33
1,1153336187,0.948374,1718898,70
1,1717463791,0.998534,1720815,21
1,1673416699,0.889391,1721972,10
1,655759639,0.984747,1724293,27
1,187325881,0.999023,1726129,20
1,2944769543,1.005357,1728388,26
1,2776789109,0.944247,1730146,19
1,3500611393,1.061581,1731352,11
1,3525545129,0.952997,1731854,1
1,3321821731,0.940620,1733834,22
1,1317351353,1.085235,1735193,13
1,3134392397,1.031250,1735847,3
1,2280890251,0.935936,1736504,3
1,2775666461,0.898132,1737085,2
1,1764866489,0.952484,1739264,25
1,648986839,0.969254,1740537,12
1,1367903483,0.978779,1741680,10
1,520772423,0.962175,1744209,30
1,642143321,0.871645,1748418,54
1,4005237619,0.904092,1749293,6
1,752938597,0.989693,1752947,46
1,630891059,0.996086,1753737,5
1,3980395621,1.046292,1755635,21
1,1300147493,1.062959,1757906,26
1,972109511,0.946313,1758835,7
1,456320419,1.064795,1761650,34
1,630311939,0.998534,1762289,3
1,1731563837,0.968750,1762878,2
1,3429849209,1.005842,1764017,10
1,759665681,0.973276,1767955,50
1,3792794221,0.956577,1769725,19
1,220156939,0.914830,1770293,2
1,816324499,1.012133,1772077,19
1,2735578049,0.969758,1772997,7
1,139857019,1.016466,1774806,16
1,3314503727,0.966732,1779286,56
1,2188452751,0.997066,1781787,29
1,303514051,0.946313,1783349,16
1,3204952427,0.960652,1784840,15
1,1890396373,1.004871,1788628,48
1,1263700903,1.019823,1801905,184
1,3128655239,1.099094,1802774,6
1,2276144513,0.966732,1803427,3
1,2237166707,1.062040,1807080,46
1,500087311,0.998534,1812679,74
1,810427973,0.868840,1813396,4
1,1012861529,0.940620,1813901,1
1,2517649913,0.963190,1815032,10
1,2772114253,0.989199,1826576,159
1,262650337,1.027455,1827654,9
1,392570287,0.989693,1830695,37
1,1539004403,1.016946,1832481,19
1,3239452949,0.996086,1833898,14
1,1350313319,0.938021,1835531,17
1,1640645243,0.973276,1836039,1
1,1081374523,0.900304,1839420,42
1,3472198999,0.970764,1840773,13
1,4185628121,0.893772,1841294,1
1,2850841841,1.002438,1843285,22
1,1372019993,0.977281,1843794,1
1,350582963,1.063419,1845696,21
1,3251148389,1.001464,1846559,6
1,662106961,0.898132,1847628,9
1,2808928831,0.956577,1850163,30
1,3284253979,0.946313,1851093,7
1,3952268209,1.050483,1852517,14
1,1211641411,0.997066,1854005,15
1,3418691921,0.858664,1856751,33
1,3425876033,1.005842,1857602,6
1,2919224701,0.961668,1860309,32
1,329020849,0.902471,1861656,13
1,3364599253,0.988706,1863007,13
1,3146226647,1.067086,1863814,5
1,706144433,1.020302,1864731,7
1,3090964133,0.977780,1866797,23
1,329888921,1.046758,1867519,4
1,2998947871,0.972272,1870062,30
1,2969298223,0.902471,1875102,66
1,669133453,0.950945,1878383,35
1,1216639367,0.818488,1879342,7
1,3901490273,0.944764,1880125,5
1,935797151,0.988706,1881055,7
1,541949663,0.983258,1882056,8
1,4111543283,1.003899,1883350,12
1,3432795427,0.983258,1884275,7
1,3129954767,0.996086,1889126,63
1,3219312619,0.885539,1890278,10
1,2350232561,1.004871,1890996,4
1,2421001741,0.953509,1892350,13
1,1050650389,0.982762,1893630,12
1,2308587277,1.046758,1895045,14
1,3311530021,1.058356,1898622,45
1,1418032183,0.880563,1900327,18
1,111677429,0.978779,1901035,4
1,411836213,0.955044,1902023,8
1,1392712619,1.085235,1902816,5
1,1590897443,1.054659,1903406,2
1,3618037531,1.014543,1904205,5
1,854224057,0.969758,1904931,4
1,1320242857,1.005357,1907756,34
1,1879607021,0.960652,1909025,12
1,1898111773,0.969254,1909818,5
1,1588149071,1.014543,1915303,72
1,770995829,0.901929,1917710,28
1,1605705193,1.061120,1918571,6
1,1729557409,0.963190,1920544,22
1,3375996619,0.983258,1923010,29
1,2016629281,0.998534,1923590,2
1,440711917,1.029354,1927792,54
1,260778893,1.016466,1928859,9
1,3888908069,0.974279,1930280,14
1,1383369359,0.898132,1933240,36
1,2387436367,0.998534,1934171,7
1,3165458759,0.996086,1937684,44
1,2484386371,0.978779,1938676,8
1,1792846879,0.987223,1940588,21
1,2210770847,0.946313,1941664,9
1,2554333451,1.004871,1942301,3
1,3882203287,0.972272,1945209,35
1,3489771269,0.907327,1949312,52
1,174188291,0.976781,1951081,19
1,2485434943,0.950945,1952713,17
1,1185560417,0.935936,1954564,20
1,743470349,0.913227,1956533,22
1,1244296763,0.969758,1957752,11
1,1565909503,1.004871,1963849,81
1,3505364047,0.940620,1967857,51
1,3435713173,0.997066,1969137,12
1,7426483,1.024600,1971220,24
1,1365570317,1.015505,1973342,24
1,887173103,1.067086,1974971,17
1,12020909,0.924916,1975460,1
1,82088003,1.014543,1977549,24
1,2661310843,1.025076,1982038,53
1,985169963,0.970764,1982852,5
1,690631801,0.986233,1983495,3
1,4246761637,0.997066,1988683,68
1,4101213769,0.998534,1991074,28
1,591617179,1.025552,1991721,3
1,68463037,0.980772,1992431,4
1,1804473067,0.942694,1993083,3
1,3321223561,0.835609,1999168,81
1,3079065217,1.070284,2000726,16
1,931472119,0.935936,2003258,30
1,2133290119,1.004871,2005165,21
1,4154236819,1.005357,2006814,17
1,3017695081,0.880563,2007541,4
1,195626443,0.919621,2013091,73
1,1919995577,0.921213,2013602,1
1,2429504641,0.950945,2014814,11
1,1372335859,0.985243,2015745,7
1,315611921,0.956577,2018485,33
1,2070465893,1.004871,2019839,13
1,3467745679,0.951972,2022578,33
1,1901257649,0.989693,2026871,55
1,2975316749,1.020780,2028568,18
1,686086001,1.005842,2029980,14
1,4115683529,1.051877,2032096,24
1,3940659649,0.993141,2032604,1
1,3426138797,1.035031,2035223,31
1,3665423273,0.932277,2037568,27
1,4288040261,0.941657,2039916,27
1,1538562587,0.932277,2040984,9
1,3743701999,1.050483,2041643,3
1,2184214759,1.027930,2043473,20
1,88061357,0.935936,2044881,14
1,68199751,0.946313,2045511,3
1,2031453023,1.128899,2048483,36
1,2174340323,0.966732,2049618,10
1,2601079787,1.026028,2050269,3
1,4198667609,0.977780,2051274,8
1,2268333337,1.076652,2052746,15
1,1965300637,1.019823,2056674,50
1,2495583509,1.025076,2058664,22
1,1031707489,0.941657,2059391,4
1,105302077,0.998534,2060929,16
1,2621387101,1.000488,2063405,29
1,3493231957,0.921213,2064057,3
1,20537009,0.938021,2065731,18
1,238356043,0.942176,2069946,54
1,2798034431,0.919090,2070475,1
1,3896418181,1.000488,2073710,40
1,572563373,0.927551,2074908,11
1,1592445497,0.925971,2076404,15
1,2950660399,1.005357,2080439,51
1,3911830081,0.910014,2082003,12
1,1480384421,0.927551,2085024,35
1,2267270633,0.941657,2086349,12
1,1250231897,0.953509,2087483,10
1,2495544967,0.969758,2089402,21
1,2577623641,0.927551,2091303,21
1,1146954491,1.010202,2091891,2
1,3976939471,0.973276,2096039,53
1,1495902587,1.069828,2096622,2
1,3353674169,0.894864,2103421,91
1,392180351,0.983258,2106367,36
1,358513361,0.949404,2107084,4
1,2151833261,1.021736,2108074,8
1,1574787527,0.969254,2108801,4
1,1240926109,0.963190,2112823,51
1,2387137147,0.963190,2114520,18
1,2873694491,0.995105,2116212,18
1,3223939919,1.061120,2121958,76
1,3363979481,1.025076,2122735,5
1,137414311,0.956066,2123378,3
1,1056411067,0.986233,2126000,31
1,1176491179,1.004871,2127773,19
1,1967426387,0.940101,2128908,10
1,3523360507,0.982762,2129696,5
1,3704634937,0.972272,2131736,23
1,2979629857,1.019823,2132597,6
1,1106146649,0.950945,2133248,3
1,1698154391,0.919090,2133765,1
1,858786967,0.963190,2134684,7
1,980409347,0.915364,2135473,5
1,534308353,1.019823,2136401,7
1,3658930633,1.056971,2137191,5
1,1161144769,0.916963,2138254,9
1,3746033441,0.971267,2138912,3
1,3286316819,0.994614,2139980,9
1,3752386343,1.031250,2140995,8
1,1182322201,0.900304,2141639,3
1,1278473087,0.893225,2142228,2
1,2191349221,0.878342,2142886,3
1,3978876959,1.017906,2147031,53
1,225482287,0.970764,2147813,5
1,1199341219,0.927551,2151279,43
1,2574592703,0.955044,2155663,56
1,4167026891,0.956577,2159480,47
1,4080007543,1.005357,2161968,29
1,3755409829,1.084785,2167938,79
1,423926933,1.036916,2168793,6
1,1426295609,1.044423,2171598,34
1,3712530749,1.015505,2172737,10
1,4044405773,0.931229,2174441,18
1,1632633209,0.958616,2176825,28
1,3528047573,0.994614,2178459,17
1,2434797773,0.963190,2181636,39
1,1716898423,1.040677,2182435,5
1,3930370021,0.952997,2185255,30
1,836203583,0.993141,2185940,1
1,1613074283,1.026980,2186742,5
1,89791997,0.999023,2188926,25
1,3921788749,0.958616,2190431,15
1,3977739721,1.061581,2194572,53
1,1151970719,0.989693,2197315,33
1,823133921,0.935936,2198091,5
1,1441809043,0.858096,2200636,30
1,81135289,0.958616,2203014,28
1,1088198759,1.052341,2204015,8
1,829845481,0.988706,2205731,18
1,1385263349,1.064795,2206386,3
1,1493320879,0.914830,2207239,6
1,1871928319,0.993141,2211331,52
1,4243033189,0.967237,2212542,11
1,2291398051,1.005357,2213750,11
1,1694824169,0.913227,2216706,36
1,145637339,1.093750,2221279,59
1,2561185243,0.996086,2223042,19
1,2408163983,0.983258,2224334,12
1,1042269017,0.963190,2225053,4
1,3790668367,0.829745,2225838,5
1,1312992319,0.919621,2229360,44
1,188105461,0.927551,2229861,1
1,3285443417,0.978779,2231221,13
1,1294137007,0.963190,2236494,69
1,4159903507,0.994614,2237569,9
1,4124825713,1.016466,2238085,1
1,1821981571,0.988706,2240013,21
1,73667591,1.000488,2241843,20
1,583427567,1.014543,2245290,43
1,1459092823,1.000488,2247087,19
1,1969290601,1.002438,2250592,44
1,3072942883,1.017906,2251601,8
1,3276109229,1.047691,2253236,17
1,2903452361,0.988706,2254166,7
1,1526209039,0.963190,2255095,7
1,2103552779,0.932277,2255746,3
1,906503833,0.884436,2257573,20
1,1617264977,0.977780,2262254,61
1,4199552899,0.925971,2263811,16
1,1760107229,1.072563,2267358,44
1,4085134189,0.997066,2272127,62
1,3581736527,1.005357,2274684,30
1,138594331,0.920682,2275733,9
1,1533098059,0.898132,2276962,11
1,3189561631,0.858096,2277549,2
1,614920517,1.000488,2279235,18
1,2130128881,0.956577,2280739,15
1,1833102917,0.930180,2282446,18
1,1661755943,0.989693,2284002,16
1,1887737063,0.996576,2288456,53
1,19469,0.981270,2289436,9
1,185196769,1.050483,2290696,12
1,2653946033,0.992649,2292957,26
1,54234857,1.044891,2294993,23
1,1415443283,0.975280,2298597,45
1,3075386773,0.995105,2299328,4
1,2974655207,0.938541,2300051,4
1,327268013,0.924387,2300832,5
1,431292359,0.846639,2301843,8
1,1502430791,0.855816,2305009,39
1,174301607,0.969758,2307756,33
1,3923455703,1.044891,2309458,18
1,3258665659,0.908940,2313059,43
1,838668179,0.963190,2317683,60
1,3528436817,1.035974,2318748,9
1,4036781297,1.010202,2320021,12
1,3183291347,1.032197,2324177,53
1,316817119,1.108384,2326363,25
1,3026596039,0.914830,2328712,27
1,2641604489,0.960652,2334772,80
1,738070349,0.972272,2336825,23
1,3887533033,0.966732,2337482,3
1,736046231,0.972272,2343455,79
1,2239760629,0.938021,2344023,2
1,3723642917,1.023646,2350125,81
1,2067804929,0.963190,2354181,52
1,304902511,1.014061,2355451,12
1,2105991617,1.010202,2357428,22
1,2831450423,0.986233,2357933,1
1,2603911039,0.942694,2360203,26
1,4194648659,0.986233,2360855,3
1,3747816071,1.009235,2364306,43
1,1229713531,0.972272,2365182,6
1,1264184863,1.014061,2367882,32
1,390841411,0.963190,2372279,57
1,678862967,1.067086,2373759,15
1,544841603,1.002438,2375592,20
1,3731806747,0.940101,2377852,26
1,2298202771,0.978779,2378506,3
1,2012062861,0.855816,2379716,11
1,2047036681,0.985243,2380365,3
1,1992623719,1.026028,2382475,24
1,3589238431,1.016466,2383841,13
1,871834459,0.941657,2387984,53
1,2952650251,0.897044,2389233,8
1,242123971,0.952997,2391370,22
1,3452471471,0.946313,2395342,50
1,2665607183,0.997556,2398960,45
1,2488845613,0.941657,2399536,2
1,2213445211,1.024600,2401393,20
1,1003617851,0.942694,2402120,4
1,1658805847,0.956577,2403342,11
1,1939612369,1.002438,2407137,48
1,2061724673,0.986233,2408418,12
1,351679381,0.927551,2409838,14
1,580219217,0.888841,2410685,6
1,3195031513,1.020302,2411413,4
1,1541646331,0.927551,2412649,11
1,4023027977,1.051877,2413159,1
1,2176395623,0.882225,2415835,32
1,716653811,1.064795,2418519,32
1,729608681,1.057894,2421049,30
1,1708768771,1.079822,2422410,13
1,1648054687,1.010685,2424871,29
1,3475586617,0.923859,2427219,27
1,1212490673,0.903552,2429274,23
1,3158173049,0.904092,2430438,10
1,2100904567,0.973276,2430953,1
1,1293710401,0.970764,2431455,1
1,2724562403,0.986233,2432730,12
1,1715694089,0.978779,2435775,37
1,2254473497,0.995105,2442136,85
1,1292036357,0.944764,2447757,74
1,4203674687,1.010685,2449329,16
1,2083540237,0.978779,2450684,13
1,3250468927,0.997066,2451343,3
1,2039011151,0.946313,2453181,20
1,3070789531,0.927551,2453693,1
1,704700257,0.894318,2455514,20
1,194062243,1.053732,2456084,2
1,3617269273,0.942694,2456943,6
1,1915916747,0.973276,2457736,5
1,746838823,0.990679,2459435,18
1,2174999413,0.944764,2462896,43
1,163649777,1.042552,2464778,21
1,2014884821,0.986233,2467598,34
1,2380225417,0.983258,2469928,27
1,1486904773,0.886641,2471837,21
1,1067925017,0.958616,2472560,4
1,2735704679,0.888292,2474253,18
1,1794332149,0.930180,2477708,43
1,2159814809,0.927551,2480091,28
1,3155128511,1.002438,2481942,20
1,1086103199,0.986233,2483853,21
1,946279979,0.979277,2484708,6
1,1033730279,0.945280,2485448,4
1,1570064779,1.038328,2487076,17
1,1046224957,0.921743,2488352,12
1,2575530059,0.936979,2488862,1
1,694774231,1.121958,2490145,12
1,1881335723,0.978779,2491617,11
1,3949721641,0.977780,2492144,1
1,2043625327,0.973276,2493158,8
1,3661863041,0.846639,2493661,1
1,1347703211,0.977281,2499030,61
1,2710003349,0.969254,2501532,28
1,1473608153,1.050483,2502956,14
1,651772699,1.024600,2508566,74
1,1652553121,1.010685,2509917,13
1,4070891947,0.910550,2511611,18
1,1623462031,1.016466,2515056,43
1,3654491759,1.038328,2515573,1
1,3541435297,1.031723,2516280,4
1,2174967499,0.986233,2517278,8
1,2261134039,0.920682,2519457,25
1,3549561671,0.924916,2520451,8
1,626787571,0.988706,2523193,33
1,714403957,0.921743,2526906,47
1,3196893541,0.997066,2528952,23
1,3287767711,0.978779,2530241,12
1,2141499641,0.953509,2531243,8
1,3357100979,0.994614,2531890,3
1,2818701079,0.898132,2533796,21
1,863125129,1.025076,2536750,36
1,3756354269,0.994614,2541600,63
1,3191530753,1.031250,2543573,22
1,364526147,0.895409,2544773,11
1,3186381049,0.962175,2545845,9
1,2521076317,1.015505,2548045,25
1,4127144809,0.921743,2551294,40
1,1838326823,0.963190,2552652,13
1,743934251,0.873324,2554562,21
1,1134514229,0.940620,2555766,11
1,2598563147,0.946313,2557402,17
1,2439949933,1.031723,2558351,7
1,841490977,1.031250,2559547,11
1,4276220051,0.863202,2562993,43
1,1988279977,0.963190,2567536,58
1,692404931,0.956066,2570134,31
1,1040874481,0.946313,2570864,4
1,1959582127,0.927551,2572012,10
1,1505464771,0.956577,2574436,28
1,292384123,1.035503,2575439,8
1,2307010309,0.944764,2576150,4
1,725800681,0.991172,2576940,5
1,3288797453,0.983258,2578089,10
1,3943433159,1.006328,2579857,19
1,3260955931,0.935936,2581992,24
1,1864561927,0.944764,2584468,29
1,3312503287,0.929655,2584982,1
1,3208389463,0.958616,2585708,4
1,4142929601,0.904092,2586563,6
1,2615662669,0.987223,2588274,18
1,2769948947,0.882778,2589212,7
1,1921180291,1.084785,2594632,67
1,885086569,1.047691,2598928,53
1,2724421759,1.026980,2600174,11
1,3033384707,0.963190,2604450,55
1,507628307,0.962175,2606136,18
1,2991050731,1.005357,2606656,1
1,4234660999,1.027930,2608868,25
1,2855513039,0.958616,2609526,3
1,3962312897,1.092410,2612270,33
1,245349101,0.988706,2614243,22
1,2412283589,0.948374,2615237,8
1,2309231399,0.954021,2616512,12
1,2606593597,1.014543,2617101,2
1,349455217,0.858096,2620388,41
1,2894550409,1.040677,2621241,6
1,862144333,0.995105,2622599,13
1,3564754397,0.960652,2626195,45
1,1589886439,1.058356,2629098,35
1,3203439893,0.938021,2631503,28
1,1511852989,0.979277,2632439,7
1,403991561,0.978779,2633500,9
1,2428840879,1.014061,2636096,31
1,3505722403,0.980274,2637655,16
1,2962904323,0.944247,2641055,42
1,1563863687,0.888292,2642195,10
1,764781049,0.963190,2643265,9
1,1153644683,0.962175,2645231,22
1,1049984011,0.946313,2645819,2
1,1325213831,1.035503,2648568,33
1,1167681079,0.940620,2649080,1
1,1923882703,0.934370,2650150,9
1,1497134273,0.936979,2651846,18
1,2821956169,0.965721,2653740,21
1,2783041687,1.005842,2658498,61
1,4188733907,1.050483,2660827,27
1,1857327037,0.820275,2661424,2
1,3179082317,0.970764,2668384,93
1,4190764607,0.963190,2668908,1
1,1093264511,1.005357,2669427,1
1,3758297897,1.024600,2671332,21
1,2710840423,0.927551,2672887,16
1,3703455037,1.019823,2678579,75
1,4022838167,1.061581,2679239,3
1,1417001447,1.004871,2680811,16
1,3949946789,1.118471,2682025,11
1,728749913,1.024123,2683881,20
1,3902497223,1.050019,2687415,44
1,1507558751,0.978779,2690157,33
1,2844036889,1.020302,2691148,8
1,939254177,0.968750,2692077,7
1,1386334673,0.936979,2693694,17
1,1492479491,1.084785,2694552,6
1,1893634313,1.137088,2696135,13
1,2254607387,0.931229,2699616,41
1,1429502927,0.904092,2706110,86
1,183809039,0.900304,2707811,18
1,11927581,0.935414,2710383,31
1,944398859,0.999023,2711927,16
1,2316803989,0.936979,2713491,16
1,1319883871,0.946313,2714433,7
1,1073502491,1.032197,2715644,11
1,3414718457,1.052341,2720454,62
1,1058215369,0.967237,2722696,26
1,3608831269,0.972272,2726151,43
1,2834024407,1.077559,2726879,4
1,2269480649,1.025076,2728222,13
1,3804462919,1.005842,2729163,7
1,3145312843,0.932277,2730730,16
1,3453231227,0.932277,2733683,36
1,2595993431,1.044891,2737365,46
1,3233698837,0.962175,2738568,11
1,1868593717,0.969254,2741466,35
1,1112386343,0.900304,2744219,33
1,3393720079,1.000488,2745011,5
1,1599338561,1.012133,2747283,26
1,1592443711,0.979277,2751219,50
1,2930911961,1.019823,2753195,22
1,3097181407,1.027930,2753790,2
1,932286401,1.004871,2755422,17
1,322363583,0.919621,2757183,19
1,3257146901,0.946313,2759840,32
1,890240851,1.074382,2761545,18
1,1591693693,0.889391,2762621,9
1,1899515701,0.950945,2767403,62
1,3821884111,1.025076,2769047,17
1,3568620703,1.004871,2770050,8
1,2525615161,0.982762,2770698,3
1,944694787,0.983258,2771349,3
1,3833876807,0.821465,2772689,13
1,3623159009,0.911086,2774241,16
1,4082997379,1.061581,2776633,28
1,4151031419,0.998534,2778626,22
1,56074597,0.956577,2781301,32
1,4017351739,0.995105,2785462,53
1,4165115893,0.963190,2786602,10
1,171920467,0.971267,2787105,1
1,2379550777,1.005357,2787611,1
1,1202356777,1.079822,2789583,22
1,1134890797,1.008267,2790517,7
1,2757260713,0.986233,2791303,5
1,3273824557,0.902471,2794683,42
1,3999079673,1.046292,2796403,18
1,2726457143,1.031250,2797470,9
1,1425469351,0.894318,2799407,17
1,1383000209,0.993141,2803306,47
1,2821777669,0.972272,2808438,67
1,2511045583,0.991172,2809023,2
1,2066570179,0.983258,2811777,33
1,3064058209,1.016946,2812489,4
1,2393176771,0.980274,2815945,43
1,3826170737,1.052341,2817448,15
1,246912647,0.882225,2818301,6
1,2561401,0.821465,2820120,20
1,1558711879,0.919621,2823912,48
1,13110257,0.927551,2825017,10
1,824870239,1.020780,2826511,15
1,2747628083,0.953509,2827094,2
1,444832519,0.977281,2829623,30
1,1436806603,0.955044,2833062,43
1,3373678657,1.023646,2835648,31
1,1250843999,1.000488,2836937,12
1,280734323,1.069371,2837449,1
1,3560855773,0.884436,2840608,39
1,3934471939,0.988706,2841602,8
1,1123968031,0.989693,2844283,32
1,1891289311,0.958616,2845432,10
1,3513060511,0.969254,2846435,8
1,628018021,0.993141,2852171,76
1,2350245791,0.970764,2852688,1
1,1091232407,0.989693,2853541,6
1,2855770277,0.900304,2854197,3
1,397855433,0.985738,2856180,22
1,2814326377,1.035974,2859567,42
1,3492073583,0.956066,2861465,21
1,950191493,0.977281,2862669,11
1,3061039823,0.963190,2864377,18
1,2931640813,0.977780,2866083,18
1,2521393409,0.972272,2866865,5
1,2721272233,1.014543,2867790,7
1,3255871667,0.986233,2869066,12
1,2612778557,1.004871,2874750,75
1,2618738453,0.946313,2875404,3
1,2760338839,0.962175,2876544,10
1,1352543561,1.053732,2877118,2
1,752707717,0.946313,2878741,17
1,1770863881,0.949404,2880919,25
1,495399607,0.928078,2882678,19
1,716189521,0.977780,2884788,24
1,931630523,1.031723,2885588,5
1,3563403607,1.014543,2886386,5
1,1938199093,0.960652,2887800,14
1,1434148787,1.014543,2890695,35
1,2464391659,0.840271,2894010,41
1,2224358021,0.995105,2895208,11
1,3957166747,1.004871,2896082,6
1,1920449459,0.941139,2897090,8
1,754530727,0.962175,2903586,81
1,3643087813,0.893772,2904893,12
1,3605787061,0.965721,2906248,13
1,1485598031,1.036916,2908740,29
1,2894261521,0.962175,2910929,25
1,4139253697,0.963190,2911876,7
1,2431230547,0.966732,2917288,71
1,2437362223,0.923859,2921447,53
1,1577896121,0.947859,2922445,8
1,2103649579,1.004871,2923304,6
1,2333267309,1.039268,2926056,33
1,2936875343,1.031250,2927827,19
1,1413176587,0.980274,2929103,12
1,3431678209,0.989693,2931771,32
1,2959205789,1.064795,2935850,52
1,2915511559,1.015505,2937893,23
1,2676266459,1.085235,2938756,6
1,273668453,1.057894,2941492,33
1,2002270637,0.924387,2943124,17
1,3786438757,1.061120,2943633,1
1,2817182153,0.996086,2944564,7
1,405653993,0.942176,2945484,7
1,1144877311,0.938541,2948442,36
1,3551674349,0.908940,2949526,9
1,1651993997,0.877229,2950598,9
1,359160349,0.997066,2951385,5
1,1300330547,0.966732,2953998,31
1,3554346023,0.927551,2954716,4
1,1241802017,0.979277,2955360,3
1,3599862697,1.064795,2957824,29
1,830001607,0.966732,2958542,4
1,2863102757,1.004871,2963768,68
1,661216051,1.002438,2965251,15
1,206825669,0.958616,2970785,73
1,3250196371,1.012133,2972478,18
1,3866518451,0.952997,2973691,11
1,721946101,0.911086,2974756,9
1,1506170209,0.904092,2977591,34
1,1725719227,0.956577,2979151,16
1,2525801611,0.972272,2980147,8
1,357707179,0.958616,2980998,6
1,1782936361,0.907327,2983536,30
1,38393209,0.867152,2985711,25
1,1716235219,0.993141,2987276,16
1,2015067113,1.062040,2993027,76
1,1104323651,1.051877,2995151,24
1,3342788077,0.902471,2997706,30
1,1390635373,0.953509,2998913,11
1,3978101251,0.914830,3000461,16
1,2975961997,1.021736,3001455,8
1,2006957873,1.025076,3002115,3
1,1215905401,0.996086,3005354,35
1,525789287,1.055121,3007519,24
1,1962216367,0.998534,3008245,4
1,1260722417,1.000488,3009384,10
1,2636472877,0.962175,3010387,8
1,1729754867,1.053732,3011602,11
1,2339313791,1.000488,3016575,65
1,3845529361,0.978779,3017438,6
1,2460708181,0.995105,3018647,11
1,814910287,0.982762,3019776,10
1,3769403621,0.886641,3021332,16
1,1635859991,1.044891,3026110,62
1,2049527303,1.053732,3026896,5
1,890245861,0.940620,3027535,3
1,2071350557,0.889391,3029325,19
1,3915014951,0.936979,3034588,69
1,3692992613,1.057894,3035167,2
1,1679829367,1.014061,3035965,5
1,1818484391,0.950945,3038012,23
1,3375772489,0.842012,3038597,2
1,4244409529,1.008267,3040574,22
1,2229410851,1.023646,3042049,15
1,1743264377,1.061581,3042976,7
1,460062299,0.930180,3043771,5
1,3877415561,1.081629,3044767,8
1,2101266247,0.956577,3050871,81
1,1306726247,1.024600,3051664,5
1,190770959,1.058356,3053149,15
1,3263003539,1.014543,3055272,24
1,3279539827,0.886641,3056068,5
1,1247774597,0.956577,3056856,5
1,1288567789,0.972272,3058446,16
1,4254121541,0.975280,3060566,24
1,3787811141,1.015505,3061561,8
1,3826977103,0.977281,3062217,3
1,150760919,0.953509,3063916,18
1,2193101993,0.944247,3065263,13
1,3364090661,0.913227,3066745,15
1,1772601139,1.020302,3068601,20
1,3990848951,0.969254,3070585,22
1,547244483,0.889391,3071649,9
1,2565040969,1.015505,3073208,16
1,2898352393,0.919090,3077429,54
1,295702349,0.938021,3079335,21
1,2198174189,1.042552,3081956,31
1,4145902933,0.986233,3084290,27
1,4009124827,1.004871,3087741,43
1,1323052957,1.012133,3089996,26
1,2876106173,1.044423,3091709,18
1,1463105249,0.972272,3092982,12
1,269259019,1.095534,3094797,20
1,2639396003,0.935936,3096080,12
1,3746103329,0.978779,3097699,17
1,2438289949,0.952484,3099460,19
1,2398600667,0.977780,3100054,2
1,3208797763,0.999023,3101060,8
1,1484582999,0.956066,3101992,7
1,783069731,0.897044,3106511,55
1,2633682917,0.946313,3107250,2
1,1705007071,0.927551,3114140,92
1,2273617103,0.935936,3114866,4
1,1460283469,0.862636,3117430,30
1,3501494461,0.928078,3118217,5
1,2873661121,0.920682,3120896,32
1,2037135473,0.935414,3121409,1
1,98918243,0.889391,3123653,26
1,3623033279,0.983258,3124947,12
1,1569009583,0.938541,3125819,6
1,3926411711,0.956577,3126608,5
1,1657697023,0.942694,3129437,34
1,3596533777,0.956577,3130499,9
1,3894019219,1.005357,3133089,31
1,2058022279,0.990679,3134231,10
1,2776950067,0.969758,3135027,5
1,3363611453,0.983258,3136245,11
1,2203030303,1.117160,3143591,99
1,788252887,1.079822,3145367,19
1,2675215661,0.966732,3146717,13
1,3220389677,1.031723,3147526,5
1,292177577,0.994614,3149360,20
1,33586457,0.963190,3150122,5
1,2862165041,0.989693,3151670,16
1,3862786831,0.977780,3152604,7
1,1122733861,0.989693,3155130,30
1,3323760577,1.064795,3156128,8
1,2930522291,0.925443,3157341,11
1,2883604631,0.956066,3158059,4
1,3097599943,0.935936,3161692,44
1,82799627,0.958616,3162206,1
1,3443590331,0.886641,3164691,29
1,3737188199,0.963190,3166954,26
1,4018332833,1.001951,3170899,50
1,3899428789,0.987223,3171622,4
1,3913586069,1.019823,3173396,19
1,2646621499,1.012616,3174680,12
1,1808374871,0.932277,3176453,19
1,3134377621,0.968750,3177399,7
1,3786269857,0.960652,3177976,2
1,37981459,0.995105,3179021,9
1,1495612429,0.895409,3181638,31
1,1509375079,0.986233,3184037,28
1,1493163521,0.988706,3187351,41
1,566142559,1.103085,3188072,4
1,1481995093,1.073928,3192567,58
1,1985423767,0.956577,3193846,12
1,4273000183,0.985243,3196337,29
1,1279689451,0.989693,3198946,31
1,2755525109,0.997066,3201080,24
1,1810107253,0.963190,3203432,27
1,3333741391,0.994614,3204715,12
1,3838215847,0.988706,3208284,41
1,2644156841,1.014543,3209461,8
1,2217635617,1.078917,3210269,5
1,294304247,1.020302,3211419,10
1,2190247259,0.944764,3212759,13
1,951296569,1.016466,3215846,38
1,3951430991,0.873324,3216577,4
1,2470030583,0.989693,3217720,10
1,2123065817,0.963190,3220018,26
1,3868856393,0.978779,3221293,12
1,389007469,0.970764,3224462,39
1,3424682711,0.963190,3229583,67
1,1150327501,0.946313,3230086,1
1,1885704433,0.870524,3231847,19
1,871132217,0.985243,3232562,4
1,3489301769,0.950945,3238300,76
1,2879872949,0.984747,3241894,45
1,1109145143,0.927551,3243933,23
1,1150564523,0.904092,3244653,4
1,2316302251,1.025076,3247573,35
1,76401293,0.978779,3249337,19
1,691013737,1.040677,3250038,4
1,541160161,0.962175,3252065,23
1,184969003,0.930180,3253191,10
1,276901159,0.975280,3254251,9
1,2589364361,0.977281,3254824,2
1,2863103527,1.024600,3257027,25
1,2034206309,0.946313,3259778,33
1,3828184099,1.005842,3260286,1
1,323037347,1.039268,3262810,30
1,1632836201,1.039268,3264012,11
1,2907863537,0.989693,3264601,2
1,219432907,0.953509,3266223,17
1,2303162237,0.942694,3268377,24
1,1051376603,0.988706,3269173,5
1,1006091041,0.982762,3271290,24
1,2974713041,0.985243,3272773,15
1,3188117131,1.004871,3274899,24
1,2405275063,0.970764,3277372,29
1,3605548697,0.972272,3278105,4
1,4214531159,0.914830,3279525,14
1,2848380523,1.072563,3283055,44
1,1888900147,0.959126,3283702,3
1,1854014417,1.052341,3284483,5
1,606180643,0.940620,3285469,8
1,1794139943,0.907327,3287935,29
1,3300666563,0.946313,3289145,11
1,4196792657,0.960652,3290284,10
1,3715462393,0.915897,3292408,24
1,2336527189,0.979277,3293959,16
1,2169943663,0.929129,3294542,2
1,2872147013,1.059739,3297213,32
1,1272702383,0.946829,3299428,25
1,2744987491,0.993141,3300638,11
1,2495909687,0.978779,3301435,5
1,1898025743,0.965721,3303338,21
1,2209778959,1.057433,3304343,8
1,1165397503,1.031250,3306471,24
1,3864666887,1.095534,3307603,10
1,1303726943,1.026980,3312766,61
1,4182652927,0.895409,3314946,24
1,3460127479,0.932277,3316031,9
1,1318793269,0.980772,3318978,36
1,3365195651,0.919621,3319905,7
1,2764892881,1.035974,3320972,9
1,3722159953,0.938541,3324068,38
1,2690579701,0.966732,3331277,96
1,3906099493,0.983258,3333175,21
1,1412377783,1.004871,3333758,2
1,28371439,1.029354,3335512,19
1,2996283259,0.963190,3338202,32
1,3062954051,1.037387,3339902,18
1,2844267337,0.942694,3341937,23
1,2197675943,0.864332,3343097,10
1,3756919141,0.942694,3343683,2
1,3899328289,0.963190,3344467,5
1,3829401803,0.888292,3344967,1
1,47024969,0.985243,3345668,4
1,336981077,0.999023,3346725,9
1,1354544699,1.037387,3347869,10
1,4285614089,1.010685,3351466,45
1,107640227,1.008267,3352389,7
1,1985963963,0.982762,3353122,4
1,3846370721,0.935936,3354670,16
1,540370739,1.025076,3355524,6
1,2044521553,0.907327,3358608,38
1,1365236687,0.936979,3360530,21
1,277231961,0.998534,3361582,9
1,3450388609,0.942694,3362435,6
1,4196540137,1.071652,3365663,40
1,130579469,1.087482,3368534,35
1,2504980987,1.078012,3369342,5
1,1908002087,0.894318,3371257,21
1,226191961,0.973276,3372814,16
1,2332109777,0.944764,3373323,1
1,1115537341,1.051877,3374818,15
1,2278616911,0.956577,3379526,61
1,1773940243,0.966732,3380872,13
1,774803539,0.884436,3384261,42
1,154380727,0.938021,3384764,1
1,1206050621,0.989693,3386118,13
1,3918387871,1.018386,3387472,13
1,3689806499,0.955044,3388622,10
1,226687547,0.946313,3390249,17
1,1224136961,0.885539,3391388,10
1,1684814333,1.035503,3392468,9
1,2163525011,0.963190,3395771,41
1,4270024763,0.965721,3398242,29
1,535807871,0.942176,3401963,47
1,1519224139,0.982762,3402541,2
1,3454524329,0.878342,3405918,42
1,2948863301,0.941657,3406633,4
1,804714877,0.914830,3407226,2
1,3549569293,1.056971,3409073,20
1,779377679,0.930180,3410763,18
1,3765242413,1.022214,3413444,28
1,3297639287,1.046292,3415287,18
1,3016527253,0.940620,3416459,10
1,1466518201,1.027930,3417178,4
1,3419225897,0.921743,3417901,4
1,4014506651,0.948889,3419974,23
1,2580143309,1.025076,3421044,9
1,1613142269,0.944764,3426211,68
1,1159233353,0.986233,3428265,23
1,2446789811,0.958616,3428844,2
1,1167626561,1.072563,3429898,9
1,737872909,0.924916,3431586,18
1,3470401859,0.946313,3434602,37
1,3568637731,0.898132,3435530,7
1,3156081011,0.979277,3437239,18
1,3017992753,1.035974,3438734,15
1,1420756889,0.977780,3440911,25
1,1666130231,0.970764,3442126,11
1,1015473499,1.014543,3443817,18
1,2073522679,0.975280,3446645,34
1,3700237829,0.915897,3447497,6
1,2937907157,0.952997,3450335,34
1,3818052013,0.929129,3453089,33
1,3930756421,0.950945,3454371,12
1,4198934213,0.980772,3455377,8
1,511830439,0.988706,3457070,18
1,1743165103,0.969254,3458360,12
1,168402341,1.046292,3463263,64
1,942415139,0.985243,3466208,36
1,362455553,0.963190,3467890,18
1,794548169,0.927551,3469386,15
1,1860054773,0.966732,3470116,4
1,2211413461,0.976281,3473568,43
1,1882620343,0.989693,3483082,130
1,2061801773,1.000488,3488123,66
1,2552938417,0.998534,3488989,6
1,639777997,0.946313,3491449,29
1,3950319293,0.774345,3492529,9
1,1926721913,0.962175,3495061,30
1,268365991,0.975280,3496415,13
1,2647773889,1.035974,3498038,17
1,3978135509,0.994614,3498763,4
1,3806933561,0.956066,3500742,22
1,2762543467,0.963190,3502021,12
1,3689343661,1.054659,3510994,122
1,2990172943,0.969758,3512490,15
1,650885801,0.978779,3517020,55
1,3116709499,0.969254,3524128,86
1,2241325417,0.978779,3525334,9
1,3314800663,0.994614,3527381,23
1,2324768443,0.970764,3528307,7
1,829035343,0.993141,3530143,20
1,3157927417,0.964709,3531703,16
1,1130228443,0.983258,3532498,5
1,3086870201,0.998534,3533787,12
1,886309069,0.975280,3536876,38
1,1758843739,0.948889,3537531,3
1,163225763,0.962683,3539853,27
1,2720683351,1.012616,3540571,4
1,3783951737,1.057894,3541362,5
1,1945873679,1.061581,3541953,2
1,1528679021,1.010685,3543304,13
1,3286469129,0.931229,3544234,7
1,1278703523,0.992649,3545179,7
1,2448005107,1.079822,3547372,25
1,2336286389,1.051877,3552027,60
1,907240249,0.841432,3552539,1
1,1070415679,0.915897,3553764,11
1,3015116381,0.989693,3555336,16
1,3737243539,1.020302,3556206,6
1,3498968243,1.020780,3559382,39
1,803709791,0.911086,3561653,26
1,1974920179,0.952484,3562738,9
1,1947994823,0.979277,3565351,31
1,3422164903,1.057894,3568302,36
1,865802407,1.021736,3570073,19
1,1557723067,1.014543,3570941,6
1,2765048003,0.979277,3572437,15
1,911586553,0.953509,3574361,21
1,3725800423,0.920682,3574947,2
1,1309727123,0.904092,3576462,14
1,708943057,0.921743,3578376,21
1,2144264411,1.003899,3580294,21
1,3055506019,0.946313,3580952,3
1,400941397,0.969758,3582228,12
1,4220869661,0.972272,3584790,30
1,1935934859,0.996576,3587327,30
1,3564786733,0.893772,3587976,3
1,2315406871,1.051877,3589660,18
1,469540501,0.998534,3591223,16
1,3220473637,0.927551,3593423,25
1,1856646151,0.973777,3598728,70
1,1023659929,0.938021,3600212,15
1,306391517,1.029829,3602326,24
1,827605871,0.970764,3604084,19
1,177696691,1.016466,3605288,11
1,609985199,0.938021,3606777,15
1,160278817,1.005357,3607477,4
1,2719298833,0.983258,3608535,9
1,1556708267,0.956066,3611005,29
1,840148369,1.019344,3614090,38
1,3571548697,0.968750,3616610,30
1,3757468907,1.002438,3618782,20
1,2778332917,0.984747,3621394,28
1,1246508327,0.940101,3622204,5
1,3798167119,0.983258,3625229,37
1,4048963643,0.986233,3625886,3
1,3086037469,1.020302,3631374,72
1,2480704861,0.900304,3632590,11
1,478423573,0.946313,3635172,31
1,2726438513,0.941657,3637896,33
1,4228751731,1.010202,3641148,40
1,1483205809,1.044891,3642496,13
1,488271461,1.004871,3643488,8
1,1973859473,1.037387,3644700,11
1,2796038771,1.091516,3646043,13
1,1105381093,0.919090,3647807,19
1,4024374259,0.989693,3648339,1
1,4255039241,1.016466,3649206,6
1,268203347,0.972272,3652017,34
1,1252606123,1.058356,3653442,14
1,3751852721,0.950945,3654230,5
1,680410763,1.031723,3656149,21
1,2108290433,0.886641,3658713,30
1,3177922541,1.047691,3659881,10
1,3947550527,1.046292,3661167,12
1,550776157,0.989693,3663080,21
1,1465149821,0.977780,3664845,19
1,776661037,1.009235,3666192,13
1,3677117933,0.914830,3666786,2
1,649038623,1.012133,3668064,12
1,1458187573,0.988706,3669064,8
1,2526292669,0.982762,3670428,13
1,693404329,1.015505,3671203,5
1,1435668469,0.972272,3676535,70
1,2656245341,1.014061,3682617,81
1,1346529097,1.042552,3684509,21
1,3620632793,1.014061,3685524,8
1,1444024447,0.956577,3691192,75
1,3030045647,0.941657,3695139,50
1,863812769,0.950945,3697397,26
1,2735648441,1.047691,3699657,26
1,4041164693,0.993141,3700525,6
1,1106177047,0.927551,3704324,48
1,4268303437,0.885539,3705678,13
1,4226792429,0.978779,3706355,3
1,3060371893,0.963190,3708120,19
1,2757770623,0.963190,3709625,15
1,2001527677,0.986233,3712871,40
1,3951641663,0.958616,3713521,3
1,3986195483,0.911086,3714385,6
1,1710204929,0.958616,3717265,35
1,1706513713,0.989693,3718964,18
1,1319164123,0.954021,3720109,6
1,113211667,0.986233,3721552,12
1,2698715297,1.012133,3724175,31
1,706566671,1.040677,3730901,90
1,2845003081,0.924387,3731825,7
1,2816360609,0.941657,3733451,17
1,134982847,1.016466,3733953,1
1,2552067491,0.982762,3734606,3
1,392388481,0.898675,3736219,17
1,3389360267,0.946313,3737286,9
1,3762704437,0.889391,3740519,40
1,2622819499,1.004871,3742498,22
1,2862855929,0.998534,3744681,25
1,3423985979,1.081178,3747772,38
1,2466362453,0.956066,3748694,7
1,2890660111,1.031723,3750046,13
1,1122560191,0.999023,3751053,8
1,3306566083,0.953509,3751769,4
1,4114312183,0.911086,3753418,17
1,1452356641,0.785613,3755446,23
1,2543579963,0.960652,3756177,4
1,3678253441,0.919621,3756756,2
1,1437804281,0.935936,3758815,23
1,1782778583,0.967237,3760586,19
1,2727182701,0.913227,3762489,21
1,1013290841,0.941139,3763068,2
1,2933055733,1.044423,3764210,10
1,1817773631,1.015505,3771853,103
1,3535229939,0.988706,3772447,2
1,3882003817,0.966732,3773869,14
1,3843899959,0.964709,3774822,7
1,2518905817,0.954021,3776166,13
1,189646117,0.989693,3778481,27
1,1228289731,0.950945,3782693,54
1,3518279929,0.960652,3786065,42
1,1093014547,0.929129,3787416,13
1,1713226819,1.046758,3788348,7
1,3400846247,0.989693,3789426,9
1,1031521321,0.983258,3792742,41
1,1550598979,0.963190,3793887,10
1,2524087403,0.957597,3796221,27
1,2262935219,0.966732,3798493,26
1,1628983151,0.972272,3799283,5
1,59411827,0.927551,3801043,19
1,2838535391,0.977281,3802887,20
1,2967558271,0.914830,3805494,31
1,3442670717,1.043488,3807613,24
1,3983790469,0.985738,3809100,15
1,806578541,1.040207,3812339,40
1,2948296781,0.960652,3813064,4
1,2787176839,1.091516,3814127,9
1,1442698951,0.997066,3814648,1
1,1328539073,0.956066,3817664,37
1,3206104241,0.927551,3818451,5
1,1168037657,0.878342,3819520,9
1,3300586433,0.929129,3821020,15
1,2540234069,1.022214,3821541,1
1,2428380601,1.018386,3822973,10
1,1479046817,0.963190,3824059,7
1,2400290063,1.037387,3824662,2
1,1622842471,0.938021,3826440,19
1,693006089,0.908940,3827380,7
1,4207244101,0.942176,3828325,7
1,1795943609,0.914830,3830856,30
1,3883821349,1.009718,3832074,11
1,2159354317,0.983258,3833760,18
1,3891843383,1.004871,3835338,16
1,3137360249,0.950945,3838785,43
1,1521983549,0.940620,3842148,42
1,2615286769,0.986233,3846978,63
1,1853422069,1.043488,3849806,34
1,752247827,1.100870,3852481,32
1,2683579637,0.911086,3853353,6
1,4093077557,1.084785,3854441,9
1,3160703753,0.963190,3855223,5
1,415225939,0.985738,3856441,11
1,787219739,0.996086,3857723,12
1,97452977,0.978779,3859756,23
1,146472757,0.963190,3861446,18
1,566046889,0.907865,3862579,10
1,2242768669,0.963190,3863097,1
1,1537103339,0.944764,3864389,12
1,2692186891,0.946313,3866079,18
1,3027493967,1.036916,3869315,40
1,3860416943,1.005357,3873036,47
1,1356373939,0.985243,3875845,34
1,3915527717,0.931753,3877466,17
1,980597437,1.009718,3878423,7
1,751120889,1.081178,3879138,4
1,1820968217,1.019823,3880271,10
1,1767545303,0.972272,3885607,70
1,2611232479,0.979277,3887744,24
1,3954186017,0.919090,3888666,7
1,13479343,0.940101,3889852,11
1,506043623,1.090621,3890987,10
1,1280599501,0.973276,3895054,52
1,2137617523,0.999023,3895643,2
1,562206817,0.908940,3896419,5
1,4044110771,1.031723,3902871,86
1,2218088021,0.942694,3904085,11
1,2884002623,0.985243,3906445,27
1,2357146277,1.046292,3907166,4
1,3307711247,1.005842,3911421,54
1,474084691,0.996086,3916478,66
1,3594799543,1.106179,3917198,4
1,111999457,1.039268,3918261,9
1,4173571579,0.952484,3918988,4
1,3405646613,0.968750,3920063,9
1,2015008309,0.989693,3921411,13
1,2670393571,1.010202,3923326,21
1,4165187801,0.924916,3924114,5
1,3269654207,0.969758,3925236,6
1,4191834299,0.972272,3926440,9
1,1471223443,0.994614,3927330,6
1,3879728053,0.986233,3928974,17
1,1608221411,0.878342,3934501,73
1,382020983,0.919090,3935496,8
1,1393405963,0.972272,3939364,49
1,2345076199,0.965215,3942524,39
1,4099079683,0.998534,3943035,1
1,1963942759,0.963190,3945443,28
1,1503192179,0.995105,3946162,4
1,2593522189,0.953509,3948766,31
1,1604473561,0.948374,3949763,8
1,1007645053,1.040677,3952776,37
1,2671941641,1.072563,3953628,6
1,919301863,0.910550,3955189,16
1,3145646771,1.018386,3956757,16
1,643558547,0.948374,3961042,55
1,3176335579,0.855246,3965871,63
1,420811439,0.903552,3967355,15
1,1951944469,0.915897,3970947,45
1,2202916237,0.974780,3972024,9
1,1173511891,0.948374,3976314,55
1,3572011357,0.919090,3976969,3
1,533733763,0.983258,3978530,16
1,179489837,0.847791,3982398,49
1,3113180773,1.029829,3983192,5
1,2561012873,0.944764,3983845,3
1,3829826743,0.870524,3985675,20
1,1331971967,1.020302,3986262,2
1,1020228023,1.003899,3989289,37
1,4047605477,1.019823,3991066,19
1,3251302771,1.004871,3992205,10
1,3378654589,0.924387,3993487,12
1,239445281,0.970764,3994746,12
1,585784621,0.886641,3995950,11
1,2894944567,0.949404,3996816,6
1,1604148911,1.078917,3998949,24
1,1009139819,1.055584,4000508,16
1,2314326151,0.969254,4002657,24
1,4136825417,1.012133,4003167,1
1,2052994529,1.037387,4005008,20
1,3694980571,0.936979,4007281,26
1,559485463,0.952997,4007851,2
1,2561887813,1.024600,4009124,12
1,5761127,0.930180,4011210,24
1,2906846909,0.970764,4013697,29
1,3063640897,1.027455,4016502,34
1,3579885671,1.005357,4017081,2
1,147187423,0.989693,4018492,14
1,167684963,0.914830,4020682,25
1,42447941,1.010202,4021868,11
1,2267507131,0.928078,4026776,64
1,3050658731,0.893772,4027809,6
1,3040987841,0.952997,4028791,6
1,2880006043,0.912693,4030181,13
1,4241830247,0.979277,4031191,8
1,3403599533,1.029354,4032483,12
1,2706293377,0.919090,4033122,3
1,2669341267,0.906250,4033637,1
1,4269994453,0.922801,4038339,61
1,1126529423,1.095534,4039415,9
1,2176920157,1.055584,4039918,1
1,2876188243,0.973777,4041422,15
1,1011777941,1.051877,4043109,18
1,2767933811,1.066628,4044875,19
1,1744544939,0.980772,4047133,26
1,711292781,0.929655,4052134,65
1,3201273067,1.061581,4053575,14
1,1107720941,0.920682,4055265,18
1,3007963291,0.986728,4057453,25
1,2252828359,0.970764,4058035,2
1,1155302563,1.005357,4060073,23
1,639909799,0.952997,4062264,25
1,607124087,0.941657,4063613,13
1,1800012317,0.970764,4064465,6
1,3901264123,1.010202,4066372,21
1,2834471071,0.990679,4067795,14
1,3072396781,1.166760,4069568,19
1,2576533177,1.027455,4071973,28
1,960633857,0.927551,4074082,24
1,961343333,0.979277,4075499,14
1,2412686033,0.975280,4076565,9
1,535300481,1.044423,4077614,9
1,2662735633,1.055584,4079457,20
1,3830373707,1.069828,4083402,50
1,2880466103,1.004871,4085307,21
1,3440367361,0.935936,4088263,36
1,3065038381,0.962175,4093098,63
1,1943814461,0.940620,4094244,10
1,3983942089,0.956577,4097004,33
1,2701389083,0.916963,4099746,33
1,9708229,0.950945,4103013,41
1,204963799,0.989693,4103958,7
1,1201667813,0.872205,4104831,6
1,3911400893,0.880563,4105485,3
1,2820861761,0.944764,4107723,26
1,1043039477,1.029354,4109074,13
1,2403220639,0.936458,4111067,22
1,503756069,0.860369,4112056,8
1,3152374997,1.044891,4114033,22
1,4142915771,0.936979,4115810,19
1,1275647959,1.012133,4117294,15
1,3952609207,1.025076,4119073,19
1,458058529,1.010202,4120689,17
1,1829309243,0.998534,4124119,43
1,2211675527,1.040677,4124634,1
1,3845808247,0.985243,4125703,9
1,4138504787,0.969254,4128743,37
1,3103444609,0.989693,4130606,17
1,2029920463,0.977281,4134375,45
1,3407014879,1.015505,4138410,51
1,808217149,0.927551,4138984,2
1,2026186457,0.844329,4140465,15
1,1321708721,0.994614,4141672,11
1,52950823,1.054659,4146082,57
1,3026592893,0.989693,4147634,16
1,2137651093,0.997066,4148922,12
1,2686716559,0.977780,4149701,5
1,594867943,1.057894,4151190,15
1,614238827,0.908403,4152614,14
1,2048198203,0.988706,4154173,16
1,1297161077,0.891036,4155523,13
1,4090691039,0.950945,4157531,22
1,3463237163,1.012133,4158782,10
1,2910114479,0.900304,4160368,16
1,3975314297,1.027930,4163749,42
1,319176437,1.067086,4165654,21
1,2511936671,0.991172,4166167,1
1,3406831567,1.025552,4167305,10
1,285713261,1.023646,4169288,22
1,2739200161,1.057894,4172666,42
1,676447729,0.930180,4173240,2
1,3811847329,0.977780,4174443,11
1,2050262821,1.024600,4175515,9
1,2851605179,0.897588,4183798,112
1,264118003,0.997066,4184451,3
1,1109745509,1.020780,4185030,2
1,2218269637,0.986233,4186164,10
1,2679673847,0.972272,4187325,10
1,957193513,1.064795,4188668,13
1,4170527111,0.907327,4190303,17
1,2062059169,0.945280,4192355,23
1,2544007469,0.964709,4194051,18
1,2473993217,0.969254,4195663,17
1,424542697,0.961160,4196720,9
1,2559547357,0.946313,4198216,15
1,3925886879,1.084785,4200192,22
1,1440873803,1.038328,4202943,33
1,4211906561,0.950945,4204434,15
1,3040063979,1.043488,4210416,79
1,4117325843,0.944764,4211484,9
1,2980761437,1.038328,4212139,3
1,4050683921,0.948374,4212924,5
1,3679522921,1.040677,4213777,6
1,2222367611,1.023646,4214708,7
1,2157093439,1.069828,4215360,3
1,2017496111,0.915364,4218170,34
1,467507737,0.994614,4218959,5
1,696116489,0.989199,4219745,5
1,1939392823,0.989199,4221586,20
1,196799527,1.040677,4222232,3
1,2552934817,1.079822,4223295,9
1,2101157473,0.989693,4224935,17
1,2263959721,1.044423,4228096,39
1,698179673,0.956577,4228735,3
1,2636413099,0.966732,4231079,27
1,1477652101,0.977780,4233595,24
1,276044633,0.919090,4238818,68
1,2770930571,0.989693,4240097,12
1,841180033,1.025076,4241929,20
1,154035023,0.846639,4243349,14
1,2745527347,0.972272,4245477,24
1,507463751,0.966732,4247472,22
1,3925092007,0.873883,4248056,2
1,2611077229,0.946313,4252197,53
1,2912944981,0.935936,4256984,62
1,2741947213,1.020780,4257638,3
1,1604844347,1.019823,4258512,6
1,3939070691,1.010685,4259382,6
1,1373909387,1.010685,4262400,37
1,2116557769,1.012133,4265559,39
1,593514469,0.893772,4266065,1
1,2221008341,0.979277,4271248,68
1,3125929249,1.027455,4272100,6
1,138004093,1.035974,4272812,4
1,645096181,1.031250,4274031,11
1,231484711,0.973276,4275583,16
1,1863032161,0.941657,4276865,12
1,619591081,0.993141,4277654,5
1,3251490257,1.044423,4287723,138
1,3557826869,0.995105,4289758,23
1,78548867,0.934370,4292273,30
1,2253531653,0.900304,4293545,12
1,159088109,1.023646,4295451,21
1,3907052011,0.968750,4296312,6
1,1315548889,0.970764,4303048,90
1,1907235311,1.024600,4304539,15
1,3433973471,1.004871,4306455,21
1,1642566433,1.012133,4307657,11
1,71699333,0.956577,4309819,25
1,1513626497,0.970764,4310741,7
1,989862217,0.946313,4311809,9
1,315998381,0.928078,4318765,93
1,1002850921,0.922801,4319688,7
1,1664467517,0.956577,4320267,2
1,1554571751,1.041146,4325452,68
1,1573444141,1.042552,4326661,11
1,2866177469,0.996576,4328637,22
1,1373347187,0.978779,4329155,1
1,1230754799,0.935936,4330452,12
1,445927253,0.846639,4331445,8
1,881381909,0.988706,4333202,19
1,1053972523,1.130628,4335722,25
1,2300464721,0.956577,4338463,30
1,2462071237,1.010685,4340092,17
1,1607174329,0.960652,4343255,39
1,2231585357,0.983258,4344181,7
1,2788504717,1.055121,4345391,11
1,3259481,0.968750,4347404,23
1,1299263023,0.949404,4348056,3
1,3191670683,0.994614,4353412,70
1,4045293487,0.950945,4354553,10
1,964880069,0.978779,4355691,10
1,3496643987,1.061581,4357175,15
1,3945387011,1.015505,4357684,1
1,3157444447,1.004871,4359681,22
1,1642576811,0.942694,4360978,12
1,3077393731,0.921743,4362551,16
1,3934773221,0.936979,4364954,28
1,3358322413,0.962683,4366384,14
1,1550609029,1.038328,4367518,10
1,4171475809,0.921743,4369153,17
1,2020036133,0.970764,4369940,5
1,311040589,0.985243,4370516,2
1,4114265011,0.966732,4372153,17
1,3499039459,0.969758,4372664,1
1,1795643231,0.963190,4373738,9
1,3261583891,0.929129,4375652,21
1,521516603,0.983258,4376302,3
1,4119240941,0.963190,4377589,12
1,719542619,0.977780,4379144,16
1,45303611,0.942176,4380685,16
1,2270785117,1.050483,4382034,13
1,1578477673,0.963190,4383175,10
1,370885733,0.960652,4384298,10
1,2462221549,0.914830,4385229,7
1,1178701921,0.978280,4385941,4
1,1362764003,0.953509,4386799,6
1,180872273,0.919621,4389251,29
1,890755603,0.913227,4390530,12
1,1216733677,0.908940,4396585,80
1,2060594881,0.903011,4397230,3
1,2122624841,1.023646,4398027,5
1,2682818629,1.004871,4399452,14
1,1362173591,0.869402,4401561,24
1,3276025873,0.894318,4402476,7
1,3674855231,1.010202,4407469,65
1,3059004307,0.923330,4409095,17
1,2024228587,1.085235,4411919,34
1,3811866313,1.033142,4417238,70
1,261552881,0.919090,4419216,22
1,582826051,0.868278,4419868,3
1,1981171877,0.978779,4421141,12
1,1848358739,0.974279,4424176,37
1,2055987253,0.964709,4426515,27
1,3602404627,0.982762,4427381,6
1,282338699,0.975280,4428441,9
1,2518923647,0.911086,4429870,14
1,3441382073,1.020780,4430660,5
1,755430733,0.986233,4433617,36
1,1090680827,1.051877,4435814,25
1,3050557501,0.962175,4437310,11
1,540096343,1.031250,4444915,100
1,1170487853,0.999023,4446288,13
1,723788159,0.921213,4448340,23
1,3082763741,0.969254,4448864,1
1,3902514529,1.058356,4449378,1
1,3509625919,1.036916,4451428,23
1,1594189781,0.927551,4455406,50
1,2678956463,0.941657,4455995,2
1,1116144173,0.995105,4458664,32
1,2107266559,0.915897,4459535,6
1,770200973,0.921743,4460541,8
1,312035891,1.003899,4462160,17
1,4189148219,0.904092,4465190,37
1,1368037483,0.954021,4467380,25
1,1964585087,1.020302,4468733,13
1,2194075391,1.012133,4469254,1
1,3668393647,0.919090,4470052,5
1,402250229,0.923330,4470707,3
1,3927409247,1.021736,4472365,17
1,1592362661,0.989693,4475322,36
1,2574786541,0.924387,4477299,22
1,3248258953,1.024123,4478302,8
1,1167467909,0.919621,4479022,4
1,3852858487,0.927551,4479688,3
1,2223432973,0.999023,4480541,6
1,4143033283,0.966732,4483159,31
1,1772161253,1.038328,4483733,2
1,2094459163,1.012133,4485084,13
1,2528160917,0.988706,4486636,16
1,3212728177,0.969254,4488480,20
1,1066022359,1.061581,4494154,75
1,3856446467,0.928078,4495169,8
1,3297848843,0.936979,4496517,13
1,1244678191,0.963190,4502534,80
1,1089158429,1.088828,4503184,3
1,2368431851,0.843750,4508174,65
1,2491636919,0.956577,4512099,50
1,378149389,0.938541,4512738,3
1,287258497,1.019344,4513726,8
1,2770795231,0.895409,4515019,12
1,3459498433,0.968750,4516793,19
1,3546347113,0.919090,4517379,2
1,1453897667,0.972272,4518106,4
1,312084467,0.973777,4519584,15
1,779425279,1.003899,4520392,5
1,3126219553,1.005357,4522290,21
1,3338727157,0.989693,4525824,44
1,451173067,0.963190,4526540,4
1,3938734039,1.010202,4528455,21
1,262176463,0.979277,4528963,1
1,332661361,1.005357,4531913,36
1,43782161,1.047691,4532882,8
1,3798952189,1.031250,4534450,16
1,903792997,1.015505,4537485,37
1,4193568559,1.075291,4538848,13
1,3871284971,1.012616,4539940,5
1,3476614489,0.914830,4542214,26
1,473771219,0.820275,4544043,9
1,1134271409,1.052341,4546781,32
1,967458859,0.889391,4547909,10
1,1590550001,0.994614,4549126,11
1,3487771949,1.025076,4551397,26
1,3555696973,1.020780,4553685,26
1,3225738757,1.050019,4554188,1
1,2639603381,0.870524,4555673,15
1,2049724627,0.940620,4556599,7
1,1209028841,0.921743,4557930,13
1,4198831387,0.986233,4559839,21
1,1619648137,1.027455,4560350,1
1,1476255773,0.956577,4561839,15
1,3257596787,0.984251,4563056,11
1,3664660997,0.994614,4564147,9
1,36237569,0.978779,4567774,46
1,668141953,0.956577,4569107,13
1,3913996477,0.956577,4570679,16
1,2654170027,0.979277,4571473,5
1,1647743609,1.035503,4574146,32
1,2726798467,0.884988,4576056,21
1,1088086283,0.924387,4576906,5
1,1300417121,0.969758,4580375,43
1,180750373,1.078917,4581076,4
1,1481222363,1.081629,4582221,10
1,4065919069,1.012133,4583152,7
1,4133882681,0.952997,4583875,4
1,1747290403,1.020302,4586418,30
1,691896467,0.975280,4586921,1
1,1256574301,0.994614,4588347,14
1,1107822857,0.950945,4589900,16
1,3871402651,0.978779,4590762,6
1,712225531,1.046292,4592737,22
1,1891230727,0.956066,4594219,15
1,2551846991,0.940620,4595930,18
1,4024032829,0.975280,4598204,26
1,696731389,0.941657,4602545,56
1,481580903,0.981270,4604877,27
1,1354690301,1.036916,4609251,56
1,3497259671,0.902471,4610400,10
1,1403001749,1.042552,4611953,16
1,3526709581,0.919621,4616226,55
1,4204872647,1.031250,4618563,27
1,3284339693,0.920682,4619768,11
1,3740816383,0.904092,4623848,52
1,472395101,0.972272,4625531,18
1,982898717,0.970764,4627501,22
1,549603409,1.025076,4630465,36
1,2840494537,0.954021,4631526,9
1,233495831,1.010685,4634429,35
1,1936516063,0.938021,4635995,16
1,3318604873,0.963190,4637132,10
1,2776754621,0.972272,4637991,6
1,3847590619,0.970764,4638714,4
1,1407958679,0.983258,4639382,3
1,1647426173,0.954021,4640242,6
1,1429962337,0.948889,4642441,21
1,1677710627,0.979277,4643156,1
1,216002981,0.946313,4643961,5
1,3992281831,0.975280,4645189,11
1,4095813809,1.004871,4646603,14
1,470493449,1.004871,4648008,14
1,2019533081,1.005357,4648733,4
1,155984209,1.023646,4649369,3
1,3665467763,0.948374,4650234,6
1,335350079,0.914296,4652641,28
1,925464983,0.982762,4653572,7
1,1208838847,0.961160,4655622,23
1,3757888009,0.914830,4656778,10
1,2266050641,0.986233,4659741,36
1,3518369633,0.929655,4660752,8
1,326545663,0.944764,4661612,6
1,4106396309,0.936979,4664701,38
1,3785941877,0.963190,4665639,7
1,2718437047,0.970764,4666212,2
1,1702662497,0.855816,4666721,1
1,603715249,1.019823,4667798,9
1,1654052209,0.972272,4668517,4
1,1342330543,0.970764,4669091,2
1,1789716569,0.978779,4674431,70
1,2454032377,0.963190,4682157,104
1,171357283,0.969254,4684403,26
1,1821648397,0.946313,4685533,10
1,4172570657,0.973276,4687023,15
1,2476776457,1.012133,4690811,48
1,848623253,0.970764,4692015,11
1,3640972277,0.970764,4694272,26
1,28546169,0.963190,4694831,2
1,3098853421,0.956577,4698266,43
1,2043357133,0.988706,4699130,6
1,2333690479,1.037387,4701241,24
1,1113544171,0.885539,4703776,30
1,731918189,0.911086,4704638,6
1,1903484437,0.895409,4705568,7
1,1856160511,0.940101,4707058,15
1,2013594659,0.975280,4708887,20
1,3569358493,0.915897,4709878,8
1,1049514163,0.998534,4710456,2
1,3632240243,0.974279,4713271,34
1,210499493,0.908403,4717543,55
1,860021153,0.953509,4718878,13
1,2358060743,1.044891,4721915,37
1,3953267671,1.019344,4723488,16
1,1172824451,1.046292,4728685,68
1,589934297,1.000488,4729748,9
1,21519857,1.044423,4732052,27
1,2169284809,0.914296,4734021,22
1,3847001657,0.970764,4736363,27
1,3817351333,0.977780,4739380,37
1,836994401,1.143084,4741909,30
1,867113911,0.989199,4742772,6
1,1212626347,0.982762,4746253,38
1,203232737,0.968750,4747408,10
1,1189102843,0.956577,4748270,6
1,1259068009,0.934370,4749754,15
1,3616343431,0.947859,4752917,39
1,1417225087,1.107503,4755040,24
1,2702592967,0.988706,4757722,32
1,415594303,0.927551,4760968,40
1,940104031,0.914830,4762178,11
1,1925592391,0.897588,4763604,14
1,2468058227,0.950945,4764253,3
1,443627363,0.978779,4764899,3
1,3224623991,0.970764,4771833,93
1,4241411381,0.986233,4773752,21
1,4140544831,0.936458,4776852,38
1,2530060517,0.970764,4778060,11
1,611710039,1.038328,4779486,14
1,3675986833,0.962175,4780626,10
1,2545478759,1.125868,4781213,2
1,123515783,0.988706,4787105,78
1,3618150979,1.014061,4789991,35
1,3948221341,1.069828,4791345,13
1,3460844669,0.911086,4793323,22
1,3408325177,0.877229,4794598,12
1,1482153853,1.027930,4796877,26
1,2539100917,1.010202,4798300,14
1,1328284019,0.972774,4799023,4
1,1487232493,0.974279,4799545,1
1,1188573109,1.027455,4800265,4
1,31352939,0.956577,4806960,90
1,1402986553,0.976781,4811534,59
1,130685927,0.938021,4812108,2
1,649616729,1.023646,4813102,8
1,1601410667,0.935936,4814666,16
1,565313239,1.000488,4815899,11
1,133109191,1.044891,4817386,15
1,1121746489,0.944764,4818394,8
1,1020289871,0.970261,4819460,9
1,2215973519,0.938541,4821491,23
1,2426185871,1.016946,4824013,30
1,2082614579,0.913227,4824529,1
1,2744727611,0.985243,4827360,34
1,411741227,0.902471,4828353,8
1,2903204497,1.073928,4830892,30
1,208392229,1.004871,4833087,25
1,157112327,1.009718,4838426,70
1,2804484247,0.974780,4839356,7
1,123954619,0.982762,4841182,20
1,3886931987,0.993141,4842043,6
1,1922909237,1.023646,4842551,1
1,1759002659,0.935414,4844166,17
1,323361329,0.927551,4846489,23
1,3547509881,0.902471,4848450,20
1,13991569,1.023646,4849651,11
1,2536234243,1.038328,4853520,49
1,2119602413,0.847791,4855588,23
1,382704347,0.961668,4859241,46
1,485797427,0.921743,4865187,79
1,3210717173,1.062040,4866965,19
1,4147481539,0.970764,4870472,44
1,1813152247,0.920682,4872385,21
1,2357233621,0.927551,4873661,12
1,4088535421,0.929655,4874881,11
1,3562668139,0.867152,4875456,2
1,1093662359,0.956577,4876805,13
1,16721833,1.004871,4883995,97
1,1924383191,0.978779,4888484,58
1,821525321,0.963190,4892365,49
1,416951699,0.989693,4894052,18
1,1289959427,0.972272,4897842,48
1,1965883891,0.933847,4898429,2
1,3048704861,0.963190,4905531,95
1,1115460169,0.921743,4906662,10
1,498089021,0.956577,4908072,14
1,1695262637,1.020302,4909280,11
1,1806160093,0.930180,4910214,7
1,4053714491,0.961668,4912059,20
1,2986457417,0.952997,4912633,2
1,4216348979,1.039268,4913853,11
1,3837636827,0.989693,4914378,1
1,2061183937,0.962175,4915735,13
1,711335161,0.927551,4917941,25
1,1406606683,1.014543,4919160,11
1,309077957,0.997066,4922240,38
1,4048206607,0.914830,4923034,5
1,2581762999,1.040677,4923898,6
1,4149183263,0.941657,4930068,82
1,1411043947,0.928078,4932248,25
1,2378507653,1.009718,4932969,4
1,1331753443,1.009718,4939655,89
1,527515459,0.954021,4944714,66
1,945783427,0.991172,4947038,27
1,2365612121,1.087482,4949946,32
1,3650733803,1.012133,4950814,5
1,351241271,0.927551,4955723,64
1,1407539927,1.086134,4956385,3
1,3863578087,0.949404,4959984,45
1,1093417163,1.008267,4960628,3
1,1429166657,0.932277,4971115,144
1,4028011861,0.908940,4971692,2
1,399742517,0.944764,4972755,9
1,352276417,0.993141,4973889,10
1,1842187729,0.976781,4974957,9
1,3268128473,1.002438,4975957,8
1,1958505739,1.019823,4977311,13
1,4005361001,0.973276,4978611,12
1,2093018533,1.046758,4980035,14
1,584438021,1.008751,4980538,1
1,2747202611,1.016466,4981754,11
1,3411261407,0.921743,4982486,4
1,952176941,0.846639,4984453,22
1,1625331137,0.983258,4989160,61
1,1805770909,0.979277,4993658,58
1,266073943,0.914830,4995567,21
1,1868583191,0.988706,4996360,5
1,1983830389,0.916963,5000709,56
1,295928609,0.932277,5002809,24
1,2715489563,0.904092,5004233,14
1,1938469103,0.886641,5004755,1
1,1369365791,1.003899,5005419,3
1,214822519,0.962175,5006486,9
1,1576316881,0.972272,5008956,29
1,2583359039,0.982762,5011087,24
1,4018258039,0.904092,5012227,10
1,2013059327,0.846639,5012973,4
1,4103351579,1.055584,5017676,61
1,1648323823,0.950945,5018340,3
1,2100525331,0.875000,5023482,67
1,3301748189,0.970261,5024065,2
1,546720049,0.975280,5024776,4
1,1858674407,0.908403,5025292,1
1,3845831663,0.963190,5026107,5
1,205023943,0.990679,5027232,10
1,2292619051,0.978779,5027889,3
1,179519297,1.035503,5028877,8
1,2182547611,1.036916,5031333,29
1,1279428173,1.019823,5032738,14
1,2419641181,0.910014,5034995,26
1,2123501291,0.946313,5036622,17
1,1209333329,0.885539,5039011,28
1,5077279,0.963190,5039504,1
1,1458467093,0.964709,5041061,16
1,2187981667,0.979277,5041782,4
1,324073921,0.952997,5043056,12
1,3665503411,0.966732,5047549,58
1,4022077253,0.927551,5053230,70
1,4066979299,0.878342,5054122,6
1,1577002177,0.972272,5055056,7
1,791396833,1.031250,5055770,4
1,2500822033,0.972272,5060116,56
1,4237317143,0.971267,5061251,10
1,3821149771,0.946313,5064365,38
1,1085130743,1.015505,5067466,38
1,3024464759,1.025552,5069103,17
1,2047197661,0.921743,5070178,9
1,3729357763,0.936458,5071328,10
1,3644588791,0.960652,5072188,6
1,3981362501,0.930180,5074446,26
1,354584911,1.031250,5075508,9
1,266011871,1.031723,5077823,27
1,3448443883,0.969758,5079731,21
1,1026167783,0.970764,5080938,11
1,3748141981,1.026028,5082511,16
1,3550907237,0.998534,5084213,18
1,2800237079,0.804043,5086053,20
1,1841133683,1.005357,5087130,9
1,464944261,0.894318,5090157,37
1,2976509869,0.952997,5091933,19
1,1196487043,1.054659,5092866,7
1,402809597,0.968750,5100757,107
1,1217660893,0.921743,5101408,3
1,2779968119,1.037387,5103116,18
1,3268532573,1.004871,5103697,2
1,263834621,0.948374,5104211,1
1,3861236033,0.969758,5106111,21
1,3884998811,0.987223,5108159,23
1,110330887,0.919621,5111382,40
1,1409828701,0.953509,5114547,39
1,1618557223,1.004871,5116107,16
1,2462773463,0.946313,5118235,24
1,3332071511,0.988706,5119308,9
1,1183546913,0.998534,5120586,12
1,3266811389,0.952997,5122013,14
1,1329515669,0.929655,5124354,27
1,2070840683,0.988706,5127451,38
1,249098959,0.935936,5128236,5
1,1750863299,0.877786,5128748,1
1,483415627,1.008267,5130153,14
1,2817080099,0.932277,5131222,9
1,751268629,0.973276,5137750,87
1,2382386893,0.962175,5138332,2
1,3994878463,0.944247,5139196,6
1,14535223,1.044423,5141379,25
1,336950819,1.066628,5142158,5
1,243537727,0.963190,5144004,20
1,1378501231,0.941657,5145931,21
1,2055722441,0.963190,5148747,34
1,501961891,1.069371,5150167,14
1,4088044979,0.968750,5151102,7
1,1392889079,1.035974,5153730,27
1,1119578101,0.960143,5154880,10
1,66159361,1.031723,5155670,3
1,3960683897,0.997066,5156194,1
1,339973421,1.014543,5158837,30
1,276123973,1.085235,5161796,36
1,143043217,0.950945,5165378,45
1,149973787,1.002438,5167621,26
1,2188615063,0.930180,5168488,6
1,3584724061,0.992649,5169626,10
1,117342457,0.817294,5170418,5
1,301712303,0.997556,5171277,6
1,3581754307,0.983258,5175077,48
1,2475554971,0.911622,5176434,13
1,2893757413,0.982762,5178917,29
1,1111420943,0.963190,5179565,3
1,2266334599,0.956577,5180071,1
1,3597148909,0.910014,5186009,78
1,2815994611,0.968750,5187715,18
1,3711961361,0.956577,5190089,28
1,1062297641,0.983258,5190592,1
1,787637173,0.969758,5191173,2
1,313759847,0.983258,5192166,8
1,570033029,0.935414,5195190,37
1,3801464483,0.982762,5195712,1
1,3275691101,0.931229,5200537,63
1,1852147559,1.000488,5201407,6
1,2240793323,1.004871,5202549,10
1,3828813629,0.936979,5205783,40
1,3505773893,0.930180,5207627,20
1,541912447,0.920682,5209952,27
1,1537691503,0.950945,5212570,31
1,2566415429,0.942176,5213146,2
1,3964110263,0.991172,5214912,19
1,773679029,0.993141,5217300,28
1,1906420493,1.057894,5220402,38
1,4060523741,0.952997,5223077,32
1,2189956673,0.921743,5225393,27
1,1263290251,0.997066,5226746,13
1,1143783373,1.047691,5235872,124
1,3081151441,1.027930,5236525,3
1,1738134499,0.998534,5237946,14
1,3711579841,1.000488,5247830,135
1,2097783811,0.985243,5251965,53
1,3526690507,0.984747,5253029,9
1,3592533223,1.035031,5253823,5
1,1006241993,1.023646,5256170,24
1,1417382377,0.995105,5258265,22
1,546874963,0.927551,5259491,11
1,3729323761,0.944764,5261747,26
1,1603077209,0.970764,5262740,8
1,2396188577,0.938021,5263599,6
1,4125140779,1.082983,5264600,8
1,949409371,1.042552,5265250,3
1,2159589137,0.927551,5266103,6
1,2566031477,0.968750,5267105,8
1,1496780063,0.935936,5269286,25
1,1675022021,0.972272,5270849,16
1,2497331087,0.889391,5271714,6
1,2794617211,1.044423,5273285,16
1,2282879947,0.989693,5275683,28
1,347497793,1.005357,5279107,43
1,1037192537,0.950945,5279687,2
1,830887847,0.922801,5280264,2
1,14060149,1.057894,5280959,4
1,2305086803,0.940620,5286036,66
1,1059852461,0.978779,5288846,34
1,1246304537,0.927551,5290111,12
1,1445887627,0.903552,5293973,49
1,3628764527,0.931753,5295606,17
1,2877659833,1.103085,5298430,34
1,761397029,0.958616,5300681,26
1,1486706413,0.962175,5305942,69
1,2506799807,1.118471,5307861,21
1,1422847609,0.950945,5309851,22
1,1755657151,0.942694,5314203,56
1,3416120951,0.963190,5314734,1
1,1770033731,1.020302,5315512,5
1,3705008551,0.956066,5316101,2
1,3646968599,0.969758,5319888,48
1,3880982867,0.977780,5320609,4
1,3787958549,0.942694,5322454,20
1,144816317,0.895409,5323230,5
1,2510081947,0.994614,5324665,14
1,3742885451,0.958616,5327288,31
1,1410015157,1.021736,5328796,15
1,2459056577,1.019344,5330215,14
1,4082358433,0.995105,5330730,1
1,1492270561,1.005842,5335291,59
1,1853721811,1.010202,5337135,20
1,1441093363,1.014543,5339986,34
1,3821380231,0.932277,5341609,17
1,2207342303,0.889391,5342612,8
1,1223267333,1.015505,5346402,48
1,2440883351,0.979277,5349080,32
1,4081593233,0.978779,5349727,3
1,3896127407,1.016466,5351081,13
1,355994687,1.046758,5352003,7
1,2727252587,1.014543,5353366,13
1,2148774307,1.010202,5354288,7
1,3854764561,0.907327,5354798,1
1,1832636137,0.994614,5356923,24
1,2487634049,0.999023,5357428,1
1,88779499,0.934370,5359634,21
1,2107247011,1.019823,5363042,36
1,1280800727,0.941657,5363730,3
1,2268101113,0.980772,5364311,2
1,2532281533,0.968750,5366738,28
1,4043574761,0.980772,5368262,13
1,1074667619,0.916963,5371765,44
1,3171009917,0.946313,5373261,15
1,2703682367,0.967237,5375029,19
1,2606935403,0.952997,5377591,30
1,3110579819,0.983258,5379848,26
1,1006810331,0.907327,5381541,18
1,37660921,0.956066,5384129,31
1,200625221,0.978779,5384770,3
1,3243737177,0.982762,5386394,17
1,1184528347,1.014061,5387259,6
1,3471910067,0.978779,5390142,35
1,200114267,0.938021,5391416,12
1,2471292673,1.147773,5393524,24
1,4048117261,0.903552,5395703,25
1,3053513279,0.960652,5396770,9
1,2059306001,0.988706,5397274,1
1,745130459,0.915897,5401638,56
1,1430256199,0.911086,5402862,11
1,952533611,1.012133,5403720,6
1,2885431201,1.146496,5405979,26
1,89594507,1.024123,5407396,14
1,4097444761,1.076652,5408599,11
1,1602047137,1.025076,5409397,5
1,3494904613,0.985243,5410311,7
1,2644233577,0.989693,5411184,6
1,4179186367,0.978779,5414067,35
1,1725289331,0.963190,5415364,12
1,3375192839,1.026028,5416640,12
1,295751971,1.077559,5419255,31
1,1406388527,0.960652,5422483,40
1,2073160519,0.894318,5425157,32
1,1746044147,0.904092,5425660,1
1,1827317717,1.017906,5428963,41
1,3931784809,0.852959,5431154,25
1,3762018319,0.997066,5435273,52
1,3771943013,0.948889,5436543,12
1,2774637577,0.999023,5438036,15
1,724334873,0.924387,5438752,4
1,134505913,0.946313,5441274,30
1,1770382891,0.942176,5442698,14
1,3788673173,0.978779,5445723,37
1,3917502649,1.043488,5447912,25
1,2685169103,0.904092,5448768,6
1,3973000513,1.000488,5450251,15
1,637774271,0.997066,5451526,12
1,1263558799,1.037387,5453840,27
1,2135632841,0.963190,5455756,21
1,4028141111,0.970764,5457657,21
1,815073817,0.950945,5459139,15
1,2485818827,1.004871,5459995,6
1,2715224627,1.095534,5461959,18
1,1945218581,1.052341,5466964,64
1,1390810901,0.983258,5476151,125
1,2248461613,0.983258,5477977,20
1,3205911347,0.907327,5479752,19
1,429476869,0.899761,5481447,18
1,2887262333,1.038328,5483208,19
1,1099784687,0.955044,5485674,29
1,2811130843,1.025076,5491870,82
1,2244253667,0.938021,5500620,119
1,2886069929,0.889391,5501683,9
1,3746249009,0.989199,5502892,11
1,1193650147,0.944764,5504660,19
1,1919212369,1.046758,5505307,3
1,1116848251,0.916963,5506307,8
1,186123419,0.954533,5507502,11
1,2339673463,1.035974,5511711,54
1,2510619043,0.912693,5514443,33
1,306300991,1.016946,5517273,34
1,2082966757,0.977780,5519591,27
1,1442517997,1.046758,5521224,17
1,4118166653,0.983258,5525542,55
1,2750429057,0.907327,5526187,3
1,1378460231,0.956066,5526970,5
1,3647647319,0.852386,5527841,6
1,3794584201,1.012133,5531139,41
1,4170315241,1.036916,5534089,36
1,146013851,0.978779,5535780,18
1,114730117,0.989693,5536693,7
1,2305772363,0.978779,5539027,27
1,2789520623,1.005357,5539616,2
1,1376043047,0.975280,5542350,33
1,1270890469,0.956577,5543627,12
1,177903287,1.009718,5544966,13
1,1467195773,1.031723,5545899,7
1,3379754639,0.855816,5546920,8
1,847922611,1.002438,5551470,59
1,2916993041,1.014543,5552812,13
1,4103588089,0.927551,5554531,18
1,2926072399,0.878342,5555529,8
1,303732719,0.850666,5557454,21
1,4207719799,0.997066,5557974,1
1,1141738397,0.910550,5559035,9
1,3409557959,1.055121,5561935,35
1,3881525551,0.914830,5563300,9
1,1156127099,0.913227,5564948,17
1,2072029397,0.993141,5567974,25
1,3089806609,0.972774,5568904,5
1,2908005593,0.986233,5570332,14
1,2494515721,1.032197,5574252,50
1,3825534149,1.029829,5576477,24
1,2922440201,0.946313,5577007,1
1,1235085457,0.948374,5582048,66
1,2166873347,0.921743,5582765,4
1,1163633489,1.019823,5585365,31
1,3513071381,1.018386,5588177,34
1,2890687117,0.960652,5596724,116
1,314447041,0.956066,5600169,43
1,1630732739,0.902471,5602763,31
1,2328978287,1.004871,5603902,10
1,1110021977,0.956066,5607064,39
1,948359239,0.998534,5608132,9
1,1391008807,0.936979,5609963,20
1,588326521,0.967237,5612358,28
1,2003315393,1.029354,5613697,13
1,3273851699,0.982762,5616313,31
1,1099552271,0.986233,5617593,12
1,240488993,0.936979,5619275,18
1,1136051057,0.988706,5622225,36
1,3133700399,0.991172,5623519,12
1,133656637,0.983258,5625492,22
1,63976853,0.913227,5627446,22
1,3958163147,1.072563,5628104,3
1,3291232597,1.050483,5630556,29
1,539873567,0.948374,5631204,3
1,1804881389,0.930180,5632838,17
1,1816804777,0.963190,5633763,7
1,241894727,1.004871,5635933,25
1,774739597,1.031723,5638121,25
1,2280799589,0.929655,5638706,2
1,4130565139,0.972272,5641102,28
1,3239699363,0.983258,5643501,28
1,1774379701,0.963190,5644437,7
1,236814211,1.037387,5645917,15
1,835896163,0.941657,5647405,15
1,864590561,0.946313,5648183,5
1,2325469709,0.891584,5650658,29
1,4259044171,1.053732,5656087,71
1,1488628081,0.989199,5657085,8
1,1414408601,0.949404,5658916,19
1,2223478129,0.956577,5659649,4
1,3412171817,1.000488,5660721,9
1,2492712473,0.952484,5663043,27
1,3225648457,1.009235,5663897,6
1,3604345721,1.002438,5666311,24
1,3440615813,0.985243,5667952,15
1,2835923381,0.966732,5668624,3
1,3042459773,1.010685,5669903,12
1,4188051587,1.010685,5671314,14
1,2992992881,1.051877,5673981,32
1,1080002837,0.934370,5675737,19
1,787054987,0.911086,5676590,6
1,933421757,0.930180,5678215,17
1,2980114541,0.928078,5681448,40
1,344238239,1.009235,5682995,16
1,4148075363,1.002438,5684489,15
1,1204597019,0.990679,5687165,32
1,2236115647,1.035503,5689144,22
1,1760260973,0.994614,5691496,27
1,1454956829,1.000488,5692493,8
1,1816529087,0.942694,5695017,30
1,2396106547,1.044891,5695609,2
1,3490851823,0.986233,5700033,57
1,1055667413,0.953509,5703538,44
1,2379759559,0.958616,5704888,13
1,1464953873,0.998534,5709652,62
1,2705059183,0.966732,5710806,10
1,3995050663,0.895409,5712450,17
1,2835139003,0.983258,5714228,19
1,3622016513,0.889391,5717187,36
1,3015413333,1.031250,5717702,1
1,954015017,0.936979,5718555,6
1,3787813619,0.993141,5720818,26
1,2830186033,1.019823,5721332,1
1,4216315387,0.983258,5728914,102
1,1199752447,0.967237,5732442,44
1,1975380217,0.956066,5736323,49
1,20310379,0.950945,5738012,18
1,1069138061,0.948374,5738599,2
1,1115123759,0.903552,5739529,7
1,3685072043,0.919090,5740613,9
1,2850646607,0.962175,5742732,24
1,3020382067,0.983258,5745341,31
1,3700995511,1.016466,5748439,38
1,3448787819,1.036445,5753075,60
1,974597413,1.012133,5753719,3
1,2025851239,0.940620,5754579,6
1,3497551441,0.946313,5755086,1
1,2863170071,0.885539,5756015,7
1,2415158803,0.997066,5758212,25
1,4190186863,0.969758,5760265,23
1,3208126351,1.046292,5761894,17
1,4248158143,0.927551,5762631,4
1,3600334867,0.936979,5763761,10
1,1728133327,0.946313,5764688,7
1,484534439,0.942694,5771148,81
1,1564108619,0.924387,5775607,57
1,508399369,1.014543,5776110,1
1,1503604343,0.977780,5785507,128
1,2450340199,0.978779,5786780,12
1,1281495031,0.975280,5790704,50
1,3658894937,0.914830,5791558,6
1,734474603,0.950945,5792140,2
1,3517701017,1.046292,5793916,19
1,1920091939,0.999023,5794773,6
1,1813385533,0.935936,5796335,16
1,923654219,0.900304,5797342,8
1,3497727349,0.919090,5802738,71
1,2498901529,0.929655,5804920,25
1,663257653,0.966732,5808784,49
1,3377856683,0.982762,5812722,50
1,2495842099,0.935414,5815769,37
1,3124769429,0.880563,5816979,11
1,2654107259,0.993141,5819234,26
1,111566083,0.956577,5822521,41
1,3844830547,1.004871,5823174,3
1,1283912057,1.019344,5825559,28
1,2480622499,0.983258,5826290,4
1,1480527049,0.950945,5827498,11
1,3361684111,1.004871,5828569,9
1,4062685643,0.938021,5829784,11
1,760566701,0.972272,5830989,11
1,2114586329,0.977780,5832121,10
1,591970453,0.936979,5832758,3
1,2675365703,0.946313,5835237,29
1,1452176069,0.946313,5836385,10
1,604916093,1.061581,5837868,15
1,794311223,1.016466,5842500,60
1,594636277,0.978779,5844055,16
1,2405263877,0.900304,5846518,29
1,2988030581,1.025076,5848382,20
1,458606107,0.963190,5853445,66
1,2517486467,1.081178,5857653,54
1,3326514293,0.993141,5859296,17
1,1129917839,1.002438,5860232,7
1,1654704593,0.996086,5862074,20
1,1852311259,1.018386,5862938,6
1,86147641,0.998534,5864197,12
1,3405820571,0.877229,5865059,6
1,1316242619,0.940620,5865710,3
1,2625212371,0.972272,5867152,14
1,1718604373,1.012133,5874466,92
1,2627346731,1.023646,5875283,5
1,3999515279,0.914830,5876361,9
1,2357217857,0.924387,5879010,32
1,1523920639,1.003899,5881207,25
1,3431763163,1.014061,5884025,34
1,720764171,0.997066,5885388,13
1,2686238491,0.907327,5886045,3
1,3983231047,1.061581,5886558,1
1,1871825993,1.037387,5889238,32
1,938302241,0.998534,5891086,20
1,1283603791,0.960652,5893354,26
1,1342123619,0.889391,5899964,88
1,1852064633,0.946313,5900823,6
1,2633661127,0.931229,5904424,45
1,3692488903,1.019823,5905772,13
1,3552950881,1.023646,5906487,4
1,2836390709,0.886090,5913846,99
1,4040122943,0.942694,5914780,7
1,3809294347,0.975280,5915494,4
1,3886389191,0.895409,5916292,5
1,4122556927,0.927551,5916822,1
1,2267050427,0.994614,5920674,49
1,2863268119,0.929129,5921874,11
1,4135656247,0.993141,5923089,11
1,88994629,0.983258,5924076,8
1,2588511019,0.983258,5926054,22
1,3490539659,0.952997,5930886,63
1,1841378657,1.062959,5937820,93
1,3793536053,1.024600,5938335,1
1,1481524399,0.988706,5940025,18
1,1957771789,0.972774,5940958,7
1,4125496537,0.997066,5944745,48
1,894543913,0.901929,5949436,61
1,2179035977,0.986233,5951545,24
1,4246590757,0.927551,5953314,19
1,3577588043,1.046292,5954045,4
1,1367348351,1.072563,5955245,11
1,3475725601,0.993141,5957299,23
1,304167697,0.993141,5961601,55
1,2058020089,0.952997,5963373,19
1,1167093931,1.010685,5964512,10
1,66675811,0.929655,5966756,26
1,1205500853,1.012133,5968110,13
1,3747975263,0.994614,5969530,14
1,3715128673,1.029829,5975492,73
1,2259501953,1.014543,5976444,7
1,3421124801,1.027930,5980312,49
1,3268502669,1.032197,5983207,35
1,2989810093,0.927551,5984571,13
1,548334077,1.037387,5986265,18
1,1155390871,0.944764,5987688,14
1,2188983571,0.963190,5989392,18
1,2676594779,1.020302,5990183,5
1,2028605039,1.029829,5992234,23
1,4210448311,0.935414,5997529,69
1,4270109099,1.010202,5999379,20
1,287014867,0.924387,6000728,13
1,4163096303,0.975280,6008196,100
1,3955583561,0.893225,6010406,25
1,3071974219,0.989693,6011061,3
1,1634091401,0.898132,6014637,45
1,1703663047,0.965215,6017665,37
1,2748793867,0.967237,6019517,20
1,4193910101,0.988706,6021020,15
1,3179615191,0.988706,6021611,2
1,2583191729,0.958616,6024559,36
1,1444876753,0.938541,6025274,4
1,479077279,0.927551,6026359,9
1,3023460127,1.064795,6027013,3
1,1027346401,1.010685,6028293,12
1,1808414827,0.986233,6029092,5
1,626820451,0.950945,6031622,30
1,1798318891,0.969758,6033529,21
1,2736210167,1.014543,6034597,9
1,2655479503,1.003899,6035252,3
1,3499008959,0.930180,6036254,8
1,2397824291,0.988706,6037613,13
1,2891230117,1.005842,6038124,1
1,2643493627,1.005842,6040388,26
1,2596551263,1.004871,6041465,9
1,2503528109,1.031723,6042257,5
1,3803384407,0.862070,6043191,7
1,469905991,1.027930,6046490,41
1,3602089349,1.003899,6047695,11
1,2145814091,1.055121,6048912,11
1,1877917051,0.889391,6051749,34
1,219126757,0.988706,6052401,3
1,1188512803,0.950945,6056601,54
1,893643067,0.991172,6057668,9
1,2216447759,1.002438,6059219,16
1,4155782639,0.972774,6065047,77
1,1385297443,0.955044,6067713,32
1,3242663381,0.983258,6069006,12
1,1531949401,0.994614,6070152,10
1,3550391783,0.876115,6071925,19
1,780117859,0.997066,6073979,23
1,4221027523,0.919090,6077595,40
1,4169821417,1.020302,6078833,11
1,551572409,0.963190,6079340,1
1,2521701887,0.913227,6084239,64
1,3797036303,0.927551,6087068,34
1,2381063953,0.920152,6087919,6
1,2945008097,1.091516,6088430,1
1,4155690841,1.051413,6089922,15
1,557892067,1.014543,6091473,16
1,2983092767,1.020302,6092341,6
1,3165814537,1.039268,6097244,64
1,1682129503,0.944764,6098863,17
1,2690744317,0.878342,6102414,44
1,432770561,0.921743,6103189,5
1,571338181,1.012133,6104537,13
1,335110471,0.986233,6107557,37
1,452502811,0.986233,6111291,47
1,1428512531,1.004871,6118185,92
1,3010111661,0.955044,6119889,18
1,3120807409,0.973276,6120409,1
1,3729194803,0.963190,6121355,7
1,1299108007,1.046292,6124169,34
1,147181693,0.978779,6126693,30
1,193876127,1.015505,6128105,14
1,2908554149,0.932277,6128823,4
1,4040575699,0.932277,6132261,43
1,64948861,0.967237,6138772,87
1,552046097,0.906250,6144165,71
1,3194345837,0.998534,6147054,35
1,2055523523,0.841432,6148613,16
1,985692689,0.910014,6150087,15
1,4142984003,0.946313,6152578,29
1,3004802263,0.914830,6155669,38
1,583502911,0.971267,6156394,4
1,2814857821,0.935414,6158722,25
1,433841171,1.010685,6160220,15
1,769633003,1.014543,6162646,28
1,2713689071,1.047225,6163170,1
1,3132847721,1.012133,6165719,30
1,2816446583,0.942176,6167218,15
1,2948835859,0.992649,6173346,81
1,3772717141,1.035974,6174062,4
1,2887573903,1.010202,6174991,7
1,266258147,0.919621,6176127,10
1,4132322153,0.970764,6176989,6
1,594132079,1.012133,6179133,18
1,3926977183,0.930180,6180101,7
1,1730446789,1.023646,6182560,29
1,2659139827,0.908940,6184477,21
1,934310981,0.950945,6186304,20
1,3124049167,1.044423,6187032,4
1,2792575411,0.994614,6187755,4
1,1512575531,0.996086,6188604,6
1,3992228011,0.997066,6189689,9
1,2676462343,0.979277,6190271,2
1,3136575901,0.936979,6191483,11
1,3914026211,1.001464,6192064,2
1,2687823337,0.935414,6192574,1
1,1395946231,0.959126,6193376,5
1,3679104757,0.929655,6197527,53
1,919292597,0.969254,6199448,21
1,2505783583,1.035503,6202963,44
1,3788212751,1.031250,6203961,8
1,1610933333,0.846639,6211409,100
1,632110033,0.921743,6215400,51
1,2790947893,0.913227,6216337,7
1,1984997159,1.035503,6216918,2
1,773114827,0.999023,6221419,58
1,3840329561,1.005357,6222426,8
1,3225619361,1.012133,6224938,30
1,348976499,0.908940,6225453,1
1,295627379,0.975280,6226100,3
1,2906882053,0.970764,6226669,2
1,698093131,0.980772,6229056,28
1,3599720543,0.944247,6230969,21
1,2895389227,0.978779,6232794,20
1,1852758829,0.960652,6233875,9
1,3862829329,0.913227,6235988,24
1,3121097281,0.997066,6238662,32
1,2688878317,0.886641,6246485,106
1,551718619,0.940620,6247062,2
1,3227153539,0.993141,6248270,11
1,667083631,1.002438,6248921,3
1,1646493971,1.010685,6250821,21
1,788827447,0.956066,6253705,35
1,2671348003,0.969758,6258908,68
1,2791506071,0.979277,6262203,41
1,2564866001,1.004871,6264477,26
1,4173336241,0.975280,6265536,9
1,2380636471,1.014061,6268420,35
1,1003708789,0.888841,6272756,56
1,3200827207,1.031250,6274528,19
1,2719238279,1.088828,6276652,24
1,1786524197,0.983258,6279114,29
1,3719691827,0.956577,6283111,45
1,3595399763,1.079822,6286995,49
1,3544497401,0.970764,6288969,22
1,4277877941,0.998534,6290678,18
1,57932597,0.969758,6292161,15
1,146498909,0.962175,6298945,91
1,3520381789,1.070740,6301211,26
1,518399191,0.920682,6302500,12
1,275819009,1.072563,6303270,5
1,1713639547,1.040677,6303773,1
1,3496928381,0.962175,6305826,23
1,3398804449,1.050483,6310337,58
1,2044073711,1.032197,6315736,71
1,3469784093,0.869402,6317569,20
1,769564489,1.024600,6318220,3
1,2985742841,0.991172,6319300,9
1,1073770003,0.955044,6321430,24
1,3702878189,0.942176,6323420,22
1,2286109669,1.010685,6324828,14
1,355695649,0.893225,6326312,15
1,1740733571,0.950945,6327247,7
1,1060071557,0.942694,6328940,18
1,2006950993,0.988706,6331205,26
1,3556997317,0.950945,6334299,38
1,703141003,0.894318,6335866,16
1,1489980553,0.989693,6337838,22
1,1186153627,0.911086,6338835,8
1,2572781899,0.952997,6340804,22
1,1288537433,0.979277,6343404,31
1,891712141,0.934370,6348094,61
1,4092650011,1.035031,6350146,23
1,888231203,1.055121,6353017,35
1,2559556513,1.055121,6353676,3
1,2421165577,0.969758,6354659,8
1,3742144577,0.961668,6355583,7
1,3201218771,0.936979,6362257,89
1,621659039,0.882225,6362909,3
1,2873299361,0.927551,6366985,52
1,365254831,0.919621,6368188,11
1,2324195407,0.983258,6369736,16
1,395314537,0.977780,6370648,7
1,2878055093,1.005842,6371299,3
1,84554291,0.936979,6372005,4
1,2239688303,0.938541,6375434,42
1,728536439,0.972272,6377286,20
1,1901724229,0.987223,6378770,15
1,3756545279,1.046292,6380915,24
1,4103095193,0.935414,6381559,3
1,537388151,0.988706,6382134,2
1,3038715571,0.988706,6388725,81
1,3171993719,0.965215,6389261,1
1,2770126949,0.941657,6393400,53
1,2764496767,0.998534,6395533,24
1,147190349,1.014543,6399385,49
1,3997589179,1.059739,6399903,1
1,1194170707,0.979277,6401192,12
1,2846025019,0.950945,6402764,16
1,2157224183,1.029829,6406445,46
1,2493025309,0.998534,6408077,17
1,1630450741,0.997066,6409366,12
1,2745084817,0.973276,6410296,7
1,2906306527,1.057894,6411810,15
1,3775884197,0.860369,6416292,58
1,349407797,0.941139,6417364,9
1,3589389031,0.989693,6417954,2
1,699234007,0.989199,6419097,10
1,2092683643,0.886641,6420174,9
1,2138133113,1.000488,6421176,8
1,1021467323,0.930180,6422036,6
1,1023977477,0.975280,6424132,24
1,4097597429,0.986233,6428873,61
1,1628694679,0.989693,6430641,19
1,1836906479,0.998534,6431602,7
1,645254563,0.996086,6433712,24
1,3705157669,1.025076,6435612,21
1,980526623,0.950945,6436123,1
1,4282267783,0.971267,6436711,2
1,3985852393,0.959126,6437574,6
1,3762236633,0.960652,6438735,10
1,1478065861,0.931229,6440229,15
1,4068635113,0.988706,6443185,36
1,2897326741,1.072563,6444876,18
1,805766113,0.936979,6448445,45
1,2117778899,0.895409,6449876,14
1,3298765189,0.919621,6450593,4
1,2364940003,0.998534,6452434,20
1,1577844787,0.962175,6454412,22
1,3015771817,0.902471,6456732,27
1,1492205653,0.965215,6457734,8
1,760289599,0.932277,6458798,9
1,1622183677,0.906250,6460909,24
1,1168636943,0.928078,6462135,11
1,119692957,1.012133,6463262,10
1,2274865729,1.099094,6473291,137
1,319842307,0.946313,6475412,24
1,3118061257,1.073928,6476135,4
1,127435501,0.929129,6479083,36
1,3900841421,0.938021,6484856,72
1,502250473,1.009235,6485454,2
1,4216421009,0.968750,6487784,25
1,457872913,1.037387,6488651,6
1,1185244729,1.052341,6491599,36
1,2355469163,0.923859,6495876,55
1,3748457953,0.911086,6497852,22
1,4045237663,1.019823,6499553,18
1,871406047,0.932277,6500352,5
1,3374161529,1.003899,6502680,27
1,3100895803,0.975280,6503615,7
1,1266249059,0.982762,6510760,96
1,2923633099,1.031250,6519559,120
1,943219117,1.009718,6521121,16
1,3448952329,0.983258,6523466,27
1,1933593157,0.961160,6524943,15
1,1377676631,1.061120,6526506,16
1,1473868157,1.087482,6527093,2
1,495321221,1.004871,6527795,4
1,757800167,1.040677,6532588,62
1,2973230279,1.025076,6534571,22
1,3031937159,0.963190,6535293,4
1,1485058219,0.986233,6536715,14
1,3450612031,1.012133,6538620,21
1,2136359959,0.942176,6543034,57
1,1393986431,0.966732,6545998,36
1,1063014919,0.941657,6547577,16
1,579102323,0.999023,6548568,8
1,3346000211,0.978779,6552735,53
1,2891935027,0.994614,6553398,3
1,1142584693,0.929655,6554680,12
1,883990379,0.978779,6558554,49
1,1658689811,0.982762,6559700,10
1,1963316347,0.858096,6561811,24
1,1493785061,0.898132,6562599,5
1,1088146309,0.959126,6563664,9
1,3596953291,1.019823,6565364,18
1,1092728863,1.036916,6566856,15
1,2994448997,0.938021,6568917,23
1,836281531,1.073018,6570121,11
1,4017814939,0.935936,6571066,7
1,3280571897,0.855816,6573045,22
1,1335581857,0.963190,6574181,10
1,2527599553,0.986233,6574684,1
1,2534079679,0.977780,6575483,5
1,1267078691,0.977780,6577334,20
1,3541441373,0.968750,6577855,1
1,711710107,0.977780,6584152,84
1,1315500899,0.931229,6584805,3
1,555494531,1.000488,6586626,20
1,1989017183,1.020302,6588456,16
1,3088430333,0.938021,6589749,12
1,1736175373,0.929655,6591374,6
1,2730992153,1.095534,6592635,10
1,1541757517,0.895954,6594054,14
1,3241361047,1.009718,6595550,15
1,58753313,1.040677,6599403,49
1,3868644581,0.908940,6603366,50
1,1482307903,0.969758,6606175,34
1,861284903,0.994614,6606752,2
1,145022653,0.973777,6611791,66
1,4055589953,0.913227,6613634,20
1,2034942773,0.975280,6614213,2
1,1739618863,0.942176,6619978,76
1,628663699,0.957597,6623419,43
1,398666357,0.972272,6624132,4
1,2769378281,0.956066,6625832,18
1,2388587713,0.919090,6627676,20
1,3170164601,0.977780,6628475,5
1,2178618647,0.978779,6628983,1
1,217495183,0.956066,6632426,43
1,2514523309,1.113658,6637958,73
1,1875852089,1.029354,6640084,24
1,883233671,0.953509,6640867,5
1,1383936481,1.033615,6646264,71
1,265165639,1.014543,6647047,5
1,3368317669,0.946313,6648541,15
1,2435597399,1.046292,6649185,3
1,2526122341,0.972272,6649901,4
1,1418967469,1.057894,6650553,3
1,2703895331,1.127601,6654364,48
1,2387279119,0.979277,6655375,8
1,3436441243,0.966732,6657504,24
1,1585537543,0.950945,6660209,32
1,134311193,0.946313,6662351,24
1,1246151311,0.995105,6664408,23
1,956779489,0.963190,6665052,3
1,4094916853,1.016466,6665636,2
1,4008741179,0.884436,6667348,18
1,174300583,0.884436,6668834,15
1,2407974013,0.935936,6670181,13
1,417330643,0.941657,6671329,10
1,301359973,0.977780,6673732,28
1,2043198803,0.936979,6675925,25
1,1114480307,0.884436,6679010,38
1,787850039,1.039268,6680297,12
1,2052655559,0.993632,6683961,46
1,1879411307,0.952997,6684674,4
1,558879019,0.903552,6690293,70
1,2446792097,1.047691,6691136,3
1,382170739,0.940101,6692226,9
1,430000013,0.999023,6693158,7
1,3151222691,0.935936,6697103,50
1,801018583,1.025076,6697619,1
1,2230880363,0.927551,6699125,15
1,924684973,0.963190,6700823,18
1,3801446927,0.973276,6701754,7
1,3218089769,1.004871,6704449,32
1,66468299,1.018386,6706274,20
1,2760202013,1.057894,6707268,8
1,1524761461,1.050483,6707776,1
1,3838360051,0.940101,6708292,1
1,1018116373,0.906789,6709657,13
1,551371531,0.963190,6712607,36
1,1775476529,1.050483,6715704,38
1,658756289,0.924387,6717396,18
1,2639745067,1.113658,6718194,5
1,3920461561,0.975280,6721372,39
1,1148921981,0.988706,6725252,49
1,2944578661,0.962175,6727085,20
1,574512317,0.904092,6729556,29
1,113795809,0.997066,6730601,9
1,2150096387,0.962175,6731246,3
1,570178243,0.931229,6734538,41
1,4173279083,0.983258,6736808,26
1,3970042211,0.924387,6739065,26
1,2435389343,1.014543,6740967,21
1,131175019,1.000488,6742022,9
1,4046722723,0.921743,6743725,18
1,3840520081,0.927551,6744657,7
1,756834161,1.014061,6746978,27
1,2646241007,0.973276,6747641,3
1,4157462459,1.012133,6750184,30
1,2030143109,0.956066,6751178,8
1,3626089391,0.973276,6752944,19
1,2589881597,0.932277,6753678,4
1,3816540349,0.997556,6756390,32
1,2713425823,0.904092,6758235,20
1,3910190227,1.036445,6759164,7
1,54451729,0.991172,6761474,27
1,3330547559,0.969254,6762262,5
1,1631464969,1.005842,6764088,20
1,3382284203,0.950945,6765158,9
1,2847653297,0.915364,6765815,3
1,1394278381,0.938541,6770312,58
1,3857315593,1.002438,6771396,9
1,82979711,0.985243,6772394,8
1,580830193,0.919090,6776425,51
1,2204077907,0.955044,6778137,18
1,1951322927,1.051877,6779355,11
1,2948013907,1.066628,6782100,33
1,607355731,0.999023,6783649,16
1,572889971,0.994614,6784226,2
1,3451376281,0.988706,6785107,6
1,4199041709,0.944764,6786947,20
1,3199546981,0.963190,6790688,47
1,2516154499,0.900304,6797212,81
1,3028908283,1.076652,6798191,7
1,2908847311,0.993141,6799064,6
1,397748317,1.018386,6800827,19
1,3747475177,0.904092,6802604,19
1,134727623,1.061581,6804648,23
1,1837001267,0.969254,6805582,7
1,644792431,0.935936,6809097,44
1,33435071,0.973777,6811364,26
1,2899417673,0.955044,6811872,1
1,964326217,1.014543,6814264,28
1,1901061313,0.955044,6815119,6
1,863677981,1.019823,6816258,10
1,2861540659,1.038328,6819442,39
1,925726181,0.958616,6824435,65
1,2092184741,0.966732,6827250,34
1,2279401321,0.963190,6830424,39
1,848839963,0.941139,6832108,18
1,53650277,1.014543,6833379,12
1,394738931,1.107503,6835013,17
1,1002448099,1.010202,6835664,3
1,2994184783,0.988706,6836180,1
1,3653706811,0.942176,6837735,16
1,3894276787,1.040677,6841114,42
1,3393870859,0.978779,6842108,8
1,3581894467,1.005842,6844714,31
1,930847717,0.911086,6848096,42
1,2893902259,1.000488,6848752,3
1,2130439799,0.981270,6849838,9
1,1064435707,0.950432,6850504,3
1,994689797,1.036916,6852469,22
1,2715312881,1.016466,6858904,86
1,3672362467,0.921743,6867159,112
1,1494928147,0.956577,6869071,21
1,3673187981,0.950945,6870835,19
1,4016898467,0.948374,6871972,10
1,632580463,1.019823,6873118,10
1,1760204839,0.969254,6873765,3
1,2909687899,0.977780,6874353,2
1,2716081481,1.019823,6876891,30
1,1662660023,1.016466,6879642,33
1,1805744377,0.968750,6883046,42
1,2110980239,0.972774,6884189,10
1,3767827403,0.941657,6886729,30
1,2115274673,1.010202,6887307,2
1,4286467709,0.930180,6888473,10
1,1212472633,0.949404,6890514,23
1,1657970089,0.963190,6891380,6
1,3072710279,0.972272,6892396,8
1,2878165681,1.010685,6895636,36
1,301727021,0.969254,6896674,6
1,174080047,0.928078,6898023,13
1,2173693813,0.898132,6901703,46
1,241453759,1.043488,6902354,3
1,1142650589,1.076652,6909730,99
1,294291331,1.027455,6912052,27
1,4168773263,0.990679,6918439,85
1,1752552547,1.023646,6922454,51
1,518936629,0.914830,6923662,11
1,807473339,1.061581,6926424,33
1,3688992817,0.970261,6929085,32
1,2245171757,0.911086,6931125,23
1,2331977299,0.893225,6933732,31
1,1656384599,1.040677,6934392,3
1,8160631,1.040677,6935434,9
1,3873068219,0.956577,6936299,6
1,842929831,0.953509,6937934,17
1,2149223327,0.911086,6939359,14
1,629481067,1.010685,6941414,23
1,4292968937,0.982762,6942137,4
1,3597737669,0.895409,6943631,15
1,3006044581,0.973276,6947228,45
1,4195422463,1.000488,6947817,2
1,1942207819,0.994614,6948473,3
1,3920108923,0.924387,6950030,16
1,2363729293,1.055121,6953684,46
1,3781800613,1.012133,6954195,1
1,1230441679,1.070284,6956737,30
1,3317455189,0.957597,6960660,50
1,2966572129,1.010202,6963702,37
1,434896741,0.956577,6965471,19
1,3078533351,0.946313,6966896,14
1,677988811,0.900304,6968875,22
1,2879683129,1.016466,6971622,33
1,4164041477,0.989693,6972346,4
1,3701978719,0.895409,6973221,6
1,1315408889,1.035503,6977164,50
1,2406635417,1.002438,6980118,36
1,2314496731,0.962175,6980980,6
1,1433901817,0.881117,6987731,90
1,2570402171,0.921743,6991466,47
1,3973632001,1.081178,6992323,6
1,1145116303,1.020302,6993799,15
1,3361759963,0.975280,6994445,3
1,3735352189,0.967237,6995182,4
1,3528707719,1.015505,6998960,42
1,2133422567,0.972272,7001346,27
1,4209009839,1.058356,7002487,10
1,3164004731,0.893772,7005996,44
1,3211809427,1.019823,7008597,31
1,1947364697,1.023646,7010216,17
1,3117035737,0.997066,7014085,49
1,1520613223,0.997066,7017105,37
1,3387300121,1.010202,7018584,15
1,2353320709,1.050483,7021250,32
1,1084913443,0.827978,7022941,18
1,918349459,0.908940,7023601,3
1,568845853,1.003899,7024395,5
1,1101916603,1.027930,7025683,12
1,671619379,0.905711,7026180,1
1,1190239081,1.070740,7028590,28
1,2023575013,0.956577,7030645,23
1,3444388271,0.968750,7031445,5
1,1462089367,0.952997,7033365,21
1,1792128727,0.994614,7034159,5
1,749649683,0.969758,7035090,7
1,184842899,1.023646,7036980,21
1,182600503,0.998534,7039643,32
1,2422939031,1.031250,7051775,167
1,386377291,0.946313,7052836,9
1,2102417657,0.910550,7054178,13
1,611608873,1.004871,7055165,8
1,2633600383,1.025076,7056666,15
1,2452113523,0.982762,7057307,3
1,1001213639,0.936979,7061944,60
1,1725850547,1.027930,7063106,10
1,2152901059,0.963190,7065494,28
1,2075252261,0.988706,7066564,9
1,1043950339,0.919090,7068339,19
1,1593683137,1.062959,7069479,10
1,2909262613,1.012133,7072302,34
1,1840049429,0.972272,7073171,6
1,3474403693,0.898675,7074248,9
1,1897889387,0.904092,7077437,39
1,1023728311,0.930180,7080035,31
1,62060771,0.938021,7081785,19
1,3995764229,0.982762,7082848,9
1,230028361,0.988706,7084045,11
1,200117551,0.952997,7084837,5
1,1247455409,1.004871,7085618,5
1,3970573427,0.924387,7087033,14
1,3851740639,0.941657,7092779,76
1,472138991,0.972272,7093768,8
1,4198219507,0.998534,7095963,25
1,312915853,1.027930,7098279,27
1,1583462483,1.052341,7099519,8
1,412597501,1.077559,7101200,16
1,1961374003,0.904092,7102236,8
1,1386414619,1.000488,7104145,21
1,272646589,0.929655,7106100,22
1,1722727921,0.920682,7108991,35
1,3403963243,0.948374,7113010,51
1,4120656437,0.963190,7113670,3
1,2470464481,0.955044,7114174,1
1,409260707,1.002925,7114813,3
1,1665268127,1.090173,7116097,12
1,516032243,0.956066,7117227,10
1,823238531,0.916963,7125939,118
1,1401202273,0.997066,7126795,6
1,85676419,0.938021,7128266,15
1,1981925753,0.977780,7129264,8
1,2581504297,1.076652,7131388,24
1,3085922491,1.057894,7133378,22
1,2767909889,0.942694,7134932,16
1,3107459909,0.962175,7135584,3
1,1703563039,0.948374,7136096,1
1,2575948777,0.956066,7139818,47
1,4207760503,0.983258,7143894,52
1,212812841,0.998534,7144530,3
1,2966617933,0.972272,7145466,7
1,3309394919,1.068458,7148226,33
1,397686943,0.997556,7149652,14
1,303811283,1.037387,7151624,22
1,226609289,1.027930,7153090,15
1,4053099229,0.936979,7153821,4
1,1208287471,0.998534,7154327,1
1,2665690801,1.016946,7156160,20
1,2455496101,0.930180,7158286,24
1,2294560729,0.950432,7160333,21
1,1946440861,0.973276,7160841,1
1,930235541,0.958616,7161554,4
1,4029444403,1.004871,7162897,13
1,2969894801,0.990679,7165168,26
1,2119165151,0.972272,7167227,23
1,4154254451,0.970764,7168391,10
1,1961922251,0.940620,7169736,13
1,598521863,1.023646,7174424,61
1,2963267423,1.010202,7175371,7
1,1175439667,1.025076,7176159,5
1,1072508579,1.012133,7177161,8
1,2760417797,0.993141,7178007,6
1,1749160981,0.979277,7178930,7
1,2431593323,1.019344,7180846,21
1,2164513399,0.927551,7182260,14
1,2831050127,0.958616,7183748,15
1,2204903783,0.935936,7184464,4
1,85265891,0.914830,7185656,11
1,1979642969,0.948374,7186177,1
1,3258818533,0.978779,7188163,22
1,1139292719,0.921743,7190698,30
1,1604557841,0.989693,7192396,18
1,3641833439,0.989199,7194384,22
1,2832829399,1.046292,7195106,4
1,3837548927,1.029829,7198978,49
1,2828474839,0.963190,7200125,10
1,2283179659,0.925971,7201915,16
1,23511077,1.055121,7204380,27
1,3204568567,1.000488,7206901,29
1,3368142851,0.966732,7207681,5
1,1908007943,0.941657,7210011,27
1,772208573,0.969758,7211019,8
1,1543033949,0.928078,7212941,21
1,64528747,0.958616,7213998,9
1,2381965093,0.843750,7214863,6
1,2064699751,0.921743,7217257,28
1,2265225623,0.913227,7217972,4
1,3104621101,0.920152,7220012,23
1,1781242633,1.046292,7222067,23
1,4038529273,0.916963,7222576,1
1,3310985261,0.935936,7224196,17
1,3063157627,0.946313,7225202,8
1,2381245189,0.929655,7229203,51
1,1929112967,1.029829,7232875,46
1,1283093219,0.973276,7233945,9
1,3290278949,0.878342,7235789,20
1,856351849,0.996086,7237550,19
1,1553322763,1.012133,7238062,1
1,2534411707,0.982762,7239556,15
1,3421535993,0.989693,7241257,18
1,3315468683,1.009718,7245892,60
1,3230456039,0.966732,7248213,27
1,1360019299,0.993141,7248797,2
1,415191151,0.940620,7249383,2
1,1941640123,0.877786,7250535,10
1,4183176293,0.963190,7254816,55
1,3808697569,0.919621,7256085,12
1,424358213,0.956577,7258118,23
1,2205515051,1.031250,7259121,8
1,3373381241,1.087482,7261658,30
1,3810745567,1.040677,7262175,1
1,1108759633,0.914830,7262675,1
1,984480433,0.924387,7263813,10
1,3559632709,1.020302,7265159,13
1,3805339049,1.029354,7267197,23
1,4024343747,0.958616,7269678,29
1,2146265059,0.997066,7271324,17
1,2532133081,0.935414,7272251,7
1,2373179233,1.027930,7273398,10
1,1635616013,1.023646,7273974,2
1,2186004217,1.009235,7280126,82
1,2688608557,1.067086,7281952,20
1,3095077949,0.956577,7282537,2
1,2148352027,0.956577,7283532,8
1,3595710211,1.036916,7286195,32
1,1811524579,1.012133,7287557,13
1,3344563291,0.955044,7291293,47
1,425479699,1.084785,7292497,11
1,1092268993,1.027930,7295375,35
1,257089667,1.014543,7296436,9
1,3684034261,1.012133,7297449,8
1,3081853147,1.046758,7300267,34
1,4117824929,0.982762,7301265,8
1,2165473489,0.962175,7302676,14
1,219461717,0.989199,7306732,47
1,703689451,0.993141,7308807,23
1,205450897,0.963190,7313291,58
1,835096033,0.973276,7314583,12
1,802300981,0.924387,7315445,6
1,1132679491,1.023646,7316790,13
1,3962293891,1.019823,7319257,29
1,461313031,0.960652,7320327,9
1,2930937419,0.948374,7321189,6
1,3825072257,0.985243,7326395,68
1,2431711283,1.014543,7327469,9
1,1496806859,1.029829,7332356,63
1,2594791547,0.983258,7334545,25
1,2614677841,0.946313,7336802,26
1,401891153,0.936979,7338564,19
1,1635909419,1.005357,7340262,18
1,1983187319,0.927551,7343727,43
1,34220443,1.004871,7345053,13
1,2214725059,1.051877,7348354,41
1,314889383,0.924387,7349136,5
1,2437031099,1.076652,7350491,13
1,2269198447,1.072563,7353163,32
1,958845143,0.988706,7362408,126
1,2184148481,0.975280,7363116,4
1,1511755571,0.963190,7365658,30
1,2995618799,1.056971,7367844,25
1,1881643723,0.919621,7370377,30
1,2608147943,0.956066,7372438,23
1,833535011,0.948374,7376235,48
1,1016871731,0.938021,7376821,2
1,2962237601,1.004871,7380033,40
1,3958260979,0.963190,7380552,1
1,593193169,0.952997,7381890,13
1,961341763,0.991172,7383448,16
1,903766607,1.037387,7384386,7
1,1691682401,0.985738,7385167,5
1,2109081731,0.904092,7385746,2
1,907781117,0.967237,7386816,9
1,277256929,0.969758,7391720,64
1,59005967,1.059739,7393416,18
1,3915120589,0.998534,7395409,22
1,3427635161,0.952997,7397313,21
1,2804022863,0.946313,7399376,23
1,1338018823,1.016466,7402746,42
1,3895725791,0.989199,7407253,54
1,1081184107,0.927551,7408589,10
1,4095190609,0.893772,7412342,47
1,586621319,0.938541,7414873,30
1,45266959,1.012133,7416618,19
1,24844003,1.047225,7418509,21
1,105993109,0.956066,7420129,17
1,700355101,0.902471,7421680,16
1,3648694067,1.000488,7423325,17
1,1254895507,1.004871,7423975,3
1,2247016511,0.997066,7425471,15
1,632706583,0.978779,7426465,8
1,370903963,0.994614,7430109,46
1,175660379,0.935936,7431795,18
1,1484393189,0.958616,7432726,7
1,4036186727,0.975280,7433235,1
1,857320973,0.935936,7434026,5
1,2186226373,0.956577,7435601,16
1,1933708709,1.035503,7441370,76
1,4146089473,0.934370,7443555,25
1,476559101,1.004871,7447284,47
1,1832478289,0.958616,7449115,20
1,2940734033,1.016466,7454788,75
1,4100161019,1.073018,7456090,12
1,3125793919,0.930180,7457238,10
1,993479309,1.097316,7460469,40
1,2846439263,0.946313,7461409,7
1,1734209051,0.965721,7463326,21
1,3552489001,0.979277,7467062,47
1,831112091,0.988706,7469532,29
1,3324763499,0.993141,7470747,11
1,250293299,1.046292,7472439,18
1,299078083,0.989693,7473436,8
1,3222897883,1.004871,7476821,42
1,340997401,0.983258,7477458,3
1,3882648281,0.885539,7478455,8
1,906472097,1.004871,7482107,46
1,4161494881,0.940620,7483590,15
1,4160756317,0.950945,7485912,27
1,3443036587,1.152867,7486573,3
1,1648773947,0.936979,7489962,42
1,2528708731,0.973276,7491597,17
1,3801997253,0.963190,7495881,55
1,320300243,0.962175,7497366,15
1,3426325451,0.938021,7498158,5
1,1586407861,1.019823,7500206,23
1,2290618027,0.898132,7500855,3
1,545241811,0.998534,7505087,54
1,3534675577,0.999023,7506228,10
1,4272864469,0.953509,7506758,1
1,722113477,1.019823,7508875,20
1,3970073489,0.928078,7510705,18
1,1257846307,0.956066,7512860,24
1,2897389457,0.938541,7513795,7
1,4284744539,0.921743,7515166,13
1,2477746597,0.956577,7517225,23
1,1920866249,0.950945,7521299,52
1,1838568103,0.857526,7521820,1
1,4261684127,1.009718,7523600,19
1,2208113363,1.040677,7525499,21
1,2274587431,0.956577,7527066,16
1,133022069,0.970764,7530428,42
1,2717016277,0.963190,7531146,4
1,1114987613,1.037387,7532499,13
1,3500393453,1.029354,7536215,47
1,1583308417,1.016466,7538056,20
1,3791155999,1.069371,7538643,2
1,4137838043,0.889391,7541107,29
1,3144295793,0.940620,7542310,11
1,4107585553,0.881117,7545774,43
1,964325653,1.015505,7546629,6
1,1989679421,1.077559,7548530,21
1,1858581451,1.010685,7550100,16
1,1790407301,0.997066,7551590,15
1,543007393,0.934370,7552089,1
1,3689674193,1.040677,7552890,5
1,518923597,0.969254,7554726,20
1,557734313,0.935414,7556209,15
1,99887653,0.970764,7556712,1
1,480611917,0.983258,7558336,17
1,4277623709,0.979277,7559001,3
1,1440423137,1.004871,7559944,7
1,2064584591,1.012133,7561809,20
1,3883073561,0.965721,7562953,10
1,1282733461,0.979277,7563469,1
1,560213249,0.982762,7565778,27
1,3294899207,0.953509,7567958,25
1,58131569,1.078917,7569988,23
1,1574119229,0.942694,7571894,21
1,703572763,0.966732,7573593,18
1,254010431,1.027930,7575496,21
1,765722851,0.944247,7576921,14
1,3930797869,0.893225,7578227,12
1,232260781,1.032197,7581596,42
1,3086873711,1.037387,7583107,15
1,833643469,0.903552,7586334,40
1,4070791787,0.941657,7587753,14
1,1783996297,0.854103,7591892,53
1,350527519,0.936979,7592530,3
1,11695171,1.018386,7596502,51
1,3452592443,0.914830,7598900,28
1,666718373,0.936979,7599618,4
1,428683513,0.969254,7601043,14
1,1946669119,1.026028,7602111,9
1,1760071483,1.004871,7603117,8
1,277498693,0.983258,7603612,1
1,4047425443,0.911086,7606448,34
1,3185770361,1.001951,7607887,14
1,1112329319,0.980274,7609160,12
1,1178948671,1.088828,7609879,4
1,3432660449,1.064337,7613557,43
1,1119175021,0.956577,7615203,7
1,2918782627,0.950945,7616473,10
1,3782918773,0.956577,7619778,41
1,572425393,0.942694,7622013,26
1,258959629,0.957597,7622882,6
1,1300138531,0.978779,7623399,1
1,2164543837,0.979277,7624391,8
1,2553996463,0.948889,7625949,16
1,1210205251,0.956577,7628686,33
1,1350465971,0.989693,7630663,22
1,3843379543,0.914830,7637827,96
1,1464406859,0.958616,7638474,3
1,1857751867,0.970764,7641576,38
1,3660331201,0.983258,7643052,15
1,8622883,1.005357,7644298,12
1,101049563,0.910550,7646062,19
1,2767746911,0.935936,7647554,15
1,1773794213,0.970764,7649608,23
1,3145037183,0.997066,7650133,1
1,777258971,0.870524,7651831,18
1,2237291467,0.940101,7653109,12
1,596007871,0.948374,7654753,17
1,233873897,0.958616,7655469,4
1,3873170731,1.023646,7656615,10
1,1586778097,0.961160,7657613,8
1,4144089071,0.967237,7658814,10
1,1087652831,0.963190,7662406,45
1,1378750717,0.922801,7665863,43
1,240970721,0.806468,7667067,11
1,1093379099,0.975280,7667850,5
1,3356433667,1.023646,7668361,1
1,4188413633,0.852959,7669012,3
1,1138473053,0.867152,7670716,18
1,1944681943,0.993141,7674125,42
1,3418948601,0.885539,7675897,19
1,2905404101,0.982762,7679156,40
1,2102310323,0.893225,7680510,13
1,1517126027,0.860369,7681156,3
1,3902752961,1.010685,7682081,7
1,1733505979,0.935936,7683501,14
1,4285948543,0.910014,7684511,8
1,2690517061,0.982762,7685435,7
1,4044768677,0.978779,7687409,22
1,3177770027,1.010685,7688689,12
1,4052598821,0.914830,7691781,38
1,658452737,0.911086,7692630,6
1,2626370653,0.980772,7693842,11
1,3797277241,0.919621,7694909,9
1,4278309953,0.963190,7696816,21
1,2593421639,0.898675,7697952,10
1,476472197,0.970764,7699164,11
1,1218121739,0.956066,7700300,10
1,3207777451,0.931229,7702295,22
1,889951079,0.938021,7703093,5
1,4210061161,0.915897,7703886,5
1,1700597807,0.968750,7705304,14
1,1695427073,0.941139,7705945,3
1,1086025169,0.956577,7709332,42
1,3044590139,0.946313,7709915,2
1,872652563,0.930180,7710837,7
1,2787835181,0.900304,7713096,26
1,53688343,0.852959,7714401,8
1,298496227,1.061120,7715609,9
1,112511489,0.895409,7719831,54
1,4014649621,0.956577,7720691,6
1,2777296019,1.020302,7723006,27
1,2859708893,1.040677,7726341,41
1,1294636517,1.029354,7726922,2
1,1053357593,0.949404,7727637,4
1,2251088113,0.942176,7730247,31
1,2624714987,0.929655,7730974,4
1,3389423539,1.087482,7732532,16
1,2764601867,1.057894,7734571,23
1,4206567791,0.991172,7738441,49
1,1947457249,1.005357,7739020,2
1,3819083431,0.962175,7740174,10
1,1668607727,1.024600,7741614,14
1,2285604527,0.970764,7743247,17
1,2240818933,1.005357,7746765,44
1,402573823,0.914830,7747286,1
1,860311399,1.010685,7748154,6
1,186107437,0.936979,7749370,11
1,868410229,1.044423,7750158,5
1,1020633997,1.051877,7750878,4
1,96855929,0.997066,7752563,18
1,2373985391,0.970764,7753764,11
1,2681164999,0.941657,7759097,70
1,224457547,0.998534,7760718,17
1,1094755271,1.031723,7761291,2
1,3281121317,0.871645,7763486,25
1,1766087899,0.973276,7766798,41
1,1280038637,0.924916,7768288,15
1,3471616637,0.910550,7770498,25
1,1104654017,1.012133,7771284,5
1,2294217911,1.009235,7772794,15
1,569337817,0.940101,7775413,31
1,513284477,0.956577,7780045,60
1,4041965617,0.942694,7782076,23
1,2210009531,0.956066,7783703,17
1,1894133167,1.067086,7784923,11
1,4253269651,1.020302,7785790,6
1,3694965427,1.099538,7787370,16
1,1974845423,0.942176,7789371,22
1,2516967707,0.940620,7798117,119
1,3017937781,0.932277,7798698,2
1,2661223093,1.023646,7799975,12
1,4210072613,0.867152,7801670,18
1,3275119489,0.972774,7802665,8
1,239517079,1.035503,7808289,74
1,1415795323,0.963190,7808877,2
1,1708753301,1.015505,7810916,23
1,431729101,0.995105,7818474,96
1,3191154089,1.002438,7820360,20
1,3176961409,0.984251,7821566,11
1,2903819707,0.988706,7824186,31
1,4043659397,0.919090,7826853,32
1,1615702019,0.997066,7828050,11
1,3298271611,1.029829,7828772,4
1,1484504449,0.979277,7830187,14
1,1095277531,0.994614,7832294,24
1,1212606653,0.978779,7833513,11
1,152014529,0.931229,7835892,28
1,643828943,0.930180,7838136,26
1,2472705901,0.956066,7840183,23
1,1885349047,1.038328,7843827,46
1,1108865111,0.963190,7844614,5
1,2069994631,0.994614,7846117,15
1,2782154339,1.012133,7848713,31
1,3427424137,0.948374,7849434,4
1,2173379071,1.031723,7851902,29
1,841724789,0.911622,7853750,20
1,551835637,0.977780,7861957,111
1,4232424979,0.958616,7863937,22
1,2031515399,1.019823,7864596,3
1,1288758473,0.963190,7865169,2
1,3715978081,1.012133,7865958,5
1,1202216293,1.057894,7867096,10
1,4252535681,1.047225,7867950,6
1,66576739,0.907327,7870142,25
1,1314149171,1.027930,7871981,20
1,320903903,0.999023,7872833,6
1,1175091299,0.964709,7874313,15
1,1099203761,0.965721,7875025,4
1,2095252681,1.005357,7877000,22
1,1161579121,0.997066,7878281,12
1,813601721,0.950945,7878788,1
1,2432409631,0.978779,7879446,3
1,2026035863,1.085235,7886958,101
1,3992345033,0.976281,7888309,13
1,111320999,0.911086,7890627,27
1,1033981873,0.969758,7892107,15
1,2268834383,1.005357,7893458,13
1,3196823657,0.884436,7894809,13
1,339640781,0.854103,7896841,23
1,3703052359,0.995105,7901895,66
1,96749231,0.986233,7903661,19
1,2435694221,0.936979,7904660,8
1,3209515499,1.067086,7905248,2
1,628978199,1.027930,7905760,1
1,2746764439,1.046758,7908504,33
1,517837499,0.941657,7912017,44
1,2402782549,1.046758,7913242,11
1,3846105847,0.982762,7914044,5
1,1945017257,1.016946,7915254,11
1,3466760923,0.952997,7915837,2
1,2655806927,0.964709,7917332,15
1,4237213139,0.914830,7920968,40
1,3737866849,1.061581,7921657,3
1,2115501361,0.994614,7922803,10
1,735719269,0.878342,7924636,20
1,3999890731,0.965215,7925503,6
1,1294975651,0.914830,7929086,45
1,14593279,0.997066,7929583,1
1,4163951411,1.004871,7931008,14
1,1398388727,0.938021,7933493,29
1,500789819,0.935414,7937492,51
1,1740228991,1.016466,7938152,3
1,725921827,1.020302,7939632,15
1,2195727379,0.997066,7944877,69
1,3118891463,0.944764,7945878,8
1,1969421177,0.930180,7947509,17
1,563185121,0.995105,7955763,112
1,312252383,0.989693,7957248,15
1,1662832337,0.882225,7958105,6
1,2614993757,1.012133,7958972,6
1,551175407,0.955044,7963025,52
1,3343870303,0.977281,7965639,31
1,366798959,0.966732,7969145,44
1,3515237359,1.016466,7970076,7
1,2438101577,0.983258,7973538,43
1,3222568163,0.995105,7975098,16
1,1532070647,1.064795,7976870,19
1,2295077189,1.002438,7978138,12
1,525373573,0.998534,7979543,14
1,1562289481,1.004871,7980192,3
1,2354293937,1.039268,7983867,46
1,2486318227,0.940620,7984513,3
1,2736180661,0.935936,7985379,6
1,3387228373,0.941657,7986023,3
1,2858111171,0.919621,7987453,14
1,998242801,1.014543,7991947,58
1,2021968633,0.983258,7992742,5
1,604747459,0.999023,7996397,46
1,3652704557,0.998534,7997896,15
1,2819952413,0.961668,7999306,14
1,2764040771,0.960652,8000176,6
1,153674077,0.956577,8003662,44
1,2291003459,1.020302,8004308,3
1,2877483769,1.057894,8005105,5
1,2853818629,0.982762,8007368,26
1,2041552607,1.064795,8010619,40
1,3954375473,1.029829,8012039,14
1,650637683,0.986233,8017366,70
1,3776330629,1.012133,8018438,9
1,2406026647,0.946313,8019577,10
1,70347223,1.010202,8023962,51
1,1732376291,0.900304,8025222,11
1,2321972209,0.966732,8025882,3
1,952320119,1.037387,8028905,37
1,2191489679,1.005357,8030751,20
1,2379593791,0.946313,8033013,26
1,219497483,0.882225,8033513,1
1,60887293,1.004871,8034361,6
1,2211624781,0.955044,8034943,2
1,2943224071,0.920682,8035878,7
1,1903887983,0.859233,8036532,3
1,552290941,0.872765,8038991,29
1,1592497399,0.966732,8042032,37
1,3693659657,0.979277,8044799,33
1,1576729703,0.989693,8047758,36
1,3114719137,1.031250,8049051,12
1,606165751,1.186677,8051891,34
1,357504181,0.986233,8053582,18
1,1154077051,0.988706,8054094,1
1,984308467,0.935936,8055165,9
1,2311349527,1.003899,8056793,17
1,1776219409,0.973276,8058572,19
1,2629269463,0.986233,8061266,32
1,1957879589,0.972272,8063327,23
1,3135221861,0.878342,8067185,49
1,3862438523,0.988706,8070764,45
1,601939687,0.963190,8071423,3
1,2701791649,0.977780,8074215,34
1,813088411,0.950945,8076213,22
1,2259541387,0.950945,8077018,5
1,3052901689,0.862070,8077757,4
1,4020480053,1.020780,8081260,44
1,3346551253,1.002438,8083024,19
1,431947279,1.031250,8084453,14
1,3340162801,0.978779,8087469,37
1,3100159273,1.050483,8090138,32
1,1759647581,0.989693,8090719,2
1,742389187,0.981270,8092077,13
1,3502721759,0.958616,8092944,6
1,1101551813,0.950945,8093870,7
1,1844932339,0.963190,8094403,1
1,1638132149,1.024600,8095621,11
1,2202261539,0.914296,8096823,11
1,2778278369,1.072563,8097617,5
1,242457473,1.004871,8098188,2
1,605186797,1.009718,8100870,32
1,4078586273,0.962175,8104105,40
1,1193897909,0.972272,8106567,29
1,4042558417,1.031723,8112185,74
1,3901729613,1.037387,8118434,83
1,3734642047,0.970764,8120205,19
1,2368882511,0.930180,8120723,1
1,239191781,0.940620,8121652,7
1,1935371203,0.994614,8123529,17
1,110981671,0.997066,8127700,52
1,404527567,0.958616,8133043,70
1,3529344439,1.035031,8137315,55
1,2278731991,0.963190,8137973,3
1,675963521,0.954021,8140286,27
1,2812438331,1.162987,8141156,6
1,1176339721,1.091963,8144020,35
1,3645023087,0.969758,8146286,26
1,125247971,0.969254,8148683,28
1,3962623631,0.997066,8150938,26
1,3819160187,0.878342,8152869,21
1,45193051,0.903011,8154619,19
1,732194371,0.919621,8155472,6
1,4262614091,0.979277,8156120,3
1,3079826819,0.966732,8157189,9
1,778584271,0.910550,8157699,1
1,501082789,0.781875,8160397,31
1,1843038823,0.898132,8161555,10
1,16598503,1.010685,8163670,24
1,12468067,0.971267,8165067,14
1,793150909,0.982762,8166550,15
1,1910807209,0.942694,8170231,46
1,3752654249,0.952484,8173835,45
1,1361433383,0.928078,8175466,17
1,3244172189,0.956066,8177796,27
1,1957513777,1.000976,8178652,6
1,737908357,0.972272,8179797,10
1,2137695653,1.044423,8182139,27
1,2679652123,0.968750,8185874,47
1,3715822249,1.001464,8188069,25
1,2668470457,0.994614,8189912,20
1,3659902867,1.037387,8191260,13
1,1471831297,1.029354,8192253,8
1,3491095177,1.038328,8193662,14
1,3210124303,0.963190,8194812,10
1,3078812551,0.974279,8197287,29
1,2565116581,1.020302,8200937,46
1,93930983,1.014543,8201443,1
1,2583643603,0.975280,8202874,14
1,709777121,0.956577,8204428,16
1,881931571,0.980772,8211148,90
1,533393401,0.886641,8214324,39
1,3951963341,1.027930,8215462,10
1,4265597719,0.962175,8218839,42
1,2960885167,1.039268,8220481,17
1,2245143377,0.924387,8225933,68
1,2257252447,0.916963,8226602,3
1,3479056181,0.979277,8230366,45
1,3874787383,1.024123,8231042,3
1,3978587419,1.015505,8232811,19
1,3167678431,0.957597,8235098,26
1,2403629849,0.946313,8237839,33
1,189404507,0.927551,8240843,37
1,3253092721,0.952997,8243163,27
1,350126863,0.996086,8245273,24
1,131709029,0.996086,8246119,6
1,8112407,0.972272,8251897,77
1,71859787,0.986233,8253309,14
1,1003070483,0.863202,8254171,6
1,1531518257,0.960652,8255660,15
1,1833738509,0.953509,8257567,21
1,57571399,0.983258,8258277,4
1,2467556617,0.940101,8259131,6
1,663769207,0.950945,8263605,58
1,1312010197,0.996086,8266638,37
1,4056218641,0.969758,8267573,7
1,284810243,1.004871,8270251,32
1,883494317,1.181316,8272844,31
1,131073211,1.031250,8275295,29
1,3111378293,0.873324,8283061,105
1,3512630087,1.037387,8284759,18
1,1918504069,0.998534,8287638,35
1,4076201939,0.979277,8289711,23
1,3144204839,0.952997,8290221,1
1,2708122777,0.968750,8293032,34
1,4074297191,1.023646,8294463,14
1,3673088381,0.986233,8295338,6
1,2201806727,0.995105,8295851,1
1,2946769211,0.973276,8299009,39
1,2346813109,1.031250,8299948,7
1,1066546577,1.072563,8301799,20
1,705340459,0.840851,8302509,4
1,3049237241,1.025076,8303098,2
1,848845369,0.900304,8303949,6
1,587251393,1.020302,8305443,15
1,1986273347,0.971267,8306927,15
1,931855489,0.997066,8308277,13
1,3931283831,0.989693,8320603,170
1,1516767661,1.130628,8321602,8
1,1946597581,1.053732,8322682,9
1,2769541771,0.913227,8325493,34
1,2653285927,0.888292,8326364,6
1,4293317879,0.955044,8327238,6
1,627149599,1.016466,8329716,24
1,1686435769,0.986233,8331602,20
1,3501824923,0.995105,8332403,5
1,2354712337,0.956066,8332905,1
1,99960821,0.946313,8334250,13
1,1018444319,0.976281,8335325,9
1,151311151,0.980772,8336102,5
1,1940929169,0.956577,8338975,35
1,3586430147,1.076652,8339765,5
1,2143229843,0.941657,8340984,11
1,1894006943,0.985243,8349527,116
1,3874428559,0.966732,8350254,4
1,2278157813,0.997066,8351678,14
1,2137556779,0.941657,8354291,31
1,2102991101,0.901929,8354883,2
1,1929772967,1.029354,8357636,33
1,2435580013,1.004871,8358135,1
1,2784163021,1.046292,8358929,5
1,2578239571,1.070740,8360998,23
1,2098709167,0.977780,8362697,18
1,1165776257,0.973276,8363417,4
1,3786048533,1.035503,8364344,7
1,2634785339,0.978779,8365134,5
1,129838399,0.934370,8365781,3
1,1118731363,1.009235,8366781,8
1,403888631,0.929655,8370148,42
1,1556797001,0.963190,8373322,39
1,204549469,0.969758,8374100,5
1,2958696641,1.039268,8378855,62
1,1353297769,0.953509,8379572,4
1,1436112497,0.903552,8382390,34
1,695255713,0.906250,8384146,19
1,884751727,0.993141,8386748,31
1,3878916967,1.046758,8387265,1
1,109946437,0.994614,8388811,16
1,1204291261,1.020302,8389459,3
1,2006186179,0.935414,8390400,7
1,2257008503,0.989693,8392660,26
1,2407204249,0.946829,8394988,27
1,1572733991,0.972272,8398241,40
1,2755591871,0.915364,8399880,17
1,3528003257,0.966732,8403534,46
1,3177097951,0.924387,8408049,58
1,4271395697,0.846639,8409262,11
1,3879719653,1.054659,8411883,31
1,2743048621,0.912693,8412409,1
1,22294763,0.942176,8413607,11
1,3468720863,0.983258,8414409,5
1,4135271837,1.009718,8417087,32
1,1244962903,0.993141,8419607,30
1,2167920421,1.052341,8420765,10
1,3792550999,0.989199,8423022,26
1,373509967,1.072563,8425140,24
1,3427540331,0.882225,8427470,27
1,1688429417,0.986233,8427979,1
1,2308561891,0.998534,8428773,5
1,746283751,1.081178,8431978,33
1,1536114773,1.025076,8435312,41
1,1907943883,0.895409,8438632,41
1,1934205113,0.972272,8440553,21
1,2749429681,1.029354,8443377,34
1,200429491,0.991172,8446203,34
1,3508007233,0.871085,8447355,10
1,4293530309,0.884436,8450165,34
1,2560393337,0.999023,8452775,31
1,1216499887,0.976781,8454112,13
1,4065604943,0.893772,8454832,4
1,23282603,0.872205,8458248,43
1,1854550969,0.983258,8459325,9
1,3433113947,0.997556,8461640,27
1,1029970693,0.942694,8462909,12
1,4044125221,0.994614,8466776,49
1,1051251379,1.004871,8467704,7
1,135938557,1.009235,8470008,27
1,1083969101,0.982762,8471005,8
1,1616298989,0.946313,8471729,4
1,1165062961,0.973276,8476077,56
1,1881875461,0.863202,8477133,9
1,294822329,1.000488,8479035,21
1,577880213,1.008751,8482492,43
1,3468526213,0.940101,8484604,24
1,3791470483,0.893772,8487842,40
1,3339210517,1.027930,8488625,5
1,2255915281,0.915364,8490387,19
1,2111955803,0.935936,8493366,36
1,345498883,0.857526,8494634,12
1,3685377383,1.031250,8497520,35
1,3615347339,0.983258,8498248,4
1,3754618001,0.984747,8502245,51
1,1585637017,0.964709,8503521,12
1,274950343,0.941657,8505976,29
1,2132404403,0.991172,8511647,75
1,1313920819,0.993141,8512228,2
1,2750202407,1.078917,8513874,17
1,2581557353,1.002438,8516480,31
1,3091266509,0.993632,8517417,7
1,520645039,1.012133,8521470,52
1,757764269,0.944764,8522397,7
1,417920453,0.935936,8523181,5
1,1519578097,0.975280,8529726,87
1,3354393109,1.025076,8530459,4
1,1324321381,0.942694,8532087,17
1,2096914019,0.956066,8533210,6
1,491542631,0.960652,8535435,23
1,2568613499,1.005357,8536186,4
1,4049502241,0.963190,8542351,82
1,2489409847,1.019344,8543902,16
1,2028136739,0.975280,8544419,1
1,4189707589,0.935936,8546345,21
1,3601173713,1.111464,8547352,8
1,2352318323,0.962175,8552615,69
1,3035318393,0.986233,8553192,2
1,3997704863,1.020780,8554683,15
1,4229423273,0.958616,8555685,8
1,3906647443,0.894318,8561809,81
1,238004159,0.970764,8564977,39
1,729701909,0.963190,8565976,8
1,3506288581,1.004871,8566849,6
1,1481947031,0.950945,8568197,13
1,4102928953,0.996086,8569350,10
1,1414597453,1.002438,8570688,13
1,2689281379,0.958616,8571341,3
1,1082497979,1.055584,8571850,1
1,1814640419,0.972272,8574028,25
1,320339137,0.963190,8577268,39
1,3853218143,0.963190,8577937,3
1,112033843,1.029354,8579496,16
1,1521420827,1.025076,8580494,8
1,656177579,1.019823,8583034,30
1,3149883383,0.998534,8584188,10
1,314836531,0.936979,8585385,11
1,359402177,1.057894,8588460,38
1,3790582987,0.977780,8591978,44
1,1709957323,0.920682,8593404,14
1,2939699447,0.978280,8594959,16
1,143199037,0.944764,8596287,13
1,2040856457,0.944764,8599672,42
1,3308634317,0.985243,8605340,75
1,3800297693,0.964709,8605854,1
1,3845896429,0.983258,8606379,1
1,892835477,0.893225,8606888,1
1,2340951131,1.014543,8610189,41
1,299171773,0.924387,8613015,34
1,3288828707,1.070740,8613813,5
1,2501759867,1.146070,8615025,11
1,1004292979,0.966732,8616870,20
1,2435518187,0.956577,8619262,28
1,1010406569,0.950945,8619975,4
1,1717852657,0.940101,8621182,11
1,384275519,0.970764,8624005,34
1,1502915977,1.031250,8624729,4
1,588174077,0.920682,8627124,28
1,1660317479,1.036916,8631581,57
1,1751564413,0.900304,8632374,5
1,4192969507,1.064337,8636023,42
1,4030846907,0.956066,8639963,40
1,3609601649,0.997066,8644231,53
1,65236757,0.878342,8645994,19
1,3521676443,0.888841,8646573,2
1,4107787529,0.934370,8648271,18
1,758462857,1.019823,8649827,16
1,1451431741,0.996086,8650413,2
1,1729285357,0.973276,8652398,22
1,2275962847,0.956066,8653412,8
1,1604894339,0.978779,8654204,5
1,2422824097,1.016466,8655352,10
1,2602085713,0.960652,8656353,8
1,4078791323,0.997066,8660003,45
1,2950214753,1.024600,8661164,10
1,2739915593,0.882778,8661814,3
1,3376110457,0.927551,8667002,68
1,1916478689,0.921743,8670958,50
1,727291517,0.877786,8672588,17
1,3116201927,0.985738,8673325,4
1,2231245099,0.934370,8673835,1
1,2689735549,0.988706,8677209,42
1,1888882343,0.978779,8678567,13
1,3176608573,0.978779,8680478,21
1,357677459,0.946313,8681962,15
1,1166838209,1.035031,8682808,6
1,3141908321,0.972272,8687178,56
1,3076530683,1.003899,8688662,15
1,2242687081,0.877229,8690490,20
1,2545303049,0.936979,8691210,4
1,1604278891,0.888292,8691946,4
1,4135117211,1.049554,8692540,2
1,1667025509,1.016466,8693189,3
1,2587913039,0.915364,8696151,36
1,688151693,0.921213,8699022,35
1,3258984221,0.924916,8702674,46
1,3066994019,1.005357,8703887,11
1,1766518157,1.002438,8706214,27
1,1987858387,0.914296,8708366,24
1,512758153,0.970764,8711574,40
1,1241370341,1.005357,8712093,1
1,3310647737,0.936979,8714786,32
1,442858049,0.983258,8715702,7
1,4100909963,0.920682,8719444,47
1,1097343001,0.904632,8720148,4
1,2257836437,1.091516,8721008,6
1,3565571861,0.972774,8721732,4
1,4282882973,0.983258,8722894,10
1,4165872889,0.998534,8723414,1
1,3159164933,0.911086,8723915,1
1,1449414689,0.994614,8725396,15
1,4031900549,1.000488,8727653,26
1,1006953511,1.048623,8728997,13
1,1929910583,0.989693,8729573,2
1,1848936223,0.970764,8732310,33
1,1197024019,1.027930,8734910,31
1,753878339,1.106179,8735558,3
1,2452542377,1.125868,8736422,6
1,3784120247,1.005357,8738904,25
1,3191163077,0.969254,8742524,43
1,364492231,1.012133,8744658,24
1,1731703829,0.993141,8745385,4
1,1467530171,1.086134,8746462,9
1,3640478047,0.963190,8748092,17
1,2550544013,0.978779,8749228,10
1,2565365321,1.067086,8751000,19
1,3504448907,0.929655,8752559,16
1,834712889,0.983258,8753548,8
1,995263229,1.062959,8755307,19
1,1589699521,0.972272,8756515,11
1,2235981833,0.920682,8757783,12
1,3287252077,1.014543,8758597,5
1,807488971,0.991172,8759385,5
1,1122592327,1.064795,8761078,18
1,6495323,0.991172,8761698,3
1,1322387771,0.946313,8763182,15
1,486261109,0.942176,8763692,1
1,684489023,0.927551,8766219,30
1,3852007661,0.946313,8768483,26
1,4097165879,0.936979,8769553,9
1,3242482973,0.956066,8770425,6
1,1887500899,0.988706,8772602,25
1,1189700641,0.986233,8774497,21
1,1117114451,0.940101,8775280,5
1,2956930763,0.963190,8777464,25
1,229295069,0.993141,8778248,5
1,101409017,0.952484,8781128,35
1,517263041,1.000488,8782604,15
1,1430150473,1.111903,8788353,76
1,201977233,1.073018,8790406,23
1,728986169,0.996576,8794618,54
1,579021217,0.934370,8797427,34
1,677868101,0.929655,8802636,68
1,3102327301,0.941657,8803839,11
1,807177823,1.010202,8804911,9
1,2448507377,0.944764,8806956,23
1,2208315251,0.863202,8810261,41
1,4256746723,0.989693,8811683,14
1,3558285469,0.882225,8812745,9
1,864092059,1.032197,8814657,21
1,2327198333,1.001464,8815592,7
1,903494297,0.966732,8817910,27
1,3383357363,1.103085,8821015,38
1,2523811903,0.921743,8823281,26
1,946069073,0.911086,8824211,7
1,3770052701,0.982762,8827602,42
1,4081842187,0.963190,8828333,4
1,3301986643,1.004871,8829534,11
1,1277319553,0.963190,8831369,20
1,3149690483,0.944764,8833574,25
1,3232623677,0.935936,8835978,28
1,1363122283,1.016466,8836490,1
1,2362838987,0.921213,8839105,31
1,3524930971,0.949404,8839684,2
1,3556503187,0.938021,8841128,10
1,3973900741,1.012616,8842185,7
1,3881727007,0.919621,8845524,41
1,987106009,1.070740,8850208,61
1,260756983,0.882778,8851073,6
1,1526044217,0.898132,8852212,10
1,1640766269,1.012133,8853780,16
1,1053358357,0.962175,8854498,4
1,2735866291,0.938541,8856739,26
1,2150912839,1.056971,8860240,44
1,2589406363,0.978779,8865432,68
1,1001720399,0.979277,8867751,27
1,2610775439,0.994614,8869308,16
1,304623919,1.032197,8870098,5
1,1722260791,1.077559,8870970,6
1,560317829,0.900304,8873976,37
1,3382708691,0.900304,8877902,50
1,2594698459,0.963190,8879117,11
1,627180611,0.986233,8880168,9
1,4005097969,1.010202,8881242,9
1,1409183911,0.829745,8882526,12
1,3310413739,0.990679,8883456,7
1,4003392763,0.952997,8886136,32
1,3039918611,1.042083,8891960,77
1,2159918407,1.027930,8893169,11
1,2007001021,0.952997,8896346,39
1,1581908147,0.942694,8896851,1
1,1070201719,0.989693,8897860,8
1,851497643,0.979277,8899763,21
1,900106951,0.936979,8900758,8
1,4120019957,1.027930,8902391,17
1,2592347279,0.988706,8903659,12
1,651035641,0.941657,8904722,9
1,1193441617,1.029354,8909651,64
1,198684821,0.923330,8910855,11
1,81322099,0.999023,8911849,8
1,22894127,0.963190,8915015,39
1,1465188181,0.877229,8916096,9
1,3094740907,1.039268,8917532,14
1,1347124321,0.983258,8918522,8
1,1397862377,0.948889,8919952,14
1,3831349369,0.972272,8921169,11
1,1716627439,0.970764,8921894,4
1,3188066459,0.998534,8928405,87
1,382935991,0.964709,8929546,10
1,1213826717,1.050483,8930677,10
1,2443099397,0.924387,8933633,36
1,1147098929,0.962175,8934211,2
1,3118700917,1.036916,8934944,4
1,2626316783,0.981270,8936718,19
1,3578650763,1.016466,8939193,29
1,3388255369,1.077559,8939986,5
1,2517047843,0.968750,8942729,29
1,2870027851,0.975280,8944419,16
1,1604103689,0.983258,8945797,13
1,474426289,1.039268,8946438,3
1,2969241103,0.983258,8948479,23
1,558914357,0.913227,8949335,6
1,3992336123,0.942176,8949929,2
1,3284173601,0.919090,8953996,52
1,4283127571,0.888292,8958513,58
1,3314771771,0.989693,8959522,8
1,2446370447,1.010202,8961005,15
1,2266540027,1.025076,8963615,31
1,964873237,0.977281,8965927,27
1,2625595283,0.952997,8967241,12
1,3444737749,0.956577,8967890,3
1,829333339,0.906250,8973940,80
1,3140553457,0.946313,8974592,3
1,3075163709,0.978779,8978343,47
1,204112837,1.038798,8979255,7
1,247814603,0.963190,8980328,9
1,491087917,0.986233,8981802,15
1,1280166473,0.941657,8982516,4
1,1508351737,0.997066,8983734,11
1,2335015327,0.999023,8987598,49
1,548221217,1.196512,8992002,57
1,3495103399,0.921743,8997047,66
1,1683664589,0.950945,8997768,4
1,479786921,0.994614,8998273,1
1,1232814809,0.903552,8999201,7
1,1803230279,0.960652,9000279,9
1,528294433,1.027930,9001475,11
1,3764292517,0.927551,9004370,35
1,3079701497,0.967237,9005714,13
1,1172230957,1.029354,9006445,4
1,988294379,0.941657,9008215,19
1,2213249471,0.931229,9009371,10
1,1504328213,0.986233,9011768,28
1,266365459,0.948374,9012414,3
1,550125091,0.969758,9015845,43
1,3882235789,0.969254,9017543,18
1,3432780523,0.935414,9019745,25
1,2807970797,0.994614,9022219,29
1,55053997,0.960652,9022786,2
1,253864729,0.898132,9024824,23
1,256355717,0.919621,9028431,45
1,3513529387,1.004871,9028940,1
1,1889854517,0.975280,9029871,7
1,1512770393,0.942694,9031282,14
1,1101177997,0.966732,9035554,55
1,997817423,0.978779,9036355,5
1,3763107839,0.930180,9037438,9
1,1240683221,1.035503,9037949,1
1,4107531133,0.977780,9040022,23
1,3178326083,1.024123,9041095,9
1,1137800467,1.038328,9041675,2
1,684423407,0.955044,9042606,7
1,1304700863,0.935936,9045350,29
1,3144614591,0.975280,9046670,10
1,1935779267,0.988212,9049797,38
1,1723827949,0.963190,9055346,73
1,2206215059,0.904092,9057800,29
1,313075291,1.023646,9062066,55
1,3473108257,1.046758,9064250,25
1,3632056957,0.966732,9066157,21
1,1343447177,0.982762,9072098,79
1,996973697,0.997066,9074370,26
1,635316133,1.010202,9076627,26
1,2981357941,0.983258,9077639,8
1,1410574069,0.978779,9078288,3
1,2601366487,0.982762,9079577,12
1,1917274421,0.972272,9080780,11
1,3087211199,0.978779,9081290,1
1,2024474399,1.023646,9082087,5
1,3457211869,0.942694,9085323,40
1,2338230571,0.904092,9087515,25
1,1356456767,0.928078,9088454,7
1,794688707,0.983258,9089597,10
1,3160414627,0.993141,9092760,39
1,16642007,0.998534,9096203,43
1,2911031549,0.941657,9097698,15
1,2176425373,1.027930,9100854,39
1,1392242381,1.067086,9101654,5
1,2899304251,0.862070,9102392,4
1,729855521,0.936458,9110696,113
1,3515629709,0.923859,9113295,31
1,2992590169,1.031723,9117342,51
1,267782483,1.025076,9119585,26
1,3882074663,1.064795,9120660,9
1,208011893,0.921743,9121867,11
1,2369804293,1.002438,9122507,3
1,1098195913,0.880563,9123500,8
1,2683034143,0.972272,9124512,8
1,1034565407,0.996576,9126437,21
1,4159908733,0.977281,9128142,18
1,2237907839,0.950945,9130362,25
1,318631991,1.035974,9130941,2
1,4153621201,1.004871,9132297,13
1,2679769333,0.946313,9132818,1
1,1834975547,0.907327,9133408,2
1,552433577,0.999023,9136996,45
1,446560297,1.017906,9139955,36
1,1266967127,0.916963,9140464,1
1,37994317,0.921213,9142358,21
1,429781103,0.960652,9143852,15
1,862830187,1.019823,9145064,11
1,2993413559,0.942694,9146221,10
1,51181001,1.042552,9146931,4
1,1126788941,0.997066,9149558,26
1,132000667,1.025076,9152818,40
1,767596603,0.977780,9153330,1
1,714816857,0.972774,9154746,14
1,2165597971,0.973276,9155806,9
1,2628156863,0.928078,9157927,24
1,3218783993,0.972272,9158800,4
1,652188619,1.020780,9160234,14
1,755004619,0.994614,9164293,52
1,2779388413,0.956577,9165240,7
1,2783618419,0.924916,9166390,10
1,934447729,1.092410,9168497,24
1,2521016107,0.950945,9174520,80
1,3110220829,0.946313,9175594,9
1,1520547563,1.010202,9180010,57
1,594312601,1.023646,9184949,64
1,2171245579,0.946313,9187273,27
1,3894212551,0.904092,9188696,14
1,1437978863,0.991172,9191800,38
1,4067295311,0.956577,9193428,17
1,2770141819,0.960652,9195814,28
1,3451095469,0.938541,9201152,70
1,3334069589,1.005357,9204257,38
1,24063001,0.935414,9205244,8
1,2484931699,0.958616,9206724,15
1,679853861,0.965215,9209879,39
1,291114139,0.985243,9210589,4
1,456003761,1.004871,9211437,6
1,2696480473,0.911086,9216260,63
1,857700409,0.931229,9218802,30
1,896907013,0.961160,9219660,6
1,314662849,0.941657,9220298,3
1,293503409,1.014543,9226050,76
1,1086373091,0.958616,9227113,9
1,4263027679,0.946313,9229997,35
1,116041183,0.944764,9230712,4
1,1644618977,0.930180,9233166,29
1,25632697,1.015505,9236196,37
1,4170097837,0.927551,9237064,6
1,3354629063,0.935936,9239330,26
1,2123073229,0.991172,9241391,23
1,378441383,1.054659,9244992,45
1,2812408999,0.977780,9245925,7
1,2276184821,1.067086,9247360,14
1,1517678777,1.067086,9247873,1
1,3544481467,1.012133,9250093,22
1,1679620997,0.950945,9251520,12
1,403910503,1.029829,9252257,4
1,4265796061,1.014543,9253677,14
1,3160453403,0.950945,9254976,12
1,282434927,1.004871,9256667,18
1,1814514109,0.815499,9258151,15
1,1151535659,1.023646,9261930,48
1,1760700307,1.012133,9264618,32
1,2497763297,0.936979,9266799,25
1,3090773929,0.988706,9267530,4
1,890484611,0.998534,9268394,6
1,2897195359,1.010202,9270105,18
1,3933508063,0.997066,9271047,7
1,1633975253,0.885539,9271846,5
1,1060675687,0.941139,9272641,5
1,3783473467,0.977780,9273498,6
1,71235113,0.912693,9274067,2
1,267277447,0.963190,9275552,15
1,1679047427,0.935936,9279259,47
1,2160179627,1.004871,9284106,63
1,3435368689,0.970764,9288903,62
1,231675263,1.010685,9289829,7
1,3318810841,0.977780,9292213,28
1,3466467677,0.914296,9293012,5
1,2220361237,0.887192,9294359,13
1,1311188639,0.948374,9295290,7
1,288431699,1.005357,9297334,23
1,1265713591,0.921743,9301159,48
1,2213351521,0.970764,9302155,8
1,1487374751,0.988706,9304903,33
1,3428753173,0.889391,9305766,6
1,3354498487,0.948374,9306912,10
1,2171447321,0.988706,9309083,25
1,485999753,1.073928,9310560,15
1,3951512053,0.973276,9312405,20
1,1324718851,1.046758,9312917,1
1,3130328039,1.119343,9313985,9
1,80656603,0.873324,9316156,25
1,2782004861,0.997066,9317568,14
1,560689357,1.044891,9319202,17
1,746742211,0.979277,9321673,29
1,1643149897,0.826207,9323926,26
1,3348122251,1.046758,9325127,11
1,361453607,0.989693,9327091,22
1,206334631,1.037387,9328077,8
1,1072925389,0.913227,9329719,17
1,848962379,1.012133,9335049,70
1,4031953441,0.983258,9338003,36
1,4249576477,0.950432,9338803,5
1,3694615387,0.975280,9340522,18
1,3695829239,1.081178,9342572,23
1,1976909069,1.000488,9343712,10
1,386671433,1.014061,9346304,31
1,2810177681,1.038328,9348082,19
1,1942974851,0.958616,9350636,30
1,338994457,0.988706,9351272,3
1,8219317,1.000488,9354415,33
1,1778546449,0.924387,9355159,4
1,1261213771,1.004871,9356733,16
1,3749579021,1.022214,9358718,22
1,2577704329,0.942694,9361248,30
1,3931582141,0.978779,9363453,25
1,1368755411,0.970764,9364386,7
1,2594533199,1.004871,9365460,9
1,3834057637,0.989693,9367498,23
1,1515324467,1.014543,9370158,32
1,1245961877,1.000488,9372006,20
1,3357511217,0.983258,9372657,3
1,419202683,0.894318,9379098,86
1,2922525733,0.978779,9381211,24
1,1212804877,0.998534,9381797,2
1,1082930071,0.968750,9383424,17
1,634170143,0.986233,9384359,7
1,1013827429,1.070740,9384941,2
1,834085649,1.043488,9386996,23
1,4134435439,1.002438,9388366,13
1,1120740629,1.003899,9389581,11
1,957278053,0.990679,9391072,15
1,2491762243,0.983258,9393111,23
1,1227202159,1.014543,9394397,12
1,2321800961,1.014543,9399090,61
1,73072543,0.975280,9400641,16
1,1934967917,0.962175,9401150,1
1,330014219,0.982762,9402075,7
1,2097918071,0.970764,9405042,36
1,3479070701,0.948889,9411225,82
1,1715149253,0.991172,9411811,2
1,562754267,0.930180,9412738,7
1,3364461871,1.000976,9414858,24
1,879700033,1.012133,9415433,2
1,3062676571,0.950945,9417061,17
1,1209040337,0.966732,9417980,7
1,3142013177,0.930180,9419410,14
1,421786033,0.963190,9427719,113
1,1660744451,0.975280,9428795,9
1,3748341787,0.869402,9430914,24
1,1376480687,0.970764,9431434,1
1,1094946781,1.020302,9432082,3
1,4176425839,0.993141,9434216,24
1,1580957099,0.952997,9434745,1
1,2836041773,1.010202,9436789,23
1,1015914197,0.914830,9437932,10
1,942105551,0.886641,9440607,32
1,3846109387,0.948374,9442527,21
1,2487867617,0.830921,9443520,8
1,2413619027,0.921743,9445508,22
1,312913483,1.038328,9446569,9
1,3926021527,1.004871,9447774,11
1,3120554477,1.040677,9448646,6
1,2551992197,1.105296,9450280,17
1,790710541,0.884436,9452533,26
1,2823340649,0.993141,9453590,9
1,1846529039,0.974780,9454634,4
1,1886514139,1.020780,9456968,25
1,1900832027,0.977780,9457706,4
1,183777203,0.923330,9458630,7
1,4177110491,1.014543,9460679,23
1,2229286733,0.921743,9463430,33
1,3784369639,0.985243,9464222,5
1,1785352441,1.036916,9465086,6
1,994660301,1.072563,9465738,3
1,942728417,1.029829,9469021,41
1,2743816597,1.020302,9470378,13
1,1065257891,0.960143,9472289,21
1,3344072287,1.025076,9473720,14
1,1208327191,0.978779,9474785,9
1,2392989829,0.916963,9478662,49
1,1667529421,1.038328,9481554,35
1,2437542179,0.846639,9484801,40
1,3288788593,0.978779,9485384,2
1,2958312757,0.974279,9486164,5
1,3418596073,0.983258,9487518,13
1,642938117,0.953509,9489511,22
1,1282113589,1.036445,9491973,29
1,2621133377,0.989693,9493242,12
1,1242299167,0.992649,9498181,64
1,1690097663,0.946313,9502327,53
1,1882843477,0.960652,9503958,17
1,2997420961,0.924387,9505857,21
1,3240219613,0.858664,9506373,1
1,3300530917,0.975280,9508561,25
1,4212086947,0.978779,9509769,11
1,506121073,0.940101,9514119,56
1,1162779781,0.948374,9516377,26
1,3798850283,1.010202,9517112,4
1,987130091,0.998534,9518119,8
1,1510484699,1.037387,9519250,10
1,2161141033,0.935936,9522465,40
1,2610862819,1.000488,9526966,58
1,1197250829,0.998534,9529162,25
1,224240417,0.993141,9530569,14
1,2879590423,0.998534,9532541,22
1,2680223639,0.988706,9533478,7
1,754233547,0.919621,9534752,12
1,4209786083,1.046758,9535270,1
1,2770405999,0.982762,9536263,8
1,466527389,1.029354,9537605,13
1,685001497,0.989693,9538314,4
1,3767795711,0.975280,9539271,7
1,1832187463,0.946313,9541401,24
1,4083188107,1.010685,9542469,9
1,2013639799,1.004871,9545026,30
1,3269953441,0.978779,9545751,4
1,780898003,0.995105,9546338,2
1,2936286263,0.911086,9548586,26
1,2684654383,0.884436,9549442,6
1,1852510949,0.978779,9551003,16
1,3802114829,1.023646,9551525,1
1,688215259,1.069828,9552169,3
1,1617486901,0.960652,9554069,21
1,1166680639,0.941657,9554994,7
1,1421194421,0.989693,9555716,4
1,4165242157,0.927551,9557555,16
1,3917375867,0.969758,9559364,17
1,1398034777,0.988706,9561558,25
1,614656129,0.935936,9562123,2
1,2002818239,1.038328,9563541,14
1,507370517,1.012133,9564188,3
1,1388671079,1.037387,9566018,20
1,341587573,0.904092,9567156,10
1,3598968557,0.936979,9568868,18
1,3080148989,1.014061,9571141,26
1,1565603891,0.908940,9573395,26
1,2374404001,0.919090,9578171,62
1,2287126837,0.932277,9583287,67
1,2940747011,0.997066,9584847,16
1,2516202643,1.036916,9587452,31
1,156332647,1.000488,9589761,27
1,3057798091,1.008267,9590480,4
1,1252669331,0.971267,9592521,23
1,1190805331,0.978779,9593944,14
1,2016697847,0.952997,9597395,43
1,2756577529,1.019823,9600496,38
1,3989281951,0.978779,9602475,22
1,3191245207,0.970764,9603269,5
1,750689339,1.005357,9605040,19
1,3409402813,0.985243,9606680,17
1,1569228643,1.081178,9609921,40
1,4181171443,1.029354,9614207,55
1,3793481,1.012133,9618394,54
1,3664694113,0.924387,9620174,19
1,2208976963,0.908403,9621444,12
1,1960587929,0.927551,9623144,18
1,3111107561,0.948374,9624923,19
1,2791234163,1.078012,9625859,7
1,1935328861,1.010202,9630112,54
1,1963252727,0.940101,9630628,1
1,3956056843,1.006813,9631280,3
1,245441909,1.070284,9633385,24
1,2697356143,1.039268,9634242,6
1,2275418617,0.989693,9635521,12
1,3455944729,0.886641,9636032,1
1,412112369,0.889391,9640991,65
1,765998137,0.944764,9648597,103
1,3811282147,1.023646,9649736,10
1,3996670127,1.047691,9650251,1
1,53096669,1.078917,9650952,4
1,3526825531,1.057894,9653359,28
1,2945163257,0.989693,9657302,50
1,636548873,0.968750,9657953,3
1,3572474621,0.827388,9659293,8
1,2069520287,1.097316,9660680,13
1,3589813231,0.921213,9662108,14
1,2941547797,0.952997,9665079,26
1,3443028011,0.985243,9666390,11
1,438345331,0.982762,9667388,8
1,3572651633,1.010202,9668465,9
1,2121762563,1.023646,9671004,30
1,217014293,0.972272,9671793,5
1,856513319,0.916963,9673212,14
1,2821199077,0.958616,9674833,17
1,652679663,0.956066,9676405,16
1,3317164283,0.969254,9679450,37
1,2498536511,0.957597,9681990,30
1,3496411337,1.056971,9683465,15
1,2748078953,1.003899,9684602,10
1,2068894073,0.944764,9685946,13
1,2422666087,1.031250,9686892,7
1,869427373,0.985243,9691374,58
1,3848861069,0.977780,9694560,39
1,831233201,0.904092,9695200,3
1,1793202253,0.889391,9695922,4
1,2969566073,0.893225,9697073,10
1,3961780169,0.895409,9702747,75
1,1312558607,1.014543,9704515,19
1,701087341,0.972272,9705097,2
1,2966906771,0.994614,9706454,13
1,318385069,1.005357,9708982,30
1,3950149097,1.004871,9709989,8
1,1486305857,0.963190,9710628,3
1,283378229,1.032197,9712872,26
1,2839246667,1.082983,9713946,9
1,2239485949,0.988706,9714891,7
1,2554564457,1.026028,9716378,15
1,2976411043,0.963190,9716889,1
1,169834633,0.982762,9720741,49
1,373630757,0.956577,9722361,17
1,1349316203,1.064337,9722876,1
1,184648993,1.078917,9723989,10
1,333279151,0.969254,9726947,36
1,3147481823,1.046292,9728736,19
1,862210589,1.001464,9730143,14
1,2070120967,0.950945,9731355,11
1,476655169,0.958616,9732202,6
1,732966953,0.942694,9733201,8
1,3863382539,0.958616,9734209,8
1,4256897417,0.979277,9736134,21
1,532900211,0.959126,9742074,79
