agent_id,prime,g,timestamp_us,checked_since
1,2535920903,0.864897,0,30
1,3280646749,0.820275,1671,11
1,2850379421,0.998534,3658,22
1,3968064613,0.862636,4726,9
1,2201492651,0.871645,5303,2
1,1780922593,0.919090,6922,17
1,2827572733,0.919621,8693,19
1,4108604179,1.002438,11512,34
1,2285788391,1.047691,13640,24
1,1082606887,0.997066,17427,48
1,1772791379,0.988706,21526,52
1,2494920749,1.002438,22872,13
1,2960422867,0.969758,25287,28
1,2436616739,0.997066,25935,3
1,3187285763,0.957597,27287,13
1,2958406501,0.877786,28012,4
1,3787077557,1.027455,28874,6
1,2803936477,1.027455,29664,5
1,1972704031,1.025552,30601,7
1,4039322411,0.981270,31670,9
1,926893861,1.012616,33017,13
1,2983054103,1.044423,33950,7
1,609280313,0.882778,40796,92
1,3930929063,0.929655,45241,57
1,427074673,0.931753,46020,5
1,666568831,0.902471,47228,11
1,2337239693,0.946829,49286,23
1,2507878181,0.993632,50008,4
1,3032136067,1.047691,50599,2
1,1837647271,0.946313,51603,8
1,2731980011,1.004871,52396,5
1,2043401413,1.079822,53057,3
1,2319006133,1.140518,53853,5
1,889793461,0.978779,56110,26
1,1898310509,1.098205,58303,25
1,3006374281,1.015985,58807,1
1,1905788237,1.040677,60146,13
1,2184145123,0.962683,64884,61
1,2968606769,0.950945,65734,6
1,4260542327,0.907865,67242,15
1,1374874939,0.904092,67759,1
1,4015587691,0.965215,72828,66
1,4197367963,1.089725,74315,15
1,3201202247,0.964709,78185,49
1,2528138467,0.906789,80648,29
1,3505071539,0.888841,82351,18
1,415919173,0.997066,83477,10
1,3001344061,0.969758,84475,8
1,3539659793,0.962683,85126,3
1,816955019,1.046758,86695,16
1,3543710069,0.900304,87632,7
1,390494729,1.031250,94845,96
1,549415459,0.932277,96626,19
1,920471843,0.872205,97691,9
1,3781554739,1.055584,98908,11
1,3146128571,0.975280,100189,12
1,1506177643,0.860369,104208,45
1,2566793413,1.005842,104889,3
1,1199773459,0.919621,107829,36
1,2865259667,1.033615,111476,46
1,2494875797,1.044423,111982,1
1,3380752619,1.070284,113127,10
1,817809121,0.919621,115604,29
1,905540939,0.991172,116681,9
1,948121429,0.957597,117611,7
1,1855165883,0.960652,119597,22
1,4228838477,0.862636,120249,3
1,1572394489,0.880563,122933,32
1,2910725711,0.899761,124076,10
1,166456489,0.965215,124790,4
1,92637487,1.061581,125982,11
1,3881114147,0.950945,127749,19
1,3344596447,1.020780,130166,28
1,447040591,0.936979,132062,21
1,2411929823,1.053732,134661,30
1,726857239,1.055584,136649,22
1,2145365231,0.928078,138785,24
1,3284054209,0.955044,140991,25
1,228307829,0.935414,145021,51
1,975946033,0.988706,147337,27
1,3027192017,1.012133,149833,29
1,1625924381,0.920152,151107,12
1,3640273249,0.895409,151684,2
1,2661058003,1.012133,153657,22
1,1079665967,0.914830,155070,14
1,2610981343,1.113220,155593,1
1,2826069173,1.140090,156796,11
1,1863896347,0.931753,161080,55
1,307686877,1.012616,162007,7
1,2360561453,0.979277,163082,9
1,343134157,0.986233,166451,42
1,931561957,0.962683,168989,30
1,3157117627,0.984747,170001,8
1,1697606513,0.885539,170794,5
1,2981424343,1.025552,172647,20
1,4019279557,0.911086,173999,13
1,2120919763,0.934370,177880,49
1,4140273161,1.068458,178670,5
1,1402553909,0.997066,180082,14
1,2519864213,0.954533,183105,37
1,2789973811,0.938541,184602,15
1,1608575671,1.046758,189173,59
1,1936536769,0.973777,190865,18
1,1004955139,0.988706,191931,9
1,333014621,1.040677,192716,5
1,2956772123,0.953509,193996,12
1,1166038127,0.902471,199039,66
1,1026714149,1.079822,199623,2
1,2261107361,0.962683,201025,14
1,3634371971,0.921743,201537,1
1,4286688349,0.969254,202271,4
1,1476571177,0.877786,206796,53
1,2546839879,0.928078,207555,4
1,498087487,1.007782,209734,25
1,1711406989,1.007782,210247,1
1,185575003,0.980772,211098,6
1,3476750159,0.928078,211833,4
1,3647928701,0.868840,212640,5
1,3925048879,0.961160,217493,63
1,1789563661,0.952997,218286,5
1,1899182227,1.005357,218796,1
1,1812669587,0.924387,220900,24
1,75437963,1.004871,223710,34
1,1302360209,1.070284,224565,6
1,3909708839,1.055584,225074,1
1,218654987,0.944764,225638,2
1,649956721,1.054196,227195,16
1,1375015559,0.962683,229457,26
1,2082645431,0.880563,230040,2
1,3483590771,1.106621,234471,57
1,2138187959,0.938541,235688,11
1,205670747,1.005357,237645,22
1,436891159,1.058356,239127,15
1,4031550517,0.984747,240266,10
1,367691399,0.835609,241327,9
1,227944163,0.897588,242255,7
1,2807483347,1.070284,244304,23
1,584679877,0.962683,248811,58
1,4043337971,0.975280,251061,26
1,1881456637,0.995105,251654,2
1,3588872933,0.914830,253726,23
1,3074578607,0.965215,255859,24
1,3919908227,0.882225,256582,4
1,2053068443,0.944764,257935,13
1,2012759257,0.826207,258798,6
1,2338715021,0.922801,261472,32
1,3176916077,1.020302,263052,16
1,90575059,0.961160,263755,4
1,566743349,0.944764,264615,6
1,512218757,0.888841,265552,7
1,2181609047,0.924387,267311,19
1,4175235329,1.098205,269011,18
1,3121893539,0.999023,269808,5
1,1574497693,0.962683,270328,1
1,1888842113,1.068458,272033,18
1,3054391579,0.970261,272888,6
1,1793406929,0.872205,273818,7
1,98222699,0.885539,274387,2
1,4239769969,0.970261,276299,21
1,1999600067,0.947859,281213,64
1,1543704259,0.946829,289642,114
1,2819984477,1.062959,290224,2
1,3944484133,1.015985,290738,1
1,2907340321,0.944764,292363,17
1,82844581,1.029829,294611,26
1,2643516059,1.061581,295550,7
1,125377457,0.919621,296188,3
1,2413314979,0.938021,297951,19
1,4194870973,1.031250,298741,5
1,2337093401,0.928078,300999,26
1,1850848733,0.948889,301794,5
1,2661429371,0.923330,305044,40
1,165389347,1.058356,305684,3
1,221245513,0.969254,306846,8
1,1534346257,0.922801,310509,44
1,240486247,0.988706,314868,56
1,3088297657,0.984747,318250,42
1,2926411309,0.868840,319610,13
1,2962715177,0.994123,325577,79
1,3160922069,0.973777,327076,15
1,1348711783,0.974780,330447,42
1,3405200597,0.922801,333887,43
1,4193185369,0.974780,334407,1
1,1782327817,0.886090,335749,13
1,3778391087,0.961160,336548,5
1,3679122443,0.970261,337554,8
1,4259682901,0.913227,339950,28
1,3060243451,0.974780,342217,26
1,1117002581,1.081629,343135,6
1,2576403433,1.156250,344716,16
1,4157095801,0.876115,345303,2
1,1183421329,1.004871,346922,17
1,1451619451,0.843750,349052,24
1,970320643,0.927551,352356,41
1,86415431,0.825615,353825,15
1,951353567,0.876115,355659,20
1,2333628751,0.946313,361205,73
1,2393642569,0.887192,367229,80
1,2062504627,0.997556,369213,22
1,3413334271,1.012616,369741,1
1,393336673,1.006813,372558,34
1,231133289,0.888841,375155,31
1,4078529233,0.922801,379232,52
1,4013051173,0.914830,380998,19
1,1070217431,0.873883,381722,4
1,1894213723,1.050483,382931,11
1,2855826427,0.871645,384166,11
1,3862358569,1.082983,385025,6
1,3817079897,1.136229,385944,7
1,3025327499,1.004871,386531,2
1,802753687,0.886090,387606,9
1,1703234969,1.012133,388112,1
1,4114659839,1.033615,388978,6
1,708215611,0.924387,392695,47
1,1371176113,1.083884,393484,5
1,867489809,0.955044,395869,28
1,3392082409,0.960652,397576,18
1,2738437517,0.895409,398655,9
1,1258242203,0.928078,399308,3
1,653414141,1.062959,403885,59
1,3519242761,0.938541,404668,5
1,829840313,1.050483,409093,53
1,3612019709,1.044423,410734,15
1,1916824517,0.977281,412242,15
1,280077451,0.899761,413366,10
1,4284166673,1.020302,414018,3
1,2978207521,1.000488,414532,1
1,957925963,0.965215,415316,5
1,2386121701,0.970764,416599,12
1,191721157,0.994614,417663,9
1,1271271803,0.821465,420412,33
1,734771561,0.952484,420932,1
1,4238558789,0.877786,423605,32
1,1954638899,0.973777,425931,27
1,1440912661,0.942176,429996,52
1,2725848239,0.988706,433179,39
1,2690218301,0.957597,435011,20
1,3295261993,0.956066,437761,33
1,3996442357,1.006328,438838,9
1,400038323,0.877786,441440,31
1,1983875581,0.955044,443841,28
1,3969855569,1.029829,444349,1
1,1409189027,1.005842,446322,22
1,4113628931,1.012133,447882,16
1,3908953949,1.004871,449310,14
1,2658583339,0.911086,449895,2
1,90402887,0.984747,450878,8
1,358117913,0.956066,453342,29
1,3320253709,0.906789,454757,14
1,2382221867,0.887192,462610,106
1,3285844487,0.990679,465990,42
1,1375574549,0.952484,466995,8
1,4005220003,0.919621,468282,12
1,533086849,1.012133,469978,18
1,2063961839,0.942176,471212,11
1,2042582573,0.868840,472731,15
1,1151578369,0.961160,474973,26
1,1113462659,0.928078,476385,14
1,2742303229,0.940620,478031,17
1,2345968813,1.000488,479377,13
1,2244911567,0.911086,480030,3
1,2469222659,0.888841,481233,11
1,437834933,1.018386,482645,14
1,462317591,1.000488,484641,22
1,3665275501,0.982762,488736,52
1,3900051847,1.007782,490647,21
1,326866493,0.895409,493188,30
1,3917923759,1.039738,494816,17
1,3630196147,1.064337,496094,12
1,2927215271,0.956066,496749,3
1,3182319331,0.934370,497337,2
1,3013677943,1.000488,503307,79
1,819036503,1.050483,505756,29
1,2476948633,1.043488,506962,11
1,2747412529,0.900304,507815,6
1,247955731,0.864897,508529,4
1,3407753197,0.977281,509256,4
1,2691030421,0.857526,511486,22
1,3382516939,0.940101,515649,39
1,433519909,1.025076,517218,14
1,154102517,0.969254,519686,29
1,2034129533,0.988706,521655,19
1,327098621,1.013098,527629,79
1,2148962177,1.038328,529318,18
1,1195763903,0.919090,530815,15
1,1127593063,1.024123,533426,31
1,2632428173,1.052341,535345,21
1,2139204527,1.007782,536429,9
1,3456585247,0.934370,540015,45
1,2673126409,0.914830,542711,32
1,3146302261,0.961160,545177,29
1,1629517381,0.922801,546374,11
1,1237745039,0.927551,546891,1
1,3099050599,1.016466,549366,29
1,2230916819,1.031250,550438,9
1,2862071411,0.988706,551028,2
1,281112913,0.968750,553564,30
1,1591973633,1.050483,555114,16
1,224710417,1.002925,556099,8
1,1107270977,0.934370,557521,14
1,1106580613,0.965215,558534,8
1,1816328881,1.042552,559115,2
1,2958301637,0.946829,560805,18
1,913420903,0.961160,563571,33
1,309997291,1.055584,564497,7
1,2299038983,1.002438,566773,26
1,1500959749,1.111903,567567,5
1,168776513,0.970764,568776,11
1,804269827,1.015985,571529,33
1,3167997451,0.878342,572253,4
1,261128477,1.054659,574280,23
1,503343641,1.076652,580921,89
1,445204087,0.962175,581850,7
1,2106256067,0.994614,582720,6
1,4194143857,0.910550,583237,1
1,1382187841,0.895409,584291,9
1,1444864789,0.904092,585219,7
1,2273821951,1.063419,588470,40
1,2055541777,0.965215,592921,57
1,4229788561,0.946313,597209,55
1,3689801029,0.948889,598015,5
1,4123300543,0.893772,599583,16
1,1705959011,0.913227,601567,22
1,3755104021,0.988212,602360,5
1,2186728699,0.904632,603083,4
1,2699563901,0.913227,604078,8
1,1923195101,1.024123,604594,1
1,2832457351,0.908940,606987,28
1,483830959,1.012133,607921,7
1,3597812791,0.960652,608928,8
1,1651939369,0.924387,609642,4
1,2060255881,0.944764,612596,36
1,1457142191,0.927551,614400,15
1,215603273,0.919621,617264,33
1,4062960851,0.952484,618070,5
1,1149673711,1.013098,620668,31
1,1863614903,0.888841,622752,23
1,2330026913,0.988706,623742,8
1,2475181733,0.997066,624602,6
1,3778040411,0.935414,631043,86
1,181018283,0.928604,632388,13
1,187424863,0.973777,633237,4
1,3206719489,0.914830,634651,14
1,1581738661,1.016466,635867,11
1,2016376421,0.982762,637502,17
1,4241942167,0.935414,638463,7
1,248401199,0.980274,643803,70
1,1182762851,0.880563,648264,57
1,3998007217,1.070284,649339,9
1,2827862693,0.955044,650749,14
1,1262387299,0.993141,656572,77
1,1671480373,0.975280,657639,9
1,2695693313,0.970261,658281,3
1,3858906391,0.981270,661087,34
1,3914278259,1.035503,662297,11
1,4074559429,1.020302,662886,2
1,1597740037,0.940101,664657,19
1,131413669,1.021258,665228,2
1,1665290741,0.944247,665878,3
1,2372891597,0.970261,667301,14
1,2989730621,0.910014,669912,31
1,355074151,0.932277,670756,6
1,1834433819,0.975280,671629,6
1,1081197703,1.089725,672479,6
1,3389325829,0.934370,673254,5
1,322491607,1.016466,676204,36
1,1659561287,0.932277,677842,17
1,2653230289,0.855246,678563,4
1,1333515713,1.018386,680276,18
1,1063068913,0.948889,680851,2
1,3946958359,1.075745,682207,13
1,2888790029,0.864897,684254,23
1,1871047639,0.988706,687167,35
1,3757329049,1.002925,688385,11
1,3272599607,1.036916,689601,11
1,3151344619,0.944764,694870,69
1,450553451,1.035503,697345,29
1,1905838393,1.005357,697920,2
1,1535373199,0.952484,699909,22
1,500442409,1.006328,700896,8
1,1385346973,0.993141,703899,36
1,4143563401,1.063419,704691,5
1,1001760911,0.965215,706663,22
1,4008454033,0.877786,707663,8
1,4264236161,0.962175,712868,68
1,111710369,1.055121,713633,5
1,4275529007,0.997556,715211,16
1,3133723829,0.993632,720358,62
1,2839849093,0.938021,722065,18
1,1413634043,0.988706,723563,15
1,389764439,0.965215,724361,5
1,903290561,0.935414,726564,25
1,2881522141,0.988706,727637,9
1,1360215151,0.985738,730249,31
1,4274100757,1.121958,734321,52
1,271716817,1.077559,734809,1
1,1483611707,1.002925,735321,1
1,2699114149,0.977281,738628,41
1,607712167,1.017906,741503,35
1,721039133,1.007782,745027,44
1,1840125473,0.903011,747557,30
1,2090256731,0.957597,751209,46
1,598947257,0.977281,752281,9
1,2717348419,0.942176,753769,15
1,3502347493,1.052341,754414,3
1,1880997893,0.862070,755061,3
1,2690344939,1.031250,756140,9
1,2199293717,0.955044,756791,3
1,2096203013,0.895409,759186,28
1,2775760049,0.921743,759768,2
1,526911113,0.895409,761735,22
1,205066619,1.004871,762861,10
1,19543157,0.978779,763905,9
1,917609053,0.968750,766996,38
1,4208719523,0.872765,768711,18
1,2872802819,0.975280,770000,12
1,2478921983,1.054659,771219,11
1,655547579,1.018386,772721,15
1,2772928049,0.988706,773364,3
1,3908060033,0.919090,779313,79
1,2130450239,1.055584,779904,2
1,3180877669,0.932277,781252,13
1,2549364281,0.872205,785323,52
1,4145366573,0.927551,787445,24
1,122462191,0.950945,789345,21
1,3019978207,0.913227,791317,22
1,504132257,0.938021,794263,36
1,915338971,0.938541,795197,7
1,3779410891,1.015985,796057,6
1,3188370763,0.946313,797134,9
1,1543899751,1.025552,799176,23
1,273251497,0.969758,800092,7
1,1248434647,0.978779,801377,12
1,4231979581,0.970261,803087,18
1,1519231669,1.013098,804222,10
1,990088927,0.927551,806278,23
1,259579153,0.920152,811621,70
1,2673305969,1.002925,816470,63
1,1019519323,1.057433,817323,6
1,826305827,0.981270,818169,2
1,1645261259,0.929655,818749,2
1,2273664901,1.094196,821395,29
1,2306555401,0.904632,824465,37
1,1208548147,1.048157,825549,9
1,3411459281,0.922801,827800,26
1,2259339403,1.063419,829073,12
1,1354886879,0.911086,834279,68
1,379195363,1.012133,836602,27
1,1432619119,0.988706,839410,34
1,1242642277,0.931753,840410,8
1,1983009107,0.984747,841907,15
1,353325527,1.013098,843918,22
1,4203616349,0.981270,845911,22
1,3076707103,0.944764,846712,4
1,3403515439,0.978779,850655,50
1,3058123823,0.938541,851444,5
1,570186803,1.043488,851952,1
1,359372869,0.960652,854763,34
1,2263015519,1.012616,856619,20
1,1236008663,0.950945,859090,29
1,1401272219,1.054659,859760,3
1,490419211,1.019823,861031,12
1,3065872099,1.111464,863432,28
1,3360886433,0.872205,866480,37
1,1636845467,0.944247,867057,2
1,4160288137,1.027455,868977,21
1,4003160053,0.947859,870989,22
1,3158850103,1.154560,872690,18
1,2199244339,0.820275,874799,24
1,1595818753,0.859233,875445,3
1,1243934779,0.910550,878202,33
1,1723499123,0.899761,879346,10
1,3397981343,0.940620,880757,14
1,1964447453,0.893772,882322,16
1,2207474513,1.027455,882825,1
1,401873587,0.957597,886203,42
1,4118242519,0.895409,887921,18
1,760766107,0.969758,889491,16
1,1553418007,0.993141,890645,10
1,71047259,1.002925,895563,64
1,2500145737,0.999023,897733,25
1,2284716011,1.052341,899102,13
1,3226692401,0.855816,900530,14
1,1338626899,1.057894,903425,35
1,2392549477,0.993141,904584,10
1,3839501609,0.920682,905159,2
1,1090016771,0.928078,907058,21
1,4001021317,0.946313,910448,42
1,4193717039,0.934370,913059,31
1,984209231,0.876115,913928,6
1,2142836363,0.980772,914654,4
1,1695620503,1.004871,916281,17
1,3359517361,0.984747,916857,2
1,2449415513,0.963190,919331,29
1,2399323229,0.928604,920957,13
1,3082759639,0.920682,923188,23
1,1518315467,0.871645,924656,14
1,2933857727,0.888841,925459,5
1,3466249649,0.855816,926106,3
1,1749294511,0.985738,927596,15
1,3722071123,0.988706,928249,3
1,74488853,0.931753,935391,96
1,3975456197,0.893772,937095,18
1,605234429,0.957597,939210,24
1,3467749459,1.044423,941051,20
1,220316633,1.022214,942035,8
1,2170444663,0.957597,944290,26
1,771576107,0.858664,946485,25
1,123168607,0.940620,947564,9
1,1147507507,1.031250,948278,4
1,740112007,1.113220,949489,11
1,2707227553,1.025076,960377,150
1,315547069,0.950945,962489,24
1,2721208949,1.047691,963004,1
1,3148111193,0.978779,963657,3
1,200665727,0.931753,964602,7
1,2553168109,0.963190,965246,3
1,492234793,0.964709,966166,7
1,2257196939,1.014061,966951,5
1,1436117863,0.965215,967883,7
1,811108807,0.838525,968601,4
1,1531688503,1.013098,970655,23
1,804209269,0.982762,974956,55
1,1240252297,0.886090,977288,27
1,1120022623,0.946313,977794,1
1,1596781829,1.044891,978793,8
1,466608563,0.970261,980286,15
1,2672747621,0.905711,983253,36
1,3265762361,0.978779,983761,1
1,1445630573,0.994614,987696,50
1,4058206717,1.000488,988499,5
1,3652681667,0.942176,989030,1
1,2518603207,0.948889,990449,14
1,3171443663,0.919621,993119,32
1,3259373527,1.044891,995090,22
1,963025711,0.868840,997418,27
1,2031306517,0.864897,999672,26
1,1283472181,0.938541,1000952,12
1,1436752517,0.964709,1002594,17
1,353597903,0.827978,1003596,8
1,594697219,0.834439,1006058,29
1,1185216691,0.916963,1007906,20
1,4219517377,0.919621,1008415,1
1,175525841,0.996576,1009411,8
1,3800976749,0.852386,1010564,10
1,789736609,0.920152,1011759,11
1,3322083767,1.029829,1012342,2
1,3705987713,0.942176,1012914,2
1,2356957487,0.987223,1013704,5
1,3700810303,0.928078,1017655,50
1,2569215479,1.042552,1022000,56
1,2750156089,0.984251,1024886,30
1,3307001777,0.922801,1028360,43
1,1045223203,0.994614,1029720,13
1,2019067217,0.936979,1030641,7
1,1290192737,0.832682,1031575,7
1,4087254931,0.984747,1032589,8
1,2333364289,0.889391,1033290,4
1,3560792981,1.040677,1034650,13
1,801045139,0.977281,1035726,9
1,2786484823,0.940101,1036514,5
1,3112560103,0.911086,1039934,42
1,935360813,0.988706,1040720,5
1,1112598247,0.928604,1041299,2
1,3478713041,0.913227,1042089,5
1,781799771,0.997066,1042737,3
1,233924501,0.869402,1045144,28
1,944470063,0.952484,1046222,9
1,82091057,0.898675,1046862,3
1,1857182737,1.003899,1051930,66
1,1692634997,0.969254,1053651,18
1,1562147417,0.994614,1055904,26
1,3465937159,1.036445,1057799,21
1,3196560481,1.109265,1059283,15
1,17424301,1.035031,1062283,37
1,1775614567,0.952484,1062800,1
1,997951223,0.970764,1065754,36
1,2456474443,0.928078,1070442,61
1,1667050303,0.942176,1073256,34
1,2235043189,1.005357,1078641,71
1,2581915471,1.061581,1079514,6
1,2237520011,0.940101,1082545,37
1,3196635347,0.957597,1083334,5
1,1364538631,1.111464,1084397,9
1,3727992041,1.047691,1085965,16
1,1325351623,1.109265,1086692,4
1,2090407769,0.927551,1090066,42
1,2716250989,0.984747,1091069,8
1,3439278781,0.916963,1093203,24
1,2346965227,0.837360,1093811,2
1,86959043,0.870524,1095284,15
1,2443317353,0.981270,1098590,41
1,3206943821,0.931753,1099446,6
1,3138585419,0.982762,1101862,28
1,433849981,0.935414,1104324,29
1,3227263159,0.932277,1107129,34
1,570351239,1.050483,1109042,21
1,3568942649,1.054659,1110463,14
1,813875287,0.944247,1111459,8
1,656515297,1.015985,1112027,2
1,1584048391,1.012133,1113730,18
1,1798267571,0.950945,1116058,27
1,3740778599,1.050483,1121054,65
1,3378803653,1.106621,1122400,13
1,1366832743,0.872205,1123195,5
1,36060611,1.078012,1123759,2
1,1658835001,1.063419,1126233,25
1,1325192591,1.050483,1128796,28
1,3663128191,0.920152,1130528,18
1,2201508613,0.897588,1131876,13
1,3059450039,0.907865,1133909,22
1,3581384321,0.931753,1135561,17
1,2904852001,0.942176,1137738,25
1,1475548537,0.936979,1144884,96
1,1269298859,1.073928,1147789,35
1,933235013,0.938541,1154376,88
1,3686417747,0.988212,1154889,1
1,1670399023,1.064337,1155882,8
1,874585991,0.973777,1157646,19
1,3267360697,0.982762,1158378,4
1,2503578769,0.993141,1162662,55
1,2224689067,0.956066,1165003,27
1,3495331351,0.872765,1166066,9
1,2601226819,0.857526,1166798,4
1,1802710373,0.942176,1167381,2
1,1456757633,0.994614,1170390,37
1,3300297467,0.920152,1171052,3
1,3346935629,0.922801,1173865,34
1,1432606501,1.033615,1174378,1
1,425046793,0.996576,1178014,46
1,3719540359,1.021258,1178882,6
1,724968971,0.993141,1180151,12
1,3969141871,0.899761,1184786,60
1,1503912961,0.941139,1187104,27
1,768602777,1.012133,1189293,25
1,1782691829,1.072563,1191629,27
1,2240852611,0.965215,1192414,5
1,1838844317,0.940101,1193141,4
1,3554660561,0.977281,1194575,14
1,1613888399,0.877786,1195790,11
1,3475173173,0.928078,1196523,4
1,1833570041,0.852959,1197240,4
1,926566253,1.012133,1197752,1
1,655932037,0.973777,1200847,38
1,3522463199,0.952484,1201920,9
1,2000865863,0.857526,1202924,8
1,4078787213,0.843750,1204562,17
1,1213513841,0.854103,1205841,12
1,2866571101,1.047691,1208098,26
1,1431459299,0.965215,1208963,6
1,693770453,1.022214,1215554,88
1,3096296327,0.886090,1218296,33
1,2748315809,1.033142,1219088,5
1,792576413,0.961160,1220155,9
1,3039421219,0.880563,1222011,20
1,3064907059,0.904092,1222533,1
1,3231674647,0.900304,1227293,62
1,3954854287,0.904092,1229025,16
1,1292123179,0.946313,1230990,20
1,1673279761,1.033615,1231503,1
1,1263203969,1.031250,1232298,5
1,657926791,0.935414,1236193,49
1,2005460753,1.020302,1237544,13
1,2389456273,0.988706,1239588,23
1,575539931,1.004871,1242491,35
1,2476881977,0.946313,1243351,6
1,2038630697,1.002438,1244696,13
1,4232908709,0.974780,1245980,12
1,2565518401,0.994614,1247322,13
1,2650368979,0.988706,1252623,69
1,2172233677,1.005357,1254670,23
1,1101466609,1.027455,1255664,8
1,36067033,0.987223,1256781,10
1,191069297,1.035503,1259028,26
1,2432846833,1.018386,1261068,23
1,2971971007,1.050483,1262565,15
1,1504221223,0.876115,1263071,1
1,1924126093,1.025552,1266095,37
1,2453982199,1.007782,1269203,38
1,1452754019,0.919621,1269998,5
1,2648057141,1.081178,1273508,44
1,4039021901,0.988706,1274447,7
1,95871173,0.980274,1275431,8
1,1749202253,0.962683,1277281,20
1,1565559371,1.085235,1280867,45
1,1062394423,0.991172,1282301,14
1,1153844851,0.855246,1283232,7
1,1431331169,0.929655,1284152,7
1,3626261069,0.895954,1287799,46
1,1159352563,0.979277,1288523,4
1,4252026641,0.946313,1289732,11
1,1291134863,1.179248,1290533,5
1,2601881437,0.931753,1293847,41
1,1862249737,1.012133,1294364,1
1,2836903843,0.993632,1295791,14
1,2120161633,1.039738,1296719,7
1,534602647,1.098205,1297999,12
1,2404358491,1.055584,1299004,8
1,3510176723,1.029829,1299931,7
1,2010735907,0.920682,1301490,16
1,2728611229,0.970261,1305529,51
1,2693338811,0.942176,1306384,6
1,132568633,0.843750,1308695,27
1,1776245413,0.855246,1309768,9
1,313048739,0.970764,1311247,15
1,2566651267,1.078012,1315745,58
1,220842443,0.969254,1316456,4
1,106008887,1.004871,1317509,9
1,3886408847,1.073928,1320192,32
1,1070461081,0.893772,1325788,74
1,159396667,1.048157,1327120,13
1,2116083083,1.009718,1330487,38
1,3793542563,0.962683,1332652,22
1,402406189,0.880563,1334452,19
1,962042033,0.970261,1338994,59
1,3177421847,0.996576,1339861,6
1,3742696961,0.878342,1340366,1
1,2242379077,0.944764,1341862,15
1,1457862269,1.093303,1342713,5
1,2300163851,0.977281,1343800,9
1,490599649,0.886090,1344533,4
1,801066439,1.002438,1345191,3
1,3117005291,0.852386,1345920,4
1,443908363,1.012133,1348166,26
1,2641024721,1.005357,1349725,16
1,1361803,0.911622,1350757,9
1,1126332199,0.942176,1351405,3
1,3771297847,0.970764,1352978,16
1,4003909223,0.936979,1353496,1
1,2707564043,0.964709,1354569,9
1,3316393967,1.031250,1357260,32
1,3769529551,0.927551,1358329,9
1,428204261,0.934370,1359744,14
1,2470946587,1.025552,1360257,1
1,284661023,0.970261,1364670,57
1,764158807,0.953509,1366853,25
1,2153475133,0.942176,1367925,9
1,2054793647,1.002438,1368726,5
1,1896410599,0.919090,1370213,15
1,3347280113,0.948374,1373173,36
1,1346597311,0.920152,1376757,45
1,3007370437,0.974780,1382504,76
1,3459607247,1.050483,1388209,75
1,183206629,1.018386,1390040,20
1,2799075247,0.923330,1392167,24
1,3810238129,1.047691,1394100,21
1,3893762177,0.877786,1394942,6
1,2817514501,1.036916,1395666,4
1,4074238199,0.984747,1396397,4
1,1320398671,0.988706,1398106,18
1,3704837371,0.935414,1402674,59
1,795968209,0.891584,1403245,2
1,1132244539,0.969758,1403969,4
1,689077457,1.027455,1404547,2
1,1704461263,0.829745,1406313,19
1,2158484777,0.945280,1406822,1
1,3303618991,0.914830,1410563,47
1,705519307,0.962683,1411349,5
1,2117739389,1.048157,1413055,18
1,3852332807,0.895409,1416736,46
1,2652564209,0.977281,1418161,14
1,87769559,0.910550,1419572,14
1,359732861,0.936979,1422804,40
1,2154446543,0.970764,1425566,33
1,3377519707,0.982762,1426076,1
1,437552527,1.057433,1427481,14
1,943661897,0.928078,1428474,8
1,1677352031,1.034559,1433609,62
1,919931729,1.063419,1436836,38
1,2686182313,0.962175,1442602,76
1,109955471,0.965215,1443728,10
1,3255667529,1.025552,1444371,3
1,3033888547,0.965215,1445722,13
1,3914812841,0.880563,1446511,5
1,2531651677,0.993141,1447799,12
1,1142572103,0.919621,1448649,6
1,36552647,0.973777,1453404,62
1,2245019239,1.039268,1454620,11
1,3197228897,0.964709,1459185,59
1,3657480703,1.000488,1459918,4
1,3368341609,1.012616,1460639,4
1,2710819469,1.006328,1463606,36
1,1831150759,0.910550,1464253,3
1,2272445783,0.920152,1465399,10
1,3311874899,0.905711,1466474,9
1,3387325841,0.957597,1471463,65
1,4033473287,1.015985,1477876,85
1,998673829,0.920152,1479301,14
1,3486865999,0.982762,1485193,78
1,3449498869,0.994614,1487461,26
1,197791507,0.911622,1488032,2
1,3900683957,0.988706,1489316,12
1,1185326147,0.988706,1492209,35
1,953014081,0.980274,1494823,31
1,1762734511,0.920152,1497219,28
1,3125965261,1.087033,1498929,18
1,879764293,0.820275,1505777,92
1,2469535261,1.133647,1509903,53
1,2939120539,0.944764,1514759,63
1,2187376913,0.977281,1516230,15
1,3726066161,0.994614,1516950,4
1,4240493527,1.054659,1517884,7
1,3094315817,0.869402,1520980,38
1,2955338411,0.957597,1523369,28
1,2540255023,0.852959,1526477,38
1,2304442583,1.057894,1527401,7
1,1941590579,0.825615,1528060,3
1,2951225419,0.938541,1528576,1
1,2862007289,1.061581,1530839,26
1,246117413,0.925443,1536960,78
1,2923407547,0.903011,1537635,3
1,2920736437,0.965215,1540059,17
1,3729215957,0.871645,1540777,2
1,3810235883,0.906789,1541437,3
1,2907185873,1.044423,1542585,10
1,1960469633,1.089725,1544002,14
1,1004325181,0.947859,1545429,14
1,670457657,0.886090,1546592,10
1,3650002157,0.922801,1548988,28
1,4157713271,1.022214,1549511,1
1,3756609239,0.963190,1552969,43
1,391974103,0.988706,1554251,12
1,3072588523,1.024123,1558129,49
1,663120137,0.910550,1559972,20
1,1546946173,1.063419,1561316,13
1,1780052819,0.955044,1562870,16
1,2017742047,1.025552,1564355,15
1,1592475713,1.025552,1566877,30
1,804642529,0.932277,1567464,2
1,4069239491,0.886641,1568256,5
1,1037310763,0.944764,1568767,1
1,1763152667,0.962175,1569694,7
1,924153799,0.982762,1570975,12
1,2186027989,0.970261,1571624,3
1,1421249581,1.012616,1573605,22
1,2625760961,0.924387,1576002,28
1,3649976753,1.002438,1578617,31
1,547525159,1.025552,1583053,57
1,3327096151,0.872205,1585384,27
1,668922451,0.982762,1586533,10
1,2278891379,1.106621,1587050,1
1,2483490517,0.998534,1588953,21
1,2118680801,0.981270,1589665,4
1,1790937593,1.019344,1592140,29
1,179164729,1.004871,1594986,33
1,43028441,0.895954,1596479,15
1,148030889,1.020780,1600628,53
1,2380045841,1.025552,1601278,3
1,723227,0.940620,1603930,33
1,2665777753,0.988706,1605005,9
1,3804048869,1.003899,1606015,8
1,3930666529,0.970764,1606526,1
1,3544411907,0.946313,1608713,25
1,3090342481,0.886090,1611111,28
1,2097850661,0.964709,1611897,5
1,717726673,0.922801,1612683,5
1,3743066843,0.932277,1613627,7
1,2937473801,0.952484,1614203,2
1,2652137039,1.070284,1614791,2
1,3721236719,0.891584,1617050,26
1,822470927,0.961160,1617971,7
1,423230267,1.111464,1620508,30
1,3682912183,0.880563,1624863,56
1,2485106333,0.895954,1625866,8
1,626689823,1.033615,1626512,3
1,3457379579,0.975280,1627454,7
1,666471353,0.999023,1631805,56
1,1779413281,1.070284,1632643,4
1,3522098933,1.025552,1633602,7
1,243298919,1.004871,1635354,19
1,2116279859,0.919621,1636220,6
1,1463341469,0.902471,1637841,12
1,421850857,1.007782,1638906,6
1,3024285181,1.040677,1640566,17
1,1575328189,0.950945,1642211,17
1,4072110737,1.004871,1643149,7
1,2958302903,0.872205,1644438,12
1,3005455051,0.931753,1645929,15
1,1558958441,0.950945,1646790,6
1,3864664691,0.904092,1647440,3
1,4050009473,0.950945,1648999,16
1,2946386879,0.991172,1649801,5
1,1233842447,0.942176,1650525,4
1,2988405733,0.956066,1651320,5
1,3592315841,0.965215,1656449,67
1,2986702009,0.970261,1658148,18
1,248131369,0.987223,1660053,21
1,2528131447,1.110145,1660572,1
1,750050003,0.985738,1662272,18
1,3282360223,1.070284,1663771,15
1,3667784503,0.961160,1665127,13
1,4121279923,0.853531,1666365,11
1,2823514829,1.100870,1668412,23
1,3633837047,1.005357,1673712,69
1,3407225189,1.005357,1674217,1
1,3933184517,0.938541,1675153,7
1,4043182877,1.047691,1677146,22
1,3055010201,0.913227,1680330,39
1,364579783,1.079370,1681744,14
1,1467552661,1.116723,1683029,12
1,4181393653,0.947859,1687544,58
1,925092853,0.900304,1692883,70
1,1859531911,0.899761,1698137,69
1,110534587,1.044891,1700825,32
1,2089379167,0.955044,1701688,6
1,1278857843,0.983258,1702757,9
1,18101803,0.946313,1703660,7
1,3139496831,0.982762,1706406,33
1,2320118789,1.012616,1707956,16
1,222895429,0.848942,1709357,14
1,2622038467,0.827978,1711472,24
1,2388109579,0.978779,1712333,6
1,2524792513,0.977281,1715145,34
1,2920942813,1.029354,1717826,32
1,687785729,0.962683,1721462,46
1,1022795309,0.861503,1722184,4
1,2491642781,0.854103,1728157,79
1,98616101,1.048157,1730188,23
1,1610115809,0.993632,1732730,30
1,31748699,0.973777,1734336,17
1,3172016867,1.032197,1738622,55
1,16665893,0.965215,1739247,3
1,1545215143,0.977281,1741359,19
1,2335284331,0.893772,1742033,3
1,830965909,1.025076,1742674,3
1,2703487921,1.025552,1744297,17
1,1507167527,1.012133,1745581,12
1,1344035557,0.920152,1748453,35
1,3049333181,1.070284,1753164,61
1,1515394717,0.988706,1754369,11
1,2028420461,0.867152,1755374,8
1,153225269,0.873324,1757464,24
1,3121358063,1.024123,1758878,14
1,3717533203,0.912693,1762046,39
1,1026667427,1.034559,1763043,8
1,1232346917,0.872205,1763629,2
1,1262034881,0.913227,1767011,42
1,274535761,0.981270,1767792,5
1,964593761,0.931753,1768993,11
1,223997861,1.078012,1771670,32
1,3996906083,1.004871,1773302,17
1,2187727937,0.877786,1774283,8
1,2619320827,1.034559,1778145,49
1,407756807,1.068458,1779560,14
1,4226180213,1.027455,1781707,24
1,3922099037,0.988706,1784034,27
1,1768445309,0.962683,1787003,36
1,1223754251,1.073018,1795629,117
1,1152019543,0.929655,1798086,29
1,1316674607,0.953509,1802943,63
1,2921890117,0.928078,1804576,17
1,63923663,1.048623,1805919,13
1,3636492281,1.082532,1807283,13
1,3913930291,1.012133,1807795,1
1,1897179937,0.893772,1811549,47
1,1010752157,0.886090,1814860,41
1,1099996057,0.887192,1820311,72
1,3442576411,1.025552,1820820,1
1,3269939191,0.957597,1822471,17
1,4091081899,1.025552,1825438,36
1,870829957,0.870524,1826650,11
1,188954761,0.950945,1828624,22
1,3436342873,0.929129,1833040,57
1,4015235453,0.829745,1835019,22
1,294784459,1.029829,1838039,37
1,502135321,1.087033,1849289,149
1,1676917303,0.957597,1850967,17
1,3375145229,0.970764,1855450,58
1,3440552237,1.012133,1855959,1
1,3150784519,1.020302,1857671,18
1,1624188583,0.988706,1861250,45
1,566558543,0.955044,1865467,54
1,2454603383,0.964709,1866616,10
1,1841529091,1.020302,1869282,32
1,2471729261,0.928078,1872026,33
1,4184669677,0.942176,1873734,18
1,1620332491,0.952484,1874452,4
1,4280574469,0.994614,1875524,9
1,704906591,0.974780,1876880,13
1,1054602707,0.993141,1877547,3
1,2872901497,0.940101,1879042,15
1,1731235763,0.968750,1879762,4
1,1811635013,0.963190,1881114,13
1,2486056633,1.105296,1883153,23
1,4281740891,1.029829,1884509,13
1,1428262933,1.113220,1887459,36
1,1051637227,0.944764,1888255,5
1,4122490139,0.946829,1892345,52
1,2661259789,1.078012,1894483,24
1,483729241,1.005357,1896247,19
1,2037088129,0.961160,1897816,16
1,4099302593,0.999023,1898805,8
1,735636619,0.946313,1901205,28
1,4144253389,0.895409,1902700,15
1,2691978727,0.984747,1904614,21
1,2977606061,0.928078,1905199,2
1,3016984381,1.023646,1906643,14
1,1703129761,0.904092,1911837,68
1,2502749471,1.018386,1913894,23
1,1368071017,1.002925,1919288,71
1,3350397499,0.903552,1921766,29
1,215642279,0.868840,1922895,10
1,1661985673,1.067086,1927661,62
1,3677914187,1.034559,1929282,17
1,3796503379,0.864332,1929927,3
1,2456002447,0.913227,1932055,24
1,2402620079,0.941657,1932574,1
1,1691909281,1.027930,1936244,46
1,2730909851,0.880563,1937321,9
1,1459209707,0.962175,1937979,3
1,1078150019,0.919621,1941138,39
1,510070073,0.960652,1943891,33
1,2486616409,1.000488,1945729,16
1,2684989459,1.027455,1946675,7
1,2019992437,1.046758,1947632,7
1,1658696381,1.073928,1951017,42
1,3522187289,0.988706,1951727,4
1,4187512421,0.898132,1954483,33
1,3422684113,0.982762,1957563,38
1,4038751807,0.932277,1960260,32
1,3851264909,0.907865,1963560,41
1,3092496793,0.911086,1964628,9
1,2455443779,1.018386,1965760,10
1,1670566643,1.039738,1967179,14
1,3320351803,0.931753,1968465,12
1,2769033887,1.069828,1969251,5
1,3466096859,0.980274,1969833,2
1,1840837099,0.970764,1976164,84
1,1358880007,0.911086,1978280,24
1,3947801281,1.033615,1980248,22
1,2050855607,0.925971,1980972,4
1,4095082639,0.922801,1983641,32
1,1233125461,1.050483,1984133,1
1,2799855767,1.020780,1986830,32
1,2368493999,1.020780,1987628,5
1,946955291,1.029829,1988340,4
1,2696599361,0.955044,1992187,49
1,486649979,1.090621,1993038,6
1,582031433,1.019344,1996692,46
1,1369403989,0.944247,1997971,12
1,1832077297,1.025552,1999531,16
1,3785834321,0.880563,2000538,8
1,3118436759,0.869402,2002807,26
1,3783364469,1.002438,2005144,27
1,1931177779,0.860369,2007363,25
1,970122947,1.020780,2008368,8
1,1875759323,0.827388,2013637,69
1,2969767057,0.893772,2014559,7
1,1824648407,0.902471,2016559,22
1,2465158043,1.004871,2017355,5
1,919805683,0.978779,2018703,13
1,2563135199,1.020302,2020484,19
1,1184916037,1.007782,2021827,13
1,2836938647,0.877229,2023730,21
1,23325317,0.877229,2028890,68
1,10811233,0.952484,2031967,38
1,3755452453,0.960652,2032692,4
1,1311968969,0.910550,2035354,32
1,3529194013,0.931753,2037854,29
1,618085753,0.981270,2039562,18
1,1415045011,0.900304,2041055,15
1,2845120517,0.871645,2046316,69
1,2779287683,0.944764,2053823,96
1,3028792201,1.043488,2056954,38
1,4041325661,0.962683,2057760,5
1,173176141,1.068458,2058398,3
1,3278237657,0.931753,2061438,37
1,2762448197,1.061581,2061950,1
1,1359101983,0.938541,2063285,13
1,2145519241,0.975280,2066250,36
1,2784533597,0.962683,2072081,77
1,745202993,0.832095,2072724,3
1,1872257467,0.955044,2075145,28
1,578524729,0.940101,2078202,37
1,1868955037,0.893772,2083192,65
1,1978739929,1.018386,2084551,13
1,1241031733,1.070284,2085963,14
1,1813405141,0.922801,2089680,47
1,2508621701,1.000488,2090744,9
1,3432306751,1.035031,2092702,21
1,3988078139,1.058356,2095327,31
1,101986307,1.000488,2095882,2
1,824234569,1.047691,2096804,7
1,193787501,1.007782,2097526,4
1,1941882161,0.965215,2098175,3
1,3911503133,0.957597,2100018,20
1,2389935203,0.893772,2100666,3
1,473810509,1.005357,2102146,15
1,2905627157,0.991172,2105032,35
1,3195430541,0.928078,2107860,34
1,2783273149,1.014061,2108719,6
1,4027031441,1.043488,2110346,17
1,2819025203,0.970261,2113575,40
1,385874141,1.035503,2117600,51
1,3479153057,0.944764,2118676,9
1,173984821,0.952997,2121684,37
1,1060727911,1.124132,2122825,10
1,3193657721,0.997556,2125301,29
1,872284099,1.042552,2127008,18
1,2816656651,0.970764,2129206,25
1,1208894503,1.042552,2129784,2
1,3081764627,1.134078,2131785,22
1,3400916177,0.978779,2132764,7
1,4228136999,0.962175,2133279,1
1,3334220143,1.090173,2134565,12
1,1886628323,1.004871,2135925,13
1,2895122639,0.985738,2139931,51
1,1229958727,1.054659,2143932,51
1,1839187919,0.960652,2149496,69
1,174494407,0.965215,2151081,14
1,2276926133,0.925971,2152874,19
1,640799473,1.004871,2153796,7
1,2580076273,0.932277,2155853,23
1,3560799959,0.961160,2157006,10
1,3140017379,0.963190,2160590,45
1,4221654683,0.997556,2161802,11
1,3532033069,1.019344,2162378,2
1,1162351433,0.889939,2163591,11
1,3010125493,1.034559,2164743,10
1,1814141963,0.997066,2167421,32
1,2022442447,1.097316,2169187,19
1,1535215327,0.938541,2172571,42
1,3686482097,0.904092,2175104,30
1,4210476973,1.007782,2178759,46
1,323620049,0.965215,2180736,22
1,169909301,1.039738,2182211,15
1,864480359,0.935414,2184764,30
1,2514923003,0.946313,2188983,54
1,728697317,1.040677,2190188,11
1,1747778713,0.936979,2191183,8
1,1875798923,1.012133,2192051,6
1,1755304853,1.004871,2192572,1
1,2249253623,0.876115,2193993,14
1,2270993869,0.953509,2194790,5
1,2816566933,0.877786,2195928,10
1,4045443889,0.897588,2196578,3
1,3063205217,0.945280,2199699,38
1,2748727661,0.862070,2200347,3
1,4068918869,0.957087,2201066,4
1,3605763781,1.043488,2202280,11
1,3692803313,0.946313,2203635,13
1,4078601281,1.068458,2212569,122
1,1526330111,0.944764,2215558,36
1,1364844707,0.950432,2216275,4
1,2305915453,1.127168,2217433,10
1,1083175229,0.975280,2218301,6
1,4145380003,1.128467,2221194,35
1,3052382609,0.946313,2224709,44
1,3067248619,1.007782,2225939,11
1,2134440811,0.946313,2229953,51
1,1348171549,0.907865,2230744,5
1,3897521753,1.067086,2232526,19
1,2865375889,0.889939,2233237,4
1,1672373063,0.934370,2233751,1
1,9120233,1.048157,2236885,39
1,557310997,0.913227,2237951,9
1,3727416551,0.901929,2239867,21
1,1946044171,0.960652,2246407,87
1,476200661,1.064795,2248730,27
1,1738674757,0.952484,2251180,29
1,2581918631,0.876115,2253671,25
1,154279759,0.955044,2256197,28
1,143618791,0.925971,2256717,1
1,2722465199,0.997556,2257855,10
1,1679668897,1.037387,2259340,15
1,2204535937,1.046758,2260619,12
1,255875447,1.039738,2261400,5
1,2417046991,0.946829,2262191,5
1,1083899279,0.935414,2264172,22
1,679034651,0.938541,2265797,17
1,3261787891,0.885539,2266314,1
1,1990235483,0.957597,2267665,13
1,3670531691,0.944247,2274358,89
1,40043357,1.019344,2278198,49
1,2594781361,0.962683,2280248,23
1,3305600833,1.052341,2280754,1
1,2869052491,0.960652,2284198,43
1,1279136207,0.994614,2285897,18
1,97183897,0.928604,2287875,22
1,2197963843,0.995105,2288997,10
1,3610457527,1.056047,2291418,28
1,1184488489,0.950945,2294946,44
1,3584768953,0.911086,2297281,27
1,1641772661,0.935414,2298989,18
1,2358984163,0.886090,2300902,21
1,3796421177,0.921743,2301756,6
1,515347111,0.971267,2303322,16
1,456976411,0.946313,2307075,47
1,3164109203,0.957597,2309204,24
1,1073285903,0.972272,2309934,4
1,1967917339,1.025552,2311484,16
1,107726881,0.864897,2312816,13
1,166569631,0.988706,2314443,17
1,2268206279,0.965215,2317891,43
1,347272529,0.932277,2318947,9
1,3086456977,0.891584,2322887,50
1,707027053,0.888841,2323604,4
1,2874714239,1.007782,2329488,78
1,338336429,0.919090,2332373,35
1,4030470397,1.089725,2336175,48
1,884448077,1.012616,2337667,15
1,4166960527,0.965215,2340982,41
1,676594823,1.093303,2345429,57
1,1087190623,1.055121,2347148,18
1,556659001,0.846639,2350635,43
1,3786854551,1.025552,2353615,36
1,2738918033,0.919090,2360914,93
1,3176878619,1.046758,2361604,3
1,454295419,0.984747,2363588,22
1,1602336721,1.027455,2367253,46
1,1372421887,0.980274,2369870,31
1,4221841763,0.902471,2372825,36
1,573691739,1.042552,2373550,4
1,4009508621,1.018386,2374488,7
1,3595468973,0.902471,2377647,39
1,2714847449,1.055584,2378222,2
1,1282304131,0.910550,2378736,1
1,1406583467,0.955044,2379604,6
1,4035011471,1.116723,2381527,21
1,2122591871,0.961160,2383436,21
1,3533296097,1.118907,2385786,27
1,1809052793,1.027455,2387495,18
1,360062743,0.956066,2388290,5
1,2906429501,0.895409,2389575,12
1,1560057907,0.978779,2394419,63
1,515089021,0.944247,2396839,28
1,1151545867,0.975280,2397628,5
1,3935954249,1.004871,2398138,1
1,817263641,0.846062,2400488,27
1,3280324459,0.931753,2406317,77
1,1273781753,0.988706,2407251,7
1,574368653,0.900304,2409008,19
1,1670756057,1.037387,2411331,27
1,438142631,0.965215,2413733,28
1,81156067,1.020780,2414445,4
1,1576056487,0.836777,2414962,1
1,460519327,0.928078,2417587,31
1,1569344869,0.872205,2418722,10
1,3519669893,0.928078,2420286,16
1,2127927533,0.868840,2422847,30
1,2922803071,1.012133,2424071,11
1,1185847913,0.997066,2425973,21
1,580892269,0.929655,2426912,7
1,1687158961,0.962175,2427624,4
1,858012913,1.132354,2430424,34
1,1931163593,1.026028,2432703,26
1,1786912217,0.932277,2433697,8
1,4165123649,1.031250,2434758,9
1,3508493213,0.960652,2437541,33
1,298293007,0.903011,2439598,23
1,2359525423,0.969254,2441292,18
1,3836683537,0.891584,2443271,22
1,4279370131,0.960652,2444057,5
1,158480983,0.735538,2444635,2
1,2072459629,0.995105,2445221,2
1,1656005123,0.989199,2452677,100
1,1822313201,1.012616,2453327,3
1,320379413,0.904092,2455848,30
1,525068281,1.047691,2460775,58
1,642358309,0.965215,2461656,6
1,486763867,1.048157,2463428,19
1,546058151,1.078012,2466104,32
1,3048862799,0.970261,2470877,62
1,184651303,0.952484,2471720,6
1,3439748267,0.938541,2476080,56
1,3190585837,1.047691,2477226,10
1,1063040621,1.055584,2479566,27
1,2671399163,0.994614,2483582,51
1,2780400043,0.955044,2484864,12
1,3130210117,0.895954,2487816,36
1,3160866469,0.993141,2490985,39
1,1227559453,0.946313,2492332,13
1,2824287313,0.978779,2495140,34
1,3037576733,1.083884,2496717,16
1,3151096381,0.998534,2499822,38
1,3359935793,0.984747,2501433,17
1,2232021601,0.920152,2503965,30
1,928729619,1.043488,2506421,29
1,2354394599,1.012616,2507289,6
1,3534019639,0.969254,2508429,10
1,224974177,0.988706,2509001,2
1,2309654911,1.057433,2509513,1
1,499999219,0.919621,2510170,3
1,1878664643,0.981270,2517326,96
1,1017497093,0.960652,2520075,33
1,508043023,0.964709,2520587,1
1,1581673547,1.036916,2521307,4
1,4111810513,1.086584,2522169,6
1,2605843061,1.038328,2527220,66
1,3518355397,0.960652,2527882,3
1,735992377,0.934370,2529862,22
1,890040553,0.952484,2535346,72
1,1881735293,0.886090,2536265,7
1,258627997,0.911622,2536978,4
1,1717170097,0.904092,2538329,13
1,2084901479,0.970261,2541481,39
1,1909392971,0.944247,2542966,15
1,981273739,0.955044,2547455,58
1,2652661049,1.005357,2548606,10
1,1798426309,0.965215,2550868,26
1,440162651,0.950945,2551722,6
1,2312125663,0.885539,2552652,7
1,3560596727,1.033615,2555261,31
1,2365320173,0.907327,2558448,39
1,3651647347,1.018386,2563278,50
1,3777545917,0.827388,2563989,2
1,1277684501,1.036445,2565795,19
1,1689061091,1.018386,2566652,6
1,3670864129,1.044423,2567506,6
1,240133853,0.912693,2569981,29
1,1413542777,0.935414,2570490,1
1,3988091231,0.886090,2571523,8
1,2577963403,0.993141,2572659,10
1,115660667,0.935414,2573653,8
1,1789359577,0.977281,2574654,8
1,4106301161,0.944764,2575588,7
1,2300637869,1.068458,2577487,21
1,3313808129,1.120651,2578275,5
1,1342661251,0.936979,2580246,22
1,4044524291,0.931753,2586624,85
1,708205621,0.969254,2587622,8
1,1392322777,0.984747,2591996,56
1,3166441529,1.027455,2592669,2
1,122661151,1.027455,2593261,2
1,1270634201,1.014061,2594332,9
1,462038989,1.024123,2601424,95
1,2848248071,1.047691,2603198,19
1,4067609893,0.952484,2603995,5
1,1061813983,0.912693,2605773,19
1,832317653,0.969758,2606834,9
1,3871939787,0.914830,2608885,23
1,4063260703,0.984747,2609464,2
1,898175711,0.928078,2610737,12
1,3292337551,0.970261,2613692,36
1,1746326237,0.946313,2614272,2
1,1712678749,0.946313,2619415,67
1,2945244479,1.027455,2623850,57
1,3571291793,1.012133,2624362,1
1,753575159,0.946313,2626414,23
1,3582698597,1.055584,2627000,2
1,4150871321,0.991172,2629884,35
1,2113127101,0.846062,2630550,3
1,523842019,0.955044,2631132,2
1,699384043,1.012616,2632345,11
1,2603145751,1.018386,2637805,71
1,95087581,0.981270,2639792,22
1,1172712601,1.004871,2640864,9
1,787643797,0.920152,2642006,10
1,2760437117,1.020780,2643503,15
1,1222407379,0.925971,2644091,2
1,3688498399,1.020302,2648723,60
1,862348427,0.994614,2653019,55
1,729927857,1.029829,2653728,4
1,2887482349,0.944764,2654734,8
1,2660536321,1.022214,2656976,26
1,3883236631,0.927551,2658052,9
1,384511657,0.970764,2658855,5
1,1063209071,0.904632,2666467,96
1,2213311391,1.005357,2667388,6
1,35086621,1.043488,2668589,11
1,1558802899,0.958616,2672388,48
1,1731030527,1.048157,2677334,64
1,920664637,1.012133,2679119,19
1,1987689481,1.040677,2679699,2
1,1693538927,1.055584,2681258,16
1,1165813417,0.946829,2682332,9
1,3602731943,0.981270,2683893,16
1,2042806651,0.984747,2684685,5
1,1325691911,1.116723,2689106,57
1,162095519,0.969254,2691926,34
1,292905449,1.129764,2693550,17
1,4198226953,0.981270,2697315,47
1,3345214919,0.938541,2699940,31
1,2244357601,0.907865,2702046,24
1,46288493,0.921743,2702545,1
1,2756481401,0.986233,2704103,16
1,3695930599,0.973777,2705536,14
1,178193863,0.973777,2706531,8
1,300775571,1.043488,2707950,14
1,693366571,1.020780,2708882,7
1,3409413923,0.919090,2710020,10
1,577756019,0.965215,2711722,18
1,2851844491,1.050483,2712309,2
1,897742973,0.965215,2715391,38
1,2830298473,0.984747,2718631,40
1,942305141,0.990186,2721505,35
1,1350827539,1.070284,2722379,6
1,1988501399,0.959126,2722894,1
1,2890083569,0.994614,2724306,14
1,3236490269,0.973777,2727051,33
1,2447617163,0.910550,2730432,42
1,1362939241,0.893772,2731298,6
1,3535010333,1.093303,2732862,16
1,3402412451,0.929655,2734417,16
1,2474143151,1.029829,2735575,10
1,2661051443,1.061120,2736226,3
1,3655627529,1.079370,2738353,24
1,1391550829,1.043488,2741593,40
1,1265052337,1.055121,2744546,36
1,3554647841,0.931753,2745281,4
1,230264803,1.012616,2745859,2
1,312985741,0.934370,2746361,1
1,2078325707,0.902471,2749886,44
1,372262031,0.910550,2751990,24
1,1292952259,0.938541,2752921,7
1,1719631223,1.063419,2753871,7
1,4162045157,0.970764,2754528,3
1,2437200197,0.965215,2755243,4
1,855622571,0.872205,2757436,25
1,3041520289,1.064795,2758585,10
1,93763001,0.903552,2759433,6
1,725131567,0.938021,2762530,38
1,799395211,0.965215,2765505,31
1,1771208083,1.076198,2766267,4
1,3990450599,1.005357,2768317,23
1,3272436971,0.946313,2771903,45
1,3599388179,0.952484,2772760,6
1,3017754203,0.964709,2774123,13
1,2589579541,0.886090,2775486,13
1,4006845671,1.029354,2776849,13
1,1063591409,0.965215,2778062,11
1,4226369419,1.034559,2781379,41
1,381174379,0.956066,2785369,51
1,1937671807,1.014061,2786168,5
1,1644814529,0.983258,2789053,35
1,79123351,0.928078,2789834,5
1,2910808727,0.957597,2790703,6
1,814247327,0.836193,2791349,3
1,2879918413,0.952484,2792281,7
1,1807518859,1.004871,2794417,24
1,3424838089,0.928604,2794928,1
1,1828773637,0.862070,2798922,51
1,3884906101,0.921743,2799443,1
1,2765486869,0.944764,2799959,1
1,2733308027,0.910550,2802499,30
1,2460834479,1.086584,2807033,58
1,3691621819,0.904092,2810640,45
1,3322861481,1.029829,2813747,38
1,3478789199,1.027455,2814958,11
1,4052012479,1.099094,2817998,37
1,2953410233,0.988706,2822438,57
1,1131399539,1.007782,2828889,86
1,1285285787,0.952484,2829830,7
1,1447972531,0.957597,2832152,27
1,2087223823,0.916963,2833018,6
1,198724649,0.979277,2833590,2
1,2810245171,1.054659,2838933,70
1,3452209253,0.927551,2839718,5
1,294080021,1.015985,2841124,14
1,2657149321,0.931753,2843061,21
1,719644951,0.921213,2843658,2
1,2883635243,1.052341,2846060,28
1,1645584221,0.898132,2848030,21
1,1161971527,1.035031,2848757,4
1,330556273,1.006328,2849895,10
1,1505153141,0.895409,2850687,5
1,3748523809,0.977281,2852314,17
1,2384317613,1.023646,2854025,18
1,1343696059,0.974780,2857465,43
1,1168370999,1.007782,2864752,98
1,3186071243,1.012616,2866867,20
1,2819135987,0.957597,2869108,21
1,3785228809,0.964709,2870878,13
1,393968453,1.002438,2873828,35
1,3163816801,0.912693,2874689,6
1,2376768077,0.988212,2876585,18
1,2870671157,0.940620,2878724,24
1,132115639,0.994123,2886003,98
1,2125281497,0.888841,2888891,35
1,2006611259,0.994614,2893184,55
1,2802955891,0.867152,2897251,52
1,80008363,0.898132,2899009,19
1,2083419733,0.952484,2903100,52
1,988676651,1.000488,2905227,24
1,4042989161,0.923330,2905815,2
1,103146853,0.907865,2912235,86
1,3424767553,0.910550,2912945,4
1,214371403,1.019344,2913444,1
1,4138419533,0.986233,2915002,16
1,70121789,0.994614,2916129,10
1,2032194239,0.988706,2916648,1
1,1950927767,0.911622,2918349,18
1,1135319681,0.988706,2921086,33
1,1772164531,0.988706,2923273,25
1,3657849509,1.118907,2924969,18
1,3357087379,0.981270,2927433,29
1,3936045403,1.033615,2928093,3
1,2061483839,0.886090,2929674,16
1,1518880921,0.975280,2930177,1
1,586995887,0.862070,2931045,6
1,1964146507,1.025552,2933445,28
1,751064693,1.029829,2936182,33
1,1667072443,0.944764,2936834,3
1,470519801,1.057894,2937826,8
1,796628227,0.977281,2940593,33
1,621932159,0.980772,2942079,15
1,3225533893,0.982762,2944200,24
1,98290289,0.973777,2945401,11
1,1724089441,0.970764,2946464,9
1,1662806993,0.974780,2947807,13
1,4207978991,0.956066,2952448,60
1,2062102073,0.907865,2953028,2
1,3890025563,1.054659,2958001,65
1,3690143747,0.988212,2958857,6
1,955126021,0.839689,2959994,10
1,1905471283,0.852386,2960998,8
1,1949028871,0.920152,2963601,31
1,4180362587,1.029354,2966775,39
1,3817127927,0.965215,2967295,1
1,188761291,1.159624,2969344,19
1,446438221,0.970261,2970850,13
1,1960626799,1.025552,2972016,10
1,2185897849,0.961160,2974200,25
1,873665509,0.862636,2975963,19
1,2273111251,0.988706,2976759,5
1,3045793693,0.957597,2977629,6
1,443107897,0.977281,2981402,48
1,3580357483,0.956066,2982210,5
1,2131174057,0.925971,2983423,11
1,3092636329,0.946313,2984007,2
1,3395861213,0.932277,2985588,16
1,289717787,0.942176,2988108,30
1,3135074339,1.003899,2988906,5
1,2313503653,0.970261,2989562,3
1,1649935621,0.920152,2993622,52
1,1839924607,1.013098,2994561,7
1,2342870441,1.014061,2996120,16
1,1871968907,1.020302,2997341,11
1,669756337,0.942176,2999037,18
1,1247044121,0.868840,3001000,22
1,1478340053,1.055584,3002282,12
1,984676639,1.031250,3002865,2
1,1629759919,0.929655,3003510,3
1,280697303,0.878342,3006460,36
1,2736933889,1.047691,3007024,2
1,3563160151,0.793036,3007808,5
1,894451639,0.981270,3008670,6
1,2256346723,1.031250,3009808,10
1,2529851899,0.970764,3010675,6
1,1716362633,1.014061,3011393,4
1,3613579097,1.019344,3012481,9
1,728423909,0.994614,3014185,18
1,790554881,0.931753,3015529,13
1,2075154097,1.050483,3018482,36
1,1359017071,0.993141,3019269,5
1,3158253797,0.950945,3021600,27
1,1168040639,1.019344,3022541,7
1,2119533593,0.964709,3023953,14
1,2920931401,1.018386,3027278,41
1,3597161317,1.002438,3030296,37
1,972628799,0.988706,3032279,22
1,330368959,0.946313,3033064,5
1,2150703097,1.003899,3034757,18
1,3456532913,0.803435,3036869,24
1,185699887,0.952484,3037649,5
1,3577343317,1.072563,3039140,15
1,1136604727,1.025552,3040847,18
1,3822295969,1.007782,3043676,34
1,443781913,1.072107,3044455,5
1,4078382293,0.935414,3045943,15
1,2495713673,0.913227,3046514,2
1,3733085183,1.057894,3048587,23
1,3365890291,0.876115,3050786,25
1,1367403379,1.039738,3052343,16
1,653799779,0.902471,3053346,8
1,4243150169,1.004871,3055184,20
1,3481944269,0.844329,3056179,8
1,377326127,1.086584,3056965,5
1,3992783089,0.944764,3057479,1
1,447052999,0.940101,3060498,37
1,380794657,1.025552,3061148,3
1,1361025521,0.913227,3061941,5
1,2433410843,0.983258,3065738,48
1,971511061,0.882225,3066798,9
1,365132293,0.902471,3068275,15
1,1300040701,0.965215,3070541,26
1,1964494201,0.848942,3072161,15
1,92368961,1.061581,3075969,46
1,3509646037,0.975280,3077958,22
1,1416355849,0.993141,3079019,9
1,2526000149,0.975280,3080017,8
1,4092907843,0.987223,3081791,19
1,3614825749,0.891584,3083285,15
1,2579462693,0.997066,3084360,9
1,2845154423,0.904092,3086905,30
1,3934216093,0.907327,3089317,28
1,2782754749,1.132354,3092361,37
1,237506161,0.979277,3093348,8
1,3339759121,0.906250,3094075,4
1,1869057067,0.965215,3095219,10
1,2031796831,0.868840,3096435,11
1,3950847113,0.888841,3098136,18
1,1309526483,0.965215,3099580,14
1,2048978809,0.997066,3100797,11
1,3751436467,0.975280,3102006,11
1,3319391297,1.012616,3103854,20
1,3962476877,0.942176,3107369,44
1,2922798029,1.000488,3108442,9
1,2035760459,0.836777,3108960,1
1,2881575679,1.024123,3111015,23
1,1238188681,0.952484,3111524,1
1,2953096331,0.919621,3112724,11
1,307056523,0.944247,3115459,33
1,1331894657,1.004871,3117637,25
1,185405263,0.778746,3118418,5
1,1069229573,0.968750,3121247,34
1,4154283269,0.864897,3122873,17
1,427912483,0.978779,3125747,35
1,2975946221,1.021258,3126552,5
1,2812386001,1.000488,3127130,2
1,2690929447,0.935414,3141219,195
1,3566582917,0.904092,3144466,40
1,3119488109,0.844907,3146595,24
1,1112847077,0.938541,3148089,15
1,121779263,0.938541,3150471,28
1,1600753969,0.950945,3152098,17
1,1750784591,0.844329,3152820,4
1,2495623589,0.923330,3155435,31
1,231868633,0.832682,3156006,2
1,2362716919,1.034559,3158614,31
1,1352765927,0.988706,3160235,17
1,2708578489,0.900304,3161999,19
1,2203032859,1.055121,3165247,40
1,3043004807,1.031250,3166386,10
1,4028403919,0.935414,3167033,3
1,3366919219,0.948889,3168100,9
1,4237682503,0.895409,3170429,27
1,2805071341,0.844329,3174555,49
1,919059101,0.945280,3175876,10
1,1315000481,0.957597,3177792,21
1,2863972939,1.029829,3179901,24
1,1310847721,0.922801,3181115,11
1,2159528453,0.988706,3182107,8
1,859682381,0.954021,3182966,6
1,2031029081,0.962175,3186634,46
1,3880249481,1.004871,3187980,13
1,2751598501,0.902471,3190151,25
1,2053950011,0.889391,3191087,7
1,3868983421,0.928078,3192152,9
1,2921504351,1.007782,3192809,3
1,2890326359,1.006328,3193948,10
1,2338416547,0.914830,3194947,8
1,758037977,0.952484,3195887,7
1,1770892069,0.988706,3198842,36
1,2217220231,0.960652,3200472,17
1,3879416323,0.978779,3202172,18
1,3069762893,0.920152,3203810,17
1,281764663,1.034559,3204871,9
1,4206363289,1.094196,3206906,23
1,1515178037,1.040677,3208320,14
1,1795158017,1.027455,3212529,54
1,142631747,0.965215,3215694,39
1,2292213877,1.020302,3216753,9
1,2152835131,0.962175,3219845,38
1,1199337407,1.154560,3220509,3
1,2498959093,0.961160,3222079,16
1,940903903,1.054659,3223005,7
1,1332829877,0.952484,3223730,4
1,2963663069,0.950945,3226052,27
1,2136920663,0.928078,3233575,101
1,1933973969,0.954021,3235687,24
1,1809590149,0.956066,3237731,23
1,3613453091,0.981270,3239504,19
1,849137447,0.899761,3240091,2
1,479888939,0.895954,3242752,32
1,1421949691,0.869402,3244101,13
1,307444901,0.927551,3244952,6
1,3267739547,1.003899,3246174,11
1,3161894317,0.975280,3246691,1
1,813810727,0.884436,3250264,45
1,1607552651,0.938541,3255630,70
1,773272079,1.070284,3259078,43
1,855863927,1.039738,3261894,34
1,1669735271,0.946313,3263238,13
1,948665933,1.025552,3265419,25
1,1549082903,0.946313,3265932,1
1,54231799,1.004871,3271085,67
1,2790241379,0.950945,3271737,3
1,1571952961,1.070284,3274961,40
1,4069513373,0.914830,3277100,20
1,38624063,0.853531,3279875,31
1,3509330057,0.977281,3283866,51
1,1892356577,0.868840,3284649,5
1,1451603341,1.029354,3285229,2
1,1172559617,1.013098,3285740,1
1,3191651063,0.945280,3288779,37
1,3012147647,0.962175,3289437,3
1,3066998717,0.946313,3290033,2
1,1131266831,0.898132,3291449,14
1,2759417261,1.039268,3293722,26
1,1811745017,0.868840,3298069,56
1,3562247123,1.035503,3300181,24
1,1085809427,0.944247,3309776,131
1,3934111901,0.919621,3311760,22
1,975553639,0.899761,3312404,3
1,4265523401,0.914830,3313486,9
1,1987550639,0.965215,3319482,79
1,1849966603,0.940101,3320331,6
1,2289091109,1.015985,3321535,11
1,254808149,1.055584,3324817,41
1,3601868887,0.962683,3327633,34
1,3786786931,1.078012,3330739,38
1,409506541,1.048157,3331942,11
1,1371128461,0.936979,3332867,7
1,272209907,0.994614,3334980,24
1,1237942327,1.089725,3336738,19
1,564508949,0.952484,3338008,12
1,2390972299,0.970261,3340221,25
1,576769243,0.970261,3340872,3
1,2947950991,0.994614,3342709,19
1,4183475353,0.934370,3347016,55
1,1415679653,0.889391,3348010,8
1,3816382201,0.895954,3350918,35
1,4265220521,0.961160,3352557,17
1,2942646809,1.007782,3355857,41
1,814598269,1.050483,3359937,52
1,710132321,1.048157,3361064,10
1,144887537,0.938541,3362826,19
1,266610559,0.964709,3363476,3
1,3374827943,1.025552,3364336,6
1,3546985609,0.948374,3365123,5
1,154940327,1.063419,3370057,64
1,2846351969,0.962683,3372602,30
1,1290269263,0.977281,3376141,44
1,3774924031,0.911086,3380266,47
1,1474699337,1.082983,3381085,5
1,1148273741,1.028405,3383056,22
1,1760404717,1.025552,3386291,40
1,3674596819,0.994614,3388901,31
1,2950972883,0.920152,3389561,3
1,2137594001,1.005357,3392017,29
1,2138030743,0.938541,3394579,30
1,4183427341,0.952484,3395087,1
1,842357233,0.960652,3396150,9
1,235001539,0.948889,3397001,6
1,422028427,0.838525,3402551,73
1,3051894511,0.946313,3403068,1
1,2688674203,0.910550,3405246,25
1,4159118779,0.999023,3407030,19
1,2488902961,1.020302,3407545,1
1,1078922947,0.936979,3409950,28
1,616572091,0.983258,3412626,32
1,3555118313,1.015985,3414122,15
1,3184884821,0.987223,3415893,19
1,978146399,1.002925,3417049,10
1,1019499731,0.970764,3419373,27
1,889429367,0.853531,3421837,29
1,592450753,1.002438,3423671,20
1,2666345063,1.090621,3424895,11
1,606018757,1.027455,3427208,27
1,1843331221,1.016466,3427934,4
1,2111236277,1.020302,3430957,37
1,551455441,0.942176,3431809,6
1,2756469167,1.022214,3433020,11
1,2524559731,0.953509,3434165,10
1,947242213,0.861503,3434742,2
1,1974173543,1.047691,3435266,1
1,1749605309,1.064337,3438288,37
1,2171156167,0.853531,3439979,18
1,3385794949,1.113220,3441739,19
1,1414643759,0.946313,3442454,4
1,3433379969,0.931753,3443236,5
1,3226376189,1.004871,3444098,6
1,736651133,1.027455,3445169,9
1,1322567773,1.003899,3447001,20
1,179411101,0.880563,3449252,26
1,413645563,0.960652,3450606,13
1,3662410289,0.864897,3452526,21
1,3479298587,0.938541,3453109,2
1,52021219,0.984747,3453676,2
1,3711216829,1.046758,3459906,83
1,331674017,0.944247,3460685,5
1,397595839,0.895409,3463432,33
1,679951529,0.969758,3466393,36
1,3199056677,0.952484,3468100,18
1,1424862137,0.886090,3468623,1
1,3541102381,0.848942,3470812,25
1,2340897961,1.018386,3471318,1
1,3440157299,0.929655,3473148,20
1,3147902783,1.076198,3473673,1
1,3727868371,0.962683,3476632,36
1,2386508821,0.964709,3477353,4
1,552444203,0.944247,3479111,19
1,2470494979,1.004871,3482444,36
1,469676281,1.027455,3483686,11
1,3481616027,0.919090,3484557,6
1,4111212233,0.950432,3485065,1
1,354254371,1.012616,3487175,24
1,1163534609,0.946829,3489483,27
1,209184533,1.012616,3492853,42
1,4098255523,1.050483,3503926,152
1,3386046463,0.964709,3505984,23
1,3013110517,0.948889,3508593,31
1,4293070931,1.007782,3510021,14
1,2639633011,0.997066,3510676,3
1,4258797703,0.988706,3511543,6
1,1217696933,0.977281,3513094,16
1,17690483,0.924387,3514358,12
1,3362748113,0.878342,3515661,12
1,3010975729,1.105296,3517017,13
1,3699049009,0.950432,3518148,10
1,3312083597,0.938541,3520216,23
1,345071107,0.928604,3521702,15
1,4212849241,1.104854,3522928,11
1,30837071,1.111464,3523636,4
1,3133733989,1.046758,3524508,6
1,501614977,0.978779,3525015,1
1,1624429657,0.961160,3526571,16
1,2368205311,0.886090,3527371,5
1,1788551257,1.028405,3528224,6
1,34430813,0.908403,3529006,5
1,1301691799,0.895954,3535166,82
1,2948719843,1.012133,3536169,8
1,902970569,0.960652,3536675,1
1,2457078821,0.965215,3537599,7
1,1508710403,0.950945,3539230,17
1,2181552851,1.006328,3546665,100
1,4220486519,0.855246,3548521,20
1,2508889199,0.977281,3552653,53
1,2711926289,1.070284,3555317,32
1,443625359,1.056047,3557426,24
1,1544710807,0.982762,3558714,12
1,4019099213,0.875558,3560211,15
1,211713613,0.988706,3561419,11
1,306264193,0.935414,3563389,22
1,421243387,0.970764,3565100,18
1,237904759,1.035503,3565611,1
1,3938417009,0.997066,3569884,55
1,470970937,0.985738,3573654,48
1,2727470899,0.803435,3574236,2
1,705254149,0.994614,3577629,42
1,2827696471,1.111464,3578208,2
1,4181205521,0.975280,3580317,24
1,2343024647,1.062959,3582996,28
1,711770687,0.835024,3583941,7
1,1125805363,0.974780,3585147,11
1,3266051069,0.953509,3585883,4
1,3494097253,0.911622,3587285,2
1,1850497351,0.945797,3589534,24
1,3534846017,0.953509,3593157,45
1,4173788977,0.988706,3594662,15
1,3778246357,0.918559,3595247,2
1,3732036559,0.960652,3596894,17
1,3519201289,0.904092,3597614,4
1,2481712889,1.027455,3600087,29
1,15542003,0.970764,3600715,3
1,3651733859,1.012133,3605086,56
1,2408304571,1.012616,3605615,1
1,1445448379,0.984747,3608218,31
1,1187870413,0.970764,3609792,16
1,2167184933,1.073928,3611554,19
1,1017965513,0.972272,3612274,4
1,3437188253,1.070284,3614737,29
1,607763441,1.090621,3617559,34
1,466854959,1.046758,3618066,1
1,2911435921,0.906250,3620058,22
1,2931626393,0.964709,3621763,18
1,778359487,0.919621,3623048,12
1,220043927,1.113220,3624386,13
1,2164113179,0.952484,3625538,10
1,2847538723,0.932277,3626194,3
1,201872719,0.946313,3627177,8
1,428088253,0.810093,3627959,5
1,2661347083,0.965215,3631639,46
1,3226100329,0.891584,3633746,22
1,973850629,0.820275,3634401,3
1,3073697489,0.877229,3635201,5
1,419190259,0.965215,3636647,14
1,686003321,0.982762,3639260,31
1,2891341979,1.086584,3639977,4
1,1083754921,0.886090,3640686,4
1,2696802071,0.919621,3642533,20
1,2377183777,0.997066,3643661,10
1,1735985819,0.991172,3647677,51
1,339328501,1.027455,3648612,7
1,2339802209,0.886090,3651924,41
1,1427728891,0.872205,3653844,21
1,730095127,0.980274,3656856,37
1,1802756093,0.973777,3657384,1
1,1529653823,0.952484,3658038,3
1,1293457301,1.043488,3660228,25
1,237753667,1.025076,3661498,12
1,3683891597,0.820275,3662369,6
1,1797516673,0.994614,3663293,7
1,3867709427,0.978779,3664087,5
1,3294406723,1.061581,3664808,4
1,4014534703,0.984747,3666506,18
1,719415577,0.960652,3668003,15
1,1016976307,1.047691,3670336,27
1,962691479,0.997556,3670839,1
1,3936519913,1.012133,3671416,2
1,353823011,0.964709,3672567,10
1,584365799,1.003899,3673217,3
1,481383979,0.946829,3674712,15
1,3668208449,1.025552,3675921,11
1,2855737279,0.975280,3678540,31
1,840569963,0.940101,3679111,2
1,324713791,1.086584,3679694,2
1,3789556709,0.920152,3680557,6
1,1400543857,1.055121,3685495,59
1,690196453,0.935414,3688236,30
1,3324640313,1.005357,3689768,15
1,2884750313,1.027455,3691052,12
1,3493849927,1.020302,3692127,9
1,1423078859,1.018386,3694179,23
1,119664583,0.988706,3694892,4
1,4048456429,0.880563,3696173,12
1,1239269131,0.910550,3696899,4
1,3086257513,0.956066,3699932,37
1,1387961591,1.000488,3701980,23
1,1499080889,1.036916,3703185,11
1,637910501,0.934370,3706000,34
1,3750278339,1.012133,3708252,26
1,262577573,0.903011,3710226,22
1,3235483931,1.068458,3711714,15
1,3617140801,1.003899,3713632,21
1,552510457,0.981270,3717760,53
1,2460800399,0.838525,3719542,19
1,3766710637,1.063419,3720831,12
1,1136960249,0.984747,3723715,35
1,4272164503,1.073018,3725068,13
1,1098301849,0.954533,3726137,9
1,3274806593,0.950432,3729024,35
1,2200395991,0.946829,3730855,20
1,415473571,0.988706,3731432,2
1,1391353919,0.970764,3733644,25
1,2753326867,1.047691,3734223,2
1,3244837091,0.935414,3735712,15
1,989173069,0.907865,3737343,17
1,414647011,0.920152,3737914,2
1,2675612987,0.843750,3738993,9
1,2185094777,0.857526,3740832,20
1,868825807,0.952484,3741831,8
1,4274913473,0.934370,3742684,6
1,3605443081,0.897588,3743333,3
1,3860885881,1.084785,3747348,51
1,1490953901,0.988706,3747929,2
1,4126101403,0.862070,3749296,13
1,418298371,0.893772,3750577,12
1,1505961349,0.956066,3754079,44
1,1887682633,0.928078,3754856,5
1,3552625627,0.897044,3756485,17
1,1255794829,0.978779,3757003,1
1,2605815259,0.992649,3757526,1
1,1329109937,0.950945,3759580,23
1,2227695923,1.018386,3762191,31
1,673033817,1.063419,3764451,26
1,355792889,0.882225,3771578,96
1,2522699899,0.972272,3773000,14
1,1589225291,0.965215,3773657,3
1,2332324427,0.988706,3775483,20
1,553325287,0.885539,3776709,11
1,488110957,0.978779,3779043,27
1,497810939,0.942176,3782588,44
1,3174861959,0.895954,3784996,28
1,373150361,0.984747,3787119,24
1,3872858443,1.025552,3789354,20
1,3358578557,1.036916,3793604,54
1,920257883,1.106621,3795309,18
1,1761234067,0.957597,3797717,28
1,3250958017,0.940101,3799208,15
1,1032888239,0.985738,3802172,36
1,3922003973,1.027455,3803238,9
1,21436333,0.954533,3804573,13
1,1837378183,0.944764,3808573,51
1,3368794441,0.975280,3809153,2
1,1579736549,1.129764,3810018,6
1,1830002269,0.899761,3813068,37
1,3127152883,0.930180,3815952,35
1,1738679711,0.877786,3818996,37
1,1877975747,1.007782,3822313,41
1,420178669,0.994614,3823802,15
1,1303597549,0.953509,3824457,3
1,749628613,0.936979,3825454,8
1,1914342589,0.919090,3828761,41
1,2202608299,0.964709,3829620,6
1,3259438751,0.978779,3830409,5
1,3970334443,1.137946,3832050,17
1,980470111,0.996576,3835856,48
1,2303565959,0.886090,3836784,7
1,3983110507,0.907865,3837301,1
1,1999348187,0.946829,3839350,23
1,1805808911,0.893772,3846003,88
1,2506936933,1.025552,3853982,107
1,2772558421,0.997556,3854645,3
1,2213289787,1.019344,3855160,1
1,13430617,0.969758,3856133,8
1,3165756137,0.970261,3856794,3
1,1782877247,0.920682,3857650,6
1,2252952629,0.900304,3861646,51
1,1245854023,1.012616,3862498,6
1,2690008177,1.054659,3869380,92
1,432212069,1.029829,3870849,15
1,523168853,0.886090,3871429,2
1,4244994353,0.946313,3871946,1
1,2232211601,1.073928,3873566,17
1,3428091553,0.957597,3874070,1
1,1137661799,0.925443,3875006,7
1,300781139,1.057894,3876416,14
1,500488523,0.867152,3877141,4
1,2843350883,0.889939,3877938,5
1,913839763,1.040677,3880478,30
1,1649270611,1.086584,3882732,26
1,947002117,1.047691,3885753,37
1,2009447261,1.047691,3888439,32
1,457959431,1.000488,3890586,21
1,3373475557,0.988706,3896313,74
1,94290613,1.033615,3896902,2
1,2412168397,0.844329,3899789,35
1,2947739471,0.946313,3902551,33
1,2098893323,0.970764,3904395,20
1,2481416263,0.969254,3906112,18
1,1143698389,0.919621,3907180,9
1,2132362579,1.012616,3907762,2
1,3926881403,1.013098,3908349,2
1,455996851,1.067086,3909278,7
1,2265914719,0.952484,3910280,8
1,348271493,1.066628,3910846,2
1,4264244519,0.969758,3915001,53
1,2749789703,0.938541,3920325,70
1,1645233283,0.928078,3921100,5
1,3560228767,0.919621,3921907,5
1,2682281467,0.885539,3925772,49
1,1681618669,0.928078,3926291,1
1,2486623457,0.954021,3928826,30
1,3866535857,0.889391,3930384,16
1,672454777,1.042552,3931656,12
1,2820749317,0.836193,3932502,6
1,2899365617,0.920152,3933159,3
1,494580733,0.981270,3934932,19
1,1641466181,0.911622,3937043,24
1,4185398887,0.935414,3938045,8
1,355170887,1.007782,3939943,21
1,518845319,0.984747,3941993,23
1,112652431,0.946313,3942495,1
1,2264588171,0.969254,3943794,12
1,2834165599,0.923859,3944398,2
1,2411716213,0.954021,3946481,23
1,4096295803,0.928078,3947757,12
1,4012222477,0.919621,3948980,11
1,426191669,0.886090,3951044,23
1,3787944847,0.952997,3954770,47
1,2001618799,1.043488,3958707,50
1,1515656407,0.860369,3961107,28
1,3403139143,0.934370,3964765,46
1,567957787,0.955044,3965273,1
1,3918208981,1.004871,3969835,59
1,3672474739,0.964709,3970488,3
1,1657028257,1.068458,3972185,18
1,550484083,0.955044,3972972,5
1,2104524973,0.871645,3973899,7
1,18907673,0.902471,3979486,74
1,1776707573,0.908940,3984491,65
1,338583389,0.732211,3986468,22
1,1292728051,0.919090,3987679,11
1,1944340687,0.973777,3991064,42
1,511855583,0.953509,3996479,65
1,659780327,0.973777,4001068,59
1,3333304811,0.886090,4002284,11
1,1203538649,1.008267,4002935,3
1,3315165677,1.040677,4006727,48
1,983732389,0.889391,4007437,4
1,3107129959,0.946313,4008792,13
1,2855363729,1.012616,4010848,23
1,658524653,1.040677,4011986,10
1,3131959169,0.924387,4012924,7
1,676184251,0.908940,4015458,30
1,1399611373,0.981270,4017107,17
1,2302189961,0.888841,4019844,33
1,2647279163,0.950945,4024749,64
1,761429777,0.999023,4026021,12
1,945598097,0.932277,4027220,11
1,1997979589,0.946829,4030120,35
1,3713596309,0.925971,4032468,27
1,1355625581,0.970261,4033116,3
1,1353267857,0.854103,4033689,2
1,3467148743,0.984747,4034345,3
1,1170840709,0.936979,4036035,18
1,463280537,1.118907,4038280,26
1,1553558537,0.994614,4039273,8
1,550565461,0.994614,4040631,13
1,2633516519,1.040677,4042566,21
1,2348155709,0.955044,4045135,30
1,4062310103,0.872205,4046703,16
1,2442193673,0.974780,4047276,2
1,798397967,1.055121,4048272,8
1,2673858331,1.058356,4048934,3
1,3759322817,1.015985,4049647,4
1,2870647657,0.995105,4052491,34
1,4174435757,0.907865,4053290,5
1,3012328031,0.962683,4057793,58
1,3004897457,1.012133,4059064,12
1,2798606411,0.884436,4061400,27
1,3487474901,0.921743,4064303,35
1,131612837,0.946313,4065074,5
1,3001659259,1.052341,4066797,18
1,1852050727,0.982762,4072263,72
1,3439213049,0.988706,4075009,33
1,1311882293,0.997556,4075667,3
1,2984770717,0.984747,4077442,19
1,2326656659,0.877786,4078797,13
1,3006093929,1.000488,4080295,15
1,3188103593,0.916963,4087061,90
1,2671704803,1.044423,4089896,34
1,416070757,0.994123,4091026,10
1,303029039,1.033615,4093255,25
1,3149073827,0.980772,4094336,9
1,3116974933,1.086584,4098443,47
1,2590649359,0.944764,4100651,25
1,886193333,0.955044,4102559,21
1,314486311,1.046292,4103833,12
1,4134334879,0.958616,4104353,1
1,2549649143,0.946313,4105937,16
1,1254363203,0.973777,4107507,16
1,3742390279,0.944764,4109141,17
1,639858031,0.970764,4111896,33
1,407729857,1.029829,4114577,32
1,200291621,1.095980,4116889,27
1,3231437779,0.996086,4117681,5
1,3411325657,0.964709,4122018,56
1,4206058433,1.032197,4123724,18
1,852575879,0.957597,4125430,18
1,1344655651,0.965215,4126091,3
1,1886123873,0.928078,4127387,12
1,2839495861,1.098205,4129012,17
1,1823689997,0.944764,4129530,1
1,2527081247,0.977281,4130109,2
1,2920934413,0.872205,4132163,23
1,965614891,0.921213,4134674,29
1,806420899,1.012133,4136797,24
1,2430742367,0.988706,4138841,23
1,53680307,0.931753,4139334,1
1,585693071,1.012133,4140968,17
1,354179971,0.927551,4142724,19
1,3955794553,0.977281,4144927,25
1,1034694473,0.954533,4146064,10
1,2594240659,1.048157,4149499,43
1,4101952369,0.920152,4150021,1
1,1684983319,1.067086,4150742,4
1,3841129771,1.061581,4151332,2
1,3647559527,1.025076,4151987,3
1,3418923769,0.837360,4153771,19
1,3786295241,0.973777,4154636,6
1,1973599087,0.969254,4155852,11
1,2197228349,0.928078,4156648,5
1,1393910249,0.955044,4157714,9
1,3582252187,0.937500,4159560,20
1,4094382983,1.027455,4161390,20
1,782551481,0.928078,4162611,11
1,2632416041,0.886641,4163196,2
1,1489651591,0.928078,4164193,8
1,3102863593,1.054659,4164705,1
1,720566593,0.960652,4165284,2
1,360394487,1.068458,4166147,6
1,3454125403,1.002438,4171080,64
1,1981114327,0.990679,4174185,38
1,257131361,0.935414,4175169,8
1,1048831169,0.970261,4176093,7
1,488950843,0.963190,4177224,10
1,2957780009,0.935414,4177800,2
1,2031325379,0.970764,4179922,24
1,3485677313,1.033615,4182755,34
1,2889492607,0.975280,4184252,15
1,2720130191,0.860369,4186595,27
1,3464849939,1.021258,4187938,13
1,3894878129,0.928604,4189366,14
1,1718637233,0.895954,4192609,40
1,3788542913,1.136229,4196530,50
1,3913698307,1.031250,4199240,27
1,868295731,1.039738,4200128,6
1,3307999493,0.994614,4201263,10
1,156923051,0.946829,4203294,23
1,1777880057,1.120651,4207434,53
1,1447379039,0.994123,4215218,105
1,2774907673,0.897588,4218808,45
1,838879973,1.002925,4219445,3
1,1052418119,0.882225,4221006,16
1,3668998369,0.859233,4223207,25
1,3695752597,0.986728,4224280,9
1,2541598987,1.055584,4226126,20
1,1445501479,1.050483,4227336,11
1,2621179151,0.884436,4229302,22
1,309870131,0.913227,4230920,17
1,3385609607,0.891584,4234083,39
1,3308881243,1.133647,4235441,13
1,3528256453,0.928078,4236093,3
1,3106741753,1.012133,4239909,48
1,957040309,1.019344,4240975,9
1,998128717,0.981270,4241977,8
1,2996974301,0.921743,4242633,3
1,3653942777,0.936979,4246236,45
1,3532717921,0.886641,4247590,13
1,1406486831,0.928604,4249645,23
1,2189022007,0.893772,4250591,7
1,3422901659,0.925443,4253326,33
1,1286127361,1.034559,4257240,50
1,874294621,0.970261,4257888,3
1,1840470263,0.946313,4258553,3
1,603408269,0.946313,4259968,14
1,494310709,0.848942,4261170,11
1,3741554771,1.025076,4263211,23
1,772386973,0.965215,4265262,23
1,1141590353,0.944764,4266245,8
1,835307911,1.027455,4268076,20
1,3627564449,0.938541,4269418,13
1,2982262399,0.919621,4271064,17
1,1371822607,0.950945,4275480,57
1,4146316147,0.965215,4276935,14
1,1185476077,0.965215,4278354,14
1,265578881,0.932277,4279622,12
1,1312468271,1.080726,4282301,32
1,1583065441,1.046758,4282882,2
1,699544711,1.008751,4285554,32
1,2069040221,0.910550,4288292,33
1,1068895873,0.938541,4290715,28
1,1858917299,0.997556,4292142,14
1,1113175127,0.901929,4297390,69
1,3369067111,0.950432,4298052,3
1,3210420907,0.973777,4300323,22
1,2748840443,0.940101,4300996,3
1,2430366329,0.928604,4302020,6
1,3738709787,0.932277,4303603,16
1,3931469407,1.005357,4304469,6
1,3384107581,0.997556,4305954,15
1,3785130197,0.942176,4306461,1
1,336263467,0.952484,4310739,55
1,2252266031,1.027455,4312303,16
1,965213657,0.961160,4313862,16
1,3182100557,0.886090,4314441,2
1,746642551,0.996576,4318013,45
1,1648185563,1.106621,4318733,4
1,3577132001,0.938541,4321627,35
1,1596332923,0.827978,4323257,17
1,4247554511,0.957597,4323912,3
1,2802350483,1.033615,4325881,22
1,225219571,1.018386,4328428,30
1,2143005797,1.031250,4340294,163
1,3141113203,1.003899,4340811,1
1,2343783989,0.908940,4343442,30
1,4135275229,0.919621,4344396,7
1,502019003,0.962683,4346933,30
1,2761633331,1.033615,4348487,16
1,2649957073,0.916963,4351451,36
1,3792206461,0.994123,4352249,5
1,3827684551,1.055584,4353037,5
1,4078100989,1.005842,4354945,21
1,2181113479,1.017906,4355791,6
1,1935328393,1.111464,4356787,8
1,2887029553,1.040677,4357428,3
1,2424382703,0.940101,4358148,4
1,3596409389,0.936979,4359998,20
1,3465669169,1.027455,4361566,16
1,3592232009,0.965215,4362279,4
1,154052693,1.068458,4364384,24
1,2561713859,1.020302,4365449,9
1,1701156053,0.975280,4366725,12
1,772014709,0.955044,4368474,19
1,1099308557,1.069828,4370727,26
1,1603202309,0.928078,4372708,22
1,282151687,1.078012,4373414,4
1,3700437457,0.987223,4374762,13
1,2787183431,0.895409,4375267,1
1,1460196973,0.922801,4377261,22
1,3376550911,1.033615,4379860,31
1,3031632251,0.927551,4384566,61
1,1542764323,0.904092,4390846,83
1,1448431843,0.878342,4391920,9
1,547387627,0.942176,4393334,14
1,1962957091,0.982762,4393976,3
1,4059099053,0.956066,4394774,5
1,3609503269,0.902471,4395978,11
1,1390350301,1.090621,4399566,45
1,1020694369,1.029829,4400855,12
1,2310798881,1.012133,4405394,53
1,1564013531,1.062959,4406375,7
1,143434817,0.957597,4409454,38
1,2986532821,0.922801,4409968,1
1,1545895591,1.047691,4411812,20
1,2184574097,0.957597,4412951,10
1,141156959,0.920152,4414219,12
1,110827121,0.916963,4419403,68
1,3493833799,0.970764,4424819,71
1,3206667881,0.981270,4426793,22
1,1617092843,1.002438,4429823,37
1,2959582789,1.124132,4431375,16
1,1472412811,0.999023,4432375,8
1,1656083579,0.947859,4433176,5
1,3298849621,1.031250,4433750,2
1,3860894251,0.852386,4436007,26
1,1571628703,0.910550,4437290,12
1,3218748059,1.012616,4438155,6
1,1123462817,1.004871,4440210,23
1,1962286709,1.047691,4440952,4
1,1851968467,1.062959,4442931,22
1,2088868723,0.938541,4444488,16
1,156919811,0.860369,4448955,58
1,199747487,0.974780,4452077,38
1,2891377639,0.899761,4455866,48
1,2316377897,0.920152,4457280,14
1,1278898447,0.929655,4458347,9
1,1549061779,0.954533,4460181,20
1,1585091933,0.997066,4461671,15
1,654219679,0.993141,4464769,38
1,3650387581,0.965215,4465711,7
1,4221758861,0.984747,4467634,21
1,3841512733,0.950945,4471219,45
1,2621830781,1.098205,4472092,6
1,2288884561,1.015985,4472811,4
1,639435449,1.025552,4473730,7
1,317344309,0.946313,4475069,13
1,2755710229,1.012133,4476685,17
1,90368483,1.031250,4477672,8
1,3333865123,0.981270,4478259,2
1,3538181369,1.007782,4478770,1
1,1278341941,0.993141,4480044,12
1,2647261261,1.003899,4481730,18
1,3249935333,0.978779,4483018,12
1,1582123451,1.020780,4484369,13
1,3035693431,1.116723,4486154,19
1,1390975133,0.997556,4487853,18
1,2548266173,1.000488,4489422,16
1,2215289917,1.003899,4492530,38
1,3132894227,0.982762,4494592,23
1,1909880143,1.169685,4495667,9
1,3534616219,0.919621,4497584,21
1,2468155511,0.983258,4499134,16
1,2476310449,0.922801,4502089,36
1,169760887,0.854103,4503425,13
1,261153553,1.015985,4504138,4
1,600989567,1.007782,4507581,39
1,3693319529,0.864897,4508322,4
1,3712197289,0.975280,4509807,15
1,31128509,0.910550,4511005,11
1,2312309407,0.964709,4511523,1
1,2774255833,0.984747,4512801,12
1,2759460061,0.942176,4515000,25
1,3177400477,0.903552,4516138,10
1,337915261,0.995105,4517912,19
1,690578881,0.932277,4520302,28
1,2150709557,0.985738,4521710,14
1,2114925227,0.984747,4523704,22
1,1630477393,1.040677,4525638,21
1,2651117773,0.988706,4527273,17
1,309586183,1.022214,4528132,6
1,1975278449,0.904092,4530950,34
1,3468453277,0.944764,4532167,11
1,58133653,0.969254,4533855,18
1,1936880459,0.946829,4534371,1
1,2307416873,0.952484,4537607,40
1,1209328271,1.012133,4538111,1
1,393798409,0.932277,4540852,33
1,523899953,0.946313,4542340,15
1,3439107877,1.018386,4543905,16
1,2988033599,0.887192,4545543,17
1,2519320207,1.118471,4547934,28
1,3778923971,0.786855,4549720,19
1,3638990923,0.950945,4550585,6
1,598607353,0.954533,4551376,5
1,1961268587,0.889391,4553650,26
1,727184837,0.984747,4554374,4
1,3903374749,0.891584,4557603,40
1,547127171,1.004871,4561964,56
1,504727079,1.070284,4563022,9
1,1747402297,0.969758,4564925,21
1,3855483143,0.938541,4566977,23
1,3931995181,1.027455,4569049,23
1,261398617,1.027455,4573932,64
1,3405441209,1.015985,4579929,79
1,3191871247,0.935414,4580436,1
1,1041604793,0.893772,4580944,1
1,3318502039,0.988706,4582151,11
1,1115174227,1.042083,4585808,46
1,4040045267,0.961160,4586390,2
1,3476030053,0.854103,4588430,23
1,3120140557,0.975280,4589297,6
1,908699273,0.899761,4590157,6
1,2830887911,1.006328,4594106,50
1,1865277641,0.882225,4595393,12
1,1042923613,0.931753,4597158,19
1,211942369,0.974780,4597867,4
1,1848096563,0.860369,4599583,18
1,83765449,0.898132,4600077,1
1,1467306221,0.957597,4603531,43
1,3004911527,1.025076,4606978,39
1,3674871049,0.893772,4607988,8
1,3500223589,0.988212,4611081,28
1,2447012171,0.952484,4612724,15
1,3016213171,0.927551,4616116,42
1,1408427821,0.961160,4617328,11
1,1676658757,0.906789,4618403,9
1,1029089497,0.969758,4618988,2
1,2491284787,1.086584,4620149,10
1,3943118591,1.021736,4621306,10
1,3094366829,0.957597,4622718,14
1,409892603,0.942176,4624494,19
1,448587941,0.910550,4625707,11
1,805650731,0.991172,4627177,15
1,3789972343,0.895954,4629224,23
1,2400617123,0.822059,4630581,13
1,1969356539,0.977281,4631529,7
1,2776979929,0.848942,4632179,3
1,2637732611,0.877229,4635687,42
1,547148177,0.984747,4636201,1
1,2332625419,0.952997,4636847,3
1,3158817853,0.985738,4641285,57
1,757677901,0.993141,4643003,18
1,1154237039,0.981270,4643928,7
1,3151032617,0.980274,4650979,94
1,3754052657,0.945280,4651905,7
1,228234079,1.086584,4653871,22
1,1756732673,0.818488,4656880,37
1,3828071981,1.084785,4658656,19
1,181379701,0.994123,4660559,21
1,1355565457,0.913227,4661061,1
1,2589444589,1.027455,4663122,23
1,2693546671,1.061581,4664323,11
1,2718454499,0.957597,4666647,27
1,3980879999,0.900304,4667598,7
1,3101758483,0.891584,4668240,3
1,2219896979,1.039268,4669788,16
1,3906691837,0.952484,4671567,19
1,3171191381,1.077106,4672567,8
1,1496074759,0.880563,4673281,4
1,3634514911,1.083884,4674771,15
1,3077973313,0.975280,4679277,58
1,1439402519,0.931753,4682509,40
1,1968087133,1.044423,4683376,6
1,1524478139,0.920152,4684379,8
1,2581595479,0.897588,4686695,27
1,121011463,0.978779,4687893,11
1,2802637073,0.923330,4690143,26
1,2401314739,0.908940,4694030,49
1,837106103,1.089725,4696020,22
1,3050616913,1.093303,4697645,17
1,660390967,0.882778,4698645,8
1,4245998527,0.984747,4699798,10
1,1618554473,1.024123,4700529,4
1,4006918373,0.986233,4701539,8
1,3486840341,1.002438,4702753,11
1,309622787,1.047691,4704301,16
1,3870725917,0.880563,4705511,11
1,3661994573,0.846639,4707786,26
1,1507054303,0.975280,4708727,7
1,3471097943,0.997066,4713860,60
1,2594659451,0.993141,4714566,3
1,2418614629,0.893772,4718055,44
1,1494751543,1.067086,4720878,34
1,2539938241,1.007782,4722498,17
1,1792901329,0.832095,4726009,44
1,2890582481,0.928078,4729528,44
1,3826768307,0.944764,4730112,2
1,1774499,1.027455,4735257,68
1,4276801393,0.973777,4736053,5
1,1042282537,0.955044,4737415,13
1,1315127747,0.930180,4741162,47
1,1970495899,1.024123,4742653,15
1,3512966497,1.081629,4743927,12
1,1167589543,0.921743,4744638,4
1,1967517319,0.920152,4746065,14
1,3655382711,0.950945,4749163,38
1,2655825343,0.822059,4751491,27
1,35230231,0.929655,4751988,1
1,4080642781,0.942176,4755435,43
1,1488973417,1.160465,4756654,11
1,880740149,1.087033,4757720,9
1,3804419429,0.910550,4762002,55
1,1067274473,0.952484,4767346,70
1,90055997,0.882225,4769175,20
1,1870940711,0.864897,4771569,28
1,3298885873,1.147773,4772147,2
1,3641696771,1.000488,4774827,32
1,4226944949,0.944247,4776616,19
1,1382292677,0.885539,4778237,17
1,2132918717,1.090621,4780148,21
1,428891597,1.072563,4781354,11
1,1048269043,0.997556,4782216,6
1,4009680473,0.973777,4784077,20
1,2383855289,1.076652,4784660,2
1,2104893523,0.922801,4785241,2
1,2280884323,1.007782,4786310,9
1,889112437,0.853531,4790045,47
1,151070027,0.955044,4790614,2
1,2869352509,0.914830,4792099,15
1,1661714221,1.012133,4793379,12
1,993890819,0.984747,4795355,22
1,3611400277,0.969254,4796565,11
1,1613820029,0.950945,4798616,23
1,1490033201,1.129764,4799255,3
1,1932865357,0.904632,4802904,46
1,689910097,0.940620,4803472,2
1,434695631,0.963190,4805099,17
1,504222451,1.055121,4806302,11
1,1479398681,1.073928,4807855,16
1,2298713489,1.033615,4808568,4
1,2385439943,1.046292,4813384,59
1,1956263723,1.000488,4814119,4
1,217788839,1.094196,4815901,17
1,2523059291,0.942176,4821237,70
1,1451336587,0.990186,4822299,9
1,227993683,0.836193,4825038,33
1,1435631233,0.899761,4826032,8
1,1561458649,0.891584,4826756,4
1,2107493929,1.043488,4830557,48
1,183763457,0.934370,4833069,30
1,1378088947,0.982762,4836099,37
1,2649666269,1.012133,4838290,25
1,854143247,0.984747,4839145,6
1,1252042801,1.044891,4841476,27
1,3610542443,1.086584,4844183,32
1,4143827339,0.920152,4844867,3
1,4216036393,1.033615,4847686,33
1,2074272307,0.997066,4848212,1
1,1081484897,0.946313,4852289,52
1,544468501,0.904632,4853568,12
1,3574391057,0.980772,4854073,1
1,403979183,1.005357,4855560,15
1,1731154141,1.069828,4857119,16
1,360017191,1.009718,4859994,35
1,792837107,0.993632,4860931,7
1,2232720953,1.020302,4862064,10
1,1347484301,0.970261,4862854,5
1,1263184613,0.942176,4863648,5
1,3665713243,0.910550,4866967,41
1,2674275809,0.970764,4872577,74
1,3444489343,0.940101,4873798,11
1,2623730621,0.884436,4874871,9
1,3575137079,0.862070,4875935,9
1,4060630879,1.058356,4878564,31
1,688924391,0.999023,4881031,29
1,303805961,1.046758,4884172,39
1,2250595673,0.928078,4885027,6
1,4129327913,0.889391,4886227,11
1,2459991619,0.895954,4886808,2
1,1921793791,0.901929,4887466,3
1,3346405841,0.946313,4888042,2
1,314607089,0.904632,4890488,29
1,2774517253,0.940101,4891222,4
1,3629166059,0.888841,4896360,67
1,2317318733,1.008751,4897359,8
1,4131722659,0.903552,4899065,18
1,3967736299,0.998534,4900990,21
1,608648507,0.911622,4904235,40
1,15178789,0.987223,4904998,5
1,4176256961,1.103970,4905722,4
1,3332481391,0.960652,4906653,7
1,496693699,0.999023,4909396,33
1,4268524369,1.073018,4911722,27
1,82153711,0.962175,4913483,19
1,3767856247,0.895409,4915728,20
1,1910429737,1.000488,4916927,10
1,4162668427,0.965215,4917445,1
1,3786107327,1.025552,4919076,17
1,4266108167,0.997066,4920913,20
1,587123399,1.020302,4928066,96
1,1894892569,0.962683,4928782,4
1,3325460947,0.946313,4934872,81
1,4186754371,1.020302,4936012,10
1,1172478481,1.012133,4937497,15
1,3001887307,0.931753,4940194,32
1,3104547851,1.025552,4943276,38
1,642855737,1.019344,4944753,15
1,164248871,1.006328,4947082,27
1,2939077901,1.018386,4950320,40
1,3135856289,1.025552,4952578,26
1,350946833,0.977281,4954545,22
1,1192347901,0.917495,4955266,4
1,3792232441,0.944764,4956127,6
1,3813897587,1.042552,4959086,36
1,4029497077,0.936979,4960445,13
1,3370436213,1.124132,4961024,2
1,385033631,1.076198,4962445,14
1,2772861569,1.000488,4963153,4
1,738760963,0.878342,4964209,9
1,684726011,0.962683,4966201,22
1,3908010793,0.871645,4969294,38
1,3289507651,0.895954,4971783,29
1,3341887457,1.012133,4974046,26
1,2062184489,0.942176,4974763,4
1,3670218821,0.980274,4975479,4
1,2057484889,0.999023,4977799,27
1,687122207,0.988706,4978596,5
1,2284642543,0.910550,4980713,24
1,3726109729,0.950945,4982064,13
1,1968289129,0.928078,4982997,7
1,242468657,0.922801,4983638,3
1,152837941,0.977281,4984138,1
1,885242987,0.990679,4985700,16
1,3617639833,0.882778,4986350,3
1,3842873753,0.928604,4988268,21
1,3205955891,0.936979,4988987,4
1,1196398003,0.920152,4991816,34
1,994594771,1.046758,4994066,26
1,3498391067,0.946313,5001282,97
1,1651889077,0.944247,5002213,7
1,381964031,0.988706,5003851,17
1,2712941531,0.862070,5007301,43
1,2872534811,0.955044,5007817,1
1,472061663,1.029829,5010480,32
1,1656870233,1.098205,5012379,21
1,1773125567,0.913227,5013253,6
1,3365326933,0.910550,5014733,15
1,658411813,1.025552,5016075,13
1,3814183091,1.070284,5017508,11
1,1611875357,1.046758,5018670,8
1,3370660967,1.044891,5019760,9
1,507278771,1.048157,5022507,33
1,3532208821,0.952484,5023376,6
1,2311725811,0.927551,5024587,11
1,3693533609,1.012133,5025098,1
1,4271377969,0.993632,5027354,26
1,1210617589,0.969254,5028700,13
1,143079857,0.878342,5029472,5
1,2155082219,1.036445,5030196,4
1,3335754901,0.910550,5032547,27
1,915186763,0.970764,5033329,5
1,3432467887,0.880563,5035802,29
1,2488610711,0.986233,5038063,26
1,2022595829,0.940101,5039138,9
1,2615425493,1.004871,5042116,36
1,2205545929,1.007782,5042771,3
1,3782857069,0.846639,5049076,84
1,170904611,0.986233,5049854,5
1,1333596071,1.025552,5050942,9
1,2782696261,0.948889,5051869,7
1,1860371281,0.968750,5053852,22
1,3502077457,0.954533,5054427,2
1,4239088709,0.911622,5062308,106
1,2578070249,0.910550,5063236,7
1,1985431417,1.068458,5065147,21
1,1772924633,1.052341,5069775,60
1,1365451147,0.910550,5070698,7
1,3850462871,0.952484,5071277,2
1,1740707191,1.017906,5072283,8
1,742886227,0.904092,5073904,17
1,1577615503,0.854103,5074621,4
1,2333812889,1.043488,5075751,10
1,1310140771,0.935414,5079266,44
1,3129708469,0.957597,5079853,2
1,64558103,0.970261,5080630,5
1,943342109,1.002925,5081271,3
1,1419232823,0.852959,5081994,4
1,2007146507,0.946313,5084562,30
1,828656533,1.031250,5085774,11
1,674729131,1.061581,5086348,2
1,3434623397,0.958616,5089228,35
1,131563247,0.938541,5091286,23
1,3682980461,0.914830,5092770,14
1,539500937,0.946829,5096434,46
1,3996665839,1.094196,5097795,13
1,4153477253,1.020780,5099628,20
1,1768489523,0.928604,5102080,29
1,2172400273,0.936979,5102791,4
1,4038004147,1.007782,5104772,22
1,950746129,0.895409,5108336,45
1,2388746203,0.988706,5110965,31
1,183995873,0.965215,5114554,45
1,2293603513,0.982762,5115415,6
1,1869396493,1.004871,5116006,2
1,4048497617,1.057894,5118625,31
1,1589071741,0.991172,5120839,19
1,793989631,0.957597,5121802,7
1,1977423179,0.938541,5122318,1
1,3374208953,1.068458,5123735,14
1,1017576283,0.970764,5124753,8
1,470885119,1.055121,5125327,2
1,1757042929,1.023646,5127923,31
1,3192354769,0.895954,5129639,18
1,1860112531,0.988706,5131688,23
1,2785248287,0.857526,5132967,12
1,2506387691,0.977281,5134340,13
1,2719308793,1.020302,5135826,15
1,824465683,1.037387,5137858,23
1,2955977159,0.927551,5138643,5
1,1283228761,0.973777,5139217,2
1,252186911,0.910550,5139938,4
1,3212451313,0.970764,5140456,1
1,2858412461,0.914830,5141252,5
1,2995032553,1.093303,5142102,6
1,1356045541,0.870524,5144143,23
1,2679309251,0.981270,5144800,3
1,1553861843,0.955044,5146285,15
1,929616833,0.925443,5147067,5
1,821277841,0.963190,5147853,5
1,1912586519,0.948889,5149211,13
1,4140718633,1.043488,5150012,5
1,2123268137,0.957597,5152891,35
1,3461824363,0.911622,5154738,20
1,328347883,0.862070,5155666,7
1,604532527,1.031250,5156381,4
1,3580933283,0.895954,5158927,30
1,3191452171,0.973777,5160632,18
1,1360818653,1.067086,5161352,4
1,2049732907,0.947859,5162280,7
1,3102917,1.047691,5163176,7
1,3986513827,0.988706,5165387,25
1,3844121383,1.054196,5167501,24
1,760628723,0.919090,5168087,2
1,2532776033,0.997066,5169720,17
1,522793591,0.864897,5170297,2
1,474058339,1.036916,5171214,7
1,2053275739,0.893772,5172144,7
1,2101692127,1.039268,5175553,42
1,813360739,0.945797,5176897,13
1,379573483,0.877229,5185415,115
1,2371479829,0.956066,5187257,20
1,2772232219,1.047691,5189160,21
1,769904249,0.961160,5193016,49
1,3504543851,1.090621,5193803,5
1,3090863077,1.058356,5195026,11
1,3992644307,1.047691,5196328,12
1,2135527453,1.003899,5197049,4
1,2467499393,1.033615,5202056,65
1,3903757469,1.005357,5203752,18
1,2587329623,1.046758,5205099,13
1,2789542079,1.006328,5207785,32
1,4223263159,1.014061,5208523,4
1,2971073333,0.985738,5209393,6
1,191712097,0.980772,5214169,62
1,2857876979,0.885539,5216013,20
1,1359095027,1.004871,5218336,27
1,755988307,0.751301,5220031,18
1,3555966439,0.946313,5221394,9
1,4290289999,0.950945,5222921,13
1,1786628059,0.980274,5224869,21
1,1926744227,0.987223,5225532,3
1,889725757,0.997066,5227085,16
1,87758773,0.946313,5231501,57
1,2087405317,0.942176,5234052,30
1,1774717717,1.125000,5235338,12
1,1232756669,1.002438,5236274,7
1,921259379,0.961160,5237974,18
1,1173070543,0.867715,5240800,34
1,1225266491,1.100870,5241598,5
1,4044698113,0.886090,5243212,17
1,513280403,0.957597,5243858,3
1,3614926327,0.911086,5244731,6
1,977162629,1.033615,5245941,11
1,143853943,0.962175,5246717,5
1,608328451,0.913227,5247355,3
1,2870212327,1.022214,5248710,13
1,949720813,1.002438,5250343,17
1,1385962843,0.995105,5253923,45
1,3248161837,0.957597,5257159,40
1,1988129839,0.927551,5258668,15
1,2526109171,0.999023,5260792,24
1,1994744743,1.004871,5262220,14
1,513439271,0.977281,5262736,1
1,886824973,0.952997,5264285,16
1,849283339,0.852386,5266110,20
1,2907103789,0.984747,5266628,1
1,3049210207,0.942176,5273447,91
1,4155647449,1.050483,5274447,8
1,953392597,0.995105,5275671,11
1,3998952281,0.997556,5277105,14
1,2145452483,0.839689,5279145,23
1,2846661359,0.904092,5280724,16
1,1561155143,0.886090,5282210,15
1,989871287,0.922801,5283359,10
1,2583158233,0.975280,5286337,36
1,4164583057,0.924387,5287765,14
1,3481859431,1.004871,5288908,10
1,4091840659,0.940620,5291857,36
1,4151523841,0.946313,5292789,7
1,184080157,0.983258,5293363,2
1,2129906381,0.928078,5296552,39
1,3843353461,0.960652,5302017,72
1,1424502203,1.004871,5305261,40
1,3431864573,0.952997,5307866,31
1,206324201,0.969254,5308846,8
1,4102180003,1.012616,5312142,41
1,1306766809,0.978779,5312813,3
1,1403423123,1.012616,5314176,13
1,3545674823,1.033615,5315110,7
1,2940323987,0.835609,5315829,4
1,552833663,0.902471,5316903,9
1,246686599,0.973777,5319351,29
1,3917186269,0.928078,5320216,6
1,303073877,0.994614,5320995,5
1,1779022871,1.007782,5326793,71
1,1391828143,0.873324,5327414,2
1,1411230097,0.984747,5333991,88
1,1971812387,1.032197,5335345,13
1,1136930149,1.118907,5336479,10
1,3143183993,1.027455,5337062,2
1,3025025071,0.961160,5337926,6
1,1051970641,0.907865,5339556,17
1,3303779729,1.020302,5340416,6
1,3167633683,1.027455,5341348,7
1,1328828617,0.922801,5342410,9
1,3704836897,0.996576,5348176,75
1,1629076763,0.925971,5349121,7
1,2961659717,0.860369,5352064,36
1,2008961177,0.974780,5353571,15
1,448621519,0.882778,5354084,1
1,3484121989,0.942176,5355021,7
1,427703209,0.931753,5357003,22
1,140618519,1.089725,5357855,6
1,2649046717,0.962683,5360327,29
1,1614356467,0.970764,5364738,57
1,3495284521,1.115411,5366018,12
1,118070357,1.025552,5367280,12
1,152056001,1.012133,5368322,9
1,3263991299,1.020780,5372659,56
1,3982600403,1.078012,5379112,86
1,2869340983,0.907865,5380634,15
1,11044171,0.981270,5381609,8
1,3870665609,1.029829,5386543,64
1,1200455693,0.982762,5389203,32
1,1580082929,0.984251,5391118,21
1,474522383,0.944247,5392452,13
1,3661284139,0.886090,5397590,67
1,1382097169,1.024123,5400382,34
1,2168479069,0.887192,5400886,1
1,1428201191,0.993141,5401676,5
1,1731977839,1.076198,5404654,36
1,146458159,0.953509,5405365,4
1,3854950441,0.970764,5406715,13
1,912329893,0.960652,5408196,15
1,3327360691,0.999023,5409906,18
1,317451809,0.972272,5410625,4
1,865358269,0.994123,5416446,77
1,892067591,0.944764,5417098,3
1,3014097727,1.068458,5418186,9
1,1142531347,0.919621,5420095,21
1,4019398081,1.040677,5425292,68
1,2859297011,0.981270,5426675,10
1,76453339,0.950945,5427463,5
1,4043245631,0.985738,5428467,8
1,493383113,1.047691,5428972,1
1,929898577,1.012133,5430308,13
1,12478591,0.991172,5432748,29
1,3116184191,1.006328,5434032,12
1,1644900011,0.977281,5436590,30
1,1743068539,0.952484,5437247,3
1,1520867233,1.140946,5439164,21
1,103727699,0.885539,5440154,8
1,3190082383,0.920152,5440740,2
1,263063743,1.067086,5443964,40
1,3568847209,1.099538,5446290,27
1,4140464309,0.941657,5446946,3
1,1180139333,0.974780,5448588,17
1,1375467083,1.015985,5449533,7
1,1751511533,0.908403,5451238,18
1,2037850063,1.027455,5455507,53
1,3145744859,0.872205,5460499,65
1,1108742939,0.938541,5468422,107
1,3159707609,0.928078,5469083,3
1,2723579767,0.893772,5470929,20
1,3525521449,0.919621,5472472,16
1,3353010259,1.024123,5474662,25
1,3067563001,0.962175,5475612,7
1,3593063993,0.970261,5477244,17
1,3517691761,0.946313,5480820,45
1,2007308071,0.970261,5482099,12
1,3742625141,0.893772,5488575,86
1,3133771231,0.841432,5489870,12
1,1559996941,0.956066,5490601,4
1,3602543297,1.012133,5491949,13
1,1572628133,1.002438,5492951,8
1,1706310289,1.055121,5497182,54
1,3907210313,0.867715,5499854,32
1,202473203,0.903011,5502459,31
1,1500294547,1.115411,5504156,18
1,134839919,0.997066,5505424,12
1,3307216061,0.935414,5507890,29
1,1053777671,1.000488,5508407,1
1,219978709,0.830333,5512558,53
1,261558487,0.877786,5516128,45
1,777616549,0.928078,5517281,10
1,662731777,0.994614,5519310,23
1,1549129073,0.911086,5520099,5
1,3805129219,1.036916,5522287,25
1,2298572383,0.973777,5523283,8
1,508135759,0.911622,5525666,28
1,656144911,1.042552,5529483,44
1,1217176451,0.978779,5530459,6
1,2908578061,0.910550,5531421,7
1,3993153053,0.982762,5535494,52
1,2720450441,1.006813,5537562,23
1,1330143137,1.050483,5538778,11
1,4097711333,1.012133,5539717,7
1,22923161,0.973777,5540419,4
1,3691007539,0.931753,5541212,5
1,2911027307,0.946829,5543202,22
1,1895867419,0.957597,5545728,30
1,101124809,0.977281,5547191,15
1,2227159801,0.853531,5547704,1
1,2286578233,0.946829,5548347,3
1,625088339,1.020780,5550334,22
1,2892157231,0.940620,5551334,8
1,606365407,0.997556,5554645,41
1,2220850481,0.984747,5555296,3
1,673312711,0.996576,5556223,7
1,3561199471,0.957597,5557380,10
1,1164773147,0.991172,5558863,15
1,2547422123,0.920152,5559527,3
1,2533982161,0.869402,5560389,6
1,3989201159,0.919621,5561047,3
1,3162680947,0.908940,5562262,11
1,2788018537,0.942176,5563118,6
1,2179927909,0.919621,5564394,12
1,4130102563,0.942176,5565331,7
1,2393837053,0.921743,5567463,24
1,1652765273,0.872205,5568800,13
1,501946279,0.910550,5570704,21
1,1944103583,0.870524,5574288,45
1,3176187169,0.902471,5575487,11
1,505606193,0.969758,5578161,32
1,2598394621,0.961160,5578675,1
1,120629141,0.934370,5579661,8
1,2280412831,1.061581,5582563,35
1,1090314083,0.919621,5583984,14
1,435739789,1.004871,5584638,3
1,2191499873,0.895409,5587113,29
1,2343870797,1.020302,5587629,1
1,3003608701,0.960652,5589327,18
1,1670387057,0.990186,5591029,18
1,3715051481,1.057894,5592384,13
1,3713601751,1.032197,5594656,26
1,1842031363,0.973777,5597698,37
1,1461159701,0.946313,5599113,14
1,1213942469,0.940101,5600175,9
1,680904337,0.910550,5601800,17
1,157536653,0.953509,5606858,66
1,1609988711,1.054196,5609966,38
1,2721824177,0.899761,5611038,9
1,355213447,0.950945,5611540,1
1,3303911791,0.992649,5612752,11
1,714163243,1.089725,5613461,4
1,1101247151,1.025552,5615302,20
1,921198121,0.946313,5615879,2
1,1136297599,0.970764,5617227,13
1,3282941521,1.022214,5617744,1
1,3949849583,0.996576,5625288,101
1,509910113,0.932277,5626347,9
1,3446271781,1.033615,5627004,3
1,3469733027,0.875000,5629122,24
1,1683240859,0.970261,5629772,3
1,4245798047,0.942176,5635141,55
1,4244902147,0.919090,5635992,4
1,885513809,1.024123,5636717,4
1,1481715341,0.919621,5638200,15
1,575621707,0.994614,5641295,38
1,989802637,0.928604,5642790,15
1,2826040123,0.960652,5645186,28
1,2610648839,1.037387,5646257,9
1,425376659,1.029829,5647323,9
1,1399280791,0.994123,5649593,26
1,1506638593,0.962175,5650240,3
1,3707301841,0.978779,5652362,24
1,1817257957,1.104854,5653852,15
1,4271974351,0.936979,5654510,3
1,3589487047,0.919090,5660030,72
1,389247713,0.946313,5663664,46
1,3002730749,0.970261,5664532,6
1,757500397,0.946313,5665459,7
1,3340813387,1.000488,5667712,26
1,945684239,1.002438,5671453,47
1,1686508721,1.019344,5673212,19
1,3987688153,0.977281,5673873,3
1,2993829889,1.004871,5675278,14
1,2956779737,0.978779,5678022,33
1,42696509,0.944247,5681612,45
1,3533594107,1.025076,5682828,11
1,3311044999,1.111464,5684528,18
1,2312766293,1.033615,5685452,7
1,3740994293,0.884436,5686746,12
1,663204127,0.955044,5687542,5
1,2988338359,0.920152,5688405,6
1,2050675661,0.993632,5689346,7
1,75665693,0.965215,5690113,5
1,2644657643,1.004871,5690632,1
1,933661921,1.061581,5692252,17
1,3308656867,0.935414,5692831,2
1,3145287643,0.914830,5694128,12
1,2635848989,0.955044,5694930,5
1,3835165129,0.969758,5697116,25
1,2122782533,0.940101,5697931,5
1,3589676449,0.982762,5700897,36
1,1209972419,0.798558,5701893,8
1,194410367,0.950945,5704151,26
1,1763201039,0.904632,5705430,12
1,3971067161,0.860369,5708536,38
1,4257042073,0.928078,5710306,19
1,2778817661,1.077106,5712001,18
1,3368878109,0.993632,5713565,16
1,2747070257,0.904632,5714286,4
1,2793310679,0.965215,5715082,5
1,137383523,0.934370,5717254,25
1,8488201,0.988212,5723664,86
1,4177494089,0.947859,5726561,35
1,4204672559,1.008267,5729468,35
1,1788673141,0.848942,5730559,9
1,1007415319,0.983258,5731900,13
1,2312594993,0.994614,5732893,8
1,1547366831,1.018386,5734112,7
1,163103819,0.938541,5735815,16
1,3423020087,0.862070,5737603,19
1,1939766089,0.978779,5738743,10
1,1661358187,0.977281,5745244,87
1,4293595589,0.922801,5748415,39
1,1118315431,0.932277,5751153,33
1,3037095343,0.947859,5756983,77
1,3462970033,1.046758,5758826,20
1,4293314009,0.946313,5759348,1
1,4007611549,0.969758,5760780,14
1,4181539309,1.097761,5762151,13
1,3941616251,1.098205,5767912,76
1,3404389661,0.925971,5771368,43
1,413510311,0.913227,5772012,3
1,1637600581,1.025552,5773577,16
1,2161891943,0.997066,5774370,5
1,3275362267,1.005357,5775604,11
1,246861781,0.895409,5777856,26
1,2148136231,0.872205,5779478,17
1,1963872359,1.007782,5781320,20
1,251644969,0.985738,5785040,47
1,230332379,1.012616,5785967,7
1,2630673527,0.911622,5786630,3
1,1920921139,1.025552,5788632,22
1,933307241,1.020302,5791304,32
1,3835611973,0.993141,5793277,22
1,3412623667,0.984747,5796923,46
1,1494375523,0.928078,5798207,12
1,2772632711,0.950945,5799481,12
1,595758649,0.978779,5801303,20
1,4273042549,0.927551,5802448,10
1,2387851409,0.880563,5804010,16
1,3547514569,1.061581,5805842,20
1,475868983,1.012616,5807961,24
1,2594987789,0.946313,5809103,10
1,6792631,0.940620,5809810,4
1,467732051,0.996576,5811426,17
1,3053501063,0.932277,5812716,12
1,59250679,0.965215,5817126,57
1,640459249,1.031250,5818261,10
1,3878476397,0.988212,5819961,18
1,3791264189,0.914830,5821033,9
1,2847297119,0.893772,5821838,5
1,3009240263,1.007782,5826284,57
1,2009353897,0.843750,5828707,28
1,539831339,1.006328,5829631,7
1,3732609563,1.016466,5830494,6
1,3142857709,1.055121,5832424,21
1,1602398353,1.035503,5834130,18
1,3239573527,0.982762,5834927,5
1,4229637131,0.935414,5838622,41
1,2313028931,1.040677,5840343,18
1,4206120481,0.965215,5842387,23
1,3720009431,1.020780,5842987,2
1,3727246189,0.932277,5845057,23
1,1891631897,0.904092,5846984,21
1,3909058763,0.952484,5847931,7
1,1832644223,0.952484,5848942,8
1,562801087,0.962175,5850649,18
1,3810588323,1.082983,5854654,51
1,730194167,0.978779,5855443,5
1,1525010299,0.973777,5857159,18
1,2204026501,1.105296,5858155,8
1,2298287059,0.988706,5860509,27
1,3980575531,0.877786,5861664,10
1,1268192171,1.029829,5863582,21
1,4097556433,0.935414,5868152,59
1,820344713,1.005357,5868730,2
1,1989959443,0.940101,5869454,4
1,1621883797,0.839689,5870534,9
1,867045247,1.020302,5872449,21
1,2853068293,1.055121,5873941,15
1,4240052543,0.988706,5874814,6
1,4153318579,1.019344,5875402,2
1,2627954893,1.007782,5876900,15
1,2623578673,0.919090,5877681,5
1,201417401,1.048157,5881093,43
1,460069921,0.984747,5881939,6
1,850637611,0.970261,5882729,5
1,1355248079,0.877786,5886325,45
1,3219978577,0.993141,5888522,25
1,321589321,0.938541,5890060,16
1,1456302091,1.169685,5891967,21
1,2865618013,0.997066,5892486,1
1,1919171039,1.076198,5893497,8
1,863268799,1.078012,5896334,34
1,115460773,0.927551,5900940,60
1,3959210627,0.962683,5904831,49
1,2159497177,0.946313,5906384,16
1,4231980653,0.991172,5909556,39
1,2601566449,0.965215,5912642,38
1,1221552443,1.050483,5915118,29
1,1815780739,1.014061,5916539,14
1,2188098967,0.944764,5917628,9
1,205077839,0.839689,5918627,8
1,3713318723,0.977281,5919214,2
1,1440245509,0.935414,5920010,5
1,1795860179,0.991172,5928005,108
1,879471497,0.944247,5930252,26
1,2758235251,1.000488,5930903,3
1,655154033,1.012133,5931685,5
1,2578025293,1.000488,5935288,45
1,3994258699,0.928078,5937678,28
1,1757771707,1.004871,5938766,6
1,2793178459,0.911086,5944484,73
1,1371622177,1.037387,5949822,70
1,3232077697,0.888841,5950466,3
1,2163394469,0.938541,5951123,3
1,1863404399,0.906789,5952688,16
1,1591368673,0.950945,5955438,33
1,395171207,1.089725,5956861,14
1,2706389779,0.938541,5957992,10
1,3759264449,1.100870,5961727,47
1,3645248441,0.910014,5962374,3
1,4266821957,1.035503,5963868,15
1,2756445781,0.953509,5966666,34
1,1144815401,0.919621,5969639,36
1,2964674809,0.862070,5970430,5
1,2039034721,1.004871,5971084,3
1,3701169313,0.929655,5973564,29
1,291438919,0.920152,5974064,1
1,1412969021,0.910550,5974783,4
1,2140560391,0.793036,5978169,42
1,3528703187,0.910550,5978900,4
1,2198314267,0.997066,5984931,80
1,3164530643,0.938541,5985877,7
1,917591123,0.982762,5987853,22
1,1561934261,0.815499,5989353,15
1,2678815151,0.974780,5991553,25
1,738780121,1.035503,5992195,3
1,3418697837,0.982762,5993818,17
1,2230901593,1.015985,5994330,1
1,2910879817,0.984747,5994897,2
1,1848152303,0.981270,5995755,6
1,3001032787,0.944764,5996396,3
1,2653200097,1.039738,5997810,14
1,3302790433,0.888841,5998602,5
1,3807021109,0.988212,6000155,16
1,4135242679,0.945280,6001884,18
1,970511021,0.902471,6003785,21
1,210678107,1.035503,6005961,25
1,667931447,0.991172,6010242,55
1,3195799973,1.050483,6011031,5
1,193282937,1.013098,6013058,23
1,2056485307,0.893772,6014636,16
1,4072191901,0.973777,6016068,14
1,1972055227,1.050483,6017209,10
1,876748283,0.981270,6018356,10
1,631696397,1.111464,6019698,13
1,3698742659,0.971267,6021887,25
1,3074691523,0.957597,6023714,20
1,608451563,1.100870,6028513,62
1,2296669811,0.811297,6030575,23
1,4086385477,0.886090,6033665,38
1,2958857119,0.988706,6034612,7
1,998236121,0.940101,6035691,9
1,648460313,0.962683,6037733,23
1,2097476663,0.882225,6038601,6
1,3638668651,0.957597,6039115,1
1,4220369921,0.862636,6042682,39
1,2931680749,1.012616,6044847,24
1,177037829,0.914830,6045341,1
1,2178681809,0.948374,6045983,3
1,2740928273,1.004871,6047678,18
1,1667465887,0.898132,6049022,13
1,2995685851,0.931753,6050234,11
1,3968515867,0.970764,6052444,25
1,3455784169,0.955044,6057418,65
1,20461453,0.920152,6058055,3
1,1716222631,1.036916,6061909,49
1,1804495571,1.003899,6062578,3
1,171447389,1.029829,6063998,14
1,3638721113,0.940101,6065274,12
1,620582551,0.967237,6068081,34
1,502178111,0.988212,6074354,83
1,1662694349,0.906789,6075359,8
1,1244993177,1.020302,6076351,8
1,1222199437,0.994614,6077133,5
1,3443311463,0.970261,6077656,1
1,1499764457,1.000488,6079418,19
1,1111925993,1.012133,6083636,54
1,2319689809,0.929655,6088042,57
1,906162931,0.942176,6091133,38
1,3680945419,0.961160,6091931,5
1,3218403619,0.907865,6094098,24
1,3730452503,0.928078,6094760,3
1,1964932153,0.997556,6095480,4
1,494549203,0.922801,6096358,6
1,2601416737,0.944247,6097070,4
1,970195169,1.025552,6100295,40
1,1901939707,0.913227,6105914,74
1,4041547483,1.004871,6107624,18
1,1414126999,0.970764,6108417,5
1,3618897853,0.995105,6109585,10
1,3420413699,0.877786,6111775,25
1,4122125101,0.927551,6118579,91
1,4062068497,1.063419,6119648,9
1,1225863203,0.975280,6122731,38
1,4147693727,1.033615,6124012,12
1,1804307287,1.014061,6128452,57
1,3686492107,1.040677,6131356,35
1,1777796441,1.025552,6133903,30
1,2136102347,0.938541,6135551,17
1,425409779,1.070284,6138719,39
1,2597113223,0.904092,6140416,18
1,3820209199,0.894318,6141076,3
1,3607201183,0.934370,6143255,21
1,4004645807,0.911622,6145636,26
1,3681503681,0.895954,6146376,4
1,479248919,1.012133,6149541,39
1,1721008187,0.952484,6151444,21
1,478153939,1.014543,6156704,69
1,1688488453,0.962175,6157344,3
1,3983796647,0.938541,6159188,20
1,920681551,0.994614,6161438,26
1,3032359523,0.988706,6162438,8
1,1830384307,0.931753,6162953,1
1,178432949,0.942176,6165284,27
1,3356848043,0.907865,6168177,35
1,4148402939,1.002925,6168697,1
1,2275113353,0.888841,6171448,33
1,1871804327,0.997556,6172533,9
1,2441829371,0.860369,6174024,15
1,1937456897,0.950945,6174889,6
1,2370747299,0.964709,6178335,43
1,3677252221,0.955044,6180105,19
1,2292716087,0.997066,6180815,4
1,2771207597,0.970261,6181617,5
1,1606606513,0.877786,6182199,2
1,147913211,1.120651,6183981,19
1,2159722237,0.988706,6185401,14
1,556200913,0.997556,6189130,47
1,480967547,0.965215,6192318,39
1,1752660913,0.965215,6194928,31
1,4095560341,0.957597,6195439,1
1,707804159,0.957597,6195953,1
1,544845043,0.994614,6197298,13
1,3670993973,1.133647,6198509,11
1,4259167817,0.946313,6200149,17
1,2664221699,1.004871,6200734,2
1,2710325273,0.970261,6202981,26
1,1966789241,1.040677,6205240,26
1,1858518239,0.952997,6207014,19
1,526156373,0.903552,6209988,36
1,601994291,0.961160,6211407,14
1,606993503,1.061581,6215008,45
1,3460724447,1.005357,6216014,8
1,3007520993,0.938541,6216865,6
1,3752195119,0.913227,6219697,34
1,2013975107,1.055121,6220829,10
1,4283190713,0.962175,6221422,2
1,3134191087,0.929655,6222304,6
1,2577394679,1.035503,6223177,6
1,756020273,0.988212,6223824,3
1,326263811,0.965215,6230514,90
1,1949296747,0.899761,6231878,13
1,2798802263,1.040677,6233155,12
1,2013835009,0.911086,6234073,7
1,2665562027,0.978779,6235495,14
1,687420907,0.827978,6238465,36
1,1549711949,1.025552,6240795,27
1,1268492663,0.878342,6241528,4
1,3801682853,0.873324,6249911,108
1,1308438169,0.948889,6256950,94
1,2213180159,0.965215,6257614,3
1,2987851567,1.039268,6258204,2
1,1477947239,1.007782,6260474,26
1,457892933,0.859233,6261114,3
1,4064096503,0.876673,6265676,59
1,1107328289,0.907865,6266524,6
1,1176686039,0.940101,6268219,18
1,1726588439,0.978779,6272028,48
1,1839440821,0.895409,6273105,9
1,1986380489,0.957597,6275991,35
1,325807343,0.854103,6279028,37
1,546029489,1.039738,6280649,17
1,3699438443,1.044891,6282842,25
1,940458373,1.005357,6285716,35
1,1847739697,0.919621,6289861,53
1,3224739509,1.015985,6290928,9
1,1350007067,1.050483,6292765,20
1,1801739773,0.977281,6296572,48
1,807942823,0.815499,6297493,7
1,825829541,0.932277,6299331,20
1,3725275597,1.027455,6300190,6
1,3972732233,1.036916,6300767,2
1,3082837931,1.136229,6302127,13
1,586071977,1.027455,6302784,3
1,250368103,0.935414,6303639,6
1,3727305721,0.833854,6304717,9
1,1918369823,0.965215,6309647,64
1,3430811639,0.962683,6312887,40
1,523012247,0.911086,6313670,5
1,1330725061,0.855246,6316705,37
1,2868849481,1.033615,6319607,35
1,1241980589,0.942176,6322134,30
1,2501878139,0.982762,6324048,21
1,2447802611,0.977281,6325679,17
1,1095764947,1.012133,6326182,1
1,4119199813,0.982762,6327458,12
1,687246503,1.007782,6328871,14
1,742805267,1.005842,6329521,3
1,3815684501,0.962175,6330037,1
1,3262105043,0.956066,6332089,23
1,3485064703,0.920152,6334593,29
1,639259403,0.918559,6337044,29
1,2941390757,0.969254,6341682,60
1,2389406339,0.889939,6342333,3
1,93493201,1.073928,6343108,5
1,937206763,0.913227,6343788,3
1,456945641,0.970261,6344856,9
1,1001124833,1.002438,6347183,27
1,2418988723,0.914830,6350612,37
1,2027379427,0.974780,6351503,6
1,1424069839,0.922801,6355090,45
1,3178409293,0.895954,6357368,26
1,3248843911,0.970261,6361365,51
1,1098283477,0.911622,6363350,22
1,1239875509,0.970764,6364287,7
1,3606095299,0.886090,6365574,12
1,2416738067,0.982762,6368199,31
1,1316847241,0.950945,6368792,2
1,133111633,0.931753,6369991,11
1,3209842411,0.928078,6373936,50
1,2234054839,0.981270,6374594,3
1,551727613,0.919621,6375598,8
1,825971717,1.005357,6376666,9
1,3371257093,0.886090,6382827,82
1,4004783221,1.093303,6384390,16
1,428045041,0.946829,6385810,14
1,3828155231,0.853531,6387440,17
1,346013023,0.922801,6389278,20
1,2279648989,0.907327,6391898,31
1,2311356623,0.950945,6392474,2
1,1289420179,0.895409,6393562,9
1,3610753021,0.977281,6394854,12
1,3241848893,0.877786,6395503,3
1,105466337,0.878342,6396070,2
1,104150707,1.093303,6397573,15
1,1389095753,1.000488,6398857,12
1,3200453029,1.031250,6399582,4
1,2705603557,1.018386,6401557,22
1,4240547777,0.889391,6404300,33
1,3446065939,1.020780,6405790,15
1,3780109439,0.990186,6406935,10
1,2609933587,1.006328,6408140,11
1,741907577,1.007782,6409077,7
1,1752864913,1.047691,6411623,30
1,4152998293,0.931753,6412487,6
1,3210073421,0.981270,6413360,6
1,1145135039,0.962683,6415687,27
1,1008909133,1.029829,6417725,23
1,3341683913,0.984747,6423671,79
1,10715857,0.988706,6427989,56
1,814963367,0.952484,6429338,13
1,3908932609,0.889391,6431027,18
1,20365819,0.955044,6433898,35
1,2320450009,0.936979,6435523,17
1,2355665531,1.055121,6436940,14
1,1542980281,0.994614,6437664,4
1,1086399511,0.997066,6438927,12
1,4278700973,0.988706,6439872,7
1,939627973,0.935414,6440371,1
1,2023990249,0.888292,6441368,8
1,2040060017,0.958616,6443202,20
1,3717467659,0.904632,6444205,8
1,3008843899,0.965215,6445701,15
1,3017129783,0.934370,6446579,6
1,2843731531,1.078012,6447306,4
1,3591493289,0.871645,6448652,13
1,1286348653,0.977281,6450750,20
1,1723089073,0.885539,6451403,3
1,4229570857,0.962683,6459412,106
1,1008371071,0.935414,6460156,4
1,194504171,0.929655,6461013,6
1,3032492693,1.020302,6463065,23
1,903131063,1.020302,6463863,5
1,2376950887,0.940620,6464794,7
1,3201975941,0.891584,6466351,16
1,4023070577,0.984251,6467422,9
1,702316777,0.942176,6474873,100
1,2990951713,1.039738,6475871,8
1,668216917,1.003899,6476594,4
1,2194260037,0.977281,6477651,9
1,2523658559,1.005357,6480190,30
1,142371569,0.908940,6480758,2
1,1815591269,1.007782,6481557,5
1,3951679601,1.062959,6482690,10
1,3822408041,1.069828,6485366,32
1,3296214767,1.061581,6486654,12
1,3943699477,1.004871,6487642,8
1,423397451,1.034559,6490673,37
1,1709087077,0.919090,6493769,38
1,2340968137,0.914830,6498117,56
1,1426661407,1.025552,6499176,9
1,3542880247,1.086584,6499762,2
1,370805719,1.012616,6501313,16
1,733694263,1.064795,6505312,51
1,3289734997,0.946313,6507646,27
1,4035441481,0.941657,6508649,8
1,4035413891,0.927551,6509862,11
1,791382881,0.961160,6511478,17
1,1222119979,0.977281,6513730,26
1,1510833613,0.946313,6516572,34
1,3677755583,0.997556,6518764,25
1,2386470517,0.944247,6519487,4
1,849657661,0.901929,6520983,15
1,2874551689,1.004871,6521491,1
1,368894653,1.013098,6523957,29
1,1234255339,0.988706,6524968,8
1,175905493,0.868840,6527070,24
1,1743814643,1.038328,6528080,8
1,1149440987,1.039738,6532415,56
1,1473965371,0.906789,6534406,22
1,3161692711,1.070284,6536180,19
1,509555923,0.911086,6539348,39
1,2172072709,0.991172,6541045,18
1,3400259903,0.885539,6541772,4
1,521756479,0.938541,6542914,10
1,472644533,0.952484,6544401,15
1,614856817,0.899761,6546999,31
1,285881147,0.938541,6547778,5
1,3614080633,0.952997,6548931,10
1,1698752191,0.984251,6550145,11
1,2817018241,0.919090,6550727,2
1,766151437,1.055121,6552005,12
1,2825861911,0.925971,6555034,31
1,1382608387,1.124132,6555582,1
1,3317874389,1.015985,6556306,4
1,170142383,0.877229,6557302,8
1,720383453,0.988706,6563828,87
1,4281582937,1.132786,6567505,46
1,1616529661,0.932277,6570186,32
1,3836955587,0.944764,6571394,11
1,1334202593,1.027455,6574063,32
1,1514808709,0.965215,6577500,43
1,2831223517,0.988212,6578222,4
1,3698318753,0.871645,6579305,9
1,1304000557,0.996576,6580653,13
1,2441744941,0.914830,6584215,45
1,1611588617,0.987223,6586920,32
1,1955801951,1.012616,6588206,12
1,1163305487,0.956066,6591223,37
1,2550631211,0.839689,6592295,9
1,71680079,0.947859,6594394,24
1,753575833,0.848942,6596395,22
1,3506828189,0.946313,6598254,20
1,1163627471,1.127168,6599744,15
1,3490715069,1.035503,6601429,18
1,2987742167,0.963190,6602582,10
1,488416787,0.837360,6603154,2
1,561650669,1.055121,6604154,8
1,361637677,0.897588,6605849,18
1,3572046301,0.938541,6608673,34
1,1321857013,1.007782,6611359,32
1,1414365593,0.946829,6617100,76
1,3934637803,0.962175,6619216,24
1,3933065509,1.033615,6622457,40
1,757430621,0.946313,6625280,34
1,760439789,1.024123,6626280,8
1,2673683767,1.090621,6627493,11
1,1446369817,1.024123,6634171,88
1,3701996281,0.904092,6636740,30
1,2582892269,0.995105,6637330,2
1,4129023713,0.855246,6639792,29
1,2284376233,0.888841,6641274,15
1,287478397,0.908940,6642400,10
1,2515227817,0.978779,6644795,28
1,315090229,0.987223,6645300,1
1,995707381,1.050483,6648945,46
1,870592537,0.868840,6649523,2
1,4270325977,0.977281,6651418,21
1,3889486609,1.047691,6652212,5
1,739237787,0.886090,6655559,38
1,3221788793,0.963190,6656134,2
1,1375526849,0.978779,6657491,13
1,3629262089,1.055121,6658863,3
1,4159711433,0.903552,6659880,6
1,903950497,1.018386,6660952,9
1,3319038409,0.928078,6661457,1
1,3917853193,1.155828,6666075,60
1,3394976153,0.993632,6667636,16
1,145422661,1.083884,6669459,20
1,2587350497,1.068458,6670319,6
1,181545109,0.984747,6671858,16
1,1574801461,1.025076,6673566,18
1,2682924833,0.920152,6677292,47
1,2241873967,0.963190,6680945,46
1,1755224951,1.007782,6681949,8
1,70201,0.913227,6685439,45
1,3899162599,0.970261,6687010,16
1,1816161103,1.066628,6688353,13
1,2260263983,1.022214,6689005,3
1,2837680621,0.934370,6690976,22
1,1180008751,0.988706,6697630,89
1,180733417,0.949404,6698826,11
1,4217689453,1.012133,6701160,27
1,1930328909,0.998534,6701958,5
1,2005096439,1.022214,6703175,11
1,3753250393,0.839689,6704036,6
1,290406803,1.027455,6706487,29
1,1036583753,0.919621,6709153,32
1,3973163849,0.919621,6712257,38
1,2720596679,1.004871,6714644,28
1,3870585097,0.948374,6715360,4
1,1657887773,1.055121,6716780,14
1,2668199987,0.946313,6719172,28
1,1044105521,1.040677,6720097,7
1,1380564677,0.913227,6720747,3
1,771811181,1.018386,6721322,2
1,3176702171,1.104412,6724564,40
1,1251183001,0.904092,6726388,20
1,3449073673,0.981270,6727734,13
1,1620042539,0.956066,6731481,47
1,2648036999,0.970261,6732561,9
1,702238751,0.996576,6733070,1
1,3312099631,1.061581,6733790,4
1,3521333293,0.882778,6736182,28
1,484260743,0.818488,6737876,18
1,3540583621,1.066628,6738593,4
1,1379398589,0.867152,6740863,26
1,3372973973,0.919621,6742160,12
1,3547613939,1.116723,6743721,16
1,2863755491,0.846639,6745718,22
1,1691640733,0.956066,6747067,13
1,1242955601,1.027455,6747648,2
1,469915129,0.895409,6748150,1
1,3700325653,0.964709,6751206,37
1,1396552369,0.962175,6751792,2
1,2471975081,0.973777,6753561,19
1,4229221831,1.025076,6756440,35
1,1541143621,0.970261,6759308,28
1,370006001,0.957597,6760969,17
1,3621244153,1.007782,6764638,46
1,4259373467,1.061581,6765364,4
1,1320449671,1.036916,6768390,37
1,40568897,0.934370,6768881,1
1,3745907603,0.983258,6772532,46
1,3527583481,0.897588,6775627,38
1,312675347,1.005357,6776263,3
1,3070689499,0.940101,6784107,106
1,2126257247,0.877229,6788193,52
1,1870285877,1.118471,6790238,23
1,2458332229,0.936979,6794364,53
1,358558393,0.962175,6795994,17
1,4054416337,0.954533,6797704,18
1,2189932643,0.904092,6799611,21
1,1077731393,0.981270,6802563,36
1,2625494519,1.061581,6803784,11
1,1073303849,1.012133,6806253,29
1,1365563317,0.876115,6806766,1
1,255658187,1.020780,6807478,4
1,499109939,0.824432,6811676,54
1,851086381,0.878342,6815338,46
1,1438054027,0.885539,6818523,39
1,2002033493,1.039738,6820778,26
1,1430895979,1.004871,6821362,2
1,2620914913,0.975280,6823419,23
1,2360856557,0.907327,6824295,6
1,3136484249,0.928078,6825371,9
1,1286824589,0.988706,6827141,19
1,3840166333,0.956066,6830533,42
1,3719100059,0.846639,6832529,22
1,3055033193,1.012133,6833528,8
1,1903353941,1.033615,6834454,7
1,3873762017,1.040677,6835533,9
1,2606347873,0.944764,6836671,10
1,2022163303,1.008751,6838054,13
1,1840695823,0.904092,6839428,13
1,2966481163,0.962175,6841557,24
1,2383048937,0.991172,6842201,3
1,784558399,1.020780,6845764,43
1,3803455057,1.004871,6850824,65
1,490027507,0.970261,6851417,2
1,1362559739,1.013098,6854444,37
1,3976178597,0.922801,6857344,35
1,474001639,0.970261,6858415,9
1,1818432197,1.034559,6860377,18
1,268540777,0.974279,6861727,11
1,1266910661,1.042083,6863521,19
1,3389171741,0.981270,6864512,8
1,934955353,0.997066,6865936,14
1,1109010689,0.928078,6867477,16
1,644734889,0.975280,6867989,1
1,704169989,0.878342,6871783,48
1,128282383,0.904632,6872573,5
1,181789579,1.012616,6873922,13
1,531079943,0.950945,6875627,18
1,3627163697,1.149898,6878719,38
1,2769572549,1.018386,6883219,58
1,939544279,0.942176,6884494,12
1,2126902003,0.931753,6885654,10
1,1171350163,0.910550,6886371,4
1,4004978347,0.997066,6888991,31
1,4172340589,1.097761,6890417,14
1,3932303597,0.910550,6892187,19
1,1765015277,0.929655,6893965,19
1,3234637603,0.895409,6895306,13
1,410228293,0.891584,6896581,12
1,2994194713,0.914830,6898010,14
1,244570103,1.003899,6900124,24
1,841846883,1.042552,6901460,13
1,669374939,0.950432,6903586,24
1,1082453027,0.952484,6907425,49
1,1846201801,1.090621,6910043,31
1,722948363,1.033615,6910555,1
1,405926771,0.942176,6911201,3
1,1871015827,0.929655,6914510,41
1,4211509609,0.913227,6915166,3
1,824473477,1.039268,6916226,9
1,3259441183,1.017906,6917850,17
1,1230326221,0.921743,6918713,6
1,2294169769,1.020302,6919641,7
1,3566757137,0.965215,6920355,4
1,1409589239,0.934370,6922484,24
1,3219145577,0.970261,6928106,74
1,1617582179,0.920152,6929794,18
1,412756109,0.869402,6930578,5
1,4109330509,0.997066,6934525,50
1,1718867483,0.991172,6935806,12
1,840956261,0.952484,6937856,23
1,1624817239,0.922801,6939486,17
1,2722193207,0.996576,6940698,11
1,3493522139,0.981270,6942465,19
1,2677993013,1.064337,6944813,27
1,3912856601,0.955044,6946309,15
1,2154671353,0.902471,6947601,12
1,2505916349,0.970764,6948816,11
1,680090393,0.932277,6949805,8
1,353319229,0.946313,6950869,9
1,334663559,1.020302,6952211,13
1,2368897033,0.993141,6957400,68
1,50778421,0.993141,6959151,19
1,2077603499,0.965215,6962397,36
1,4024462367,0.969758,6965567,37
1,127125617,1.006328,6966232,3
1,617978519,1.020780,6968772,30
1,3327456859,0.945280,6971112,27
1,2262145513,0.975280,6971632,1
1,3907710721,0.913227,6973344,18
1,705537059,0.940101,6975729,28
1,1823296231,0.829745,6979603,49
1,532509949,1.020780,6980122,1
1,4098761449,0.960652,6982169,23
1,3437631739,0.953509,6982752,2
1,1638173671,0.962683,6985373,31
1,810576863,1.025076,6992367,94
1,168714853,0.962683,6992932,2
1,1318367693,0.932277,6994639,18
1,3461961697,0.969254,6997681,37
1,3529627799,1.099094,6998625,7
1,298177751,0.914830,7001094,29
1,2588383387,0.920152,7005048,50
1,555793081,0.928078,7005756,4
1,2039481677,0.960652,7007442,18
1,1233602497,1.067086,7009127,18
1,3766320323,1.015985,7010274,10
1,159768527,0.936979,7011555,12
1,1526214799,0.859233,7012976,14
1,2403941513,0.885539,7015506,30
1,2100249787,0.984747,7018821,41
1,559263559,1.019344,7020860,23
1,3707953201,0.977281,7025552,61
1,1146511283,0.922801,7026483,7
1,2680790293,0.919621,7032018,73
1,2101955551,0.895409,7033302,12
1,1458817807,0.963190,7033959,3
1,115073369,1.034559,7035233,12
1,4149069893,1.039268,7036092,6
1,438314203,1.073928,7038471,28
1,3445883227,1.039738,7040091,17
1,3521837507,0.955044,7041864,19
1,4212465359,0.983258,7042868,8
1,3970787671,0.929655,7043941,9
1,3759963131,0.880563,7046483,30
1,2801261131,0.944764,7047071,2
1,2874347951,0.965215,7051426,56
1,1644960271,0.893772,7052990,16
1,2171356267,0.928078,7055450,29
1,372722303,0.886090,7055959,1
1,2152513019,1.029829,7059471,44
1,1791307997,0.965215,7060400,7
1,2048494117,0.946313,7061052,3
1,1194791711,0.940101,7062890,20
1,3606612689,0.888841,7065079,21
1,3735081461,1.097761,7067178,22
1,3440955281,1.133647,7069051,20
1,3898276321,0.965215,7069701,3
1,884736623,1.004871,7070972,12
1,1692080821,1.097316,7073593,31
1,3459197311,0.948374,7074605,8
1,3540997169,1.005357,7077198,31
1,213264361,0.957597,7080785,45
1,768056647,0.882225,7082287,15
1,430630073,1.025552,7082931,3
1,2189616739,0.957597,7084084,10
1,1051769701,1.024123,7084734,3
1,2280368257,0.910550,7087148,28
1,3914970853,0.938541,7089070,21
1,2290881871,0.960652,7090758,18
1,2926457713,0.827978,7092581,19
1,421124579,0.820275,7093876,12
1,3558755021,0.962683,7094733,6
1,415874203,1.061120,7096567,20
1,3252784999,1.027455,7098472,21
1,2785267123,0.962175,7102831,56
1,1000359209,0.878342,7103681,6
1,805537849,1.027455,7105714,23
1,1754768263,0.886090,7106579,6
1,756072887,0.923330,7108763,25
1,2867358413,0.948889,7112239,43
1,3532393211,0.988706,7113654,14
1,1629231511,0.969254,7115414,19
1,1669789841,0.991172,7116345,7
1,3821848111,1.015985,7119444,38
1,545511517,0.935414,7120225,5
1,4103792167,0.899761,7120962,4
1,576601093,1.027930,7122507,16
1,1892185553,1.044423,7124922,28
1,2129398493,0.928078,7129013,52
1,2103288169,1.020302,7131346,27
1,1678513931,1.007782,7132198,6
1,2473731937,0.934370,7134800,30
1,173171701,1.039268,7135869,9
1,3299932873,0.950945,7137013,10
1,1924127213,0.935414,7138099,9
1,1184217547,0.904092,7139600,15
1,3165546667,0.914830,7140116,1
1,205735511,0.938541,7142984,35
1,3963362873,0.942176,7145039,23
1,1964676661,0.936979,7148204,39
1,2303451967,0.752600,7149283,9
1,3319335259,0.978779,7151185,21
1,1545876677,0.928078,7153642,29
1,611687051,0.983258,7156243,31
1,605312467,0.988706,7158632,28
1,4221009031,0.866589,7161388,33
1,609095411,0.994123,7162457,9
1,3279547361,1.061581,7163815,13
1,793476487,0.946313,7166355,30
1,1016990413,1.033142,7167208,2
1,317702927,0.997066,7170398,37
1,3938574383,0.952484,7171293,6
1,914104369,0.925971,7171863,2
1,2471211527,1.062040,7173278,14
1,672858073,0.920152,7174639,13
1,2986076293,1.024123,7176630,22
1,3664413251,0.882778,7178876,26
1,2685775979,0.893772,7179381,1
1,1445685251,0.938541,7183182,48
1,3563950573,1.000488,7186360,39
1,720968999,0.953509,7188339,22
1,912341887,0.957597,7190037,18
1,366252847,0.947859,7191031,8
1,1571224483,0.997066,7193509,29
1,1321746607,1.044423,7194023,1
1,728561329,1.000488,7195800,19
1,1315431889,0.997066,7196947,10
1,1234539781,0.977281,7198710,19
1,960562051,1.094196,7199632,7
1,3317381807,0.969758,7201220,16
1,2056946951,1.012616,7202013,5
1,1040273291,0.934370,7203423,14
1,4122809459,1.034559,7204086,3
1,3457796999,0.988706,7207465,42
1,3864220487,1.046758,7208611,10
1,1764973579,0.922801,7209190,2
1,2037019087,1.032197,7209986,5
1,3454456153,0.878342,7211687,18
1,2242884337,0.928078,7213597,21
1,907779767,0.954533,7214458,6
1,2264546941,0.993141,7215393,7
1,4033507031,0.982762,7217312,21
1,51378559,0.778746,7218512,11
1,1085639263,1.106621,7220370,20
1,2597306227,1.025552,7221311,7
1,1468483327,1.012616,7227543,83
1,2745900959,0.952484,7228895,13
1,571688881,0.853531,7229611,4
1,4015506581,0.832682,7232578,36
1,2817848729,0.911622,7233656,9
1,886833163,0.957597,7236331,32
1,1071405103,0.932277,7237403,9
1,32948077,1.012133,7242947,73
1,1239057371,0.969254,7244225,12
1,1280648069,1.003899,7246271,23
1,2510438677,1.012133,7246843,2
1,2310298799,0.942176,7248260,14
1,3048243941,0.982762,7252289,51
1,3102907681,1.068458,7254411,24
1,1162058063,1.058356,7257250,34
1,3782160997,0.962175,7257762,1
1,1808246221,0.942176,7265258,101
1,605176241,0.899761,7265891,3
1,2028054901,0.965215,7268074,25
1,1878615191,1.014543,7268733,3
1,2685527017,1.054659,7270353,13
1,384062099,0.952484,7272460,22
1,2868283399,1.043488,7273345,6
1,3848078789,0.940101,7276315,36
1,4057469803,1.029829,7277530,11
1,1714441129,1.025552,7281317,48
1,3664181321,1.055584,7284220,35
1,707956727,0.990186,7285865,17
1,1674809399,0.927551,7286933,9
1,1306827101,1.007782,7290859,50
1,2505158813,0.928078,7291508,3
1,1511052547,0.919621,7292992,15
1,2433519883,0.919090,7295680,32
1,97456603,0.941657,7296607,7
1,181978141,0.931753,7297603,8
1,4178051719,0.965215,7299149,16
1,3639447667,1.058356,7304354,68
1,3486523913,1.000488,7305561,11
1,2304897209,0.934370,7307399,20
1,2990366179,0.984747,7310505,38
1,3578945411,0.862070,7311025,1
1,1365007883,0.921213,7313214,25
1,1325520943,0.993141,7314712,15
1,3928707529,1.002438,7315577,6
1,2237246633,1.002438,7318384,34
1,379239101,0.980772,7319451,9
1,4017783013,0.880563,7319967,1
1,693940861,0.885539,7320553,2
1,2733451783,1.020780,7322599,23
1,3641621213,0.997066,7323620,8
1,2030747833,1.039268,7324818,11
1,553922879,1.090621,7328898,52
1,2380747009,0.980772,7333128,54
1,887912369,1.176761,7334690,16
1,1720051847,0.928078,7335339,3
1,1628721547,0.880563,7339128,48
1,227367073,0.880563,7340541,14
1,4109629543,0.993141,7342716,24
1,2055230081,0.981270,7343305,2
1,1739841529,0.981270,7347082,47
1,468879253,0.919621,7354298,97
1,3708535163,1.103970,7355378,9
1,657148133,0.902471,7359593,54
1,2344827929,0.946313,7362330,33
1,1846861721,0.877786,7362914,2
1,3839008259,0.928078,7364133,11
1,2501116997,0.982762,7367984,49
1,1816051603,1.043488,7368650,3
1,2717322227,1.091516,7369862,11
1,2889499643,0.928078,7370725,6
1,331497401,0.942176,7371995,8
1,45877369,1.061581,7373940,20
1,4140420743,0.813101,7375879,21
1,3428880713,0.942176,7376868,8
1,1656673043,1.083884,7377799,7
1,1491249731,0.829745,7379635,20
1,1342086253,0.877786,7382386,33
1,1241802521,0.969758,7383097,4
1,2670711443,0.922801,7384449,13
1,4124805371,1.136229,7386442,22
1,2091047009,1.007782,7387522,9
1,1575438451,0.843750,7389024,15
1,2508332483,0.997066,7392339,41
1,970226611,0.910550,7393480,10
1,2673990119,0.857526,7397339,49
1,1920964819,0.922801,7399802,29
1,1020937651,1.057894,7401009,11
1,1677141773,1.057894,7403484,29
1,1652590879,0.936979,7404829,13
1,1391773001,1.055584,7406402,16
1,924440609,0.950945,7409637,40
1,4015526219,1.090621,7411408,19
1,727638283,0.929655,7412201,5
1,3637888519,0.934370,7415501,41
1,1195946347,0.978779,7417343,20
1,4014415351,0.964709,7418496,10
1,3182835413,0.991172,7420566,23
1,1963283171,0.952997,7424101,44
1,2529933583,0.987223,7426981,35
1,2624133749,0.970764,7427770,5
1,268012237,0.995105,7430588,34
1,1565680793,0.931753,7431449,6
1,2337539957,0.935414,7432932,15
1,4058850571,0.984747,7433521,2
1,4292656759,0.982762,7442758,126
1,3612744277,1.032197,7443687,7
1,516963637,0.957597,7448950,69
1,3467974129,1.027455,7451204,26
1,2050664713,0.902471,7451856,3
1,1674948019,0.944764,7453003,10
1,613342703,0.982762,7454282,12
1,3032988149,1.046758,7455287,8
1,2462973727,0.914830,7455810,1
1,1493000519,0.893772,7461633,77
1,2963156897,0.974780,7462280,3
1,3848339587,0.956066,7463266,8
1,1626184279,0.991172,7463779,1
1,2784476843,0.899761,7466619,34
1,113267929,0.920152,7471656,66
1,1675967191,1.047691,7472868,11
1,3579079613,1.106621,7475103,22
1,1185289481,0.994614,7479530,55
1,1483505929,1.039268,7481101,16
1,3486286159,0.961160,7482378,12
1,2153282603,1.050483,7483092,4
1,922222517,1.073928,7484668,16
1,3733363741,1.053732,7486084,14
1,3147260299,1.029829,7489120,37
1,2902693907,0.954533,7490321,11
1,1775994439,0.963190,7492154,20
1,2920886063,1.008751,7493365,11
1,2283949117,0.942176,7494284,7
1,1999330633,1.073018,7495926,17
1,579916823,0.784369,7497128,11
1,1855924129,0.941139,7498358,11
1,1051457941,0.872205,7500265,21
1,3282418369,0.920682,7501547,12
1,2589284699,0.891584,7502337,5
1,3488687329,0.960652,7503055,4
1,3799852127,0.935414,7504699,17
1,1359660821,0.989199,7506615,21
1,452159963,0.944247,7507897,12
1,2433604937,1.082983,7509170,12
1,1220675609,0.946313,7511340,25
1,3770627789,0.952484,7515410,52
1,874147969,1.082983,7515912,1
1,828082097,1.002438,7516767,6
1,1429876451,1.013098,7519945,39
1,2616926029,0.999023,7520540,2
1,1111406899,1.047691,7523277,33
1,126983089,0.955044,7524396,10
1,4085422603,0.990186,7525191,5
1,3002869781,1.027455,7528923,47
1,3687840203,0.911622,7531548,31
1,401630431,0.893772,7533103,16
1,810111719,0.921743,7534588,15
1,1554540473,0.950945,7535168,2
1,1481802643,0.977281,7536645,15
1,3295129933,0.895409,7537372,4
1,310553417,0.974780,7538009,3
1,1820577373,0.978779,7540063,23
1,3935736059,0.946829,7541488,14
1,3299499809,1.082983,7542417,7
1,511815001,0.950945,7543483,9
1,41238221,1.035503,7547960,58
1,858909119,0.964709,7551687,47
1,184772513,0.956066,7552182,1
1,492983593,0.919621,7553948,19
1,3402683209,1.013098,7558018,52
1,279677029,0.850666,7558865,6
1,3935708081,1.012133,7560977,24
1,1631214647,1.012133,7562044,9
1,1245095899,0.931753,7563882,20
1,2716855957,1.054659,7570283,85
1,1553405797,0.970764,7571213,7
1,1300104401,0.853531,7571934,4
1,1726431253,0.944764,7575404,43
1,1662912131,1.020302,7575916,1
1,3430990333,0.919090,7577293,10
1,879443791,0.895409,7580151,33
1,3161745781,1.025552,7581969,19
1,3379535017,0.948889,7582901,7
1,661554139,0.931753,7585506,31
1,879458311,1.002925,7586521,8
1,2207713877,0.936979,7587380,6
1,62500201,0.962683,7588437,9
1,2490455777,0.982762,7592728,54
1,3409863739,0.911622,7595140,28
1,3957667423,1.047691,7600565,71
1,2702115359,0.965215,7601138,2
1,3874567979,1.055584,7607665,87
1,174748709,0.985738,7608510,6
1,1221149053,0.872205,7610570,23
1,514451627,0.893772,7612828,26
1,3492747169,0.928078,7615656,34
1,1917565087,0.997556,7617840,25
1,3790117337,0.862070,7619881,23
1,3495474659,1.054659,7622150,26
1,2941940669,0.977281,7623510,13
1,3727385803,1.132786,7625354,20
1,2867514569,0.957597,7626083,4
1,37803079,0.964709,7626779,4
1,3241009223,0.973777,7628554,19
1,184101977,1.005842,7629402,6
1,2981906881,0.897588,7631243,20
1,3613854973,0.928078,7633362,22
1,188460619,0.928078,7635567,25
1,4206740807,0.919621,7637420,20
1,3802015033,0.944247,7638153,4
1,1744866719,0.897044,7640413,26
1,2401902487,1.072563,7641281,6
1,811420891,0.934370,7641789,1
1,1257308383,0.991172,7642507,4
1,133818299,0.957597,7644487,22
1,1596626623,0.957597,7651231,90
1,4020522353,0.903011,7651812,2
1,2466054113,0.911086,7653099,12
1,1604261761,0.994614,7653620,1
1,3885081779,1.111464,7656024,28
1,1916050361,0.942176,7656813,5
1,28252661,0.965215,7659748,36
1,447800201,0.897588,7660875,10
1,4074235783,0.957597,7663145,26
1,3535477031,0.929655,7664716,16
1,2008130777,1.003899,7669354,60
1,1993809911,0.927551,7670228,6
1,3671791099,0.897588,7674452,54
1,2608922747,1.009718,7679474,62
1,2687919803,0.914830,7680132,3
1,589865509,0.911622,7680915,5
1,658212431,1.012616,7683458,20
1,2141006003,0.985738,7688445,63
1,2878816973,0.973777,7692870,57
1,3392054201,1.025552,7694925,23
1,2114043467,0.998534,7696693,19
1,4004205773,0.877786,7697978,12
1,3980150887,1.021258,7698491,1
1,1715649643,0.921743,7699844,13
1,3855466369,0.931753,7700775,7
1,1769660839,1.007782,7703596,34
1,3705070021,0.877229,7704250,3
1,644136179,1.035503,7705039,5
1,1282705187,0.857526,7707213,25
1,2956817137,0.987223,7713165,79
1,4277110457,0.868840,7718425,69
1,665811121,1.044423,7722292,49
1,3525509651,0.970764,7722868,2
1,2154910921,0.988706,7725957,38
1,3068254199,1.010685,7726627,3
1,414092933,1.061581,7727894,12
1,2940938213,0.993141,7729663,19
1,1244789081,1.007782,7731703,23
1,654347563,1.055584,7733248,16
1,1249106323,0.934370,7735021,19
1,520256707,0.963190,7736226,11
1,3551587873,0.899761,7737924,18
1,1949606513,0.927551,7738643,4
1,2796399719,0.911622,7741559,35
1,6484267,0.970764,7742180,3
1,4033657561,0.962175,7743041,6
1,981976091,0.965215,7745435,28
1,2671744073,1.013098,7746587,10
1,393104333,1.073928,7747097,1
1,3311745739,1.063419,7747819,4
1,174468971,1.040677,7748672,6
1,1960212437,0.907865,7750316,17
1,3607283789,1.012616,7751032,4
1,2748465407,0.995105,7751823,5
1,97828657,1.019344,7752673,6
1,2283970153,0.956066,7754855,25
1,3754618243,0.984747,7755589,4
1,408931153,0.970261,7757068,15
1,1809267367,0.860369,7758987,21
1,3382518421,1.027455,7761043,23
1,1586264573,1.004871,7762896,20
1,2581916621,0.962175,7763898,8
1,2814344219,0.970261,7764767,6
1,2378549959,0.962175,7767655,35
1,2100760373,0.982762,7770953,41
1,167666441,0.891584,7772012,9
1,2974576837,1.004385,7775808,48
1,3658943611,0.944247,7776390,2
1,414823481,1.058356,7777942,16
1,2307891473,0.955044,7779778,20
1,2382662017,0.944247,7780698,7
1,420597461,0.885539,7783220,23
1,3540601153,0.921743,7785013,19
1,1672561193,1.039738,7785665,3
1,2845200191,0.904092,7787733,23
1,420432871,0.995105,7788242,1
1,1968166411,0.862070,7789245,8
1,836139013,1.012133,7790653,14
1,2533635743,0.978779,7796051,71
1,1541220601,1.058356,7796707,3
1,2136095609,0.961160,7800792,52
1,588759287,1.073928,7804595,48
1,4289075327,0.946313,7806444,20
1,3388180753,1.022214,7811631,68
1,3014001979,0.973777,7813051,14
1,2728193393,1.033615,7814394,13
1,1168630669,1.029829,7814915,1
1,3526690117,0.789333,7815566,3
1,821897189,1.018386,7816981,14
1,1689017599,0.977281,7817777,5
1,1743526349,1.029829,7820685,35
1,302600813,1.039268,7821616,7
1,3246287711,0.978779,7822412,5
1,3934852829,0.978779,7824609,25
1,1976413861,0.868840,7825751,10
1,1890591161,0.938541,7830709,65
1,2149462817,0.907327,7833097,28
1,488412493,1.111464,7835130,23
1,2090618521,1.057433,7835995,6
1,531396191,0.982762,7837000,8
1,112867787,1.007782,7837850,6
1,3371201807,0.952484,7840321,29
1,2982189017,0.936979,7841735,14
1,498717137,1.027455,7844342,30
1,1667457637,0.934370,7845016,3
1,280768937,1.015985,7846838,19
1,694834079,1.018386,7847577,4
1,2385054169,0.969254,7848289,4
1,1394156279,0.970261,7850567,26
1,1867305299,0.889939,7854504,50
1,352427503,0.916963,7855714,11
1,646360471,0.945280,7856293,2
1,1225560893,0.987223,7857078,5
1,294485783,0.913227,7858352,12
1,3105891427,1.000488,7859690,13
1,4270687763,1.012133,7860273,2
1,1533002567,0.991172,7865769,72
1,1546766677,1.004871,7868224,29
1,1163238971,0.897044,7870419,25
1,1570051649,0.994123,7875632,68
1,3589176937,0.977281,7877195,16
1,2066232127,0.944764,7881614,57
1,3344601751,0.961160,7882550,7
1,1349769901,0.937500,7884574,19
1,1385461543,1.002925,7885670,7
1,4211467717,1.033615,7886636,7
1,2573959079,0.962683,7887782,10
1,2798513657,0.970764,7889704,21
1,1837934281,0.913227,7891829,24
1,3786014149,0.848367,7894016,25
1,2939791957,1.099094,7895085,9
1,2422667347,1.071652,7895944,6
1,2608676627,0.978779,7896967,8
1,1956077687,0.991172,7899010,23
1,3795136507,1.093303,7900085,9
1,3709431379,0.964709,7901440,13
1,3999166229,0.982762,7902864,14
1,1522713677,1.097761,7907086,54
1,2161650203,0.988212,7907596,1
1,1694924873,0.936979,7909277,18
1,1713896603,1.012616,7910072,5
1,1280825213,0.997066,7913305,40
1,3097253839,1.044423,7915352,23
1,3546594823,1.019344,7915866,1
1,171223951,0.919621,7920830,65
1,2644171693,0.984747,7922739,21
1,339462791,0.886090,7923599,6
1,90127423,0.970261,7924731,10
1,275980207,0.996576,7926786,23
1,2320061323,1.015985,7927501,4
1,3356267191,0.886641,7928016,1
1,739077413,1.055121,7929354,13
1,175676779,0.919621,7929859,1
1,2543377261,0.973777,7931700,20
1,3035013827,0.889939,7932775,9
1,2565337949,1.039738,7934848,23
1,2502324589,0.984747,7935922,9
1,639253229,0.954533,7937134,11
1,3566556901,1.058356,7940928,48
1,2031108769,1.031250,7941981,9
1,3892235213,0.970261,7944692,32
1,595007443,0.980274,7945345,3
1,1288876819,0.913227,7946968,17
1,3278499377,1.000488,7947690,4
1,3835977017,1.012616,7949057,13
1,132624733,1.020780,7950263,11
1,3426470837,0.928078,7952527,26
1,2554051013,1.006328,7954530,22
1,3108761963,1.094196,7955118,2
1,1781854237,0.904092,7956112,8
1,4288501631,0.970764,7957058,7
1,272623321,0.981270,7958623,16
1,3685605943,1.004871,7961096,29
1,3614111867,0.984747,7962262,10
1,50066701,0.950945,7963468,11
1,2599102151,0.855246,7964398,7
1,3019317863,1.012133,7965200,5
1,2115460421,0.952484,7966070,6
1,3642144703,0.974780,7968051,22
1,244485323,0.961160,7968628,2
1,2240792269,0.853531,7969977,13
1,2996710693,0.919621,7971607,17
1,3067180169,1.044423,7975263,46
1,1184831701,0.999023,7977443,25
1,3498466837,0.910550,7981852,57
1,1713485381,1.027455,7984542,32
1,3227407763,0.990186,7987024,26
1,2057207701,0.928078,7988037,8
1,3068032249,0.960143,7990546,20
1,2720738873,0.977281,7995629,64
1,2155843009,0.962683,7996274,3
1,1122156643,0.934370,7997404,10
1,2486108347,0.962683,7999170,19
1,26063173,1.004871,7999868,4
1,1032853321,0.882225,8001275,14
1,1789793581,0.969254,8003333,23
1,221357699,0.981270,8004179,6
1,1401787223,1.057433,8007346,39
1,2989766639,0.936979,8008348,8
1,450283681,0.987223,8013560,68
1,228117503,0.888841,8014835,12
1,3358457161,0.984747,8018987,53
1,2563583479,1.067086,8022085,38
1,1457833787,1.048157,8022669,2
1,3993781819,1.015985,8024861,25
1,903462589,0.981270,8025526,3
1,2351630819,0.970261,8026311,5
1,2196307583,0.944764,8027248,7
1,2440458121,0.882225,8028943,18
1,3449419019,0.994614,8030295,13
1,2017417109,1.012616,8031367,9
1,4090768807,0.935414,8031884,1
1,3651999353,0.955044,8032463,2
1,4001104787,0.993141,8033393,7
1,3260180479,0.908940,8034126,4
1,3000436213,0.988706,8036532,28
1,3019314283,0.931753,8040053,44
1,3452992481,0.978779,8041398,13
1,303722533,0.907327,8043082,18
1,2151965063,1.050483,8048405,70
1,3571009441,0.970261,8049552,10
1,1224015491,0.891584,8050136,2
1,3388890133,1.004871,8053316,39
1,3816425009,0.994123,8057963,60
1,1032632189,1.033615,8060149,25
1,2616303727,0.921213,8063460,41
1,3178871933,0.925443,8064553,9
1,2142531091,0.999023,8066609,23
1,2789049911,1.004871,8068173,16
1,1621360963,0.965215,8069365,11
1,2340659273,0.975280,8071056,18
1,3633253381,1.007782,8073313,26
1,2782873801,0.922801,8075292,22
1,1469497949,0.864332,8075873,2
1,3135538709,1.047691,8077787,21
1,2431260707,0.904092,8078574,5
1,3115839401,0.929655,8079938,13
1,1610748071,0.911086,8086682,90
1,1198213759,0.984747,8087199,1
1,3328857331,0.820275,8091454,48
1,31749467,0.929655,8091988,1
1,2071616803,0.970261,8092804,4
1,2925796369,1.027455,8095273,29
1,2657426683,1.025076,8096277,8
1,3120409819,0.988706,8097148,6
1,259635643,0.950945,8100666,44
1,2661657701,1.002925,8103485,34
1,553591001,0.977281,8105457,22
1,2268251311,0.946313,8111144,75
1,3198515543,1.025552,8112016,6
1,2432350691,1.019823,8113862,20
1,1997644261,0.997066,8114372,1
1,3777113881,1.046758,8117744,42
1,407843197,1.027455,8118468,4
1,2763653509,1.055584,8119942,15
1,1943499443,0.899761,8121801,20
1,2375884331,0.946313,8125653,49
1,3260261107,0.997556,8128343,32
1,1292952149,0.919621,8130797,29
1,3585160231,0.862070,8132222,14
1,2876051719,0.895954,8134946,32
1,774898249,1.012616,8136217,12
1,3692638363,0.910550,8137358,10
1,1690730791,0.934370,8138493,10
1,2187758959,0.961160,8139219,4
1,2063786149,1.025552,8144152,64
1,2572332589,0.979277,8145291,10
1,2456327273,0.972272,8147189,21
1,1802233613,0.886090,8148471,12
1,2783367907,0.991172,8149830,13
1,2691254161,0.942176,8151236,14
1,3199644947,1.029829,8156284,66
1,1273077037,0.965215,8157922,17
1,744152243,0.928078,8158936,8
1,2468432089,1.046758,8159647,4
1,848389291,1.031250,8161633,22
1,2422579277,1.012133,8162902,12
1,742089451,0.980772,8163970,9
1,3544156489,0.952484,8168962,65
1,2059150711,0.877229,8172264,41
1,992265419,0.997556,8173257,8
1,1124700949,1.020780,8174608,13
1,2698805849,1.087033,8178809,54
1,178330939,1.047691,8181897,38
1,1264568761,0.954533,8182899,8
1,3856115441,0.897588,8183559,3
1,2595574703,0.960652,8184077,1
1,2941339091,1.027455,8185006,7
1,4214109443,0.846639,8185727,4
1,2139765109,0.904092,8186529,5
1,3803191793,0.919621,8193133,83
1,500698117,1.029829,8197941,62
1,610239241,0.919090,8198512,2
1,436039537,0.806468,8200575,23
1,2389227119,0.993141,8203069,29
1,474133271,0.950945,8205866,34
1,2674216547,1.007782,8206597,4
1,1480203551,0.949404,8207805,11
1,2330585911,0.910550,8208461,3
1,3169094839,0.946313,8209609,10
1,1886001277,1.068458,8212837,40
1,3320422453,0.953509,8213633,5
1,2564330543,0.919090,8216248,31
1,2118674473,0.904092,8221028,62
1,3723571919,0.907865,8221686,3
1,596738693,0.907327,8222538,6
1,3095335169,0.977281,8227149,60
1,1748964163,1.025552,8228359,11
1,3996283601,0.952484,8230761,28
1,2367333869,0.830333,8232739,22
1,2076918343,0.902471,8237125,56
1,3135202709,1.050483,8241073,50
1,1456145569,0.867152,8242202,10
1,2609375567,0.946313,8243359,10
1,3496654519,1.064337,8243875,1
1,1317765569,1.012133,8246621,33
1,2558487473,0.919090,8249375,33
1,883353293,1.035503,8250303,7
1,1786926881,0.910550,8252687,28
1,2085436141,0.869402,8253692,8
1,2481536339,0.913227,8254484,5
1,3155940421,1.002925,8256393,21
1,38412109,0.991172,8258161,19
1,1019027759,0.934370,8259583,14
1,1101185279,0.888841,8260163,2
1,1468013747,1.027455,8262206,23
1,2792973257,0.919621,8262931,4
1,3264623839,1.000976,8263514,2
1,659863121,0.931753,8265211,18
1,3801301171,1.020780,8268191,36
1,1185069511,0.952484,8270310,24
1,975275827,1.029829,8270954,3
1,102834779,1.095534,8271521,2
1,1119629507,0.902471,8279174,103
1,199601453,0.962175,8279818,3
1,692949119,0.912693,8282692,35
1,2891466449,1.058356,8283622,7
1,3079073891,1.034559,8285805,25
1,1507103231,0.920152,8287941,24
1,3836021237,1.031250,8288527,2
1,3248702011,0.952484,8289033,1
1,891586541,1.054196,8291502,29
1,3870063017,1.025076,8293071,16
1,1991388383,0.948889,8295567,24
1,3754762831,0.904092,8298705,38
1,1272473599,1.061581,8306352,103
1,3779733173,0.903552,8308949,31
1,363319547,1.046758,8311065,24
1,2833228249,0.940620,8311587,1
1,1025881777,0.946313,8312857,12
1,1398248321,1.005357,8313502,3
1,2724318539,0.965215,8316839,41
1,1620118879,0.970764,8321619,62
1,2805808051,0.931753,8322282,3
1,1971892501,0.860369,8324813,30
1,2140834919,1.025076,8325956,10
1,4091089903,0.876115,8328851,35
1,3436976159,0.970764,8331321,29
1,1206889903,0.971267,8333803,29
1,1839054127,0.913227,8336704,35
1,3363233479,0.957597,8338124,14
1,3891637933,1.033615,8341228,38
1,1325327929,1.037387,8345443,53
1,2874320719,1.008751,8346189,4
1,3969048271,0.936979,8347334,10
1,3235939151,0.899761,8350920,45
1,1598035379,1.043488,8353255,27
1,1918141817,0.952484,8355924,32
1,2603126767,1.039738,8357566,17
1,2348546873,1.012133,8359555,22
1,469292009,1.027455,8361119,16
1,3615448541,0.886090,8362067,7
1,2344375277,1.043488,8362932,6
1,1226972891,0.940101,8363511,2
1,408556231,0.901929,8367079,45
1,1230667937,0.982762,8367661,2
1,3244787867,0.997556,8369367,18
1,3893381951,0.885539,8371278,21
1,3670879361,1.047691,8372271,8
1,3680916181,0.991172,8374610,27
1,1063579529,0.952484,8376932,27
1,3002595767,1.002438,8378038,9
1,1058322037,1.029829,8379732,18
1,96057047,0.923330,8380530,5
1,1248743833,0.964709,8381463,7
1,1525063627,0.862070,8382968,15
1,3128613611,0.843750,8383565,2
1,2831581573,0.990186,8386578,37
1,887600573,1.036445,8387304,4
1,388051007,0.904092,8388787,15
1,1011103519,1.039268,8390071,12
1,3791128351,0.893772,8392392,27
1,1834870507,0.935414,8394876,29
1,1051021031,0.964709,8396151,8
1,2132864011,1.004871,8397016,6
1,2254966229,0.988212,8398599,14
1,2057820073,0.922801,8399353,4
1,677408447,1.007782,8400766,14
1,2370969079,0.885539,8404418,46
1,3442034887,0.877786,8408342,50
1,17346941,0.888841,8410367,23
1,3079354807,0.973777,8414246,49
1,1511784977,0.985738,8416341,24
1,231940691,1.097761,8416840,1
1,2339270449,1.012133,8417353,1
1,1498120499,0.968750,8418562,11
1,133354043,0.895954,8419204,3
1,3253994969,0.962175,8420073,6
1,1493438993,0.934370,8422167,24
1,3204124127,0.942176,8422900,4
1,1139213099,1.031250,8424183,12
1,162415339,0.988706,8424962,5
1,2119982827,0.970764,8425630,3
1,3069115039,0.915364,8426712,9
1,3865422667,0.954533,8427790,9
1,2668048183,0.910550,8429141,13
1,735647729,0.946313,8430494,13
1,2032116533,0.899761,8434603,52
1,1356202789,0.911622,8437569,36
1,1870066859,0.988706,8438594,8
1,1700509121,0.964203,8440857,26
1,636688421,1.036445,8442130,12
1,2544400049,0.944764,8445786,46
1,1855019843,1.002925,8446505,4
1,1940493041,0.910550,8447228,4
1,3105054439,0.827388,8449210,22
1,443870257,0.900304,8451325,24
1,2662338353,1.031250,8451830,1
1,4208698427,1.002925,8454440,31
1,1807415941,0.978779,8455793,13
1,1547227093,0.970261,8457075,12
1,3994387741,1.004871,8459114,23
1,2022610619,0.928078,8460465,13
1,3007789579,0.928078,8466145,75
1,2559105779,1.029829,8466871,4
1,2424843521,0.928078,8468147,12
1,834387943,1.002925,8469935,19
1,1507372301,0.980274,8471280,13
1,696235249,0.935414,8473401,24
1,878341663,0.970261,8475262,20
1,3612420719,0.919090,8476401,10
1,3276765829,0.932277,8478732,27
1,2479777049,0.973777,8479311,2
1,2249117329,0.962175,8482336,37
1,1846383131,0.952484,8482983,3
1,486505307,1.002925,8484408,14
1,1933970327,1.061581,8485829,14
1,2657853623,0.970764,8487130,12
1,858868987,1.047691,8487996,6
1,2094911261,1.027455,8488591,2
1,3510094633,1.077106,8490302,18
1,61081081,0.815499,8495122,63
1,1573342643,0.920152,8498759,42
1,530903017,0.984747,8502996,52
1,3289005479,0.944764,8504028,8
1,1480827391,1.012616,8504617,2
1,3523745987,0.880563,8505610,8
1,1754857669,0.838525,8509057,43
1,788607473,0.957597,8509845,5
1,137009377,1.076198,8513209,42
1,3607074067,0.988706,8513805,2
1,3302104843,0.902471,8515219,14
1,1082779337,0.997556,8517693,29
1,1772797331,1.012616,8520164,29
1,2472183019,0.793036,8521863,18
1,3596641619,1.004871,8526934,66
1,1837186919,1.000976,8528701,19
1,3590097809,0.981270,8529775,9
1,802948567,0.852959,8533695,50
1,369540901,1.048157,8534894,11
1,4087235323,0.888841,8535690,5
1,1808980837,0.922801,8537047,13
1,1214582099,0.853531,8539997,36
1,2197161247,0.904632,8540924,7
1,1248214241,1.183794,8544227,41
1,3151839001,0.999023,8547752,44
1,3683372107,0.962175,8548825,9
1,1493585299,1.024123,8549681,6
1,112388917,1.068458,8551580,21
1,1498409201,1.004871,8552933,13
1,423815519,0.914830,8553508,2
1,2140002679,0.945280,8557385,49
1,2553695219,0.908403,8561742,56
1,1330963913,0.988706,8564281,30
1,2418920573,1.032197,8565906,17
1,547808473,0.818488,8569892,51
1,2061650729,0.968750,8572433,30
1,2519544757,1.033615,8573927,15
1,2621580587,1.035503,8574990,9
1,1716119557,0.988706,8577558,30
1,1980959573,1.005357,8580173,31
1,1088593141,1.019344,8581655,15
1,2622819049,0.914830,8584665,37
1,1646140469,1.005357,8586921,26
1,1220790811,0.942176,8587923,8
1,3987484871,0.916963,8589638,18
1,3471325177,0.887192,8590434,5
1,3670182533,1.018386,8592340,21
1,1832570477,1.027455,8593351,8
1,1334009381,1.061581,8594503,10
1,513706639,0.991172,8597119,31
1,2494628251,0.983258,8601239,49
1,3088893569,1.012133,8604833,43
1,156016117,0.949404,8605790,7
1,1424640377,0.977281,8606927,10
1,4110605623,0.974780,8614834,107
1,698349523,0.927551,8615354,1
1,3207613823,0.942176,8616081,4
1,2428205707,0.934370,8618091,22
1,1507167539,1.114973,8618611,1
1,3779379991,1.090621,8620091,15
1,248616673,0.903011,8621985,21
1,4091001041,0.895409,8624102,24
1,3467754791,0.938541,8625036,7
1,3810922991,0.936979,8625554,1
1,495816553,0.940620,8626553,8
1,422286539,0.872205,8627128,2
1,757732567,1.091068,8628070,7
1,705900617,1.002438,8633309,67
1,2812931773,1.098205,8633916,2
1,1819221457,0.957597,8635348,14
1,1549793489,0.893772,8636002,3
1,1610319379,0.864897,8637145,10
1,3777038207,0.891584,8639823,32
1,3673152983,0.961160,8640905,9
1,2050331489,0.907865,8641762,6
1,3521956289,1.010685,8642273,1
1,2095410439,0.991172,8643065,5
1,2648245069,1.076198,8643646,2
1,1511544169,0.970764,8645268,17
1,3134008741,0.880563,8647530,26
1,1081558409,0.977281,8651658,53
1,2469540127,0.946313,8652805,10
1,749910389,0.854103,8657327,58
1,2777189617,0.994614,8658178,6
1,3759548629,1.090621,8658751,2
1,2542032503,0.999023,8659332,2
1,1000226321,1.025552,8662433,38
1,3250029659,0.984747,8664286,20
1,109178473,1.012616,8665418,10
1,2205613121,0.920152,8666283,6
1,2102628809,0.965215,8666792,1
1,156283441,0.934370,8668120,13
1,4038887711,0.889391,8668702,2
1,2366415841,0.914830,8673318,60
1,2535800719,0.975280,8674252,7
1,333272183,0.956066,8675536,12
1,3311875741,0.876115,8677162,17
1,1266148451,0.990679,8678235,9
1,702748337,0.938541,8679588,13
1,2378322113,0.954533,8680582,8
1,2288637107,1.046292,8683960,42
1,1485714869,1.103970,8684958,8
1,1790415017,0.922801,8686929,22
1,2713827121,0.944764,8687853,7
1,1581334949,0.934370,8689268,14
1,1847755859,0.956066,8690956,18
1,1430857079,0.957597,8693493,30
1,3177226127,0.868840,8694156,3
1,387532217,0.940101,8698778,60
1,113711681,0.970764,8699762,8
1,3224750317,1.003899,8700411,3
1,4176459127,0.991172,8704408,47
1,3456923971,0.974780,8706058,17
1,363145201,0.982762,8709342,39
1,3568366621,1.086584,8712392,37
1,3219987007,1.029829,8712991,2
1,417544051,1.005357,8717144,53
1,2826258389,0.921743,8717733,2
1,1468843223,0.982762,8720216,29
1,1437449479,0.969758,8721156,7
1,547974859,0.950945,8723831,32
1,4053992933,0.960652,8724409,2
1,542949419,0.929655,8725759,13
1,792093403,1.086584,8726342,2
1,2530287241,0.911086,8727476,10
1,3741620177,0.984747,8729866,28
1,766323617,1.019823,8730997,10
1,4250758367,0.931753,8731731,4
1,2291367493,1.048157,8737789,80
1,2334508817,1.027455,8738922,10
1,376162021,0.965215,8739576,3
1,1306630009,1.036916,8743311,47
1,786575899,1.014061,8745918,31
1,1537057729,0.928078,8747838,21
1,3859837603,1.038328,8749402,16
1,1747745239,0.877786,8750132,4
1,1411980329,1.050483,8750918,5
1,3965390357,1.070284,8753388,29
1,3232666963,0.932277,8754465,9
1,2908192829,0.950945,8755742,12
1,828349663,1.109265,8756543,5
1,115214471,0.952997,8757248,4
1,2421172277,1.058356,8758807,16
1,929707409,0.938541,8759878,9
1,2575055519,0.942176,8766697,91
1,3239193871,1.003899,8768747,23
1,4154663923,1.000488,8769473,4
1,2541157733,1.020302,8770134,3
1,2252824993,0.914830,8771477,13
1,143768081,0.893772,8772871,14
1,3389678921,0.962175,8774768,21
1,832781623,0.993632,8775571,5
1,2867754641,1.022214,8776154,2
1,1312000511,1.027455,8777088,7
1,355978999,0.957597,8777882,5
1,1171467907,0.931753,8779504,17
1,759570451,0.928078,8782653,39
1,3094382281,1.044423,8783368,4
1,1701464461,1.036916,8784437,9
1,2349971651,0.995105,8785433,8
1,1990039903,1.197736,8786098,3
1,1286170957,0.984747,8788352,26
1,527763991,0.936979,8793854,72
1,1851495383,0.970764,8794373,1
1,4219887379,0.938541,8795238,6
1,1245570017,0.965215,8799446,54
1,1654415201,0.989199,8801208,19
1,513387409,1.000488,8804390,39
1,1085466727,0.935414,8809975,66
1,3247585807,0.942176,8811356,13
1,2639121941,0.830333,8812365,8
1,241145111,1.124132,8813148,5
1,342188017,0.880563,8815085,21
1,1867207457,0.938541,8815803,4
1,1723752439,1.029829,8817236,14
1,4124185189,1.044891,8818441,11
1,2183606339,0.904092,8819917,15
1,1009099537,0.985738,8829281,128
1,369512359,0.898675,8832851,45
1,2734105193,0.944764,8835609,33
1,3170490007,0.954533,8836685,9
1,728071261,0.982762,8837623,7
1,1674887443,0.942176,8838626,8
1,1400543797,0.929129,8839138,1
1,2196083699,0.970764,8839798,3
1,469323551,0.872205,8841911,24
1,947280767,0.885539,8843974,23
1,1791815119,0.962683,8844734,4
1,882902441,0.997066,8845924,11
1,1739413567,0.954533,8849531,44
1,2069946017,0.941657,8850263,4
1,1654666619,1.035503,8851822,16
1,2783971591,1.029829,8852953,10
1,3993477949,1.012616,8854094,10
1,1003817527,0.872205,8856413,27
1,3107793641,0.977281,8857489,9
1,2469801683,0.927551,8858571,9
1,3200582443,1.003899,8860428,20
1,228778139,1.023646,8875194,205
1,913955143,0.932277,8879213,51
1,3782641493,0.950945,8880080,6
1,3299575999,0.838525,8882481,28
1,1535346893,0.950945,8883337,6
1,2466782737,1.023646,8886017,32
1,1574691341,0.915364,8886880,6
1,4089373637,0.921743,8888321,14
1,255458267,0.891584,8888835,1
1,3478160869,0.962683,8889901,9
1,3560409971,0.981270,8894495,59
1,3492307207,0.884436,8899336,63
1,3674009429,0.927551,8899996,3
1,2553312991,0.853531,8900929,7
1,1747342237,0.965215,8902760,20
1,2807240729,1.094196,8903684,7
1,1677050321,0.977281,8912425,113
1,1727106989,0.997066,8919615,96
1,1928114063,0.961160,8920482,6
1,2195598259,0.903011,8925732,69
1,3331422943,0.921743,8927361,17
1,2041048567,0.885539,8929912,30
1,1112047747,0.885539,8934047,53
1,1240949201,0.938021,8935673,17
1,2452387859,0.997556,8937153,15
1,4255151443,1.020780,8939000,20
1,1798395931,1.004871,8942526,44
1,202413553,0.934370,8943787,12
1,4212971459,0.919621,8945143,13
1,3557589901,0.820275,8946281,10
1,422272013,0.927551,8947409,10
1,3693599491,1.000488,8948914,15
1,1319825069,1.046292,8951243,27
1,3969884621,0.922801,8952942,18
1,55250621,0.872205,8954291,13
1,3800021473,1.012133,8955087,5
1,241480321,0.836777,8955651,2
1,478102489,0.938541,8959922,55
1,342432749,0.969758,8960429,1
1,550089607,1.002438,8961011,2
1,3632020783,0.970261,8964763,47
1,1805126591,0.931753,8967942,39
1,4274935367,1.012616,8972155,54
1,59144593,0.952484,8975994,49
1,787187657,1.007782,8979460,43
1,1488355019,1.086584,8981670,25
1,918922579,1.020780,8983291,17
1,3332969317,0.969254,8983799,1
1,1574304143,0.985738,8988596,62
1,907683449,0.927551,8990721,24
1,640676353,0.984747,8993450,33
1,4152075047,1.008751,8996552,38
1,1264967299,1.002438,8998459,21
1,1888613369,1.007782,9000097,17
1,3146652401,0.885539,9000885,5
1,2058946739,0.950432,9001953,9
1,1553487371,0.836193,9002460,1
1,2151490007,0.962683,9003452,8
1,2555614231,0.885539,9005568,24
1,3182682857,1.018386,9006577,8
1,2968878221,1.073928,9008776,25
1,1245787867,0.911622,9014594,63
1,3470778473,0.855246,9016930,25
1,2862007457,0.940620,9017712,5
1,265709291,0.957597,9020200,29
1,92410631,0.886090,9021548,13
1,224885209,1.025552,9022402,6
1,3819515849,0.960652,9023476,9
1,2616189427,0.952484,9026855,42
1,3298201327,1.004871,9027586,4
1,1405604969,0.962683,9028722,10
1,598980983,1.018386,9033151,57
1,658354217,0.963190,9034641,15
1,759974147,0.994614,9035566,7
1,3746491883,0.877229,9040634,66
1,2865572299,0.961160,9041639,8
1,3306181327,0.970261,9044045,28
1,306546161,0.996576,9044752,4
1,1745395891,0.994614,9046784,23
1,4222228529,0.853531,9047853,9
1,2353047451,1.035503,9048361,1
1,2976712997,0.889391,9052699,56
1,2615016389,1.004871,9053443,4
1,608870699,0.898675,9059377,79
1,1990679,1.036916,9062430,38
1,1430513837,0.970261,9063857,14
1,2287931983,0.882225,9066246,28
1,3860327057,1.002438,9066828,2
1,50662441,0.878342,9067736,7
1,492900277,1.039268,9072016,55
1,410020453,1.005357,9072725,4
1,2739985987,1.014061,9074169,14
1,896486803,0.953509,9074681,1
1,632681041,0.975280,9075399,4
1,2328689411,0.962175,9076126,4
1,3073983611,0.961160,9076648,1
1,868131713,1.025552,9078773,24
1,394049039,0.952997,9080050,12
1,2045687899,1.015985,9081619,16
1,742644449,0.934370,9083655,23
1,153628259,0.877786,9084638,8
1,4029464581,0.877786,9089124,58
1,1356882481,0.903552,9092742,45
1,1709384531,0.936979,9097047,55
1,3891708797,0.950945,9100730,46
1,3319228763,0.952484,9104400,46
1,1793699641,1.025552,9105061,3
1,1177547051,1.024123,9106974,21
1,431499799,0.994614,9107896,7
1,1639368859,1.105738,9110647,33
1,3942225907,0.923859,9113496,30
1,3416781443,0.973777,9114208,1
1,1414085419,1.036916,9114753,1
1,2823400079,1.061581,9116949,25
1,2064442279,0.941657,9118862,21
1,1275818851,0.970764,9120417,16
1,1951248307,0.937500,9121777,13
1,850188347,0.978779,9122770,8
1,1260892433,1.002438,9123482,4
1,3983983651,0.920152,9129095,74
1,2909395271,1.005357,9132130,37
1,2337961711,0.928078,9134254,23
1,1505893861,0.970764,9137074,34
1,2494984307,0.897588,9138003,7
1,2409845551,1.007782,9139075,9
1,2488911281,0.898675,9146791,104
1,1372800197,0.972272,9150522,47
1,2361195233,1.067086,9151800,12
1,3829873063,1.046758,9153998,25
1,2037511537,1.002438,9157932,50
1,3284967503,1.003899,9158651,4
1,530801699,1.067086,9161033,28
1,1996933787,0.952997,9162172,10
1,2462132207,1.031250,9166614,57
1,2734704433,1.012133,9167389,5
1,2359085357,1.052341,9170203,34
1,1472382887,0.982762,9171143,7
1,4003498817,0.997556,9173399,26
1,1563147307,1.033615,9174199,5
1,875736439,1.027455,9174995,5
1,379726003,0.978779,9176556,16
1,3831407227,0.993141,9181203,60
1,3601068857,0.928604,9183548,27
1,2931771191,1.148198,9186587,37
1,10516073,1.015985,9190575,51
1,1004420591,1.070284,9191667,9
1,4204947871,0.871645,9192323,3
1,3652300901,0.846062,9193877,16
1,195869441,0.948889,9194864,8
1,3588496727,0.942176,9197330,29
1,1456927,0.938021,9198019,4
1,1942652123,0.815499,9200352,27
1,3990352549,0.962683,9201010,3
1,1626933043,1.008751,9202772,19
1,873538469,1.000488,9206702,50
1,2512922333,1.019344,9207978,12
1,4036537759,1.025552,9215500,98
1,581928353,0.995105,9218157,30
1,1186085101,0.862070,9219044,6
1,536064337,0.927551,9219626,2
1,416975563,1.025552,9221196,16
1,2247394969,1.033615,9221913,4
1,2629490053,0.946313,9222703,5
1,2360508877,0.994614,9223279,2
1,2600584403,0.965215,9224413,10
1,2054637707,0.944764,9225212,5
1,3195102083,0.910550,9228952,47
1,2398983761,0.950432,9229742,5
1,1048620121,1.013098,9231429,18
1,3377620457,0.893772,9234749,41
1,4285121671,0.982762,9237073,27
1,23458549,0.882225,9239961,35
1,4083598291,0.895409,9240555,2
1,1286367527,0.938541,9241135,2
1,2894479807,1.050483,9242836,18
1,3988841561,0.913227,9245925,38
1,2261233879,0.991172,9246439,1
1,883468687,0.919621,9248972,30
1,1588043573,1.012133,9249977,8
1,4010897897,0.968750,9252522,30
1,2411673301,0.946313,9253737,11
1,68411347,0.907327,9257625,49
1,1645214951,0.938541,9259396,19
1,656989661,0.954021,9260194,5
1,2558413771,0.872205,9261057,6
1,1466539937,0.931753,9262557,15
1,1079602127,1.005842,9263633,9
1,2822955089,0.880563,9269038,71
1,3848165119,0.920152,9270255,11
1,736266497,0.919621,9271605,13
1,95485783,1.039268,9273224,17
1,3902608883,0.984747,9275147,21
1,2085645127,0.977281,9276083,7
1,3724537961,1.061581,9276673,2
1,3154681441,0.957597,9282973,84
1,3011812127,0.880563,9283905,7
1,1637751743,0.855246,9286229,27
1,2292967207,0.914830,9287860,17
1,436711421,0.928078,9288939,9
1,1304642267,1.023646,9290168,11
1,731513617,1.081629,9290943,5
1,185453999,1.106621,9294241,41
1,3705469841,1.055584,9295599,13
1,3208750247,0.882778,9296321,4
1,2151550487,0.873324,9300537,54
1,2428132519,0.919621,9301047,1
1,2783858837,0.886090,9301836,5
1,3228899939,0.942176,9302761,7
1,4123341689,1.003899,9303485,4
1,679175677,0.993141,9304981,15
1,2799873553,0.934370,9307443,29
1,2646218041,0.911086,9308023,2
1,4158172159,0.942176,9308899,6
1,2581499251,1.121522,9311920,37
1,323965111,1.140946,9315722,48
1,2910665599,0.924387,9317563,16
1,365077541,1.091068,9318277,4
1,2258046481,0.927551,9319997,16
1,1732311481,1.031250,9323622,45
1,1119900427,0.965215,9324123,1
1,3830831749,0.859233,9325754,17
1,2192168417,0.969254,9326333,2
1,3373911379,0.928078,9328116,19
1,593207243,0.908403,9328639,1
1,2855491531,0.870524,9329857,11
1,1843256813,0.965215,9330450,2
1,3052946453,0.952484,9331167,4
1,4202537749,0.910550,9332379,11
1,2904002953,1.023646,9333305,7
1,3040058471,0.895954,9334446,10
1,3240189767,0.922801,9336494,23
1,3793698547,0.965215,9338423,21
1,2317375799,0.942176,9340056,17
1,889633091,1.068000,9341615,16
1,908193653,1.000488,9342931,12
1,516323891,0.952484,9343805,6
1,793262303,1.132786,9346140,27
1,607278433,0.869402,9353851,104
1,2223372509,0.946313,9354925,9
1,1546697741,0.928078,9356200,12
1,3230927393,0.970764,9357675,15
1,2803180559,0.977281,9358607,7
1,899728691,0.988706,9362104,44
1,1770590849,0.898675,9362611,1
1,279658241,1.004871,9363316,4
1,797598143,0.957597,9364732,14
1,3571542671,1.000488,9367332,31
1,1575092861,0.899761,9368399,9
1,2343930443,0.912693,9370823,28
1,3834506999,0.942176,9373014,25
1,990355151,1.027455,9374655,17
1,148823557,0.970261,9376773,24
1,2620013423,0.970261,9378275,15
1,3332685403,1.044423,9379705,14
1,1469356561,0.975280,9380775,9
1,1448222779,0.927551,9382394,17
1,1373236861,0.974780,9382921,1
1,180601711,0.946313,9384057,10
1,1283079977,0.975280,9384642,2
1,3593155213,1.000488,9385500,6
1,4251313259,0.935414,9386596,9
1,785034583,0.975280,9388153,16
1,925714313,0.997066,9390339,25
1,1620195583,0.957597,9390989,3
1,3641315987,0.936979,9392057,9
1,2859238511,0.938541,9393627,16
1,4029324413,0.889939,9395252,17
1,2125185367,1.018386,9398072,34
1,843319879,0.950945,9398576,1
1,2247815981,0.885539,9399442,6
1,1699117489,1.004871,9400091,3
1,4211332831,0.984747,9400750,3
1,1808615629,0.882225,9403810,37
1,98912501,1.048157,9404655,6
1,70280291,1.012133,9407047,28
1,597894917,0.898675,9409080,23
1,1743197803,0.957597,9411981,35
1,4170952151,0.954533,9414185,25
1,2291992993,0.827978,9415451,12
1,2748020753,0.975280,9418924,43
1,2679095233,0.857526,9421813,29
1,3656290279,0.920682,9422943,9
1,2333133211,1.040677,9423869,7
1,3795255769,0.978779,9425487,17
1,1778230849,1.053732,9429004,44
1,1875853087,0.946313,9430225,11
1,520152407,0.973777,9435421,68
1,551914687,1.047691,9438098,32
1,1880538791,0.970261,9439029,7
1,4034052131,0.923330,9440229,11
1,289048541,1.004871,9443182,36
1,2381186053,0.954533,9446008,34
1,981103313,1.004871,9447141,10
1,318948737,0.911622,9448127,8
1,1018754783,0.895409,9450190,23
1,2935027031,0.988706,9453846,46
1,1476254893,1.039738,9457814,50
1,397872481,0.888841,9459223,14
1,2421751721,0.988706,9463802,59
1,2319438551,0.924387,9465164,13
1,1003809281,0.982762,9466232,9
1,1952706199,0.950945,9467933,18
1,2833909723,1.083884,9470476,30
1,1357211771,0.993632,9472383,21
1,2754342593,1.033615,9473863,15
1,1598801957,0.977281,9475077,11
1,3041539433,0.920152,9478106,37
1,3517083859,1.027930,9480507,28
1,2183536577,1.070284,9482408,21
1,681156167,0.914830,9482992,2
1,3014359409,0.987223,9484000,8
1,1095578227,0.977281,9486813,34
1,551560949,0.908940,9488999,25
1,4051181347,0.984747,9490695,18
1,37783601,0.993141,9491312,3
1,831940643,0.928078,9493005,18
1,3612262967,1.113220,9494425,14
1,3377844017,0.980772,9497176,33
1,3582412721,0.996576,9498390,11
1,2411017087,0.965215,9499335,7
1,2031612239,0.936979,9501123,19
1,2989373329,0.913227,9506223,67
1,3975032857,1.000488,9508838,31
1,4171714697,0.910550,9509763,7
1,2550382283,0.918559,9510483,4
1,2826655747,0.934370,9512102,17
1,2132614931,0.880563,9513383,12
1,2927818477,0.895409,9519503,81
1,3197060497,0.954533,9523938,52
1,1084751939,1.002438,9527915,50
1,2642738297,0.844907,9532573,60
1,33661099,0.975280,9535784,40
1,1584480679,0.902471,9540073,55
1,1992820009,1.004871,9543936,49
1,389111207,0.946313,9545288,13
1,3143763863,0.862636,9547121,20
1,702528403,0.961160,9548194,9
1,1158022903,0.902471,9551281,38
1,4264478291,1.040677,9557769,86
1,1952911537,0.944764,9558830,9
1,762695519,0.898132,9559843,8
1,1692591211,0.954533,9561399,16
1,3994423859,1.003899,9562888,15
1,2923317833,0.997066,9563544,3
1,616870487,0.962683,9564259,4
1,2587830101,0.914830,9565468,11
1,3221563691,0.968750,9567292,20
1,2727978527,1.038328,9567802,1
1,1491597241,0.938021,9568877,9
1,824814451,0.965215,9570855,22
1,185734187,1.067086,9571771,7
1,815769121,0.944764,9573247,15
1,2918276927,1.046758,9576714,43
1,3534495281,0.952997,9578066,13
1,1176671647,0.960652,9578942,6
1,2354930957,0.895954,9584401,72
1,953388313,0.919621,9585847,14
1,2069037617,1.027455,9587334,15
