agent_id,prime,g,timestamp_us,checked_since
0,343253213,0.986728,0,22
0,975258331,0.873883,860,2
0,2895186599,0.872205,1582,4
0,981661249,1.129332,5996,57
0,2036900819,0.786234,8038,23
0,2873137933,0.974780,8683,3
0,898707731,0.846639,9950,12
0,1900278097,0.969758,12478,30
0,738998137,0.815499,13407,7
0,3245393153,1.067086,13906,1
0,1366059791,1.004385,15259,13
0,2710771117,0.846639,15766,1
0,3477872413,0.877229,18937,39
0,1623804983,1.068458,20763,20
0,2062233907,0.781250,24065,41
0,1720094797,0.811899,24850,5
0,1277395901,0.938541,27453,31
0,612895603,1.017426,28580,10
0,4104757981,0.815499,30426,20
0,3138283307,0.963190,33188,33
0,21755803,1.000488,33966,5
0,2288752727,0.973777,37698,47
0,3632150411,0.817294,38221,1
0,2494518121,1.102642,39358,10
0,3529720637,0.919621,40377,8
0,3514615721,0.960652,41037,3
0,3694785301,1.119343,43105,19
0,3932876869,0.947859,44103,8
0,1786902869,0.988706,46486,12
0,2354642041,0.987223,48205,16
0,1314092893,0.893772,49139,7
0,348885869,0.946829,50279,10
0,3975753329,1.129332,52875,31
0,3207037019,0.811899,57242,56
0,110800159,0.875000,58320,9
0,2297324269,0.908940,59319,8
0,1531681799,0.777491,61497,25
0,451185523,1.136229,62295,5
0,803669117,0.983258,63515,11
0,3640669741,0.964203,64158,3
0,1802878463,0.953509,64762,2
0,1901310737,1.019344,65277,1
0,4017191449,1.081178,66071,5
0,2901483847,1.102642,70493,57
0,2514425087,0.844907,71997,15
0,1211533831,1.050019,75725,47
0,3361838657,0.873324,76300,2
0,3336276089,1.003899,79450,39
0,530958839,1.107503,80522,9
0,422855579,1.178005,82440,21
0,2056629643,0.848367,86026,45
0,4267695191,0.883883,91362,70
0,2702326559,0.958107,92773,14
0,4111135921,0.879453,93493,4
0,3677763169,0.644235,94907,14
0,2029915133,1.044891,97616,28
0,2572271209,0.750651,99893,26
0,408337483,0.906789,100606,4
0,1851120797,1.000976,102718,21
0,3790938289,1.008267,104290,16
0,3472867777,1.001951,105431,10
0,3541857643,0.978779,105945,1
0,2788514101,0.986728,106594,3
0,2224130789,0.894864,109949,42
0,1814580217,0.848942,118350,114
0,323266609,0.987223,119763,14
0,1038963631,0.751301,121394,17
0,780755477,0.969758,125271,49
0,1929249451,1.033615,127034,19
0,4098184199,0.781875,129147,24
0,2882411509,0.978779,129740,2
0,1599606919,1.001951,131226,15
0,3045368681,1.032197,135096,49
0,782829053,1.071652,139234,53
0,4004455811,0.818488,141706,29
0,3024852277,0.691042,144074,23
0,1363444763,1.043488,146688,31
0,2691386483,1.194061,148632,8
0,4206419317,0.784369,152150,39
0,1843689863,1.039268,153460,12
0,190035623,1.043020,156546,38
0,2518545649,0.915364,157125,2
0,3045241369,1.002438,158532,14
0,4104937157,0.668779,159116,2
0,2329389367,0.820275,161027,21
0,3360824039,0.851240,164459,43
0,4195259227,1.161307,166037,16
0,1172893793,0.979277,166750,4
0,2927608867,0.699470,168454,18
0,1618429793,0.855246,171002,30
0,126914131,0.848942,171637,3
0,357467599,0.908403,178471,92
0,4226230649,0.944247,179336,6
0,1192038643,0.662176,183125,48
0,841253909,0.846639,185295,25
0,1934536937,1.040677,187856,30
0,3312031259,0.787475,188802,6
0,714131437,0.981767,191287,29
0,222187457,1.014061,192210,7
0,1702813501,1.200586,193705,15
0,301909711,0.919621,195986,26
0,3676874203,0.763550,197403,14
0,2690184869,0.971267,199238,20
0,3648100361,1.122393,201097,16
0,1635856483,0.815499,209509,111
0,2369607329,0.784369,210600,9
0,4105058519,1.095534,212953,27
0,240199549,1.064337,213873,7
0,1934233771,0.808886,214664,5
0,3089988287,0.914830,216718,23
0,1563672619,1.158360,217713,8
0,141191683,1.009718,221205,44
0,2663089157,0.971267,223398,25
0,1089582517,0.984747,225020,17
0,1905372379,0.849517,225672,3
0,2655385861,0.735538,228684,37
0,2874027641,0.925443,229335,3
0,1505303857,1.070284,229985,3
0,2514034049,0.787475,231191,11
0,4044519653,0.973777,232265,9
0,828739859,0.975280,233191,7
0,2313449191,0.851240,233984,5
0,1501799917,0.849517,237574,45
0,2035355327,0.787475,238159,2
0,573056581,0.813701,241588,43
0,659384497,1.043488,244402,34
0,2805071629,0.822653,245205,5
0,1120526513,0.884436,245926,4
0,2845058933,1.012616,246922,5
0,658532821,0.877786,247929,8
0,1891795951,0.911622,252636,45
0,2202574811,0.811899,255304,29
0,1058796787,0.781875,256533,11
0,162006349,1.008267,257095,2
0,3526570777,0.973777,258736,17
0,467227529,1.122393,260074,13
0,1245134827,1.142229,261721,17
0,2962753337,0.813101,262302,2
0,2589669421,0.941657,265269,36
0,2786568497,0.884436,266054,5
0,2325810983,1.052341,267689,17
0,1247896613,1.039268,271400,47
0,1037483893,1.156672,272338,7
0,3851216729,1.004871,273980,17
0,1948047443,0.834439,278285,55
0,2212222429,0.983258,279298,8
0,818304887,0.944247,279885,2
0,4026198977,0.987223,280691,5
0,3447458071,1.047225,287116,85
0,13442659,0.941657,287763,3
0,2291645911,0.877786,288490,4
0,1475238949,1.260115,289290,5
0,552821669,1.194470,290978,18
0,4138448663,1.047225,291928,7
0,3717077153,1.050948,294883,36
0,2527744673,1.227135,296650,19
0,2009288261,0.963190,298420,19
0,2121857117,0.973777,299633,11
0,1996766599,0.895409,306294,82
0,175948931,1.000488,309174,32
0,4105864303,0.950945,309779,2
0,435261157,0.942694,311059,12
0,3400558517,0.940101,313529,29
0,3966248239,0.944247,314255,4
0,1215347911,1.044891,316515,26
0,2622930287,1.066170,317875,13
0,1213225751,0.880008,318596,4
0,694450873,0.950432,319727,10
0,3082645997,1.016466,320947,11
0,587783437,1.095534,324788,49
0,868333931,1.158360,326429,17
0,3574026641,1.017426,330347,50
0,4020071567,0.877786,331145,5
0,1860195977,0.977780,332486,13
0,3658389151,0.908403,334399,21
0,135568273,0.932801,335455,9
0,10709731,0.958616,335941,1
0,2114365217,0.938021,336448,1
0,655183891,1.127168,336947,1
0,3591332233,0.975280,338426,15
0,3343951939,0.815499,343809,71
0,946625003,1.064795,345723,21
0,2921238017,0.981767,347140,14
0,3808964651,0.941657,355394,90
0,3013671691,1.012616,356591,8
0,1632303503,0.940101,358970,26
0,3062492161,0.958107,360131,10
0,1449291643,1.039268,361975,20
0,3332961179,0.805862,363395,14
0,1672803029,0.988212,364119,4
0,14546473,0.940101,365094,8
0,2154925571,1.127168,365957,6
0,2724713909,1.042552,366966,8
0,1519030157,1.241770,369433,29
0,1960308349,0.839108,372673,40
0,1415332717,1.065254,374161,15
0,3230476021,1.082983,375517,13
0,861950741,0.880563,377492,22
0,837166091,1.088828,379214,18
0,4062871741,1.084785,380231,8
0,2581210543,1.123697,380883,3
0,4157307697,0.978779,381894,8
0,2410473907,0.858096,382898,8
0,1514373863,1.033615,384735,20
0,1122164333,0.854103,385457,4
0,397845739,1.066628,387704,26
0,1986617279,1.004385,388782,9
0,2360786357,0.750651,391943,39
0,3955703987,1.066170,392595,3
0,2047546961,0.902471,400704,110
0,2848646737,0.825615,401353,3
0,3735507403,0.741488,403211,20
0,2927061677,0.970764,405514,21
0,2633776711,0.919621,406067,1
0,3525312737,1.046292,407757,18
0,4167042557,0.644235,408613,6
0,694211899,1.127168,409119,1
0,153650311,0.949404,412147,35
0,3596450497,0.915364,414077,21
0,2603706503,1.064795,414872,5
0,1756563527,0.852959,418166,41
0,1840029577,0.791187,419730,16
0,3944557373,0.968750,420315,2
0,2436700369,0.981270,421248,7
0,3037033243,1.098205,422314,9
0,2666859941,0.942176,423106,5
0,1906098391,1.004385,424588,15
0,2026921417,0.880008,425241,3
0,3130455899,0.911622,430434,68
0,1074095713,0.911622,431139,4
0,118906537,0.938021,432400,12
0,1084483793,0.876115,435220,34
0,2476700959,0.940101,435946,4
0,1857754979,0.973276,436809,6
0,991464101,0.849517,437402,2
0,2954241887,0.908940,439497,23
0,3395278697,0.987223,440247,4
0,1920581519,1.127168,441474,11
0,720744701,0.824432,442128,3
0,1981752691,0.793652,443754,17
0,3772075661,0.971267,444889,10
0,1823113267,0.908940,445747,6
0,2179999313,0.914830,447648,21
0,1258686731,0.976781,449073,14
0,3036263437,1.029354,451900,30
0,2179216301,1.001951,452986,9
0,3940639931,1.062959,459431,68
0,827666051,0.722139,461306,18
0,3001524353,1.152867,462584,12
0,1572723973,1.002438,464427,20
0,2428548623,0.950945,468977,59
0,3672069017,1.081178,469908,7
0,3663364223,1.018386,471116,11
0,2387771273,1.239802,475274,53
0,1743664231,0.989199,476138,6
0,2094317593,1.008267,477553,14
0,1013974433,0.948374,478612,9
0,3361572413,1.019344,480797,25
0,1827243263,1.035503,483557,33
0,625583143,0.818488,484413,6
0,4056712381,0.919621,491229,91
0,2224450769,0.851240,494094,35
0,1303822451,1.119343,495311,11
0,3993297443,1.066170,496165,6
0,3922152877,1.121958,496757,2
0,1626193487,0.879453,498190,14
0,2546639621,0.980772,502332,53
0,4087627163,1.021736,503897,16
0,1378713163,0.977780,506015,24
0,3543290029,0.864332,506801,5
0,2567344189,0.985738,507452,3
0,3220831787,1.220351,509170,13
0,2780793019,0.932277,510606,14
0,2849329289,0.863202,515264,58
0,3856247167,0.760987,517055,19
0,2062894853,0.938021,517783,4
0,1510014643,0.727528,522327,59
0,3770837029,0.981767,523038,4
0,3223323791,0.849517,524939,21
0,2799152189,0.727528,525525,2
0,3250098503,0.947859,527848,27
0,1077792017,0.946829,529053,11
0,1157206333,1.008751,530335,12
0,1914734543,1.033142,531052,4
0,4188043063,0.786855,531784,4
0,2076487103,1.135799,532581,5
0,3322220789,0.854103,533300,4
0,384349783,0.938541,533878,2
0,3530294839,0.977281,534394,1
0,3812458831,0.894864,539545,67
0,4108078391,1.033615,541389,20
0,2761892093,0.911086,542942,16
0,1018137569,0.938021,544218,12
0,2907400351,0.877786,544871,3
0,1803356963,1.068458,548522,46
0,2635376923,0.889391,550158,17
0,3678093091,0.991172,551326,10
0,2486581187,0.888841,552192,6
0,2228248049,0.908403,552700,1
0,4123340099,0.729539,554807,19
0,3725582557,0.813701,555483,3
0,3679799237,1.146496,560922,54
0,483928373,0.901929,561754,3
0,3237907969,1.111464,565319,45
0,1459447723,0.783746,567316,22
0,4211813789,0.932801,567901,2
0,2637607927,0.972774,569881,22
0,3904682851,0.870524,570823,7
0,1689805079,0.882225,571399,2
0,35003131,1.079370,573986,31
0,1728049559,0.995105,575482,15
0,1187055473,0.858096,578369,35
0,3352353503,1.123697,579443,9
0,3857627239,1.016466,580670,11
0,3109748569,0.854103,586222,73
0,1011725051,1.081629,590647,57
0,734104967,0.791804,592202,16
0,2342810563,1.191605,592783,2
0,3391686059,0.863202,593636,6
0,1895617957,0.852959,597224,45
0,3609635299,0.713295,598641,14
0,232559623,0.954021,600621,22
0,3566607799,0.940620,601211,2
0,3384269513,0.824432,603044,20
0,66225097,1.039268,603883,6
0,3451284731,0.925971,607274,42
0,1614558947,1.097761,613907,85
0,4172002091,1.000976,616220,24
0,2786471371,0.981767,618359,24
0,424031273,0.908403,619412,9
0,2214635881,0.880008,622490,38
0,3186837109,0.817294,625942,43
0,631177999,0.889391,628817,35
0,895249351,0.940101,629754,7
0,2317949057,0.823246,631364,17
0,1309058843,0.858096,633830,29
0,858196489,0.886090,637116,41
0,144628013,0.846062,637905,5
0,1087106131,0.894864,640310,28
0,3305335387,1.001951,641385,9
0,1820126521,0.846062,643380,22
0,1480933319,1.000488,644382,8
0,1299975377,1.068458,645241,6
0,1910673241,1.074382,647492,26
0,4194186343,0.920152,650940,43
0,3713618653,1.070284,652707,19
0,1253574943,1.219551,656356,42
0,2997481169,1.123263,658630,26
0,2660664143,1.012133,661481,21
0,2325219733,0.732211,663299,16
0,3032409619,0.938541,664454,10
0,3039092153,0.843750,665803,13
0,2476290811,1.094196,667589,19
0,93005119,1.037387,670674,38
0,3973483487,1.016466,673240,30
0,1650796093,1.229123,675072,20
0,98711219,0.919621,676899,20
0,3042881453,1.035031,681249,56
0,1351125977,1.046292,683304,23
0,2422559933,0.942176,687175,49
0,2102486083,0.916963,687968,5
0,2547687563,0.628117,692238,54
0,660226741,1.002438,693048,5
0,1083407477,0.973276,695165,24
0,3311221759,0.824432,698719,44
0,291299473,0.971267,700612,21
0,3191486957,1.032197,702102,15
0,2051221663,0.950432,702614,1
0,187119727,0.824432,706286,46
0,2162308549,0.963190,707295,8
0,2571772243,0.882225,708494,11
0,3855059773,0.853531,711589,38
0,2079610607,0.974780,712531,7
0,558466477,0.784369,714579,19
0,2218710757,1.130628,717571,36
0,1292278159,0.820275,718506,4
0,487686499,0.977281,719298,5
0,4135515431,1.068458,720725,14
0,2651851183,1.031250,725418,61
0,3175165783,0.750651,727964,30
0,4045242251,0.873883,729607,17
0,2679475751,1.017426,730681,9
0,1668489577,0.752600,732161,15
0,3624186763,0.970764,733932,19
0,1447178657,0.919621,735403,15
0,4144554787,0.947859,736401,8
0,286307507,0.977281,738661,26
0,1588191529,0.758416,740220,16
0,3155167537,0.981767,741413,11
0,69596003,0.955044,742050,3
0,4128726229,0.945797,743206,10
0,2542961621,0.817294,746505,41
0,3954157913,0.832682,748079,16
0,1864793297,0.950945,748598,1
0,477533239,1.008267,749104,1
0,3944954297,0.958107,749893,5
0,4073448671,0.983258,751320,14
0,494001103,0.988706,752877,16
0,37497413,1.017906,754214,13
0,2836337243,1.070740,754721,1
0,115415381,0.986728,757378,32
0,311024941,1.073928,758962,12
0,372476821,0.950432,762416,30
0,1319442647,0.811297,763594,5
0,53539007,0.904092,764202,2
0,2779251473,0.727528,765327,10
0,83232053,0.797334,766457,10
0,2553565657,0.724164,768773,27
0,3781296923,0.950945,769693,7
0,3768032819,0.950432,772366,32
0,4164787511,1.146496,773308,7
0,607846367,0.803435,774737,14
0,337758139,1.014061,776504,19
0,1403226641,1.012616,778674,25
0,1633653613,0.932277,779812,10
0,56551739,0.758416,781969,22
0,3138600359,1.033615,783210,11
0,3573660953,0.771818,784222,8
0,506146357,0.940620,787019,34
0,3909446917,1.070284,788016,8
0,3373241629,0.813701,788744,4
0,3110788763,0.942176,792320,45
0,820062301,0.975280,794003,18
0,78340481,0.939581,798113,53
0,1822598507,1.094196,799049,7
0,118049051,1.147347,800383,13
0,2064929149,0.846639,800974,2
0,2553769061,0.897044,801763,5
0,1448595403,0.810695,802700,7
0,1866017149,1.019823,803494,5
0,2950810169,0.931229,805125,17
0,2742790867,0.876115,810511,71
0,4150879357,0.911622,811453,7
0,2520313517,0.921743,812038,2
0,806731579,0.852386,817745,71
0,877196893,0.971267,825976,109
0,554025559,0.869402,827537,16
0,3144734951,1.008267,828411,6
0,3015472573,1.038798,829426,8
0,1539342949,0.824432,829928,1
0,2113261571,1.030776,832610,32
0,221646353,0.944247,833521,7
0,2178470087,0.938021,840524,94
0,3350549197,1.004871,846296,66
0,2824913827,0.978779,848025,17
0,1590570673,1.122393,851399,42
0,2783141677,0.939581,853034,17
0,1354684853,0.994614,854384,13
0,2352095687,0.783123,855728,13
0,3256358221,1.004871,857931,25
0,2235623633,1.116723,859229,12
0,2116802273,0.829745,859953,4
0,1929706973,0.888841,860691,3
0,306625507,0.907327,862804,24
0,2400768263,0.751951,863388,2
0,2168034523,0.635075,864663,1
0,1348007981,1.040677,868225,42
0,1493437051,0.818488,869023,5
0,1480011791,0.975280,872456,43
0,1271815499,1.140946,874986,30
0,365640889,0.886090,875701,4
0,1254767431,1.064795,877672,22
0,3797641073,0.991172,880220,30
0,2758195217,1.004385,880723,1
0,709263593,0.719429,881296,2
0,1181044721,0.947859,885012,47
0,3630234437,0.628894,885869,6
0,3366856249,1.120651,886938,9
0,2780459681,1.178005,887954,8
0,3369675161,0.936979,890141,25
0,1721902229,1.024123,891479,13
0,239207009,1.071652,893922,29
0,1826143063,0.787475,895767,20
0,1530525643,0.786855,896497,4
0,3236611841,1.008267,897283,5
0,2753339879,0.781875,898910,17
0,1430120119,0.796109,901244,27
0,4068083759,1.078012,902310,9
0,3808721879,1.126735,903597,12
0,691169951,0.932277,905148,16
0,1916774983,1.064337,906433,12
0,986112733,0.734209,912541,81
0,179955583,1.156250,914031,15
0,1836632879,0.848367,917067,32
0,1242348433,1.146496,919231,24
0,205642901,1.099538,920571,10
0,2648273191,1.063419,921812,11
0,3516936139,1.063419,923724,21
0,687212077,1.095980,925354,17
0,1626766637,1.068458,926913,16
0,106414093,0.786855,928051,10
0,1559876711,1.001951,931297,40
0,4015175201,0.972774,934389,38
0,4206982699,1.001951,935877,15
0,1078965247,0.956066,937729,20
0,618264979,0.822653,939278,14
0,3394165891,0.916963,940311,8
0,2492016577,1.054196,941299,8
0,1256857523,0.875000,945079,48
0,941642743,0.836777,945867,5
0,3411442967,0.973777,949265,42
0,1174800373,0.851240,952030,33
0,587779639,0.796722,952674,3
0,178074059,0.955044,954357,18
0,1082900047,0.820275,955365,8
0,2179722637,1.004871,956365,8
0,3827154187,0.937500,957434,9
0,2159849261,1.044891,958012,2
0,1477567093,1.039268,961031,37
0,3057186553,0.908940,963485,24
0,4018922099,1.047225,964310,5
0,2745987791,1.039268,966224,21
0,1931901311,0.993632,968340,6
0,3437558987,1.081178,969538,10
0,300010037,1.004385,971579,23
0,2333760907,1.048623,973000,14
0,864597119,0.978779,974283,12
0,3026878709,1.208692,977724,43
0,1783653383,1.000488,978933,11
0,1195637701,0.940101,979656,4
0,2864660347,0.908403,982357,32
0,650518949,1.155828,983074,4
0,3676023133,0.955044,985899,34
0,4227725483,0.714662,987815,21
0,1678850599,0.925971,992930,67
0,1075966417,0.799169,993710,5
0,3361910051,0.872205,995330,17
0,3510722399,0.950945,999480,53
0,469741523,0.656994,1001112,17
0,3597055027,1.085235,1001693,2
0,1298388811,1.097761,1004038,27
0,2613249047,1.004385,1005252,11
0,3093688607,1.094196,1006328,9
0,1938973273,0.858664,1009753,43
0,2985859769,1.209096,1011040,12
0,3196659931,0.854675,1011979,7
0,1182816031,0.851240,1012556,2
0,3624866321,1.048623,1013681,10
0,184385783,1.009718,1014194,1
0,2180189723,0.952484,1018719,54
0,514043111,1.050019,1020365,17
0,2096707567,1.128899,1020890,1
0,1053910021,0.897044,1021677,5
0,982625167,0.750651,1023906,23
0,2657139041,0.875558,1025125,11
0,2002421341,0.813101,1026277,10
0,1618058417,1.017426,1029354,38
0,2383788083,1.101313,1029933,2
0,621756137,1.002438,1030580,3
0,682570409,0.973276,1033617,37
0,1881896131,0.910550,1036782,39
0,2298950551,0.822059,1049281,172
0,1875966041,0.916963,1049863,2
0,1919592751,0.876115,1051703,20
0,1602404759,0.911622,1054589,35
0,3048570677,0.978779,1058321,47
0,4005565243,1.099538,1061768,43
0,2917139257,0.914830,1065214,43
0,1695737093,0.964709,1067593,23
0,3096682961,0.913227,1070626,23
0,1120903877,0.820870,1072516,18
0,1910060741,1.183381,1073945,14
0,2975598289,0.720107,1075298,13
0,1365829741,1.164665,1076155,6
0,1345953893,1.082983,1080787,60
0,1545130243,0.701561,1085552,62
0,2478109519,1.035031,1088791,40
0,1831923377,1.012133,1089586,5
0,3280155883,1.039268,1091640,23
0,1408514033,0.791187,1097892,83
0,3859195411,0.815499,1099310,14
0,4240984939,0.758416,1101232,21
0,2963051417,1.189554,1102024,5
0,1755475691,1.035974,1103939,21
0,1202215477,0.950945,1106562,31
0,732825187,1.132786,1107554,8
0,3184731751,0.843750,1109120,16
0,477265333,0.871645,1110815,18
0,702408491,0.607569,1113563,33
0,375715693,0.944247,1114492,7
0,2477248079,0.735538,1116764,26
0,615188711,0.908403,1118310,16
0,2263023989,1.126301,1118884,2
0,2011927891,0.855816,1120105,11
0,3338425589,1.024123,1122312,21
0,4271243231,1.007782,1124108,19
0,2436926809,0.947859,1125651,16
0,1624588019,0.942176,1126840,9
0,2513576521,0.908403,1127425,2
0,2605691581,1.091516,1128639,11
0,1277288533,0.827978,1129351,4
0,1513681991,1.128467,1130141,5
0,472156541,1.078917,1133221,38
0,3673276531,1.043020,1134359,10
0,1208343623,0.852959,1137730,42
0,1309217047,0.817891,1140330,31
0,3536845163,0.914830,1141823,15
0,2106277597,0.725512,1143190,13
0,1932766217,1.035974,1147803,60
0,3272282513,0.944247,1151314,44
0,1051700959,0.971267,1152392,9
0,203268899,0.797334,1154140,19
0,1489207129,0.791804,1155427,12
0,566101769,0.723490,1157756,27
0,255221231,0.985738,1158274,1
0,3484717277,0.813701,1161152,35
0,834218531,0.911622,1162151,8
0,2398493543,0.911622,1166984,63
0,131140727,0.893772,1170015,33
0,730545923,1.298286,1173953,33
0,3305594251,1.029829,1175297,10
0,3822406283,1.219951,1176157,6
0,3689691253,0.849517,1177450,12
0,2288798177,0.940101,1178866,14
0,3956900771,0.784369,1179527,3
0,1793136607,1.043020,1180531,8
0,3351922061,1.043020,1181528,8
0,3861288449,1.037387,1182518,8
0,2573758087,0.832682,1185277,33
0,1983561997,1.067086,1185993,4
0,1361168533,1.031723,1186635,3
0,1295343089,0.940101,1190780,51
0,2204342743,0.853531,1191395,2
0,1419818261,0.901929,1194333,36
0,2475464561,0.885539,1195813,15
0,4090408897,1.107944,1198078,26
0,1340043821,1.035974,1199237,10
0,1070782429,0.940101,1200319,9
0,2421862439,0.942176,1201519,11
0,2702216677,0.975280,1204214,32
0,397009859,0.971267,1205069,6
0,222090131,1.031723,1211445,85
0,675554081,1.101313,1212707,12
0,4096273033,1.013098,1214825,24
0,4266058229,1.074382,1215900,9
0,55225543,0.988706,1216603,4
0,367674421,1.095980,1218008,14
0,2586906139,1.016466,1220201,25
0,4168331689,1.032197,1220783,2
0,1901312659,0.883883,1230207,122
0,149272061,0.853531,1236823,88
0,493298807,0.846639,1237470,3
0,2809914001,0.875558,1240980,44
0,3105144113,0.751301,1241630,3
0,2239111759,0.937500,1243050,14
0,964044101,0.806468,1244952,21
0,995542987,0.983258,1248066,38
0,2792335111,0.911622,1249006,7
0,3435227533,0.938021,1253493,58
0,3199465543,0.895409,1254297,5
0,834724339,0.884436,1256125,20
0,4017534793,1.074382,1257278,10
0,930394121,0.916963,1259064,19
0,2285058851,1.080726,1259717,3
0,338822521,0.884436,1260289,2
0,767147089,0.827388,1262193,21
0,1881404333,0.950432,1262852,3
0,1357400273,0.950945,1264606,19
0,90863447,1.017906,1266084,15
0,679713971,1.050019,1268069,22
0,1945440899,1.094196,1269849,19
0,4006172827,0.971267,1270786,3
0,1308879017,0.919621,1271941,10
0,1707576019,0.915364,1274509,17
0,3323124677,1.005357,1278102,39
0,4214668253,0.873324,1281779,45
0,1742715259,1.006328,1282613,5
0,2547519607,1.033615,1284096,15
0,3476327339,1.099538,1287398,41
0,3083987909,1.078012,1289244,20
0,2074905401,1.066170,1290527,12
0,1103209531,1.024123,1293697,39
0,2581114621,1.066628,1294979,12
0,746119889,0.882225,1295691,4
0,925341449,1.043020,1296751,9
0,2218494791,0.973777,1302355,74
0,801888959,0.919621,1304404,23
0,77986427,0.913227,1310834,86
0,1602516439,1.008267,1312116,12
0,3393766157,0.973276,1312830,4
0,2786133157,1.003899,1314108,12
0,3507237697,0.877786,1320540,86
0,41302427,0.940620,1321663,10
0,2473009501,0.811899,1323353,18
0,3926523617,0.716027,1325880,30
0,2448110849,0.722139,1330929,61
0,2796902587,1.166341,1333110,22
0,406816763,0.875558,1333782,3
0,656070827,1.033142,1334924,10
0,1037722099,0.970764,1335577,3
0,3809465117,1.004871,1336787,11
0,3617287391,0.573674,1340670,49
0,761723491,0.752600,1341601,7
0,898084189,1.024123,1342957,13
0,2582381803,0.902471,1345379,28
0,225765949,0.908940,1346445,9
0,4235138357,0.981270,1349622,39
0,1024038013,0.827388,1350964,13
0,3643962503,1.226737,1355262,55
0,1242180139,0.991172,1358185,34
0,3847912741,0.910550,1359833,17
0,2606287001,1.073928,1364448,60
0,4185649229,0.864332,1369306,63
0,215226563,1.144365,1373874,54
0,2456507773,1.040677,1374557,3
0,2524839217,0.946829,1377053,14
0,3363755809,0.928078,1377740,1
0,2497060513,1.059739,1379734,22
0,491130443,1.068458,1382484,33
0,2437427791,0.852959,1387400,64
0,4162551817,1.130628,1390424,37
0,3853961113,0.991172,1391634,11
0,1607429113,0.736201,1392367,4
0,2510024329,0.910550,1393654,12
0,3418958897,0.886090,1397160,44
0,2227234819,1.012133,1398785,17
0,3022019477,0.919621,1399569,5
0,3225188713,0.913227,1402591,37
0,1213424083,0.969254,1403447,6
0,3134786351,0.938541,1404453,8
0,2373033259,0.799169,1405253,5
0,1586145317,0.860369,1407427,25
0,4125916661,1.038798,1410529,38
0,2022520421,1.035974,1411186,3
0,1213454629,0.979277,1413707,30
0,292985401,0.577068,1416509,34
0,3638981947,0.899761,1417867,13
0,344472103,0.913227,1421311,43
0,1801436473,1.146496,1422045,4
0,326206343,1.043020,1422765,4
0,2334675041,0.886090,1423473,4
0,4020641959,0.871645,1425591,24
0,336091271,0.818488,1429158,36
0,3481555739,0.758416,1435203,77
0,30870731,0.888841,1437032,20
0,1051861801,1.073928,1440582,43
0,2556349339,0.946313,1441608,8
0,818502329,0.876115,1443858,26
0,1393364293,0.787475,1448467,60
0,2801267621,0.822653,1448989,1
0,3947706041,0.944764,1452855,49
0,3382650989,0.908940,1453367,1
0,1573513243,1.000488,1454367,8
0,2120729543,1.101756,1455581,11
0,2612464901,1.033142,1458399,34
0,2704355021,0.820275,1463598,68
0,1538302079,0.889391,1464537,7
0,4083828143,0.938021,1465123,2
0,1914690017,0.784369,1466399,12
0,401465209,0.956066,1468387,22
0,123536551,0.882225,1469586,11
0,20412709,0.993141,1473362,48
0,2971455499,0.786234,1474713,13
0,617552653,0.938541,1475999,9
0,464494427,1.099094,1476757,4
0,2595410093,1.002438,1479558,20
0,3104666179,0.882225,1481499,18
0,632552311,0.897588,1482950,14
0,941997311,0.958616,1484306,13
0,1702982129,0.973777,1487610,41
0,3753485887,1.004385,1488480,6
0,1293498161,0.815499,1489404,7
0,25214551,1.137517,1491152,19
0,2470643599,0.952997,1491945,5
0,3716960483,1.000488,1493510,16
0,3792846907,0.945797,1494081,2
0,3486016673,0.753248,1496415,27
0,858499283,0.950432,1498322,21
0,750065749,1.004385,1500918,31
0,142450313,0.768648,1502878,22
0,1001689891,0.908940,1503393,1
0,2450679841,0.973276,1504098,4
0,1927376837,0.971267,1506008,21
0,2353674467,1.067086,1508763,33
0,1138425991,0.787475,1512470,47
0,683097127,0.969254,1513614,10
0,2986572991,1.157938,1516728,38
0,838708649,1.067086,1520711,50
0,3576104849,0.753248,1523590,35
0,695546323,1.024123,1528984,71
0,4211679733,0.822653,1531462,25
0,2971938071,0.849517,1532335,6
0,1407298513,0.829745,1534799,29
0,3533581367,1.069828,1536249,12
0,1432519267,0.849517,1537400,10
0,1923575911,1.002438,1539311,21
0,1948229341,1.033615,1541440,24
0,2315395837,0.817891,1542924,15
0,2722467109,0.844907,1543498,2
0,1116070679,0.782499,1546459,36
0,1751661203,1.062500,1547882,14
0,4140004909,1.095980,1549097,11
0,1138872547,0.834439,1550169,9
0,3261519227,0.908403,1552570,28
0,508063793,0.944247,1553690,10
0,670594033,0.941657,1557278,45
0,141783541,1.015505,1560359,38
0,532716061,0.940101,1562113,19
0,2099199701,0.817891,1567444,70
0,3173106499,0.938541,1571038,45
0,720256457,0.889391,1571689,3
0,2499989057,1.014061,1575397,47
0,600149191,1.071652,1577232,20
0,130183883,0.897588,1579162,17
0,702682663,0.921743,1579828,3
0,202114909,0.950432,1581832,9
0,2862554923,0.969758,1583423,14
0,2333165987,0.932801,1586815,42
0,2442259327,0.782499,1589645,34
0,4177702649,0.927551,1590302,3
0,355290203,0.939581,1591085,5
0,1196046539,0.820870,1596087,65
0,1809225283,0.803435,1598297,25
0,190536529,1.110145,1599078,5
0,2467717723,0.967237,1600991,21
0,101934047,0.924387,1603732,33
0,3786777479,1.015505,1605566,20
0,2077105967,1.275138,1606573,8
0,1382813147,0.902471,1608272,18
0,664505557,0.885539,1611150,35
0,2736488701,0.824432,1612230,9
0,2567628919,0.977281,1613242,8
0,3298354373,0.952484,1616003,33
0,2260685281,1.004871,1619020,37
0,535278631,0.640434,1628397,128
0,191809951,1.073928,1633399,61
0,1227823459,0.938541,1634069,3
0,1202894221,1.017906,1635353,12
0,3559469339,0.972774,1637633,24
0,681879479,0.940101,1639090,14
0,1031052623,0.947859,1642401,41
0,892457,0.981270,1643368,9
0,624431953,0.975280,1645750,28
0,1730822083,1.068458,1648774,37
0,1445405081,0.781875,1650188,14
0,2746259011,0.994614,1652238,23
0,3331849607,1.127168,1655823,45
0,1002732191,1.131923,1658717,35
0,1283545217,1.160465,1660397,18
0,2939272519,0.732211,1662521,24
0,1314889669,0.889391,1663526,8
0,2680847789,0.820275,1667806,55
0,1446555311,0.899761,1670492,32
0,747540809,0.946829,1671478,8
0,2742215941,1.024123,1674090,31
0,3632662633,1.009718,1677940,49
0,471634799,1.002438,1679428,15
0,4244297377,0.911622,1680386,3
0,1429616633,1.002438,1682185,19
0,1552140377,0.969254,1684142,8
0,197828611,1.147773,1690791,81
0,3690903451,0.915897,1698274,100
0,1482633073,0.888841,1702453,53
0,1750752071,1.001951,1703936,15
0,2494617233,0.940101,1704441,1
0,2365297063,0.969254,1707129,32
0,787760887,1.031723,1711760,60
0,2422324703,1.069828,1712483,4
0,1690327273,0.844907,1713201,4
0,2022583247,1.002438,1714341,10
0,793035679,0.991172,1716457,24
0,3410752003,1.001951,1717734,12
0,473900443,1.067086,1722446,61
0,2758555087,0.875558,1723666,11
0,482838989,1.099094,1725428,19
0,1244767157,0.867152,1726352,7
0,2149980949,1.020780,1728033,18
0,3713551271,0.818488,1729959,21
0,223356697,0.983258,1730591,3
0,266488241,1.000000,1731092,1
0,2931306307,1.085235,1732448,13
0,622286209,1.142657,1736327,40
0,611466061,0.875558,1737793,13
0,3127029089,0.839108,1741175,42
0,1811987393,1.048157,1741940,2
0,3444478483,0.971267,1742954,8
0,1390654297,0.846062,1744161,11
0,199311733,0.978779,1746064,21
0,1840321529,1.035974,1747626,16
0,3088901657,0.884436,1748549,7
0,3227870213,0.814900,1749952,14
0,2252219773,0.986728,1750743,5
0,191780441,0.888841,1754542,48
0,2782044311,0.911086,1756937,28
0,3553468489,1.015505,1757442,1
0,1541637901,0.880563,1759360,21
0,834648151,1.035974,1759944,2
0,960578191,0.945797,1763308,42
0,1472227441,0.938541,1763951,3
0,114169969,1.032197,1766601,32
0,1109850887,0.781875,1767606,8
0,2135435633,0.955044,1768610,8
0,409642171,1.064795,1770650,23
0,2464901393,1.094643,1771156,1
0,3240854231,0.916963,1778089,93
0,2320695943,0.945797,1778598,1
0,4155993521,1.044891,1781163,30
0,3260306671,0.985738,1782615,7
0,3984387271,0.855246,1783440,5
0,883182061,0.846639,1784015,2
0,91989589,0.792420,1788491,45
0,1631524229,0.947859,1789749,7
0,1030988551,1.010685,1791477,18
0,4062215389,1.038798,1792615,10
0,3607664813,0.833854,1794864,26
0,2889248191,0.955044,1795390,1
0,1846852223,1.201399,1796532,10
0,4252079387,1.039738,1798021,15
0,442854481,0.862070,1799163,10
0,3218789627,0.730208,1799834,3
0,1393643063,0.980772,1801254,14
0,1385677079,0.813101,1801764,1
0,2158253191,0.970764,1802334,2
0,1232793311,1.066170,1805232,35
0,1214928703,1.039268,1807498,26
0,1769624387,1.125434,1809266,19
0,1688947763,1.024123,1811865,31
0,2473455899,1.100870,1812666,5
0,1933175359,0.880008,1814582,21
0,4115268097,1.099538,1815931,13
0,126667511,0.854103,1817616,18
0,1564301129,0.963190,1818755,10
0,3388012469,0.904092,1820203,14
0,1063204949,0.946829,1824774,59
0,1920495677,1.071652,1825632,6
0,3313226629,1.039268,1826782,10
0,2939565457,0.950945,1828633,20
0,998007193,0.910550,1829975,13
0,954627449,1.012133,1832501,30
0,693820271,0.892679,1835453,36
0,3100634591,0.892679,1837785,27
0,1502242373,0.908940,1838916,10
0,4249844761,0.718750,1843384,53
0,1690875553,1.019344,1844256,6
0,3821754787,0.977780,1848149,47
0,2153208149,0.973777,1849873,18
0,241757353,1.095980,1851910,23
0,1003600613,1.073928,1854669,33
0,1729595173,0.907327,1856083,14
0,4063263719,1.037387,1857239,10
0,3540762133,1.017906,1858461,11
0,3105001639,1.085235,1860705,26
0,576041857,0.875558,1863152,29
0,2379106861,1.033142,1864574,14
0,4034728549,0.981767,1867115,30
0,817850237,0.869402,1867700,2
0,2487580141,1.040677,1872132,57
0,3030446953,1.079370,1872641,1
0,844763147,1.064795,1874121,15
0,3059891441,0.841432,1874977,6
0,2613415027,0.899761,1875490,1
0,345233533,1.019344,1876066,2
0,3929476879,0.839108,1877917,20
0,2539363891,0.925971,1879339,14
0,1863672961,0.973777,1881242,21
0,1757858831,0.938541,1882934,18
0,1402931549,0.956066,1883654,4
0,3174174799,0.888841,1886840,35
0,335865401,0.860369,1889338,28
0,1009058299,0.915364,1890688,13
0,54964289,1.006328,1893976,41
0,47981761,0.817891,1894463,1
0,3676446769,0.789333,1895381,7
0,1409371459,0.973276,1895952,2
0,3734354137,0.944247,1896467,1
0,3846220151,1.031723,1897325,6
0,4027657367,0.875558,1897970,3
0,2988432859,1.037387,1899394,14
0,2987474779,0.920152,1900261,6
0,538988459,1.125434,1901746,15
0,1899408031,0.940101,1903240,15
0,3817267183,0.820275,1904323,9
0,2457138947,0.836777,1904984,3
0,3495122023,0.963190,1906898,21
0,2246698547,0.971267,1907412,1
0,704340943,0.981270,1911984,59
0,3194734577,0.888841,1912641,3
0,980950547,0.860369,1913495,6
0,1163062009,1.157094,1915196,18
0,1178071861,0.908403,1916058,6
0,1973262001,0.820275,1916715,3
0,1629560269,0.940101,1917916,11
0,531075659,0.975280,1918911,8
0,4049538481,1.032197,1919562,3
0,835484147,1.168432,1920222,3
0,1114728583,0.972774,1920937,4
0,1660137361,0.969254,1922561,17
0,437508733,0.844329,1924110,16
0,3924200509,0.968750,1925265,10
0,1933752437,0.950432,1925912,3
0,3187150987,0.939581,1928604,32
0,2340685507,1.009718,1929870,12
0,75835307,1.070284,1930443,2
0,1769822777,1.007782,1931025,2
0,967292309,0.851240,1932521,15
0,3339692767,0.950432,1934013,15
0,1997841763,0.797334,1936955,36
0,1291080823,0.858664,1939122,23
0,4242494437,0.883883,1941760,31
0,89212861,0.824432,1944490,33
0,153634139,0.920152,1945959,15
0,1523617351,0.908940,1947725,19
0,3817132339,0.978779,1949351,17
0,4175083943,0.972774,1950148,5
0,4057951637,0.975280,1953964,48
0,170989591,0.971267,1955229,12
0,819436811,0.891036,1961531,84
0,2728443229,0.886090,1964335,34
0,1889694707,0.813701,1966730,28
0,4072669357,1.067086,1969108,28
0,1587806917,1.070740,1969750,3
0,4008019403,1.002438,1971732,22
0,1653519103,0.848942,1973023,12
0,3353417423,0.938541,1974510,15
0,2414479259,0.829745,1976915,28
0,1992204523,1.002438,1977780,6
0,1035384149,0.844907,1978710,7
0,591340873,0.906789,1979561,6
0,2575398053,1.043020,1980558,8
0,1467164749,0.877786,1981832,12
0,3157928563,0.877786,1983666,20
0,11040241,0.947859,1985399,19
0,1870830457,0.938541,1988648,36
0,3435220603,1.126735,1989312,3
0,1137573137,0.969758,1992951,33
0,2885081063,0.978779,1994464,13
0,469424983,1.017906,1999386,58
0,4206063781,0.827978,2001036,16
0,2376824771,0.930180,2001787,4
0,3597887893,1.162987,2005504,47
0,33975787,0.880563,2007533,23
0,3088853041,0.999023,2008936,14
0,3378905483,0.913227,2010076,10
0,2819331677,0.850666,2010954,5
0,443834683,1.044891,2011940,7
0,2408191153,1.040677,2013901,22
0,505633133,1.000488,2020987,95
0,3196558181,1.043020,2022135,10
0,2289443087,0.949404,2022848,4
0,862164137,0.815499,2024323,15
0,1442072993,0.880008,2025467,10
0,1328876993,0.906789,2026805,13
0,2151501761,0.999023,2028296,15
0,2299528279,1.129332,2029288,8
0,1202572093,0.911086,2030153,6
0,3426219101,1.071652,2032966,34
0,3800985347,0.826207,2034589,17
0,2458350289,0.920152,2036795,25
0,3262333043,0.701561,2038583,19
0,540831887,1.171771,2039800,11
0,97999879,0.952484,2040377,2
0,436148513,0.964203,2043388,37
0,2176293547,1.104854,2044891,15
0,4098945661,1.095980,2047300,28
0,2993141471,0.944247,2051750,53
0,2082235733,1.097761,2052704,7
0,1092552319,0.786234,2054829,24
0,1442180683,1.004871,2057024,22
0,4248049111,1.016466,2057563,1
0,1872631049,0.876673,2060797,40
0,974081153,0.846639,2064161,42
0,3690851287,0.853531,2069090,64
0,3917444747,0.843750,2069965,6
0,1451431549,0.796722,2070542,2
0,2694462863,0.889391,2072044,15
0,3433127,0.970764,2075092,38
0,192392731,1.035974,2077570,29
0,4007632963,1.006328,2081308,47
0,1895598121,0.985738,2082721,14
0,3771564383,1.003899,2086310,45
0,3821329331,0.883883,2088432,24
0,4068287009,0.875558,2091624,35
0,2773934819,0.762910,2094085,14
0,2082976277,1.009718,2095266,7
0,3724379671,0.973276,2096302,8
0,638405359,0.817891,2099266,36
0,2770259473,0.913227,2100820,16
0,2041671523,1.064795,2103501,32
0,3406244707,0.842012,2104296,5
0,2406932093,0.835024,2105932,17
0,3136164209,0.986728,2107970,23
0,718216963,1.035503,2111219,40
0,2614569673,0.688919,2111878,3
0,2211082901,0.970764,2112603,4
0,2057395789,0.808886,2118959,85
0,225218467,0.773082,2119881,7
0,1593304247,0.915897,2123615,47
0,4155989573,0.942694,2124483,6
0,451497149,1.064795,2128137,46
0,495592639,1.000976,2130464,27
0,4096278479,0.950432,2134503,51
0,3890102147,0.804043,2136220,18
0,3391821253,1.111464,2138602,28
0,28519901,0.873324,2140139,16
0,715417993,0.907327,2140780,3
0,4281775031,1.069828,2146533,71
0,3220928219,1.178419,2147851,12
0,1344926581,1.050019,2150110,26
0,4210137053,1.043020,2151192,6
0,251371889,0.879453,2152327,10
0,3792255767,0.783746,2153807,15
0,393755333,0.940101,2156017,25
0,751088381,1.066628,2156528,1
0,720069479,0.976781,2157259,4
0,1023850871,1.066170,2161593,56
0,2285578019,1.066170,2162378,5
0,2819138801,0.920152,2163441,9
0,1827946723,0.983258,2163950,1
0,1596495287,0.942176,2165090,10
0,2364066587,0.973777,2166249,10
0,1947881399,0.822653,2167607,13
0,2965068929,1.000488,2170001,28
0,198949937,0.855246,2171061,9
0,1768095877,1.104854,2172887,20
0,3361280231,1.001951,2175904,37
0,3292406417,1.039268,2177448,16
0,783833329,1.007782,2178932,15
0,1717615051,0.925971,2179443,1
0,1678643261,0.977281,2187140,104
0,1016262319,0.947859,2187794,3
0,746179463,0.843750,2193269,66
0,1955345003,1.128899,2194173,6
0,768951823,0.766103,2197431,26
0,3325133857,1.131060,2201233,46
0,4233421729,0.956066,2202514,12
0,4051286891,0.851240,2205424,35
0,3328761847,0.916963,2206710,12
0,2475578033,0.873324,2207355,3
0,3644528347,1.002438,2207940,2
0,3465307487,1.009718,2208950,8
0,1622379971,0.914830,2210710,19
0,3783107633,1.016466,2216933,83
0,3576504259,0.967237,2218633,18
0,4117386649,1.008751,2219359,4
0,1997248109,0.823246,2221553,25
0,951841633,0.946313,2227446,78
0,3072046333,0.814900,2228742,12
0,2953762403,0.902471,2233037,55
0,519106877,0.732211,2234102,9
0,1497379463,0.781875,2238011,50
0,2035071287,0.920152,2241105,38
0,3998106187,0.914830,2242102,8
0,3655011007,0.781875,2243596,15
0,2197802543,1.077106,2247320,42
0,1739135669,0.848367,2249961,31
0,2404184599,0.889391,2255423,69
0,370545523,1.031723,2259517,52
0,3245244173,0.725512,2261148,17
0,1379595551,1.009718,2264457,41
0,2887901273,0.848367,2266013,16
0,813629567,0.960652,2267075,9
0,553637633,0.827978,2268144,9
0,4071572821,0.972774,2268797,3
0,2915667967,0.950945,2272817,51
0,3583357951,0.877786,2274884,23
0,574273057,1.064795,2275953,9
0,2319587021,0.901929,2276457,1
0,134650177,0.880563,2279582,39
0,2479112071,0.824432,2281012,14
0,4176904847,1.147347,2282155,10
0,4010085503,0.946313,2283262,9
0,2212641499,0.981767,2283914,3
0,16946627,0.942176,2284400,1
0,2294084761,1.062959,2285119,4
0,3194231917,1.097761,2285630,1
0,319728917,0.975280,2289636,51
0,4229974547,0.946313,2292031,28
0,2946441691,0.969758,2292619,2
0,725654927,0.848942,2297405,58
0,2970868951,0.975280,2300923,27
0,59812393,0.933847,2302230,10
0,2966318977,0.743461,2303031,5
0,3001873687,0.906250,2304328,12
0,2944362301,1.061581,2305961,17
0,3734039653,1.081178,2307802,20
0,1636942157,1.278580,2308452,3
0,2435909153,0.930180,2312374,50
0,1063290013,0.999023,2312879,1
0,2095958959,0.988212,2315990,38
0,934877407,1.218750,2316712,4
0,245181239,0.914830,2317223,1
0,27136691,0.907327,2318275,9
0,327929353,1.189554,2320729,29
0,4098171923,0.797334,2322290,16
0,1548498583,0.802219,2325104,34
0,2399703869,0.850666,2328955,49
0,3559338511,0.970764,2329464,1
0,4108408831,0.853531,2330202,4
0,2032827317,0.908940,2335524,70
0,1741798813,0.773714,2336669,10
0,1556599661,0.855246,2337602,7
0,707178377,0.791187,2338594,8
0,1512236963,0.882225,2341686,38
0,1599216539,0.751301,2343251,16
0,456876359,0.822653,2343826,2
0,3694184693,0.939581,2344546,4
0,719299759,0.897588,2348140,45
0,4106089453,0.851240,2350198,23
0,3153115883,0.946313,2351353,10
0,3319218587,1.071652,2353359,19
0,2830691069,0.877786,2355899,30
0,1756038541,1.097316,2358681,29
0,13754563,0.962683,2361159,29
0,3314921671,0.842012,2362449,12
0,2609949091,0.984747,2364075,17
0,983564779,0.752600,2367160,38
0,2087805569,1.032197,2367670,1
0,1606455517,1.137517,2368945,12
0,76401203,0.877229,2375998,95
0,1027715657,0.969254,2377891,21
0,1349658991,0.722139,2379104,11
0,23297377,1.068458,2380500,14
0,2164605689,0.908940,2381288,5
0,1606223321,0.970764,2381947,3
0,2598440407,0.811297,2383570,17
0,1054963969,0.766740,2384979,14
0,3670281631,1.062959,2387312,27
0,3538863787,0.911622,2389567,26
0,546297293,0.973777,2391395,20
0,1270724197,1.004871,2392606,11
0,2933801789,1.109705,2393973,13
0,2168993509,0.813101,2394687,4
0,420377273,1.069828,2395328,3
0,829096193,1.064795,2397198,16
0,2615755381,1.008267,2398839,17
0,2417506681,0.911622,2401428,16
0,4255112759,0.880563,2402530,3
0,4173639551,1.067086,2403350,5
0,3705690253,0.960652,2403998,3
0,1992453739,0.879453,2406565,30
0,1594227077,1.021736,2407079,1
0,2761231379,1.070740,2411345,55
0,404751899,0.825615,2411981,3
0,1265127463,1.192833,2415216,40
0,1724449193,0.873324,2415720,1
0,1386993389,0.882225,2417242,15
0,1942649047,0.860369,2418253,8
0,3210022219,0.862070,2421491,40
0,1207078333,0.783746,2423953,29
0,460600633,0.858096,2424806,6
0,2613484759,0.981270,2426309,15
0,1641628507,1.012133,2427380,9
0,1819451929,0.724838,2427953,2
0,51386611,1.080726,2428788,6
0,1901550653,0.796722,2429379,2
0,389589919,0.916963,2431020,17
0,2757606871,0.964709,2432033,8
0,3547645033,0.912157,2435398,42
0,2191626391,0.875558,2437019,17
0,879073207,1.040677,2438987,21
0,329089,0.958616,2440051,10
0,2199582523,0.846639,2440853,5
0,3889169,0.849517,2441605,5
0,849530879,1.129332,2443027,14
0,3042610253,1.035974,2445076,23
0,1557999559,1.078917,2446367,12
0,393824807,0.817294,2447011,3
0,1329528251,0.852386,2447537,1
0,2436724987,0.846639,2448201,3
0,2705190307,1.104854,2448926,4
0,644853721,1.189144,2450137,11
0,3800079677,1.000976,2450788,3
0,1709592587,0.920152,2454344,39
0,2592374009,1.163407,2456984,31
0,3607987081,0.971267,2458767,17
0,1690869769,0.836193,2460114,13
0,3084051563,0.895409,2462648,30
0,2240994803,1.043020,2465616,36
0,3785780447,0.950432,2466487,6
0,4072084733,0.972774,2467290,5
0,2480640653,1.066170,2473102,77
0,3646963781,0.906789,2476872,48
0,1594876121,0.908940,2478158,12
0,3950217379,0.904092,2478887,4
0,1466864453,0.886090,2479962,9
0,4081593511,1.078917,2481029,9
0,1458176669,0.956577,2485404,56
0,4112809471,1.007782,2488504,38
0,2962155557,0.805862,2490000,15
0,319480229,0.851240,2493577,45
0,578793301,0.925443,2495298,18
0,3750974693,0.782499,2496998,18
0,3961398899,1.012616,2497936,7
0,3680182691,0.940101,2499422,10
0,3249028973,0.944247,2501286,20
0,1307834483,0.813701,2503962,18
0,2974458937,1.024123,2505421,12
0,2421132983,1.095088,2506006,2
0,4038341873,0.884436,2506860,6
0,2625235141,1.105296,2507589,4
0,1896860137,0.908940,2508171,2
0,1501161719,1.016466,2509532,13
0,2670243349,0.824432,2510947,14
0,3774368467,1.050019,2512298,13
0,2908128877,0.875558,2514770,29
0,3038919391,0.842012,2516048,12
0,1522919063,1.000976,2517536,15
0,2527661491,1.104854,2519097,16
0,235364299,0.983258,2523579,58
0,308579377,0.796722,2526666,38
0,2016363539,0.950432,2527312,3
0,169807289,0.960652,2528797,15
0,2026740073,1.009718,2530013,11
0,600163481,0.799169,2530584,2
0,3881092339,0.886090,2532019,14
0,3594408317,0.848367,2533308,12
0,2679454289,0.820275,2535145,20
0,2346860209,0.877786,2536427,12
0,776262287,1.102642,2537636,11
0,1977494537,0.775605,2540101,29
0,2134895767,0.722139,2540629,1
0,2410448837,0.946313,2542115,15
0,1830215599,0.668779,2543401,12
0,8134367,0.895409,2547096,47
0,521380571,0.986728,2549141,23
0,1271154167,0.823246,2550286,10
0,3962511359,0.884988,2551922,17
0,2079904433,0.968750,2552438,1
0,298665641,0.833854,2552934,1
0,701092649,1.091963,2554794,16
0,1579089053,0.968750,2555402,2
0,3472393459,0.786855,2555916,1
0,85140619,1.016466,2556546,3
0,3654645727,0.940620,2557627,9
0,2976873853,1.017906,2558149,1
0,613529867,1.026028,2559867,16
0,3009102157,1.095534,2560470,2
0,3063725069,0.832682,2562661,25
0,2574303533,0.907327,2566859,54
0,2082848861,0.880563,2568277,14
0,1626824567,1.050019,2571162,35
0,3083252323,0.940101,2574617,43
0,3097085569,1.031723,2575200,2
0,2280718613,0.940101,2575982,5
0,2753553619,1.066170,2576495,1
0,2191525961,0.969758,2577821,13
0,3000650431,0.784369,2585878,109
0,1887470693,0.915364,2586801,7
0,1695653143,0.942694,2588088,12
0,2589622127,1.002438,2591766,46
0,242649217,1.129332,2593302,16
0,1755810583,0.817891,2596744,43
0,2057204129,1.062959,2599222,29
0,3981179767,0.879453,2599816,2
0,605424763,0.975280,2601088,12
0,1339241807,0.946829,2602191,6
0,2938995833,1.024123,2604524,27
0,880795291,0.915364,2605191,3
0,182618263,0.888841,2607122,8
0,1608132199,0.705032,2609486,26
0,122568379,0.888841,2612017,30
0,106017889,0.855246,2613215,11
0,3211625741,1.039268,2614997,19
0,4234008517,1.044891,2616072,9
0,2961712417,0.818488,2618106,23
0,2151794153,0.936979,2621328,40
0,2519398529,0.888841,2623021,18
0,1086022307,0.924387,2625217,25
0,1626479011,0.854103,2625863,3
0,625213997,1.067086,2630753,64
0,3822061577,1.007782,2631957,11
0,1763005411,1.222750,2636040,52
0,1977443599,0.851240,2638030,22
0,222660983,0.916963,2638810,5
0,2535577571,0.963190,2644292,72
0,2849622143,0.991172,2645157,6
0,3944448377,0.988706,2647216,23
0,454991939,0.903552,2647862,3
0,895136269,0.869402,2648793,7
0,1088241127,0.973276,2651622,34
0,2189142161,0.745429,2652335,4
0,3923057221,0.827388,2653688,13
0,3706411601,0.980772,2654964,12
0,1017968291,1.043020,2658603,41
0,3703928843,0.735538,2660033,14
0,853197517,1.239802,2661184,10
0,2334938719,1.033142,2662873,15
0,3844507577,0.975280,2663686,5
0,731808281,0.940101,2664326,3
0,3849457861,1.004871,2664901,2
0,1722024041,0.983258,2666025,10
0,547387219,1.002438,2667231,11
0,531933643,0.938021,2668239,8
0,3615527327,0.781875,2669387,10
0,1940394983,0.975280,2669969,2
0,2287909649,0.844329,2670546,2
0,3693109141,0.784369,2671270,4
0,1818386753,1.004871,2672265,8
0,1963727089,0.919621,2672978,4
0,2606956087,1.014061,2675184,25
0,1054492727,1.062959,2677308,24
0,3220220779,0.995105,2679456,24
0,2359716641,0.817891,2683514,52
0,631710713,1.064795,2684445,7
0,1666687501,0.942694,2685023,2
0,1276133401,0.950945,2685655,3
0,2407300039,0.928078,2686390,4
0,2449966037,0.973777,2687043,3
0,400969781,0.882225,2689474,27
0,118428911,1.040677,2690490,8
0,1806288427,1.004385,2692950,29
0,2577543373,0.911622,2693943,8
0,367268929,0.823246,2695551,17
0,1509294967,0.784369,2696830,12
0,24791869,1.000000,2700667,49
0,762947209,1.158360,2701172,1
0,1286728913,0.858664,2701828,3
0,1867362619,0.844329,2704439,27
0,1560794797,1.086134,2706360,21
0,2766281449,0.956577,2706868,1
0,1364656343,0.916963,2710662,33
0,610839367,1.033142,2712374,16
0,3761684249,0.880563,2713379,8
0,8541373,1.146496,2714351,8
0,1577903267,0.920152,2715712,13
0,240892079,1.113220,2716920,11
0,3658810319,1.078012,2717777,6
0,2034274091,1.032197,2718702,7
0,4010895443,0.732211,2719838,10
0,1765715351,0.971267,2721059,11
0,884626789,0.863202,2721643,2
0,3138493703,1.039268,2722710,9
0,2406230759,0.852959,2724544,20
0,2824353817,0.792420,2725679,10
0,117560591,1.091963,2727078,14
0,1876607017,0.751301,2727948,6
0,1793868059,0.977281,2730679,33
0,2744061911,1.077106,2731907,11
0,4256656771,1.158360,2732779,6
0,2772562883,1.104854,2737129,56
0,2155071431,0.766103,2737779,3
0,3150406829,0.832682,2739897,24
0,2312118331,0.817294,2741869,22
0,1200615107,1.019344,2743505,17
0,1405086187,1.038798,2746113,31
0,3965113697,1.086584,2746694,2
0,1733346913,0.608373,2747961,12
0,295128763,0.920152,2748609,3
0,930591199,1.068458,2749130,1
0,3512064287,1.043488,2750499,13
0,3651274183,0.892679,2751500,8
0,1021298497,0.910550,2752005,1
0,65518381,1.010685,2752577,2
0,457639151,0.771818,2756628,52
0,1698480503,0.987223,2758119,15
0,2890463869,0.784369,2759273,4
0,717146113,0.734209,2762732,42
0,2146874473,0.886090,2767193,55
0,3666008807,0.970764,2768495,12
0,2734818413,0.908940,2769210,4
0,3189937739,0.760987,2770215,8
0,4165633001,0.984747,2772540,27
0,604452193,0.972272,2773671,10
0,312474787,0.946313,2774189,1
0,2761071787,0.920152,2774907,4
0,3716280343,1.037387,2778059,39
0,2734782511,0.958107,2779275,11
0,471948419,0.908403,2785736,84
0,2719921153,0.907327,2786470,4
0,4067039177,0.915897,2788024,16
0,1206847351,1.006328,2789801,19
0,1480519769,0.876115,2791360,16
0,3575216951,0.969254,2795435,52
0,597052097,1.062959,2796979,16
0,4130986663,1.156672,2798332,13
0,196471661,1.012133,2799119,5
0,1880346673,0.914830,2800799,18
0,2050297751,0.940101,2801667,6
0,4215208363,1.006328,2802544,6
0,2619416981,0.882225,2803681,10
0,347314031,0.975280,2805026,13
0,1851924719,0.973777,2807184,20
0,2486383337,0.940101,2811709,43
0,2458399387,1.055584,2812465,2
0,429636241,0.989199,2813747,12
0,489261481,1.125000,2815438,18
0,20160031,0.862070,2817195,19
0,2557225553,1.088828,2818826,17
0,1239008431,1.050019,2822821,51
0,490231663,0.940101,2823748,7
0,2036306983,0.942694,2825590,20
0,3292561333,0.854103,2826728,10
0,2050653697,1.156672,2829123,28
0,2747514983,1.095534,2831161,23
0,1863101987,0.722139,2832310,10
0,1929529543,0.709864,2835188,35
0,986612197,0.977281,2836041,6
0,2256955499,1.002438,2841231,68
0,3035260091,0.897044,2841746,1
0,1370611741,1.152867,2844425,32
0,3651129847,1.000488,2845087,3
0,3458898299,1.069828,2847152,23
0,2071467397,0.969254,2848016,6
0,534881519,1.073928,2849379,13
0,1925487611,1.133647,2850173,5
0,4190049341,1.052341,2851045,6
0,3579359557,0.950945,2854698,46
0,505092103,1.191605,2855422,4
0,139247569,0.725512,2856131,4
0,2373440819,1.295274,2857282,10
0,3488276227,0.846639,2858713,14
0,1652116157,0.921743,2863063,51
0,1366206659,0.824432,2864006,7
0,1104415993,0.973777,2865552,16
0,2934586519,0.970764,2866732,8
0,3396935833,0.813101,2867807,9
0,2708775623,0.833854,2870134,27
0,3275892947,0.876115,2872314,25
0,29477267,0.973276,2873012,4
0,2714010653,0.876115,2873582,2
0,2996675347,0.836777,2875429,20
0,1474281827,0.939581,2877281,20
0,2556791773,0.877786,2879258,22
0,1886252077,0.817294,2880119,6
0,1791352793,0.914830,2881469,13
0,1274752301,1.038798,2883191,18
0,4035128281,0.858664,2883766,2
0,2874486437,1.038798,2885334,16
0,937928351,0.938541,2890039,61
0,3709510639,1.037387,2891886,20
0,3657954739,1.033142,2893674,19
0,332023301,1.039268,2894934,12
0,3366773363,0.813701,2895593,3
0,3213887393,0.981767,2896307,4
0,2022485041,1.008751,2897727,14
0,424022191,0.862070,2901426,47
0,288492797,0.849517,2902346,7
0,1630191679,0.950432,2903131,5
0,1227018077,0.844907,2904338,11
0,4153707193,1.035031,2904852,1
0,1652833621,0.939581,2906895,23
0,3393664591,0.975280,2908321,14
0,2700384923,0.849517,2909384,6
0,3057039343,1.313244,2914757,57
0,2141111363,1.147347,2918788,49
0,1853261093,0.934370,2920973,25
0,1332640151,1.044891,2922196,11
0,2093210159,0.907327,2922853,3
0,2886770399,0.965215,2925318,29
0,1820565919,1.125868,2928778,43
0,1260776351,0.940101,2930408,17
0,2130816223,0.875000,2931064,3
0,3295668323,1.069828,2932485,14
0,1547755397,1.008267,2934938,29
0,1929553361,0.907327,2937386,29
0,790324721,0.886090,2941431,50
0,2397456001,1.230314,2942932,15
0,3200138537,0.729539,2944289,13
0,3704111,0.824432,2945194,7
0,3176551933,0.864897,2946756,16
0,593693579,0.823246,2948304,16
0,4007335831,0.888841,2949532,11
0,1235533153,0.793652,2950455,7
0,1429003579,1.144365,2952916,29
0,4134387671,0.913227,2957005,52
0,329403223,1.052341,2958291,12
0,2182587049,1.003899,2961544,40
0,3196856563,0.827388,2964496,28
0,255814037,0.817294,2965393,6
0,812271727,0.971267,2970607,66
0,1986899923,0.753248,2971980,13
0,2451035527,0.751301,2972840,6
0,184555517,0.971267,2973827,8
0,2508028517,0.787475,2976712,35
0,2506196723,0.981767,2977432,4
0,1878842051,1.008751,2978023,2
0,3223505017,0.983258,2978734,4
0,1617369869,0.846639,2980564,20
0,3167577487,1.070284,2981497,7
0,381184801,1.004871,2983459,22
0,2236008707,0.848942,2984937,15
0,1451006521,1.111903,2986142,11
0,2749082099,0.836193,2987078,7
0,3956240441,0.973276,2988727,17
0,3978394153,1.006328,2990917,25
0,3961026269,0.815499,2991431,1
0,48068561,0.983258,2992490,9
0,4242431819,0.897044,2993228,4
0,3200583293,1.050483,2996318,38
0,976072277,0.818488,2998163,20
0,774776089,0.981767,2999859,18
0,2847889921,0.849517,3003099,40
0,2611676479,1.099538,3004731,17
0,2278158439,0.944247,3007340,31
0,1519273907,1.032197,3009313,22
0,2300905913,1.061120,3009886,2
0,3796154539,0.889391,3012459,26
0,1917421223,1.063419,3013828,13
0,2715114617,1.106621,3017801,35
0,3489862837,0.899761,3019460,15
0,923995069,0.755190,3020593,10
0,2163108719,0.904092,3021109,1
0,53044349,0.938021,3023142,23
0,757367003,1.038328,3025248,24
0,3160406177,0.954021,3026187,7
0,4074299783,1.031723,3027197,8
0,3619506547,0.846639,3027854,3
0,183789341,1.054659,3029128,12
0,1682531183,0.964709,3031035,21
0,1815476833,0.977281,3033352,27
0,3012130423,1.125000,3035119,19
0,535594597,0.910550,3038695,45
0,443080207,1.027930,3039974,12
0,2259902963,0.884436,3040487,1
0,240101041,0.975280,3048891,114
0,2539497743,0.912157,3052844,50
0,2127397417,1.184618,3057949,67
0,45565649,1.033615,3059707,19
0,2978058049,0.919621,3060216,1
0,941156441,1.133647,3063508,41
0,2234990521,1.066170,3064238,4
0,577379137,0.880008,3068377,49
0,229516739,1.032669,3069659,12
0,4140810493,0.958107,3070257,2
0,2340715061,0.693863,3071112,6
0,3948428303,1.035974,3072472,11
0,560497291,0.958616,3073343,6
0,3012731627,1.001951,3074412,9
0,31765583,1.033615,3075885,15
0,1626432389,0.969254,3078139,26
0,2826696827,0.946313,3079993,20
0,51289741,0.818488,3082166,25
0,3039672299,1.104854,3083540,13
0,2035537249,0.939581,3086659,38
0,1144073617,0.846062,3088289,17
0,1817483233,1.098205,3089423,10
0,1576347743,0.981767,3090714,12
0,2367786019,1.008267,3093461,33
0,1880196431,0.818488,3094660,11
0,3926138719,1.037387,3098946,55
0,127871431,1.016466,3099589,3
0,134117201,0.939581,3100650,9
0,3665586517,0.817891,3102143,15
0,485478509,0.818488,3102860,4
0,4108111193,0.977281,3103453,2
0,2022151561,1.035974,3104254,5
0,1232420473,0.975280,3105879,17
0,160692967,1.106621,3109410,44
0,3556033991,0.977281,3110344,7
0,437632331,0.950432,3110850,1
0,2728707109,0.944247,3112325,15
0,857124889,0.859233,3113192,6
0,1214514481,0.863202,3114869,13
0,44447453,1.199365,3117499,19
0,3493617277,1.137517,3119276,15
0,1202232331,0.815499,3119799,1
0,2063300413,1.006328,3120609,5
0,332369911,0.981270,3122106,15
0,3703298519,1.062959,3123192,9
0,2448082621,0.946313,3125311,24
0,2540044093,0.904092,3125835,1
0,1732868029,0.923330,3129781,50
0,786568337,0.587134,3132662,35
0,4025009311,0.921743,3133319,3
0,1242319759,0.886090,3135237,21
0,404006263,0.834439,3138472,40
0,3037797673,1.035031,3139889,14
0,4228298621,1.127168,3140760,6
0,3800556143,0.688919,3147023,83
0,3235305167,0.977281,3148094,9
0,3438186889,0.963190,3149096,8
0,253174507,0.940101,3150442,13
0,4070648971,0.727528,3151306,6
0,366952181,1.008751,3151823,1
0,3374154709,1.012133,3153868,23
0,2792758421,1.067086,3154384,1
0,122643649,0.970261,3155575,11
0,3194421457,0.969254,3157821,26
0,8030233,0.817294,3164671,92
0,3340958903,0.888841,3167551,35
0,3523602889,0.841432,3168723,7
0,2384554681,1.055584,3172712,51
0,253987199,1.024123,3173408,1
0,3143732407,1.000976,3176876,43
0,1964591351,1.157094,3177959,9
0,4204625081,0.889391,3180164,25
0,3344775157,1.168432,3181185,8
0,3627639761,1.125434,3182538,13
0,1293968561,0.813701,3183039,1
0,2946615631,0.784369,3183764,4
0,62315849,0.844907,3187954,54
0,1984239001,0.883883,3189780,19
0,3308645521,0.906250,3191734,21
0,859953169,0.888841,3192786,9
0,2594827579,0.971267,3193311,1
0,185501447,1.039738,3194715,14
0,554863447,1.004385,3195635,7
0,1349986697,0.781250,3197322,18
0,3132268871,1.066628,3200834,44
0,1330604183,1.039738,3201696,6
0,3907170409,0.989199,3203174,15
0,3808584721,0.756482,3203750,2
0,4089929509,0.950945,3205037,12
0,303929147,1.039268,3208125,38
0,1718840657,1.043020,3208706,2
0,3973858043,0.913227,3209916,11
0,2159584573,0.632764,3210847,7
0,332849599,1.075745,3213243,28
0,1002728317,0.962683,3217626,52
0,1987544021,0.768648,3218236,2
0,69132293,1.024123,3225237,78
0,1642715201,1.160465,3226213,5
0,1238452037,1.043488,3227492,12
0,2881427677,1.070284,3230441,36
0,1809443171,0.911622,3231382,7
0,2021195119,1.012133,3232112,4
0,2095903529,0.882225,3234168,23
0,1262127751,0.781250,3235100,7
0,2431380823,0.930180,3236953,20
0,1214325137,0.867152,3237449,1
0,2448575953,0.761629,3242685,69
0,2555055781,1.043020,3243539,6
0,1039353071,1.035974,3245963,27
0,1190116177,0.977281,3247255,12
0,1731975209,0.880008,3249378,24
0,4101466093,0.818488,3253524,53
0,2684297831,1.194470,3254816,12
0,3721955437,1.136229,3258744,50
0,55115933,0.755190,3259787,9
0,1718984723,0.895409,3261828,23
0,3492774289,1.130628,3262747,7
0,4150660733,0.732211,3263890,10
0,683925859,0.882225,3264538,3
0,1175581831,0.851240,3267631,38
0,2451717889,0.940101,3269749,24
0,1389429161,1.001951,3273217,39
0,3421596371,0.906789,3277159,47
0,85086919,1.016466,3281106,50
0,1318923049,0.867152,3283139,21
0,4182147667,1.098205,3285676,30
0,2275523323,0.970764,3287664,22
0,2966689547,0.991172,3288447,5
0,3516545759,0.892679,3290012,16
0,2364456533,1.044891,3290668,3
0,3554394583,0.877229,3291396,4
0,1190359843,0.877786,3292812,14
0,2690028149,0.942694,3294797,22
0,3605977889,0.815499,3295461,3
0,820094959,0.848367,3296391,7
0,1541867927,0.770552,3297886,15
0,2692174123,0.797334,3300237,27
0,1870409461,0.846639,3300758,1
0,1568371559,0.836777,3303991,40
0,2886899713,0.911622,3304559,2
0,1511771269,0.946829,3305282,4
0,764664833,0.946313,3306771,15
0,2689040479,0.824432,3307554,5
0,1921127503,0.897588,3311813,55
0,2764965041,0.877229,3314132,27
0,2595831751,0.882225,3314719,2
0,3580612247,0.906789,3317206,29
0,984155269,1.104854,3328689,139
0,2274557893,1.069828,3330505,17
0,3650902601,1.019823,3332750,26
0,3152011927,0.911622,3333413,3
0,2950680127,0.964709,3333941,1
0,2184469517,0.879453,3334722,5
0,1423491871,1.008751,3335518,5
0,3329064247,0.977281,3336666,10
0,3391424093,0.855246,3337380,4
0,286628107,1.161727,3338234,6
0,425034937,1.019823,3339011,5
0,2424578003,1.140946,3339587,2
0,1078225139,0.797334,3340581,8
0,47276297,0.950432,3341838,12
0,2302527001,0.911622,3343596,19
0,2542165393,0.791187,3344252,3
0,749110799,1.095534,3346222,22
0,4088669521,1.016466,3347145,7
0,1369628461,0.852959,3350382,40
0,2475416689,0.971267,3352293,21
0,2921396869,0.889391,3353150,6
0,2669918417,0.822653,3355552,28
0,2730455303,0.875558,3356767,11
0,531409787,1.163827,3359523,32
0,2674237219,0.811899,3360211,3
0,3865626559,0.815499,3361008,5
0,207591313,1.039268,3361865,6
0,229492609,0.946313,3362441,2
0,1513739113,0.920152,3364768,27
0,3198343009,1.062959,3365767,8
0,1377335647,0.752600,3368589,34
0,1491812059,0.893772,3369400,5
0,2104920061,0.789333,3372572,39
0,1042947481,1.228725,3374084,12
0,3329019943,0.980772,3375934,20
0,3619546633,0.864897,3377909,22
0,1774232959,1.031723,3380938,36
0,2997986317,0.846062,3392080,153
0,2367965461,0.981270,3395092,37
0,3046666159,0.811899,3396743,17
0,705213349,0.945797,3397454,4
0,3782810891,1.006328,3398670,11
0,1460475017,1.039268,3400781,24
0,1528063219,1.066628,3403598,34
0,4000085893,0.781875,3404114,1
0,1444007767,1.129332,3408950,63
0,2670005773,0.940101,3410639,18
0,3301048841,0.789333,3411280,3
0,3630207403,0.978779,3412560,12
0,204018467,1.000488,3414932,28
0,2788905517,0.908403,3416762,20
0,2778606661,1.038798,3420351,45
0,4114051421,1.189554,3421090,1
0,723869987,0.656250,3421678,2
0,1660247707,1.097316,3423389,18
0,522765377,1.195695,3425373,6
0,2648896721,0.946313,3428451,35
0,982341611,0.886090,3430309,20
0,4045202177,1.043020,3431720,14
0,153958837,0.755190,3432368,3
0,768407219,0.854103,3433944,16
0,3494433161,0.864897,3437787,49
0,3375427193,0.968750,3438691,5
0,333494459,1.163407,3439637,7
0,3644283257,1.156672,3441624,22
0,540265277,1.025552,3443277,17
0,156702011,0.760345,3445655,28
0,1198667891,0.791187,3446456,5
0,569915959,1.105296,3450473,51
0,713528551,1.073928,3452025,16
0,11655937,0.913227,3455107,38
0,1129175273,0.918559,3456042,7
0,833535673,0.993632,3456555,1
0,122297671,1.068914,3458652,24
0,1117334927,0.924387,3459793,10
0,3634041427,0.908403,3460725,7
0,1153334243,0.970764,3462152,14
0,473901119,0.822653,3465944,48
0,4246216673,1.147773,3466739,5
0,3038789701,0.995105,3470940,54
0,1046239889,0.942176,3472980,23
0,193059941,0.940101,3481772,113
0,3957357347,1.097316,3483314,15
0,2182453307,1.170520,3484376,9
0,2525801497,0.875558,3487667,41
0,2349256619,1.050019,3491590,50
0,1517676779,0.906250,3494624,37
0,3283808147,1.075745,3495575,7
0,3216353597,0.906789,3496790,11
0,2190816763,1.062500,3497517,4
0,634652471,1.064337,3498588,9
0,3387388897,1.063419,3500635,23
0,3808069571,0.775605,3504507,49
0,3137878043,0.944247,3506056,16
0,3488281871,0.781875,3506654,2
0,4203940889,1.040677,3508859,25
0,172810139,1.048623,3510409,16
0,1495271801,0.908940,3511275,6
0,1134475103,0.883883,3511934,3
0,4199054099,0.911622,3512793,6
0,4140018031,0.908940,3513875,9
0,2323945891,0.908940,3515717,20
0,3953376913,0.946313,3518455,33
0,1870185943,1.004385,3519113,3
0,1801150433,0.812500,3520958,20
0,1590653401,0.942176,3522591,17
0,360196637,0.908940,3524209,12
0,3002717723,0.988706,3527158,23
0,1672978487,1.064795,3528882,14
0,1240806767,0.904092,3532692,48
0,1675192793,1.065254,3533920,11
0,4227119749,0.988212,3535973,23
0,2248485871,0.832682,3537322,13
0,635118017,1.086584,3538735,14
0,2759488007,1.071652,3539452,4
0,282133781,0.768648,3548098,118
0,2433792523,0.938541,3550980,35
0,1365731273,0.853531,3552191,11
0,3866217779,1.039268,3558079,78
0,3397572499,0.933847,3559986,21
0,3281815877,1.004871,3560562,2
0,2742414733,0.932801,3562138,16
0,2948503709,0.927551,3568778,89
0,775116451,0.942176,3570614,20
0,4237458161,1.034559,3573573,36
0,1490851129,1.135799,3577365,48
0,1118113537,1.039268,3580791,39
0,2179168151,0.784369,3582510,18
0,3424293283,0.814900,3586467,48
0,1522126289,1.160465,3591758,69
0,435152407,1.079370,3593804,23
0,771562823,0.950432,3595244,14
0,2927394287,0.822653,3596116,6
0,1164103921,1.004871,3597735,17
0,3313249813,0.972774,3600268,30
0,3338434849,0.907327,3601550,12
0,938477977,1.002438,3604009,29
0,4224071983,1.032197,3604736,4
0,1611672287,1.094196,3606909,25
0,705352771,0.848942,3608257,13
0,170657731,1.102642,3610769,30
0,1736266313,0.942694,3611768,8
0,3020216429,0.919621,3612915,10
0,3140447633,0.989199,3619168,83
0,38104609,1.035974,3619871,4
0,58315339,0.942176,3623017,39
0,3544288411,0.938021,3624662,17
0,856474523,0.910550,3627343,28
0,1586646137,1.068458,3632514,54
0,3133009259,0.940101,3633761,9
0,2989965029,0.899761,3636777,37
0,542900299,0.945797,3638105,13
0,2426549513,0.985738,3639167,9
0,3084790691,0.940101,3639762,2
0,1955426437,0.849517,3640547,5
0,1910908891,1.070284,3641620,9
0,2097618881,0.973777,3642475,6
0,3329355233,0.941657,3642987,1
0,818430941,0.919621,3644746,19
0,1555005061,0.891584,3649033,55
0,1544498243,1.021736,3650594,16
0,1833487787,1.191605,3653053,29
0,2725673651,0.898675,3653576,1
0,4015670171,0.924387,3654092,1
0,1080668999,1.032197,3654884,5
0,1315872869,0.967237,3655400,1
0,1556727673,0.720107,3656201,5
0,2520042037,1.133647,3658100,21
0,2312359421,0.940101,3660511,28
0,1380462593,1.017426,3661705,11
0,3127524073,0.846062,3663202,15
0,3045803141,1.022214,3665042,20
0,3255460223,0.884988,3668900,49
0,3199071943,0.832682,3669980,9
0,1288323653,0.877786,3672650,32
0,210010081,0.978779,3673292,3
0,919259069,0.911086,3675765,29
0,2870721407,1.126735,3677276,15
0,1875365101,0.782499,3678926,17
0,2158752109,0.938541,3680548,12
0,1149385439,0.988212,3681418,6
0,3010818851,1.099538,3682287,6
0,2002129447,0.741488,3684687,28
0,1478621689,0.915364,3686448,16
0,2059070137,0.914830,3687330,6
0,1889661271,1.095980,3689063,17
0,1287670003,1.043020,3690234,10
0,3223333951,1.132786,3698788,116
0,2099541517,0.938021,3701398,31
0,3204779323,0.911622,3705265,49
0,3011814907,1.035031,3707035,19
0,3807315613,0.908940,3707765,4
0,1718790251,0.815499,3708902,10
0,411667187,0.941657,3709613,4
0,555296779,0.913227,3710597,8
0,4016973449,0.820275,3712013,14
0,1663202339,0.973777,3714064,23
0,3409135201,1.000976,3715482,14
0,789396661,1.007782,3716131,3
0,436188281,1.100870,3717346,11
0,3859372019,0.973777,3717998,3
0,3182385097,0.886090,3719227,11
0,1739117333,0.753248,3721621,28
0,982559129,0.832682,3724239,31
0,3989909321,0.811899,3729687,67
0,1035612037,0.977281,3732958,23
0,1559707573,1.048623,3734726,16
0,2627579947,1.012616,3735659,7
0,4127483513,0.829745,3739587,49
0,1995824561,0.789333,3742699,38
0,1502183653,0.793036,3743280,2
0,1769016371,1.033615,3744485,11
0,3391183813,0.820275,3745758,12
0,3401699911,0.950432,3747517,19
0,2962567507,1.105296,3750744,40
0,3667209341,1.016466,3751959,11
0,55053827,1.068458,3753922,22
0,2476047647,0.946313,3755829,21
0,3311906729,0.773082,3762501,89
0,1531054201,0.663649,3765371,35
0,3020655367,0.946313,3768822,43
0,2452981807,0.915364,3770105,12
0,1908198223,0.825615,3770831,4
0,413380271,0.801000,3772520,18
0,3526255331,0.716027,3773380,6
0,3547046467,1.012133,3778777,71
0,16439023,1.043020,3780394,17
0,961153433,0.880563,3781758,11
0,2424556457,1.146496,3784318,25
0,4042441939,1.068458,3790151,74
0,3016800113,0.844329,3794204,51
0,2834788057,1.105296,3795486,12
0,3887835089,0.855246,3796007,1
0,1484899861,1.000976,3798604,31
0,1537737769,0.969254,3799868,12
0,2648324281,0.977281,3800744,6
0,1518670847,0.938541,3806779,80
0,2398684933,0.727528,3807356,2
0,3757161871,0.980772,3808159,5
0,740462381,0.942176,3809302,10
0,3237700243,0.853531,3811278,22
0,289290451,0.973777,3811783,1
0,4277582263,0.942176,3813220,14
0,1444462231,0.844329,3814984,19
0,4221342239,0.911622,3815709,4
0,2552042869,1.019344,3818094,28
0,2355239207,0.877786,3818884,5
0,2821082981,0.942694,3819469,2
0,2358017243,1.004871,3821025,16
0,1580500043,1.101313,3821740,4
0,54927109,0.852959,3822578,6
0,1102657487,0.855246,3824283,18
0,1942561367,1.108825,3826821,30
0,2891604173,1.001951,3827469,3
0,1734308099,0.815499,3829726,26
0,816466523,0.806468,3830979,7
0,877148647,1.008751,3835373,43
0,2749549799,0.691748,3836982,13
0,2645466179,1.004385,3838017,8
0,151533853,1.012616,3841998,51
0,2060837057,1.191605,3842925,7
0,2775700157,0.916963,3843517,2
0,3438599807,0.784369,3845365,20
0,3836040179,0.766740,3846019,3
0,3732124259,1.189144,3848702,32
0,1812865519,1.017906,3851366,32
0,1352070281,1.136229,3851871,1
0,582058457,0.938021,3852585,4
0,662130071,0.942176,3853801,11
0,1876184251,0.822653,3854750,7
0,1880876203,1.074382,3855480,4
0,503250049,0.822059,3855988,1
0,2870745151,0.886090,3856775,5
0,2769793849,1.161727,3859800,37
0,2992000981,0.813701,3860599,5
0,15781603,0.782499,3861087,1
0,683526367,0.941657,3863564,29
0,1352774561,0.977780,3865805,26
0,1626212453,0.969758,3867914,24
0,2561140079,0.705032,3868711,5
0,140463173,0.915364,3872284,45
0,1605019651,0.791187,3874808,30
0,571050569,0.820275,3878720,50
0,2945102843,0.942694,3879735,8
0,1864364057,0.866589,3880458,4
0,1411568771,1.048623,3885782,70
0,3987837107,1.061581,3887428,10
0,3734173447,1.061120,3888873,14
0,388131251,0.910550,3891213,27
0,1928500751,1.095980,3892004,5
0,3269545193,0.910550,3892713,3
0,4187341063,0.848942,3893873,10
0,2417836753,0.915897,3894935,9
0,1271341061,1.012133,3896618,18
0,68688289,0.750651,3899334,33
0,1930721981,0.858664,3899848,1
0,3997018381,0.914830,3906020,82
0,1840105951,1.002438,3906679,3
0,3566950459,0.976781,3907610,7
0,3645448141,0.989199,3908749,10
0,2989550297,0.848367,3909821,9
0,4048664773,1.004385,3912292,29
0,243338957,0.923330,3913420,10
0,3781362383,0.897044,3916297,35
0,939676093,0.971267,3917841,16
0,4227689021,0.864897,3918713,6
0,4029250229,0.988706,3920274,16
0,2140496669,0.938541,3921555,12
0,2587528259,0.906789,3923383,20
0,3894337003,0.940101,3926287,35
0,4263768767,1.125434,3928061,19
0,931188329,1.075745,3929405,13
0,1531858711,0.938021,3930754,13
0,3379259071,0.879453,3932396,17
0,1372182943,1.012133,3934320,16
0,869384317,1.125868,3935399,9
0,3344937131,0.781875,3937561,11
0,3596822989,1.158360,3939991,23
0,1439165881,1.104854,3943820,48
0,3728954323,0.921743,3944958,10
0,1026401471,1.042552,3948607,46
0,564010333,0.833854,3950305,18
0,2125645279,0.833854,3951103,5
0,780234593,0.950432,3953283,25
0,3181222987,1.062959,3957349,52
0,2529591521,0.955044,3959112,19
0,635900047,1.062959,3959897,5
0,253497967,0.920152,3961660,19
0,3543886519,0.995105,3962943,12
0,1554682897,1.004385,3963516,2
0,10982869,0.938541,3965538,23
0,366877387,1.017906,3970163,60
0,2314967153,1.255068,3970890,4
0,3947356879,1.019823,3971692,5
0,1726404367,0.910014,3974990,41
0,1050812671,0.919621,3976964,22
0,1167833179,0.796722,3978939,22
0,4001879017,0.908940,3979525,2
0,2597453927,0.950432,3986443,93
0,1955809837,1.024123,3987201,1
0,3874152101,0.952484,3989734,28
0,2364028049,0.873883,3990590,6
0,3588441299,0.940620,3998717,108
0,1823610401,0.854103,3999583,6
0,2277757483,1.007782,4003021,43
0,1478019359,1.074382,4004997,22
0,3867539003,0.944247,4006071,9
0,2143172651,1.033615,4006737,3
0,2137455473,0.981270,4007745,8
0,792799391,0.921743,4009016,12
0,3698862911,0.782499,4010858,20
0,1939514897,0.846062,4014442,45
0,2144933717,0.875558,4017060,31
0,116532883,1.035503,4018398,13
0,2787245917,0.884436,4019200,5
0,3090579643,0.879453,4020690,15
0,2726340781,0.844907,4023350,32
0,640872053,0.791804,4025327,22
0,4169931503,0.952484,4026128,5
0,2638890577,1.132354,4026838,4
0,2111735083,0.983258,4030358,44
0,1810906441,0.829745,4033380,37
0,1378015549,0.988706,4035781,23
0,2855229347,1.019344,4036740,7
0,1922490179,0.969254,4039505,19
0,3976677091,1.290742,4041433,19
0,3922999039,1.095534,4042307,6
0,3408942071,1.031250,4043098,5
0,3305487859,0.971267,4043896,5
0,2498272457,0.983258,4044760,6
0,760252763,0.991172,4046306,16
0,3775350307,0.842012,4053022,90
0,1521398999,1.048157,4056957,50
0,387872609,0.942694,4057602,3
0,2122312393,0.853531,4059166,16
0,913402909,1.040677,4060725,16
0,932186557,1.008751,4062347,17
0,4192886773,1.067086,4065031,32
0,715854151,0.973777,4066667,17
0,3293593789,0.818488,4067839,10
0,45100591,0.880563,4068739,6
0,40841743,1.158360,4070488,19
0,789773599,0.973276,4071984,15
0,3516559181,0.950945,4074383,28
0,1591099817,0.897044,4075666,12
0,2173453511,0.818488,4078197,30
0,2594398231,0.880563,4081071,35
0,658485067,1.075745,4082435,13
0,1034472433,0.882225,4083299,6
0,2799743267,0.946313,4084300,8
0,3816242249,0.760987,4090142,73
0,2969934577,0.786234,4090956,5
0,3848685307,0.977780,4091611,3
0,3555016121,1.037387,4092962,13
0,2224155763,1.077559,4094029,9
0,1752560191,0.913227,4095193,8
0,3336481483,0.758416,4097208,22
0,1228453067,0.925443,4105329,110
0,517170701,1.044891,4106112,5
0,3708977249,0.814900,4107248,10
0,2275280431,0.914830,4110137,35
0,350727709,0.880563,4111138,8
0,3152140829,0.784369,4113207,23
0,2667900743,0.941657,4115744,30
0,3874121701,0.884988,4116331,2
0,2276304497,0.891036,4118037,18
0,4053480511,0.934370,4118900,6
0,2108907961,0.946313,4122413,44
0,3495123431,0.975280,4122925,1
0,1836143273,0.880563,4125590,32
0,3433232983,0.876115,4127920,27
0,162451021,1.079370,4128842,7
0,1508965877,0.786234,4131885,37
0,2695718563,0.946313,4136388,58
0,2967122033,1.131060,4139283,31
0,1656449101,0.893772,4142130,21
0,2168597671,0.836777,4142809,1
0,4013414491,0.964203,4145776,36
0,2782518521,0.848942,4147289,15
0,1446752599,1.007782,4148985,18
0,418229017,0.813701,4150820,19
0,757511861,1.004871,4152309,15
0,3637497779,0.928078,4152899,2
0,921324713,0.938021,4155009,24
0,1265222267,0.806468,4156301,12
0,1559979073,0.880563,4159257,36
0,873613291,1.014061,4160193,7
0,3092337737,0.997556,4161391,11
0,2691490691,1.147773,4161969,2
0,2712036029,0.797334,4164920,36
0,3352155929,0.802219,4165644,4
0,1277086457,1.190785,4172936,98
0,1919709353,0.985738,4177627,61
0,798825253,0.858096,4178345,4
0,981127963,0.877786,4181088,33
0,2506837747,1.113658,4182039,7
0,2528559727,0.950432,4182555,1
0,748349267,0.851240,4187942,71
0,4049920687,0.907327,4188810,5
0,632685071,1.228725,4190101,12
0,1549048603,0.753248,4192714,26
0,3755495477,1.025076,4193265,1
0,3358068997,0.771818,4195370,24
0,3999648703,1.157094,4196518,10
0,1835691883,1.062959,4202648,79
0,1563341789,1.050019,4205922,40
0,4029220253,0.920152,4207827,21
0,2898161251,0.915364,4210233,28
0,2891306273,0.882225,4211514,12
0,1214828677,0.879453,4212154,3
0,2553142903,0.975280,4212960,5
0,242302031,0.846639,4217582,60
0,2960267077,0.978779,4221509,50
0,4155751429,0.941657,4225872,56
0,316867049,0.903552,4226584,4
0,1818513691,0.889391,4229190,31
0,1107221051,0.834439,4229777,2
0,1413159329,0.836777,4230446,3
0,534693769,1.015505,4233191,33
0,869747617,0.791804,4235087,21
0,2526749293,1.203835,4240061,60
0,3170668199,0.930180,4241577,15
0,1963375361,0.882225,4244028,16
0,518070827,0.880563,4245413,9
0,807478621,0.869402,4246663,11
0,4282499807,0.991172,4249545,35
0,1976168357,0.946829,4251601,23
0,945628987,1.068458,4253726,24
0,13946609,0.801610,4255607,21
0,542891911,0.977281,4258001,28
0,3504208229,1.244519,4262302,55
0,1659982669,1.037387,4264221,21
0,2294585641,0.659219,4268286,52
0,547195213,1.003899,4268858,2
0,4069116127,0.963190,4269651,5
0,3050617697,0.715345,4271143,15
0,2372664557,0.791804,4273852,32
0,3537140557,0.814900,4275895,23
0,33230893,1.097316,4277290,14
0,1473666877,0.971267,4278305,8
0,2190779263,1.004385,4279096,5
0,1813585421,1.065254,4284548,71
0,126620789,0.942176,4289883,70
0,4212940651,0.944764,4291105,11
0,1563622199,0.883883,4291693,2
0,3252253759,1.140946,4293040,13
0,1037516939,0.925443,4296496,31
0,4021860503,0.915897,4299577,34
0,3969476527,0.715345,4300528,7
0,1214766187,0.632764,4302015,15
0,15355091,0.947859,4302641,3
0,1796619311,0.880563,4305104,26
0,643940753,1.019823,4305970,6
0,3795690187,0.940101,4311008,66
0,1508790649,0.939581,4313953,36
0,4113915943,0.910550,4314810,6
0,7780891,0.848942,4315581,5
0,1242308957,0.942694,4316083,1
0,2826258763,0.977281,4318892,34
0,3303311503,0.855246,4320515,17
0,3383196881,0.813701,4322909,28
0,2753176099,0.844907,4323410,1
0,177666103,1.069828,4324683,12
0,1077149783,0.924387,4326717,23
0,2904220141,0.827978,4327926,11
0,3968834843,0.969254,4328930,8
0,393889709,0.846639,4331038,24
0,1533607837,0.958107,4332115,9
0,684517489,1.171771,4332688,2
0,1583042081,0.911622,4333337,3
0,2149945621,0.940101,4336073,33
0,2227578841,0.848942,4338959,35
0,4184344949,0.955044,4339962,8
0,656002097,0.822059,4341650,18
0,1335014171,0.940101,4342623,3
0,1035123899,1.071652,4344485,20
0,4054316437,0.760345,4345004,1
0,3874081243,0.863202,4347379,14
0,2746937009,1.047225,4349553,22
0,2697975019,0.927551,4350767,11
0,2770044877,0.946829,4355287,58
0,3912073927,1.160465,4356011,4
0,2299982467,0.897588,4356737,4
0,3612191027,0.813101,4357781,7
0,1212496367,0.911622,4361114,41
0,2859666983,0.985738,4361763,3
0,3636557101,1.130628,4365805,51
0,3574560313,1.043020,4366533,4
0,4145249033,0.851240,4368854,27
0,649933847,0.781250,4369716,6
0,1750401571,0.822653,4371750,23
0,2898406201,1.242949,4373026,12
0,2354675639,1.094643,4375013,22
0,2978137949,0.950945,4380909,78
0,3034285939,1.012133,4381703,5
0,701741813,0.906789,4383556,20
0,427937359,0.973777,4384894,13
0,3960725777,0.882225,4387630,33
0,4232428199,1.050483,4391090,43
0,768401057,1.223947,4393139,23
0,1101885217,0.986728,4394827,18
0,2291670011,1.004871,4395823,8
0,259691633,0.854103,4400636,54
0,2419846463,0.975280,4401582,6
0,1149552797,1.014061,4402578,8
0,1714087069,1.098205,4404310,16
0,2634315221,0.891036,4412547,111
0,3078243307,1.004871,4413621,9
0,1433777929,0.938021,4420021,85
0,4177103783,0.791804,4421100,9
0,1378695559,1.085235,4422187,9
0,3682961609,1.064795,4423112,7
0,1236218089,0.844907,4425149,23
0,726283871,1.117160,4426517,13
0,1784108281,0.783746,4428663,24
0,3731431861,0.916963,4429522,6
0,1531288777,0.864897,4430247,4
0,2180880389,0.791804,4431172,7
0,2359999079,1.035974,4432110,7
0,2952402961,1.132354,4432756,3
0,3407828881,0.976781,4433911,10
0,2146415213,1.024123,4435130,11
0,4200207727,1.002438,4438609,43
0,3235825097,0.852959,4441308,32
0,3306617957,1.043020,4449693,92
0,3677125541,0.753896,4452165,26
0,1029808061,1.069828,4452965,5
0,855534541,0.886090,4454802,20
0,2191534229,1.122393,4458732,50
0,2646293747,1.035031,4459538,5
0,1296841697,0.988706,4462631,38
0,3769289467,0.925971,4465240,31
0,1279475311,1.012133,4467495,26
0,149218339,0.647260,4469318,20
0,2053494871,1.099538,4472126,34
0,1729516237,0.791804,4476116,51
0,576521279,0.973777,4476690,2
0,580567409,1.137517,4478648,22
0,2842632061,1.197736,4480232,16
0,622687069,0.877786,4480742,1
0,1600076449,0.910550,4481466,4
0,3377333413,1.202211,4482388,7
0,3510480007,0.897588,4483186,5
0,1755951121,0.781250,4483963,5
0,428981191,0.894864,4485725,19
0,2613903913,1.016466,4487695,22
0,1675056973,0.880563,4488420,4
0,3922086943,0.938541,4489975,16
0,992213011,1.129332,4490901,7
0,1026364373,0.915364,4491760,6
0,3435471449,0.783746,4493930,25
0,2790606197,0.940101,4494649,4
0,867520861,0.981270,4495375,4
0,3542525633,0.915364,4498614,40
0,1929402119,1.019344,4501031,24
0,679333511,0.858096,4503025,22
0,388748629,0.938021,4503812,5
0,2950952513,1.003899,4504541,4
0,4230703693,0.969758,4506023,12
0,2579547827,0.827978,4509050,37
0,4019750927,0.911086,4510409,13
0,1872700153,0.880008,4511975,16
0,2741302901,1.037387,4513393,14
0,1340544019,1.158360,4514947,16
0,3344571847,0.930180,4515600,3
0,2740229693,0.969758,4519258,46
0,2464478719,0.938541,4521391,24
0,1141777207,0.938021,4522035,3
0,1350836243,0.987223,4522668,3
0,471359107,0.756482,4524507,20
0,700678031,0.846639,4525927,14
0,3718239697,0.877229,4526932,8
0,1787382073,1.014061,4527714,5
0,1282405711,1.071652,4528860,10
0,2693601901,0.822059,4529790,7
0,1962762787,0.858096,4535057,69
0,3533500193,0.970764,4537105,23
0,2928400693,0.954021,4537897,5
0,1761379847,0.820275,4539796,21
0,1029522929,0.884988,4540379,2
0,3268592323,1.070284,4542231,20
0,4023660061,0.875558,4543310,9
0,3374125291,1.024123,4543818,1
0,3447332563,0.781875,4544473,3
0,1463450071,0.880563,4547559,33
0,4222124939,0.796109,4548160,2
0,3642815543,0.875558,4548678,1
0,3164228357,1.055584,4555644,80
0,3488579051,1.108825,4557193,13
0,1927996283,0.938541,4557782,2
0,1581229207,1.235067,4558646,6
0,2649162143,0.981270,4559806,10
0,1814469229,1.063419,4561391,15
0,1003544099,0.908403,4562264,6
0,1546461239,1.209096,4563327,9
0,3554086411,0.796722,4568021,61
0,861536647,1.220752,4569017,8
0,2109684947,0.718750,4570875,20
0,3479921317,1.073928,4572942,23
0,2443126897,1.075745,4574559,17
0,4213194049,1.039268,4576107,16
0,3951066871,0.916963,4577042,7
0,1173830491,0.903552,4578541,15
0,2175891983,0.991172,4579050,1
0,626802809,1.163407,4579558,1
0,1980121673,0.719429,4580685,10
0,2841017471,0.722139,4581836,10
0,2311815097,0.792420,4583394,16
0,1579952183,0.977780,4585300,21
0,782757023,1.070740,4587921,31
0,3503802139,1.128467,4590593,32
0,2246346539,1.030776,4593192,31
0,236644361,0.940620,4595145,22
0,1166477509,0.789333,4597940,34
0,763537487,0.972774,4600113,25
0,4111985411,0.884436,4603364,36
0,2452932289,1.160465,4604102,4
0,3966766159,1.157094,4605586,15
0,1889851003,1.140946,4606999,11
0,2616102733,1.064795,4607961,7
0,3063456029,1.085235,4609095,10
0,222733649,0.942694,4609877,5
0,3387612379,0.906250,4613267,42
0,409844011,0.962683,4613841,2
0,2561558513,1.035503,4615672,20
0,807761753,1.043020,4616940,12
0,1506196361,0.802219,4617523,2
0,3775499603,0.768648,4619073,16
0,623310223,0.877786,4623092,51
0,374520847,1.033615,4624305,11
0,1726458667,1.032197,4626846,30
0,2711298517,1.001951,4630000,39
0,1649095171,0.752600,4631407,14
0,2308491769,0.884436,4633595,25
0,3534583411,0.799169,4636057,29
0,3202960561,0.976781,4637550,15
0,1439085149,0.939581,4638063,1
0,3773475709,1.017426,4639219,10
0,1011630097,0.993632,4640474,12
0,3748957,0.907327,4642006,16
0,1328586379,0.784369,4643074,9
0,467100379,0.944247,4643593,1
0,1642558129,1.071652,4645154,16
0,3552350429,1.009718,4646238,9
0,1751071507,0.938021,4652078,72
0,703846777,1.002438,4653794,4
0,2695262677,0.972774,4654914,6
0,75135421,1.033615,4655957,8
0,1637484463,1.010685,4656745,5
0,3149283821,1.094643,4657400,3
0,2749914913,0.815499,4657979,2
0,430265281,0.895409,4658892,7
0,71561957,1.025552,4661277,28
0,3482982187,0.864897,4662215,7
0,1336140187,1.090173,4665802,45
0,3169768961,1.067086,4666321,1
0,3344816389,0.781875,4667390,9
0,3975620723,0.925971,4670347,36
0,4276122161,0.924387,4672266,21
0,2889869603,0.906789,4673558,12
0,256257451,1.002438,4674825,12
0,2821023661,0.846062,4677084,26
0,950699557,1.357128,4678224,10
0,3472937449,1.017426,4680338,24
0,2723104661,1.062959,4681201,6
0,4181510209,0.753248,4682611,14
0,3883880773,1.033615,4683273,3
0,2569675421,1.149898,4685099,20
0,3210844141,1.194470,4685623,1
0,3356420059,0.969758,4688435,32
0,1545147523,0.761629,4689591,10
0,1674932377,0.849517,4690102,1
0,1071477073,1.012616,4690963,6
0,4138205651,0.766103,4692243,12
0,1798324573,1.122393,4693376,10
0,2310755399,0.814900,4696194,34
0,3581377339,0.732211,4696993,5
0,2441714053,0.879453,4698609,17
0,197615807,1.068458,4702748,53
0,2238012643,1.163827,4707605,54
0,4150943821,1.035503,4708244,2
0,283642973,0.786234,4710043,17
0,2953060399,0.955044,4711283,11
0,3389880191,0.976781,4713199,21
0,3297597907,0.817891,4713709,1
0,3181571593,0.897588,4714503,5
0,2955539861,1.002438,4715931,14
0,4075859479,0.842012,4719955,51
0,372003727,1.099094,4720529,2
0,2916393059,0.946829,4724309,48
0,3895187743,1.025552,4729939,74
0,2214220571,1.048623,4732055,24
0,2432742751,1.014061,4734594,30
0,3701328571,0.879453,4736155,16
0,3247947247,1.070284,4738362,25
0,2407512883,0.908940,4738956,2
0,447777697,0.914830,4740852,21
0,3204477791,0.971267,4741997,10
0,3216464333,1.000976,4742937,7
0,1267717783,1.000488,4747016,52
0,4021014737,0.981270,4747947,7
0,4073561083,1.067086,4749164,11
0,3233428487,0.920152,4751564,28
0,2051130671,1.098205,4754426,30
0,3978432313,0.911086,4759168,44
0,523772863,1.105296,4760728,13
0,1690429759,0.858096,4762649,21
0,86664881,1.019344,4763565,7
0,1322387639,0.693863,4764769,11
0,3463468223,0.906789,4765840,9
0,97719431,0.969758,4767732,21
0,1102942663,1.085235,4768532,5
0,3362198617,0.988706,4773510,65
0,1396089053,1.064795,4774791,12
0,3821241857,0.970764,4776216,14
0,2923850023,0.919621,4777421,11
0,2232307069,1.156672,4778140,4
0,3787206601,0.755190,4779230,9
0,2082780761,1.192833,4781841,29
0,2765866687,0.829745,4783375,15
0,1754198357,0.833854,4784171,5
0,490530739,0.906789,4789782,74
0,2008878373,0.815499,4790302,1
0,619634801,1.070740,4791014,4
0,2228884937,0.711238,4791795,5
0,321743143,1.004871,4793418,17
0,1260303659,1.101313,4794139,4
0,1754101501,0.823246,4795419,12
0,4042236409,0.983258,4798310,35
0,2640716839,0.914830,4803485,68
0,504343019,0.893772,4805384,21
0,1840749641,0.854103,4805899,1
0,2132829719,1.071652,4806896,8
0,1588284193,1.070284,4807684,5
0,2655632201,1.104854,4810611,29
0,3071562407,1.025076,4813616,36
0,2291823889,0.656994,4814728,7
0,2254393321,0.892679,4815333,2
0,251129051,1.062959,4817674,27
0,709307789,0.908403,4818528,6
0,3715481489,0.941657,4820377,20
0,1273722869,1.068458,4823208,34
0,3733844483,0.950432,4827703,58
0,4229736139,1.040677,4830937,40
0,2479869181,1.031723,4831668,4
0,3611878489,0.938021,4836853,68
0,116182747,1.004871,4837637,5
0,2835894011,0.897588,4838704,9
0,952218887,0.940101,4839835,10
0,1246843069,0.977281,4845376,73
0,1311505231,0.818488,4851891,87
0,3887864489,0.782499,4853265,13
0,2838845459,0.707797,4855534,22
0,3618864071,0.934370,4856981,14
0,2893458713,0.946313,4859737,19
0,3357733871,0.793652,4860431,1
0,2292907241,1.158360,4861151,4
0,1603502773,0.999023,4862435,12
0,1631364281,1.107503,4863497,9
0,115964291,0.851240,4866040,30
0,1184397833,0.884436,4867030,8
0,682178491,0.928078,4870480,43
0,1882826801,0.975280,4871677,11
0,2462303549,0.969758,4874498,34
0,4005245831,0.908940,4875437,7
0,2390473639,1.146496,4876097,3
0,1758727561,1.147773,4879052,36
0,1909879711,0.956577,4880135,9
0,2430555053,0.761629,4883707,45
0,3310752617,1.000488,4884976,12
0,755302487,1.136229,4886725,19
0,2304133571,1.024123,4889258,30
0,4128474173,0.877229,4890602,13
0,2386959221,1.159624,4891815,11
0,1418862353,0.981767,4892599,5
0,2668213789,0.693159,4893113,1
0,3903832613,1.054659,4894185,9
0,1159924193,1.008751,4897479,41
0,2323700933,0.760987,4901760,55
0,4293919001,0.818488,4904350,31
0,3467879647,1.065254,4905773,14
0,3527809619,0.849517,4906349,2
0,3014295601,0.756482,4908039,18
0,3550265357,1.008751,4909407,10
0,3646775453,0.784369,4911393,22
0,1214968823,0.940101,4912467,9
0,2328146333,0.886090,4913955,15
0,1801923491,0.993141,4915797,17
0,3918587093,1.136229,4922194,85
0,160190759,0.846639,4927769,74
0,1839058729,0.851240,4929535,19
0,3693945361,0.846639,4932057,30
0,1284364853,0.925443,4933131,9
0,58960549,0.814900,4933762,3
0,1746729979,0.880563,4935200,14
0,18246563,0.877229,4937503,27
0,2899588973,0.975280,4939063,15
0,1319287201,1.008267,4939602,1
0,1535943139,0.786855,4947287,104
0,3684224651,0.911622,4948566,12
0,1930376993,0.664384,4958127,126
0,1823306413,0.962683,4961504,28
0,1318244509,0.814900,4963312,17
0,2953075207,1.003899,4965227,21
0,2003752607,1.039268,4968323,38
0,1839209417,1.055584,4969455,10
0,1515253403,1.062959,4973796,56
0,3048838277,1.035031,4975796,22
0,1526185751,0.893772,4976395,2
0,1263961709,1.064337,4978085,18
0,44839589,0.948889,4978652,2
0,623112209,1.058356,4979503,6
0,2438043859,1.156250,4980914,14
0,1721608393,0.858664,4982201,12
0,2326868701,0.997556,4984380,25
0,378173357,1.126735,4985097,4
0,32442257,1.188322,4986152,9
0,718334657,0.910550,4991341,68
0,2542280717,0.766740,4993160,20
0,782199371,1.004871,4993888,4
0,1844164067,0.936979,4994972,9
0,3218190629,0.960652,4996190,11
0,1601380751,0.927551,4996914,4
0,243089389,0.921743,5003154,83
0,2608565933,1.005357,5003887,4
0,4129316579,0.969758,5005118,11
0,381088553,1.017906,5005903,5
0,2682961031,0.824432,5008665,33
0,943350523,0.975280,5010792,24
0,1565465563,1.063419,5011678,3
0,2712235447,1.163407,5014317,31
0,3987920681,1.064337,5016375,23
0,2469821729,1.000488,5019107,30
0,4183440761,0.886090,5020467,13
0,750933319,0.883883,5021812,13
0,810765743,0.745429,5022603,5
0,3434604247,0.822653,5024445,20
0,2722424377,0.849517,5026285,20
0,4079113853,0.937500,5029649,42
0,2128245289,1.037387,5030922,12
0,928151999,0.950432,5031439,1
0,4132983997,1.014061,5034119,32
0,2148654551,0.663649,5036090,22
0,1822080083,1.040677,5037097,8
0,2812606367,0.760987,5038391,12
0,3995823163,0.836777,5039670,12
0,2741315221,0.817891,5040524,6
0,1977655429,0.942694,5043284,33
0,389190821,0.855246,5044552,12
0,2953690703,0.876115,5046045,15
0,332082187,1.039268,5046757,4
0,811556839,0.915897,5049845,38
0,962526751,0.975280,5051129,12
0,3253456309,1.070284,5054709,45
0,919173707,0.956577,5055845,10
0,1213629353,1.066628,5056425,2
0,407320201,1.111464,5057486,9
0,884435119,0.960652,5063650,64
0,4222950779,0.930180,5064979,10
0,803781883,0.745429,5065499,1
0,3813655799,0.921213,5067755,26
0,43810733,0.577068,5072090,56
0,612150337,1.197736,5073020,7
0,4289365879,0.978779,5073751,4
0,3209873981,1.167596,5074962,11
0,1902892049,1.173436,5077071,24
0,543406489,1.055584,5078139,9
0,3224634463,1.228725,5081579,43
0,4205220119,1.004871,5082507,7
0,541957397,1.250781,5083773,12
0,4206169771,0.855246,5084844,9
0,169477141,1.035974,5085888,9
0,207583921,0.940620,5089206,41
0,1111684577,0.846062,5089851,3
0,3859705081,1.062959,5090918,9
0,1227933481,0.766740,5091770,6
0,3152946151,0.907327,5092360,2
0,1931070199,1.162987,5094485,24
0,4217536541,0.946313,5094992,1
0,2526201817,1.000488,5097321,27
0,3915912823,0.888841,5098527,11
0,2301766889,1.095980,5099724,11
0,3797658103,1.189554,5101916,25
0,3014147867,1.006328,5104051,24
0,4717597,0.873324,5105378,13
0,970193171,1.013098,5106382,8
0,349047737,0.884436,5107023,3
0,4140928949,0.760345,5108166,10
0,1206248863,0.886090,5117626,125
0,2988920981,0.987223,5120932,38
0,1961400787,1.099538,5122989,23
0,797002949,0.942176,5124890,21
0,915880859,0.952484,5125478,2
0,2768795647,1.099538,5127317,20
0,2278542899,0.952484,5128391,9
0,2928024943,1.040677,5129045,3
0,3999782519,0.858096,5131931,35
0,799334429,1.066628,5136292,56
0,784850831,0.969758,5141543,69
0,2834625931,0.884436,5144706,39
0,1414416049,0.973777,5146476,19
0,1381475219,0.822059,5148172,18
0,753966263,0.945797,5150583,28
0,3591946559,0.970764,5153541,36
0,1573267543,0.789333,5154267,4
0,2265697817,0.977281,5156242,22
0,450533449,0.784369,5156949,4
0,2280209509,1.035503,5157669,4
0,3588492197,0.977281,5158803,10
0,837468649,0.977281,5165321,82
0,864449017,1.033615,5167731,16
0,3072964133,1.023646,5168923,7
0,944120267,1.234672,5169783,5
0,1196130493,0.895409,5170300,1
0,438608207,0.781250,5172341,23
0,1460522051,0.691042,5173549,11
0,1060055443,1.033615,5178508,65
0,3297245131,0.688919,5179720,11
0,1962620057,1.125434,5180240,1
0,3126870913,0.753248,5182910,32
0,3911935837,1.174684,5184335,14
0,1232076583,0.787475,5187096,33
0,2729375797,1.004871,5188789,16
0,630356357,1.212323,5189324,1
0,3275638519,0.906789,5189911,2
0,1361663377,0.813701,5191661,19
0,2942251817,0.932801,5193237,16
0,233467387,0.882225,5198354,67
0,1519580383,0.906789,5200407,23
0,2884411457,0.722139,5202591,25
0,2353070429,0.844907,5203369,5
0,3257486359,0.797334,5204722,13
0,1611015383,0.829745,5206621,21
0,2099312569,0.789333,5207135,1
0,2388915941,0.683225,5211291,53
0,3575811079,1.261277,5213268,22
0,1033677637,1.018386,5214127,6
0,1339714897,1.201399,5214642,1
0,2793110587,1.027930,5215578,7
0,471547199,0.879453,5221263,71
0,1843872599,0.849517,5221945,3
0,666292327,0.711238,5222665,4
0,3439247531,1.159624,5223257,2
0,382927183,0.818488,5225481,23
0,2786647739,0.971267,5227057,16
0,2517507301,1.003899,5230498,43
0,3340762603,0.822653,5233058,30
0,3340427549,0.946829,5237773,61
0,222642067,1.071652,5241906,53
0,1938434291,1.046292,5242832,7
0,3433894351,0.884436,5244735,21
0,4294698469,0.762910,5245819,9
0,1403249983,0.956577,5246337,1
0,335196821,1.000976,5248310,22
0,3205361347,1.069828,5248900,2
0,3375782303,1.070284,5252478,45
0,1020991463,0.804043,5253214,4
0,1540071817,0.969758,5254001,5
0,2531159963,0.921743,5255716,18
0,4232733073,0.908403,5257279,16
0,750198329,1.110145,5259741,29
0,879551611,0.875558,5260461,4
0,3766340251,0.944247,5261115,3
0,1281842719,0.879453,5261979,6
0,1828726093,1.016466,5265522,40
0,3123201539,1.098205,5266391,6
0,2133654899,0.663649,5269639,26
0,1500917767,0.940101,5270463,3
0,2070159589,1.105296,5271465,8
0,3096471997,1.062959,5272114,3
0,2722216039,0.958616,5274791,32
0,2794955671,1.160044,5276432,17
0,2936629081,1.067086,5277012,2
0,462100753,1.163407,5279324,27
0,3426139781,1.048623,5281626,25
0,3163773623,0.994614,5285189,44
0,4093858459,0.858664,5285698,1
0,3219821443,0.996576,5289169,43
0,1164493817,0.879453,5292419,40
0,2808706907,1.015505,5294271,20
0,3914551163,1.202618,5294998,4
0,4277433623,0.908940,5295657,3
0,3765911101,1.071652,5301130,72
0,819630499,0.970764,5303740,30
0,626376341,0.884436,5304811,9
0,3701246701,0.915364,5305332,1
0,1247867407,1.187089,5306327,8
0,1107242459,1.071652,5307896,16
0,2234032637,1.001951,5310975,38
0,4261040389,0.911622,5311627,3
0,2518887083,0.898132,5316456,63
0,3891661661,0.958107,5317320,6
0,756796421,1.052341,5319532,18
0,3048217651,0.760345,5321141,16
0,4268872379,0.925971,5321939,5
0,3961482023,0.756482,5322595,3
0,232877287,0.820275,5323310,4
0,936118709,0.908940,5326703,39
0,957533623,0.804043,5329617,35
0,880356151,0.991172,5330274,3
0,491610619,0.877229,5333449,39
0,4223073791,1.067086,5338374,64
0,4235678387,0.849517,5340645,26
0,202982419,0.875000,5343381,33
0,517341667,1.068458,5344859,15
0,1864900819,0.934370,5345374,1
0,3381923401,1.003899,5347289,21
0,2873319181,0.973777,5351520,54
0,2773580171,0.858664,5353423,21
0,2888570647,1.014061,5354348,7
0,1028875007,1.032197,5355698,13
0,4219737233,0.977281,5356758,9
0,1179427783,0.799169,5358160,13
0,3779366869,0.884988,5360776,31
0,3784704659,1.068458,5361907,10
0,3253175977,0.983258,5363048,10
0,1838579443,0.932277,5365877,34
0,3659802473,1.007782,5367684,16
0,1043672621,0.761629,5369120,14
0,1343722217,0.873324,5373246,39
0,2079932551,0.858664,5374759,13
0,1604356037,0.818488,5378752,51
0,1097602397,1.154137,5379744,8
0,4798039,0.854103,5381699,22
0,2040705353,0.876115,5384657,36
0,954236797,0.960652,5387344,32
0,533463467,0.851240,5391768,57
0,793212103,0.854103,5393393,17
0,1469013037,1.030776,5398229,63
0,2366056103,0.801000,5400229,22
0,2939561411,1.182968,5400881,3
0,851743309,0.940101,5402437,16
0,1504463053,0.968750,5403708,12
0,2739934811,0.808886,5404770,9
0,1232591023,1.104854,5406268,15
0,2437285769,0.975280,5407881,17
0,646549181,0.938541,5409092,11
0,771177949,0.842012,5410813,18
0,3762682663,0.806468,5411469,3
0,3119456519,1.132786,5415760,55
0,4227161677,1.054196,5416989,11
0,671304709,1.202618,5417969,8
0,3238027721,0.797334,5418606,3
0,3785158073,0.956577,5420882,23
0,3149217289,0.814900,5423806,34
0,2140393627,0.958616,5424752,7
0,520638119,0.751301,5428941,51
0,1280536819,0.784369,5430659,18
0,3682577263,1.000976,5431396,4
0,4103237909,1.160465,5433919,30
0,3209284997,1.171771,5435060,10
0,2831480059,0.952484,5440612,72
0,2036209699,1.035503,5443516,35
0,158285213,0.880008,5444092,2
0,1076594657,0.969254,5445018,7
0,4078502723,0.834439,5446225,11
0,3579476099,1.033142,5448567,27
0,2898710407,0.877229,5450334,19
0,4273771769,1.032197,5452874,30
0,4040297077,0.750651,5453944,9
0,3457647539,1.106621,5456061,24
0,1452788201,0.969254,5457283,11
0,1613138753,0.939581,5458754,15
0,1481019041,0.970764,5460372,17
0,3912569627,0.849517,5461159,5
0,1972566707,1.070284,5461683,1
0,2534303209,0.877786,5464856,39
0,187491671,0.908940,5465846,8
0,2858248667,0.824432,5468108,26
0,1477793063,1.099538,5469475,8
0,3612739967,0.920152,5470576,9
0,1629473047,0.984747,5471504,7
0,150585599,0.938541,5474149,16
0,3418802347,1.094196,5474906,1
0,2022000251,1.095980,5475756,4
0,2119003213,1.031250,5477942,25
0,1571628533,0.919621,5479012,9
0,1760763143,0.791804,5479731,4
0,784116973,0.914830,5480542,5
0,2297009971,1.023646,5483013,29
0,127580437,1.035974,5485041,23
0,1716914501,0.975280,5487288,26
0,2524304743,0.889391,5487945,3
0,3829321289,1.040677,5490220,26
0,1757391599,0.786855,5491512,12
0,3497407861,0.880563,5492240,4
0,4161329401,1.039268,5494287,23
0,34804369,0.940620,5495196,7
0,790651217,0.981767,5495763,2
0,261975881,0.950945,5499335,45
0,2640730453,1.033615,5501659,27
0,4262696657,1.104854,5502246,2
0,1946869739,0.950945,5506391,53
0,716112697,1.205861,5508075,18
0,3229697509,0.942694,5509371,12
0,1612824313,1.007782,5510235,6
0,4068038123,0.718750,5514254,51
0,3979810057,1.080726,5515318,9
0,179109703,0.907327,5515966,3
0,407206249,0.967237,5518009,23
0,3401022407,0.950945,5519718,18
0,2716618447,0.860369,5521289,16
0,2247173191,0.919090,5522845,16
0,3811106161,1.000488,5523426,2
0,4009808113,0.933847,5524287,6
0,1669837069,0.955044,5525466,6
0,545218909,1.010202,5526332,6
0,3878207119,0.827978,5527821,15
0,355647067,0.848367,5530351,30
0,4084237387,0.950432,5531171,3
0,453057523,0.793652,5533791,31
0,3784148513,0.910550,5536318,30
0,4022839123,0.864897,5539139,34
0,2488026769,0.791187,5540334,11
0,3694920499,0.858096,5541537,11
0,2876920859,0.813101,5545818,55
0,1122810329,1.064337,5551617,77
0,3231505187,0.858096,5553112,15
0,952934033,0.732211,5553683,2
0,3899727583,1.008267,5558593,64
0,3248876843,0.849517,5561825,40
0,1254162599,0.938021,5566393,59
0,3321959611,0.796722,5569676,41
0,523961533,0.946829,5570813,10
0,980187569,1.198143,5572656,15
0,2871655993,0.791187,5578399,60
0,4124245739,0.880563,5579464,6
0,3210665851,0.724164,5580133,3
0,2336989043,0.888841,5580720,2
0,1080674953,1.062959,5582216,15
0,2840228519,0.876673,5584265,23
0,1819504879,0.940101,5585695,14
0,3025593353,0.935936,5586491,5
0,3338009581,0.827978,5587301,5
0,2275204207,0.969758,5588166,6
0,2093418083,0.820870,5588834,3
0,663694459,1.235067,5589834,8
0,2631668173,0.721462,5590899,9
0,3188494327,1.025076,5592321,14
0,4229067757,1.074382,5593399,9
0,2401614637,1.065712,5595455,23
0,3346812167,0.913227,5597018,16
0,3927508177,0.976781,5599409,28
0,234053023,0.863202,5602453,37
0,2733918347,0.761629,5604288,20
0,3202414651,0.913227,5607461,39
0,2317833373,1.115848,5608534,9
0,2702742631,1.119343,5609318,5
0,2841281239,0.793036,5610609,12
0,792764461,0.855246,5613757,39
0,485460529,0.872205,5615242,15
0,1545378139,0.981270,5615822,2
0,2416762961,0.970764,5616458,3
0,3577098611,1.038798,5621655,68
0,2983407593,1.102642,5622169,1
0,4190850623,1.133647,5628478,79
0,950681341,0.808886,5629423,7
0,1219706063,1.012616,5631991,28
0,3868488917,1.062959,5633220,11
0,2740727611,0.906789,5635419,25
0,270146999,0.915364,5637173,19
0,3942227083,1.040677,5639644,29
0,2272860553,0.969758,5640359,4
0,2546039407,1.002438,5642404,23
0,791613343,0.813101,5646548,53
0,1510025009,1.097761,5649840,41
0,2499951821,0.766103,5651388,16
0,392427961,0.818488,5657829,86
0,297278941,0.971267,5661820,51
0,3533298001,1.039268,5663023,11
0,1676986669,1.000488,5663883,6
0,3971953199,0.784369,5674930,147
0,925899133,0.716709,5675803,6
0,3801076817,0.988706,5681128,56
0,3500798957,1.054659,5682247,7
0,3491469343,0.911086,5684301,23
0,2317287761,0.942176,5685302,8
0,4238520751,0.932277,5686174,6
0,3009298307,1.125868,5688731,29
0,457984381,0.773714,5692040,41
0,2371790537,1.050019,5697496,72
0,1707720851,1.132786,5700158,32
0,2611588201,0.849517,5701665,15
0,721795031,1.299790,5702874,11
0,1443164423,0.910014,5703733,6
0,3273125509,0.976781,5704253,1
0,3963571673,0.897588,5706304,23
0,885040369,0.762910,5709818,44
0,886296737,0.939581,5711527,18
0,3427542571,1.043020,5714752,39
0,1477141669,1.253121,5716722,22
0,1314791201,1.070284,5718357,17
0,853245529,0.730876,5718941,2
0,3797545343,0.950432,5719808,6
0,2036984539,0.920152,5720821,8
0,4075832857,1.012133,5722377,16
0,448778467,0.888841,5722886,1
0,1951859863,0.942694,5724794,21
0,1848297481,1.039268,5725513,4
0,630351779,0.822653,5726514,8
0,3640483199,1.216344,5727533,8
0,3866098339,0.851240,5729975,24
0,2153752417,0.782499,5732835,34
0,497239129,0.945797,5733575,2
0,4085540323,1.007782,5736492,35
0,2546224643,1.062959,5738599,24
0,1010820467,0.907327,5739394,5
0,829256137,0.908940,5741229,20
0,1772712737,1.062500,5742781,16
0,894904169,0.939581,5743294,1
0,3056075801,0.969254,5747687,57
0,3453320263,0.963190,5750645,36
0,1550498899,0.805862,5753383,33
0,4121218639,0.824432,5753970,2
0,3647386679,1.097761,5758539,59
0,1784963293,0.872205,5759533,8
0,1513023773,0.906789,5761304,19
0,1473673379,0.915897,5764538,40
0,255189947,0.969254,5770427,78
0,4046453947,0.884436,5771867,14
0,464680969,0.889391,5772583,4
0,1381892191,1.039268,5773090,1
0,3705579961,1.169685,5781890,113
0,862986343,1.069828,5782423,1
0,2985492049,1.035503,5783360,7
0,3996924931,1.222750,5786674,41
0,3438052973,0.860369,5790469,48
0,4251397973,1.127168,5795791,70
0,1473802951,0.745429,5797911,24
0,677474843,0.851240,5799186,12
0,714770741,0.849517,5801539,26
0,3904559251,0.888841,5803247,18
0,1523436547,1.071652,5804800,16
0,1017157693,0.970764,5806095,12
0,1250067971,1.069828,5806809,4
0,3231831877,0.975280,5808086,12
0,3690629659,0.955044,5819648,159
0,2082723683,0.760987,5823785,53
0,2741502737,0.884436,5826923,39
0,2241619397,0.843750,5828615,18
0,2652198403,0.950945,5830654,23
0,2677887029,0.913227,5832706,23
0,2408749571,0.942694,5833978,12
0,2763324103,0.911086,5835954,22
0,222078163,1.040677,5837081,10
0,497652647,0.977780,5837666,2
0,3338593381,0.910550,5839302,17
0,73725013,0.981270,5840222,7
0,1170097933,1.006328,5842816,31
0,2963742577,1.067086,5844796,22
0,235030079,1.095534,5845509,4
0,491172037,0.813101,5849929,57
0,3179884733,0.908403,5854426,58
0,3786275693,0.950432,5856126,18
0,1201956971,1.063419,5857538,14
0,1240849003,0.921743,5859039,15
0,2683935461,1.100870,5860393,13
0,2666831423,1.032197,5863213,34
0,3655135573,0.975280,5864634,14
0,630984007,1.109705,5865763,10
0,45950717,0.858096,5866830,9
0,784297331,0.751301,5868610,19
0,1724641649,0.993632,5869471,6
0,46608629,0.930180,5871147,18
0,2128738559,1.104854,5872242,9
0,4043212193,0.915364,5873247,8
0,2649744067,0.882225,5874890,17
0,575111917,1.160465,5877492,31
0,3047122391,0.656250,5879685,21
0,3346631779,0.984747,5882367,19
0,183044341,1.222750,5883723,9
0,1032631813,0.972774,5884736,8
0,1415346623,0.880008,5886168,14
0,2398901707,0.981767,5888368,25
0,1961461237,1.017906,5889923,16
0,3379524371,1.202618,5891411,15
0,562807997,0.832682,5893173,19
0,3614761643,0.893772,5894824,17
0,3855685441,0.969254,5895536,4
0,1382601131,0.741488,5896461,7
0,1470964853,0.981767,5899279,34
0,1752703153,1.070284,5900484,11
0,929602657,1.264371,5903431,34
0,3493988231,0.745429,5905195,19
0,2499377843,0.899761,5908498,41
0,3238613467,0.925443,5909075,2
0,1274105387,1.171771,5910707,17
0,754274219,0.822653,5912687,22
0,1495534813,1.147773,5918636,79
0,273714799,1.008267,5921574,36
0,3829193717,1.061581,5922580,8
0,634060649,0.908940,5926588,51
0,743504081,0.911622,5930605,51
0,3576094469,1.025552,5933456,30
0,681324509,1.106621,5934202,4
0,2447333123,1.033142,5934715,1
0,379293617,1.035031,5935566,6
0,3606954347,0.814900,5936502,7
0,832954141,0.946313,5939039,26
0,3351027593,0.784369,5940243,10
0,405011897,0.937500,5941517,12
0,1388271127,0.877229,5943019,15
0,2674524131,1.008267,5943759,4
0,1035556409,1.032669,5944970,11
0,135338837,1.093750,5947219,26
0,2632119781,0.851240,5951159,50
0,3787795301,0.758416,5952309,10
0,3648942403,0.986728,5953032,4
0,3873478673,0.766740,5953743,4
0,909299483,0.952484,5962265,116
0,1634213101,1.164665,5963274,8
0,3523497323,0.952484,5964823,16
0,2241400523,0.908940,5965610,5
0,2263273643,0.797334,5967310,18
0,1287725723,0.628117,5968453,10
0,1221118603,0.991172,5969375,7
0,2980627267,1.170520,5971908,30
0,3861254393,0.975280,5974240,27
0,213347383,0.833854,5976714,29
0,1051126733,0.880008,5977305,2
0,1562738377,1.054659,5981433,48
0,4212845033,1.074382,5982595,10
0,3174392407,1.001951,5988636,64
0,88637141,0.823246,5989886,9
0,1085923351,0.824432,5991107,11
0,2413967399,0.836777,5992251,10
0,1746845671,1.029829,5993117,6
0,1408381361,1.173020,5995640,30
0,1400249849,0.960652,5996300,3
0,1350487657,0.913227,6003261,93
0,2954862437,0.950432,6003984,4
0,1276957183,0.799169,6004499,1
0,2310372487,0.831508,6005297,5
0,589953149,0.952484,6005807,1
0,2505430847,1.158360,6009613,48
0,3139429213,0.948374,6011528,21
0,2932032757,0.877786,6012255,4
0,1668620333,0.919621,6012899,3
0,1783599553,1.002438,6016295,42
0,3710624263,0.813101,6017299,8
0,1004628869,0.911622,6018519,11
0,3887390141,0.915364,6023649,67
0,135879071,0.988706,6024296,3
0,2777720783,0.882225,6024810,1
0,239918881,0.946313,6025742,7
0,113427841,0.761629,6026994,12
0,4074322907,0.986728,6029891,35
0,566003993,0.888841,6030950,9
0,3743901481,1.004871,6031952,8
0,2107418609,0.971267,6033244,12
0,455802821,0.797334,6036567,37
0,1444214557,1.082983,6037947,13
0,632399267,1.079370,6040641,32
0,553225963,0.879453,6047732,92
0,1099438079,1.128467,6048318,2
0,3034841333,0.858664,6049172,6
0,1879221161,0.969758,6051973,34
0,3272819639,1.008267,6055060,38
0,3348838399,1.009718,6058369,41
0,277551383,1.003899,6063827,72
0,1710341417,0.970764,6064758,7
0,2030836097,0.942694,6067282,30
0,1429629437,1.064795,6067938,3
0,3654314597,0.827978,6069421,15
0,208063489,1.012133,6073527,53
0,2292895727,1.000976,6080201,89
0,1044552169,0.911622,6080708,1
0,9794089,0.867152,6083873,35
0,338659273,1.195695,6087321,29
0,2968727347,1.094196,6092288,62
0,1130518271,1.002438,6093927,17
0,2732471389,1.093303,6094994,9
0,3578446687,0.981270,6096423,14
0,3734640443,0.751301,6097982,16
0,1912045459,1.078012,6099835,20
0,2687695469,0.993632,6100485,3
0,3075681467,1.150323,6101071,2
0,4126607773,0.886090,6101734,3
0,143481077,1.102642,6102790,9
0,3962182823,1.046292,6103447,3
0,2568839321,0.969254,6105704,26
0,3034040759,0.719429,6106500,5
0,2867558117,0.867152,6109186,32
0,3000908191,1.287712,6112415,40
0,2317350187,0.745429,6114738,27
0,4212162509,0.967237,6115602,6
0,2955926789,0.822653,6117016,14
0,2455871081,0.789333,6118636,17
0,4234984723,0.915364,6119299,3
0,2406113729,1.260503,6119802,1
0,187039691,0.977281,6120319,1
0,990080963,0.955044,6122160,20
0,4009515967,0.973777,6122836,3
0,4012277551,1.091963,6126921,52
0,2187521101,1.067086,6128402,15
0,3851444873,1.021736,6130016,17
0,3534761591,0.827388,6130945,7
0,3317684053,0.888841,6131605,3
0,1848697363,1.035031,6132465,6
0,1677052439,0.944247,6133467,8
0,834071851,0.789333,6135868,28
0,3013484269,0.875000,6138622,27
0,3253631347,1.257012,6141272,31
0,3835387499,0.796109,6142065,5
0,999296041,0.822653,6143120,6
0,2078032181,1.037387,6144287,10
0,87145871,0.877229,6146042,19
0,4206053069,0.930180,6146974,7
0,3434735873,0.813701,6148057,9
0,2506008733,0.971267,6151872,48
0,1057188607,0.971267,6152397,1
0,3870753937,0.827388,6157793,71
0,2962457777,1.001951,6158580,5
0,195816833,1.105296,6160129,16
0,2247474101,1.062959,6161281,10
0,3107059717,1.002438,6164300,37
0,3206966857,1.067086,6166898,31
0,2484554939,0.915364,6167548,3
0,1034166103,1.077106,6168408,6
0,2185510541,0.970764,6168982,2
0,3783826817,0.879453,6172301,41
0,4083437647,0.875558,6175473,39
0,4214821103,1.099538,6176336,6
0,3389370253,0.971267,6178537,25
0,1124796089,1.062959,6179184,3
0,1902616579,0.989199,6183403,54
0,817592617,0.690335,6186924,40
0,2807110289,1.002438,6190845,33
0,2017160863,0.913227,6192043,8
0,3174147421,0.946829,6195348,41
0,2078137319,1.040677,6197970,31
0,1582824637,0.863202,6198632,3
0,4131851681,0.921743,6199505,6
0,2273486713,1.135799,6200083,2
0,85494527,0.906789,6201221,10
0,4023376193,0.996086,6201876,3
0,679302049,0.973276,6203014,10
0,3576714203,0.939581,6204850,20
0,3147909943,0.760345,6206546,18
0,1679091961,0.903552,6208308,19
0,3470005163,1.108825,6210362,23
0,1880253953,1.129332,6211831,15
0,2314000739,1.094196,6212553,4
0,3155069431,1.063419,6214387,20
0,54481381,0.811899,6214956,2
0,354633319,0.913227,6218109,39
0,1639240451,0.969254,6218895,5
0,1832373001,0.973777,6219753,6
0,854405659,0.976781,6220401,3
0,1027880531,0.911086,6222019,17
0,2927657207,1.067086,6222664,3
0,4113188479,1.000976,6226125,43
0,2945695163,0.766740,6226787,3
0,1630227169,0.854103,6229869,38
0,3213689389,0.968750,6230837,7
0,3851757661,1.136229,6234209,42
0,1965431197,1.106621,6235350,10
0,1835320211,0.888841,6236626,12
0,2701348291,0.849517,6237130,1
0,2529858809,0.813701,6237780,3
0,624529469,0.889391,6243239,67
0,1999962803,1.066628,6248499,66
0,2344156909,1.033142,6251550,37
0,2894596519,1.127168,6254287,33
0,1643294011,0.848367,6255920,17
0,3533265871,0.817294,6256997,9
0,453912133,1.100870,6258750,19
0,1549778099,0.969758,6260457,18
0,391417139,0.813701,6261657,11
0,101044061,0.889391,6265079,43
0,2588475871,1.033142,6269656,59
0,1293950783,1.035503,6270380,4
0,2932677409,0.946313,6270888,1
0,4287990071,0.963190,6271483,2
0,3700047887,1.033142,6272273,5
0,2689443389,1.098205,6273060,5
0,2786942701,0.842012,6275188,24
0,3685670773,0.830333,6277039,20
0,2659221053,1.015505,6279301,26
0,1932630197,0.822653,6282454,38
0,680688919,0.950432,6283322,6
0,392578471,0.923330,6284175,6
0,1432643899,0.813701,6285875,18
0,1883461939,0.876115,6286737,6
0,486960659,0.938541,6290589,45
0,990521761,1.038798,6295147,44
0,1439834327,0.824432,6296193,6
0,32689729,0.938541,6302817,89
0,1837074979,0.820275,6304798,22
0,3850989449,0.827388,6309582,62
0,4230643861,1.215139,6311490,21
0,4224798119,1.008267,6312008,1
0,780449357,0.786855,6312583,2
0,2785342201,0.822653,6313091,1
0,1109220661,0.793652,6315988,35
0,1700095093,0.971267,6317063,9
0,539992001,0.963190,6318619,16
0,699851021,0.867152,6319333,4
0,2979891703,1.024123,6319995,3
0,895903901,1.024123,6320711,4
0,1217589641,0.846639,6322616,21
0,2894528743,0.985738,6329050,86
0,1566233509,0.862070,6330336,12
0,3316402669,0.884988,6331688,13
0,3148828931,1.082983,6333660,22
0,1967645387,1.064795,6334875,11
0,1524091139,0.955044,6337719,34
0,4130115793,1.052341,6338233,1
0,3649761833,0.888841,6340770,30
0,687379907,0.784369,6343089,23
0,520616627,0.851240,6344044,7
0,3575530867,0.663649,6346990,36
0,2592268711,0.877786,6348487,13
0,623775839,0.923330,6349226,4
0,18105949,0.976781,6352388,39
0,3325764803,1.057894,6355814,43
0,2837844473,0.907327,6358261,27
0,2493648611,0.950432,6358923,3
0,4107900001,0.910550,6359501,2
0,574143307,1.064795,6360703,11
0,439124963,1.095980,6362525,20
0,708429973,0.947859,6365044,30
0,3666408521,1.032197,6366958,21
0,1454696447,1.000976,6369240,26
0,904204703,0.975280,6371143,21
0,3612386521,1.074382,6373049,21
0,1918517749,0.981767,6374330,12
0,2409723257,0.910550,6376589,26
0,3451917437,1.001951,6377384,5
0,23642051,0.760987,6377948,2
0,870073609,0.824432,6378802,6
0,382687447,1.164665,6380433,17
0,461634193,0.971267,6384891,57
0,1034419669,0.786855,6385903,8
0,2338813753,0.869402,6386626,4
0,840455599,0.971267,6389857,40
0,2618028701,0.876115,6390934,5
0,663574631,1.024123,6392308,13
0,830731757,1.169685,6395338,23
0,418877957,1.000976,6396301,5
0,2094102397,1.225542,6397586,12
0,3740188619,0.853531,6398675,9
0,3300808127,0.939581,6399201,1
0,43963643,0.862070,6401161,22
0,724834333,0.956577,6402302,10
0,4005479477,0.891036,6403520,11
0,2499665947,0.787475,6406914,42
0,2527827101,1.059739,6407844,7
0,2209486049,0.921743,6410157,27
0,3998062337,0.882225,6415633,72
0,1363146923,1.128467,6416707,9
0,468454913,0.793652,6417761,9
0,2608732261,0.851240,6418279,1
0,1973480671,0.844907,6422702,57
0,1856124559,0.980772,6423563,6
0,1505609893,0.986728,6425269,18
0,2012847757,1.066170,6425996,4
0,2360990759,0.693863,6426650,3
0,3249031717,1.070284,6427714,9
0,4150725671,1.019823,6428924,11
0,1335581957,0.735538,6430133,11
0,2885666579,0.760987,6436873,90
0,3757648093,0.970764,6437747,6
0,2133209087,1.017426,6443922,81
0,2781018323,1.095980,6450630,80
0,4159392437,0.973777,6452951,23
0,2615964523,1.111903,6453477,1
0,1740343753,0.824432,6458517,66
0,433728961,1.102642,6459370,6
0,3570046973,0.942176,6461013,17
0,81750821,1.068458,6467082,81
0,2057822027,0.977281,6468375,12
0,935239871,1.073928,6470358,22
0,1948942133,0.853531,6476269,78
0,991492433,0.879453,6477196,7
0,3325256197,1.002438,6478951,19
0,3620402117,0.823246,6481416,29
0,3587505913,0.977281,6482565,10
0,2318849263,0.846639,6484774,25
0,1274813021,1.031723,6486749,22
0,2234990903,0.972774,6488382,17
0,800759777,0.854103,6489802,14
0,1518566227,0.956066,6491573,19
0,4194659803,0.760987,6499079,80
0,3436398739,0.784369,6500222,7
0,3439728899,0.946313,6501072,6
0,1084030499,0.722139,6503603,30
0,3450772159,0.946313,6504611,8
0,2374573511,1.097761,6507151,30
0,1709648459,1.060660,6507809,3
0,1845432713,0.940620,6509661,20
0,2939072207,0.939581,6510946,12
0,2442827771,0.888841,6511463,1
0,2115815671,0.958616,6512536,9
0,839538593,1.113658,6514512,22
0,3049626883,0.985738,6515307,5
0,1725019511,1.125868,6517082,19
0,1386918311,0.843750,6518303,11
0,2690782583,0.938021,6524491,82
0,123646277,1.256234,6526802,27
0,1063387667,1.064795,6528227,14
0,4285729829,1.133647,6529990,19
0,2663913181,1.039268,6531772,19
0,2098520969,0.940620,6534935,39
0,2856615911,0.920152,6535591,3
0,1669520357,0.884988,6536382,5
0,1767007609,0.960652,6539202,34
0,2304176899,0.805862,6541248,23
0,775909949,0.958107,6542187,7
0,4006470551,1.000488,6545238,37
0,1282246843,0.876673,6545747,1
0,737758001,0.915364,6547165,14
0,2784971561,0.875000,6549461,23
0,759972287,0.889391,6550117,3
0,2227775243,1.132354,6552429,27
0,2901984661,0.937500,6557919,70
0,898429969,0.944247,6559755,20
0,3779394071,0.950432,6561804,23
0,954153071,0.984747,6567908,81
0,1281885883,0.791804,6569335,14
0,3672477797,0.940101,6570207,6
0,4099313147,0.952484,6571351,10
0,2189146957,0.925443,6574237,35
0,1576657897,1.125868,6575034,5
0,3336718043,0.916963,6576868,20
0,3939082813,0.851240,6578846,22
0,3432046511,0.938021,6580831,22
0,283566067,0.939581,6581691,6
0,4134014149,0.910550,6584710,37
0,4030752263,0.751301,6588650,50
0,433525529,0.818488,6589507,6
0,1854662437,0.971267,6590786,12
0,214997287,0.877786,6593092,27
0,3449757497,0.968750,6594247,10
0,1713970693,0.876115,6595292,4
0,4294164073,1.163407,6597715,28
0,1652893817,0.668779,6602700,52
0,3080190647,0.942694,6603616,4
0,2306756849,1.099538,6604125,1
0,2782647547,0.724838,6607363,40
0,556924567,0.941657,6608082,4
0,1799740441,1.002438,6610058,22
0,2639689903,1.176761,6611704,17
0,1464852803,1.059739,6613266,16
0,2121303923,1.047225,6614684,14
0,3528451343,0.972774,6619188,58
0,2287485139,0.940101,6621009,20
0,747091937,0.950432,6622560,16
0,2677350803,1.006328,6623834,12
0,3566915057,0.904092,6624555,4
0,1721211491,0.902471,6626040,15
0,2843713057,1.219151,6626971,7
0,2333659183,0.950945,6628112,10
0,157073131,1.046292,6634225,81
0,3131136479,1.075745,6636208,22
0,135991703,1.102642,6637329,10
0,1100769191,0.973276,6638814,15
0,2698806701,1.002438,6639325,1
0,3426419201,0.938021,6639818,1
0,3218470613,0.981270,6641599,19
0,3291458461,0.977281,6642737,10
0,1369859443,0.934370,6643874,10
0,723790939,0.920152,6646067,25
0,2881853603,1.073928,6647427,13
0,719651929,1.003899,6651969,55
0,1730181169,0.628894,6653874,21
0,484857301,0.814900,6656047,22
0,4224775133,0.911622,6660411,56
0,2188126207,0.694566,6663713,41
0,3877773743,0.940101,6664570,6
0,515631829,0.916963,6672411,106
0,2690692439,0.950945,6673969,16
0,293086291,0.950945,6674815,6
0,2519879777,0.939581,6677686,35
0,1936973461,1.007782,6679108,14
0,4029599731,0.786234,6680740,17
0,3109637381,0.852959,6681802,9
0,1664710433,0.932801,6683796,22
0,2619184927,0.827388,6684389,2
0,787175447,0.911622,6685108,4
0,3676230521,0.969254,6688865,46
0,3531194363,1.084785,6689839,7
0,2285057693,0.916963,6691890,23
0,2132866877,0.815499,6693686,19
0,1929732463,0.846062,6694545,6
0,1549372883,0.854103,6696598,23
0,595208869,0.832682,6699216,27
0,551448881,0.964709,6701226,22
0,489619769,0.950432,6702488,12
0,420609653,0.919621,6703828,13
0,2230694533,0.782499,6707046,40
0,1721724733,1.039268,6708967,21
0,4223496419,1.032669,6710324,13
0,4014308167,0.967237,6711409,9
0,2030375533,0.920152,6713251,20
0,1340655889,1.222350,6713968,4
0,2078026211,0.722139,6715944,22
0,3413578829,0.669509,6717988,23
0,1294525511,0.971267,6721558,45
0,2272097801,0.913227,6723108,14
0,1183405423,0.950432,6725504,28
0,3210821843,0.983258,6726652,10
0,906279629,1.002438,6729113,29
0,2142803893,0.884988,6731162,23
0,1789897969,1.033615,6731823,3
0,305915579,0.756482,6733668,20
0,3799898413,1.137517,6736008,27
0,1242235649,1.004871,6736571,2
0,38996567,1.000488,6737062,1
0,3810231211,1.048157,6738901,20
0,648256151,1.064795,6741155,26
0,2093977843,1.043488,6744195,37
0,2637899933,1.069828,6746028,20
0,1931517871,0.813701,6748634,31
0,3387582203,0.813101,6750765,24
0,2288388569,0.971267,6752251,15
0,312403799,0.971267,6753109,6
0,3763722637,0.883883,6754253,10
0,85256783,0.911622,6755243,8
0,2495239699,1.094196,6756104,6
0,2059176887,0.848942,6757596,15
0,3814754959,0.836777,6759077,15
0,734901539,1.031723,6759665,2
0,1392594563,1.064337,6760585,7
0,718493443,0.753248,6762140,16
0,343996613,1.064795,6762776,3
0,546054911,1.000488,6766299,44
0,3588846601,0.846062,6772748,86
0,3851620667,0.950945,6773813,9
0,4109717639,1.117160,6775518,18
0,4071900971,1.125868,6777007,15
0,331205801,0.985738,6778721,18
0,3196639027,0.942176,6780018,12
0,2179371941,0.827388,6780527,1
0,752514067,1.019344,6781104,2
0,3021894457,0.864332,6782603,13
0,1775406587,0.766740,6784031,14
0,369032159,0.884988,6788587,59
0,3245938973,0.773714,6789515,7
0,2177364151,1.038798,6790592,9
0,2712038051,1.048157,6791309,4
0,742803799,1.006328,6791882,2
0,263416121,1.007782,6795685,48
0,2376700903,1.067086,6796338,3
0,3473824349,0.972774,6798940,31
0,1972373761,0.914830,6800058,6
0,3693483763,1.012616,6802396,27
0,2627629789,1.002438,6805882,29
0,2901624157,1.008267,6810232,53
0,88425629,1.223947,6810726,1
0,3819038527,1.016466,6812724,22
0,4076571469,0.932801,6814569,20
0,3481127929,0.971267,6816621,23
0,3005998981,0.958616,6817701,9
0,2991759581,1.004385,6818767,9
0,2928420601,1.043488,6819346,2
0,1265208037,0.824432,6820279,7
0,989831417,1.113658,6823519,40
0,518589289,0.674595,6824511,8
0,2994147437,1.101756,6825375,6
0,2354221627,0.972774,6826237,6
0,4152475651,0.891036,6827376,10
0,1159266377,0.942694,6827946,2
0,80581043,0.693159,6829347,14
0,389014469,0.921743,6831036,18
0,1022782609,0.908940,6835300,55
0,1607868617,1.129332,6840217,64
0,1159801507,1.000488,6843581,42
0,1873148971,0.976781,6844246,3
0,441605449,0.781875,6845788,16
0,1544874293,0.921743,6847217,14
0,357361409,0.791804,6847992,5
0,149132261,1.159202,6848989,8
0,2584564139,1.033142,6850270,12
0,1058058247,0.886090,6851265,8
0,3200916839,0.969758,6852624,13
0,3405551663,0.815499,6856063,37
0,2198562319,1.000976,6857595,15
0,1150935601,1.073018,6858311,4
0,2953603427,1.007782,6860249,19
0,1984707337,0.797334,6861196,7
0,227171863,0.803435,6865601,57
0,457345909,0.879453,6871319,76
0,2747511047,1.040677,6873296,22
0,824350001,1.035503,6874001,4
0,3014957287,0.849517,6875149,10
0,3156493903,0.899761,6876228,9
0,654388261,1.097761,6877143,7
0,1112446297,0.910550,6878063,7
0,1113210383,0.920152,6881379,41
0,29946739,0.766103,6884937,45
0,3600414371,0.852959,6887468,30
0,677383739,0.864897,6888385,7
0,1076407531,0.913227,6889308,7
0,1439432413,0.972774,6891233,21
0,1626115591,0.844329,6894327,38
0,2309188801,1.000976,6895255,7
0,3199327541,0.940101,6901709,86
0,573661811,0.789333,6904167,24
0,1349421119,1.050948,6904844,3
0,410105797,0.786234,6906633,7
0,659188843,0.848367,6910361,43
0,3183293629,1.043488,6910904,1
0,2739619027,0.913227,6911974,9
0,38000009,0.822653,6915911,50
0,1867639651,1.110145,6920821,64
0,1954946659,0.950432,6922094,12
0,2445950813,0.786234,6922753,3
0,1127348773,0.862070,6924590,20
0,3402931151,0.815499,6926708,24
0,2251925479,1.073928,6927849,10
0,133262137,0.668779,6929599,19
0,1587486167,1.170520,6931093,15
0,1871649001,0.923330,6931892,5
0,3573665437,0.855246,6933170,12
0,4145423519,1.135799,6933831,3
0,4236992213,1.133647,6937750,50
0,1896674341,0.829745,6941927,52
0,1802952923,1.024123,6943745,19
0,623785871,0.833854,6944264,1
0,1507348879,0.973777,6944844,2
0,3493584799,0.989199,6946962,24
0,3268454183,0.884988,6948450,15
0,2812270547,1.055584,6951059,31
0,2402622577,1.200586,6951852,5
0,1719506699,0.858096,6952644,5
0,598481693,1.000488,6953985,13
0,3476892611,0.908940,6955851,19
0,1492686031,1.044891,6958494,27
0,3311387593,1.031723,6961404,35
0,4225536947,1.106179,6963313,19
0,3758988449,1.033615,6969825,86
0,559480849,0.880008,6970904,8
0,3968079781,0.797334,6973788,35
0,2181395497,0.814900,6974988,11
0,2537528387,1.091963,6976225,8
0,1985719343,0.888841,6977590,13
0,2834811181,1.073928,6985636,109
0,1356278797,1.104854,6986420,5
0,1888848671,0.907327,6989435,37
0,4279697447,0.768648,6995126,75
0,3353917153,0.960652,6997246,24
0,694562867,0.970764,6998028,5
0,1455018251,1.052341,7002100,52
0,3866302189,1.031250,7002758,3
0,3520633157,0.993632,7006709,46
0,2729634091,0.841432,7008932,12
0,940093801,1.033615,7011346,24
0,2592589897,0.938541,7012876,15
0,846585347,1.191605,7015642,33
0,2173132141,0.924387,7017333,18
0,3467740561,1.069371,7019161,20
0,107557049,0.942694,7020847,18
0,38971477,0.916963,7024122,41
0,1018379561,1.040677,7024702,2
0,1185772673,1.152867,7025416,4
0,1960782437,1.008751,7026070,3
0,550212493,0.920152,7027838,19
0,412104109,1.180489,7028754,7
0,595833253,0.824432,7032325,45
0,1102870073,1.062959,7033042,4
0,3843417373,1.095980,7034535,15
0,3651676583,1.119780,7035261,4
0,317567221,0.940101,7036199,7
0,173474941,0.897588,7037261,9
0,3527664967,1.019823,7040010,33
0,4105725439,1.189554,7042134,24
0,1007673421,1.125868,7046223,52
0,561666407,1.140518,7048068,20
0,1124599711,0.919621,7048856,5
0,3387478069,0.846062,7049851,8
0,511039799,0.940101,7052535,32
0,3625941269,1.122393,7053047,1
0,1845848393,0.789333,7057734,61
0,2236774747,0.932277,7058663,7
0,2127909613,0.886090,7062490,43
0,1919868253,1.008267,7063874,13
0,1094590369,0.906789,7064387,1
0,4223158111,1.107503,7066190,17
0,997892657,1.000488,7068315,24
0,654148259,0.812500,7069658,13
0,52715371,1.007782,7072044,28
0,637806283,0.995105,7072753,4
0,905480839,0.911622,7074522,19
0,3354038747,1.000976,7076721,25
0,1358452441,1.097761,7077794,9
0,3115677791,0.844329,7081523,47
0,3853138897,0.860369,7083090,16
0,924572093,0.855246,7090757,103
0,3645389249,0.853531,7092103,13
0,4034688467,1.085235,7093176,9
0,3106246361,1.050019,7096290,38
0,2068989739,0.911622,7099953,46
0,3066781321,0.919621,7102219,26
0,3873034663,0.844329,7103093,6
0,2652006689,1.004871,7105157,23
0,1174015357,0.971267,7105679,1
0,2134518391,0.859233,7107232,11
0,1267437439,0.824432,7109662,28
0,1444774973,0.844907,7113122,28
0,1317198809,1.132354,7113824,1
0,370433831,1.101313,7115860,23
0,238336199,0.760345,7121672,77
0,2358107749,1.064337,7123155,15
0,1272000641,0.981767,7124378,11
0,99238589,0.721462,7127482,38
0,1272600067,0.952484,7132381,64
0,1804523527,0.885539,7133937,16
0,2973323819,1.169685,7134445,1
0,2460212453,0.705724,7138730,55
0,2673676021,0.969254,7139877,10
0,929874901,1.125434,7141576,18
0,2555980177,1.033142,7144247,32
0,491929169,0.872205,7146484,26
0,1715517499,1.192833,7149563,38
0,2360570843,0.796722,7151268,18
0,4205522351,0.855246,7154369,38
0,2112306293,0.888841,7157077,32
0,93962789,0.691042,7158826,19
0,3576212977,1.074382,7163357,54
0,2409886651,1.088828,7164597,11
0,3266697209,1.035031,7170315,73
0,2802489881,1.187911,7174112,48
0,1878710123,0.879453,7174927,5
0,1933994323,1.156250,7176480,16
0,460891247,0.906250,7177124,3
0,3741104953,1.094196,7177931,5
0,1753724407,1.062959,7182985,66
0,1885481761,0.844329,7183482,1
0,1037598449,1.007782,7186944,43
0,3358919539,0.614760,7188147,11
0,1772710739,1.074382,7192093,48
0,489542461,0.945797,7192889,5
0,792466889,0.969758,7195307,28
0,3205713281,0.928078,7196585,12
0,3794020651,1.094196,7197999,14
0,4085872039,0.969254,7198514,1
0,3895385881,1.031723,7201049,30
0,2997019,0.823246,7202505,15
0,3998190167,0.947859,7203512,8
0,1502985571,0.882225,7204312,5
0,2266492337,1.004871,7207952,46
0,3605778049,1.004871,7209747,15
0,308005331,1.012616,7212653,35
0,2665181963,0.880563,7214683,6
0,1772342461,0.832682,7216453,17
0,285657167,0.851240,7217652,11
0,2161611701,0.854103,7219080,14
0,3767897719,0.940101,7220017,7
0,3915201893,0.641957,7222762,33
0,3542772917,0.938541,7223831,9
0,3786831793,0.932277,7224695,6
0,416874109,1.054659,7226041,13
0,3206272483,0.787475,7226910,6
0,3035677553,0.902471,7232103,68
0,1626603023,0.843171,7236205,52
0,1392264187,0.879453,7237904,18
0,4040786647,0.886090,7239544,17
0,332295043,1.004871,7247160,103
0,1931677939,0.915364,7249223,23
0,1127888087,0.783746,7249943,4
0,22587133,0.955044,7252479,30
0,3933165799,0.820275,7253831,13
0,486207209,0.991172,7256373,30
0,559799993,1.223947,7257657,12
0,4057772897,0.670966,7259155,15
0,548196031,1.031723,7261144,22
0,1493951807,1.004871,7265197,47
0,628098073,1.050019,7266339,10
0,3996836687,0.911086,7268527,25
0,2852735219,0.849517,7269954,12
0,809544973,0.913227,7271098,10
0,2073289577,0.944247,7274335,40
0,2462482931,0.947859,7275269,7
0,423592303,0.889391,7277098,20
0,1213408699,0.944247,7278378,12
0,2441150923,1.100870,7280353,22
0,1173149519,1.006328,7281326,6
0,2465392669,1.127168,7283194,20
0,369200999,0.977281,7284263,9
0,3501470369,0.884988,7286229,22
0,411441533,0.984747,7288303,23
0,689561921,0.824432,7288869,2
0,3228910259,0.842012,7294145,69
0,2749518197,0.813101,7298150,51
0,3670994141,1.012616,7300575,28
0,1045962989,0.981767,7303861,41
0,1082743019,0.907327,7306813,36
0,2559614767,1.106621,7307468,3
0,925524781,0.854103,7308262,5
0,1036586443,1.001951,7308981,4
0,311771413,1.070740,7311142,25
0,3419006287,0.701561,7312301,6
0,386826827,1.086134,7312963,3
0,1268531281,0.855816,7315000,23
0,1457973931,0.996086,7317857,19
0,3184744273,0.981270,7318419,1
0,4188043231,0.815499,7319504,9
0,3887240611,0.760987,7321964,29
0,4272832691,0.782499,7322902,7
0,737352047,0.818488,7324603,18
0,2184655163,1.093750,7325112,1
0,1476297191,1.136229,7325697,2
0,1003761809,0.862070,7326965,12
0,3199048519,0.693863,7327839,6
0,2230879099,0.786855,7328706,6
0,3613863703,1.125868,7333330,60
0,761210687,1.102642,7335659,27
0,1285445717,1.026028,7336169,1
0,2637018133,0.848942,7341010,63
0,2806213243,1.102642,7341733,4
0,3727328833,0.903552,7342999,12
0,752114269,0.797334,7343645,3
0,502288411,0.644235,7348269,60
0,815453173,1.067086,7348987,4
0,1470154813,1.000488,7351447,29
0,3745017037,1.047225,7352249,5
0,348212651,0.802219,7352960,4
0,3017311501,1.002438,7355232,26
0,3379787407,0.864332,7356868,17
0,3468038309,0.844329,7357691,3
0,1168696273,1.081178,7358432,4
0,2953259983,1.132786,7361869,43
0,1544607287,0.938541,7362524,3
0,1866444421,1.008267,7364716,25
0,3754551067,0.940101,7368036,36
0,870103811,0.889391,7370124,23
0,3061927013,1.105296,7372792,29
0,2375811899,0.866589,7373956,10
0,4208062739,0.891036,7376872,35
0,774044111,1.003899,7379824,36
0,1997522509,0.956577,7380964,10
0,743885147,0.851240,7382591,17
0,234220073,0.805862,7383651,9
0,1297449203,1.098205,7384306,3
0,1505852177,0.938021,7386557,26
0,3177144167,1.033142,7387227,3
0,75993641,0.818488,7388413,11
0,4122784649,1.126301,7393257,63
0,2519415443,0.846639,7394393,10
0,2415312157,1.002438,7396243,20
0,1900549073,0.822653,7396886,3
0,1067678159,0.916963,7397412,1
0,939682537,0.698771,7397981,2
0,3392235311,0.833854,7399196,11
0,458551273,0.925971,7400470,12
0,3696962827,0.977281,7402094,17
0,3933717259,1.031723,7403172,9
0,2027132381,0.781875,7405157,22
0,2774886479,1.062959,7405884,4
0,2576028809,1.068458,7410013,53
0,4059738049,0.872205,7411512,15
0,1554808699,0.902471,7412174,3
0,1700711687,0.936979,7413121,7
0,2549852237,1.002438,7415961,30
0,1765498309,0.947859,7421810,63
0,1135775353,1.012133,7423272,12
0,2586235831,1.106621,7424282,8
0,1008546613,0.753248,7426527,26
0,3764997713,0.855246,7429330,34
0,1475089937,0.903552,7431229,21
0,3364345703,1.012133,7432717,15
0,1545508997,1.160465,7436639,50
0,1685380687,0.975280,7437301,3
0,2329034623,0.999023,7443323,78
0,343615241,1.021736,7447320,51
0,4268969797,0.875558,7448535,11
0,2360082427,1.091963,7449130,2
0,1019657203,0.793652,7449717,2
0,2697869677,1.152867,7451408,18
0,635693353,1.157938,7452817,14
0,803171921,1.037387,7455300,29
0,3660626731,0.984747,7456022,4
0,2300764993,1.056047,7457157,10
0,3466384307,1.040677,7460336,39
0,1673565743,0.891036,7461407,9
0,3498000959,1.009235,7461994,2
0,470684057,0.952997,7462906,7
0,2057249449,1.066628,7466338,43
0,3018035227,0.892679,7467335,8
0,3682017253,0.950432,7468066,4
0,3721245763,0.899761,7472333,49
0,2866949039,0.889391,7473662,12
0,3641935967,0.872205,7476493,32
0,4036066751,1.012133,7479955,43
0,706620379,0.916963,7480535,2
0,2843282237,0.947859,7482020,15
0,3705974627,0.863202,7482537,1
0,754649683,0.950432,7484643,24
0,1270848661,1.008267,7487677,37
0,2102794873,0.940101,7490499,34
0,520639621,1.080726,7492255,19
0,1464825697,0.950432,7493474,11
0,4149816709,0.906789,7497120,46
0,3642820091,0.944247,7500013,35
0,2211532859,0.877786,7502440,28
0,2267216141,0.753248,7502950,1
0,523083887,1.039268,7508465,73
0,3378217541,1.223947,7509752,12
0,484594093,0.824432,7511244,15
0,3615894097,1.044891,7513774,30
0,3778107799,0.964709,7514355,2
0,3778565177,1.000488,7517261,30
0,1011514271,0.824432,7519119,20
0,1853319757,1.009718,7520937,6
0,821882353,0.758416,7523133,21
0,4025713031,0.867152,7523869,4
0,1803044851,0.973777,7524394,1
0,1846718101,0.907327,7525043,3
0,3919805941,0.947859,7525562,1
0,308308181,0.822653,7526895,13
0,2991134561,0.960652,7531510,60
0,1177168931,1.171771,7532854,13
0,3320884813,1.166760,7535312,29
0,2568357989,1.107944,7537074,19
0,2891326127,0.919090,7542671,74
0,2404931437,0.930180,7544458,19
0,3137039701,0.877229,7550065,74
0,2574458881,0.968750,7550638,2
0,1167036967,0.956577,7552327,18
0,1306849769,1.128899,7552841,1
0,184323203,0.786855,7553896,9
0,1543107229,1.004385,7556517,31
0,514683739,0.993632,7558423,21
0,2009947637,0.877786,7559084,3
0,3003004297,0.977281,7559811,4
0,2920174219,0.977780,7561241,14
0,3928896677,0.846062,7562244,8
0,880751603,1.008267,7563942,18
0,1752771313,1.226737,7566469,30
0,2361395347,0.792420,7567038,2
0,1322257691,0.718750,7567892,6
0,4102738699,0.975280,7569389,15
0,486280831,0.970764,7573333,43
0,130447909,0.843750,7574144,5
0,955572113,0.829745,7576073,21
0,3191014961,1.035503,7579518,40
0,2687913677,1.050019,7580390,6
0,3810327953,0.910014,7581739,13
0,4291340723,0.971267,7586298,59
0,355723499,0.849517,7586945,3
0,1090845319,0.942176,7589840,35
0,875502127,1.110145,7590765,7
0,1916226593,1.152867,7592806,23
0,2871152191,1.031250,7594237,14
0,2912694689,0.950945,7594810,2
0,383553871,0.976781,7595675,6
0,2895073981,0.973777,7597161,15
0,2455944737,1.017906,7597744,2
0,3432717511,0.884436,7604606,92
0,1404617209,1.037387,7606098,15
0,4277981489,1.093303,7607803,18
0,2728959043,0.938541,7608524,4
0,1005575069,0.952484,7609532,8
0,1885811659,0.950945,7610740,11
0,2499449747,1.095980,7614120,42
0,3766052179,0.987223,7615264,10
0,3731129177,0.827388,7615912,3
0,939156241,1.035974,7617816,21
0,1741952293,1.073928,7626075,91
0,2363163367,0.972272,7628388,24
0,4060312973,0.855246,7630384,22
0,2293444663,1.007782,7630960,2
0,4096632343,0.875000,7636993,80
0,919125463,0.906789,7637787,5
0,2127917201,0.973777,7640604,34
0,1194392587,1.009718,7644424,48
0,154946089,0.855246,7647571,39
0,1218107801,0.820870,7649826,26
0,4126803271,1.035031,7651592,19
0,1409848423,1.094196,7653628,23
0,3026544691,0.663649,7654831,11
0,2651836127,1.012133,7656118,12
0,3869461201,0.981270,7656834,4
0,497977159,1.178419,7659917,38
0,3053323333,1.006328,7663494,45
0,3190919899,1.163827,7665198,18
0,4279719023,0.955044,7667945,33
0,3140842979,0.908403,7668603,3
0,1968216977,1.250781,7676000,95
0,2523899011,1.017906,7677849,20
0,1687875283,1.140518,7679595,16
0,775381099,0.858664,7680681,9
0,79256959,0.832682,7681744,9
0,513122023,0.846062,7682465,4
0,2997370457,0.848942,7683529,9
0,1935877211,0.988706,7685986,29
0,612927121,0.860369,7691760,75
0,3262306627,1.040677,7693562,19
0,835773641,1.024123,7699442,78
0,2593526113,0.971267,7700083,3
0,663536161,0.908940,7701919,20
0,2121986621,0.732211,7703421,15
0,455499857,0.906789,7705033,17
0,1497400283,0.875558,7707766,33
0,1653969241,0.846062,7708477,4
0,1730902273,0.973276,7709328,6
0,3683037307,1.067086,7714174,63
0,3563880253,0.889391,7718318,53
0,3863779609,0.822653,7719812,15
0,1697815877,1.168432,7720880,9
0,1878475901,1.054659,7723154,22
0,2595030769,0.930180,7724104,7
0,2176914269,0.925971,7724609,1
0,3796821179,0.822653,7727132,12
0,622506163,1.037387,7728001,4
0,3011542379,0.844329,7730403,28
0,2708634689,0.850092,7732582,25
0,3725100311,0.975280,7733581,8
0,1920752039,1.191605,7734096,1
0,2774045107,0.941657,7735935,20
0,1791342463,0.829745,7736733,5
0,3312394499,1.111903,7739343,31
0,1941712897,0.914830,7740401,9
0,1630885637,0.891036,7743346,36
0,1571630009,0.968750,7747915,59
0,2609537419,1.086134,7749118,11
0,2028876721,1.129332,7751854,33
0,868548523,0.981270,7753135,12
0,2399233141,1.137517,7754202,9
0,4257618139,1.072563,7756395,25
0,2475624737,1.127168,7760395,51
0,226431461,0.755837,7761109,4
0,2755346837,0.725512,7764334,40
0,1473510253,0.938021,7765558,11
0,1403904097,1.002438,7768248,32
0,3026656621,0.781250,7771227,35
0,3671060677,1.050483,7775866,60
0,1559654497,1.066628,7778078,21
0,3567939997,0.797334,7780923,34
0,1507401823,1.178419,7781590,1
0,4013939623,1.025552,7784967,39
0,1717368299,1.054659,7786979,22
0,2385742823,0.880563,7787981,8
0,4034653013,0.920152,7788569,2
0,3907710223,1.098205,7790893,27
0,837627449,1.125868,7793220,27
0,3897823373,1.039738,7795667,29
0,363415259,1.004871,7796381,4
0,1677800123,0.793652,7800860,58
0,1893834331,1.128467,7802700,20
0,711191939,0.946313,7803348,3
0,3728894693,0.844907,7804554,11
0,1236872321,0.914830,7806677,24
0,3355095899,0.855246,7809505,34
0,3276398131,0.921743,7813357,49
0,57162043,1.039268,7814276,7
0,3844342633,0.915364,7815127,6
0,3370725331,0.978779,7816345,11
0,1857626633,0.906789,7817422,9
0,3764566867,0.972774,7818217,5
0,3558715049,1.071652,7820124,21
0,320466767,0.944247,7821197,9
0,3160302217,0.877786,7826240,62
0,66746129,0.906789,7826837,2
0,3710244539,1.066170,7828571,5
0,280573037,0.993632,7831064,28
0,2259791141,0.884988,7833458,28
0,4175946451,1.005357,7834891,14
0,1686970057,1.064795,7838628,46
0,3693491023,0.864897,7839240,2
0,97397683,1.052341,7840440,11
0,205315571,0.897588,7843794,40
0,408027461,0.910550,7844447,3
0,2842654673,0.833854,7846499,23
0,1703151889,0.944764,7848739,26
0,3648703291,0.915364,7853064,55
0,2845675421,0.855246,7854706,17
0,4084204081,0.758416,7856527,20
0,755390687,0.753248,7857315,5
0,788510819,0.913227,7858880,16
0,3687640267,1.064795,7859892,8
0,970087999,0.995105,7865661,76
0,1003732747,0.873324,7867097,14
0,539496653,1.061581,7868439,13
0,1469313211,1.033142,7871528,38
0,2175005233,0.811899,7873839,27
0,3656378543,1.012616,7875272,14
0,1558821533,1.151171,7875858,2
0,2283837593,1.070740,7876772,7
0,70199777,0.975280,7877270,1
0,3383422039,0.961668,7878355,9
0,992560619,0.940101,7879290,7
0,1277762021,1.047225,7881211,21
0,3019738481,1.078917,7882630,14
0,2377568407,0.950432,7883699,9
0,2847051161,0.884988,7884416,4
0,2776348853,0.970764,7887791,42
0,1267770191,0.942694,7897268,126
0,2758885027,1.101313,7899270,22
0,513720041,1.239408,7900547,12
0,206535899,1.080726,7901679,10
0,1061276941,0.983258,7904730,36
0,2960373877,1.239408,7905595,6
0,1831139357,1.043020,7907144,13
0,1888707781,0.932801,7908102,7
0,3533700581,1.038328,7909605,15
0,3655539449,0.875558,7911864,26
0,3844413953,1.067086,7914107,26
0,428049031,1.062959,7917385,41
0,1777265333,0.875558,7921403,51
0,4049309821,1.031723,7922542,10
0,2818496539,0.969254,7923061,1
0,3629439007,0.983258,7923926,6
0,3938720641,1.043020,7926706,29
0,3617254811,0.818488,7927600,6
0,1977915733,1.024123,7928324,4
0,3858477083,1.189554,7931867,29
0,3541109513,0.761629,7933248,11
0,4010676419,1.166760,7934522,12
0,2296735927,0.842012,7935519,8
0,3913565009,1.000488,7936997,15
0,3576561367,1.031250,7938412,12
0,3887740817,1.032669,7939358,7
0,2899717739,1.163407,7943119,47
0,2951237699,0.950432,7946615,44
0,236108531,1.097761,7947744,10
0,1819871659,0.902471,7948883,10
0,1842798077,1.238620,7951440,30
0,1033884737,0.921743,7955500,52
0,3069279937,0.914830,7956308,5
0,2457791327,0.863202,7957807,15
0,2230907537,0.993141,7959798,22
0,3234664561,0.829745,7961070,12
0,536033317,1.157938,7962516,14
0,942493579,0.818488,7965194,32
0,1487085811,0.969758,7965701,1
0,2213897779,1.296404,7967117,14
0,2340451907,1.040677,7967622,1
0,251910863,1.006328,7970158,30
0,1525552733,0.964709,7971728,16
0,1556854787,1.044891,7973490,19
0,596716553,1.000488,7974545,9
0,1414103143,1.015505,7976515,22
0,1173637319,0.942694,7980245,47
0,4185565127,1.267456,7981898,12
0,4128396131,1.000000,7983549,17
0,983967587,0.908940,7984125,2
0,2652872231,0.910550,7986443,24
0,3060225661,1.068458,7987048,2
0,698931007,0.844907,7988194,10
0,3338269601,1.000488,7989899,18
0,3097500577,0.880563,7991720,20
0,3009683233,0.940101,7992865,10
0,155287987,0.913227,7993852,8
0,1825525171,0.915897,7994995,10
0,1822260863,1.125434,7996561,16
0,1797363389,1.033615,7997142,2
0,795837011,0.895409,7998434,12
0,929066093,0.908940,8000972,30
0,206686309,0.727528,8001537,2
0,2084174419,0.751301,8003947,28
0,1606986749,1.040677,8010890,93
0,3206130937,0.907327,8012120,11
0,695207153,0.916963,8014919,34
0,2285365067,0.755190,8016754,20
0,615403669,1.017906,8019067,27
0,160896469,0.804043,8020625,16
0,3180784727,0.977281,8022061,14
0,1120204759,0.950945,8023488,14
0,1996796947,0.888841,8025038,16
0,1604496899,1.095534,8026802,19
0,4139590099,0.815499,8027957,10
0,3915341257,0.755837,8029775,15
0,923273867,1.043488,8031493,18
0,2442478697,1.062959,8033740,13
0,864510833,1.086134,8034612,4
0,3372277759,0.843750,8035355,2
0,1113980401,0.968750,8036176,5
0,1457877797,1.009718,8037457,12
0,150767381,1.035974,8043190,76
0,1783701541,0.964203,8043900,4
0,4163089649,1.039268,8045035,10
0,4228697519,1.282012,8046038,8
0,3252565781,1.212323,8050377,56
0,3987578989,0.748697,8050891,1
0,3377684767,0.987223,8051961,9
0,1963124533,0.832682,8052959,8
0,1651998683,1.131060,8053831,6
0,1210502963,0.911622,8055800,22
0,2198302021,0.910550,8061460,75
0,1290438649,1.035031,8062735,12
0,3239355313,0.977281,8063725,8
0,491190839,1.056047,8066401,32
0,974310917,0.817891,8070112,47
0,3177907463,1.012616,8071107,8
0,768169027,0.915897,8074468,42
0,1103509639,0.860369,8075946,15
0,653721823,0.963190,8076735,5
0,3186765229,0.914830,8078659,21
0,1313510173,0.884436,8079378,4
0,2120989753,0.973777,8081642,26
0,31223267,0.908403,8082487,6
0,2733714421,0.805862,8086313,44
0,150372653,0.781875,8088577,26
0,1154069261,1.002438,8091291,30
0,243786311,1.001951,8092719,14
0,973907251,0.824432,8094352,17
0,1351099103,1.054659,8097152,34
0,493276787,1.071652,8098017,6
0,1240441739,1.130628,8102597,59
0,1473752473,0.973276,8103260,3
0,33815251,0.691042,8104596,13
0,288119813,0.906250,8108991,57
0,757019629,0.888841,8110415,14
0,4025564891,1.160465,8113315,35
0,745922869,0.813101,8115152,20
0,3511649213,0.973777,8117209,23
0,3224465099,0.947859,8123244,80
0,3845116531,0.844907,8132196,117
0,2756153161,1.104854,8133230,8
0,2570704567,1.043020,8133955,4
0,628480739,0.869402,8135500,1
0,3253510453,0.855246,8137223,16
0,3936105499,1.002438,8141668,57
0,2357874641,0.880563,8142940,12
0,813305113,0.911622,8145045,24
0,2545289359,1.019344,8152260,97
0,2965120313,0.936979,8155009,33
0,1930683673,1.120651,8156421,14
0,2749786591,0.940101,8159102,32
0,1023951473,1.009718,8161292,25
0,3914008933,1.119343,8162293,8
0,907063583,0.757128,8163423,10
0,3236963531,1.093750,8166669,40
0,1174692511,0.872205,8167600,7
0,1825727639,0.982762,8168945,13
0,64458341,0.891036,8170069,10
0,1073630711,0.914830,8170947,6
0,3247447001,0.929129,8173957,37
0,870776371,1.161727,8177409,43
0,3803175011,0.899761,8178071,3
0,3656832737,1.094643,8179848,19
0,3740328121,1.079370,8181127,12
0,3992017123,0.730876,8182212,9
0,1314332521,0.864332,8184393,25
0,2131441253,0.938541,8185115,4
0,2676598459,0.970764,8185828,2
0,1729095113,0.886090,8186443,1
0,394718633,1.055584,8188139,18
0,747531787,1.000488,8188966,4
0,4247659063,0.982762,8190943,22
0,172912511,1.073928,8191807,3
0,886097587,0.920152,8192328,1
0,784069163,0.791187,8193891,16
0,3797619461,0.969758,8195514,17
0,3458523217,0.920152,8196085,2
0,2763006517,0.916963,8196733,3
0,4219694153,0.970764,8197540,5
0,3327169231,1.095980,8198047,1
0,4255842323,0.940101,8204654,88
0,2436978763,0.889391,8212949,113
0,2412622417,1.033615,8214310,13
0,4177723607,0.813101,8216001,18
0,1402353697,0.880008,8217902,21
0,2038371931,1.105296,8219324,14
0,1097052961,0.806468,8220173,6
0,4187520611,0.842012,8221260,9
0,4176172367,0.884436,8222751,15
0,1141060253,0.981270,8224579,20
0,554498839,0.938021,8228657,52
0,2539664003,1.017906,8230556,21
0,3725903527,1.001951,8232111,16
0,3071518823,0.946313,8238970,71
0,2467466399,0.913227,8239759,2
0,4254959453,0.960652,8240974,11
0,1924422547,0.814900,8241487,1
0,1884353629,0.843750,8244158,32
0,873020969,1.219551,8246548,28
0,1925560271,0.827978,8247970,14
0,3774193141,1.136229,8253499,73
0,111800981,0.716027,8254694,11
0,781489529,1.220752,8255478,5
0,3452383951,0.875000,8256412,7
0,3410910637,0.942176,8256995,2
0,2794286057,0.910550,8260299,41
0,3940065973,0.925971,8261861,16
0,3960919133,1.105296,8263639,19
0,2341723757,1.160044,8264156,1
0,2111982617,1.044891,8265791,17
0,2331024517,0.783746,8266375,2
0,83602229,1.281631,8267370,8
0,412891579,1.074382,8269281,21
0,868494463,0.776234,8269868,2
0,2446633337,0.878342,8273101,40
0,503850367,0.866589,8275841,33
0,1300051871,0.930180,8278195,27
0,1579206649,0.971267,8280450,26
0,1439433949,1.017906,8284572,51
0,3991841999,0.906789,8287873,40
0,3036178507,0.950432,8288977,5
0,3761790847,0.781875,8289580,2
0,2269605229,0.817891,8290658,9
0,1696024079,1.006328,8292870,25
0,530909623,1.014061,8293524,3
0,1848112243,1.105296,8296765,37
0,3377615701,1.000000,8298538,19
0,2175344309,0.882225,8299113,2
0,304532989,0.950432,8301428,27
0,836450063,0.911086,8304031,31
0,3216905921,0.970764,8304683,3
0,1436195339,0.983258,8308047,42
0,3898711319,1.035974,8308628,2
0,1275504833,1.000976,8309127,1
0,528472033,0.946313,8311731,31
0,3841113109,1.003899,8314334,31
0,3987567833,0.813701,8317637,41
0,2115277331,0.688919,8318978,13
0,1153454713,1.043488,8319829,6
0,1828214033,0.950945,8320681,6
0,2904731573,1.074382,8322389,18
0,4187189653,0.858664,8326246,49
0,3946120177,0.938541,8326965,4
0,156108851,0.827388,8328294,13
0,1183503779,0.879453,8330402,24
0,3898777711,0.827388,8332959,30
0,2482186591,0.817294,8334101,10
0,1123309147,1.017906,8337410,37
0,911076193,1.000488,8338915,15
0,1943093161,1.159624,8341590,21
0,3149701591,0.907327,8344015,27
0,141377767,0.877786,8344513,1
0,1570826251,1.016466,8345515,8
0,3184876091,0.938541,8346457,7
0,3899215939,1.160044,8347726,12
0,788980307,0.910550,8348732,8
0,506433839,1.066170,8351118,28
0,2835131291,0.889391,8353026,21
0,4020433103,0.952484,8362314,125
0,2215284067,0.791187,8363752,14
0,542995027,1.035974,8364765,8
0,121502501,0.853531,8365277,1
0,329617399,1.075745,8365999,4
0,1863322561,0.873883,8367058,9
0,1380802777,1.004871,8367710,3
0,1510550143,0.977780,8369125,14
0,3405093821,0.783746,8370618,15
0,3719107591,0.805862,8373436,34
0,3697295029,0.851240,8374086,3
0,4190798239,1.043488,8376915,34
0,3429718373,1.098205,8377774,6
0,2496736601,1.094643,8378419,3
0,3353458393,0.803435,8379565,10
0,4115168731,0.984747,8381683,24
0,191714359,0.908940,8383512,20
0,41024761,1.170520,8384781,12
0,3689636903,0.952484,8385506,4
0,3176683067,1.094643,8389157,46
0,344422523,1.006328,8389671,1
0,1834157027,0.944247,8395954,84
0,918430157,0.822059,8397725,19
0,2412737771,0.880563,8399364,17
0,4234468949,0.787475,8400783,14
0,600175333,0.824432,8402544,19
0,3125567111,1.052341,8404799,26
0,187425743,1.064795,8406159,13
0,920015689,0.938021,8408216,23
0,3421824899,1.031723,8408733,1
0,1829395663,0.971267,8411207,29
0,2962004263,0.844329,8417084,78
0,4023043723,0.962683,8417677,2
0,83927381,1.037387,8418789,10
0,367578209,1.085235,8425855,95
0,691475173,0.915364,8427334,15
0,1387854317,0.914830,8427853,1
0,2042652013,1.095980,8428641,5
0,1507756897,0.942694,8430056,14
0,1195904663,1.035503,8431403,13
0,3192685651,1.033615,8433101,18
0,4260715903,0.970764,8434467,13
0,2356857131,0.975280,8435534,9
0,2673087983,1.063419,8438976,38
0,2133563249,1.000488,8440812,17
0,4235451917,0.752600,8441644,5
0,398183813,0.875558,8442374,4
0,74963111,1.012133,8444481,24
0,2079882881,1.000000,8445419,7
0,2597489021,0.902471,8446771,13
0,2263519387,1.019823,8448274,15
0,4289923207,0.875558,8450951,32
0,145824251,0.975280,8452084,10
0,4032059501,0.858096,8454057,22
0,657406331,0.877786,8455212,10
0,1925457529,0.981270,8457317,24
0,735286663,0.699470,8457967,3
0,1595229737,1.014061,8460300,27
0,3514741331,0.831508,8462909,31
0,2564847463,0.997556,8463631,4
0,2778256577,1.079370,8464344,4
0,874823647,0.908940,8466535,25
0,2257352329,1.009718,8467255,4
0,3998600383,0.944247,8468471,11
0,642155567,0.978779,8469258,5
0,1283489747,1.130628,8470961,18
0,3031992377,0.907327,8471467,1
0,2965777337,0.950432,8474219,33
0,3379161881,1.133647,8475147,7
0,3719752277,0.973777,8479854,61
0,1276188359,0.848942,8480706,6
0,137626297,0.941657,8481200,1
0,2717290237,0.752600,8481996,5
0,1783157503,1.189554,8483414,14
0,2572595657,0.946313,8487683,55
0,3797311741,0.942176,8488203,1
0,744305383,0.911086,8488992,5
0,88916777,1.074382,8489552,2
0,3758124037,0.969254,8491378,20
0,2162693537,0.846639,8492990,17
0,138014951,1.054659,8494466,15
0,4184987659,0.895409,8495327,6
0,1944245351,1.039268,8496329,8
0,563406521,0.844907,8497321,8
0,2896537529,1.095980,8503550,83
0,2908693187,0.970764,8504410,6
0,3558420629,0.783746,8506303,21
0,3361524503,0.972774,8508008,18
0,1831613411,1.068458,8508660,3
0,39890537,0.946313,8509983,13
0,215190869,1.039268,8511737,19
0,1206126067,0.875000,8512664,7
0,3586551043,1.111903,8513250,2
0,3850818373,0.846639,8514525,12
0,96886277,0.944247,8516342,20
0,2842071653,0.674595,8521443,67
0,1102548121,1.074382,8525583,53
0,1025918321,1.037387,8527907,27
0,1401930841,0.942694,8528416,1
0,450363929,1.129332,8530021,17
0,112047029,0.938541,8530663,3
0,1677296521,1.012616,8531868,11
0,1413918349,0.875558,8532661,5
0,1586661737,0.880008,8533652,8
0,834445643,0.753248,8536389,33
0,2779540333,0.880008,8543190,84
0,972843107,0.799169,8543737,1
0,1076956241,0.818488,8544445,4
0,193186991,0.883883,8545929,15
0,1607487293,0.858096,8546654,4
0,3779646569,1.039268,8547244,2
0,334677491,0.991172,8550396,39
0,2804992987,1.038798,8551051,3
0,2181168569,0.945797,8555820,62
0,992651993,0.938541,8556814,8
0,684396611,0.853531,8557663,6
0,1802658133,0.875000,8559159,15
0,1567353587,0.877786,8561092,21
0,480948329,0.984747,8562373,12
0,107681593,1.031723,8565520,39
0,2078115497,0.753248,8566524,8
0,2287907729,0.889391,8567933,14
0,1293447677,0.895409,8570531,31
0,3996414517,0.911622,8571944,14
0,2551783777,1.004385,8574327,28
0,1390226879,0.911622,8575200,6
0,2074211063,0.817891,8576214,8
0,1149206459,0.797334,8577316,9
0,2379862307,1.037387,8579635,27
0,626586113,0.815499,8581323,18
0,310676957,0.853531,8582382,9
0,1142504221,0.952484,8583376,8
0,3181293161,0.941657,8586341,36
0,1982631059,0.899761,8589219,35
0,2568963643,0.985738,8590921,18
0,2657983963,0.849517,8594856,50
0,4234279909,0.707797,8597323,29
0,1233855901,0.872205,8598318,8
0,2497298701,1.033142,8600638,27
0,3330358387,1.050483,8603099,29
0,2991867467,0.873324,8606205,38
0,1265452151,1.070284,8608333,24
0,2549809751,0.844907,8609552,11
0,2957753,0.813101,8610097,2
0,819410803,1.047225,8611033,7
0,970045429,0.911086,8611907,6
0,2081046179,1.127168,8612973,9
0,2104247027,1.000488,8614529,16
0,3837501667,0.973777,8615945,14
0,4159367363,0.920152,8618208,26
0,1582433687,1.130628,8619411,11
0,1752664889,0.941657,8620062,3
0,858272267,1.039738,8622174,24
0,599609359,0.942694,8625349,39
0,484812611,1.031723,8626133,5
0,886148377,0.977780,8626773,3
0,570688439,0.964203,8627832,9
0,3193727837,0.888841,8628767,7
0,1773987011,0.908403,8629696,7
0,1395888073,0.973777,8630213,1
0,3904764911,0.942694,8633673,43
0,3541810471,1.035503,8634399,4
0,1755668461,0.827388,8636027,17
0,4096255693,0.919621,8639267,40
0,2975594483,1.038798,8640284,8
0,1922612359,1.024123,8641843,16
0,2347536767,0.824432,8643507,14
0,1405658543,0.888841,8645096,14
0,1107441817,0.891036,8645756,3
0,4181436709,0.880563,8646968,11
0,3301251211,1.098205,8650127,39
0,4100810521,1.035503,8651696,16
0,3155654431,1.000488,8656609,64
0,102376213,0.981270,8657447,6
0,3025625857,1.033615,8658374,7
0,2674431293,0.971267,8665035,89
0,3900366653,0.820275,8668959,50
0,3796929649,0.789333,8670650,18
0,3463448203,0.916963,8671442,5
0,3665118599,0.946313,8672657,11
0,2316481367,1.063419,8673309,3
0,1760215333,0.939581,8674583,12
0,1628831899,0.813101,8676340,19
0,4011157741,0.976781,8678733,28
0,3181786669,1.035974,8680366,17
0,2719122733,0.820275,8682409,23
0,2338354391,0.911086,8684662,26
0,478330631,1.070284,8685999,13
0,1514013737,0.939581,8687126,10
0,2081527081,0.877786,8690264,38
0,3769828147,1.097761,8692970,32
0,2969635997,0.973777,8693471,1
0,1092840143,0.877786,8694684,11
0,3524574401,1.012133,8700009,70
0,309271673,1.040677,8700582,2
0,3261105919,0.941657,8701378,5
0,202036567,0.952484,8703282,21
0,1823218823,1.075745,8704561,12
0,2495764363,0.940101,8705556,8
0,234734543,0.823246,8709151,45
0,4273525357,1.007782,8710240,9
0,2553302363,0.950432,8714932,61
0,31672859,0.848942,8717646,33
0,2205016733,0.781875,8721357,47
0,3383550739,1.044891,8722292,7
0,1570296577,0.722139,8723221,7
0,1877835473,0.911622,8724031,5
0,829463057,0.932277,8725786,19
0,151522957,1.043488,8727674,21
0,1757836403,0.875558,8729027,13
0,2071404917,1.035031,8729959,7
0,3053026013,1.097316,8736066,81
0,3004963849,0.888841,8737410,13
0,625799897,0.813701,8738473,9
0,26942017,0.925971,8743153,61
0,1636128539,0.893772,8748153,59
0,1763125723,0.851240,8751288,38
0,3734872553,0.815499,8755647,56
0,2766841789,0.921743,8757217,16
0,3906685313,0.975280,8758426,11
0,100877389,1.097761,8759956,16
0,1601174483,0.886090,8760899,7
0,384463441,0.787475,8767214,84
0,313274779,0.983258,8767717,1
0,3647245463,0.942694,8774491,91
0,1977338171,0.818488,8777594,38
0,15758203,0.827388,8780654,38
0,2625585337,1.035974,8783611,34
0,3553766813,1.062959,8784349,4
0,1955013239,0.786855,8784999,3
0,4079138683,1.093303,8787400,28
0,1261864033,1.035503,8789788,28
0,86232581,0.950432,8791746,22
0,602036401,1.043020,8792255,1
0,894793373,1.012133,8794576,27
0,1465431673,0.972774,8795157,2
0,344154071,0.864897,8799254,52
0,1807198199,0.923330,8800273,8
0,882065423,0.964709,8801273,8
0,4027508137,0.848942,8803034,19
0,2903460871,1.064337,8805933,35
0,3509314843,0.675318,8812606,89
0,31073849,0.908940,8817843,69
0,1195844801,0.989199,8820011,25
0,4098937243,0.820275,8822330,27
0,3021757133,1.040677,8823475,10
0,2590352399,0.818488,8824054,2
0,3081275831,1.068458,8827923,49
0,2426763113,1.014061,8831243,41
0,466976701,0.924387,8833364,24
0,1180408429,0.970764,8834854,15
0,286864891,0.908403,8837104,26
0,2332886579,0.796722,8838164,9
0,1892650219,1.117160,8839249,9
0,1426571033,0.978779,8839901,3
0,3455643853,0.946313,8841111,11
0,373366571,0.793652,8842656,16
0,2393491817,1.039268,8844490,20
0,2461895377,1.050019,8845214,4
0,3022096481,1.162987,8845921,4
0,379910593,1.040677,8847118,11
0,2787441479,1.121958,8848168,5
0,1513765501,1.000488,8848974,5
0,835445309,0.907327,8850896,19
0,1373315327,0.914830,8852397,15
0,247636507,1.004385,8853449,9
0,984898813,0.995105,8854172,4
0,2814152707,0.894864,8855803,17
0,3649913077,0.977281,8856667,6
0,1678153271,0.944247,8857596,7
0,1283085263,1.081178,8858258,3
0,2608964003,0.956066,8861767,44
0,1717241131,1.069828,8864516,33
0,210204763,0.858664,8866066,16
0,733385927,0.877786,8867835,19
0,957682309,0.945797,8869793,22
0,415963253,0.853531,8870302,1
0,4061701559,0.940101,8871101,5
0,3792507839,1.014061,8871824,4
0,1113051197,0.947859,8872472,3
0,4171542461,0.877786,8876066,45
0,2107345181,0.784369,8876586,1
0,1750572877,0.867152,8877452,6
0,3319540057,0.844329,8879498,23
0,1168431911,0.853531,8885314,77
0,4286215441,1.071652,8886386,9
0,2166398071,0.969254,8887727,13
0,1917076157,0.880563,8893123,71
0,1447561463,0.758416,8894121,8
0,637325587,0.967237,8895270,10
0,1234450309,0.970764,8896133,6
0,645753629,0.932801,8896715,2
0,4269133021,0.884436,8898489,19
0,4259667707,0.975280,8900335,20
0,1427851589,0.817891,8901329,8
0,1800549451,1.068458,8903517,25
0,1145071379,0.977281,8904301,5
0,3225642587,0.913227,8906204,21
0,2814448387,1.066628,8906998,5
0,4223323369,1.080726,8908365,13
0,592027841,1.017426,8909991,17
0,2048079973,1.000976,8910499,1
0,2171161459,0.908940,8915260,62
0,471551669,0.993632,8916189,7
0,843779507,1.099538,8916765,2
0,3147406331,0.942176,8918122,13
0,4243407907,0.864897,8919051,7
0,2653550189,0.958107,8921318,26
0,3522787123,1.024123,8923591,26
0,2233397833,1.015505,8927446,49
0,1976498107,1.032197,8928535,9
0,3325518673,0.791804,8932044,44
0,3009721193,0.969758,8933319,12
0,1847053177,0.875000,8938852,72
0,829737823,0.884988,8940982,24
0,3279569177,0.880008,8941628,3
0,2739391981,1.000976,8942845,11
0,1421402123,0.954021,8944878,23
0,1893755453,0.815499,8946442,16
0,1138908541,1.094643,8947948,15
0,4092370943,1.070284,8949247,12
0,723923303,1.117160,8950458,7
0,4121874637,1.110145,8951120,3
0,836144923,0.902471,8952069,5
0,816574921,0.848942,8953445,13
0,4030478687,0.919621,8954102,3
0,4217402257,0.950945,8956934,34
0,3828585949,0.938541,8958699,19
0,3926645929,0.773714,8959558,6
0,2354243273,0.915364,8962241,32
0,1207448009,0.907327,8963379,10
0,2486128039,0.888841,8964941,16
0,2093212249,0.802219,8966909,22
0,2462188441,0.817294,8969367,29
0,2204565823,0.939581,8980219,149
0,2770638979,1.039738,8981568,13
0,1526036419,0.850666,8982234,3
0,1837976809,0.844329,8983936,18
0,1908969977,0.928078,8987799,49
0,805909087,0.789333,8990269,29
0,3327318601,1.197736,8990916,3
0,3728593361,0.912157,8992055,10
0,56693921,0.895409,8996327,55
0,3329114993,0.820275,8998173,20
0,1655187857,0.976781,9001832,46
0,3869939683,0.972774,9010099,112
0,73224311,1.000976,9012478,28
0,1933354669,0.924387,9012992,1
0,4076267341,0.824432,9017581,59
0,1775317717,0.844329,9020748,39
0,3301673777,1.070284,9021603,6
0,1351827887,0.852959,9023499,21
0,2845556449,0.956066,9025125,17
0,1688260787,1.157938,9026192,9
0,2535786437,0.793652,9027053,6
0,548537389,1.094196,9029642,31
0,1431366401,1.012133,9032110,29
0,3314531611,0.911086,9037914,77
0,2625237179,0.882225,9040615,32
0,4202351561,0.822653,9041905,12
0,483594653,1.035974,9043249,13
0,1628156051,0.969254,9044170,7
0,792105133,1.014061,9044822,3
0,4158145169,0.950432,9046163,13
0,4157894539,0.945797,9048431,26
0,200470129,0.934370,9048936,1
0,3222765697,0.964203,9050623,18
0,2380230887,0.848367,9053607,33
0,1509171127,0.932801,9054549,7
0,302666347,1.067086,9055750,11
0,516110687,0.930180,9057517,19
0,556364443,0.818488,9058977,13
0,700027099,1.098205,9061940,36
0,672083957,0.846062,9063916,22
0,2345797291,0.766103,9065466,16
0,2520359321,0.973276,9067792,27
0,934427213,1.115411,9068801,8
0,2244611651,1.012133,9070512,18
0,1716480203,0.971267,9071244,4
0,1563079363,1.063419,9074752,44
0,3781706917,0.939581,9076165,14
0,1807895393,0.867152,9078141,22
0,2963027321,0.958107,9080400,26
0,3694583351,1.044891,9085108,61
0,2039850157,1.167178,9088846,47
0,3228710207,1.040677,9089357,1
0,2776593467,1.002438,9090432,9
0,2357960497,0.947859,9091149,4
0,1764856537,0.789333,9094585,43
0,835065139,0.797334,9096138,16
0,496459421,1.047225,9097146,8
0,3654251309,1.031250,9098852,18
0,2229111317,1.004385,9101455,31
0,2697699691,1.067086,9102450,8
0,1924682329,0.721462,9104216,19
0,2241619229,1.078917,9105696,15
0,2211741659,0.939581,9107466,19
0,202820477,0.888841,9108664,11
0,3068570759,1.004871,9110498,20
0,1629400051,0.797334,9111298,5
0,3976131931,0.915364,9112935,17
0,4058850401,0.954021,9113444,1
0,3579513559,0.854103,9114382,7
0,3365105357,0.969758,9116292,21
0,2463398593,0.907327,9116798,1
0,3992049881,0.817294,9118016,11
0,483206359,0.981270,9118592,2
0,575057029,0.786234,9120977,28
0,1495627979,1.140946,9124235,40
0,1085551367,0.804043,9125440,11
0,923874961,0.930180,9127623,25
0,1810709077,0.975280,9128485,6
0,1802592767,0.793652,9129353,6
0,2497319569,1.043020,9133545,54
0,1303883209,0.888841,9134637,9
0,193712227,1.130628,9135136,1
0,3830364023,0.947859,9135724,2
0,2280656647,0.784369,9138260,30
0,944703247,0.883883,9141067,34
0,192500519,0.946313,9142209,10
0,3824697181,1.047225,9142867,3
0,958251029,0.897044,9144001,10
0,1314762871,0.855246,9146209,25
0,2419594621,0.858096,9147209,8
0,3923572397,1.101313,9147730,1
0,4225321157,1.098650,9148250,1
0,225920969,1.064337,9150993,33
0,1283173349,0.975280,9151718,4
0,858751403,0.844907,9153415,18
0,1365519847,0.730876,9156274,31
0,4054529417,0.820275,9163116,91
0,1792674659,1.039268,9165454,27
0,1398671899,0.889391,9167978,30
0,2786784457,1.159624,9169538,16
0,1548046961,1.146070,9170809,12
0,717321821,1.038798,9171676,6
0,1779258149,0.907327,9177306,74
0,1869621419,1.095534,9179915,31
0,539679793,0.849517,9181599,18
0,296814307,0.872205,9182378,5
0,2420647399,0.802219,9186733,56
0,1423074827,0.884436,9187595,6
0,2483011439,0.964709,9188671,8
0,74527307,0.977780,9189690,8
0,2875729427,1.073928,9190683,8
0,975514003,1.009718,9193309,31
0,64795579,1.031723,9195831,30
0,1221511657,1.066628,9200447,60
0,3061607077,0.969758,9201730,12
0,508949149,0.947859,9203379,17
0,511799797,1.099538,9205288,21
0,1773958981,1.097761,9206574,12
0,168613691,1.064795,9212789,83
0,612031139,1.012616,9213653,6
0,287553109,0.942694,9214654,8
0,1062113771,0.820275,9215663,8
0,706650979,0.911086,9218825,39
0,1409714701,0.938541,9221068,26
0,3285095369,0.791804,9223618,30
0,2162103577,0.852959,9225163,16
0,2230548829,0.919621,9225754,2
0,3398240191,0.950432,9226337,2
0,1189482947,1.009718,9230267,50
0,415952657,0.940101,9234675,57
0,2674321543,0.971267,9238021,41
0,2389913167,1.004871,9239022,8
0,387332999,1.098205,9239668,3
0,1790137291,1.002438,9240461,5
0,3262069841,0.987223,9242426,22
0,3259496923,1.094196,9243013,2
0,4110506131,1.158360,9244075,9
0,984811117,0.910550,9247092,37
0,512780039,0.843750,9247675,2
0,1058941207,0.914830,9249024,13
0,1404061133,0.915364,9249602,2
0,2228971223,0.919621,9251382,19
0,4181995267,0.846639,9252098,4
0,1955659969,0.911086,9253502,14
0,359544623,1.079370,9254229,4
0,17136797,0.970764,9256041,20
0,766838279,0.727528,9257590,12
0,1975440833,1.098205,9259429,18
0,1351830583,0.725512,9265673,83
0,1664901347,0.973777,9266397,4
0,459610423,1.014061,9269765,42
0,1429320869,1.066628,9273678,50
0,4227706661,0.939581,9274758,9
0,3009983461,0.851240,9276036,12
0,3253819339,1.012133,9279825,48
0,2748887249,0.981270,9284846,65
0,28671523,0.913227,9285354,1
0,3485924947,1.004385,9289835,58
0,3241182961,0.849517,9290825,8
0,3368174393,0.939581,9291467,3
0,3728730091,0.880563,9294085,31
0,2856613051,0.973777,9296896,34
0,604182049,0.971267,9298010,10
0,4228375027,0.849517,9299986,22
0,3473558219,0.942694,9303422,43
0,1647083393,0.944247,9303931,1
0,4079434369,0.760987,9304439,1
0,2690134637,0.879453,9306759,27
0,1362948127,0.721462,9311311,59
0,785639573,0.883883,9313700,28
0,1284451057,0.792420,9319096,71
0,379625737,1.035974,9319803,4
0,1388264609,1.070284,9322957,39
0,1437018511,1.102642,9326395,43
0,3556854997,0.640434,9328567,25
0,3824365873,0.914830,9329772,11
0,649519811,0.813101,9332162,28
0,1126883171,0.813701,9336383,54
0,1447847837,1.094196,9337173,5
0,1877878991,0.836777,9338275,9
0,2838107081,0.873324,9339544,12
0,2291541463,0.895409,9341095,16
0,131321291,0.988706,9343715,31
0,3976028909,1.019344,9345076,13
0,3822688469,0.913227,9346154,9
0,2845147453,0.895409,9351763,74
0,310029449,0.894864,9352540,5
0,2833694701,0.969254,9354388,20
0,597661613,0.942694,9355111,4
0,2696069249,1.068458,9356028,7
0,1149059929,0.877229,9356606,2
0,909235853,1.067086,9357979,13
0,2462966059,0.907327,9358919,7
0,2152531021,1.197736,9360431,12
0,658553437,1.017906,9361361,7
0,1594146647,1.296781,9362170,5
0,1525970839,0.802219,9366370,43
0,3402574261,0.760345,9367867,13
0,1409915149,0.984747,9368794,7
0,3366228419,1.130628,9370072,12
0,2341729799,0.668779,9372626,30
0,1310584469,0.793652,9374564,21
0,4088507933,0.919621,9375080,1
0,1258296119,1.017906,9377327,26
0,2641980877,1.006328,9379443,24
0,3277562933,0.950945,9382686,40
0,1153202909,0.915364,9383898,11
0,3917386463,0.938541,9384489,2
0,1551309547,0.817891,9385291,5
0,416432353,1.023646,9385991,4
0,3366948061,1.032197,9388811,34
0,1146867067,0.866589,9391496,32
0,1217614091,1.075745,9392486,8
0,4235822743,1.039268,9400198,104
0,865100773,1.198143,9402451,26
0,2604435461,0.893772,9404221,19
0,998886781,0.911622,9407869,46
0,1310515211,0.978779,9409772,21
0,4215901901,1.067086,9410634,6
0,1112165063,0.760345,9413938,41
0,3790483943,1.033615,9416275,27
0,1036094083,1.048623,9418733,29
0,160847867,0.971267,9420075,13
0,439767661,0.876115,9424769,61
0,90913117,0.968750,9426034,12
0,2810741543,0.934370,9426538,1
0,3427139057,1.144365,9427401,6
0,1579094947,0.981767,9430007,31
0,3038228519,0.908940,9430866,6
0,3053158037,1.101756,9431744,6
0,4209156379,0.942694,9432744,8
0,2561958491,0.973777,9434586,20
0,24338693,0.924387,9435142,2
0,2020232113,0.827978,9435788,3
0,1669967699,1.008267,9437219,14
0,1258300987,1.010685,9444072,91
0,2588091599,0.938541,9445320,11
0,3126606137,0.813701,9447298,22
0,2703467171,0.981767,9448443,10
0,2599957021,0.866589,9449238,5
0,4170476813,0.841432,9452980,47
0,2049191153,1.035974,9455591,31
0,2633189777,0.906250,9459259,46
0,1045681699,0.981767,9460259,8
0,40634959,0.872205,9462586,23
0,696578387,1.064337,9465902,39
0,4201512383,1.046292,9467302,13
0,1782577831,0.886090,9468173,6
0,1409489849,0.913227,9470493,27
0,2859745223,1.105296,9471427,7
0,1851009151,0.938541,9471940,1
0,37331947,1.039738,9473764,20
0,3209322913,0.782499,9477225,43
0,425867177,0.944247,9478293,9
0,485182751,0.958107,9479429,10
0,650139047,0.818488,9482234,34
0,2844507187,1.069828,9483380,10
0,2798782561,1.064795,9489312,79
0,1775397241,0.781875,9490518,11
0,644175541,0.883883,9492420,21
0,383718239,1.035974,9494816,28
0,1638722383,0.975280,9502947,110
0,3939295907,0.985738,9505840,35
0,2801423477,0.848942,9506570,4
0,56995993,0.827978,9508173,17
0,679715689,0.963190,9509657,15
0,305744731,0.848367,9512744,38
0,4188966013,1.028405,9513268,1
0,2153957957,0.735538,9515857,31
0,1764824401,1.067086,9516497,3
0,1749518593,0.822653,9521246,62
0,1760895151,0.884436,9522197,7
0,2133219743,1.147773,9525153,36
0,3573084629,0.844907,9526023,6
0,939308239,1.039268,9528912,35
0,4229492369,1.069828,9532137,40
0,2929438751,0.814900,9535666,44
0,3220892833,1.002438,9536599,7
0,843000271,0.983258,9537822,11
0,682862959,1.017426,9540509,32
0,4267134797,0.927551,9541375,6
0,919811969,1.098205,9544121,33
0,580099777,0.846062,9546374,26
0,216230341,0.858096,9547437,9
0,1635751153,0.738188,9549207,19
0,217619891,1.062959,9550061,6
0,1312392689,0.813101,9553080,37
0,2691120787,0.971267,9555072,22
0,519611231,0.975280,9557265,25
0,2036411401,0.947859,9558533,12
0,1799891857,1.100870,9560774,26
0,3190289287,1.032197,9563266,29
0,857838893,0.877786,9566947,40
0,1052756051,0.969758,9568127,10
0,3820601717,0.875558,9568643,1
0,2733919589,1.031723,9573819,68
0,3699007937,1.038798,9575092,12
0,3677259083,1.027930,9575612,1
0,2821242049,1.014061,9576602,8
0,2810818139,1.033142,9578161,16
0,3086308541,0.908940,9579884,18
0,4196303611,0.849517,9580408,1
0,1060956539,0.846062,9585388,65
0,2238253649,1.012616,9587847,29
0,791194919,0.988706,9591766,50
0,936724231,0.910550,9593114,13
0,1626508451,0.784369,9594321,11
0,308327927,0.950432,9597413,38
0,3289314793,0.976781,9598835,14
0,796517087,1.035031,9599631,5
0,3679923329,0.938021,9600418,5
0,3132219931,0.927551,9602529,24
0,2494983487,0.942176,9608135,74
0,1603573721,0.946313,9609279,10
0,465275383,0.908940,9609862,2
0,803085169,0.950945,9614500,60
0,4145298067,0.971267,9615506,8
0,3141003143,0.939581,9616792,12
0,2136431009,0.818488,9618495,18
0,3796286959,0.756482,9620281,19
0,480350953,0.877786,9622170,21
0,3398867623,0.848942,9625213,37
0,582831943,0.844907,9626216,8
0,673295173,0.849517,9627481,12
0,757545331,1.004871,9629250,19
0,1636315727,0.799169,9632284,37
0,256424159,0.844907,9634735,29
0,467970773,1.012133,9637602,35
0,381740519,0.950945,9638663,9
0,345433223,0.846639,9639304,3
0,2309028331,0.938021,9640937,17
0,2430262291,0.876115,9641447,1
0,4239362473,0.910550,9642324,6
0,1034201921,0.799169,9643035,4
0,3264046117,0.879453,9643972,7
0,904700347,1.116723,9644485,1
0,454201123,0.901929,9650537,80
0,4156312487,0.911622,9653765,40
0,2242137791,1.067086,9660335,88
0,346896071,0.815499,9661675,13
0,1762364203,0.784369,9663378,18
0,379239559,1.095534,9666554,39
0,2811970229,0.962683,9667805,8
0,2829571769,0.880563,9668839,6
0,3130242859,0.950945,9670085,11
0,1449771137,0.976781,9672213,24
0,742961819,1.035974,9672856,3
0,79656089,0.908940,9676715,49
0,1567098193,1.008267,9677292,2
0,4099226713,0.880008,9677802,1
0,1736112589,0.827388,9678330,1
0,2471257889,0.797334,9680152,20
0,1523304173,0.923330,9681023,6
0,1779754177,0.970764,9682989,22
0,2031332041,0.888841,9686420,43
0,1181802289,1.038798,9687285,6
0,674044519,0.880008,9690611,41
0,4211418919,0.963190,9696193,73
0,3495021919,0.950432,9698027,20
0,25037693,1.062959,9700134,24
0,3971189771,0.947859,9701971,20
0,80010001,0.915364,9702947,8
0,2809727731,0.760987,9704990,23
0,387962791,0.813101,9708713,47
0,2060880637,0.827388,9709374,3
0,339165293,0.889391,9711549,25
0,1317268501,0.944247,9714142,31
0,2721827827,1.061581,9715702,16
0,4279175029,0.955044,9719067,42
0,3130776001,1.253900,9719726,3
0,4242132119,1.098205,9721228,15
0,1243859509,0.911086,9724792,45
0,4294719811,1.129332,9730120,70
0,2595928141,0.908403,9731683,16
0,2363150371,1.048157,9736098,57
0,453629711,0.783746,9738626,30
0,2976983179,0.888841,9739410,5
0,242476567,0.942176,9740055,3
0,3499603897,1.006328,9741063,8
0,325051007,1.068458,9742978,21
0,1837834549,0.849517,9744258,12
0,2352433927,1.086584,9745051,5
0,3316733429,1.043488,9745572,1
0,2369701487,0.824432,9746160,2
0,3497305727,0.945797,9748014,20
0,3706312861,1.002438,9749084,9
0,1561617329,0.939581,9750989,21
0,2118767089,1.008267,9752890,21
0,2659211299,0.973777,9753467,2
0,2804448847,0.846062,9756622,39
0,3165413257,0.832682,9758056,14
0,318948803,0.945797,9758978,7
0,444570871,1.066628,9760884,21
0,1273929079,0.939581,9763501,31
0,2648530187,0.978779,9767150,46
0,3123207469,0.993632,9768861,18
0,4018936309,0.977281,9770950,20
0,469403449,0.756482,9771746,5
0,1242300139,0.808886,9772819,9
0,2725781293,0.833854,9781938,123
0,210866339,0.918559,9783286,13
0,3593938619,0.956066,9784983,18
0,4107498253,0.932801,9786691,18
0,921642221,0.975280,9788040,13
0,1578646501,1.128467,9789460,14
0,527844943,0.997556,9790108,3
0,480513601,1.040677,9791651,16
0,2667073163,0.846639,9795990,54
0,2298890651,0.938021,9796854,6
0,2691001981,0.942176,9798626,19
0,1909513369,0.913227,9808865,140
0,2271463391,0.897044,9809740,6
0,2483743321,0.876115,9810734,8
0,2895213589,0.852959,9811309,2
0,869832109,1.000976,9811888,2
0,1114041077,0.880563,9813109,11
0,3877033903,0.823246,9814051,7
0,957520931,1.108825,9818598,59
0,3137501519,1.039268,9820368,19
0,1582326617,1.048623,9822693,27
0,3761768893,1.062959,9823893,11
0,157358777,1.117160,9828642,62
0,948255551,0.978779,9829153,1
0,2976652177,0.911086,9834054,64
0,3128729819,0.940101,9835826,19
0,4214957771,0.946829,9837665,20
0,1799070257,0.940101,9839378,18
0,3537145537,1.004871,9840311,7
0,3565888241,0.760345,9847420,96
0,1578389753,0.848942,9848829,14
0,3751935409,0.973777,9853827,65
0,2170062907,1.033615,9856015,25
0,2698233403,0.940101,9859331,41
0,2044406461,1.121958,9862844,44
0,4188940157,0.884436,9864058,11
0,859054753,1.160044,9865601,16
0,4153280503,1.000000,9869268,46
0,1539882061,0.817891,9871259,22
0,1435308569,0.973777,9873526,21
0,2351880787,0.891036,9877480,50
0,3179839213,1.135799,9879260,19
0,4191386063,0.973276,9882711,43
0,3155871977,0.789333,9883569,6
0,2222489083,0.823246,9884935,13
0,1966011449,1.032197,9886985,23
0,893439959,0.851240,9887843,6
0,451718503,0.869402,9893034,68
0,2899052341,1.100870,9893825,5
0,139666019,0.970764,9901233,100
0,2813686481,0.950432,9902659,14
0,3839721751,0.858096,9903935,12
0,549632441,1.035503,9904784,6
0,2307083411,0.908403,9905567,5
0,531304243,1.192833,9907604,23
0,27207589,0.971267,9910205,31
0,3274816507,0.882225,9913231,37
0,3953861831,0.753248,9914370,10
0,1235246501,1.007782,9916770,28
0,3368673697,0.981767,9920329,45
0,3405882461,0.925971,9923487,39
0,126640571,1.064337,9924960,15
0,3733116823,1.043020,9927315,27
0,2183976343,0.981270,9927963,3
0,702127297,0.938541,9929306,13
