agent_id,prime,g,timestamp_us,checked_since
1,880237751,0.962175,0,7
1,3954807211,1.019344,4905,54
1,3795353363,1.055121,8490,43
1,208948801,0.878342,9554,9
1,2705842253,1.064795,10416,6
1,2855438689,1.079822,10970,1
1,4118586523,1.106621,11505,1
1,2802727199,0.846639,12926,14
1,2910403073,0.997556,14413,15
1,848523937,1.154560,18341,50
1,4252657009,0.904632,24117,76
1,3396742177,1.047691,26452,27
1,1079546051,1.055584,26949,1
1,1178120549,0.999023,29202,26
1,2021174423,1.016466,31256,23
1,4246625069,0.922801,33607,27
1,4188222463,0.938021,34197,2
1,2553389077,0.904092,35400,11
1,4258071469,0.825615,39766,56
1,735640951,0.970764,40502,4
1,2099788991,1.048157,45527,65
1,1316414251,0.987223,46112,2
1,1679296613,0.888841,48208,24
1,1244642687,0.846639,53531,65
1,3136176889,0.969254,56181,14
1,2820315601,1.024123,57150,5
1,3855609389,0.893772,58792,17
1,1065840163,0.919090,59653,6
1,702872063,0.944247,63312,46
1,1431301307,0.957597,66770,43
1,3152475259,0.969254,67995,11
1,1421158961,0.903552,68507,1
1,1554611159,1.016466,69583,9
1,2525902399,1.092410,70862,12
1,1366170097,1.047691,72206,13
1,886879199,0.895409,73070,6
1,3662480149,1.047691,76382,41
1,2404146611,0.987223,76897,1
1,250996777,0.818488,78380,15
1,3743524237,0.969254,79939,16
1,1029033403,1.039268,82626,32
1,3864717121,1.090621,86070,43
1,527742757,1.018386,88269,25
1,3120345143,0.982762,96005,104
1,895287707,0.996576,96584,2
1,1739725231,0.996576,99186,31
1,3759438247,1.000488,101460,26
1,2286347471,1.005357,102319,6
1,3785074057,1.009718,103391,9
1,2936888033,1.012616,104396,8
1,3044851951,1.024123,106602,21
1,360507533,0.921743,108157,16
1,1743222043,0.977281,109449,12
1,1478377333,0.970261,112032,28
1,1335855013,0.981270,112767,4
1,2421982429,0.997556,113692,7
1,2206809091,0.868840,114411,4
1,2573013557,0.960652,115413,8
1,2884757969,0.934370,117902,29
1,3239872063,1.019344,119593,18
1,2892604229,0.946313,122196,31
1,1820188609,0.887192,122922,4
1,3122392391,0.938541,124344,14
1,1844279977,0.946313,126475,24
1,4278728603,0.965215,127131,3
1,1100626169,1.006328,130985,49
1,3857955271,0.942176,133405,28
1,1516107743,1.033615,134140,4
1,4026324803,0.942176,135777,17
1,3119152783,0.974780,138947,39
1,2041858937,1.007782,139739,5
1,1122706399,0.990679,144093,56
1,1948215301,0.942176,145719,17
1,1018065593,0.931753,150967,69
1,3137178637,0.994614,151760,5
1,3491520533,1.179248,159086,76
1,2669224717,0.787475,160695,14
1,2360162561,0.968750,163331,31
1,3918986213,0.989199,167136,48
1,2625799217,0.934370,169167,23
1,2444550439,0.940620,171432,26
1,2986111277,1.017906,172223,5
1,2834383133,0.928078,175589,42
1,2039884411,1.047691,177506,21
1,2593735273,0.984747,178082,2
1,3032306443,0.877786,181521,43
1,616943351,1.044891,183574,23
1,1857464887,0.984251,188552,65
1,4280747113,0.875558,189899,13
1,3479409007,0.827978,191474,16
1,679207447,0.917495,192610,10
1,1765379821,0.928078,193610,8
1,68603113,0.936458,195773,25
1,2514310069,0.977281,199079,41
1,4125042583,1.078012,202766,46
1,414024979,0.938021,203334,2
1,3335344861,0.931753,204423,9
1,3823232267,0.913227,206257,20
1,3343945133,0.911086,206912,3
1,1147675159,0.978779,208055,10
1,1900841387,0.993141,210822,28
1,3984850253,1.024123,213495,31
1,3968157727,0.952484,214398,4
1,2576991943,0.970261,214994,2
1,3662566937,0.983258,216277,12
1,1394723569,1.025552,216790,1
1,2179238419,0.928078,220455,46
1,15099551,1.000488,223881,43
1,2777186141,0.954533,224535,3
1,585869903,1.025552,226508,22
1,3692891177,0.970764,228480,22
1,344913743,0.932277,230323,20
1,2250875317,0.937500,236223,78
1,1344783683,0.902471,237145,7
1,697158377,0.870524,238277,10
1,605093707,0.903552,240480,25
1,1121045137,1.031250,241546,9
1,3408663119,1.062959,242681,10
1,2874772909,0.961160,243611,7
1,460770853,0.950945,247632,51
1,2030219599,0.982762,250454,34
1,415171249,0.997556,254517,52
1,3117534971,0.973777,255107,2
1,765167423,0.908940,256031,2
1,3604374797,0.903011,256784,4
1,3097492207,0.936979,257589,5
1,751935971,1.002925,258514,7
1,4291851323,1.022214,262957,43
1,3787669943,1.046758,266835,47
1,3089232929,0.996086,268112,12
1,3692760473,0.941139,271620,44
1,23770057,0.997066,273714,24
1,122167531,0.941657,274206,1
1,266877953,0.919621,276037,20
1,1143858271,0.893772,277036,8
1,40200373,0.888292,279552,30
1,2767662497,0.962175,283975,57
1,2132924047,1.025552,286793,34
1,1324062143,1.093303,287871,9
1,1613619013,0.965215,288730,6
1,2892178249,1.025552,290148,14
1,2585348963,0.891584,291351,11
1,896668217,1.078012,292347,8
1,4253714117,1.015985,294269,21
1,3382552741,0.957597,294787,1
1,1356039467,0.919621,295440,3
1,3154644811,0.904632,300433,65
1,3009248131,0.904632,301297,6
1,4142237471,0.942176,301954,3
1,2096263669,1.068458,303038,9
1,1952139143,0.901929,304462,14
1,867297089,1.027455,307078,31
1,1662313087,0.989199,308867,19
1,2495951461,0.895409,313059,49
1,3580607077,0.867152,315188,24
1,3830706479,0.982762,318135,33
1,298247533,0.973777,319283,10
1,4086222139,1.058356,321908,31
1,594516691,0.920682,325629,47
1,160288501,0.994614,326490,6
1,1123404413,0.957597,328050,16
1,465698743,1.061581,329688,17
1,1938228977,0.965215,330336,3
1,384719681,1.025552,335107,62
1,2298615337,0.956066,335886,5
1,476630459,0.962683,337230,13
1,1889998093,0.878342,338639,14
1,700362527,0.978779,339856,11
1,195909451,0.993141,341690,20
1,1711220507,1.063419,344455,33
1,1117738813,0.952484,345109,3
1,1588903831,0.970764,346682,16
1,724367107,0.954533,347261,2
1,3712918039,0.999023,351697,57
1,2770988023,1.029829,353538,20
1,4087457471,0.957597,357136,45
1,1095095737,0.969254,357644,1
1,3592481231,1.084785,359022,9
1,2464823587,1.033615,359754,4
1,1194551279,0.991172,360761,8
1,299779057,0.954533,365815,48
1,3764589677,1.010685,366661,3
1,3035409023,1.002925,368651,20
1,2187491359,1.163407,371940,38
1,416274527,0.948889,373507,16
1,1877796691,1.104854,374107,2
1,1665353707,1.055584,377006,35
1,2328557423,1.054659,378224,11
1,976886971,1.119343,379641,14
1,493757081,0.913227,380638,8
1,2387370383,0.808282,383401,33
1,2384749529,1.061120,385656,26
1,2841170881,0.913227,387344,18
1,3924014233,0.995105,390022,32
1,683294987,0.931753,393661,46
1,238275581,0.982762,395569,21
1,226784197,1.073018,396068,1
1,392250149,1.062040,398178,24
1,4085296433,0.911622,401618,43
1,3896965747,1.048157,403593,22
1,620781193,0.947859,404855,12
1,2300311357,1.071652,406072,11
1,1053240017,0.970764,408686,31
1,1821938411,1.005357,412062,42
1,3183494179,1.015985,415395,41
1,3323900497,0.958616,417788,28
1,124253149,0.915897,419281,15
1,3381574369,0.913227,422711,38
1,1534447721,1.037387,426836,50
1,666038843,0.913227,427714,6
1,1655353811,1.058356,428504,5
1,2481758707,0.911086,429020,1
1,662210987,1.126301,429807,5
1,1506106229,0.940620,430889,9
1,1837342567,0.920152,431615,4
1,47341313,0.997556,433082,15
1,1988504017,1.040677,434444,13
1,1792885291,0.872205,435095,3
1,238369697,0.983258,436775,18
1,1364267519,1.039738,438268,15
1,1145488027,0.922801,440803,30
1,2184176447,1.019344,444037,40
1,2112826231,0.964709,445118,9
1,3593281693,1.007782,445764,3
1,650958767,1.025552,446358,2
1,2406394801,1.025552,447092,4
1,3666241039,1.098205,447810,4
1,4163116073,1.067086,449148,13
1,1514378611,0.942176,453724,59
1,2238059729,1.039738,455200,15
1,320479433,1.043488,456038,6
1,2090270269,0.950945,458159,24
1,759718027,1.057894,459433,12
1,918343781,1.039738,460701,7
1,3420884981,0.984747,463512,33
1,1717045367,0.961160,465778,12
1,2444397569,0.854103,467205,11
1,3726378181,1.003899,468777,16
1,1090566317,0.914830,471235,29
1,1756945877,1.054196,472453,11
1,2818121863,0.838525,473311,6
1,1829284927,0.947859,473967,3
1,3882497777,0.970764,474845,6
1,3755138533,0.871085,476502,17
1,3157250237,1.027455,477444,7
1,1766075873,1.035031,482346,64
1,3851143223,1.044891,485936,45
1,2646789403,0.993632,486520,2
1,1169358419,1.062959,487391,6
1,1624644323,1.051877,492293,64
1,2172133721,0.862070,499537,95
1,450234259,0.944247,500134,2
1,2632252223,0.953509,501700,16
1,4209530447,0.878342,502502,5
1,2172057721,0.981270,504969,29
1,3799683781,1.009235,509728,62
1,1217729017,0.968750,510787,9
1,617272423,1.004871,511501,4
1,462969163,1.067086,513053,16
1,143260121,0.910550,513913,6
1,416039051,1.015985,514763,6
1,675917017,1.031250,515964,11
1,3033810487,0.880563,516960,3
1,4168169581,0.884436,517496,1
1,1902484393,0.957087,518919,14
1,2490453079,0.950945,520414,15
1,3295446109,0.981270,520990,2
1,457760587,0.919090,521584,2
1,3687720863,0.902471,522730,10
1,2100393881,0.829745,524376,14
1,4094673571,0.962683,525036,3
1,2765528939,1.013098,527362,27
1,2577691891,1.007782,528091,4
1,2151722333,0.948889,528873,5
1,770417801,1.110145,535129,83
1,3828561089,1.000488,535705,2
1,4008250387,0.957597,537341,17
1,3762450529,0.984747,539250,21
1,2172226999,0.913227,542142,35
1,3238728931,1.100870,545517,42
1,2451457049,1.080726,546087,2
1,1644868333,1.148198,549680,45
1,3466190297,0.844907,550684,8
1,821213797,1.069371,553834,39
1,4267922237,0.857526,555757,21
1,206050157,0.793652,556469,4
1,3924747923,0.940101,557545,9
1,2874470707,0.965215,558625,9
1,563754673,1.036916,560317,18
1,244734767,1.111464,562084,19
1,1552017209,0.925971,570487,95
1,660184753,0.981270,571308,3
1,1311681851,1.044891,571824,1
1,3111668111,1.044423,578283,86
1,4156284569,0.893772,581961,46
1,991491857,0.988706,583316,13
1,3658651627,0.914830,584319,8
1,2859053051,1.008751,585048,4
1,1335777101,0.960652,590521,72
1,646338841,0.985738,594391,49
1,568306367,0.860369,597497,38
1,50192921,1.019344,598562,9
1,3363762557,0.904092,599295,4
1,4241223409,0.986233,600584,12
1,956387,1.003899,600994,1
1,1514135723,1.089725,602631,17
1,2877892649,0.997556,605788,39
1,4094782187,1.054659,607655,20
1,3163353157,1.076652,608234,2
1,1276276829,1.078012,608738,1
1,1566653939,0.994614,609812,9
1,2190035629,1.016466,610527,4
1,602710099,0.945280,614096,45
1,3106197469,1.076198,614612,1
1,1097210137,0.988706,616443,20
1,2773410793,0.997556,618132,13
1,434524507,0.962683,619968,20
1,422364023,0.895954,621386,14
1,2599920263,0.957597,623875,27
1,3942204787,0.927551,624967,9
1,3099403843,0.964709,626661,18
1,2321253017,1.055121,627514,6
1,1273468033,0.935414,628803,12
1,1986957769,0.984747,629813,8
1,2101397261,0.984747,631385,16
1,3232404947,0.910550,634614,40
1,3608684813,0.961160,637206,31
1,503028017,0.910550,638617,14
1,623876563,0.877786,640937,27
1,3560197013,0.984747,642211,12
1,4065195851,1.035503,643016,5
1,591593179,0.989199,644294,12
1,665921873,0.908403,644935,3
1,3571534049,0.999023,647920,36
1,1463961073,1.111464,648704,5
1,660892657,0.902471,650765,23
1,3432465737,1.002438,651760,8
1,341189581,0.912693,652409,3
1,2659907647,1.025552,655296,35
1,109567747,1.032197,657119,20
1,1861894261,0.928078,658884,19
1,2909559083,1.018386,660589,18
1,1793993681,1.036916,666038,67
1,3594589763,0.889391,667129,9
1,2051341447,1.013098,667643,1
1,2718868037,0.956066,668355,4
1,203006681,0.871645,670562,9
1,2175773443,0.928604,673009,26
1,1641396517,0.914830,674451,14
1,2473436621,0.954533,678243,48
1,3164398691,0.995105,679746,15
1,218548943,0.961160,681361,17
1,78052537,0.981270,685224,49
1,3607591697,0.938021,685944,4
1,1468824037,0.895409,686598,3
1,1635766961,0.915364,690755,53
1,2231772079,0.877786,692597,20
1,3084387139,0.975280,693461,6
1,3389388857,1.015985,694941,15
1,2509521089,1.136658,696423,15
1,736979783,0.952484,698337,21
1,3579880487,0.935414,699824,15
1,1289826211,1.097761,700336,1
1,706324607,1.069371,701887,16
1,3668578181,1.048157,707239,70
1,2727014621,0.913227,709362,24
1,3406771393,0.910550,710731,13
1,2477220289,1.020302,712005,12
1,2347144721,0.918559,712730,4
1,2988473381,1.044423,714495,19
1,1880463553,0.935414,714996,1
1,1137602317,0.928078,716004,8
1,740783299,0.872205,717280,12
1,2079044117,0.984747,718152,6
1,1343205827,1.046758,720055,21
1,3721598939,0.991172,723223,34
1,660014071,1.006328,724386,10
1,2614695907,0.957597,725042,3
1,562671689,0.961160,725539,1
1,2989106269,1.007782,727771,23
1,794715511,0.928078,728860,9
1,4187792797,0.982762,730772,21
1,2639748347,0.920682,732064,12
1,1129817153,0.981270,738842,91
1,3100586189,0.935414,740820,22
1,66299617,0.885539,745493,61
1,484797283,0.970261,746426,7
1,1699654559,0.987223,748418,22
1,4092848917,1.012616,749983,16
1,1184810521,0.957597,751124,10
1,3156836867,0.844329,751767,3
1,3745083071,0.878342,753266,15
1,1245874997,0.888292,753919,3
1,2968489571,0.904092,756325,28
1,2494774697,0.975280,759918,45
1,1437421207,0.935414,760716,5
1,2924227703,0.903552,765269,59
1,3392769397,0.914830,766206,7
1,3683989759,1.018386,767430,11
1,2364917623,0.913227,770451,32
1,569588759,0.903552,775938,57
1,1534668923,0.844329,778669,30
1,3711241811,0.997556,779180,1
1,2357836109,0.880563,780463,12
1,3291569167,0.965215,781393,7
1,280438453,1.022214,782105,4
1,1847207123,0.973777,785127,37
1,2990228807,0.919621,786903,19
1,3433947499,0.853531,787425,1
1,1917912397,0.973777,788275,6
1,1392451429,0.988706,789567,12
1,2283590291,0.914830,790915,13
1,149717437,0.928078,792771,20
1,337494107,0.964709,794958,25
1,775214527,0.877786,796588,17
1,1218180731,0.914830,797822,11
1,3958545757,0.872205,802189,56
1,4100054131,0.942176,802705,1
1,408472807,0.932277,804051,13
1,312919909,0.864897,804693,3
1,238483799,0.938541,806392,18
1,3568384279,0.996086,807528,10
1,400769801,0.858664,810272,33
1,972501841,0.876115,814061,48
1,3250450349,0.982762,815145,9
1,1372432273,0.907327,818243,38
1,268877971,0.912693,821692,43
1,3864149617,0.853531,822619,7
1,779662253,1.050483,823712,5
1,113313881,0.960652,825478,19
1,1440196441,0.919090,827805,27
1,2866874443,1.004385,828957,8
1,2271914809,0.911622,831935,36
1,3927897161,0.952484,833142,11
1,3702382753,0.906789,833720,2
1,2887618241,1.073928,836754,37
1,762551831,0.962683,837615,6
1,1252189921,0.755837,840016,28
1,3590313893,0.989199,843962,50
1,2123816797,1.063419,844554,2
1,2912741963,0.950945,845852,12
1,274453783,0.934370,848657,34
1,3628315727,0.944764,849383,4
1,4171079821,0.936979,850799,14
1,2886282299,0.899761,852567,19
1,3799176739,0.931753,854129,16
1,351808277,1.098205,856854,33
1,1193195657,0.964709,857642,5
1,3136579637,0.934370,861454,48
1,1397988677,1.004871,861964,1
1,3031095421,0.880563,863245,12
1,3189799169,0.957597,866685,43
1,1909973771,0.919621,868591,21
1,4150685921,0.880563,869866,12
1,507686077,1.027455,870856,3
1,1974517189,1.068458,872498,17
1,1919565803,0.919090,874770,14
1,3869167931,0.970764,875963,6
1,261765589,0.913227,877869,21
1,3333529933,0.946829,878855,5
1,2074573747,0.931753,879598,4
1,1816239949,0.862070,881786,25
1,887748527,1.047691,882306,1
1,486424651,1.078012,884201,21
1,2192152661,0.954533,886935,33
1,3186235711,0.963190,888358,14
1,1268922553,0.897588,890542,25
1,3264351809,0.920152,891529,8
1,2024053943,0.891584,893782,26
1,3172760699,1.036445,896401,31
1,2552740103,0.880563,899078,32
1,2343537421,0.981270,905039,79
1,3944594573,1.090173,905903,6
1,963898501,0.848367,907666,19
1,1743607837,0.946313,912043,56
1,1593287467,0.903011,913674,17
1,1148649811,0.869402,916350,32
1,2241606971,0.893772,918196,20
1,850836671,0.904092,918992,5
1,4085745353,1.033615,925364,84
1,1839655219,0.961160,928553,39
1,1873798643,1.042083,929531,5
1,1828473181,0.864897,930828,12
1,2080154749,0.877229,931908,9
1,59152817,0.922801,932746,6
1,3453820259,1.047691,934927,22
1,685316831,0.902471,935660,4
1,2185695619,0.965215,936447,5
1,3520222603,0.984747,937306,6
1,1599332509,0.885539,939221,21
1,1113398749,0.991172,941069,20
1,1592759599,1.035031,944545,43
1,869934397,0.942176,945960,14
1,2397508229,0.975280,946535,2
1,3004475659,0.967237,947398,6
1,3452619229,0.886090,950908,44
1,1786019033,1.018386,951562,3
1,4139735843,0.944764,953273,18
1,799216841,0.998534,957271,51
1,3440785319,0.981270,958627,13
1,3083784491,1.027455,959701,9
1,4157975819,0.957597,961414,18
1,1652435221,0.975280,962061,3
1,3265337989,0.984747,963213,10
1,2383941167,1.020780,964219,8
1,857943719,0.944764,965353,10
1,878256419,1.080726,970267,64
1,114249829,0.922801,971536,12
1,3471253433,1.013098,972194,3
1,145961129,0.993141,973671,10
1,3038093573,0.965215,974184,1
1,37272161,1.042552,975307,10
1,159522173,0.930180,981286,63
1,1415587963,0.880563,983850,28
1,4289130869,1.126301,986124,26
1,687434467,0.996576,987826,18
1,2245554253,0.931753,989522,18
1,3095202697,0.988706,990240,4
1,2982249301,0.889939,991302,9
1,3526400263,0.877786,992441,10
1,3576684929,0.981270,993159,4
1,2444336299,0.934370,998808,74
1,3670573763,0.947859,1001916,38
1,2760695891,0.848942,1003270,13
1,298140131,1.025552,1005608,27
1,1675735289,0.962683,1007584,22
1,766893901,0.941657,1008169,2
1,1038848549,1.028405,1009031,6
1,932115991,1.014061,1010527,15
1,3284421191,0.965215,1011311,5
1,1741320589,0.985738,1012799,15
1,3400937077,0.813101,1013604,5
1,3256225361,0.888292,1015564,22
1,2772364169,0.910550,1016215,3
1,917785483,1.118471,1017640,14
1,806225809,0.985738,1019329,18
1,788223299,1.017906,1020681,13
1,3258182381,0.919621,1024072,42
1,1544128051,1.050483,1024654,2
1,2786216359,0.946829,1025445,5
1,3603809849,0.886641,1026167,4
1,3483262373,0.929655,1027388,11
1,2530232219,0.954533,1030754,37
1,1761357041,0.919621,1033305,30
1,139724881,0.989693,1034139,6
1,3201242509,0.963190,1035826,16
1,4242428989,0.963190,1036564,4
1,3512655119,1.006813,1040087,44
1,100175417,1.000488,1040861,5
1,1232220347,1.013098,1044642,48
1,2015851133,1.006328,1045721,9
1,182841091,0.886641,1046364,3
1,170900831,0.820275,1047300,7
1,2173307041,0.960652,1048358,9
1,3260215067,1.070284,1053827,72
1,3878409593,1.020780,1055597,19
1,401154119,1.111464,1056308,4
1,2919522899,0.957597,1061775,72
1,711818557,0.946313,1063415,17
1,2254358027,0.878342,1064133,4
1,2463413789,0.857526,1068801,60
1,3932292043,0.897044,1070707,21
1,1808616653,0.954533,1072631,21
1,1960740911,1.036916,1074603,22
1,797359421,0.919621,1075881,7
1,4104938417,0.877786,1077104,11
1,2312809153,0.970261,1078028,7
1,2305294267,0.973777,1079904,4
1,3395731121,1.024123,1081322,9
1,2833339633,1.083884,1084528,39
1,3303656663,1.032197,1085119,2
1,2842012003,0.839108,1087516,28
1,1530664441,1.022214,1089979,29
1,993310243,1.054659,1093433,43
1,1526035031,1.087033,1094863,14
1,1757555203,1.012133,1095642,5
1,1540372969,0.957597,1096780,10
1,3799006579,0.914830,1099465,32
1,2897411743,0.940620,1100480,8
1,3576838919,0.882225,1101273,5
1,3798430897,1.076198,1101860,2
1,2445961633,0.923330,1102713,6
1,3322847089,0.914830,1104616,21
1,651210071,0.988706,1105969,13
1,51648241,1.000488,1107093,10
1,3802380563,1.148198,1107603,1
1,505660417,0.820275,1108656,9
1,2973580223,0.897588,1109393,4
1,3939886771,0.945797,1112075,32
1,2366947987,0.860369,1112796,4
1,61810237,1.082983,1113783,8
1,1431020249,0.882225,1115196,14
1,2050345057,0.996576,1120448,69
1,2256825083,1.153713,1121585,10
1,581260441,0.958616,1127175,74
1,973837841,0.970764,1132199,61
1,496485403,1.058356,1133497,12
1,4050767593,1.006328,1134083,2
1,3093814271,0.961160,1136148,23
1,3789793933,0.970764,1137205,6
1,1867341559,1.047691,1139864,31
1,2545190369,0.997556,1140512,3
1,2289465821,0.962175,1141723,11
1,557687381,1.018386,1143496,19
1,2436239363,0.877786,1144706,11
1,1883402383,1.063419,1145844,10
1,1657912453,0.914830,1151321,72
1,2368697381,1.109265,1152318,8
1,2146340297,1.090621,1154308,22
1,700434881,1.003899,1157195,35
1,3214906127,0.940101,1157855,3
1,3407259907,1.025552,1159129,12
1,3078305851,0.973777,1164319,68
1,4281279539,0.955044,1165670,13
1,2342237857,0.970764,1166474,5
1,542520401,1.025076,1167944,15
1,2878846067,1.083884,1173153,68
1,1685799853,0.920152,1173943,5
1,1316185447,0.992649,1179159,64
1,1626915839,0.993632,1182924,32
1,745421279,1.061120,1184323,11
1,3616274933,0.970764,1187916,45
1,4162737779,1.120651,1189202,12
1,831439307,0.835609,1189917,4
1,960234311,0.949404,1192875,36
1,3231864437,1.021736,1194283,14
1,3559675619,0.922801,1195711,14
1,610181437,0.859233,1196498,5
1,2214028043,0.796109,1197227,4
1,2207525981,0.965215,1198436,11
1,4294537669,1.099094,1200980,30
1,4091475373,1.015985,1202277,12
1,3165601249,0.928078,1203642,13
1,1967896163,1.021258,1204715,9
1,1470183191,1.025076,1207525,34
1,2882885947,0.944247,1214138,88
1,2231879233,0.962175,1214920,5
1,1169655343,1.007782,1215852,7
1,4197653483,0.962175,1217205,13
1,244843957,0.957597,1218475,12
1,3058549363,0.987223,1219684,11
1,2139309703,0.929129,1221800,24
1,190630981,0.974279,1224891,38
1,4006492859,0.893772,1226315,14
1,139759241,0.905711,1227158,6
1,1781315747,0.914830,1228655,15
1,1599344111,1.043488,1230008,13
1,400688539,0.998534,1232875,30
1,1446207709,0.952997,1233510,2
1,1776981761,0.953509,1235427,21
1,2568699071,1.020780,1236360,7
1,1077043769,1.105296,1237144,5
1,2941299887,0.867715,1238601,12
1,733289413,0.961160,1239958,13
1,2700214753,0.918559,1241230,12
1,426301493,0.982762,1242850,17
1,3225137701,0.993632,1245028,25
1,22259033,0.919621,1246919,21
1,4291107011,0.902471,1250358,43
1,1206220573,0.978779,1250883,1
1,2742060319,0.929655,1251953,9
1,2326458773,0.954533,1252961,8
1,2726028959,1.012133,1254595,17
1,1088731363,0.859233,1256570,22
1,3962120023,1.027455,1257584,8
1,918563273,1.008751,1258439,6
1,3314759353,1.003899,1259575,10
1,2549121269,0.980772,1261276,18
1,646499531,0.974780,1263805,30
1,2510994107,1.040677,1264323,1
1,3470316397,0.997066,1265613,12
1,2697501319,1.061581,1267382,19
1,1356872371,0.794267,1269281,21
1,1450721533,0.891584,1270007,4
1,4180219117,0.922801,1272989,36
1,2507891143,1.003899,1276924,50
1,3282490907,0.904092,1278448,15
1,2004915317,1.015985,1280289,16
1,1448555179,0.927551,1281382,9
1,3591156241,0.846639,1285082,31
1,675575587,0.963190,1289408,53
1,445571059,0.980772,1293285,49
1,2477713477,1.068458,1296136,34
1,1381439083,1.006813,1297273,10
1,1673944277,1.036916,1298002,4
1,672753541,0.928078,1298998,8
1,4122441797,0.962683,1302108,38
1,1718163451,1.083884,1303877,19
1,582073087,0.895409,1306146,26
1,1664923993,0.920152,1307285,10
1,1070549941,1.012133,1308583,12
1,3138619259,1.000488,1310353,19
1,3782502319,0.965215,1312559,25
1,1263778259,1.002925,1319087,87
1,1945775669,0.947859,1319952,6
1,2649074873,0.997556,1322148,25
1,2667907381,0.922801,1324701,30
1,3024170833,0.895409,1325632,7
1,2925807691,0.907327,1326348,4
1,1732737197,0.836193,1327434,9
1,2647461371,0.862636,1328509,9
1,2176894453,0.932277,1329312,5
1,626172763,1.206266,1333406,52
1,1877486059,0.925971,1334131,4
1,3783808673,0.940101,1337095,32
1,1611248713,1.095534,1338020,7
1,219183641,0.901929,1338584,2
1,2560321207,0.927551,1340672,21
1,1862989363,1.022214,1348546,106
1,3546011207,0.938541,1352073,44
1,3699955079,0.910550,1353009,7
1,1434893561,1.048157,1355824,34
1,3245004359,0.886090,1358782,36
1,2632660183,1.050483,1360352,16
1,1855401013,0.980274,1366731,85
1,414448997,0.980274,1373802,95
1,196446953,0.938021,1374583,5
1,3072474997,0.906789,1375724,10
1,3345624379,0.965215,1384863,120
1,1613176711,0.897588,1386767,7
1,2582818283,1.018386,1388933,21
1,2227027799,0.936979,1390266,11
1,3493388351,0.955044,1394093,48
1,1721830589,0.985738,1394603,1
1,2601456973,0.893772,1396227,17
1,1802192911,0.864332,1398830,31
1,1368511999,1.070284,1400253,14
1,3566279009,1.043488,1400763,1
1,616601077,0.964203,1402208,14
1,1385962139,0.940101,1403489,12
1,1968612721,0.902471,1406505,37
1,2386164721,0.882225,1407162,3
1,132789673,1.149049,1409337,25
1,3870503501,0.969254,1411386,23
1,928799843,1.055584,1412315,7
1,2513870959,0.999023,1413247,7
1,2908902421,0.846639,1414462,11
1,727758737,0.987223,1415105,3
1,3876111091,1.042083,1415685,2
1,3036198629,1.024123,1416619,7
1,2527775963,1.044423,1417574,7
1,1989811141,0.957597,1422203,60
1,1263907507,0.947859,1424413,25
1,2332328429,0.965215,1425981,16
1,3055565629,0.978779,1433311,98
1,1466872471,1.012133,1433968,3
1,3555509423,0.970764,1434763,5
1,1863888571,0.854103,1436740,22
1,173128313,1.100870,1437309,2
1,3014857999,0.944764,1437820,1
1,2618276543,1.005357,1438619,5
1,1521090383,1.078012,1439425,5
1,2745703117,0.981270,1443325,43
1,166102327,0.993141,1443928,2
1,206367353,1.065712,1447070,39
1,2603998637,1.035503,1448798,16
1,4165102927,1.091068,1449892,9
1,4005192733,0.950945,1452999,38
1,2919816817,0.882778,1455479,29
1,1628738603,0.927551,1459747,55
1,2217370439,0.911622,1462146,28
1,1034995727,0.982762,1463509,13
1,2172307759,0.928078,1465344,20
1,798079837,0.993141,1466143,5
1,4092952447,0.986233,1466883,4
1,1115231473,0.877786,1467744,6
1,182782987,0.990679,1470822,38
1,1068377159,0.962683,1472107,12
1,1238468093,1.046758,1474433,27
1,3254809039,0.952484,1477199,33
1,2659355983,1.012616,1478615,14
1,2451547981,0.956066,1481643,37
1,947518199,1.033615,1482719,9
1,3001769047,0.913227,1486856,48
1,84639043,0.811899,1487650,5
1,865320601,0.965215,1493699,63
1,3241236709,0.950945,1495124,13
1,271723759,0.898675,1497513,28
1,1019855131,0.888841,1498088,2
1,727665247,0.954533,1498812,4
1,3921553007,1.040677,1499484,3
1,320980997,1.000488,1500602,10
1,1644779557,0.996576,1501873,12
1,3496068109,0.971267,1508161,84
1,1419209593,1.044891,1510283,24
1,329478983,0.846639,1512548,26
1,3062558383,1.053732,1515237,32
1,2633817233,1.068914,1516587,13
1,2079516331,0.937500,1517881,12
1,1331116817,0.934370,1519097,11
1,1375634773,0.929655,1520096,8
1,1676749,0.882778,1520921,6
1,3343979909,1.044423,1521566,3
1,746474851,1.106621,1522440,6
1,2842123553,1.036916,1523020,2
1,79613719,1.002438,1524638,17
1,2941205821,1.006328,1530187,73
1,1120420043,0.983258,1532915,33
1,1293158369,0.970261,1534679,19
1,4010309033,1.027455,1535189,1
1,1688874931,0.895409,1537303,24
1,3040717951,1.015985,1537892,2
1,754437757,0.988706,1541275,37
1,254980379,0.914830,1542445,10
1,3066181141,0.948889,1543788,13
1,2648509489,0.928078,1545062,12
1,2533082173,0.899761,1550467,68
1,620363,1.073928,1552422,23
1,466105309,0.910550,1555805,42
1,202417843,0.970764,1557905,24
1,2614089871,0.928078,1558913,8
1,3085322491,0.936979,1563282,56
1,1598996141,1.022214,1567669,56
1,2593293559,0.987223,1570637,36
1,1955183203,0.925971,1571357,4
1,1158828889,1.068458,1574303,36
1,655469447,1.048157,1575159,6
1,2314035299,1.043488,1576711,16
1,2151606043,1.020780,1577858,10
1,3314368159,0.877786,1579424,16
1,3105954773,1.020302,1582175,33
1,2762332291,0.934370,1584571,28
1,898179929,0.899761,1585913,13
1,1975055557,0.932277,1589433,39
1,2322782417,0.973777,1597735,96
1,2508708203,0.955044,1600594,32
1,2019114959,1.073928,1602156,16
1,687170611,0.877786,1607570,71
1,3118940021,0.907865,1610436,34
1,1786995583,1.000488,1612134,18
1,3473886037,0.978779,1614110,22
1,1292639503,1.020780,1615108,8
1,4001859077,1.019344,1616737,17
1,4243348267,0.931753,1619835,38
1,2870421577,1.027930,1622514,32
1,3939208433,0.965215,1623867,13
1,302885357,0.999023,1625571,18
1,2931274259,0.969254,1628114,30
1,208321357,1.012133,1629523,14
1,3473005937,0.974780,1632275,33
1,949905883,0.891584,1632933,3
1,3558240431,0.941139,1633877,7
1,3369171593,1.029829,1634591,4
1,3422243833,0.878342,1635395,5
1,4127626133,1.012616,1637853,29
1,1788864743,0.899761,1646550,114
1,216095221,1.036445,1647983,14
1,1732950887,1.067086,1648854,6
1,2785430969,1.046758,1649627,2
1,3379128251,0.897588,1651211,16
1,2049314213,0.983258,1654084,35
1,958797311,1.025552,1655509,14
1,1020680477,1.018386,1657985,29
1,596442001,1.053732,1658926,7
1,2951292397,0.938021,1663555,60
1,1551315721,1.040677,1664131,2
1,2985601691,1.019344,1665419,12
1,2795123477,0.973777,1666137,4
1,205949791,1.087033,1666708,2
1,2149060601,1.012133,1669234,30
1,3654861113,0.887192,1669881,3
1,529949633,0.997556,1672631,33
1,15525683,0.991172,1673537,7
1,3891772561,0.934370,1676020,29
1,993612511,0.973777,1677300,12
1,3923895491,0.904092,1680949,46
1,2761124879,0.940620,1685177,54
1,3500186917,0.931753,1688331,39
1,2965036117,1.031250,1692149,44
1,83048233,0.938021,1693673,3
1,497626483,1.073018,1697916,50
1,2634541297,0.846062,1701101,38
1,1428086183,1.020780,1703579,29
1,2047735237,0.878342,1706403,34
1,566053781,0.936979,1708169,18
1,538743721,0.897044,1708769,2
1,3621592463,0.888292,1709288,1
1,1267140179,0.919621,1710868,16
1,1191937391,0.977281,1713551,32
1,3477793381,0.976781,1715806,26
1,2781500471,0.952484,1716462,3
1,1417744729,0.903552,1717170,4
1,3266382079,0.878342,1717958,5
1,4047572611,0.960652,1718958,8
1,657098053,0.850666,1721130,25
1,1422208903,0.871645,1722286,10
1,1625358037,0.987223,1723016,4
1,2411295899,1.018386,1723603,2
1,1182602209,0.948889,1728574,65
1,3504570263,1.009235,1729162,2
1,261218179,0.830333,1730302,10
1,2220849793,1.042083,1731087,5
1,331189721,0.984747,1731872,5
1,2195123549,1.018386,1733162,12
1,2403978127,1.025552,1738440,69
1,1441564073,0.903011,1738948,1
1,51151831,0.991172,1739512,2
1,1002066437,0.925971,1741757,26
1,1851013207,1.035503,1742483,4
1,131218561,1.058356,1743114,3
1,390117229,0.857526,1750080,89
1,3317952629,0.991172,1751997,21
1,1437784709,0.960652,1753707,18
1,453790511,0.997066,1754635,7
1,337135061,0.919090,1755415,2
1,2110666003,0.982762,1756364,7
1,1090210283,1.022214,1758501,24
1,962198563,0.841432,1759924,14
1,2226031253,0.969254,1760502,2
1,501283103,1.047691,1761919,14
1,3174792583,1.021736,1763978,23
1,2250134681,0.914830,1765594,17
1,843915461,1.040677,1766301,4
1,1132033817,0.927551,1768495,25
1,1386229307,1.039738,1770260,19
1,630939017,0.944764,1772999,33
1,4093726963,0.934370,1775264,26
1,2470261253,0.950945,1780176,64
1,335007229,0.922801,1781321,10
1,500948339,0.898675,1783582,26
1,2438108653,1.015985,1784448,6
1,1035223349,0.965215,1785385,7
1,1039553861,0.946313,1786757,13
1,721359763,0.973777,1788943,25
1,2308678709,0.987223,1790356,14
1,3854638789,1.018386,1791151,5
1,2004484877,1.014061,1797021,57
1,3944088013,0.904092,1798564,13
1,734493499,0.997556,1800271,18
1,4003787041,1.012133,1800858,2
1,2365481843,1.042552,1801932,9
1,1409926981,1.129332,1803488,16
1,2668788901,1.046758,1804424,7
1,3170075563,0.906250,1805505,9
1,2568819899,0.997066,1807614,24
1,2734769153,1.027455,1808736,10
1,1416232997,0.942176,1811199,29
1,4274367179,1.085235,1814251,37
1,746144699,0.880563,1818417,53
1,870796919,0.869402,1819281,6
1,4170413197,0.969758,1819799,1
1,4098064879,1.087033,1820313,1
1,294740041,0.974279,1821289,8
1,1506219859,0.931753,1821876,2
1,2069293277,0.970764,1822472,2
1,305634737,1.118471,1822975,1
1,3054516877,0.964709,1823692,4
1,3888660959,0.864332,1827132,43
1,2121376813,0.970764,1827714,2
1,780562591,0.958616,1828862,10
1,3596238383,0.970764,1830283,14
1,2427482087,1.073928,1831082,5
1,2950623703,0.999023,1832307,11
1,3489739663,0.964709,1839877,102
1,3381439423,1.012133,1840400,1
1,722059813,0.970764,1841317,7
1,3479404529,0.938541,1845481,53
1,3124502503,1.012616,1846207,4
1,2054004077,0.960652,1849470,29
1,854690783,0.773082,1851463,22
1,2402498563,0.902471,1852179,4
1,2076380627,0.928078,1853747,16
1,2433080183,0.984747,1854713,5
1,4277130359,0.904092,1855320,2
1,1429223053,0.952484,1856802,15
1,2576260241,0.979277,1857384,2
1,3466636553,1.010685,1862010,60
1,1704733469,0.970764,1863286,12
1,2093840449,0.970261,1864434,10
1,2382389881,1.013098,1865214,5
1,1122135097,0.902471,1866137,7
1,1895686321,1.038328,1866646,1
1,2805976741,0.981270,1867999,13
1,2591323667,1.069371,1869503,15
1,555681781,0.931753,1870439,7
1,1496074523,1.053732,1871086,3
1,432304427,0.965215,1874661,45
1,2063066329,0.910550,1878953,55
1,1415121353,0.945280,1881139,25
1,1020140353,0.928078,1882267,10
1,2046350989,0.970764,1883286,8
1,2557449659,1.061581,1885761,29
1,3432771037,1.054659,1886700,7
1,561961793,1.005357,1887621,7
1,2660076077,0.946313,1888341,4
1,2249459759,1.005357,1892660,55
1,3658109813,1.014061,1896240,41
1,598426987,0.919621,1897212,7
1,992473213,0.886090,1898836,3
1,1003203809,1.090621,1901499,30
1,1244538359,0.938541,1902450,7
1,3138611351,0.952997,1903936,15
1,786997153,0.816098,1904449,1
1,3972929071,1.055584,1906216,19
1,3911820109,0.950945,1907144,7
1,3920822671,0.927551,1910902,47
1,3755827469,0.858664,1914348,43
1,4266780289,0.876115,1914866,1
1,2418277343,0.964709,1916784,21
1,237929453,0.895409,1917995,11
1,729412493,0.858096,1918726,4
1,1563194021,0.952484,1920001,12
1,2420106049,0.997556,1921210,11
1,2658535037,1.057433,1926540,70
1,353081497,1.040677,1928292,19
1,3452341153,0.907327,1930961,32
1,1786499483,0.903011,1931486,1
1,4190120261,0.942176,1934432,36
1,3469281769,0.973777,1935287,6
1,57940031,0.938541,1937611,27
1,400763437,1.027455,1938116,1
1,1741345601,0.983258,1938764,3
1,3220560647,1.161727,1939706,7
1,3279793723,0.934370,1941207,15
1,68998847,0.963190,1948957,105
1,1014096301,0.868840,1952011,34
1,4168498547,0.877786,1953934,21
1,986533529,0.908940,1954650,4
1,3901666253,1.046758,1955408,2
1,3428024399,0.942176,1956621,11
1,4011029123,0.964709,1957133,1
1,1092580889,0.938021,1960215,38
1,156088949,0.852386,1961343,10
1,3876754559,0.908940,1961935,2
1,274332041,0.867152,1962785,6
1,2117816941,0.913227,1963718,7
1,3962208113,0.938541,1965345,17
1,2124907567,1.000488,1967257,21
1,3078366217,0.853531,1968187,7
1,3379424927,1.007782,1969751,16
1,2863743371,0.942176,1973124,42
1,3445045337,1.063419,1973713,2
1,1977232687,1.002925,1974446,4
1,3901438699,0.860369,1976073,17
1,1039686113,1.007782,1980079,51
1,355295671,0.895954,1980800,4
1,351746471,1.048157,1982145,13
1,575635309,0.977281,1984570,28
1,3127548001,0.970764,1985710,10
1,3135449381,0.987223,1986647,7
1,4104076387,1.018386,1987651,8
1,3243757747,0.867152,1988386,4
1,2507243117,0.935414,1989599,11
1,394450237,0.952484,1991033,14
1,3557976397,0.993632,1992873,20
1,3963150881,0.962175,1993660,4
1,2147769259,0.969254,1995601,21
1,695205941,1.015985,1996713,5
1,3447833969,0.898675,1997246,1
1,1115792857,0.805256,2001253,36
1,996648469,0.952484,2004260,28
1,2165968837,0.977281,2006176,21
1,963898891,0.958616,2006827,3
1,459981913,0.956066,2007679,6
1,1852142269,1.097316,2010073,28
1,1766810029,0.913227,2010664,2
1,2173397839,0.854103,2013206,30
1,4182773209,0.827388,2015392,25
1,3984355703,1.013098,2019624,54
1,2366623349,0.946313,2021531,21
1,4269114547,0.945280,2023232,18
1,1944763649,0.927551,2024161,7
1,2511827377,1.061581,2024951,5
1,1734936811,1.067086,2025739,5
1,3538762321,0.956066,2026318,2
1,4088076149,0.903011,2027399,9
1,1616666911,0.907865,2028255,6
1,1382239483,0.970261,2028776,1
1,1874393879,0.998534,2032018,40
1,570409673,0.942176,2035099,38
1,3120666257,0.995105,2035947,6
1,538654867,1.005357,2037006,9
1,3089369879,1.052341,2037930,7
1,2563636463,0.952997,2039434,15
1,1545570913,0.987223,2041634,25
1,4076030599,1.000488,2043616,22
1,1344176011,0.914830,2045799,25
1,3753578111,1.042552,2046602,5
1,798196457,0.811297,2048777,25
1,442714123,0.988212,2049837,9
1,943611103,1.012616,2052310,29
1,4149363403,0.893772,2053656,13
1,1520732033,0.948889,2054528,3
1,1928659357,0.977281,2055190,3
1,1065338489,0.981270,2056190,7
1,1574414833,1.005357,2057825,17
1,1262758979,1.015985,2061360,42
1,898303247,0.997556,2063493,24
1,305510123,0.940101,2064854,13
1,4141027907,0.860369,2067039,25
1,1946381077,0.889391,2069076,23
1,878002981,0.982762,2070219,10
1,84770747,1.014061,2071566,13
1,91484717,1.014061,2075987,57
1,3957949601,0.913227,2080686,61
1,410989091,0.919621,2083516,34
1,3308863183,0.913227,2087116,45
1,3521719073,0.935414,2088810,18
1,625921357,1.025552,2090023,11
1,1062465181,0.946313,2090679,3
1,2282531803,0.984747,2091816,10
1,78998377,1.012616,2092730,7
1,3044272043,0.989199,2094722,22
1,4180754527,0.981270,2095301,2
1,2317348597,1.070284,2097004,18
1,2520231403,0.948889,2098294,12
1,490522091,0.990679,2099644,9
1,1472787203,0.934370,2100315,3
1,2540721433,0.897588,2101101,5
1,955272589,0.902471,2101956,6
1,4086700661,1.005357,2104196,11
1,2501930867,0.914830,2106147,20
1,2029706501,0.882778,2111689,73
1,2736799259,1.178005,2112960,12
1,1885019453,0.950945,2115349,28
1,2346749947,0.853531,2116364,8
1,1501491539,1.002438,2117236,6
1,1734261757,0.922801,2117968,4
1,4237516601,0.911086,2120364,28
1,3978993371,1.039268,2121515,10
1,3837983131,0.986728,2123153,17
1,3613946359,0.878342,2124658,15
1,1421011703,0.907865,2125175,1
1,742277849,0.946313,2126937,19
1,3963083959,0.954021,2128298,13
1,150171787,1.002438,2132935,60
1,3077492633,1.136229,2136530,45
1,2762867461,0.919621,2137656,10
1,3717743371,0.899761,2138381,4
1,1771639729,1.133647,2140431,23
1,155907107,0.913227,2142827,28
1,4119155587,0.880563,2143907,9
1,2173748149,0.932277,2145394,15
1,3558507331,1.069371,2146873,15
1,1559317909,0.978779,2147461,2
1,4269185579,1.084334,2148954,15
1,1497532459,0.997066,2150438,15
1,451148569,0.864897,2151713,12
1,1543429243,1.071652,2153498,19
1,3637257289,0.938541,2154851,9
1,2650308931,0.970764,2155445,1
1,55962661,0.848942,2160602,65
1,933772739,0.911086,2161963,13
1,768620777,1.012133,2162608,3
1,1184862739,0.846062,2165774,39
1,54148387,0.946313,2166339,2
1,1549427977,0.984251,2167686,13
1,3338199619,0.913227,2169033,13
1,2525809019,0.961160,2169755,4
1,2381297537,1.043488,2177135,99
1,988867333,1.132786,2177645,1
1,688358351,0.962175,2179124,15
1,136894501,1.010685,2182119,37
1,2105428007,1.109265,2185379,40
1,2120466307,1.090621,2186107,4
1,3525046823,1.012616,2187463,13
1,3285996689,0.934370,2191910,57
1,3446228633,0.922801,2192703,5
1,1044588541,0.810695,2194554,20
1,1692932789,0.911622,2196871,27
1,3251460929,1.036916,2198567,18
1,2706559567,0.878342,2202117,40
1,3996090779,0.878342,2202654,1
1,1027036877,0.978779,2204076,14
1,1368293887,0.944764,2206142,9
1,7827037,1.034559,2209179,35
1,2482470803,1.104854,2212211,37
1,2198274467,1.151171,2219119,93
1,1389575237,0.962683,2220182,9
1,2205254461,1.000488,2220690,1
1,220688081,0.878342,2221957,12
1,2017933447,1.035503,2225418,43
1,2854503191,1.078012,2226826,14
1,2762132831,0.876115,2229154,27
1,3437442131,1.002438,2229733,2
1,4160432923,0.944764,2231299,16
1,3979095709,0.920682,2233691,28
1,2771906563,1.047691,2234271,2
1,2529254881,0.977281,2236124,20
1,864626981,0.983258,2236626,1
1,30948157,0.960652,2238233,17
1,1631840053,1.039268,2239656,14
1,833446249,1.033615,2240507,6
1,2137665463,1.119343,2242505,22
1,2549438207,0.997066,2243169,3
1,3549910363,0.876115,2247038,49
1,1126195003,0.898675,2248809,19
1,2195077751,0.991172,2249399,2
1,709752983,0.940101,2250606,11
1,1470417251,1.053732,2252021,14
1,1174142551,0.897588,2254431,28
1,1542675221,1.044891,2254947,1
1,3833675507,1.013098,2261061,76
1,3228069979,0.957597,2262488,11
1,1545391039,0.910550,2263090,2
1,1180340801,0.895954,2263800,4
1,820180259,0.952484,2264793,8
1,105023407,0.952484,2265361,2
1,542645489,1.010685,2269348,51
1,2523390671,0.942176,2272594,40
1,4241581607,0.893772,2273734,10
1,3994375531,0.975280,2274247,1
1,3890586773,1.006328,2275053,5
1,3812710501,1.029829,2275915,6
1,3765377267,0.970764,2279088,39
1,1686803543,1.073928,2279595,1
1,32060461,0.984747,2280503,7
1,993881131,0.920682,2283731,40
1,2193572873,0.988706,2284450,4
1,2797467367,1.002438,2286378,21
1,3317835083,0.986233,2287094,4
1,3161377979,0.885539,2287614,1
1,1597083259,1.039738,2288338,4
1,2458288717,0.952484,2291382,37
1,539380207,0.953509,2293423,23
1,742228163,1.012616,2294149,4
1,2257395143,1.000488,2295090,7
1,752978543,0.946313,2295599,1
1,3200802949,1.004871,2296870,12
1,1596535481,0.991172,2298361,15
1,54779909,1.064795,2301160,34
1,1076217839,1.023646,2302298,10
1,2357607509,0.913227,2303084,5
1,3830232433,0.919621,2306329,36
1,2853357371,0.923330,2308844,15
1,4093167467,0.884436,2310285,10
1,371450413,0.952484,2312624,27
1,2310966089,0.941139,2313967,13
1,3125560547,0.929655,2317754,48
1,2774417161,0.846639,2318266,1
1,4267906189,0.813701,2321662,42
1,111537983,1.012616,2322310,3
1,3216991123,0.919621,2322972,3
1,372580249,0.958616,2323756,5
1,3525545129,0.960652,2324474,4
1,251147597,0.936979,2326169,18
1,3828464113,1.039268,2327871,18
1,548892187,1.027455,2339010,153
1,192152273,0.913227,2340902,21
1,3016047187,0.982762,2342248,13
1,2816992757,0.816098,2343058,5
1,1484926307,1.020302,2344481,14
1,1041715711,0.984747,2345136,3
1,2494173497,0.985738,2345847,4
1,1188273109,1.020780,2348181,27
1,3177294409,0.965215,2349107,7
1,435529981,0.965215,2350471,13
1,4005163927,1.149049,2351828,13
1,1692396611,0.914830,2353525,18
1,1996049633,0.919090,2354317,5
1,3564082999,0.950945,2355115,5
1,4253325493,0.919621,2357783,32
1,395867209,1.004871,2359959,21
1,2011800019,1.071652,2360829,6
1,1126270139,0.862070,2363080,26
1,775726687,0.860369,2365782,30
1,35893513,0.910550,2366925,10
1,1276490603,1.023646,2370217,41
1,2230517197,1.003899,2370735,1
1,1368163337,0.981270,2371300,2
1,519752113,0.952484,2375293,51
1,588643831,0.872205,2376159,6
1,259412117,0.938021,2377705,16
1,300865403,0.927551,2379904,25
1,3058551701,0.940101,2381056,10
1,4261001071,0.904092,2382853,19
1,1333380427,0.878342,2383446,2
1,4079826677,1.025552,2384520,9
1,609280109,0.910550,2389840,70
1,3876749339,1.015985,2391470,17
1,2456653049,0.953509,2392260,5
1,1800587377,0.981270,2392843,2
1,3355758151,0.977281,2394606,19
1,915529301,0.893772,2395881,12
1,3156074221,1.040677,2397307,14
1,2832550283,0.984747,2399026,18
1,71990473,1.139661,2400562,16
1,220877791,1.025076,2402405,20
1,2594230069,0.928078,2404246,20
1,58686367,0.872205,2404831,2
1,936142199,1.061581,2407623,29
1,2965374773,1.032669,2412050,44
1,4113383147,0.963190,2413604,10
1,96672493,0.987223,2416474,33
1,4243150559,0.895954,2417001,1
1,2058782483,1.018386,2419268,26
1,320833273,0.913227,2420337,9
1,4084900507,0.967237,2421201,6
1,2835650431,1.013098,2424738,44
1,1366851439,1.086584,2425258,1
1,2692171831,0.920152,2426122,6
1,761429659,1.004871,2426636,1
1,491533447,1.042083,2428129,15
1,620568211,0.908403,2429830,18
1,618970523,0.868840,2431524,18
1,877419167,0.857526,2432588,9
1,2960355143,0.950432,2435824,40
1,3633696991,0.984747,2439270,43
1,508533371,0.888841,2443255,50
1,1753043807,0.929655,2446454,39
1,2183428727,1.017906,2447310,6
1,3794812831,0.992649,2448242,7
1,438149981,1.070284,2449389,10
1,610489421,0.961160,2450310,7
1,1698940259,0.889391,2452009,18
1,1953983987,0.981270,2453720,18
1,732015247,0.974780,2454299,2
1,3288521597,0.994123,2455928,17
1,3457585277,0.892679,2456446,1
1,1835627251,1.020780,2457937,15
1,3176078369,0.927551,2460696,33
1,2656072801,1.020302,2461197,1
1,3369692201,0.830333,2462677,15
1,1270113599,0.928078,2464107,11
1,2824086607,1.136229,2465723,16
1,3395648899,0.902471,2467364,17
1,3852256181,0.996576,2468859,15
1,3937976327,0.885539,2469854,8
1,2386307551,0.957597,2470637,2
1,1034851813,1.004871,2472853,25
1,3442796933,0.918559,2474129,12
1,3466622141,1.055584,2475547,14
1,1828560917,0.988706,2477031,15
1,1843029299,0.950945,2480058,37
1,2051847131,0.829745,2481348,12
1,3702993257,0.955044,2483058,18
1,2075729417,1.004871,2484760,18
1,1307311147,0.919621,2491343,87
1,2586854719,0.964709,2496265,62
1,4039999423,0.944764,2499212,35
1,941435981,0.903011,2504477,69
1,1789036387,0.904092,2506383,21
1,3818035483,1.024123,2507323,7
1,2530130761,0.991172,2512943,57
1,3240956507,0.960652,2515848,30
1,2604053197,1.031250,2518062,25
1,2832185651,1.015985,2518863,5
1,3659894443,1.002925,2523213,56
1,2784622961,1.031250,2527517,55
1,1980232789,0.895409,2528870,13
1,3699169121,1.047691,2530228,13
1,2133338153,0.979277,2533872,46
1,3815550521,1.024123,2535230,13
1,3171578981,1.063419,2535949,4
1,2300892623,1.105296,2537380,14
1,154131389,0.878342,2540193,34
1,2214668567,0.946313,2541395,11
1,1239718747,0.969254,2543299,21
1,2827764521,0.899761,2544219,7
1,3174938839,0.911086,2547818,45
1,1475474071,1.058356,2548415,2
1,3596072593,0.969758,2549555,10
1,115733797,0.975280,2551168,17
1,3563022611,1.053732,2554185,37
1,2932763807,0.931753,2554703,1
1,2389953289,0.841432,2555707,8
1,2959989169,0.998534,2556436,4
1,1034185049,0.983258,2556942,1
1,170459789,1.004871,2558691,19
1,163361641,1.062959,2559966,12
1,2754569791,0.912693,2565279,65
1,57693173,1.025076,2567204,20
1,836397421,1.042083,2567996,5
1,1048105703,0.950432,2574391,84
1,2016476543,0.964709,2580364,78
1,2474083363,1.042083,2580966,2
1,3926165003,1.018386,2581476,1
1,2418255611,0.932277,2583102,17
1,2684144857,1.061581,2583900,5
1,1569846781,0.928604,2585334,14
1,1132456951,0.911086,2586278,7
1,1692213811,1.073928,2587003,4
1,3394462867,0.952484,2588638,17
1,184034449,0.904092,2589555,7
1,4239789451,0.946829,2590138,2
1,2791450523,0.862636,2590995,6
1,76022047,1.033615,2593244,26
1,3496690031,0.945280,2594248,8
1,3576044509,0.950432,2597836,45
1,1536755023,0.938541,2599466,17
1,1568702171,0.945280,2600543,9
1,539956337,0.931753,2605687,67
1,3726686983,0.950945,2607103,14
1,127515737,0.964709,2608161,9
1,3777356533,0.928078,2609021,6
1,1635088603,0.956066,2611334,22
1,4241613091,0.902471,2613898,30
1,959806697,1.070284,2615343,3
1,3757783811,0.989199,2619359,47
1,515535257,1.043488,2621778,28
1,749104387,1.073928,2625634,49
1,1479693623,0.873324,2626708,9
1,2537115043,1.040677,2627643,7
1,1825717651,1.035503,2628790,10
1,3789182017,0.907865,2630060,12
1,2737520381,1.033615,2633034,36
1,1954907363,0.878342,2633749,4
1,80379613,0.988706,2634323,2
1,3251887531,1.067086,2636580,26
1,3627435239,0.980772,2640644,52
1,1614742121,0.884436,2641980,13
1,1865396257,1.053732,2642497,1
1,1409297801,0.972272,2645227,33
1,519833231,1.052341,2652109,92
1,1378721689,0.854103,2653461,13
1,1857201659,0.991172,2654537,9
1,202202719,0.906789,2656503,22
1,1418250917,0.997066,2658968,29
1,1031171749,1.146070,2659900,7
1,1550645813,1.023646,2664552,60
1,217817689,1.020302,2665192,3
1,3553198357,1.037387,2668258,33
1,1763064059,1.073928,2669435,10
1,2114218241,0.937500,2672487,35
1,2151235087,0.984747,2673568,9
1,8222959,0.938541,2674692,10
1,3741615571,0.820275,2676595,21
1,1444460363,0.927551,2680414,48
1,2999335543,1.005357,2681492,9
1,2800712021,1.061120,2682288,5
1,3037755353,0.944247,2684487,25
1,1043954101,1.025552,2685837,13
1,863446679,1.036916,2687253,14
1,4069250531,0.970764,2687986,4
1,2968621289,1.050483,2690809,34
1,3872979277,1.095980,2691742,7
1,1360958237,0.954021,2692737,8
1,428913521,0.982762,2693237,1
1,709281103,1.025552,2694519,12
1,3519874229,1.007782,2697064,30
1,4208805707,0.910550,2698146,9
1,44074447,0.988212,2698920,5
1,1814241211,0.962683,2700689,19
1,1131409463,0.940101,2701422,4
1,625738961,1.047691,2701988,2
1,458978237,1.025076,2703499,15
1,2434689611,1.004871,2705899,28
1,1977058693,1.078012,2707962,22
1,3522941243,0.950945,2711246,40
1,2273632481,0.994614,2712479,11
1,2416248971,0.944764,2713969,11
1,2865462377,0.904632,2721019,79
1,1993851553,0.927551,2722139,7
1,438560623,0.999023,2723493,13
1,3041224127,0.944764,2728420,64
1,199459609,0.969758,2732196,48
1,1531893199,1.017906,2734257,23
1,3428866477,1.057894,2735819,16
1,3020762123,0.999023,2737724,21
1,186677951,0.934370,2739979,26
1,138724727,1.078012,2741806,20
1,759454057,0.822059,2742456,3
1,604542293,1.016466,2743869,14
1,4286931461,0.829745,2746819,36
1,2107649867,1.025552,2749145,27
1,97625771,0.927551,2752743,45
1,4100740781,1.044891,2753476,4
1,3874281143,1.022214,2754832,13
1,4205864497,0.969758,2755688,6
1,3930607297,0.981270,2756186,1
1,3012069883,1.020302,2757535,13
1,3560193887,0.921743,2758189,3
1,402015421,1.035503,2759672,15
1,3638350973,1.007782,2761580,21
1,1450733021,0.978779,2763281,18
1,1463968507,1.104412,2768972,75
1,57916307,0.962683,2770475,11
1,131791651,0.988706,2773845,42
1,899060651,1.048157,2777684,46
1,4027767599,0.977281,2779253,16
1,2446146211,1.033615,2780118,6
1,859294243,0.893772,2782088,22
1,573308399,1.046758,2783511,14
1,3463447483,0.946313,2784020,1
1,4263585229,0.942176,2784531,1
1,659006141,0.888841,2785667,10
1,3967263011,1.031250,2788650,36
1,3846267409,0.928078,2789434,5
1,822117811,0.876115,2791613,25
1,776718889,1.024123,2792255,3
1,3162878503,0.910550,2794512,26
1,3029938913,0.938541,2795442,7
1,3771667169,1.031250,2796363,7
1,1513172299,0.974780,2799481,38
1,3079958059,1.002438,2800692,11
1,1413108227,0.978779,2804341,46
1,2930431583,1.000488,2805145,5
1,1914435049,0.975280,2807484,27
1,2521532891,1.047691,2808206,4
1,2119035487,1.016466,2814379,82
1,200001001,0.946313,2817925,40
1,1475341211,0.946829,2820064,10
1,1387095449,0.956577,2822040,17
1,442029683,1.106621,2822552,1
1,2095578169,0.913227,2823142,2
1,2652036509,0.891584,2825488,26
1,1790194723,1.035503,2826431,7
1,204300631,1.024123,2827209,5
1,1466401169,0.903552,2828132,7
1,208847623,0.899761,2830997,35
1,3771559999,0.935414,2832072,9
1,2707529653,0.839108,2836734,60
1,890667979,0.818488,2839827,38
1,3495889609,0.904632,2840335,1
1,3525301753,0.997066,2843939,45
1,3201852389,0.953509,2844593,3
1,1520597479,1.043020,2845597,8
1,1552420907,1.033615,2846166,2
1,601514083,0.946313,2848418,26
1,106660633,0.970764,2849691,12
1,1808706209,1.050483,2851868,25
1,1919704607,0.919090,2852521,3
1,3723814279,0.988706,2856665,53
1,681579709,0.970764,2860239,45
1,919590149,1.086584,2862496,26
1,547651241,0.981270,2865037,30
1,1704850109,0.965215,2872046,94
1,4229136479,1.132786,2874500,26
1,2017281899,0.942176,2875679,10
1,3290263993,0.902471,2877862,25
1,3285601967,1.027455,2878386,1
1,3238705081,0.970261,2880707,24
1,2552755687,0.987223,2884330,45
1,1544672693,0.941657,2887435,38
1,2172754433,0.868840,2887931,1
1,1206634673,0.796722,2888513,2
1,3242911069,0.961160,2889095,2
1,4235011943,0.902471,2893675,59
1,4172605807,0.997066,2895593,21
1,2181521149,0.910550,2897294,18
1,200524757,0.870524,2899056,19
1,403821721,1.005842,2900546,15
1,545272939,0.910550,2903426,35
1,3986253199,0.913227,2906664,40
1,3225249793,0.960652,2908013,13
1,1108128457,1.043488,2909795,19
1,568693711,0.919621,2910306,1
1,3487439261,0.880563,2912011,18
1,3085765003,0.965215,2915661,46
1,4042107857,0.914830,2920102,53
1,3564816589,0.997556,2922882,19
1,1774934303,0.935414,2923651,2
1,3348661567,0.818488,2927557,47
1,2411034749,0.975280,2929491,21
1,2376814801,1.086134,2930497,8
1,1432479053,0.948374,2931079,2
1,3357341017,1.003899,2934245,39
1,836188211,1.012133,2937274,37
1,3999701521,0.927551,2938491,11
1,135932579,0.910550,2939125,3
1,408488569,1.007782,2940040,7
1,602497837,0.973777,2941035,8
1,2290784411,0.895409,2943924,35
1,706954403,1.047691,2944493,2
1,1990119763,1.019344,2946189,18
1,1986903019,1.002925,2950562,56
1,2674347301,0.796109,2951355,5
1,2166086107,0.960143,2953062,18
1,4087251121,1.068914,2955407,27
1,1805936437,1.016466,2956267,6
1,2484199519,0.980772,2957200,7
1,3454981897,0.960652,2959943,33
1,878468579,1.036916,2962267,27
1,520110923,0.904632,2963051,5
1,1176628441,0.955044,2965090,23
1,1152865937,0.993632,2966920,20
1,2481299839,0.999023,2972113,68
1,161560183,1.000488,2975579,39
1,1893665131,1.012616,2977349,19
1,1158645167,1.007782,2978215,6
1,3749963531,0.922801,2981348,36
1,951355591,0.970764,2983484,24
1,172800787,0.895954,2987953,58
1,2464352983,0.914830,2989716,19
1,1263125261,0.914830,2990572,6
1,4052745079,0.946829,2992212,17
1,3297308071,0.973777,2993683,14
1,4055404139,1.046758,2994439,4
1,2331925721,0.932277,2995581,10
1,3426963403,1.033615,2997500,21
1,2150805011,0.922801,2998212,4
1,1036187387,0.910550,2999926,18
1,2464250417,0.922801,3000788,6
1,342143701,0.946313,3001637,6
1,3878719613,1.025552,3002502,6
1,29212969,0.982762,3003130,3
1,1474901273,1.019344,3003851,4
1,2826532279,0.982762,3006952,38
1,2678820797,0.952484,3008248,12
1,2142179041,0.970261,3008770,1
1,4042702021,1.017906,3009981,11
1,2480858183,0.952997,3010642,3
1,4131955799,0.857526,3014781,53
1,1858257187,1.021258,3015358,2
1,3194471639,1.002438,3016379,8
1,1316887973,0.946313,3017101,4
1,3881997551,1.027455,3018035,7
1,952550293,0.904092,3019389,13
1,186813787,0.961160,3022638,36
1,972186947,0.981270,3024578,8
1,3707394181,0.877786,3027090,23
1,2724831133,0.984747,3027777,3
1,3040732403,0.977281,3032975,68
1,2473448771,0.986728,3034256,12
1,3731374993,1.012133,3036655,28
1,4281727277,0.941657,3038298,17
1,3661132609,0.986233,3039982,18
1,3221315597,1.005357,3040484,1
1,4001889167,0.906789,3044843,56
1,3422676067,0.889391,3048021,39
1,1659483157,0.872205,3050088,23
1,2332406771,1.000488,3052621,30
1,216669689,0.936458,3053823,11
1,2490678527,0.984747,3056787,36
1,3764119361,1.090173,3057449,3
1,3574437817,0.979277,3058171,4
1,1828394861,1.033615,3058759,2
1,3446545573,1.140946,3059897,10
1,4073169839,0.857526,3061751,20
1,1936418639,0.950945,3063106,13
1,1966445629,0.880563,3067955,63
1,1792400299,0.882225,3068544,2
1,1802509451,1.024123,3069565,8
1,2131908463,1.025552,3070154,2
1,1742685547,0.855246,3071511,13
1,1297854839,0.970764,3072029,1
1,2219212349,0.904092,3072886,6
1,134969867,0.889391,3073390,1
1,690170567,0.977281,3075355,22
1,2828276513,1.097316,3077606,21
1,508913263,0.841432,3080144,30
1,76252303,1.050483,3082247,24
1,401387317,0.929655,3083464,8
1,3791760241,0.965215,3087495,51
1,283143053,1.031250,3088272,5
1,2404828369,1.004871,3089275,8
1,2905548949,1.068458,3090776,15
1,949258813,0.969758,3093037,26
1,1807555921,1.012616,3094113,9
1,2783017987,0.994614,3097691,45
1,1416196633,0.895409,3098266,2
1,3965584771,0.904092,3098989,4
1,1408397713,1.020780,3103967,65
1,1453227137,0.862070,3106355,28
1,3850747003,0.962175,3109190,34
1,2759862737,0.880563,3110615,14
1,4086867661,0.987223,3116863,83
1,927256321,1.106621,3118201,13
1,483600721,0.882778,3121998,48
1,1302743821,0.991172,3124210,21
1,657569189,1.067086,3124886,3
1,2648925613,1.017906,3125750,6
1,2672132137,0.829745,3127461,6
1,1491546233,0.918559,3130779,36
1,146519809,1.029829,3133402,31
1,1861378979,0.940101,3137404,51
1,2547072491,1.019823,3139315,21
1,1679102471,0.963190,3142049,33
1,694936519,1.029829,3144119,23
1,1050845737,1.040677,3144979,6
1,3462272899,0.988706,3146610,17
1,1466976773,1.093303,3147682,9
1,155858597,0.960652,3149994,27
1,566828209,1.005357,3152471,29
1,466369247,0.904632,3154667,25
1,1960860827,0.938021,3156012,13
1,876107443,0.895409,3157649,17
1,2103212389,0.868840,3159698,23
1,3277267261,0.954533,3162510,34
1,2244484807,0.889391,3164759,26
1,1878344639,1.035503,3165561,5
1,3475490077,1.014061,3168867,41
1,3129076871,1.139661,3174142,69
1,243327769,0.907865,3175054,7
1,992299307,1.078012,3176759,18
1,1199677553,0.973777,3177956,11
1,2701861081,0.878342,3178744,2
1,2172631607,0.811297,3180513,14
1,2603891987,0.969758,3181386,6
1,2690185079,0.922801,3184203,34
1,2337940153,1.003899,3184779,2
1,2564215627,0.893772,3188300,43
1,2241565009,0.981270,3188818,1
1,2758106047,1.070284,3189752,7
1,4106475539,1.000976,3194464,61
1,999802711,0.978779,3197851,42
1,3662766521,0.922801,3198499,3
1,843921929,1.024123,3199770,12
1,660594499,0.977281,3200356,2
1,2036556199,0.859233,3202069,18
1,3223541303,0.950945,3202651,2
1,1391101861,1.000488,3203301,3
1,339937799,0.961160,3203794,1
1,4153464797,0.902471,3204316,1
1,3966549787,0.942176,3204973,3
1,1189293709,1.047691,3205901,7
1,1280957471,0.898675,3207877,22
1,1107975149,0.957597,3211873,51
1,3315040879,1.047691,3213723,20
1,1778312881,0.895409,3216050,27
1,1400251141,1.020780,3217043,8
1,411169303,0.956066,3218517,15
1,241136933,1.020302,3220706,25
1,64641961,1.079822,3225844,63
1,1803629911,0.952484,3230402,46
1,3048625649,1.035503,3232463,19
1,1238991503,0.938541,3233497,8
1,1137319529,0.983258,3235959,29
1,3347113807,0.961160,3236752,5
1,1243671677,0.997066,3238513,19
1,3531003313,0.973777,3241898,42
1,2388396433,0.983258,3244005,24
1,2305516537,1.018386,3247326,41
1,2471294867,0.970764,3249111,19
1,2289811571,1.095980,3249969,6
1,827636569,0.927551,3250547,2
1,316303079,1.086584,3253569,37
1,3120821929,0.854103,3254219,3
1,2887908733,1.072563,3255363,10
1,178358321,1.099538,3257883,30
1,1844853119,1.036916,3258825,7
1,1149946703,1.144365,3259827,8
1,1519522231,0.932277,3261034,11
1,933953353,1.061581,3261758,4
1,1066942039,0.991172,3266946,68
1,3308736521,0.928604,3267657,4
1,1821684061,0.995105,3270777,38
1,2310151793,0.991172,3271639,6
1,2554831429,0.963190,3273194,16
1,2855528773,1.020780,3275243,23
1,3535178239,1.016466,3276471,11
1,2926113551,0.988212,3277484,8
1,462699569,1.044423,3280157,32
1,2237481593,1.111464,3280663,1
1,3872428369,0.794267,3284831,49
1,1153097431,0.933847,3285913,9
1,4126882849,1.035503,3286435,1
1,2896032449,0.970261,3288431,20
1,2875971467,0.968750,3289241,5
1,2921657309,1.000488,3290800,16
1,1867439957,0.970261,3291668,6
1,2544255023,0.940101,3293995,27
1,1290234683,0.982762,3296607,31
1,442816013,0.970261,3297180,2
1,3233553107,0.911622,3299715,30
1,1271145179,1.040677,3302179,29
1,701335577,1.007782,3303167,8
1,781712791,1.035503,3303896,4
1,2858295257,1.078012,3306381,29
1,2765499301,0.913227,3314153,105
1,3320102021,1.002438,3316551,28
1,975319997,0.929129,3317963,14
1,2897917339,0.895409,3318488,1
1,3588084931,0.904092,3320676,25
1,1763176529,0.954533,3321599,7
1,1136164307,1.078012,3322602,8
1,3114803281,0.877786,3333277,129
1,955026913,1.012616,3334463,8
1,1656988493,1.048157,3335595,9
1,1397268979,0.920152,3338288,32
1,152969767,0.835609,3340530,26
1,660409261,0.961160,3343351,34
1,1011152731,0.882225,3345270,21
1,1663409141,1.106621,3346623,13
1,874331309,0.983258,3347828,11
1,2382605143,1.046758,3350870,37
1,812809913,0.979277,3352214,13
1,5821171,1.000488,3361033,120
1,256608719,0.954533,3364500,43
1,2629759367,1.000488,3366205,18
1,3293478431,0.942176,3367144,7
1,1247220449,0.927551,3367859,4
1,3890946071,1.113220,3372485,60
1,2922169597,0.980274,3374817,27
1,3635524603,0.841432,3376031,11
1,1807718417,1.000488,3377166,10
1,3960530401,1.062959,3378583,14
1,4150926799,0.956066,3379521,7
1,2621492407,1.064337,3380169,3
1,2689256897,1.061581,3381159,8
1,2188772447,1.020302,3381666,1
1,1130600701,0.947859,3385113,43
1,1801268041,0.911086,3385882,2
1,2578752073,0.944764,3386944,9
1,2692703501,0.993141,3388435,15
1,3659278573,0.970764,3389154,4
1,1875250261,0.876673,3391320,22
1,2154741991,0.961160,3393111,19
1,1767737141,0.957597,3397598,58
1,589853261,1.047691,3402145,59
1,1584050879,1.039738,3404422,26
1,582540929,0.924387,3405551,10
1,2200629323,0.928078,3408379,34
1,3471010163,1.020302,3408964,2
1,2408011187,0.984747,3410801,20
1,3699796433,0.970261,3413569,33
1,2479221079,0.950945,3414086,1
1,55590019,1.024123,3415131,9
1,2515652983,1.118907,3419429,55
1,1053924217,0.993632,3421130,18
1,3680668973,1.005357,3421852,4
1,1850756333,1.035503,3422641,5
1,303845713,0.970261,3423904,12
1,1467772013,0.967237,3425187,12
1,200056267,0.925971,3426399,11
1,1625372039,0.965215,3428652,26
1,4094855759,0.997556,3429300,3
1,4076802439,0.984747,3430384,5
1,1531682323,1.054659,3431061,3
1,1473421919,0.944764,3431939,6
1,1930018073,1.127168,3433213,12
1,2271598213,1.083884,3441340,93
1,119369629,1.012133,3442126,4
1,1246810847,0.957597,3444458,27
1,3996668653,0.841432,3445667,11
1,1223535359,0.832095,3447450,19
1,1036787503,0.925443,3448521,9
1,3735727349,0.929655,3449316,5
1,2864681473,0.974780,3450590,12
1,1809761407,0.998534,3452578,22
1,1580997073,1.055121,3453505,7
1,680762023,0.965215,3455133,17
1,2383527833,1.006328,3458018,35
1,285932029,0.944764,3459570,16
1,2847917857,0.938021,3460299,4
1,3515293109,0.969758,3462924,31
1,2723902283,0.928078,3463575,3
1,905447359,1.012616,3464228,3
1,2645316937,0.969758,3465224,8
1,2062061923,1.106179,3470493,69
1,2792884331,0.997556,3471918,14
1,2919660643,1.012133,3473484,16
1,2833165807,1.012133,3476186,32
1,390961957,0.867715,3477039,6
1,4049225777,0.827388,3481171,53
1,2592352313,1.073928,3482450,12
1,2988341567,0.889391,3483175,4
1,3582264773,1.042552,3486131,36
1,2390093423,1.087033,3486791,3
1,2400490991,0.903011,3487454,3
1,3338271473,0.969254,3490973,40
1,1799024621,0.895409,3492833,20
1,3230123761,0.983258,3493759,5
1,1694880757,1.027455,3498669,60
1,187530491,0.963190,3499473,5
1,2364504859,0.886641,3501538,23
1,1776459401,0.993141,3504144,31
1,3181452413,0.878342,3507467,41
1,252355981,0.962683,3508801,13
1,1276943753,0.988212,3511264,29
1,4138179607,0.997066,3515490,54
1,210599941,1.115848,3516326,6
1,2113118741,0.988706,3518029,18
1,3634953319,0.862070,3518828,5
1,1749793627,1.058356,3522003,39
1,2155701017,0.957597,3524261,26
1,3384472051,1.000488,3525275,8
1,1590478493,0.980274,3526283,8
1,4225262207,0.907865,3527382,9
1,4017459659,0.960652,3528464,9
1,946170287,1.004871,3530651,25
1,233304919,1.007782,3531718,9
1,287384749,0.768648,3533390,13
1,2173054991,0.938541,3539649,66
1,3054780923,0.954533,3541878,23
1,2642595997,1.018386,3553780,164
1,3368879009,0.987223,3563501,133
1,488237593,0.914830,3564002,1
1,1981789363,0.938541,3564670,3
1,2501629787,1.016466,3565412,4
1,655305071,1.078012,3567245,20
1,3608698619,0.964709,3569794,30
1,3254296411,0.964203,3570388,2
1,2892735193,0.970764,3570978,2
1,3852696293,1.000488,3571501,1
1,2143211689,0.936979,3572158,3
1,2781921767,1.033615,3573019,6
1,3513515527,1.132354,3575287,26
1,2910447893,0.958616,3576793,15
1,1778640953,0.952997,3579248,29
1,3730122059,1.083434,3580470,11
1,706785743,1.084785,3582088,17
1,4230493481,1.029829,3586515,57
1,1847764103,1.079822,3588308,15
1,2303108441,0.897588,3591758,43
1,139114919,0.982762,3592962,11
1,1038292789,0.927551,3593801,3
1,999606109,0.878342,3594599,5
1,2200701913,0.944764,3595389,5
1,467625229,0.963190,3595898,1
1,1879270997,0.975280,3596749,6
1,238518299,0.988706,3598289,16
1,1545933307,0.893772,3598805,1
1,1931999753,0.965215,3599463,3
1,2904432281,1.042552,3601579,24
1,1992145999,0.860369,3603213,17
1,306554057,0.975280,3603849,3
1,4120727207,0.944247,3605769,21
1,3116117449,0.839108,3607962,25
1,3096745669,0.938021,3608748,5
1,564603191,0.970261,3611210,29
1,472725017,0.935414,3611849,3
1,950486183,1.024123,3612567,4
1,4020296437,0.904092,3613365,5
1,4054348703,1.008751,3615002,17
1,1153461317,0.899761,3618107,38
1,3884988119,1.076198,3620993,35
1,3263167877,1.002438,3622354,13
1,1072979597,0.965215,3624009,17
1,2829563951,1.007782,3626138,24
1,4253933561,0.889939,3627080,7
1,4162819027,0.935414,3628508,14
1,179971871,1.014061,3629082,2
1,4083314359,0.893772,3631358,26
1,2401411813,0.888841,3634061,32
1,3057263483,0.964709,3636711,26
1,2262023363,0.897588,3637247,1
1,1703871409,1.043488,3637899,3
1,3137698831,1.134078,3641987,38
1,2371706509,1.124132,3642745,2
1,4186787743,1.061581,3647099,56
1,1215702841,0.953509,3647744,3
1,774987071,1.106621,3648402,3
1,1776893977,1.061581,3650790,28
1,894081563,1.082983,3652133,13
1,1536841093,0.981270,3652712,2
1,433028417,1.039268,3655586,35
1,767715787,0.984747,3657848,26
1,1090510997,0.960652,3659825,22
1,1535614189,0.993632,3662516,32
1,3619092371,0.888841,3663665,10
1,2827003847,0.954533,3666480,34
1,902830787,1.019344,3667123,3
1,963803759,0.997066,3668611,15
1,1353486721,0.946829,3669396,5
1,3231134701,1.040677,3670671,12
1,1952882077,1.042083,3671471,5
1,3902336707,0.796722,3677995,87
1,1301195681,0.862070,3680407,28
1,4065199121,0.981270,3682731,27
1,3709546601,1.020780,3688129,71
1,2528549047,1.012133,3688715,2
1,833181533,0.932277,3689782,9
1,2755563389,0.872205,3692051,19
1,1575788897,0.946313,3693763,18
1,970520107,0.811297,3695181,14
1,1692408791,0.922801,3697733,28
1,2102522633,0.942176,3700710,36
1,401457451,0.928078,3701649,7
1,1675070009,0.911086,3706924,69
1,4066750343,1.029354,3708391,13
1,2093790971,0.899761,3709220,5
1,3767453143,1.004871,3711061,20
1,2654792071,0.931753,3712627,16
1,514216993,0.984747,3715661,37
1,1971156487,0.952484,3716249,2
1,2879866931,0.969758,3719218,36
1,4200234917,0.934370,3722189,36
1,2667084941,0.999023,3724945,33
1,2266820473,0.954533,3726582,17
1,653825231,0.952484,3731486,64
1,648329387,0.987223,3733870,28
1,400756483,1.054659,3735704,20
1,2953928821,0.935414,3736422,4
1,2102336927,0.970261,3737012,2
1,279533027,0.944247,3738222,6
1,2906746243,0.931753,3739926,18
1,4206284513,0.927551,3743524,29
1,2870860793,0.895409,3747862,53
1,842328457,0.961160,3749288,14
1,23869891,1.020302,3749855,2
1,2485408153,0.938541,3751623,19
1,2102748119,0.974780,3752351,4
1,2957074501,0.824432,3753275,7
1,3509011369,1.004871,3754208,7
1,701447647,1.068458,3755006,5
1,3674296097,1.067086,3755792,5
1,4150796207,1.040677,3757911,24
1,3613993319,0.993141,3762761,63
1,429318811,0.991172,3763337,2
1,3576000097,0.946829,3764125,5
1,3500687647,0.930180,3765047,7
1,3214464389,1.048157,3766815,19
1,4100684213,1.025552,3768795,22
1,2861346601,0.884436,3770555,19
1,1111245073,0.988706,3771190,3
1,2345131847,0.811899,3772907,18
1,657265451,1.099094,3773421,1
1,383791897,1.084785,3773921,1
1,2295205573,1.012133,3774925,8
1,2159583869,1.106621,3777464,30
1,2379059239,1.048623,3779442,22
1,585986629,0.964709,3782539,38
1,2765298869,0.987223,3784727,25
1,2799951443,1.058356,3787627,35
1,835615267,0.928078,3788901,12
1,2117812429,0.919621,3789490,2
1,121342171,0.954533,3790756,12
1,107253457,1.061581,3792015,12
1,223943851,1.004871,3794499,23
1,247867577,1.042083,3798849,53
1,887416951,0.916963,3800572,18
1,169321531,0.994123,3801218,3
1,4065335207,0.988706,3802191,6
1,2063236361,0.988706,3802788,2
1,443942959,0.938541,3803360,2
1,136970797,0.919621,3805109,19
1,3772686557,1.012133,3806110,8
1,989736359,1.006813,3806906,5
1,4194259543,1.070284,3808123,11
1,3349282733,0.969254,3811147,37
1,1591080811,1.006328,3813348,25
1,3893828339,1.027455,3815767,28
1,3205699733,0.919090,3816491,4
1,2378819759,0.954021,3819337,34
1,1440445561,0.974780,3820485,10
1,767135881,0.889391,3822814,27
1,1527134117,1.012133,3824159,13
1,4033733941,1.133647,3827735,45
1,2525317181,0.913227,3828387,3
1,1457689679,0.988706,3829671,12
1,4186331603,0.913227,3831172,15
1,653173769,0.953509,3833921,33
1,1967974721,1.010685,3835713,19
1,1875718337,0.946829,3837200,15
1,1284527197,0.970261,3837775,2
1,3612985483,0.950945,3840260,25
1,396663599,0.854103,3846990,72
1,1089036463,0.860369,3850323,38
1,3427581383,1.146496,3851046,4
1,2645881807,1.177176,3851777,4
1,2620385959,0.913227,3852442,3
1,531899057,0.962175,3853433,8
1,1851013433,1.068458,3855336,21
1,2609924453,0.919621,3857032,18
1,3698624459,1.048157,3857623,2
1,958484617,0.930180,3861265,46
1,4274541437,0.983258,3862345,9
1,580600831,0.818488,3868292,79
1,43500341,1.134078,3873123,63
1,3862747981,0.864332,3875657,30
1,2344622899,0.911086,3878674,37
1,4186926281,1.025076,3880581,21
1,898195327,1.040677,3881305,4
1,509579531,1.015985,3884329,37
1,3139220453,1.004871,3885548,11
1,1518089791,0.993141,3888232,32
1,1147220647,0.970764,3889015,5
1,46678553,0.944247,3889639,3
1,393670601,0.886090,3891060,14
1,1752407471,0.944764,3893259,25
1,4275455669,0.978280,3894340,9
1,3635219689,0.913227,3897209,29
1,4091596459,0.893772,3897884,3
1,4139706863,0.802219,3900568,32
1,1802884913,0.997066,3902755,22
1,641400031,0.976281,3904606,20
1,1814881213,0.950432,3907504,35
1,2206569671,0.902471,3909334,20
1,1801605539,0.997556,3912286,36
1,1446613897,0.855246,3917133,63
1,2653216763,0.998534,3918906,19
1,4288119541,1.029829,3919843,7
1,2436875699,1.055121,3922685,34
1,167910901,0.941657,3924226,16
1,2287685663,0.965215,3926054,20
1,472807759,1.004871,3928936,35
1,2427951941,0.938021,3929455,1
1,3512654969,0.955044,3930178,4
1,1557443023,1.054659,3931468,12
1,2631372061,0.994614,3934993,44
1,1285427687,0.903552,3935795,5
1,3566424803,0.835609,3939226,43
1,89398279,1.061581,3940771,16
1,578539139,0.962683,3942848,19
1,3384235999,0.983258,3944017,10
1,740358979,1.024123,3949572,57
1,3830127503,0.931753,3952158,28
1,1683690487,0.991172,3953576,14
1,2908911631,0.957597,3955343,19
1,146365897,1.012133,3956421,9
1,2525068571,0.886641,3958811,28
1,3353101987,0.965215,3960444,17
1,3545728559,1.002438,3963812,42
1,2282418779,0.940101,3965641,20
1,4047728759,1.016466,3969308,46
1,3191736461,0.882778,3971279,22
1,195884503,0.827388,3973350,23
1,2210757719,0.960652,3974434,9
1,3651146663,0.970261,3977403,36
1,481305673,0.934370,3979983,31
1,628616671,0.981270,3981288,12
1,2208747137,1.053732,3982358,9
1,3245769103,0.895954,3982873,1
1,4030039639,1.025552,3985268,28
1,1130427979,0.975280,3986070,5
1,1721426929,1.023646,3986877,5
1,871226231,1.012616,3988092,11
1,551888159,0.960652,3989787,18
1,1208138857,0.925443,3990565,5
1,3433218491,1.012133,3994361,47
1,3884810173,0.798558,3995333,7
1,3396523723,0.913227,3996344,8
1,371401087,0.827388,3997134,5
1,3799142141,1.019344,3997788,3
1,3714521093,1.000976,3999598,17
1,976987639,0.912693,4000335,4
1,2650156001,0.990186,4003157,34
1,2780315119,0.969758,4003875,1
1,546952613,0.948889,4005294,14
1,311096371,1.068458,4007125,20
1,1145480527,1.027455,4007702,2
1,2309471551,0.963190,4009422,18
1,527371627,0.852386,4010712,12
1,516102001,0.921743,4012816,24
1,2331930449,0.921743,4014232,14
1,1235433253,1.020302,4014741,1
1,2117890153,0.988706,4015399,3
1,4160421737,1.036916,4016353,7
1,1442071303,1.033615,4018830,29
1,2379187831,0.935936,4020468,17
1,3253016363,0.962683,4022309,20
1,2814690103,0.893772,4025062,33
1,3418654609,0.921213,4027411,27
1,3673001987,0.932277,4029772,27
1,1532600557,1.063419,4032656,35
1,73533947,0.918559,4034891,26
1,2420451763,0.940101,4035605,4
1,46944923,0.965215,4036385,5
1,2063180687,1.004871,4039004,31
1,3525754381,0.904092,4040499,15
1,16370359,0.994614,4040992,1
1,2615452403,0.969758,4043044,23
1,4184155049,1.036445,4046996,46
1,701029883,1.022214,4050427,27
1,498047339,0.922801,4051196,2
1,863180953,0.961160,4052676,15
1,1306775999,1.062959,4053334,3
1,4269112361,0.802219,4054199,6
1,2086114669,0.836777,4056572,27
1,1063387639,1.012616,4057152,2
1,1002089749,1.094196,4058573,14
1,3718561607,0.981270,4061753,39
1,3496532471,1.012616,4063598,20
1,1119599017,0.899761,4066128,30
1,731852581,1.124132,4067978,20
1,149722751,1.039738,4071346,42
1,1929244397,1.068458,4074467,38
1,3893875267,0.931753,4075602,10
1,2807278217,1.008751,4076529,7
1,2819045657,0.920152,4077657,10
1,78910919,0.989199,4078223,2
1,2905909553,0.941657,4081384,39
1,267702181,0.988706,4082869,15
1,1419999473,0.920152,4084431,16
1,447657571,1.018386,4086057,17
1,295707319,1.029829,4090432,56
1,1442809493,0.941657,4092348,21
1,1452621601,1.054659,4095177,34
1,1473598769,1.157094,4097081,21
1,2746731359,1.076652,4099651,30
1,4144163561,1.087033,4101653,19
1,848395003,0.868840,4108767,93
1,1506271601,0.802219,4111472,32
1,2952326603,0.871645,4113177,18
1,2876314741,0.910550,4114592,14
1,472112233,1.025552,4115457,6
1,442846127,1.025552,4117504,23
1,1672230383,0.970261,4118160,3
1,916095899,0.911622,4118667,1
1,2131529423,0.880563,4119254,2
1,72349759,0.907865,4121301,23
1,2853251893,0.989199,4122085,5
1,521087719,0.974780,4124058,22
1,1051887989,1.012616,4125626,16
1,3320738261,0.986233,4127132,15
1,2019696421,0.942176,4127639,1
1,1881850211,0.963190,4129485,20
1,1878639727,1.072563,4135101,74
1,3356167393,0.941657,4135672,2
1,27951779,0.920152,4136855,11
1,1336196647,0.920682,4141719,63
1,1696531909,0.990186,4143425,18
1,1364848301,0.895409,4146036,31
1,162002681,0.906250,4147150,5
1,2798641823,0.973777,4147686,1
1,2829596771,1.079370,4149398,18
1,562850887,1.000488,4152435,24
1,1383869239,0.950945,4153409,5
1,2789193307,0.895409,4155876,29
1,976186271,0.885539,4157159,12
1,1670449673,0.884436,4159535,28
1,2619342931,1.008751,4162050,30
1,3543511129,0.997066,4163324,12
1,1639528249,0.981270,4163834,1
1,2995972367,0.885539,4164903,9
1,3524963297,0.920682,4166108,11
1,2633693221,0.988212,4167047,7
1,4051249211,0.858664,4168185,10
1,1499192741,0.952484,4172189,51
1,2268896711,0.889939,4175214,37
1,1882701929,0.832682,4176980,19
1,294673991,0.961160,4178749,19
1,1138879279,0.936979,4179614,6
1,4211661637,1.078012,4180195,2
1,2585163071,1.016466,4180710,1
1,4245204343,1.031250,4183402,32
1,436530763,0.877786,4184043,3
1,2018950721,1.015985,4185247,11
1,324805849,1.009718,4186170,7
1,3667102259,0.854103,4187308,10
1,3945280663,0.916963,4189503,25
1,21399793,1.159624,4191183,18
1,1788525797,0.903011,4192400,11
1,2070852457,1.053732,4194175,19
1,948475481,1.070284,4196561,28
1,1788699971,0.964709,4198633,23
1,612305123,1.002438,4199347,4
1,3010689887,0.999023,4200225,6
1,704025181,0.997556,4201362,10
1,2174852003,1.027455,4202691,8
1,1147225789,0.965215,4204284,15
1,803665783,0.997066,4205456,10
1,4059660167,0.961160,4208806,39
1,152720419,0.940101,4211559,33
1,1593516121,0.886090,4212139,2
1,2853901481,0.811297,4213068,7
1,3697902997,1.018386,4216932,49
1,640285141,0.977281,4218216,12
1,15721843,0.997556,4223474,69
1,3391763119,0.871085,4227637,53
1,3036405313,0.919621,4232490,63
1,1125176543,0.810093,4233209,4
1,513210847,0.846062,4234852,17
1,1225575787,0.954533,4238571,47
1,3507494381,0.954533,4239576,8
1,791600833,0.978779,4243083,44
1,3968540077,0.950945,4243748,3
1,1223576023,0.895409,4248175,57
1,4123481051,1.109705,4250776,26
1,839077739,0.970764,4251383,2
1,3273223619,0.960652,4255666,40
1,397031917,0.755190,4258189,27
1,2153468389,0.977281,4260579,28
1,2401502687,1.024123,4261995,14
1,1025846869,0.958616,4263701,18
1,4277447497,0.968750,4264648,7
1,2647381021,0.761629,4266979,27
1,338977337,0.993632,4268386,14
1,1953585119,1.058356,4268975,2
1,791429789,0.861503,4272269,41
1,2252399923,0.979277,4273351,9
1,1817524703,1.067086,4274298,7
1,3899796701,0.952997,4276341,23
1,4156338751,0.970764,4278061,18
1,2787341413,1.039738,4278646,2
1,1118441041,0.981270,4279841,11
1,2730774157,1.078012,4281546,18
1,4141244533,1.020780,4282617,9
1,2708274271,0.973777,4284974,27
1,1485172027,0.908940,4286059,9
1,791802839,0.850092,4290210,53
1,474573577,1.114973,4294195,51
1,381153881,1.046758,4295903,18
1,1615939067,1.114535,4297180,12
1,346428367,0.902471,4297824,3
1,3654553543,0.835024,4298548,4
1,1060210733,1.154560,4299053,1
1,3799596457,0.984747,4299850,5
1,1739265029,0.946313,4301750,21
1,4171634123,1.042083,4303106,13
1,1290427231,0.986233,4303762,3
1,2653039751,0.858664,4306549,30
1,3737041457,0.975280,4307212,3
1,1236862223,0.876115,4311028,46
1,138599107,0.946313,4314749,47
1,3473439899,0.975280,4316237,15
1,203586667,0.922801,4317364,10
1,1829350339,0.988706,4319628,26
1,2157544303,0.983258,4320282,3
1,4000961381,0.928078,4321440,10
1,1475706451,0.977281,4322239,5
1,1981267411,0.946313,4324227,22
1,1171956679,0.960652,4327071,34
1,1782627241,1.012616,4332822,76
1,1298432671,0.852959,4336198,42
1,721033939,1.113220,4337480,12
1,3738911989,0.897588,4338555,9
1,3100985389,1.095980,4339062,1
1,75688307,0.836193,4340412,13
1,2561108867,0.852386,4342532,24
1,1700569859,1.061581,4344568,23
1,1659904321,1.039738,4350945,85
1,3200516147,1.106621,4352518,12
1,2513853967,0.902471,4353265,4
1,1920797353,0.988706,4354491,11
1,224498711,1.039738,4356059,4
1,249690971,0.967237,4359225,36
1,1315660127,0.898132,4361159,21
1,4005044521,1.178005,4365364,54
1,2460850967,1.105296,4366163,5
1,375973219,0.929655,4368995,34
1,1934530099,1.039738,4374825,77
1,1790112139,0.975280,4376174,13
1,2545693331,0.946313,4377955,19
1,4222854151,1.025552,4379243,12
1,1418495167,0.958616,4380460,11
1,700836221,0.875558,4381466,8
1,360628291,1.035503,4382315,6
1,987642289,0.944764,4384377,23
1,841444727,0.956066,4385807,14
1,4181713301,0.942176,4388344,30
1,788646869,0.935936,4388928,2
1,1881458587,0.900304,4391316,28
1,997547531,1.035031,4392462,10
1,513862241,1.113220,4394293,20
1,1000087943,0.935936,4397276,36
1,673632833,1.070284,4397781,1
1,3804605309,0.846639,4399833,23
1,3964711129,0.928078,4401183,13
1,2799334481,0.950945,4402108,7
1,1553742481,0.944764,4403172,9
1,3321860363,0.969254,4405786,31
1,3883948933,0.938541,4408125,22
1,3050223893,0.978779,4408807,3
1,1660933627,0.920682,4412925,50
1,264516023,0.976781,4413656,4
1,3035987473,1.004871,4414934,12
1,4036425839,1.063419,4417120,25
1,3634281863,1.031250,4418543,14
1,36860149,0.910550,4419172,3
1,1774908713,0.878342,4420310,10
1,1521949301,0.970261,4422233,21
1,3854622791,0.919621,4424000,19
1,419377603,0.925971,4424516,1
1,1163491729,0.984747,4425788,12
1,2000500013,0.920152,4426722,7
1,558861827,0.997066,4427225,1
1,1032021407,1.061581,4431664,57
1,4018477601,0.885539,4433026,13
1,2008652609,0.938021,4434723,18
1,1916528401,0.908940,4435582,6
1,3378049469,1.007782,4437346,19
1,4179518971,0.827388,4438512,10
1,1740579431,0.928604,4439452,7
1,447174031,0.915364,4439960,1
1,3864020591,0.985738,4440478,1
1,98395529,0.932277,4441045,2
1,952930081,0.946313,4443496,29
1,443686889,0.948889,4446944,43
1,1905891161,0.888841,4449269,27
1,1935826733,1.031250,4450911,17
1,2436092569,1.024123,4453641,33
1,3678551407,1.037387,4455240,12
1,605498869,0.974780,4456278,8
1,3538969001,0.903552,4460914,46
1,2991934607,1.079822,4461604,1
1,2346727433,1.006328,4462314,4
1,2168941069,1.002925,4462819,1
1,1645801919,1.127168,4465026,25
1,101886581,0.906789,4468027,37
1,978989119,0.877229,4470066,23
1,3569922959,1.140946,4470933,6
1,1243908937,0.956066,4473910,36
1,1414942967,1.035503,4475264,13
1,1085427691,0.904092,4476199,7
1,4075334023,0.994123,4478112,21
1,2297583397,0.906789,4481204,38
1,1108500853,1.067086,4483039,20
1,2984030033,0.948374,4484041,8
1,1024948069,0.872205,4485807,19
1,2299049,0.944764,4489431,46
1,146665951,0.948889,4497107,101
1,1686964259,0.922801,4497846,4
1,1244211823,0.936979,4500771,35
1,920686759,0.791187,4502048,12
1,2749922909,0.955044,4502635,2
1,1839543061,0.980772,4504825,25
1,2984883683,0.969758,4505620,5
1,2622177373,0.932277,4506891,12
1,3997281499,0.889939,4509059,20
1,1706798189,0.919621,4510508,14
1,1994350459,0.991172,4516516,77
1,2427887923,0.965215,4517886,13
1,1386186323,1.040677,4518743,6
1,661525589,0.965215,4520651,21
1,3817458991,0.885539,4523880,40
1,3006854723,0.920152,4527757,49
1,2418070537,0.954533,4529929,25
1,1915568533,0.978779,4533779,49
1,4015293157,1.031250,4538755,65
1,434544557,1.070284,4540311,16
1,1129803043,0.872205,4540892,2
1,1004271449,0.942176,4541550,3
1,2431001609,1.034559,4542116,2
1,2857113859,0.934370,4543175,9
1,1766751361,0.954533,4544653,15
1,527621693,0.980772,4547251,31
1,583937611,0.977281,4550139,35
1,3312124793,1.046292,4550926,5
1,3251903747,0.994123,4552614,18
1,411907063,0.864332,4553191,2
1,1606319257,1.020302,4554693,15
1,2773779587,1.007782,4555482,5
1,3549491663,0.931753,4556206,4
1,2299999469,0.969254,4562107,58
1,1604617841,1.002438,4565663,42
1,2133563737,1.007782,4567785,24
1,2416504339,0.988706,4568568,5
1,2105666581,0.997066,4571322,33
1,2635897997,1.055584,4572042,4
1,285401647,1.040677,4577559,73
1,2994167339,1.072563,4578563,8
1,2436721513,1.206266,4580408,20
1,1064712107,0.985738,4581067,3
1,1823913283,1.040677,4581587,1
1,2629207153,1.200179,4583703,24
1,826949771,1.063419,4586017,27
1,2455368869,0.963190,4587362,13
1,714474557,0.905711,4592011,60
1,2156090359,1.012616,4592729,4
1,2992893803,1.015985,4594790,23
1,2341601807,0.969254,4597593,34
1,2617488877,1.033615,4598732,10
1,1082780887,1.077559,4601266,30
1,1510335557,0.978779,4602266,8
1,1262340089,1.012616,4603139,6
1,3190532437,0.942176,4603723,2
1,2353104049,0.988212,4605683,22
1,1294602671,0.878342,4606408,4
1,4156179439,1.025076,4608905,29
1,2016944801,1.007782,4609481,2
1,894366601,0.810695,4610833,13
1,1269407299,1.100870,4613853,34
1,3702048899,0.948889,4616100,26
1,3327975689,0.936979,4618678,29
1,3938680171,0.957597,4619558,6
1,1858690543,1.033615,4623503,50
1,4278603733,0.946313,4625899,28
1,444666317,1.027455,4627724,20
1,224998937,0.952997,4629759,23
1,1764248509,0.942176,4631592,20
1,26453761,1.047691,4633622,23
1,614781317,0.934370,4637479,49
1,2137791449,0.931753,4638553,9
1,1458876169,0.938541,4639898,13
1,2365491857,0.948374,4641805,21
1,2730691021,0.980772,4644967,39
1,693474839,0.902471,4646386,14
1,3232479821,0.997066,4646965,2
1,4179491297,0.956066,4648872,21
1,3090984199,1.012133,4650172,12
1,3561393607,0.946313,4650682,1
1,3830842289,0.907327,4651753,9
1,1767732859,1.029829,4654720,36
1,2574750751,0.978779,4660812,76
1,972510899,0.982762,4661429,2
1,365706109,0.981270,4662923,3
1,204383287,0.978779,4665122,22
1,760908221,0.978779,4667133,22
1,68004847,0.932277,4668419,12
1,2038671763,0.960652,4671458,37
1,3020514011,1.061581,4673862,28
1,4184765413,1.064337,4674660,5
1,3725013827,0.955044,4676786,24
1,1447644323,0.877786,4681709,64
1,2295329759,0.984251,4682938,11
1,927276139,0.973777,4687368,57
1,3497050699,0.912693,4690958,45
1,1774768823,1.027455,4692027,9
1,3183001187,0.867152,4693659,17
1,1408868849,0.813701,4696642,36
1,2969458993,0.844907,4697224,2
1,861011927,0.958616,4698720,15
1,1932959221,1.035503,4699452,4
1,1437784237,0.888841,4701115,17
1,2462657017,0.884436,4701628,1
1,1914079603,0.882778,4702763,10
1,1669979557,0.936979,4704040,12
1,2815332367,0.982762,4706232,25
1,3865623481,1.040677,4707235,8
1,1784401429,0.908940,4709713,29
1,1416801013,0.895409,4710391,3
1,3039285829,0.910550,4711464,9
1,1326434957,0.895409,4712255,5
1,3622772837,1.043488,4712915,3
1,84525097,1.024123,4715065,20
1,512858237,0.913227,4717544,29
1,2110142959,0.942176,4718421,6
1,1874068087,0.974780,4719633,8
1,3291758803,1.047691,4721961,27
1,2317823383,0.942176,4724005,23
1,1284913013,0.913227,4724590,2
1,914088107,0.987223,4725729,10
1,366279157,0.952997,4734130,114
1,4121358193,0.927551,4737376,40
1,2978431447,0.957597,4743853,86
1,204999799,0.944764,4744490,3
1,43677631,0.987223,4745967,15
1,2267923921,1.055584,4751710,76
1,3902192617,1.097316,4754877,39
1,1321626547,1.020302,4760836,79
1,1594938061,0.963190,4764249,38
1,1226457319,0.978779,4765777,1
1,498591131,0.862070,4769131,40
1,1937346871,0.980274,4771666,30
1,3632392243,1.053732,4773079,14
1,2785189489,1.077559,4774215,10
1,1638730187,1.063419,4775703,15
1,3233459609,0.965215,4776916,11
1,1760095657,1.055121,4782105,68
1,3476631667,0.948889,4783034,7
1,100650469,0.932277,4783892,6
1,4130920121,1.018386,4784685,5
1,131398543,0.981270,4785822,10
1,707623159,1.006328,4789061,40
1,4038192167,0.954021,4789580,1
1,3203215199,1.015985,4792755,39
1,3356643853,0.955044,4794021,12
1,3167173291,1.116723,4794538,1
1,379029317,0.885539,4796179,17
1,2081844217,1.016466,4796766,2
1,3797361629,0.983258,4797837,9
1,1567669253,0.958616,4801848,51
1,3235616467,0.923330,4802713,6
1,1561958149,0.928078,4804684,22
1,2957881699,0.950945,4805263,2
1,3199770443,0.897588,4808580,41
1,2865515689,0.946313,4809227,3
1,2824793519,0.995105,4810581,13
1,1688775047,1.010685,4811297,4
1,4001679161,1.020780,4812225,7
1,2337113617,0.990679,4818121,74
1,2903848537,0.826207,4819545,14
1,43356241,0.937500,4820520,8
1,3056084851,0.997556,4821569,6
1,1352205079,1.078012,4824238,32
1,2421437773,0.922801,4824951,4
1,557637313,0.996576,4828591,46
1,1347617483,0.946313,4831193,31
1,3556096051,1.035503,4834213,37
1,2606303353,0.927551,4835972,19
1,869969791,0.957597,4838999,37
1,5386181,0.889391,4841937,36
1,2420223607,0.996576,4843361,14
1,914300977,1.068458,4845849,29
1,3230469247,1.106621,4846569,4
1,615962251,0.899761,4848335,19
1,3863157523,1.013098,4849127,5
1,656769851,0.989693,4849634,1
1,1352331443,1.027455,4852038,28
1,3170455391,0.946313,4852769,4
1,3292805723,1.083884,4857527,62
1,3093970861,0.969254,4858474,7
1,1440618217,0.994614,4861667,39
1,1195141421,1.002438,4863510,20
1,1049582117,0.978779,4864432,2
1,1621672639,0.977281,4869988,58
1,2524066151,0.914830,4871965,19
1,2517926659,1.063419,4873789,20
1,3325622837,0.889939,4874379,2
1,2057155367,0.888841,4875469,9
1,39909449,0.950432,4879321,49
1,2885355397,1.039268,4880954,17
1,4070872613,0.903552,4883487,30
1,2967322597,0.983258,4884432,7
1,3641604977,1.020302,4885153,4
1,1839212029,0.893225,4886647,15
1,1438100303,1.061581,4889198,30
1,3216170323,0.889939,4891403,25
1,3566024743,0.852959,4892406,8
1,1747711577,0.940620,4893545,10
1,3734571221,1.018386,4896144,31
1,672412187,0.936979,4897129,8
1,2245941133,0.938021,4897712,2
1,1407199621,1.029829,4899336,17
1,4252982387,0.893225,4902511,39
1,3356532901,1.004871,4904191,18
1,1220160757,1.005357,4906452,26
1,447981077,0.877786,4909476,37
1,1845703261,1.004871,4910125,3
1,3469740623,1.013098,4911677,16
1,2712447599,0.957597,4914989,41
1,1649556131,1.023646,4917745,33
1,3041659429,0.988706,4918464,4
1,1784220803,0.994123,4921888,37
1,2631632071,0.876115,4925616,44
1,3734292563,1.140090,4927743,24
1,1455674639,0.982762,4933022,69
1,2354446847,1.097316,4933747,4
1,485689987,0.965215,4934596,6
1,1360114097,0.962683,4936632,23
1,1586565979,1.020780,4937142,1
1,1803643697,0.928604,4939118,22
1,3925692427,1.044423,4940471,13
1,3549199151,1.046758,4941266,5
1,3226793497,0.862636,4942264,8
1,629662853,0.875558,4944235,22
1,4071369931,0.897044,4947492,40
1,295803041,1.020780,4948266,5
1,202166807,0.907865,4949186,7
1,2628711601,1.025552,4952830,46
1,196040323,1.047691,4955855,37
1,1128757283,0.877229,4957684,20
1,825995633,0.940101,4958955,12
1,87256483,0.977281,4961054,24
1,1009592849,0.920682,4961699,3
1,3342352721,0.982762,4965494,48
1,3240346129,0.978779,4972618,76
1,1083589279,0.977281,4973455,3
1,376541161,0.964709,4975006,16
1,2396893379,1.104854,4975870,6
1,1686855589,1.000488,4976592,4
1,2742667063,1.036445,4977250,3
1,2097895841,0.962175,4978044,5
1,1697686789,0.953509,4983156,67
1,3966237931,1.036916,4986633,43
1,102169877,0.907865,4990004,42
1,1525300159,0.895954,4991365,13
1,1832954237,0.993632,4994452,37
1,2102940451,1.029829,4999971,72
1,1748143213,0.920152,5000966,8
1,1604943271,0.974780,5005608,60
1,2392457387,1.133647,5006260,3
1,1393443841,1.068458,5007529,12
1,2316847829,0.969758,5008935,14
1,1418052371,0.948374,5012162,40
1,1913014013,0.960652,5013299,10
1,1660333427,1.078012,5017173,49
1,2655133463,1.061120,5020753,45
1,1741879613,0.971267,5024306,36
1,1410644161,1.024123,5024831,1
1,3334059007,0.903552,5027094,26
1,2569655419,0.887192,5029414,24
1,2315907389,0.968750,5032176,33
1,1733646331,0.981270,5033543,13
1,3314978587,0.957597,5034411,6
1,3531875741,1.012616,5036725,27
1,1574853967,0.982762,5039974,40
1,65448043,0.802827,5041870,21
1,2249856967,0.906789,5042384,1
1,1702113583,0.769283,5045824,43
1,2919555643,0.934370,5047169,13
1,855232201,0.886090,5047824,3
1,3599324959,0.852386,5049390,16
1,2667929939,1.012616,5050807,14
1,1076216179,0.940101,5053476,32
1,3180805387,0.965215,5054270,5
1,3008881373,1.055121,5058279,51
1,202624403,0.920152,5060194,21
1,2130182477,1.018386,5061476,12
1,1899730507,0.899761,5063397,21
1,1177426031,1.017906,5065505,24
1,2885841617,0.945280,5067270,19
1,1079781421,0.969758,5070657,38
1,734330417,1.040677,5072723,10
1,2139364933,1.080726,5076412,42
1,2232007259,1.089725,5079169,33
1,1948241303,0.957597,5080033,6
1,4205508413,0.985738,5080694,3
1,2457456629,0.857526,5081908,11
1,3151833799,0.944247,5083053,10
1,599272417,1.010685,5086505,43
1,3171464129,0.829745,5087911,14
1,3851960279,0.994614,5088575,3
1,2839915919,1.007782,5090851,26
1,3712366883,0.944247,5092685,20
1,617001871,0.878342,5097115,57
1,4101269611,0.950945,5099862,33
1,1524260831,1.037387,5102613,33
1,1266321131,1.020780,5106202,45
1,412146349,0.978779,5107819,17
1,2002246777,0.989693,5110849,37
1,2138877973,1.014543,5111790,7
1,1878426871,0.960652,5112386,2
1,3330816127,0.964709,5113939,16
1,990994853,0.980772,5115563,17
1,4191064123,1.012616,5116077,1
1,2639075759,0.998534,5117086,8
1,1094857633,0.908940,5118696,17
1,152082239,0.984747,5120177,15
1,322576939,0.954021,5120677,1
1,175793257,0.978779,5122707,23
1,1011439813,0.980772,5125122,25
1,2278122793,1.039268,5125704,2
1,1428218797,0.996576,5127333,17
1,3255960229,0.889939,5129843,27
1,2352391801,0.862070,5131754,21
1,2834635703,0.944247,5135494,47
1,3008438717,0.981270,5136074,2
1,3506463221,0.915364,5137496,14
1,3914267801,1.043488,5139618,24
1,2931596741,0.862070,5140276,3
1,339510533,0.973777,5142475,25
1,1301601967,1.078012,5153404,150
1,4288476683,1.007782,5156652,40
1,56668637,0.957597,5159449,34
1,4155409897,1.054659,5162070,31
1,3775459001,0.988706,5164625,30
1,2317743089,0.846062,5172433,101
1,288397183,1.002925,5175502,24
1,888693317,0.823246,5177016,13
1,229797791,0.977281,5178919,21
1,2597223929,1.008751,5182441,44
1,3617052631,1.035031,5188417,79
1,208496593,1.048157,5190665,26
1,3519726943,1.050483,5192362,18
1,3587725363,0.945280,5194272,21
1,790087747,0.815499,5195064,5
1,735287533,0.934370,5195792,4
1,2467287803,0.844329,5197292,15
1,1041843659,1.048157,5199961,32
1,194115391,1.005842,5200748,5
1,3637317473,1.027455,5201684,7
1,3248777443,0.905711,5203234,16
1,1116025381,0.925971,5205543,27
1,248804551,0.898675,5206047,1
1,441746413,0.977281,5206621,2
1,4293149309,0.994614,5209864,40
1,977999489,0.970261,5212617,33
1,406350013,0.852959,5214032,14
1,471679727,1.055121,5214746,4
1,127803887,1.081178,5216395,17
1,1724001827,0.890488,5216901,1
1,3742466927,1.048157,5218397,15
1,2898295669,0.891584,5225957,95
1,3009369553,0.897588,5228213,22
1,3740351359,0.944764,5233963,73
1,2486900459,0.960652,5234768,5
1,37888051,0.938541,5236650,21
1,357997693,0.954533,5237854,11
1,2721979357,0.961160,5238853,8
1,481996397,0.895954,5240198,13
1,517267351,1.039268,5242246,23
1,2966324429,1.052341,5242762,1
1,1012105463,0.931753,5245441,32
1,4273927739,0.877786,5246038,2
1,214554173,1.012133,5246680,3
1,501407497,0.993141,5249781,38
1,3227161363,0.893772,5251749,22
1,325647181,1.025076,5258396,89
1,701186869,0.955044,5260293,21
1,178360807,0.936979,5261350,9
1,2457081259,1.025552,5263125,19
1,4040979331,0.889391,5263777,3
1,2183431909,0.853531,5268755,65
1,1979801647,0.922801,5269330,2
1,7429211,1.007782,5270388,9
1,2203018667,1.111464,5272529,24
1,2413341731,1.014061,5275320,29
1,1287312617,0.946829,5276276,7
1,419851483,0.931753,5281642,51
1,4206457429,0.952484,5282508,4
1,2149465009,0.956066,5285191,32
1,3967711193,1.039738,5287034,20
1,2533059167,0.877786,5288659,16
1,1128773329,0.969254,5289305,3
1,844570483,0.941657,5291766,29
1,327541243,0.934370,5293406,17
1,3309587033,0.914830,5293908,1
1,349036081,0.977281,5295108,11
1,708169219,0.802827,5296460,13
1,2267266039,1.044891,5297189,4
1,3230339209,0.919621,5298521,13
1,1708145389,1.048623,5300990,29
1,1842501127,1.024123,5304292,41
1,1165453753,0.745429,5305299,8
1,1324502323,0.969758,5306447,10
1,2546587397,0.925971,5307656,11
1,2033616127,1.022214,5312039,56
1,1023853357,1.044423,5315411,42
1,3125686493,1.012616,5318643,40
1,3962250613,0.903552,5321052,28
1,932698883,1.064795,5324028,36
1,3031386811,0.940101,5326145,24
1,4001879153,0.958616,5328267,24
1,686813357,1.014543,5329985,14
1,2671644581,1.086134,5331150,10
1,2746414871,0.944764,5332157,8
1,1258930487,0.882778,5334204,23
1,835817663,1.024123,5335723,13
1,3955030361,0.978779,5338430,32
1,3230809147,1.005357,5339007,2
1,928355531,1.018386,5343288,55
1,4051038769,0.934370,5344225,7
1,1128125573,0.952997,5345082,6
1,462609461,0.964203,5346568,15
1,3134422673,0.978779,5347992,14
1,3673579523,1.020302,5349624,17
1,161033017,0.985738,5351520,21
1,1786619579,1.061581,5356022,58
1,2080500641,1.156250,5356599,2
1,2344516921,0.954533,5357116,1
1,3222997013,1.031250,5359111,22
1,3636971939,0.998534,5364783,75
1,786046721,0.955044,5368453,46
1,2102546209,0.981270,5370082,17
1,1555103857,0.880563,5371908,20
1,2485995241,0.954533,5372844,7
1,1834427677,0.970764,5374484,17
1,346552979,0.936979,5375418,7
1,1075185467,1.040677,5377740,22
1,4184412073,1.025076,5380126,15
1,2143039271,0.977281,5382820,29
1,3775602847,0.977281,5384192,13
1,2256551629,1.048157,5388896,61
1,628695689,1.076198,5390719,20
1,2189940521,0.941657,5393541,34
1,3460632391,0.862070,5395869,27
1,2746606469,1.076652,5396661,5
1,2327663293,0.970764,5398580,21
1,688402447,1.000488,5401102,30
1,1664575169,1.020302,5402099,8
1,1023727361,0.931753,5407003,64
1,994893463,1.090173,5414392,99
1,395227801,0.919090,5416027,17
1,3177988259,0.960652,5419061,37
1,3794228803,1.063419,5419716,3
1,3799077143,1.025552,5422846,38
1,259916351,1.018386,5425459,31
1,3016293013,1.081629,5429503,51
1,3946634203,1.111464,5431498,18
1,1092564659,0.952997,5435468,50
1,931175759,1.071652,5437423,19
1,1531189481,0.995105,5440097,32
1,593913611,0.928078,5440674,2
1,4184214833,1.084785,5442989,27
1,628332871,0.964709,5445531,30
1,2627618473,0.985738,5447442,21
1,546749587,0.904092,5448928,15
1,4153518409,1.086584,5452799,49
1,1112506001,1.025552,5453309,1
1,2911572721,0.954533,5454163,6
1,653918843,0.950945,5457461,41
1,3543487201,0.946313,5459656,25
1,1863371449,0.927551,5460235,2
1,227561987,0.999023,5460943,4
1,3262911329,1.033615,5462006,9
1,2988806053,0.878342,5462798,5
1,3081014809,1.064337,5467926,67
1,1991761381,1.000488,5471865,50
1,2616972713,1.039268,5473080,11
1,1595050907,1.078012,5475763,32
1,495454231,0.956066,5479498,43
1,4186291579,1.055121,5480112,2
1,462303799,0.938541,5483661,30
1,191898719,1.100870,5484690,6
1,3868067591,0.855246,5487286,29
1,1449604381,0.965215,5487878,2
1,3859747849,0.815499,5492506,60
1,617727179,0.838525,5493080,2
1,1135809533,0.957597,5494418,10
1,405539207,0.944764,5496126,18
1,1964204617,0.997066,5498456,27
1,1075170289,0.952484,5503076,60
1,2697046279,0.977281,5504987,21
1,4113688493,0.877786,5510270,69
1,906706789,0.895954,5510997,4
1,3081286469,1.058356,5513812,34
1,1081097669,0.914830,5515367,16
1,2255515553,0.941657,5517688,27
1,71522947,0.888292,5518815,10
1,1890707099,0.950945,5519405,2
1,2438189393,0.802827,5520627,11
1,3848631959,1.137946,5522119,15
1,2352642289,1.070740,5523531,14
1,18339509,1.034559,5524791,12
1,1400959961,1.020780,5527879,38
1,1779725137,0.980274,5528593,4
1,2863494631,0.938541,5530998,28
1,849704173,0.901929,5536732,72
1,1204436447,0.973777,5539163,28
1,257476129,1.035503,5540006,6
1,1744804519,1.136229,5540809,5
1,3886875703,0.907865,5550547,130
1,1802760007,0.962683,5551513,7
1,769983637,0.962175,5552477,5
1,1383431741,0.950945,5554066,16
1,577121411,1.012616,5554714,3
1,2455474397,1.046758,5556894,25
1,3945887689,0.930180,5559514,31
1,291417517,1.046758,5570363,149
1,2022124691,1.040677,5571088,4
1,1862359267,0.956066,5573544,29
1,2881521961,1.012133,5582399,116
1,910050833,0.793036,5583628,11
1,3332742401,1.039268,5588333,44
1,1664653847,0.962683,5591292,35
1,228537677,1.047691,5592849,16
1,3572461031,0.864332,5596954,52
1,2459146369,1.025076,5601717,62
1,4083587873,0.916963,5602992,12
1,2043521629,1.018386,5607014,51
1,190107503,1.097761,5607522,1
1,2092494083,0.927551,5609782,26
1,1333118131,0.981270,5610995,11
1,2280469679,1.048623,5614595,45
1,4065372559,1.086584,5615392,5
1,2458533817,1.024123,5618758,42
1,2648944121,0.990679,5619556,5
1,264629081,0.880563,5620133,2
1,2385528377,1.012133,5622382,26
1,406386413,0.978779,5623168,5
1,1150630147,0.895954,5623881,4
1,2105471077,1.021736,5626155,26
1,307893517,0.848942,5628402,26
1,1974441967,1.007782,5631795,42
1,1824239617,0.913227,5632929,10
1,3619865077,0.957597,5634424,15
1,663725863,0.925443,5636563,20
1,4000188239,1.035503,5637931,13
1,2390341363,0.888841,5638521,2
1,3883409003,0.970764,5641488,36
1,1994417717,0.986233,5643886,28
1,3849350447,0.897044,5648941,66
1,1550152181,1.004385,5650495,15
1,2277938503,0.984747,5658311,103
1,907672349,0.978779,5660236,21
1,4154863463,0.931753,5662009,19
1,1571788441,0.904092,5663506,15
1,587062933,0.962683,5665288,19
1,211993627,1.076198,5669017,47
1,2055228013,1.002438,5671823,34
1,239803961,1.140946,5672407,2
1,2750542813,0.880563,5675376,36
1,2378141629,0.878342,5675900,1
1,1520342363,1.020302,5677126,11
1,3140910467,1.012616,5678896,19
1,505100657,0.984747,5681635,33
1,790481509,0.955044,5682431,5
1,598515793,0.935936,5689207,68
1,3764244697,0.942176,5691719,27
1,899130709,0.878342,5693002,12
1,465774557,1.013098,5693658,3
1,1124870291,1.054659,5696747,38
1,2425527847,0.925971,5699695,36
1,3211413833,1.055584,5703058,42
1,2708359109,0.891584,5704689,17
1,2675408767,1.052341,5705220,1
1,586647037,1.077106,5705943,4
1,3644173373,0.985738,5707896,20
1,3982205489,1.021258,5710604,32
1,2838900917,0.970261,5711181,2
1,332672297,0.969758,5711752,2
1,2985655271,1.035031,5713676,21
1,4017192787,0.862070,5714415,4
1,98928689,0.954533,5715406,8
1,2858505163,0.877786,5716544,10
1,4195432853,0.830333,5719932,42
1,3373535651,1.058356,5720999,9
1,3414511741,0.980772,5722077,9
1,1020759659,1.083884,5722667,2
1,1516568111,1.039268,5724159,15
1,995095831,0.991172,5726078,21
1,351518597,0.870524,5726805,4
1,386043337,0.953509,5729186,28
1,193675187,0.898132,5732569,42
1,4190147531,0.997556,5736929,56
1,2518757999,1.048157,5740568,40
1,4065212653,1.121958,5742249,17
1,714332167,0.919621,5743110,6
1,114392699,1.033615,5746153,35
1,2783344897,0.910550,5748705,30
1,2981886881,1.015985,5750205,15
1,2370707011,0.946313,5754420,54
1,655467583,0.970261,5754926,1
1,3718067279,0.946313,5758022,38
1,1069979089,1.111464,5759935,21
1,1573067357,1.018386,5762471,30
1,713722553,1.012133,5763739,12
1,1080098419,0.961160,5765502,19
1,242547583,1.148198,5766575,9
1,1302619141,0.946313,5775347,119
1,1337774551,1.025552,5775944,2
1,1101151451,1.025552,5780438,58
1,2139851177,0.994614,5781785,13
1,1239091423,0.942176,5783488,18
1,82003049,1.047691,5788026,54
1,1815864991,0.952484,5790234,12
1,398932441,0.884436,5792164,15
1,1953059729,1.063419,5792707,1
1,94096393,0.977281,5797961,69
1,4167593939,1.082983,5798964,8
1,4191385879,1.027455,5800038,9
1,1866049121,1.071652,5800827,5
1,3113345591,1.019823,5801416,2
1,2791965359,0.893772,5804716,41
1,3733910251,1.068458,5806280,16
1,2916266351,1.015985,5807507,11
1,2404641713,0.946313,5808858,13
1,2544114623,1.027455,5810442,16
1,2396839919,0.977281,5812566,24
1,1992881923,0.938541,5813923,13
1,2867759621,1.146496,5817725,48
1,319406201,1.039268,5818220,1
1,1350135299,1.098205,5819153,7
1,2250084013,0.936979,5820435,12
1,2870128843,1.072563,5821936,15
1,948275137,1.004871,5822504,2
1,2026282897,0.961160,5823793,12
1,3045083467,0.965215,5825000,11
1,574955273,0.928604,5829341,56
1,2768736679,0.906789,5832293,36
1,1123756433,0.895954,5835601,41
1,380388457,1.090621,5837008,14
1,662150987,0.841432,5842392,66
1,783155249,0.927551,5845766,42
1,2855871097,1.000488,5847186,14
1,3195073529,0.931753,5853448,80
1,781658123,1.098205,5853964,1
1,3370958009,0.841432,5856924,36
1,1427429671,1.083884,5857710,5
1,1012279183,0.919621,5859550,20
1,1332581167,1.035503,5860421,6
1,973722671,0.954533,5862319,21
1,2654464963,0.982762,5864522,25
1,1076478419,0.910550,5867746,40
1,3020674901,1.006813,5873098,70
1,1532652497,0.933847,5874029,7
1,3012206347,0.911086,5877067,37
1,1553371849,1.078012,5880223,39
1,38319563,0.963190,5883394,39
1,1513966309,1.019344,5887254,49
1,1690460581,1.017906,5890306,33
1,3100164637,0.989693,5893985,31
1,12760463,0.994614,5898088,50
1,2843947577,0.944764,5899021,7
1,2464645487,1.044423,5899535,1
1,381936557,0.852386,5900111,2
1,1630320719,0.880563,5900620,1
1,783990523,0.911086,5904086,43
1,4065670391,0.846639,5905298,11
1,361704227,1.019344,5906708,14
1,1810395049,1.052341,5909320,31
1,1652825831,0.946313,5911242,21
1,3994835333,0.964709,5911899,3
1,2627793001,0.889391,5912961,9
1,2454023431,0.996576,5914239,12
1,4125321353,1.048157,5914890,3
1,250375817,1.005357,5915741,6
1,661261037,0.991172,5917085,13
1,2868826817,0.871645,5924742,103
1,2530225547,0.988212,5926502,19
1,148600651,1.020780,5927147,3
1,819543643,0.963190,5928377,11
1,2470053277,0.975280,5930922,30
1,327292751,1.025552,5933861,36
1,2736230047,0.946829,5937308,43
1,4177997167,0.903011,5938034,4
1,3244782859,0.980274,5938544,1
1,178879537,1.069828,5939179,3
1,496171763,1.031723,5942697,44
1,1582942849,1.025552,5943900,11
1,1123496701,0.962175,5948385,53
1,3867478031,1.140946,5949466,9
1,1842772541,1.068458,5951094,14
1,3099152629,0.922801,5952246,10
1,1687521907,0.954533,5953108,6
1,1366750097,0.897588,5957597,58
1,3707087513,0.870524,5959646,23
1,3082633417,1.053732,5960510,6
1,2303678303,0.952997,5961304,5
1,2497078721,0.973777,5962853,16
1,1349378941,0.922801,5964560,18
1,3294499489,0.955044,5966598,23
1,2908992467,0.903011,5968877,26
1,4258730381,0.970764,5972269,42
1,979478347,1.029829,5973341,9
1,4082308661,1.086584,5977976,60
1,2434025227,0.975280,5979950,22
1,1000125563,0.952484,5980604,3
1,483646589,0.984251,5981187,2
1,2060194819,0.839689,5982596,14
1,1330150733,0.903552,5983110,1
1,2500996447,0.883883,5984890,19
1,3735423773,0.964709,5987295,28
1,805584799,1.054659,5994925,85
1,1583262493,1.029829,5999978,63
1,2819159897,0.922801,6001814,20
1,1883112311,0.934370,6003585,19
1,1041557119,1.000488,6005159,16
1,4078488083,0.962683,6006017,6
1,2443779551,1.140946,6007506,15
1,1186534357,0.873324,6008301,5
1,2608594661,0.962175,6017049,118
1,3564883159,1.019823,6017637,2
1,315520039,0.965215,6018636,8
1,2316241217,1.044423,6022976,56
1,2004228641,0.911622,6023490,1
1,43964051,0.991172,6025319,20
1,2517337769,0.898675,6027016,18
1,195023149,0.960652,6028516,15
1,3381286099,0.981270,6030779,26
1,1419592367,0.903011,6032834,23
1,1135357829,1.004871,6037334,58
1,3422542579,1.067086,6039539,25
1,3842321297,1.072563,6041457,21
1,2912212777,1.095534,6042108,3
1,3045130001,1.012133,6043244,10
1,2187130949,0.981270,6047111,44
1,1215198241,0.985738,6047625,1
1,2720488649,0.941657,6057359,131
1,4203910507,0.960652,6058588,11
1,1055892359,0.999023,6062672,52
1,283714267,1.055584,6064218,16
1,236597903,0.844329,6072621,114
1,194476309,0.981270,6073193,2
1,2396698253,0.877229,6073987,5
1,919021289,0.987223,6074710,4
1,2853589421,0.919621,6077599,35
1,2085452909,0.994614,6078186,2
1,3124876159,0.893772,6078982,5
1,2773809949,0.944764,6079991,8
1,229119283,1.012133,6081121,10
1,1087590659,1.008751,6083014,21
1,2900448671,1.018386,6084015,8
1,3097505797,0.946829,6086059,23
1,2674290497,1.053732,6090848,62
1,2329815619,1.025076,6094619,43
1,4060591943,0.914830,6099506,50
1,1259798201,0.898675,6101871,25
1,3489466303,0.878342,6102402,1
1,3876524461,0.907865,6105217,34
1,727376359,0.940620,6106712,15
1,4101551401,0.888292,6108901,25
1,280019513,1.010685,6110389,15
1,100240631,0.818488,6111242,6
1,2127110113,0.988706,6112958,18
1,3715284751,1.044423,6115706,33
1,3960880579,0.944764,6118120,28
1,2717946191,0.922801,6123814,75
1,2687906743,0.919621,6124673,6
1,1436533073,0.975280,6125467,5
1,2579575591,0.899761,6130727,69
1,2328999331,0.922801,6137388,89
1,3077311907,1.029829,6138945,16
1,4095454373,0.946313,6139737,5
1,2733408059,0.895409,6140401,3
1,515066983,0.996576,6143148,33
1,1945196221,1.064337,6144293,10
1,1205526551,1.012133,6145014,4
1,281893471,0.970261,6145869,6
1,3058199167,0.978779,6148535,27
1,305069293,0.935414,6149125,2
1,943829053,1.048157,6156638,99
1,21537689,0.899761,6161042,57
1,3825664627,0.977281,6162172,10
1,1013549423,0.977281,6162751,2
1,1991369101,1.025552,6163410,3
1,2462646049,0.965215,6166712,41
1,218824763,0.922801,6169363,32
1,1891619729,0.984747,6173530,53
1,2666291,0.954021,6176168,32
1,3965776151,0.944764,6177513,13
1,2015879711,0.932277,6178166,3
1,4073457611,1.040677,6180156,22
1,2490830033,0.981270,6183950,48
1,4034986297,0.914830,6186264,27
1,1625733959,1.042552,6189159,35
1,1288188593,1.007782,6190217,9
1,3244048597,1.093303,6191068,6
1,2062669361,1.010685,6191588,1
1,257727637,0.950945,6192162,2
1,1627279741,1.012616,6193023,6
1,1852565779,1.023646,6200246,80
1,1182031523,0.946313,6201378,6
1,196387237,0.953509,6202632,8
1,507295543,1.055121,6203989,11
1,2077366633,0.970764,6209294,69
1,1270946377,0.970261,6209936,3
1,2762591407,0.975280,6211708,19
1,1179803609,0.921213,6212712,8
1,131787133,0.978779,6213218,1
1,4067972063,1.048157,6214165,7
1,2031000241,0.922801,6214951,5
1,3432442877,1.039268,6217349,28
1,3726166099,0.895954,6219347,22
1,1050388711,1.004871,6219939,2
1,3782759069,0.969758,6224151,54
1,2211670037,0.895409,6224935,5
1,3736851211,0.973777,6227623,32
1,3942883501,0.984747,6228825,11
1,1173901177,0.898132,6229556,4
1,2235505991,0.964709,6230626,9
1,666135607,1.003899,6233226,31
1,2180381981,0.977281,6233883,3
1,1898774957,0.932277,6234528,3
1,2556964429,1.052341,6235806,12
1,4104658157,0.904092,6237851,23
1,1645190369,0.928078,6238930,9
1,1521033253,0.977281,6242013,38
1,2589116461,0.907327,6242867,6
1,3958309661,0.977281,6244911,23
1,3121871899,0.919621,6245643,4
1,2549624683,0.848942,6246928,12
1,3448282829,1.044423,6247927,8
1,1186666127,1.068458,6249066,10
1,184407599,1.020780,6250837,19
1,4264369339,1.063419,6252888,23
1,690990107,0.898675,6256114,36
1,400293709,0.994123,6257484,13
1,2522323087,0.981270,6258972,15
1,2479395577,0.988706,6260467,14
1,2750908063,0.970261,6263395,35
1,893440991,0.954533,6264115,4
1,3622601369,0.990186,6265043,7
1,496322611,0.994123,6265824,5
1,894334583,1.058356,6268850,37
1,1392508657,0.944247,6269793,7
1,1596717701,1.047691,6270310,1
1,3845633567,0.853531,6272028,18
1,3848909431,0.938021,6273101,9
1,312362159,1.039268,6276261,39
1,3856383737,1.025552,6278815,30
1,3086396813,0.942176,6280387,16
1,2456001467,0.908940,6280902,1
1,72122047,0.899761,6281545,3
1,2839708583,0.942176,6282406,6
1,1727999369,0.944764,6283760,13
1,301887007,0.970764,6284621,6
1,2787135349,1.061120,6285835,11
1,2659075963,0.855246,6286928,9
1,3720726553,0.970764,6289738,34
1,1992453109,0.965215,6290743,8
1,2210669203,0.973777,6293494,33
1,64246649,0.946313,6294696,11
1,781272623,0.898132,6295828,10
1,2712899407,0.962683,6296830,8
1,3696750229,1.039738,6301726,45
1,1690986169,0.954533,6304310,25
1,2017406819,1.052341,6307129,33
1,117586423,0.853531,6309098,22
1,2835002549,0.962683,6310727,17
1,903031763,0.984747,6312009,12
1,2846242523,0.906789,6314200,25
1,3669360011,1.004871,6317600,42
1,2647208917,1.004871,6319380,19
1,3392019647,1.118471,6322202,34
1,3697073407,1.093303,6328317,81
1,39586409,0.876115,6333490,68
1,2407083797,0.911622,6335059,16
1,818786393,0.868278,6336335,12
1,406854869,0.997556,6338509,25
1,3558568921,0.841432,6340073,16
1,2054954683,0.923330,6343318,40
1,2628566051,0.952997,6344395,9
1,1961565061,0.888841,6345469,9
1,4182501761,0.952997,6346954,15
1,1800875903,1.081178,6347826,6
1,3719762159,1.013098,6348691,6
1,452677321,0.984747,6349754,9
1,1961169409,0.996576,6351723,22
1,39051841,1.028405,6356479,58
1,3868522727,0.957597,6357362,6
1,2360651159,0.957597,6359758,25
1,1266323099,0.927551,6360436,3
1,1911484429,1.111464,6364655,54
1,1895387707,0.918559,6369378,61
1,2962488073,0.971267,6374023,60
1,784076549,0.904092,6378166,53
1,211271701,1.034559,6384814,89
1,1505117591,0.904092,6388483,46
1,3330607493,0.946829,6390472,22
1,1138790011,0.931753,6392382,21
1,508883069,0.969758,6393097,4
1,2009577209,1.090621,6394732,17
1,3901027709,0.965215,6396505,19
1,3091741343,0.850666,6397920,14
1,1021491407,0.955044,6400685,29
1,3915995927,1.083884,6402419,18
1,3143432603,0.981270,6403994,4
1,3425111821,0.921743,6406342,24
1,575975089,1.020780,6414203,104
1,4021519363,0.919621,6416334,24
1,3404125343,0.961160,6418592,26
1,1349589139,0.910550,6419233,3
1,58088867,1.006813,6423706,58
1,1489032133,1.073928,6428065,56
1,1596150323,1.027455,6431094,37
1,177764681,0.953509,6436210,67
1,2115136307,1.090621,6437425,11
1,767343757,0.973777,6438641,11
1,1597860883,0.969758,6439364,4
1,1077285361,0.946829,6439943,2
1,1338533953,0.864897,6442267,27
1,1499762167,0.911086,6446015,47
1,401292457,0.816098,6447011,8
1,416966339,1.022214,6453678,89
1,2630655373,1.061581,6454191,1
1,1503442363,0.919621,6454987,5
1,168328031,0.920682,6461732,85
1,3826828939,1.064337,6462948,8
1,2032123823,1.047691,6464397,14
1,3694218259,0.910550,6465670,12
1,1107811351,0.970261,6468960,41
1,2197156943,1.013098,6471633,32
1,2532513689,0.927551,6472919,12
1,2860332929,1.055584,6474334,14
1,390289481,0.970261,6475465,10
1,2038797209,0.810695,6477504,23
1,354351181,1.054659,6482760,69
1,2979912737,0.907327,6483547,5
1,2404862297,0.961160,6489197,74
1,1871296969,1.022214,6490199,8
1,27978563,0.868840,6492094,21
1,2139462673,0.960652,6492810,4
1,3288939047,0.993141,6496978,51
1,1881378379,0.984747,6497657,3
1,1294602847,1.033615,6501656,51
1,3649240297,0.904092,6503523,16
1,1395946927,1.033615,6504904,13
1,1303578137,1.036916,6508305,25
1,839496871,0.983258,6509142,3
1,2121155639,0.908940,6510144,8
1,3731926769,0.923859,6511930,19
1,500469623,0.953509,6514403,29
1,3450308977,0.940101,6514912,1
1,2195262847,1.005842,6518778,49
1,2788617893,0.979277,6520489,18
1,3179706317,0.871085,6525188,61
1,3376448717,0.993141,6526879,18
1,3790565539,1.022214,6528923,23
1,2476682011,0.993632,6532451,44
1,2243309503,0.919621,6534715,26
1,2910551323,0.860369,6536842,24
1,3305806703,0.931753,6538197,13
1,1508097191,0.872205,6539340,10
1,1097375509,1.156250,6540131,5
1,3135543473,0.987223,6543498,42
1,294997069,0.977281,6545118,17
1,3302442727,0.889939,6546885,19
1,1309535369,0.952484,6549418,30
1,3158592439,1.012616,6550209,5
1,4077467741,0.911622,6551706,15
1,3722645869,1.033615,6552437,4
1,1546815019,0.977281,6555099,32
1,2667943633,1.012616,6556235,10
1,760097447,0.969758,6556745,1
1,2670841417,1.062959,6557326,2
1,2063933849,1.022214,6558081,1
1,1021675727,1.012133,6560853,30
1,2950245073,0.916963,6561721,6
1,1233416381,0.798558,6562506,5
1,3090471451,0.975280,6564783,24
1,305278819,0.897588,6566270,15
1,899240291,0.957597,6568190,21
1,2462320303,0.827388,6570027,20
1,3479301373,0.931753,6572433,28
1,921741701,0.902471,6573077,3
1,2776807097,1.020302,6578084,65
1,2018302411,0.934370,6578598,1
1,1683848129,1.043488,6579875,12
1,2769511609,0.957597,6583237,42
1,3332242087,0.977281,6585010,19
1,1173921269,1.025552,6585596,2
1,962705453,0.953509,6587738,24
1,1069603069,1.166760,6588322,2
1,4279995787,0.895954,6589259,7
1,985865729,0.988706,6589903,3
1,2645607841,1.027455,6594682,62
1,1603122109,0.946313,6595828,10
1,366693059,1.046758,6598915,38
1,1477147753,0.936979,6600193,12
1,4168960777,0.982762,6607519,94
1,3626216921,0.977281,6609342,8
1,444249803,0.882225,6610554,8
1,4276747087,0.913227,6612588,21
1,3589673261,0.918559,6617169,59
1,4085860411,1.008267,6619975,34
1,3219590867,0.878342,6620501,1
1,888881419,0.963190,6625961,72
1,1208108159,0.848942,6628559,31
1,3141220997,1.054659,6629427,6
1,2974929563,0.899761,6634835,71
1,2998905233,0.919621,6637881,37
1,2353087567,0.981270,6639010,10
1,270296003,0.954021,6640561,16
1,2235908461,0.897588,6645353,62
1,1889917969,0.927551,6647761,28
1,2659171199,0.931753,6649193,14
1,182143441,0.994614,6650396,11
1,2808920579,1.027455,6651479,9
1,626457179,0.870524,6652416,7
1,592971601,1.076198,6653052,3
1,4280516291,1.058356,6655465,28
1,3327200837,0.981270,6656461,8
1,1904467813,0.904092,6659644,39
1,1856610923,1.006328,6660365,4
1,228822317,1.014061,6662826,25
1,511038653,1.136229,6663494,3
1,3744641599,0.997066,6664361,6
1,1270482581,1.054659,6665294,7
1,2391069313,0.954533,6665933,3
1,1580664671,0.938541,6671364,69
1,3812984207,0.899761,6672243,6
1,1297894753,0.942176,6672758,1
1,2067442387,1.029829,6673901,10
1,420351017,0.929655,6674675,5
1,396988523,0.885539,6675318,3
1,1803092927,0.911622,6677577,26
1,3283814323,0.938541,6679831,26
1,1889686717,0.882778,6681592,19
1,150620269,0.904632,6682654,9
1,208608931,1.047691,6684433,19
1,4051461613,1.034559,6685518,9
1,2959483399,0.895409,6686306,5
1,2175790277,0.988706,6689348,37
1,3459258317,0.944764,6690786,14
1,65708381,1.057894,6691282,1
1,286973497,0.960652,6693607,27
1,1590110591,0.884436,6694264,3
1,28187807,1.013098,6695678,14
1,97409509,0.889939,6698834,39
1,3591850351,0.854103,6699975,10
1,647230211,0.975280,6700553,2
1,1899344891,0.957597,6701210,3
1,3741215017,0.919090,6702562,13
1,1094058067,1.053732,6703200,3
1,2508232901,0.920152,6706632,43
1,1173252191,1.018386,6708133,8
1,1943646829,0.898132,6708756,2
1,2897160631,0.952484,6711050,13
1,2173264109,0.974780,6713144,20
1,3762176261,1.044891,6716259,38
1,3667944103,0.880563,6716984,4
1,3722586157,0.980772,6723717,90
1,550652671,1.012616,6725415,18
1,600539179,0.962175,6726195,5
1,255881377,0.871645,6727521,13
1,1089923251,0.927551,6732291,62
1,3684947293,1.010685,6733021,4
1,3500779,1.014061,6734279,12
1,3855535267,0.884436,6735435,10
1,2602042451,0.953509,6739155,47
1,3162895277,0.969254,6740306,10
1,1425492227,0.913227,6742834,30
1,3553870123,0.938021,6743569,4
1,1495164551,0.930180,6747467,49
1,1241882533,0.988706,6750131,32
1,775219411,0.886090,6753995,49
1,4232921317,0.811297,6758501,58
1,1708947623,0.931753,6760763,26
1,3165619817,1.013098,6762328,16
1,4172964967,0.899761,6763436,6
1,652037647,0.914830,6764921,15
1,2718383141,0.965215,6767590,32
1,518965841,0.946313,6770392,32
1,526819087,0.973777,6771683,12
1,2605138339,0.982762,6773582,21
1,1512159997,0.946829,6774236,3
1,1140028931,1.004871,6774888,3
1,2361583921,0.947859,6776992,24
1,2480257991,1.047691,6777517,1
1,1474297829,0.954021,6780308,33
1,3761591591,0.958616,6781095,5
1,438197351,0.867152,6781950,6
1,1293706571,0.910550,6787545,74
1,2168266703,0.950945,6788337,5
1,4093474501,0.944764,6789135,5
1,2943546349,0.944764,6792234,38
1,1160004863,0.885539,6793579,13
1,932441899,0.977281,6794722,10
1,2773551017,1.020302,6795443,4
1,744325889,0.991172,6798739,41
1,742183649,0.919621,6802633,49
1,2274874073,0.928078,6805393,33
1,279283201,1.089725,6806857,15
1,2301649919,0.942176,6807445,2
1,258041429,0.922801,6808513,9
1,612124243,0.968750,6812027,40
1,3826742149,0.964709,6815954,34
1,2416355393,0.993141,6817748,17
1,3401976451,0.964709,6818669,7
1,2647109237,1.052341,6819608,7
1,1699160791,0.946829,6820327,4
1,2636443583,0.998534,6823438,38
1,995792657,0.990679,6824292,6
1,3765629477,1.055584,6827308,37
1,851124763,0.907327,6827815,1
1,196929839,0.925443,6828470,3
1,3226766971,0.803435,6829821,13
1,545985899,0.882225,6831159,13
1,1114135163,0.948889,6831878,4
1,2821535881,0.922801,6834122,26
1,1757595857,0.977281,6835396,12
1,4182612233,1.025076,6836672,12
1,4195974689,0.872205,6841083,57
1,2298426701,1.005357,6843218,24
1,2731252891,0.948374,6843802,2
1,308896703,1.068458,6848025,54
1,406197131,1.002438,6850065,23
1,3061507987,0.950945,6855503,71
1,2230126193,1.012133,6856076,2
1,2336920387,0.993632,6857078,8
1,47483297,0.955044,6860989,50
1,2372508863,0.945280,6862718,18
1,641782543,1.003899,6864061,13
1,2318829371,0.977281,6866998,32
1,1515619219,1.120651,6868355,13
1,4185767057,0.950945,6871152,31
1,3600939119,0.927551,6873428,26
1,1967088169,0.928604,6875413,22
1,2559425053,0.914830,6876417,8
1,3503564189,1.036916,6880565,53
1,3847622407,0.889391,6883323,33
1,718121057,1.043488,6884390,9
1,2383067759,0.955044,6886019,17
1,2717008739,0.922801,6889684,46
1,3817149269,1.055584,6892708,37
1,802970489,1.007782,6895470,33
1,3175843591,0.993141,6896754,12
1,441403223,1.111464,6902435,75
1,3897017087,0.988706,6904064,17
1,3176113951,1.033615,6908774,61
1,3893424421,0.946313,6910268,15
1,1519209151,0.950432,6910860,2
1,2587624771,1.025552,6911365,1
1,2418026857,1.090621,6912977,14
1,2632900607,1.007782,6914017,8
1,1111661503,0.889939,6916675,18
1,2660707949,0.906789,6918795,19
1,919654259,1.004871,6920152,13
1,1761096451,1.007782,6921568,14
1,1814483653,1.074382,6922782,11
1,4147590659,0.970764,6923575,5
1,737997283,0.956066,6925276,18
1,2315037337,0.895409,6930781,72
1,1109196797,1.035503,6931997,11
1,123028457,0.902471,6934749,33
1,291980111,1.061120,6936645,21
1,640850099,1.050483,6939523,35
1,4097537789,0.994614,6941652,24
1,1170748177,1.020780,6942576,7
1,509562413,1.063419,6944420,20
1,825714347,1.000488,6945138,4
1,2244090769,0.893225,6945778,3
1,106899379,1.006328,6948174,28
1,4100590367,1.020780,6949808,17
1,3243728123,0.996576,6951444,17
1,4291265897,1.018386,6957359,78
1,703878187,0.970764,6958570,11
1,2179636513,1.004871,6964611,80
1,5072363,0.920152,6966767,25
1,2704488379,1.027930,6967799,3
1,301343473,1.084785,6969049,10
1,3470402207,0.960652,6972287,40
1,2746739153,0.965215,6974746,26
1,3269850229,1.012616,6976320,16
1,435999791,0.953509,6976829,1
1,1778558059,0.895409,6982428,74
1,3641837267,1.033615,6986498,52
1,491406163,0.936979,6990932,57
1,3385051193,0.963190,6991448,1
1,1316887007,0.973777,6992468,8
1,2896389077,1.086584,6993504,7
1,2457298703,1.002438,6995590,23
1,1935223943,0.880563,6996240,3
1,2684983051,0.975280,6997578,13
1,2874000047,0.855246,6998302,4
1,3596729077,0.963190,6999174,6
1,1569093433,1.007782,6999967,5
1,3432429911,0.981270,7004189,54
1,919418921,1.052341,7005260,9
1,1367112727,0.914830,7005781,1
1,1763127433,1.024123,7006840,9
1,1893678341,1.031250,7010016,39
1,2568296501,1.013098,7010866,6
1,2695593557,0.952484,7014944,48
1,1947516229,0.884436,7016586,17
1,3657790183,0.925443,7021624,50
1,339755363,0.921743,7023357,16
1,3285147119,1.063419,7027227,49
1,443795623,0.965215,7028151,7
1,3244873559,0.895954,7029714,16
1,2001784133,0.921743,7030458,4
1,1637094377,0.839689,7031524,9
1,4189597369,1.004871,7032314,5
1,1144439327,0.977780,7033031,4
1,4020480593,1.012133,7034726,18
1,3729801067,1.005357,7036078,13
1,2240509889,1.063419,7039408,41
1,4177430533,1.048157,7041311,21
1,233999827,0.919621,7045528,54
1,3116713009,0.932277,7046103,2
1,1046616973,1.016466,7047799,18
1,1148864429,0.932277,7048588,5
1,2321466311,0.805862,7050714,24
1,2603419079,0.872205,7052491,19
1,976065653,1.058356,7054116,17
1,4006112941,1.045825,7058049,50
1,65556401,0.950432,7060569,30
1,2808578431,1.054659,7062134,16
1,725052451,0.981270,7065444,41
1,1576202153,0.957597,7066589,10
1,542213593,0.791804,7067583,8
1,527815901,0.980274,7069209,17
1,976784537,1.043488,7071891,27
1,3765200149,0.914830,7073258,13
1,344453563,0.922801,7075035,19
1,2218793009,0.938541,7075937,4
1,862644623,0.991172,7079593,46
1,2571815401,1.050483,7080743,10
1,566527919,0.961160,7083481,33
1,3560080291,0.905711,7085537,23
1,3477476911,1.055121,7087108,16
1,3085016327,0.929655,7088254,10
1,2760878891,1.078012,7088921,3
1,3551142083,0.914830,7091051,24
1,2283934099,0.914830,7092871,20
1,3612811199,1.006328,7096469,45
1,3695765809,0.910550,7097679,11
1,3731979001,0.955044,7098758,9
1,2570181709,1.025552,7099268,1
1,4049229343,1.068458,7100694,14
1,2404059883,0.983258,7105613,64
1,3809865379,0.970261,7107243,17
1,2219366057,1.004871,7108464,11
1,1692020017,0.988706,7110708,26
1,3572652599,0.950945,7113246,30
1,1074750263,0.902471,7113761,1
1,683364863,0.826207,7115876,24
1,2213248607,0.944764,7116873,3
1,2202892231,1.000488,7117893,8
1,3292364093,0.953509,7119397,15
1,3114540853,1.012133,7122852,29
1,2540047399,1.027455,7126221,40
1,845607563,0.853531,7127148,7
1,2918160331,0.994123,7129426,26
1,2131248037,1.037387,7131750,27
1,3487563109,0.914830,7132497,4
1,2350232173,1.055584,7133848,13
1,243791411,0.942176,7135541,18
1,2948897491,0.908940,7136549,8
1,3346770649,0.854103,7139718,39
1,3590681251,0.986728,7142663,36
1,2494966031,0.957597,7143241,2
1,3856785749,0.973777,7143964,4
1,1960079441,0.978779,7145164,11
1,4243585127,0.955044,7146037,6
1,1647805301,0.950945,7146616,2
1,430940099,0.936979,7148313,18
1,2767047487,0.977281,7149249,7
1,2663452109,0.970764,7149766,1
1,3124411891,0.897044,7151482,18
1,3774816053,1.005842,7152973,15
1,2765235617,0.860369,7153545,2
1,4118060839,0.938021,7157763,54
1,266192411,0.965215,7159471,18
1,1804130719,0.982762,7164099,60
1,2546969687,0.910550,7166635,30
1,1647005999,0.973777,7167709,9
1,804538799,1.007782,7168506,5
1,3069767221,1.018386,7169164,3
1,2433596569,0.973777,7172778,41
1,3446033291,1.090621,7173444,3
1,4139773217,1.037387,7177079,43
1,1001117017,0.946829,7178298,11
1,3949672681,0.907327,7179595,12
1,1188880111,0.960652,7180742,10
1,3862119061,1.116723,7188689,107
1,1219200511,0.977281,7189760,9
1,1724996549,0.980274,7191316,16
1,803014559,0.854103,7192259,7
1,2639620751,0.977281,7193895,17
1,2234016647,0.949404,7198733,63
1,2749153601,1.033615,7199387,3
1,2438813471,0.886090,7199971,2
1,4169641363,0.903552,7203156,39
1,18801571,0.981270,7204842,18
1,444147787,1.050483,7205421,2
1,2230835869,1.029354,7206718,12
1,3237975593,0.888841,7209527,34
1,3147728849,0.931753,7210684,10
1,563296919,1.055584,7211406,4
1,3489114997,0.955044,7212348,7
1,2960169517,1.061581,7213496,10
1,828960371,0.938541,7214145,3
1,264363497,1.007782,7215846,18
1,2278647011,1.084785,7219607,43
1,3358966469,0.922801,7220202,2
1,1680412157,0.916963,7224395,40
1,2543577503,0.940101,7225159,2
1,1544171341,0.867715,7225807,3
1,284414051,0.949404,7226456,3
1,225809411,0.934370,7228510,23
1,3233178281,0.991172,7234753,83
1,3139359331,0.988212,7235484,4
1,2284858049,0.895954,7236745,12
1,3682022087,0.897588,7237610,6
1,2363449603,1.063419,7239650,23
1,986041523,0.878342,7241622,22
1,2390181511,0.803435,7248452,91
1,1033965949,0.955044,7251620,39
1,3071255261,1.022214,7254579,36
1,4247625887,0.994123,7255450,6
1,4011026479,0.937500,7256105,3
1,3961655977,0.855246,7257092,8
1,3019932359,1.090621,7259768,32
1,601552111,0.953509,7262721,36
1,3720383503,1.048157,7265616,35
1,4194336527,0.983258,7266268,3
1,3104986429,0.938541,7268186,21
1,851654467,1.144365,7269476,12
1,386401051,0.947859,7273258,48
1,2486860553,0.902471,7274614,11
1,487338889,0.988706,7276581,22
1,411496307,0.888841,7278690,24
1,3361779679,0.942176,7279556,5
1,697941863,1.007782,7280577,8
1,1401814069,0.936979,7281231,3
1,2803772891,0.949404,7282583,13
1,3747088063,0.960652,7285553,36
1,463537853,0.872205,7286612,9
1,3864019771,1.068458,7287328,4
1,3317280529,0.877229,7288952,17
1,50825317,0.916963,7289648,4
1,3501333757,0.994614,7295049,71
1,4176392369,1.020780,7296757,18
1,1023458011,1.085235,7299640,35
1,4169422919,1.029829,7302466,34
1,154887077,1.057433,7303105,3
1,155067709,1.073928,7305146,23
1,507328223,0.898675,7308401,40
1,189825611,1.055584,7309389,8
1,747354401,0.978779,7312565,39
1,2537889671,0.965215,7315466,35
1,2368057103,1.002438,7320614,67
1,3549530251,1.012133,7323481,30
1,1679735063,0.919090,7326742,27
1,3807568781,0.952484,7327574,3
1,2173523711,1.044423,7331389,48
1,296748703,1.020780,7335479,52
1,3841524787,1.024123,7336127,3
1,1825009471,0.914830,7337978,20
1,799836959,0.853531,7340023,23
1,3656532149,0.920152,7340671,3
1,4133372143,0.932277,7341403,4
1,3658431541,0.964709,7342618,11
1,70693583,0.961160,7343256,3
1,2249619991,1.004871,7344824,16
1,87987101,0.982762,7345327,1
1,1639559179,0.938541,7345833,1
1,3390273371,0.818488,7346557,4
1,623422841,0.970261,7347898,13
1,3056353997,1.027455,7348545,3
1,2239234793,0.888841,7352480,50
1,2153852501,0.946313,7354873,28
1,2171101129,0.957597,7357221,27
1,3350366713,0.914830,7359710,29
1,817885427,0.942176,7360226,1
1,2427412171,0.876115,7361158,7
1,4020882647,1.035503,7362096,7
1,497180503,0.941657,7365489,42
1,2568532817,1.094643,7366897,14
1,248181259,0.913227,7368026,10
1,3607497337,1.013098,7368533,1
1,1189151333,0.835024,7369105,2
1,1287444673,0.969758,7370099,8
1,1837987741,1.012616,7372101,22
1,2057473861,1.012133,7378242,71
1,2801725133,0.961160,7379327,7
1,1093205497,1.005357,7381725,28
1,3045928021,0.857526,7382585,6
1,1545801833,0.897588,7384067,15
1,2303477147,0.918559,7386040,21
1,4020054061,0.927551,7386990,7
1,1196608949,0.911086,7387930,7
1,1518361531,1.000488,7389623,18
1,3070828433,0.938541,7390688,9
1,1626554359,1.064337,7391208,1
1,307813501,1.015985,7397456,83
1,705131527,1.047691,7399494,23
1,1334455321,0.960652,7400913,14
1,4100855653,0.902471,7402546,17
1,1091099903,0.935414,7404396,20
1,4023192337,0.934370,7407284,35
1,3287955761,0.898675,7408225,7
1,3430251301,1.061120,7410487,26
1,3654722381,1.031250,7411627,10
1,2441252881,0.973777,7412408,5
1,3443988797,0.974780,7415150,33
1,400081177,0.982762,7420832,75
1,310120067,0.935414,7421612,5
1,4816531,0.903011,7426702,63
1,66479953,1.057433,7430610,35
1,696099473,0.895954,7432567,20
1,2223765611,0.931753,7433789,11
1,3665529463,1.018386,7435559,19
1,1051040077,1.064337,7436424,6
1,296675479,0.886090,7440008,45
1,3450803101,0.846639,7442279,26
1,273045127,0.923330,7445657,42
1,1155567467,1.022214,7448619,36
1,2412114833,0.979277,7450038,14
1,2683847057,1.029829,7450614,2
1,916732057,0.956066,7451472,6
1,4161014087,1.035503,7455059,45
1,774855061,1.047691,7456132,9
1,3094074029,1.018386,7458108,22
1,3760889411,1.035031,7460498,28
1,3520423453,0.952484,7462148,17
1,3287593213,1.061581,7464551,28
1,2997170749,0.970764,7467929,42
1,3301132687,0.997066,7468997,9
1,2003961391,1.031250,7470710,18
1,3179698391,0.938541,7472062,13
1,3852126497,0.942176,7472716,3
1,3407181653,0.970764,7473856,10
1,244141753,0.904092,7474706,6
1,2526118877,0.954533,7475989,12
1,649555729,0.859233,7480561,56
1,1053481301,0.923330,7481238,2
1,1243464743,1.010685,7483224,22
1,1107970837,0.848367,7484492,12
1,2392516487,1.027455,7486975,27
1,1546522409,0.935414,7493820,89
1,1845247967,1.097761,7497588,47
1,63201751,0.887192,7499554,22
1,2086854271,0.977281,7502877,41
1,2679097067,1.012616,7503541,3
1,3943678813,0.938541,7504684,10
1,3052205623,0.984747,7507361,32
1,3501938113,1.073928,7508016,3
1,2832523129,1.061581,7512946,64
1,669652909,1.018386,7513737,5
1,701653991,1.039738,7514525,5
1,1200902539,0.887192,7520549,80
1,3210546973,0.988706,7521065,1
1,4088147801,1.089725,7522839,19
1,3996227357,0.904092,7524201,13
1,465409601,0.988706,7525054,6
1,3683372831,1.058356,7527515,24
1,3592677401,0.970261,7530719,26
1,4075114633,0.910550,7534130,37
1,2041801513,1.095980,7537244,38
1,3072450373,0.965215,7537766,1
1,606274639,1.063419,7540565,34
1,2146708561,0.984747,7543033,29
1,1748679487,0.903552,7544185,10
1,3436913531,0.899761,7545188,8
1,2579478001,0.963190,7546898,18
1,1560343333,0.978779,7547683,5
1,3869975807,1.015985,7550515,34
1,1066629743,0.981270,7551521,8
1,2102498269,1.008751,7552037,1
1,1215813601,0.867152,7554220,25
1,3421362107,0.837360,7556708,29
1,3385057217,1.025552,7558752,23
1,3295280617,0.973777,7559964,11
1,964912259,0.884436,7562773,34
1,2984268823,1.033615,7563348,2
1,2953327079,0.911086,7565406,23
1,3505502639,0.857526,7565993,2
1,4175464211,0.954533,7567421,14
1,1038352123,0.930180,7567945,1
1,2485131767,0.961160,7571187,40
1,2946633493,0.955044,7573303,24
1,1089627151,0.764189,7575294,22
1,2230936709,0.825024,7576226,7
1,3110134177,0.954533,7577499,12
1,1784608349,0.927551,7579069,16
1,723921881,1.047691,7582023,36
1,2818873097,1.090173,7585979,46
1,369724319,1.015985,7591208,66
1,232224757,0.907327,7592991,19
1,701935513,0.950945,7593788,5
1,2518589113,1.035031,7596271,29
1,3442478327,0.923330,7600295,51
1,1360687733,0.886641,7601640,13
1,3729959423,1.067086,7602446,5
1,4031988217,0.936979,7604138,18
1,413337109,0.929655,7604635,1
1,872212723,0.969758,7608093,43
1,92846917,0.978779,7612159,52
1,1329408281,1.078012,7613582,14
1,2020022987,0.954021,7615492,21
1,4077567779,0.997066,7618032,30
1,2357883581,0.996576,7619515,15
1,1146223601,1.070284,7620238,4
1,1465025453,0.965215,7621513,12
1,4112813399,1.018386,7628320,91
1,747726193,0.907327,7631048,28
1,941635699,1.076198,7633408,12
1,3618242231,1.012133,7635865,26
1,3901836529,1.052341,7636381,1
1,1476775231,1.014543,7637588,11
1,1144789229,0.858664,7639638,23
1,909237097,0.928078,7641413,19
1,1387008089,1.047691,7644650,40
1,87018091,1.029829,7646285,17
1,2555760307,0.866589,7648201,21
1,2667768157,0.925443,7652348,53
1,2310835169,1.024123,7655528,39
1,3862703983,0.869402,7656471,7
1,2738993183,1.050483,7658240,19
1,2544955477,0.953509,7660780,30
1,4244331353,0.889939,7665284,58
1,534745669,0.960652,7666287,8
1,487196383,0.871085,7670139,49
1,1243145341,1.043488,7670649,1
1,1709058583,0.886090,7672489,20
1,2112108451,0.933847,7675383,35
1,4069455497,0.960652,7675893,1
1,3968544109,0.988706,7676823,7
1,1503205513,1.006328,7678653,20
1,2308803041,0.950945,7680273,17
1,907237741,1.003899,7681205,7
1,886890929,0.978779,7682685,15
1,134301397,1.085235,7684095,10
1,524523721,1.080274,7687964,49
1,3763644119,0.913227,7691108,36
1,1597562737,0.898132,7692749,17
1,3867747431,0.936979,7693403,3
1,3963125339,0.857526,7695658,26
1,3290523097,1.004871,7696301,3
1,342626689,0.938541,7698760,29
1,1090553857,0.988706,7699801,9
1,1463244833,0.955044,7702619,34
1,927446537,0.965215,7704169,16
1,3643982527,0.973777,7706081,21
1,2758449541,0.884436,7710264,52
1,457630039,0.944247,7712540,26
1,1782774923,0.963190,7713410,6
1,2455953257,1.002925,7716218,34
1,4218016807,0.920152,7717716,15
1,2459545783,0.988706,7719764,23
1,361149671,0.914830,7721661,21
1,3420791443,1.012133,7723718,23
1,27332429,1.055584,7724346,3
1,726812711,0.919090,7729050,61
1,1906251887,1.007782,7731726,27
1,2339873401,0.977281,7736033,41
1,2864805311,0.983258,7736788,2
1,1852080787,0.990186,7738139,13
1,1517433367,0.857526,7740745,31
1,1156275959,0.920152,7742386,17
1,2566330477,0.928604,7748026,74
1,1941953329,0.960652,7748822,5
1,499026389,1.080726,7755269,86
1,1392138031,0.827978,7758657,42
1,4218311863,0.969758,7759678,8
1,705567787,1.081629,7760397,4
1,2528517031,1.008751,7761119,4
1,2119392101,1.018386,7762476,13
1,2736707569,0.897588,7764173,18
1,3510055477,0.861503,7767206,37
1,1091904167,0.921743,7769256,23
1,3084575467,0.852386,7770488,11
1,1320812891,0.843750,7772254,19
1,643083109,0.931753,7772765,1
1,1467887801,0.970261,7774258,15
1,1814277863,0.973777,7775685,14
1,1831353989,1.061120,7776480,5
1,1300463029,1.063419,7778109,17
1,2677208299,1.004871,7779116,8
1,2098159537,1.000488,7779990,6
1,1417990883,0.944764,7781911,21
1,4178610697,0.988706,7783401,15
1,292808707,1.039738,7783971,2
1,3515470181,0.977281,7787605,40
1,4234077973,1.052341,7788221,2
1,910518541,1.006328,7789281,9
1,1587450863,1.002438,7792717,40
1,3363942497,0.928078,7797070,56
1,2302824253,1.033615,7797932,6
1,3824558501,0.857526,7798792,6
1,684056573,1.027455,7800784,22
1,2075372557,0.920152,7802271,15
1,1315977037,1.031250,7805303,37
1,3734021699,0.904092,7806229,7
1,3900617893,1.063419,7807300,9
1,3293891539,0.946313,7807881,2
1,2786116591,0.998534,7809226,13
1,3917249407,1.004871,7809821,2
1,2545940759,0.950432,7812016,25
1,674043703,0.994614,7814068,23
1,3290807561,0.988706,7823739,132
1,719952301,0.934370,7824248,1
1,1864824617,0.935414,7827212,36
1,4183743671,0.952484,7828584,13
1,951657439,0.852959,7829729,10
1,3675291547,1.118907,7830664,7
1,1809466609,1.070284,7831745,9
1,287394739,0.983258,7834780,33
1,4181234357,0.977281,7836079,12
1,2045815273,0.884436,7837819,4
1,2257585573,0.950945,7840321,26
1,691431707,0.938541,7845039,61
1,1337907863,0.857526,7845700,3
1,3134895433,0.962683,7847327,17
1,2066149607,0.889391,7849237,21
1,1412657149,1.093303,7858905,132
1,4194233887,1.109265,7859572,3
1,602865247,1.054196,7861425,20
1,39611779,0.944764,7867177,76
1,281834269,0.952997,7868028,6
1,640519003,0.932277,7869233,11
1,1258828889,0.931753,7870290,9
1,534230101,1.025552,7876397,81
1,2535778099,1.149049,7877538,10
1,2048743003,0.919621,7878894,13
1,2498793643,0.886090,7883385,58
1,567110767,0.917495,7884313,7
1,609103877,0.936979,7885504,11
1,271032847,0.877786,7888989,39
1,1631415059,0.922801,7890507,15
1,769122847,0.886641,7893850,39
1,181473671,1.012133,7896043,25
1,4079995793,0.965215,7896627,2
1,2405616223,0.997556,7899106,29
1,3766974119,1.033615,7901087,22
1,1564949717,1.007782,7902923,20
1,3827337373,1.001951,7904053,10
1,3896832127,0.956066,7906679,31
1,2619580783,0.953509,7908240,16
1,1067071721,0.920152,7909249,8
1,1564574483,0.907865,7911848,31
1,1178565799,1.083884,7913831,22
1,1702243909,0.947859,7915323,15
1,3093404071,0.983258,7916397,9
1,2834514251,0.946313,7917124,4
1,327445399,0.960652,7919934,34
1,764091157,0.973777,7920858,7
1,1552849327,0.988706,7923745,35
1,2550000853,1.046758,7925388,17
1,3919902193,1.035503,7926466,9
1,3254751043,1.069371,7927956,15
1,1646768521,0.862070,7928668,4
1,573310909,0.969758,7929591,7
1,4222300087,0.963190,7934863,69
1,701343767,0.987223,7936054,6
1,1620438863,0.969758,7936664,2
1,1859633669,0.900304,7937460,5
1,3089349509,1.088828,7940558,25
1,2786859433,0.981270,7942774,22
1,3819357613,1.012616,7944387,15
1,23125447,0.984747,7946887,29
1,644133199,1.012616,7948577,18
1,1138604653,0.910550,7949789,11
1,2822995957,1.007782,7950381,2
1,2124476467,0.829745,7951032,3
1,1353045121,1.093303,7952506,15
1,4220309413,0.920682,7956510,51
1,1299350593,0.954533,7959664,39
1,533294143,1.099094,7961782,24
1,1712656487,1.004871,7964943,39
1,1716734653,0.942176,7966012,9
1,877280641,0.913227,7966513,1
1,931447427,0.946313,7967440,7
1,1896487213,1.105296,7968569,10
1,1220698373,0.942176,7970186,17
1,2001594971,0.999023,7971193,8
1,277342363,1.043488,7972252,9
1,3297702269,0.936979,7975297,37
1,3278532781,0.964709,7976294,8
1,1324526239,0.985738,7978769,29
1,254720161,1.033142,7980878,24
1,3894464401,0.889391,7981391,1
1,1098581521,0.941139,7984681,41
1,952152317,1.029829,7985883,11
1,3582532231,0.978779,7989569,46
1,76883717,0.990679,7993992,53
1,228356927,0.988706,7996970,36
1,1679070959,1.044423,7998249,12
1,2412512797,1.054196,7999112,6
1,1878159263,0.981270,8000143,6
1,1495919783,0.990679,8000740,2
1,4230037213,1.033142,8002926,25
1,1767383719,1.054659,8003572,3
1,3448284107,1.034559,8006150,28
1,4007920243,0.946313,8008831,32
1,1936826477,1.050483,8010885,23
1,3855305147,1.033615,8011477,2
1,1022421823,0.919621,8013535,23
1,1369131961,0.922801,8014469,7
1,3952041349,1.097761,8015682,11
1,2123712497,1.110145,8020418,61
1,3195745547,0.954533,8023857,43
1,3470677501,0.903552,8025221,13
1,2305948511,0.952997,8025879,3
1,3794693117,0.983258,8027232,13
1,3458522173,0.982762,8028231,8
1,4217469587,0.914830,8029450,11
1,9928453,0.982762,8030584,10
1,2233870663,1.083884,8031576,8
1,869841463,1.029354,8032925,13
1,4020088993,0.987223,8036455,44
1,1835817707,0.987223,8037467,8
1,3695943983,0.977281,8039872,24
1,899122709,0.895409,8045345,56
1,2435669227,0.975280,8046319,5
1,495927301,0.946313,8047378,9
1,2099740589,1.126301,8048806,14
1,3643131551,1.039268,8049322,1
1,9173609,1.098205,8050017,4
1,3529793219,0.944764,8053387,42
1,1647431479,0.958616,8054470,9
1,1984094317,0.944764,8057203,33
1,2682424189,0.970764,8058209,8
1,129709267,0.971267,8059340,10
1,645548347,0.963190,8061956,31
1,4291916413,1.039738,8063318,13
1,740536249,0.936458,8063898,2
1,2474394701,0.886090,8065171,12
1,1706008487,1.053732,8066527,13
1,2189072299,0.903552,8067319,5
1,3614424239,0.965215,8068193,6
1,2655901351,0.844329,8070328,24
1,717440747,0.940620,8070976,3
1,1112278243,0.969758,8073147,25
1,1742901599,0.848942,8073661,1
1,4164252973,0.944247,8074175,1
1,806405129,0.927551,8078855,61
1,396988783,0.895409,8080134,12
1,1600172897,1.073928,8084986,63
1,1099762193,0.848367,8085489,1
1,1282566787,0.946313,8087111,17
1,874381061,0.908940,8089786,32
1,762281477,1.036916,8091429,17
1,2049052979,0.946829,8092350,7
1,2445266107,0.981270,8094890,23
1,3480839633,0.978779,8095679,4
1,3981022553,1.054659,8096407,4
1,415336763,1.027930,8098802,28
1,1941609437,0.968750,8102275,41
1,181530929,0.934370,8104117,20
1,491480831,1.014061,8106747,31
1,2140381609,0.988706,8108791,23
1,225413963,0.957597,8110272,15
1,2256314321,1.061581,8112892,31
1,1397557801,1.004871,8117246,56
1,1288365581,0.955044,8118179,7
1,1947943939,0.862070,8122604,57
1,1231595863,0.963190,8123669,9
1,71560787,0.931753,8127159,44
1,3866654731,0.938541,8129498,27
1,504763927,1.004871,8133981,58
1,847709099,1.039268,8136243,26
1,1348227227,1.003899,8139340,38
1,3656536319,1.072563,8145976,71
1,1306331581,0.929655,8147240,8
1,3495094531,0.878342,8152203,64
1,3738721109,1.025076,8153838,17
1,681405533,1.025076,8156167,27
1,3834879889,0.818488,8157859,18
1,894298667,1.005357,8159654,19
1,569276627,0.997066,8160582,7
1,3597558127,0.970764,8163963,42
1,3707989843,0.952484,8166358,28
1,4018296853,0.965215,8169664,41
1,4130692037,1.039268,8172856,39
1,1629035567,0.997066,8174546,18
1,3408089689,0.906250,8175537,8
1,4157337179,0.835609,8178016,29
1,2059908223,1.012133,8180005,22
1,2026467127,1.073928,8180526,1
1,361984559,0.923330,8182084,16
1,1085691403,0.876115,8184125,23
1,1457978189,0.932277,8187785,46
1,2550392023,0.944764,8190398,31
1,3035248621,1.136229,8192725,27
1,327591527,0.815499,8194899,25
1,3771641747,0.999023,8199327,54
1,877067507,0.918559,8201800,29
1,2285438443,0.868840,8204244,28
1,3206040239,0.994123,8206660,28
1,1641507799,0.946313,8208294,17
1,3109150309,1.031250,8208879,2
1,84935843,1.008267,8211551,32
1,3463209767,1.073928,8213316,19
1,1856937529,1.113220,8214041,4
1,1056726527,0.878342,8215540,15
1,2307465617,0.952484,8216674,10
1,670926017,1.018386,8217181,1
1,756519233,1.106621,8220956,48
1,249556037,1.086584,8223063,24
1,173406461,0.978779,8224634,16
1,3672168127,0.913227,8226066,14
1,248902123,0.915364,8227139,9
1,50252669,0.948889,8230514,42
1,639277343,0.918559,8231578,9
1,1597923227,0.872205,8235379,48
1,4017153373,0.818488,8236314,7
1,505735403,0.952484,8238281,22
1,291085247,0.925971,8241172,35
1,4198469329,0.952484,8241688,1
1,1461397033,1.012133,8244336,27
1,2443135477,0.854103,8249073,48
1,1383609439,0.922801,8251628,28
1,1092918523,0.975280,8252506,6
1,2748330583,0.835609,8253222,4
1,1083005467,0.895954,8254077,6
1,2282057929,1.039738,8255720,17
1,1316023871,1.070740,8258186,29
1,580740539,0.940620,8258835,3
1,1560267119,1.116723,8259636,5
1,338503603,0.963190,8262109,29
1,1559009813,1.106621,8265336,40
1,1839839461,0.755837,8265851,1
1,2892011861,0.936979,8266568,4
1,140712223,0.969758,8267205,3
1,151374133,1.086584,8267700,1
1,3490837741,1.069828,8268210,1
1,315964553,0.884436,8277726,130
1,646837511,0.914830,8281176,43
1,2062355423,0.786234,8282822,17
1,173191951,0.864897,8283891,9
1,2239822489,0.963190,8285448,16
1,2165587937,1.069371,8287636,25
1,954256547,0.988706,8289122,15
1,2542419757,0.944764,8291528,28
1,871264001,1.083884,8292734,11
1,501981313,1.031250,8293580,6
1,2635679713,0.931753,8294784,11
1,3903646421,0.952484,8295446,3
1,2166929893,0.944764,8297205,19
1,1129906181,0.907327,8298487,8
1,4197295787,0.864897,8300212,18
1,1867859633,0.981270,8300934,4
1,3560750953,1.131060,8302283,13
1,934409549,0.844329,8302803,1
1,606081829,1.024123,8305835,35
1,3798280957,0.960652,8308043,25
1,2211856741,0.942176,8309252,11
1,1044644299,0.969758,8309762,1
1,2967211231,1.034559,8312921,39
1,3590299567,1.070284,8320143,97
1,3215974829,0.927551,8320736,2
1,22974559,0.940101,8322782,23
1,1505936717,1.072563,8323779,8
1,4085706607,0.962175,8325349,16
1,3426122827,0.862070,8326077,4
1,2189643109,0.944764,8327285,11
1,2008038701,0.994614,8328085,5
1,1769382437,0.954021,8329847,19
1,627340589,0.919090,8331193,13
1,2471714257,1.033615,8331843,3
1,2042653021,0.981270,8333963,24
1,2608003297,1.061581,8335728,19
1,3735417457,0.994614,8337993,26
1,1838137811,0.994614,8342082,52
1,3148725743,1.012616,8343936,20
1,669596107,1.073928,8346092,20
1,764183047,1.014061,8347725,17
1,3402834031,0.940101,8352712,50
1,3766752263,0.873883,8353675,5
1,2065130239,0.931753,8356736,37
1,486182911,1.013098,8359066,27
1,982012253,0.963190,8359578,1
1,2489976647,0.997066,8360085,1
1,3667822999,0.938021,8361157,9
1,3770440153,0.829745,8362377,11
1,475843259,0.950432,8365969,45
1,415997107,0.864332,8371002,66
1,2250996757,0.952484,8375352,56
1,3206368663,1.076198,8377428,23
1,408386383,0.962175,8378078,3
1,1209779677,0.897588,8381748,46
1,3600139831,0.988706,8382334,2
1,3589643069,1.017906,8383836,15
1,539554739,0.911622,8384908,9
1,1931931581,0.971267,8387393,29
1,3986646479,0.946313,8389097,18
1,1462769153,0.988706,8391134,23
1,1337219047,0.903552,8392070,7
1,4112958131,0.904092,8394755,32
1,4151107747,0.942176,8395271,1
1,3626499451,0.981270,8396291,8
1,3673251223,0.893772,8397376,9
1,1506937673,0.837360,8398090,4
1,2848769993,0.998534,8399090,8
1,1146919373,0.973777,8401719,27
1,3339419581,0.940620,8402878,10
1,4146594061,0.927551,8404854,22
1,162801767,1.078012,8407253,26
1,692307223,1.035503,8408331,9
1,3429868097,0.946313,8411002,32
1,1325371097,1.019344,8412508,15
1,367745047,0.957597,8413363,6
1,2531709067,0.955044,8414298,7
1,1749968329,1.002925,8415997,18
1,883171691,0.919090,8418115,24
1,2053663067,1.027455,8420508,28
1,1785965309,0.953509,8422927,28
1,857392199,0.977281,8425661,33
1,2281248911,0.942176,8426245,2
1,1817413001,1.054659,8427112,6
1,1442621563,1.090621,8428115,8
1,2146249901,1.016466,8428984,6
1,2239027801,0.997556,8432710,47
1,3395717459,0.908940,8435101,28
1,1369182631,1.007782,8437137,23
1,856597477,0.936979,8439391,26
1,2628283349,0.913227,8441296,21
1,1354972457,0.944764,8444944,46
1,3030777353,0.974780,8445594,3
1,4190592199,0.981270,8447380,19
1,323680769,1.027455,8453354,63
1,3880547947,0.903011,8457065,40
1,2802525197,1.020302,8459543,29
1,2408146969,0.931753,8460474,7
1,1005079687,0.970764,8463708,40
1,3309616781,0.927551,8465833,24
1,332039489,0.991172,8468430,31
1,1096672757,0.950945,8469014,2
1,1966391461,0.985738,8470728,18
1,1106651591,0.910550,8471588,6
1,4264804231,1.008751,8472604,8
1,2076780059,0.952484,8473674,9
1,3006436339,1.037387,8476355,32
1,333941837,1.256623,8478263,21
1,4021769527,0.987223,8479349,9
1,3941059519,1.068458,8480585,11
1,2890590817,0.974780,8481508,7
1,2411104337,1.054659,8484272,33
1,634984681,1.018386,8485546,12
1,145647121,0.975280,8489762,54
1,1627753909,0.954533,8492729,36
1,1136491351,1.100870,8493831,7
1,1774241699,1.120651,8494793,7
1,2225620867,1.144365,8497312,30
1,168593723,1.040677,8497946,3
1,3465269177,0.960652,8499649,18
1,2334130633,1.019344,8501775,24
1,2038604537,1.109705,8502848,9
1,3866870053,1.043488,8504485,17
1,3230626631,1.006328,8505623,10
1,221859283,0.902471,8513415,101
1,1366141333,0.995105,8515132,18
1,1719109489,0.928604,8516065,7
1,3440822603,0.965215,8517209,10
1,14096659,0.897588,8518946,19
1,1630054549,1.047691,8521119,25
1,1447298471,0.993632,8523804,32
1,2977857667,0.928078,8529274,72
1,4068565439,0.888841,8530907,17
1,3769851637,0.942176,8531842,7
1,1523589511,0.895409,8532980,10
1,2318584813,1.022214,8537063,52
1,1555309517,0.984747,8538066,8
1,1711428779,0.928604,8539970,21
1,614215031,1.055584,8542862,35
1,3723176461,1.046758,8543515,3
1,2201601793,0.978779,8546413,35
1,3967138663,0.944764,8551632,64
1,3671876113,0.900304,8552934,12
1,2244050329,0.975280,8555224,11
1,3717845591,0.978779,8557149,16
1,3244564361,0.897588,8559748,31
1,19130623,1.126301,8561087,13
1,3291394069,0.960652,8563275,25
1,3539483513,0.886090,8565473,25
1,2974924973,0.922801,8566749,12
1,764067911,0.956066,8568740,22
1,1576003043,0.955044,8569682,7
1,1520943091,0.997066,8572515,34
1,2178590761,0.984251,8573854,13
1,1678460327,1.042552,8576032,25
1,4186842307,1.007782,8578502,29
1,3166192331,1.048157,8581908,42
1,3248522597,1.031250,8582418,1
1,1293455159,1.067086,8583345,7
1,2995745773,0.904632,8586187,34
1,920603323,0.897044,8587050,6
1,2481059221,0.997556,8587703,3
1,1332087793,1.012133,8588497,5
1,2164420949,1.029354,8590049,16
1,2731900859,1.035503,8591899,20
1,1112197417,0.919621,8592407,1
1,554604013,0.991172,8598351,79
1,785190187,0.965215,8602281,50
1,147688481,0.981270,8604326,23
1,2341773689,0.946313,8614962,140
1,1808977637,0.954533,8615729,4
1,4136059469,1.050483,8618062,27
1,3293902309,0.904092,8618931,6
1,1508319871,0.904092,8619518,2
1,4269184303,1.024123,8623043,44
1,2804616949,1.047691,8625365,27
1,795789611,0.938541,8626666,12
1,2248534049,1.063419,8627165,1
1,4051750193,0.962175,8628584,14
1,4185249769,0.957597,8631624,37
1,2402857549,0.987223,8632551,7
1,499956841,0.946313,8634387,20
1,625522297,0.988706,8636705,27
1,3583041593,1.012616,8638407,18
1,3364905517,0.868840,8639325,7
1,3488625067,0.988706,8642010,32
1,3816889001,1.050483,8644816,34
1,2554915589,0.944247,8645809,8
1,1651587437,1.054196,8648199,28
1,1458194893,1.054659,8649058,6
1,2758895467,0.984747,8649577,1
1,591706051,1.019344,8650294,4
1,3851765851,0.962683,8651996,18
1,2154209027,0.919090,8653937,17
1,1878275591,0.928078,8655166,11
1,2837626397,0.955044,8656611,2
1,1601901887,1.104412,8657950,8
1,1321912253,0.940101,8658902,7
1,3880253171,1.007782,8659433,1
1,823842937,0.950945,8660563,10
1,164204141,0.964709,8662055,15
1,247430501,0.969758,8663131,9
1,3745103261,1.073928,8666404,40
1,3822787901,0.945797,8666990,2
1,157842781,1.116723,8667502,1
1,843526513,1.105296,8668143,3
1,2144576989,1.064795,8668805,3
1,3277066967,1.025076,8669729,7
1,3124345271,1.069371,8676489,90
1,4111921063,0.962175,8682122,74
1,609362527,0.960652,8682972,6
1,3405320117,0.920152,8685017,23
1,2029970837,0.938541,8686929,21
1,3847273453,0.964709,8688279,13
1,4238728591,0.827978,8688806,1
1,3423859669,1.013098,8697278,115
1,2452313879,0.936979,8698790,15
1,3232238279,0.934370,8699363,2
1,3070589293,0.964709,8703090,47
1,2408410447,0.965215,8704934,20
1,2303797103,0.872205,8705583,3
1,1787716913,0.969758,8706995,14
1,966997793,0.994614,8708543,12
1,2344303097,1.048623,8709802,11
1,3009750503,0.938021,8710943,10
1,1726150967,0.904092,8714888,48
1,3377635069,0.944764,8716532,17
1,1514839763,0.906789,8718375,20
1,2278840321,0.994614,8719777,14
1,1222309523,0.927551,8723247,43
1,4189470253,1.086584,8724606,13
1,2311301731,1.118907,8726019,14
1,1883623289,0.871645,8727363,13
1,4129531699,0.962683,8728790,14
1,1965148183,0.995105,8730350,16
1,836223239,0.877229,8731707,13
1,1690433807,1.043488,8733755,23
1,2680821719,0.910550,8734420,3
1,76177721,0.965215,8735605,11
1,1484086609,1.050483,8737654,23
1,3307891693,0.957597,8738798,10
1,3262379641,0.975280,8739316,1
1,3569560543,1.016466,8740040,4
1,86371603,0.997556,8742489,29
1,2632310893,0.997066,8743294,5
1,464780531,0.895954,8744787,15
1,400844417,0.862070,8745433,3
1,2924333317,0.970764,8746709,12
1,3503039327,0.934370,8750502,48
1,3480393431,0.988706,8751306,5
1,3858877709,0.882778,8751812,1
1,3136310413,0.908940,8752531,4
1,1325601031,0.897044,8753459,7
1,2569740241,0.946313,8756558,33
1,4244779139,1.061581,8757511,7
1,1327810111,1.047691,8759966,14
1,1348817567,0.970261,8764211,51
1,3916707097,1.012133,8769750,73
1,1628710861,0.931753,8776339,88
1,3663361147,1.039268,8777495,10
1,1189546669,0.844329,8780032,30
1,3692118329,0.989199,8782843,34
1,3981296281,0.922801,8790133,98
1,627839609,1.040677,8791479,13
1,1819726549,0.855816,8793606,24
1,453853537,0.953509,8796606,37
1,3172696633,1.012616,8799549,36
1,3065821511,0.977281,8804550,65
1,483223061,0.913227,8806874,27
1,1126392791,0.872205,8808653,19
1,2705036767,0.878342,8810928,26
1,4122035017,1.061581,8812991,18
1,2148566737,0.882225,8816718,47
1,382269289,0.889391,8818248,13
1,3146638067,1.097761,8819859,16
1,3055987589,0.914830,8823849,51
1,244084847,0.961160,8825745,21
1,3883413637,1.019344,8826469,4
1,3948667573,1.018386,8827961,15
1,1512887401,0.954533,8828677,4
1,201874901,1.019823,8829175,1
1,4061317087,0.982762,8832829,46
1,951990979,0.942176,8833341,1
1,3269776837,0.848367,8836727,42
1,367448779,0.928078,8839191,29
1,4174957559,0.940101,8841173,22
1,94091281,0.945280,8843126,22
1,3653474459,0.864897,8843925,5
1,531287821,1.018386,8846460,30
1,4196639311,0.950432,8849339,35
1,1900800361,1.002438,8851876,30
1,899757541,1.039268,8855106,40
1,709915993,1.050483,8858715,41
1,3181837837,0.904092,8859532,5
1,4149180751,0.848367,8860478,7
1,3627896137,0.949404,8863266,19
1,1012824601,1.054659,8865061,17
1,2302046819,1.097316,8870364,69
1,4104780683,0.914830,8871802,14
1,2089092823,0.968750,8874894,38
1,3863709217,0.923330,8875473,2
1,462624649,1.003899,8889908,200
1,1612976567,0.974780,8892010,24
1,383647249,1.044423,8892867,6
1,4254164183,0.922801,8893662,5
1,63802283,0.802219,8898907,69
1,1933140043,0.945280,8900808,21
1,529077883,0.969254,8901663,6
1,3744459799,0.965215,8902881,11
1,333801119,0.985738,8904225,13
1,103344113,1.032197,8908488,55
1,542937929,1.067086,8909695,11
1,3667012411,1.000488,8910556,6
1,1414869347,0.853531,8911620,9
1,824715559,1.046758,8914563,31
1,715991209,0.952484,8918235,46
1,327339659,0.991172,8918946,4
1,62981489,0.979277,8920703,17
1,2433528401,0.852386,8921495,5
1,1012115431,1.083884,8924037,30
1,47288903,1.035503,8928226,54
1,485830459,0.997066,8930415,25
1,4156874669,1.018386,8932973,30
1,10547659,1.031250,8933667,4
1,1603367803,1.018386,8935790,24
1,731808317,0.878342,8937202,14
1,2924072077,1.033615,8939245,23
1,1800635033,0.965215,8946174,93
1,250857319,0.970764,8949617,43
1,3172817497,1.029829,8954389,62
1,416275511,1.118907,8957764,42
1,2426306153,0.935414,8958277,1
1,3658717763,1.044423,8970538,150
1,3496131259,0.899761,8972454,18
1,2158015987,0.985738,8973309,6
1,3633395219,1.064337,8975771,29
1,728128627,0.889939,8976498,4
1,2704406647,1.007782,8977575,9
1,3552110147,1.106621,8979271,18
1,482396741,1.040677,8980193,7
1,630208177,0.956066,8981465,12
1,1002306853,1.094196,8982054,2
1,1913412569,0.899761,8983266,11
1,708098389,1.036916,8984268,8
1,3500154793,0.911622,8985972,18
1,2825955409,0.911622,8988631,32
1,2338674517,0.988706,8989497,6
1,3145868827,1.066628,8991334,20
1,3277991557,0.978779,8992049,4
1,91940521,1.098205,8992759,4
1,2284049219,0.932277,8997300,58
1,3958979131,0.922801,8999734,28
1,305998397,0.986233,9009538,134
1,769246553,0.973777,9010812,12
1,814178999,0.929655,9015317,54
1,2083382999,0.916963,9017108,19
1,1276328219,1.106621,9017894,5
1,891732031,1.018386,9021488,42
1,430000453,0.952997,9022273,5
1,3153538481,0.935414,9023145,6
1,3170403583,0.913227,9025409,26
1,738964571,1.087033,9027237,20
1,3965292167,1.086584,9031445,54
1,1947670453,1.014061,9032234,5
1,3637304123,1.040677,9034003,19
1,2566383031,1.024123,9040740,90
1,3378955831,0.919621,9041810,9
1,1891010717,0.822059,9042874,9
1,2710229377,0.922801,9045752,35
1,3545810383,0.848942,9047528,19
1,1676910743,0.928078,9048396,6
1,141345989,0.913227,9051259,35
1,3384212317,0.880563,9052971,18
1,1309479011,1.046758,9055981,37
1,1638380371,0.944764,9061041,66
1,2538287749,0.927551,9063869,30
1,1310101103,0.903552,9068652,47
1,3492868583,1.106621,9069616,5
1,2889054589,1.006328,9071747,24
1,264702457,0.942176,9076023,55
1,3060471419,1.025076,9078299,26
1,3383715701,0.835024,9082275,50
1,3779544113,0.992649,9083757,15
1,2886181393,0.918559,9084953,11
1,233660759,0.970764,9085667,4
1,2299991413,0.941139,9089816,53
1,3934867501,0.872205,9090600,5
1,3285920527,0.751301,9092659,23
1,4129700023,0.975280,9094007,13
1,3113471021,0.952484,9094800,5
1,925623067,1.120651,9096995,25
1,4225731431,0.903011,9098013,8
1,872487337,0.962175,9100956,36
1,598566637,0.998534,9102165,11
1,1958511871,0.908403,9103454,12
1,753061093,0.904632,9104941,15
1,644334637,1.021258,9109072,53
1,832417709,1.113658,9111910,34
1,2519652593,1.154137,9112570,3
1,1075103303,0.988706,9113140,2
1,3758194073,1.000488,9113924,5
1,1045420063,1.025552,9116249,27
1,1375089637,0.950945,9117412,7
1,1260810997,0.929655,9119501,18
1,1606088837,0.973777,9121487,21
1,2559763649,0.893772,9123126,17
1,2080080817,0.950945,9124059,7
1,662348213,0.944764,9125202,10
1,3447789659,1.017906,9126032,3
1,2139046697,0.947859,9127610,16
1,361016213,1.027455,9129668,23
1,2009635583,1.020302,9130885,11
1,2862160229,0.935414,9132306,14
1,3255342949,1.161727,9133229,7
1,1503286879,0.975280,9134300,9
1,4251496261,0.932277,9140411,81
1,3942777701,0.919621,9141123,4
1,1571263717,0.981270,9141915,5
1,1868381279,0.934370,9147552,74
1,162540097,0.867715,9148544,8
1,1270345709,1.004871,9152144,45
1,1329517481,0.895954,9154129,22
1,4096757503,0.911086,9155208,9
1,4083170321,0.897588,9159026,48
1,2140249439,0.973777,9160393,13
1,1043705081,1.000488,9161322,7
1,603260737,0.981270,9162173,6
1,239993833,0.867152,9164777,26
1,710492449,0.820275,9167110,27
1,3876075347,0.877229,9174239,80
1,1924621331,0.960652,9176417,22
1,1676252741,0.952484,9180641,54
1,2217430889,0.962175,9181215,2
1,222229727,0.944764,9185019,48
1,2932964477,0.996576,9187694,32
1,80830159,0.969758,9189116,14
1,1511553271,0.907865,9190332,11
1,3609337493,0.888841,9191259,7
1,2838145543,0.946313,9192417,10
1,1996932277,0.994123,9194040,17
1,3859266479,1.035503,9194837,5
1,1850508977,0.944247,9195830,8
1,604015469,0.885539,9197580,19
1,1883886079,0.947859,9202759,68
1,1126198691,0.902471,9203550,5
1,2473916359,0.935414,9205115,16
1,3390299023,1.058356,9206744,17
1,402922693,0.993141,9211203,58
1,3199142267,0.843171,9212554,13
1,4127495023,1.033615,9213847,12
1,2268283933,0.991172,9217087,40
1,705290123,0.839689,9218998,21
1,2880952351,0.850092,9219523,1
1,863212291,0.997556,9220169,3
1,2619893519,0.891584,9224231,48
1,3417904613,1.055584,9226005,19
1,2507557609,0.923330,9229328,39
1,3190492583,1.042552,9232009,32
1,3556215851,0.910550,9236716,61
1,2567209399,0.911622,9239726,37
1,2509936069,0.993141,9241286,16
1,1642769413,0.970764,9242015,4
1,1532132551,1.047691,9243226,11
1,1262195191,0.907327,9246039,34
1,1605551197,0.999023,9247528,15
1,2908548403,1.005357,9248046,1
1,2333019851,0.960652,9248765,4
1,3546991967,1.002925,9249353,2
1,519731209,1.020302,9250703,13
1,3801426977,0.844329,9255052,56
1,3961997843,1.055584,9256959,21
1,1780290583,0.940620,9258584,17
1,4144404533,0.977281,9261252,32
1,338754083,0.911622,9262317,9
1,1049122507,0.981270,9263033,4
1,730429831,0.906250,9268472,67
1,781271893,1.040677,9269916,14
1,1259612131,0.950945,9272949,23
1,1797264019,1.111903,9277275,53
1,2536409737,0.984747,9278075,5
1,4125300983,0.981270,9280645,30
1,301819403,0.997556,9281289,3
1,326849671,0.961160,9282079,5
1,1199875903,1.039268,9283653,16
1,2745861973,0.928078,9284511,6
1,4289538949,1.007782,9286081,16
1,3782452711,0.804043,9286602,1
1,3381922057,1.039268,9288840,26
1,456158629,0.946829,9289421,2
1,4226326367,1.111464,9293727,55
1,4007888219,1.035031,9297884,53
1,3086531869,0.961160,9303999,81
1,2713911173,1.007782,9305918,21
1,4145806877,0.961160,9307070,10
1,2089249181,1.010685,9307940,6
1,1853288219,0.880563,9308469,1
1,97916909,0.858664,9308973,1
1,3908893831,1.035031,9312565,45
1,468689747,1.057894,9317833,69
1,1410880763,1.083884,9318552,4
1,765840079,0.911086,9321851,41
1,2793896849,0.904092,9322791,7
1,1272641633,1.163407,9323579,5
1,1559210621,0.995105,9331346,97
1,1390924021,0.880563,9332106,4
1,2865331409,1.018386,9333874,19
1,68636563,0.962683,9335776,21
1,1480989463,1.018386,9338238,29
1,16728007,1.089725,9339161,7
1,3832414787,0.938541,9340647,15
1,1232033987,0.877786,9341445,5
1,386602819,0.862070,9342226,5
1,2734082023,0.922801,9342816,2
1,701875949,0.950945,9344929,24
1,1869112013,0.957597,9346783,20
1,2860183993,0.982762,9350907,52
1,286022479,0.893772,9355932,66
1,58703699,0.940101,9357707,19
1,2355223711,0.867152,9360522,34
1,2299672351,0.895954,9362353,20
1,3268069039,0.906789,9363300,7
1,1427180501,1.022214,9363956,3
1,2703493249,0.977281,9366326,28
1,3635112913,0.936979,9367056,4
1,1048684009,0.893772,9370515,39
1,2061149551,0.911622,9373559,24
1,3360584503,0.988706,9374354,1
1,427315013,1.013098,9375786,14
1,676941269,1.040677,9377273,15
1,2522909993,0.944764,9377781,1
1,2348366773,0.928604,9381722,50
1,3790359403,0.886090,9382307,2
1,3152549909,0.953509,9383097,5
1,2600851763,0.962175,9383679,2
1,3802380173,0.946313,9384263,2
1,42738907,0.988706,9387203,36
1,455339597,0.935414,9388894,18
1,1871250827,1.035031,9390944,23
1,1649168971,0.940101,9393958,37
1,2267461481,0.988706,9397489,44
1,3225676019,0.981270,9400859,42
1,646539779,0.872205,9406258,71
1,4142921953,0.963190,9408956,32
1,3554105917,0.923330,9410519,16
1,3445370407,1.040677,9421459,150
1,3154960183,0.942176,9422673,11
1,2666044643,0.966732,9425364,28
1,3837761801,0.938541,9427302,21
1,3959800699,0.962175,9428719,14
1,3394409549,0.965215,9429785,6
1,2872295077,0.965215,9432684,35
1,1447998653,0.950945,9433546,6
1,655415207,0.944764,9435947,28
1,3172750927,0.931753,9437245,12
1,1324556339,0.991172,9439153,21
1,4291476253,0.973777,9440588,14
1,46236119,1.055121,9441442,6
1,1277536399,1.067086,9442584,10
1,3814194779,0.968750,9443664,9
1,412083523,0.997066,9445565,21
1,2228140693,0.932277,9446432,6
1,4008613253,1.002438,9447721,12
1,3546771001,1.004871,9449071,13
