agent_id,prime,g,timestamp_us,checked_since
0,3566865061,1.040677,0,15
0,2126285449,0.956066,1408,10
0,3645248291,1.107944,2122,4
0,62732903,1.035974,5151,37
0,18292409,0.877229,12070,93
0,3834532729,0.950432,13912,20
0,2242115663,0.853531,18040,53
0,676740287,1.101313,25044,94
0,1309314089,1.031723,28202,39
0,143170697,0.973777,33525,59
0,1238164061,1.035974,35510,20
0,1759818091,0.995105,37992,29
0,2651005321,0.946829,40538,18
0,4053495529,1.035974,43155,29
0,1636180859,1.066628,43880,4
0,3612105961,1.068458,44392,1
0,2558372429,0.884436,46950,30
0,3646073513,0.824432,48577,17
0,1641374291,0.824432,49573,8
0,2008481459,0.846639,50793,11
0,1555877669,0.940101,51878,9
0,1176637783,0.913227,54200,27
0,3037648013,0.974279,55898,18
0,1036852217,1.125868,57808,21
0,2236440251,0.836777,58816,8
0,385735411,0.932277,61154,27
0,2238032161,1.091963,61872,4
0,782472827,0.843750,63219,13
0,2229869377,1.066170,63865,3
0,1881049237,0.950945,66245,28
0,3111018731,0.849517,67802,16
0,2441763281,0.947859,68876,9
0,4165825739,1.095980,69391,1
0,3704093761,0.919621,72838,43
0,4002990209,0.919621,73547,4
0,3281219621,0.946829,77470,50
0,2027413939,0.919621,79170,18
0,2909218073,0.855246,82598,43
0,401356819,0.783746,86041,43
0,2941714681,0.829745,90335,49
0,2910176257,0.940101,93834,42
0,1965340841,0.849517,94354,1
0,1982279513,1.043488,95362,8
0,2790481489,0.836193,97402,22
0,1535767741,0.939581,98431,8
0,2234282207,1.097316,99573,10
0,1570095269,0.969254,100151,2
0,2048142749,0.891036,100659,1
0,4126565453,1.101313,101592,7
0,1978301041,0.860369,102880,12
0,1339355737,0.880563,104030,10
0,831140837,0.928078,105030,8
0,2675584133,0.913227,106169,10
0,1366308763,0.849517,108100,21
0,2694811657,1.000488,109647,16
0,2922208039,0.908403,110718,9
0,3151808701,0.758416,112564,20
0,357151841,0.880008,113278,4
0,2861827369,1.009235,117344,52
0,2316151841,0.954021,118677,13
0,65511881,1.050483,120508,20
0,2837227013,1.035974,121522,8
0,3427981871,0.942176,122181,3
0,2358138511,0.817891,124017,20
0,413960843,0.959126,128983,65
0,697907731,0.932801,131941,36
0,1267163213,0.824432,133767,20
0,3003399221,1.048157,137550,48
0,959864039,0.978779,138994,11
0,4186174871,0.843171,143263,39
0,233705489,1.079370,144681,12
0,2324520943,0.783123,145269,2
0,3213102401,0.849517,147717,29
0,1958487823,1.004871,149635,21
0,1823138143,0.824432,150429,5
0,3372315409,0.978779,152464,23
0,1150916183,0.904092,153884,14
0,2440694939,1.013098,155992,24
0,2983513937,0.688210,157574,16
0,2741674489,1.120651,158988,14
0,2823780997,0.818488,160123,10
0,3982599427,0.851240,161258,10
0,1803414401,0.805862,165358,52
0,364977329,0.920152,168878,44
0,1846163017,1.035503,169662,5
0,513672463,1.139661,174279,60
0,2189085443,1.078012,175343,9
0,3620102821,1.027930,176489,10
0,3647395027,1.132786,177282,5
0,3311397403,0.753248,178224,7
0,2980154257,0.920152,180683,29
0,1301645959,0.914830,183139,29
0,2030183929,0.916963,188751,74
0,1171903169,0.940101,190309,16
0,703706651,1.142229,191516,11
0,749909903,1.024123,193743,22
0,61844143,0.978779,194892,9
0,1711792867,0.849517,196247,13
0,940226393,0.946313,197445,11
0,1716431351,0.813101,200275,32
0,1994889851,0.880563,201929,17
0,2292736309,0.789333,202502,2
0,1785665443,1.040677,203934,14
0,2066062967,1.000976,205864,21
0,3123176893,0.729539,206956,9
0,1531017713,0.884436,209626,32
0,3552778261,0.973777,211105,15
0,2527522211,1.037387,212964,20
0,1296464627,0.937500,213688,4
0,4272156989,0.913227,215748,23
0,40064327,0.977281,219037,41
0,2920215923,1.033615,223070,51
0,2539667821,0.940101,224281,11
0,2847480973,0.969254,225625,13
0,2432008427,0.986728,227951,27
0,332148511,1.161727,234035,81
0,2999660101,0.911622,238314,55
0,2247885637,1.038798,239802,15
0,3292957333,0.981270,241159,9
0,2037803281,1.078012,241765,2
0,2658573011,0.797334,243264,15
0,4072643767,0.813101,245190,8
0,4035256031,0.977780,249448,53
0,3174420929,0.985738,250245,5
0,497601787,0.871645,251112,6
0,1609879409,0.911086,251770,3
0,1595825449,0.814900,252767,8
0,2053712369,0.975280,256071,41
0,1696501843,0.864897,257620,16
0,3947689883,0.941657,259193,16
0,1848131023,0.813101,259778,2
0,2296760239,0.952484,262734,36
0,4152006361,0.875558,266273,44
0,158581673,0.945280,266981,4
0,4203367579,0.853531,267563,2
0,3246018059,0.967237,268141,2
0,2951938139,0.956577,269704,16
0,3417127627,0.935936,270228,1
0,2879499599,0.908403,271592,13
0,1837071367,1.105296,277458,76
0,4073960227,1.025552,278461,8
0,1222210127,1.260115,279182,4
0,2198438729,0.863202,284776,74
0,1849349941,0.897044,286065,12
0,2166991193,0.978280,286568,1
0,1973287639,0.879453,287161,2
0,233731733,0.977281,290948,48
0,3651362971,0.942694,291883,7
0,1359704729,0.947859,292529,3
0,3002013829,1.014061,297691,63
0,3219707539,0.981767,298248,1
0,1288249231,0.758416,299179,7
0,4070327827,0.942694,305744,85
0,352661119,0.950945,307046,12
0,1865595331,1.091963,314082,94
0,1444407997,1.016466,315171,9
0,911012471,0.814900,316379,11
0,1674300371,0.849517,320101,47
0,241806703,0.911622,326606,87
0,2632947649,0.971267,327191,2
0,2614927519,1.035974,329889,32
0,3776429231,0.968750,331379,15
0,3422130461,1.132354,335515,53
0,3024862943,0.720107,336669,10
0,2332390699,1.069828,337179,1
0,439255643,0.872205,339652,29
0,141024901,0.889391,342120,29
0,2279548291,0.932277,343838,14
0,3645341407,1.231504,348126,42
0,2508596179,0.811297,349686,14
0,3882534671,1.076198,352162,29
0,3400223549,1.189554,354357,25
0,4046837351,1.244519,356904,30
0,4229567087,1.032197,358046,10
0,3111516977,0.760987,358563,1
0,3543696329,1.059739,362627,52
0,3131007337,0.875558,363849,11
0,1310366093,0.640434,364496,3
0,339631001,1.047225,365557,9
0,2773138721,0.820275,367878,27
0,2800744097,0.851240,369236,13
0,3673402357,1.160044,374158,64
0,1698821897,1.099094,376341,25
0,945096517,1.177176,377406,9
0,2844701929,0.954021,382463,66
0,594908983,0.969254,384788,27
0,1805373457,0.721462,386339,16
0,1979510927,0.906789,388246,21
0,3538274767,0.791187,389883,17
0,541831193,1.000488,390523,3
0,2805911707,0.885539,391325,5
0,2178605269,1.004871,392598,12
0,3745091569,0.720107,393324,4
0,76230169,0.760345,393962,3
0,1189652423,1.008267,395168,11
0,4294641937,0.911622,395683,1
0,2627036983,1.047691,398384,28
0,3428233801,0.987223,400235,20
0,1429014107,1.069828,403014,31
0,3362209729,1.003899,403608,2
0,3814207249,1.104854,408310,61
0,4051650023,1.000488,408836,1
0,166040783,0.797334,409339,1
0,1110017009,1.062959,409849,1
0,342177809,0.919621,411879,23
0,1416088507,0.852959,413584,18
0,735473987,1.012133,414509,7
0,236824667,0.827388,415782,12
0,745498891,1.003899,416568,5
0,1159506427,1.071652,417081,1
0,3491390101,0.884436,418434,13
0,2423309981,0.977281,419435,8
0,1792010683,0.815499,423391,50
0,1565774281,1.137517,425229,20
0,4246145129,0.969254,426436,11
0,3514924489,0.817294,429950,44
0,1865260337,0.908940,430956,8
0,1296679,0.911622,431502,2
0,2107785707,0.986728,434396,35
0,404254327,0.940101,435455,9
0,1087321217,0.823246,435956,1
0,1287534371,0.797334,442324,85
0,1178176507,0.969758,443610,12
0,3172818611,0.827978,444199,2
0,3416907173,0.946829,444861,3
0,1513164937,0.855246,445758,2
0,1206940991,0.858096,447816,23
0,3430375939,0.815499,449229,2
0,672689411,0.699470,451402,18
0,808365359,0.854103,452275,5
0,4125143413,0.975280,452866,2
0,2450574097,1.061581,454260,13
0,1452250577,0.841432,458491,54
0,368026097,0.980772,459416,7
0,1589601191,0.973777,461536,24
0,2405026823,1.228725,462609,9
0,3766934707,0.942694,466879,55
0,610018273,0.925971,467448,2
0,3938980711,0.938541,470535,37
0,3065150437,0.915364,471843,12
0,539254549,0.752600,474805,36
0,3930549517,1.161727,476996,25
0,3179209907,0.910550,478213,11
0,2232747911,0.753248,479625,14
0,479689669,0.892679,480482,6
0,2510531327,0.970764,481071,2
0,186945023,1.043488,483253,25
0,750710789,0.793652,485791,30
0,2864919007,0.814900,487008,11
0,1760230807,1.050483,488152,10
0,489653501,0.884436,488731,2
0,1501457851,0.787475,492287,44
0,1971739943,1.012133,494264,22
0,2801170331,0.916963,496389,24
0,3030052387,1.050483,497249,6
0,1877553803,0.921743,498251,8
0,4078051343,1.157938,499172,7
0,3586557547,0.814900,502347,33
0,1474642889,0.945280,503879,15
0,1387776899,1.099538,504889,8
0,1503267047,1.105296,506240,13
0,4144744861,0.872205,507971,16
0,2664953023,1.012133,508654,3
0,1584814051,1.000976,509590,7
0,1270849721,0.913227,512329,33
0,1555760407,1.113658,513265,7
0,4290748591,1.009718,517009,47
0,2603913019,0.866589,518638,17
0,1776296801,1.012133,520114,15
0,1824014911,0.942694,521180,9
0,3493877087,0.970764,522173,8
0,3834495787,0.919621,523325,10
0,382967677,0.882225,526137,34
0,3278315203,0.946829,527762,17
0,4092071231,0.891036,529742,22
0,562265047,0.944247,530327,2
0,2070349579,0.942694,531263,7
0,1852991431,0.750651,535604,56
0,2990820037,0.813701,537014,14
0,994769351,0.889391,537668,3
0,2335497407,1.128467,543044,70
0,4133961703,0.938541,544784,18
0,2416062161,0.659219,549550,57
0,536519161,0.940101,550093,1
0,1872051691,0.858096,551737,4
0,3659880407,0.797334,554428,27
0,3915683581,1.132354,555617,9
0,2419226989,0.939581,557320,18
0,1319271319,0.822059,558747,14
0,132399907,1.008267,562815,52
0,3889776329,0.884988,563830,8
0,845797969,0.758416,564974,10
0,3603975671,1.126735,569190,54
0,2244422497,1.000488,570676,15
0,782348531,1.003899,572367,18
0,3742517543,0.964203,575181,34
0,2043725317,0.846639,576044,6
0,2416305097,0.945797,576834,5
0,2134818107,1.003899,577983,10
0,2747065747,1.003899,578498,1
0,3152487749,0.952484,580612,24
0,3870305213,1.085235,581481,6
0,2586773447,0.880563,583522,23
0,585757,1.024123,583937,1
0,2925684199,1.035974,586701,33
0,3209730397,0.938021,588057,13
0,177326339,0.916963,589878,20
0,950793707,0.906789,591097,11
0,3015482681,1.035031,591681,2
0,1165675109,1.048157,593998,27
0,771015071,0.842012,594718,4
0,3675750521,1.194470,595440,4
0,3046370969,0.546652,597214,19
0,3425415043,1.066628,598076,6
0,2930522599,0.904092,598661,2
0,2719334417,1.009235,599860,11
0,2000487023,1.233485,602388,30
0,3769381379,1.162987,603446,9
0,4196726797,0.995105,610712,92
0,66679013,1.070284,612770,20
0,2390564567,1.068458,616174,42
0,476220179,0.942176,616744,2
0,201663821,1.000488,618282,16
0,2434396343,0.969758,630666,171
0,3309089477,1.040677,633129,29
0,3674025529,1.004385,634550,14
0,3059166469,0.817891,635693,10
0,212521073,0.880563,637747,23
0,3170373373,0.797334,639168,14
0,1429007263,1.010685,639901,4
0,1019770889,0.750000,641513,17
0,1948494577,0.914830,642441,7
0,3510263023,0.889391,645412,36
0,4152943901,0.876115,646342,7
0,4080981731,1.171354,647141,5
0,1331509027,0.937500,648016,6
0,2805839017,0.936979,649307,12
0,1573790549,0.913227,650521,6
0,3542045849,1.071652,652953,28
0,306599509,0.817294,657479,41
0,221258771,1.085235,658516,7
0,2780265157,0.778746,659810,12
0,4292355127,1.207884,665563,76
0,3702274123,1.055584,673132,102
0,3184853653,0.971267,673641,1
0,1090006243,1.070284,675691,23
0,1463871859,0.858096,676620,7
0,898778879,1.043488,680970,56
0,3879481219,0.756482,682387,14
0,4002972691,0.999023,684854,29
0,2854531681,0.855246,686613,19
0,876671129,0.855246,690893,55
0,1570571731,0.797334,692900,22
0,733485527,1.061581,693758,6
0,3015580159,1.098205,694280,1
0,3056436557,1.136229,695420,10
0,1256587301,0.853531,698641,40
0,3663745639,1.014061,699288,3
0,916253243,0.705032,703730,57
0,1146455039,0.913227,704389,3
0,1687849873,1.008267,704899,1
0,3932901683,0.978779,708703,43
0,3030184561,1.194470,709248,1
0,3361477381,1.000488,710662,14
0,2027066317,1.238620,712280,14
0,3853862273,1.084785,712797,1
0,188640241,1.064337,713797,8
0,3580251803,0.818488,714804,8
0,2446864087,1.066628,715393,2
0,1495949597,0.937500,716594,11
0,2171092309,0.906250,718370,19
0,3130850557,0.718750,721330,36
0,1527372403,1.156672,722467,10
0,2044645459,0.884988,725485,37
0,75066931,0.877229,726403,7
0,1080586217,0.756482,726978,2
0,3859995157,0.942694,727625,3
0,3581270999,0.984747,728982,13
0,2834599813,1.008267,730188,11
0,4100078627,0.906789,730697,1
0,1271445403,1.085235,734353,46
0,2898801383,0.820275,735913,16
0,1969139071,1.105296,738118,25
0,55308109,0.969758,738835,4
0,2429550763,1.095980,739842,8
0,784058687,0.876115,740497,3
0,3878017709,0.945797,743099,31
0,3201160957,0.824432,745499,28
0,706936463,1.138804,747277,19
0,2019279517,0.834439,754694,96
0,3086754941,0.924387,756681,8
0,544420573,1.082983,758953,24
0,3152635141,1.101313,760312,13
0,4254595459,0.791187,760990,3
0,359368591,0.911086,761567,2
0,4119397439,1.095534,762284,4
0,3535163941,1.008751,762790,1
0,2393714863,0.996086,763586,5
0,2206891417,0.893772,764443,6
0,3567393779,1.017426,768317,49
0,435455497,0.947859,769371,9
0,3337248151,1.031723,769958,2
0,909632189,0.932801,774512,59
0,1049944757,1.129764,776141,17
0,2818297033,0.880563,776875,4
0,1826717441,0.968750,778160,12
0,3886986599,1.079370,778679,1
0,767136121,0.902471,785747,95
0,1442191909,1.001951,787229,15
0,4242340573,0.921743,791036,48
0,407511971,0.941657,793445,28
0,1354401689,0.992649,794653,11
0,78526177,1.002438,795642,8
0,762955357,0.893772,799053,42
0,1066313119,0.895409,800201,10
0,3630997541,0.782499,801969,19
0,2916894571,0.835609,803389,14
0,3963755137,1.048623,807790,50
0,3601036897,0.914830,809172,13
0,4094311187,1.032197,811931,33
0,2875109183,1.050019,812830,5
0,424624427,0.946313,813764,7
0,3226742111,0.875558,819242,72
0,321172261,1.040677,825564,84
0,1701468361,0.983258,827899,27
0,4151147867,0.907327,828771,6
0,2393852653,1.074382,829497,4
0,2884167641,1.004871,830856,13
0,2963710381,0.823246,833032,25
0,3534224021,0.919621,834670,17
0,103680893,0.877229,837200,30
0,4241722333,0.987223,837943,4
0,55288439,0.848367,845358,100
0,953686291,0.906789,846770,14
0,2113774387,0.815499,848616,20
0,1616621753,0.950432,850172,16
0,2018669519,0.849517,852012,20
0,3479090023,0.866589,852602,2
0,370650493,1.189554,857311,57
0,3776766043,0.910550,859853,15
0,2232320383,1.142229,861268,9
0,683256433,1.000488,862082,5
0,537304969,1.073928,863076,8
0,1511825101,1.012133,865612,30
0,427035379,1.033615,870814,68
0,795498131,1.047225,876272,72
0,2789935033,0.983258,877544,12
0,3679365673,0.655506,880416,35
0,2086140101,0.991172,881921,15
0,751676039,1.007782,882854,7
0,3486444431,1.015505,885830,36
0,2692139323,1.017906,888861,37
0,1617746953,0.908940,891252,28
0,3671522753,0.848367,891991,4
0,1989686623,1.047225,895386,42
0,500503537,0.963190,896449,9
0,2855512427,0.923330,897733,12
0,509268811,0.877229,899929,25
0,2949942167,1.069828,901139,11
0,2196827881,0.822653,901790,3
0,3122641591,1.010685,904845,37
0,9458357,0.980772,905534,4
0,3313799387,0.720107,908766,40
0,3497638499,1.016466,909349,2
0,3381125317,1.035974,909935,2
0,396631399,1.033615,910906,3
0,2402469241,1.069828,911630,3
0,1246505341,0.932801,912634,8
0,4246392467,1.094196,913220,2
0,691585373,1.033142,914001,5
0,2708052421,0.696672,915500,15
0,3678221383,1.098205,917679,22
0,2705149847,1.061581,918710,8
0,3228256859,0.827978,923549,63
0,3105809653,1.000976,924205,3
0,1353523687,0.925443,925132,7
0,3043025353,0.908940,927516,28
0,4113615887,0.920152,928034,1
0,839470927,1.064795,928757,4
0,3394284017,0.915364,929265,1
0,3175591607,1.095980,932225,36
0,1346715967,1.194061,932800,2
0,1542547297,0.844329,934508,18
0,4161405719,0.908403,935928,14
0,165845191,0.944247,937469,16
0,1537160503,0.939581,938336,6
0,581421823,0.817891,939613,12
0,514278139,0.975280,942076,29
0,3839586781,1.062500,943872,19
0,1131456509,1.108825,948280,57
0,1969095857,1.177176,952407,53
0,1559656081,0.976781,953060,3
0,3834124967,1.004871,954208,10
0,1911366781,0.969758,956124,21
0,1313599883,1.111903,959191,33
0,50973217,0.983258,961493,14
0,2636159023,0.988706,962561,5
0,529115551,0.907327,965095,30
0,684248119,0.899761,966725,17
0,307261709,0.832682,968695,22
0,2809288043,0.992649,969969,9
0,1257451333,1.000000,970988,8
0,3647121677,0.995105,971702,4
0,152163811,0.716709,975915,54
0,333266887,1.025552,976570,3
0,3492877139,0.753248,977978,14
0,3869147159,1.012616,978626,3
0,2931132097,1.002438,979552,7
0,1145696551,0.768648,980268,4
0,253851823,0.942176,980981,4
0,2748980137,1.012616,983582,31
0,3062086537,1.009718,986671,38
0,2565545093,0.960652,987249,2
0,1764720053,1.101756,989720,29
0,692155463,0.860369,992732,37
0,2716455493,0.915897,993457,4
0,4185538603,1.125868,997117,46
0,1907610769,0.882225,998803,18
0,1183149241,0.818488,1002828,51
0,1954341611,1.067086,1003484,3
0,2416130021,0.916963,1003990,1
0,3536677721,0.820275,1007566,45
0,2364831037,0.688210,1009409,20
0,4183406077,0.827978,1016545,92
0,39307691,1.016466,1018136,14
0,798675323,0.946313,1019429,12
0,2958763397,0.771818,1021685,26
0,3233594561,0.987223,1024764,38
0,232087333,0.846062,1025761,8
0,3719485261,0.812500,1027967,25
0,366295933,0.833854,1030354,28
0,60328067,0.976781,1031119,5
0,2486169013,1.078012,1032330,11
0,3120108899,0.760345,1036119,48
0,1866097967,1.033615,1036705,2
0,1779797527,1.009718,1038207,15
0,1060848443,0.880563,1038868,3
0,3029210123,1.064795,1039587,4
0,218447707,0.946829,1045544,79
0,166121227,1.000976,1046049,1
0,3557189969,0.940101,1047734,18
0,3841504193,0.987223,1049861,24
0,2600553751,0.925443,1051280,14
0,2699645581,0.813701,1053394,24
0,4015091767,0.877229,1054466,9
0,2619779803,1.002438,1057646,39
0,2486465041,0.921743,1059923,22
0,1053159781,0.955044,1061643,18
0,2458933069,1.005357,1067236,59
0,2259511277,0.866589,1070007,29
0,4221949027,0.694566,1072918,35
0,684265501,0.818488,1075247,27
0,386147243,0.884988,1076303,9
0,1462691207,0.912157,1077027,4
0,1929914039,0.911622,1080115,38
0,3037875641,0.786855,1084809,61
0,476260537,1.004385,1085736,7
0,1828801409,0.942694,1087569,20
0,432317617,0.946313,1089178,17
0,2800207939,1.126301,1089968,5
0,1251124661,1.220752,1090620,3
0,1153479017,0.963190,1091678,9
0,3004217143,0.876673,1092901,11
0,4150091557,0.915897,1097671,62
0,1458528949,0.886090,1098814,10
0,1146688261,0.732211,1101345,30
0,1977554779,1.000976,1102706,13
0,4273927927,0.880008,1103528,5
0,1705522901,0.929129,1112202,118
0,3453913117,1.055584,1115095,35
0,3065373449,1.063419,1118517,40
0,479402983,1.004871,1120848,24
0,125283023,0.895409,1128410,99
0,3348725981,0.938541,1129770,13
0,1831075937,0.846062,1130685,7
0,361257991,1.012133,1134053,42
0,1151344217,0.938021,1134835,5
0,576755489,1.039268,1139793,65
0,4028141111,1.039268,1140942,10
0,3903806873,0.814900,1141456,1
0,1186842361,1.079370,1144910,43
0,4261291409,1.044891,1147310,28
0,2512303999,1.131923,1149101,19
0,431259211,1.100870,1149609,1
0,1946412539,0.722139,1151519,21
0,2050337813,0.971267,1154425,35
0,846666371,1.035503,1158070,46
0,3318211789,0.813701,1160759,32
0,1378067767,1.008267,1163163,24
0,2110220953,0.920152,1167315,37
0,334565971,1.039268,1169503,21
0,2637848263,0.844907,1170103,2
0,2623779913,0.774345,1171947,20
0,2978471159,0.693159,1172743,5
0,1744411153,1.004385,1173401,3
0,3253030867,0.848367,1174957,16
0,702561443,0.924387,1176088,10
0,3997250429,0.938021,1177232,10
0,64913581,0.789333,1178700,15
0,2947376413,0.873324,1179371,3
0,1453431937,1.287712,1180088,4
0,112019533,0.753896,1182257,25
0,2107648159,1.080274,1183892,17
0,336616013,1.031250,1185228,13
0,3695263547,0.950432,1192372,96
0,2302206817,0.846062,1193648,12
0,1507931993,0.827388,1194793,10
0,535639409,0.805862,1195940,10
0,4153012333,0.940101,1199972,51
0,1781135897,1.101313,1200906,7
0,4289647849,1.055584,1201426,1
0,4045513679,1.171354,1202216,5
0,3426461477,0.963190,1203508,12
0,448335221,1.163407,1204937,14
0,2096343943,0.818488,1206222,12
0,1722633337,0.978779,1208846,31
0,2967442151,1.204241,1209641,5
0,60332317,1.067086,1211384,19
0,412803179,0.796722,1212025,3
0,1487879383,0.766103,1213958,21
0,3379154683,1.164665,1216314,27
0,1923059147,1.138804,1217535,11
0,905965471,0.841432,1219539,18
0,2103999539,1.191605,1222027,29
0,1045393169,1.019344,1222815,5
0,1072989257,1.062959,1225115,24
0,1173564919,1.035031,1226481,13
0,2621588941,0.971267,1231088,60
0,2569032187,0.952484,1232654,16
0,829481489,0.962683,1235374,33
0,3526851859,0.970764,1236305,7
0,1664618587,0.940101,1237088,5
0,2035435307,0.818488,1238093,8
0,1199053217,0.911086,1239794,18
0,3621769687,0.976781,1241455,17
0,1234583461,0.851240,1242460,8
0,3892014703,0.911086,1243125,3
0,415693871,1.000488,1246020,35
0,16810993,0.846639,1248521,30
0,297706679,0.975280,1250936,28
0,2158906913,0.824432,1252688,19
0,2615980057,0.797334,1253686,8
0,1868092601,1.107944,1258467,62
0,1040736899,1.004871,1259314,6
0,540554549,0.866589,1263593,55
0,3289542013,1.006328,1265159,12
0,2155445429,1.039268,1265845,3
0,2497090247,0.907327,1270806,52
0,1989133,1.063419,1272276,13
0,2854475489,0.969758,1273133,6
0,2634126757,0.938021,1273710,2
0,3673076689,1.094643,1274996,12
0,2865505453,0.864897,1276762,19
0,4246318781,1.062959,1278047,12
0,3526190977,0.981767,1283226,68
0,1328466589,0.793652,1285302,23
0,3231601069,1.102642,1288736,43
0,3824991629,1.129764,1291913,39
0,987559721,0.925971,1293954,23
0,239417291,0.735538,1295302,13
0,2246560403,0.827388,1298387,38
0,746199001,0.875558,1301486,38
0,1754492567,0.939581,1302631,10
0,1847569057,0.893772,1303347,4
0,858953219,0.914830,1303926,2
0,3211260419,0.722139,1306319,28
0,1174366183,0.831508,1307399,9
0,1215465653,0.888841,1308459,9
0,681284099,0.800391,1310295,20
0,4086802513,1.043488,1311447,10
0,3470478733,1.137517,1312107,3
0,1340697119,0.970764,1314855,33
0,1483345711,0.888841,1315365,1
0,2320719013,1.152443,1316788,14
0,755645893,1.024123,1320474,42
0,3054808507,1.016466,1321640,10
0,1863757631,0.846639,1324922,38
0,792886747,0.839108,1326162,11
0,3202080877,0.940101,1328223,23
0,2132938259,0.925971,1329364,10
0,3246859477,1.012133,1330434,9
0,339186899,0.756482,1331433,8
0,2240352581,0.781250,1332011,2
0,2324041913,0.851240,1333204,11
0,3417377863,0.971267,1334269,9
0,2794190417,0.889391,1338551,55
0,3845868209,0.941657,1340458,21
0,149170169,0.879453,1341732,12
0,46948397,0.941657,1342374,3
0,2709017347,0.846639,1343297,7
0,3533914187,0.880008,1347658,56
0,1798122143,0.880008,1350256,31
0,683680511,1.075745,1351460,11
0,1096505093,0.913227,1354692,40
0,1365062317,0.814900,1356175,15
0,557599997,1.031723,1356682,1
0,2073589333,0.939581,1358098,14
0,1763338439,0.879453,1358754,3
0,4121919779,0.919621,1359476,4
0,2333029213,0.858664,1362494,37
0,2081376293,0.997556,1367757,65
0,31454117,0.787475,1368622,6
0,464805311,1.003899,1369206,2
0,4060216873,0.880563,1371096,8
0,3014247331,1.032197,1373667,28
0,2833673431,1.019823,1375934,26
0,2949847783,0.860369,1376452,1
0,2563652057,0.771818,1378643,25
0,1083465323,1.032197,1384600,79
0,2461898149,1.127168,1386162,16
0,2330595601,1.070284,1389114,36
0,1798356059,1.146496,1390472,13
0,2305404209,0.972272,1392722,26
0,2093050541,1.074382,1396169,43
0,87531943,0.867152,1398272,24
0,2666221409,0.907327,1399548,12
0,285267613,0.694566,1402640,38
0,4163829977,0.851240,1405577,36
0,3401639821,1.091963,1406435,6
0,1175535859,0.921213,1408625,25
0,2481706351,0.884988,1409564,7
0,2989031,0.880563,1410953,14
0,2239261979,0.908940,1412733,19
0,1517129851,0.759060,1414719,22
0,3019572341,1.204241,1416293,16
0,4090175527,0.989199,1418846,30
0,1981736629,0.924387,1420137,12
0,4038649499,1.157094,1422533,19
0,3959698753,0.876115,1423774,11
0,2737224661,1.253511,1425193,14
0,3837060023,0.755190,1426195,8
0,668494781,0.979277,1428746,28
0,742748183,0.817891,1431014,26
0,2741303629,1.132786,1433340,27
0,1225233827,1.110145,1434617,12
0,3538571149,0.979277,1435479,6
0,1343324569,0.946313,1437307,20
0,3960564067,0.942176,1441298,51
0,2735624113,0.971267,1441806,1
0,4042462499,1.064337,1443593,19
0,4221705221,0.848367,1444308,4
0,2947881023,0.804043,1445311,8
0,2356688093,0.993141,1449041,47
0,3957992711,1.104854,1457512,115
0,1553626289,0.897044,1458030,1
0,1633646867,1.080726,1461115,38
0,1038843881,0.970764,1463033,21
0,3100950217,0.884988,1465774,33
0,3287299607,0.963190,1466701,7
0,2861263007,0.942694,1467862,10
0,3861279259,1.129332,1471348,38
0,4042773409,0.873883,1473228,7
0,3185075519,0.849517,1475352,20
0,132909529,0.908940,1475867,1
0,1751767573,1.002438,1477295,14
0,4145971499,1.017906,1479071,19
0,674593121,1.037387,1479860,5
0,1946075167,0.911086,1484629,62
0,2731423631,0.908940,1487025,28
0,2660884201,0.783746,1488448,14
0,3321128203,1.043488,1489174,4
0,294186647,0.796722,1493224,52
0,2747722079,0.944247,1495631,28
0,2409743953,0.659960,1498782,39
0,829570583,1.000976,1499361,2
0,1475676659,1.158360,1499884,1
0,1873746197,1.064795,1500675,5
0,3571073269,0.916963,1503768,38
0,2547960473,0.844907,1505049,12
0,1654775323,0.604346,1506533,15
0,4041839719,0.908403,1509345,34
0,3626820907,1.180489,1511315,22
0,3910451891,0.893772,1514812,44
0,3118849751,1.239802,1516461,17
0,2008850579,0.973777,1517182,4
0,3391977439,0.781875,1518057,6
0,3546110093,0.799169,1519826,19
0,526597913,1.012616,1520542,4
0,2956664071,0.975280,1523784,40
0,2436195049,0.944247,1526068,16
0,706533497,0.919621,1528473,27
0,3295288571,0.984747,1529128,3
0,2472836413,0.853531,1529642,1
0,811378877,1.043488,1532385,33
0,2314311401,1.012616,1533534,7
0,2539108199,0.824432,1534559,8
0,1107607253,0.932801,1535204,3
0,3517536307,1.044891,1538867,46
0,52765267,1.070284,1539851,8
0,2944035271,0.906789,1540996,10
0,1417740809,0.973276,1544296,40
0,75048313,0.970764,1546492,25
0,1994821937,1.067086,1549379,35
0,1319292031,1.031723,1549964,2
0,2473178441,1.004871,1552292,27
0,480006391,0.981270,1552944,3
0,3371211587,0.952484,1553453,1
0,3228464893,0.889391,1555583,24
0,608002973,1.131923,1558409,34
0,297333571,1.067086,1559698,12
0,929162939,0.969254,1561127,14
0,4048197889,0.879453,1561773,3
0,4081606183,1.002438,1563754,22
0,3068205499,1.160465,1564964,11
0,4173541447,0.939581,1565966,8
0,3328936397,0.882225,1566478,1
0,1065922043,1.099538,1566995,1
0,3749870213,1.015505,1567508,1
0,664131547,0.938021,1568101,2
0,2265288517,0.915364,1568745,3
0,2848537429,0.818488,1569605,6
0,2306066237,1.168432,1573722,48
0,2579991473,0.882225,1574267,1
0,354642971,0.893772,1576029,4
0,2755657043,0.889391,1578256,23
0,411438509,0.977281,1579525,12
0,2424031273,0.766103,1582140,31
0,1153366463,1.071652,1587560,71
0,3540117719,0.638143,1588697,10
0,1735316339,0.766103,1590343,17
0,609397303,0.915364,1591404,9
0,833890303,1.200586,1595091,46
0,3976915339,0.970764,1595743,3
0,204460559,0.944764,1597638,21
0,3187419251,0.946313,1598432,5
0,2797613989,1.002438,1601383,36
0,873210259,1.064795,1603848,29
0,566604281,1.093303,1613976,139
0,2902205531,0.818488,1614705,4
0,3860680073,1.002438,1615498,5
0,1171164569,0.846062,1620062,59
0,3087679717,0.783123,1626801,86
0,2680837723,0.820275,1628742,21
0,2484462727,0.971267,1630228,15
0,215562559,0.908940,1634596,54
0,2515758769,0.751301,1636027,14
0,907955297,0.947859,1636528,1
0,604877683,0.844907,1637251,4
0,165289013,1.000976,1638103,6
0,3438760103,0.983258,1642443,56
0,1599259807,1.070284,1644007,16
0,2580537119,1.127168,1647590,45
0,3491574763,0.975280,1649451,20
0,1479964609,0.820275,1651154,18
0,1116259303,0.750651,1652573,14
0,3861164707,1.157094,1653150,2
0,3240126523,0.886090,1655616,29
0,2835693383,0.791804,1656760,10
0,3603927499,1.014061,1658882,24
0,3205777429,1.109705,1660858,22
0,808109893,1.044891,1661707,6
0,958975249,1.012133,1662215,1
0,834709097,0.851240,1665250,37
0,2184746489,0.781875,1666885,17
0,73966807,0.947859,1668702,20
0,4224293221,0.886090,1669573,6
0,546761843,1.099538,1671199,17
0,315316247,0.784369,1671918,4
0,2689319599,1.004871,1672775,6
0,3234082997,0.886090,1673346,2
0,1941449641,0.713295,1675316,17
0,368775863,1.066628,1676406,9
0,993193037,0.756482,1677963,4
0,2809395263,1.054659,1680224,22
0,92150369,1.048623,1681414,9
0,3193115677,0.911086,1685978,59
0,1105828013,0.973777,1691463,72
0,4211040901,0.776234,1693654,25
0,60332341,0.897588,1695118,15
0,181385179,0.879453,1696116,8
0,3149862889,0.855246,1698952,34
0,4169424877,0.911622,1701148,25
0,4191409379,0.962683,1704664,44
0,404932609,0.994614,1705286,3
0,916587293,0.770552,1708789,44
0,228869467,1.019344,1710061,12
0,2442816791,1.093750,1710781,4
0,2189150111,1.015505,1713598,34
0,43842313,0.925971,1716181,31
0,3851901883,1.005357,1719636,43
0,1336120847,0.907327,1721399,19
0,2680545443,1.035974,1722051,3
0,1320241309,1.004871,1726523,58
0,4196697301,1.080726,1727316,5
0,3114112399,1.035031,1729802,29
0,3784889419,0.760987,1730950,10
0,1878346753,0.927551,1733133,23
0,1638198413,0.938541,1734358,11
0,3351886303,0.792420,1736338,22
0,2198057819,1.158360,1737367,7
0,3362350997,0.972774,1738102,4
0,855920537,0.911622,1742446,56
0,3757300321,0.796722,1743110,3
0,2241756437,0.911086,1744194,9
0,4286399323,0.921743,1745904,18
0,2339340317,0.975280,1747525,17
0,1722002857,0.942694,1748961,14
0,2343309187,0.969758,1751137,25
0,2544298781,0.989199,1754036,35
0,461255303,0.978779,1755378,13
0,851791417,1.098205,1756862,15
0,2593724633,1.033142,1757792,7
0,240751697,1.048157,1759002,11
0,2308063897,1.006328,1762497,44
0,1496019803,0.942694,1764203,18
0,1969434587,0.815499,1767524,41
0,2093882773,1.066170,1769797,26
0,3663594377,1.095980,1771496,18
0,2153867161,0.915364,1773667,25
0,133456639,0.822059,1774877,11
0,1589859251,0.971267,1775392,1
0,3973482329,0.878342,1780618,50
0,2202511261,1.033615,1783600,31
0,2590371257,0.919621,1784138,1
0,3580830317,0.727528,1788964,63
0,4149740071,0.975280,1790448,15
0,3035285171,1.097761,1792290,20
0,3697503157,0.964709,1797041,62
0,1807995451,1.099538,1802948,78
0,706010573,0.694566,1804999,23
0,2256333701,0.860369,1807740,33
0,2308292281,0.910550,1809386,17
0,116512771,0.915897,1812187,34
0,1213249181,0.693863,1815629,43
0,2675146783,1.035503,1817891,26
0,1152838097,1.171771,1819511,17
0,959048327,0.858664,1820027,1
0,1778240539,0.884988,1820614,2
0,1554421031,0.975280,1821681,9
0,3486238649,0.962683,1823735,23
0,3512385263,1.278580,1827810,52
0,2683083631,0.693863,1829105,12
0,1957526027,1.019344,1831077,22
0,2580400057,1.229123,1833309,22
0,404246693,0.836777,1835085,19
0,496006177,0.958107,1835578,1
0,3825342811,1.019344,1836852,12
0,2722081981,1.091516,1841028,51
0,3246975661,0.944247,1842670,17
0,1171400401,0.875000,1844925,26
0,3061630381,0.942694,1845717,5
0,2249147359,0.875558,1846446,4
0,129784553,0.882225,1847650,11
0,1514597453,0.911622,1848231,2
0,245690521,1.035974,1849358,10
0,3608660687,0.971267,1851685,27
0,4277646227,1.071652,1852627,7
0,2092230493,1.100870,1855031,28
0,2795426369,0.970764,1857210,25
0,323258933,0.817891,1860852,46
0,3035289151,0.875558,1863184,27
0,1599700423,0.820275,1864747,16
0,778860143,1.012133,1865471,4
0,1420865233,0.940101,1867088,17
0,4256701919,0.813101,1867963,6
0,3728910023,0.848942,1876913,122
0,3330595397,1.006328,1881643,57
0,2916963499,0.950432,1883921,12
0,1019174617,1.016466,1886632,27
0,3880015093,0.875558,1887435,5
0,1301072497,0.950945,1889405,22
0,1567710943,1.287712,1890906,15
0,2325597341,0.705032,1891558,3
0,4169291641,0.854103,1892068,1
0,1424221411,0.761629,1897880,77
0,360801671,1.003899,1899636,19
0,4270798409,0.897588,1900358,4
0,263138921,1.039268,1902829,29
0,1633346717,1.099538,1907101,55
0,3700818167,1.090173,1908376,12
0,3132493937,0.908940,1909368,8
0,3135455711,1.220752,1911209,20
0,829155787,0.975280,1912424,11
0,3109731437,1.105296,1913289,6
0,1077847429,0.872205,1914418,10
0,2898872089,1.068458,1917225,34
0,2502686657,0.936979,1919623,28
0,2556665471,0.834439,1920558,7
0,411877931,0.617138,1921125,2
0,2652066553,0.844329,1922192,9
0,1897448621,0.919621,1930650,115
0,1803268381,0.824432,1933180,30
0,406902229,0.906789,1935714,30
0,1643308781,0.944247,1936606,2
0,2172653447,1.037387,1937195,2
0,3035904449,0.860369,1938119,7
0,2522268691,1.106621,1941061,36
0,1176742453,0.993141,1941843,2
0,3085350167,0.940101,1944474,31
0,1969844671,1.043020,1945693,11
0,4062121099,1.064795,1947808,24
0,2918525891,0.975280,1948471,3
0,4047506569,0.942694,1952520,52
0,3058211539,0.987223,1954301,19
0,1908972683,0.976781,1960201,78
0,2142497977,0.956577,1962046,20
0,3280348763,0.875558,1963596,16
0,3964939961,0.843750,1965171,16
0,646466371,0.852959,1966789,17
0,1276137193,0.977281,1970873,50
0,3792505681,0.977281,1973373,29
0,1956779633,0.827388,1974502,10
0,271261777,1.006328,1975840,13
0,1287529657,0.848942,1977738,21
0,3382970447,1.097761,1980057,27
0,2359516829,0.751301,1980707,3
0,1924321319,1.048623,1982534,16
0,1364888381,1.033142,1985783,27
0,772958491,0.940101,1987709,17
0,3464516051,1.101313,1991812,52
0,2980495099,0.994614,1992341,1
0,3889216931,0.705724,1993418,9
0,2788903849,0.781875,1995813,28
0,4203703939,0.901929,1996898,9
0,1381428379,1.105296,1997481,2
0,1586928731,0.908403,1999323,20
0,3918050663,1.100870,2003389,52
0,605658061,0.888841,2004802,14
0,1801632809,0.786234,2006368,16
0,3668930129,0.969254,2007232,6
0,3942035791,0.940101,2008313,9
0,3308276141,0.791187,2010640,27
0,2032675369,0.962683,2011211,2
0,4263669329,0.946829,2013110,21
0,2167455167,1.006328,2014040,7
0,3323486041,0.736201,2016771,33
0,850675369,0.940101,2017553,5
0,2532647339,1.101313,2019906,27
0,1091899339,1.012616,2020621,4
0,2811417451,0.976781,2029002,114
0,2922870283,0.822059,2030913,21
0,4097099473,1.159624,2034201,41
0,3185956321,0.959126,2035924,18
0,1664706619,1.017906,2040520,51
0,3083156933,0.985738,2041203,3
0,3515269,1.070284,2042592,14
0,717673217,0.925971,2046595,49
0,3642915949,0.895409,2048876,26
0,4086696703,0.827388,2050166,12
0,3870577559,1.012616,2051445,12
0,335105227,1.074382,2056207,62
0,2333536631,0.938541,2057557,13
0,4144509401,0.973276,2058836,12
0,2640864113,0.755837,2059481,3
0,621957493,0.848942,2060470,8
0,73073009,0.834439,2061582,10
0,1352793329,1.050483,2070246,118
0,1186068167,0.886090,2072097,20
0,993795067,0.851240,2074999,35
0,60807763,0.946313,2078009,37
0,3130031657,1.031723,2080842,34
0,2080492049,1.075745,2082455,17
0,2876885923,0.950432,2084923,24
0,418392259,0.979277,2089947,52
0,2192925491,0.893772,2091457,13
0,1243980719,0.883883,2092883,14
0,4284481127,0.888841,2094181,12
0,3667089683,0.986728,2098113,50
0,1559098997,0.953509,2100532,28
0,206831693,0.938021,2101304,5
0,2754098791,1.111903,2107336,80
0,3711326953,0.722139,2108129,5
0,3247243163,0.944764,2109842,18
0,740458841,0.784369,2115359,73
0,2615835863,0.791804,2118243,35
0,309172573,0.876115,2118751,1
0,3343443641,1.063419,2120728,22
0,1452299363,0.766740,2121457,4
0,221826203,0.879453,2122517,9
0,252740119,0.957087,2124337,20
0,1686543853,1.033615,2125127,5
0,1007263793,0.975280,2125623,1
0,3076712759,0.891036,2128872,40
0,343952951,0.736201,2130760,21
0,1009116257,0.911086,2131689,7
0,1400414947,0.692454,2135436,47
0,2081436437,0.855246,2140731,65
0,35236867,0.938021,2141520,5
0,147303553,0.908940,2143812,24
0,2441633063,0.882225,2144903,9
0,3631525529,0.952484,2146247,13
0,834246767,1.064795,2147946,18
0,3678748883,1.125868,2148802,6
0,3559478627,1.094643,2149880,9
0,3944855689,0.973276,2152408,30
0,2387316599,0.956577,2155935,44
0,2300866727,0.875558,2162034,81
0,3201737923,0.877786,2163111,9
0,2776787437,0.975280,2163906,5
0,241279877,0.908403,2165308,14
0,251019227,1.033615,2165899,2
0,1336270757,1.038798,2167406,15
0,1602986611,0.968750,2169102,18
0,2320860599,1.156672,2171070,22
0,2478102817,0.969758,2172695,17
0,257853941,0.938021,2173278,2
0,2540577931,1.035503,2174634,13
0,3097619111,0.952484,2179375,61
0,355882987,1.043020,2181353,22
0,3114816361,1.068458,2182566,11
0,1744298657,0.950945,2183083,1
0,222958129,0.970764,2183783,4
0,2767808341,0.945797,2191126,80
0,3111998707,0.815499,2192516,11
0,3911327489,0.910550,2193514,8
0,3845186041,0.719429,2195913,28
0,509826307,1.064795,2202410,87
0,1675045039,0.940101,2204252,20
0,555371909,1.074382,2205238,8
0,1934700853,1.012616,2206024,5
0,2414255993,0.973276,2206682,3
0,1257165839,0.956577,2207682,8
0,1241091641,1.086134,2213066,71
0,26637157,1.064337,2213767,4
0,1726396171,0.981270,2216941,39
0,2463921223,1.008751,2220370,43
0,3352350733,0.815499,2222269,21
0,862114777,1.043020,2223197,7
0,1850855009,0.793652,2225390,25
0,2231424967,1.140090,2226384,8
0,3611520571,0.954021,2228429,23
0,2778743813,0.899761,2231363,36
0,4293656771,0.975280,2233976,31
0,493021343,0.908940,2238318,56
0,3191058131,0.712610,2239741,14
0,3440659987,0.988212,2240397,3
0,1138351447,1.003899,2241634,7
0,3686042189,0.940620,2242194,1
0,3462745961,1.081629,2245139,30
0,1425311483,0.756482,2247113,20
0,323500391,1.075745,2247761,3
0,3836642651,0.944247,2248621,6
0,2724312419,1.035503,2251090,29
0,2037224831,1.062959,2252453,10
0,1475257321,1.012616,2257703,68
0,375467369,0.827978,2258212,1
0,326596577,0.864897,2260534,27
0,1120738523,0.848367,2261047,1
0,1833535733,1.069828,2262808,19
0,4000094201,0.846062,2264238,14
0,4101236021,0.910550,2266985,33
0,4201955383,0.906789,2271203,54
0,787793969,0.846639,2271706,1
0,3739164731,1.000976,2272931,11
0,4257671543,0.919621,2274427,15
0,1793659289,0.813701,2276693,26
0,2849023241,0.902471,2277205,1
0,428986127,0.989199,2279465,26
0,1864655291,0.858664,2282977,44
0,1320953561,1.002438,2284460,15
0,3365897957,1.015505,2286509,23
0,3632687111,0.824432,2287368,6
0,1299500651,0.663649,2288999,12
0,1873716517,0.893772,2292348,29
0,193670723,1.111903,2295985,40
0,1525939109,1.031723,2297644,17
0,1370974519,1.046292,2299132,15
0,924830537,0.822653,2301886,33
0,3237657877,1.012616,2306456,59
0,2692240721,0.880008,2308575,24
0,2389439489,0.921743,2316322,105
0,243400631,0.741488,2318090,19
0,1509800221,0.889391,2319733,17
0,1471262717,0.981270,2322086,27
0,3032306887,1.104854,2325923,48
0,3125149037,1.071652,2328597,32
0,224010329,0.993632,2331120,30
0,3612530953,0.842012,2331631,1
0,444557353,1.010685,2334085,29
0,2521099979,1.014061,2335578,15
0,2048559563,1.000488,2336645,9
0,1108801619,0.723490,2338265,17
0,1272208463,0.793036,2340167,21
0,153872881,0.946829,2340809,3
0,2114523511,1.102642,2342577,19
0,2662887127,0.941657,2345241,27
0,3406352821,1.039268,2345910,3
0,820259191,0.836777,2350506,57
0,2170752127,0.942694,2351039,1
0,3108138323,0.843750,2353781,33
0,3880751453,0.789333,2358538,62
0,3224532401,1.012133,2359809,12
0,3159243169,0.984747,2362287,29
0,1310983501,0.938541,2365586,41
0,2373828049,1.000976,2366454,6
0,2019655793,1.129332,2367166,4
0,1051521371,0.855246,2368945,19
0,781538357,0.910550,2369729,5
0,79597279,0.843750,2372616,35
0,3230952743,0.908403,2373616,8
0,2802056897,0.944247,2374267,3
0,281347697,1.069828,2374968,4
0,4219315447,0.916963,2376398,14
0,3619921499,0.822653,2377126,4
0,3173405141,0.920152,2377932,5
0,2304594139,0.815499,2380528,31
0,1875972563,0.894864,2381048,1
0,1418783987,0.969254,2381767,4
0,87632327,0.915364,2384858,38
0,276396139,1.078012,2385641,5
0,3095723473,0.766103,2386710,9
0,1653881477,0.978779,2388204,15
0,322477489,1.140946,2390514,27
0,618843781,1.088828,2391869,8
0,2010614357,0.836193,2392609,4
0,1114335949,0.889391,2394990,15
0,1933515917,1.129332,2395658,1
0,3140511233,0.938541,2398392,27
0,2763945421,0.911622,2399247,4
0,3015544109,1.163827,2400189,7
0,2239723901,1.067086,2401637,14
0,3974956457,0.944247,2402981,13
0,3200785321,0.670966,2406982,51
0,3874702603,0.793652,2410424,43
0,374243297,1.000488,2413184,33
0,4032740753,1.239802,2413767,2
0,1124969231,0.986728,2416992,40
0,2115122461,0.852386,2418196,11
0,1031596801,0.850092,2418983,5
0,1114684573,0.932801,2420116,10
0,2332409567,0.973276,2421190,9
0,4203045713,1.056047,2421843,3
0,2979371251,1.183381,2422923,9
0,3602082313,0.938021,2423432,1
0,1357908037,0.858096,2426931,44
0,2308198049,0.799169,2427435,1
0,1035687409,0.741488,2428165,4
0,3520460323,1.211114,2430145,22
0,529597163,0.981270,2430719,2
0,3783182959,1.031723,2432151,14
0,720862693,0.876115,2433169,8
0,189733697,0.882778,2434298,10
0,3250307383,0.911086,2435032,4
0,1678130387,0.766740,2436953,21
0,3603235963,0.897588,2437602,3
0,601260971,1.010202,2438735,10
0,4189676989,0.858096,2440099,13
0,1918116569,0.910550,2444375,55
0,1844136467,1.103085,2446841,29
0,2377175257,1.055584,2448675,20
0,509650291,1.136229,2455243,80
0,2859178849,0.946313,2456483,11
0,2273172257,0.939581,2458910,28
0,891077527,1.079370,2460530,17
0,110576329,1.125434,2461448,7
0,1900436413,1.095980,2465389,50
0,2426244071,1.012133,2466319,7
0,4087342879,0.855246,2472703,84
0,1342646197,0.864332,2475199,29
0,619404403,1.003899,2480370,68
0,1518982771,1.035031,2481941,16
0,2171520983,0.814900,2482882,7
0,2754271579,0.916963,2483393,1
0,2751252223,1.031723,2485458,23
0,2053543139,1.000976,2487784,27
0,23419499,0.950432,2488930,10
0,2525023877,1.035974,2489712,5
0,3709225669,0.781875,2490862,10
0,3382787453,0.986728,2491444,2
0,600571211,0.950945,2492245,5
0,3225795449,0.924387,2492755,1
0,3945636701,1.004871,2493554,2
0,3955510087,0.877786,2494930,13
0,2940517759,0.802219,2498768,32
0,1164188593,1.037387,2500463,13
0,1633944029,0.944247,2502238,18
0,1424017723,0.813701,2503381,10
0,2222391007,1.068458,2505923,30
0,3273167609,1.030776,2506432,1
0,659394907,1.017906,2506946,1
0,4049941781,1.066170,2509977,37
0,199715939,0.882225,2514194,54
0,4066189469,1.202618,2519940,76
0,2047956499,0.877229,2521489,16
0,1632841849,1.125868,2522131,3
0,2051146813,0.751301,2525551,43
0,4022190751,1.009718,2531190,74
0,196017791,1.033615,2533445,26
0,3803570171,1.111464,2535589,24
0,1233025711,0.760987,2536674,9
0,1653643339,1.006328,2537246,2
0,3562342207,0.954021,2538453,11
0,3797917511,0.927551,2542535,52
0,25361423,0.791804,2544953,27
0,80810123,1.078012,2545464,1
0,2875020023,1.052341,2546747,12
0,1388760739,0.929129,2547467,4
0,504936169,0.897044,2547972,1
0,1228964557,1.099538,2548895,7
0,164912213,0.913227,2550654,19
0,218259199,0.877229,2555368,56
0,4259219633,1.040677,2556461,9
0,1839304559,0.901929,2558280,17
0,880870829,1.035974,2560331,23
0,4121247743,0.806468,2560934,2
0,3326222429,0.939581,2562006,9
0,3129092023,0.791187,2564533,30
0,1305223819,0.832682,2567136,31
0,1182837013,0.950945,2568749,17
0,30307723,0.942176,2569314,2
0,1665780931,0.940620,2575285,79
0,122583893,0.879453,2577335,23
0,2597223737,0.969758,2578339,8
0,4034036389,1.095980,2579402,9
0,673207547,0.973777,2586313,93
0,3470197249,1.106621,2587865,16
0,3087534757,0.907327,2590118,26
0,1822212307,0.792420,2591670,16
0,476235379,0.877786,2594404,33
0,2085378431,1.155828,2595708,7
0,1728361489,0.758416,2596235,1
0,3740185571,0.880563,2601553,68
0,996397427,0.940101,2603817,26
0,1132672097,0.916963,2606504,32
0,3016629949,0.975280,2608000,15
0,3291554389,1.050019,2609127,10
0,2931173381,0.860369,2610326,11
0,1329198743,0.958616,2610985,3
0,3524808481,0.849517,2615386,57
0,1430734871,1.074382,2618272,35
0,1466452639,0.839108,2620955,32
0,2181044011,0.963190,2622218,12
0,778585867,0.915364,2624258,23
0,1524647821,0.848367,2625686,14
0,728537087,1.035503,2628359,32
0,2039332717,0.940101,2629364,8
0,3645293167,1.125868,2632743,42
0,90401303,0.815499,2634781,23
0,4179253753,0.851240,2636061,12
0,1779214907,1.162987,2637203,10
0,1591948751,1.070740,2638847,17
0,2293279927,1.002438,2640553,18
0,4008608137,0.820870,2644280,47
0,3821905037,1.008267,2644939,3
0,2318006681,0.873883,2650595,75
0,3493246117,0.750000,2652075,15
0,84654391,0.911086,2655582,44
0,1296018071,1.080726,2657231,17
0,1287842119,1.095980,2658646,14
0,770177063,1.024123,2659231,2
0,3442993643,0.969254,2661171,21
0,1835476523,0.846062,2663350,25
0,1730682227,0.846062,2664422,9
0,3850475921,0.941657,2665134,4
0,2241421447,0.846639,2666968,20
0,4239919247,0.995105,2667832,6
0,3777526427,0.879453,2669180,13
0,3400495117,0.944247,2670878,18
0,3654065927,0.880563,2671671,5
0,2036253173,0.884988,2673597,21
0,3025275131,0.884988,2676839,40
0,3891664927,0.950945,2681886,66
0,1119927269,1.038798,2684574,32
0,872285837,1.001951,2689438,63
0,2739522449,0.891036,2690936,15
0,2160398789,0.964709,2691929,8
0,108753893,0.973777,2693555,17
0,1185024041,1.157094,2695164,17
0,2648622997,0.738188,2695752,2
0,2789695807,1.002438,2696612,6
0,2508126601,0.923330,2699121,26
0,2359032701,1.031250,2700210,9
0,4142924323,1.013098,2707201,76
0,2742381377,0.934370,2708798,14
0,2773457521,1.008751,2709736,7
0,2250401917,1.025552,2711864,24
0,3766338853,0.928078,2712584,4
0,1102584407,1.027930,2714549,22
0,163022627,1.130628,2716232,18
0,2932276351,0.786855,2717252,8
0,2585585551,0.961668,2718601,13
0,1281700457,1.002438,2720086,15
0,2690224039,1.039268,2721160,9
0,17378401,0.766103,2724362,40
0,3053149807,0.989199,2725317,7
0,1019393897,0.844907,2726804,15
0,3928832693,1.000976,2728372,16
0,64431239,0.969758,2734216,78
0,1348000117,0.787475,2736480,26
0,1588171759,1.035974,2737068,2
0,3645776993,0.886090,2738130,9
0,4026681467,0.736201,2738774,3
0,3976468241,1.108825,2741083,27
0,2074864871,0.844329,2742517,14
0,196053353,1.142657,2744641,24
0,1797655217,1.188322,2746535,21
0,2031543889,0.720107,2754211,103
0,896868517,0.914830,2756210,18
0,1220393873,0.770552,2756880,3
0,3468019609,0.950432,2758027,10
0,4025561231,1.044891,2759308,12
0,3098894551,0.892679,2760718,11
0,2725893389,0.844329,2762578,20
0,3757446461,0.858664,2764012,14
0,3975127381,0.882225,2764737,4
0,1641521449,0.858664,2766232,15
0,1069968217,0.906250,2767095,6
0,267958963,0.956577,2768938,20
0,2014897333,1.033615,2772784,49
0,4224195413,0.906789,2774844,23
0,3334146091,0.852959,2775422,2
0,2174733037,1.038798,2778586,39
0,1777681519,1.071652,2780292,18
0,369738601,0.815499,2782744,29
0,1190961487,0.950432,2784024,12
0,857115691,0.950432,2784737,4
0,219672599,1.004871,2786638,21
0,1006601879,0.864897,2787504,6
0,3570313709,1.025552,2788173,3
0,1117744973,0.973777,2795039,92
0,376506787,0.955044,2796799,19
0,4139366447,0.853531,2798166,13
0,678557647,0.914830,2799168,8
0,440003657,0.827978,2799739,2
0,1190650831,1.003899,2801087,8
0,1216186187,1.168432,2808891,91
0,1694931209,0.889391,2809975,7
0,1112424851,1.066170,2811251,12
0,307349177,0.975280,2815658,57
0,424067671,1.067086,2821448,77
0,3165874889,0.844329,2824192,33
0,3791045711,0.768648,2824928,4
0,3636402937,1.032197,2829544,60
0,1232110181,0.952484,2830323,5
0,1042735363,0.787475,2831255,7
0,2788181413,1.073928,2831968,4
0,3119824363,0.817891,2833255,12
0,707950129,1.006328,2834174,7
0,1155844427,0.762910,2836561,28
0,3190783777,1.163407,2842048,72
0,2173598017,1.009718,2843897,20
0,877986041,0.956577,2844743,6
0,529147259,0.963190,2847635,35
0,3768903013,0.893772,2848422,5
0,295877089,1.070740,2849692,12
0,1647648623,0.850666,2851334,17
0,391941211,0.788714,2852405,9
0,2299480289,1.099538,2854090,18
0,3544942897,0.867152,2855414,8
0,3118764293,0.829745,2855943,1
0,591284363,0.766103,2859469,44
0,2301710347,0.852959,2860688,9
0,463441037,0.781875,2862326,17
0,533380361,0.924387,2863319,8
0,238514147,0.846639,2865506,25
0,47568553,0.814900,2867547,23
0,2117134927,0.880563,2872937,71
0,1327258073,0.844907,2879099,82
0,1000637233,0.930180,2879946,6
0,1050563981,0.849517,2880459,1
0,1839353713,1.008751,2881456,8
0,1124301811,0.834439,2882883,14
0,3135339887,1.009718,2884379,15
0,169017071,0.925971,2885165,5
0,1877710883,1.031250,2886723,16
0,517870147,0.793652,2888344,17
0,2856776899,0.820275,2889342,8
0,1915089619,1.012616,2890781,14
0,4117709027,1.220351,2892545,19
0,1379828809,1.032197,2895271,33
0,1793462149,0.971267,2896616,13
0,2916374233,0.963190,2899243,31
0,1478510093,0.873324,2901565,27
0,96249557,0.991172,2903593,18
0,1988152519,0.915364,2904127,1
0,3507823699,0.694566,2905395,12
0,1552824697,1.065712,2907394,9
0,285563177,1.000976,2910016,24
0,2581513523,0.858664,2914598,59
0,1376669137,1.000976,2915528,7
0,3719429717,1.075745,2917873,27
0,3533743099,1.111903,2919567,18
0,3236854811,0.888841,2921401,20
0,2054760779,0.977780,2922469,9
0,3671223737,0.691042,2928768,84
0,4075425097,1.031250,2936335,102
0,2819127211,1.069371,2939415,38
0,19365469,1.101313,2939919,1
0,2694990511,1.051877,2942170,26
0,2661687031,0.760987,2944354,25
0,3084526483,0.908940,2947234,35
0,189976349,1.033615,2947739,1
0,1958614877,1.048157,2948609,6
0,2433193817,0.914830,2954337,76
0,613323719,1.067086,2955121,5
0,3445146457,1.000976,2957782,32
0,2654180701,0.925443,2962666,60
0,2300995999,1.043020,2965482,31
0,1985755223,0.988706,2966722,11
0,448999909,1.000976,2967655,7
0,3729586859,0.942694,2968592,7
0,898253261,0.908940,2970340,17
0,3381003293,1.219551,2971921,16
0,2167245533,1.074382,2974447,30
0,4145832247,0.919621,2975663,11
0,1176348749,0.975280,2978115,29
0,1896765187,0.813101,2982806,61
0,1083879023,1.128899,2985551,33
0,4292555549,0.911086,2986141,2
0,64337879,0.877786,2987411,12
0,3341107883,1.139661,2988546,10
0,2348320651,0.782499,2990242,18
0,3851997403,0.938541,2992493,26
0,2093938439,0.715345,2994762,26
0,1698371761,0.983258,2996798,23
0,3193284319,0.851240,2999630,34
0,2721288959,0.792420,3000932,12
0,1815852593,1.189144,3001582,3
0,3818234033,0.970764,3002794,11
0,2515866797,0.921743,3003884,9
0,3862286501,0.977780,3005952,19
0,3252982093,0.791804,3007250,12
0,249500189,1.102642,3011211,33
0,1927597013,0.906789,3012335,7
0,3875739827,1.074382,3015491,39
0,672832903,1.043488,3017533,23
0,3511188937,0.756482,3023360,77
0,1221760789,0.941657,3025055,18
0,3459485347,1.003899,3027444,28
0,3630551917,0.983258,3028522,9
0,1470174707,0.976781,3029668,10
0,1036429553,1.071652,3032828,39
0,1567431863,0.983258,3034526,18
0,1706439841,1.129332,3036803,26
0,1679053741,0.791187,3039689,35
0,2480754587,0.753248,3041059,13
0,1734652009,1.031250,3042611,16
0,614389019,1.184618,3043335,4
0,2364000211,0.827388,3044756,14
0,3212857919,1.038328,3048911,53
0,2791524503,0.908403,3052285,42
0,2761915619,1.008267,3052948,3
0,4076475497,0.954021,3054648,18
0,1818971659,0.854103,3056703,23
0,2956111177,1.257012,3058051,13
0,1210979963,0.849517,3060061,19
0,2781893047,1.173436,3060872,4
0,2634759863,0.839108,3064530,46
0,3501201713,1.004871,3066870,25
0,1179519703,0.805862,3067951,9
0,3719545547,0.942176,3069167,11
0,980829583,0.877229,3070024,6
0,976000679,0.783746,3073328,41
0,2977850137,1.071652,3078387,66
0,2816384773,0.863202,3079460,9
0,246600019,0.698771,3082199,33
0,3788087351,1.012133,3083493,12
0,702391169,0.973276,3085533,23
0,3246031211,1.035503,3087020,15
0,1033489943,0.976781,3087886,6
0,54085117,0.963190,3089565,18
0,1679320109,0.906789,3092369,34
0,720133213,1.067086,3093369,8
0,3168520613,0.970764,3098790,71
0,1033565089,0.852959,3101185,28
0,1960927987,0.985738,3103875,32
0,412346423,0.969254,3104449,2
0,1813835743,0.827388,3105046,2
0,1651394429,0.858096,3105630,2
0,538371019,0.946313,3106483,6
0,425000827,0.873883,3109951,39
0,1467596287,1.050483,3111631,5
0,3090609959,1.004385,3112622,4
0,108074143,0.876673,3114799,22
0,128727437,1.007782,3117830,37
0,2942754833,1.004871,3121900,52
0,2507311187,0.836777,3125018,38
0,1797038519,0.827388,3125531,1
0,1579742597,0.855816,3128983,43
0,2314920199,0.942176,3130121,10
0,2642451101,0.834439,3134811,61
0,2905119013,1.048157,3137203,28
0,357887437,0.876115,3138058,6
0,727953203,0.983258,3148962,150
0,910152797,0.827978,3149614,3
0,865607251,1.073928,3152204,31
0,553742447,0.940101,3162510,141
0,1565322433,0.973777,3163514,8
0,251334703,0.768648,3167280,44
0,2293935617,0.906789,3167796,1
0,698118913,0.693159,3168719,7
0,1248464381,0.911086,3169238,1
0,3504790957,0.976781,3174916,72
0,1492659803,0.877229,3176631,18
0,325667261,0.877786,3177275,3
0,3729289601,1.050483,3179805,30
0,2714914537,0.820275,3182352,30
0,330909017,0.813101,3185361,37
0,2364043463,0.950945,3185945,2
0,418292681,0.981270,3188054,24
0,1854007411,0.910550,3189817,19
0,1917626089,0.942694,3192626,34
0,3347162549,0.946313,3197109,58
0,1680801571,0.846639,3198952,20
0,1904291801,0.942176,3202746,48
0,2966564087,1.002438,3203258,1
0,2484395143,0.908940,3203912,3
0,3433447183,0.916963,3204982,9
0,3084320209,1.035503,3205929,7
0,2084153509,0.897588,3206933,8
0,3149106451,1.012616,3209257,27
0,2121461219,0.846062,3211328,19
0,2831216153,1.058356,3212487,10
0,1156469359,1.047225,3215659,23
0,2831094023,0.971267,3219738,49
0,1414429417,1.047225,3220466,4
0,2986436839,1.073928,3220974,1
0,2996694191,0.904092,3222959,22
0,2433739513,0.882225,3225371,28
0,1771587299,1.035974,3225888,1
0,25329991,0.945797,3226864,8
0,489144571,0.975280,3228204,13
0,2759555587,1.027930,3229904,18
0,1549547521,0.775605,3230613,4
0,1906993639,0.880563,3231614,8
0,3843029117,0.968750,3232902,12
0,3497779157,0.971267,3234123,11
0,2946716359,0.969254,3234777,3
0,390727483,1.021736,3236739,22
0,1466523371,1.003899,3237265,1
0,3342839449,1.119343,3237930,3
0,240906707,0.904092,3241376,43
0,362451673,0.789333,3242650,12
0,3915262579,0.818488,3243303,3
0,4271656447,0.952997,3244389,9
0,11566843,0.927551,3246991,31
0,2612228023,0.967237,3247722,4
0,707723843,1.054659,3249847,24
0,117761899,0.891036,3250625,5
0,2971612069,0.735538,3251484,6
0,409375583,1.071652,3252972,15
0,539250757,1.094196,3255371,28
0,3893894201,1.047691,3256222,6
0,4037490833,0.903552,3257714,15
0,1023933643,0.796722,3261800,52
0,2606918627,0.882225,3265523,47
0,2211943493,1.025076,3267988,24
0,1920580007,0.867152,3268741,4
0,2481352807,1.125434,3269329,2
0,1704989261,0.919621,3270039,4
0,1074286289,1.043020,3271649,17
0,525309557,0.987223,3276836,65
0,4060916809,0.969254,3277975,10
0,284735537,0.862070,3278825,6
0,2077245211,0.888841,3283112,55
0,1261473971,0.972774,3283686,2
0,979202723,0.872205,3284899,11
0,2636507563,1.194878,3289467,59
0,1009536821,0.719429,3292484,37
0,2772332917,0.950945,3294751,26
0,2538180347,1.000488,3297075,27
0,274037233,0.955044,3298866,19
0,4111653563,0.938021,3300078,11
0,797402093,1.095534,3301565,15
0,3651684943,1.050019,3302074,1
0,1330962313,1.101313,3305023,36
0,1019436227,0.844907,3305740,4
0,561471667,0.844907,3309697,50
0,505344407,1.048157,3312872,34
0,1283557279,1.024123,3314383,15
0,4197921887,1.002438,3317770,28
0,977941901,0.899761,3319012,9
0,827662193,0.791187,3320479,13
0,166008331,1.025076,3321967,15
0,4140447679,0.973276,3323046,9
0,3576596801,0.968750,3326124,38
0,2594150201,0.907327,3326990,6
0,1200763063,0.897588,3329171,25
0,762119287,0.916963,3331780,31
0,3788429873,0.971267,3332776,8
0,1504379369,0.948374,3333422,3
0,986870881,1.042552,3335255,20
0,3327033107,1.189965,3335916,3
0,3318985931,1.038798,3336987,9
0,3123392323,0.876115,3338972,22
0,1601850559,0.875558,3343963,65
0,110609347,1.095980,3347189,40
0,3983047193,0.867152,3349170,22
0,247822271,1.000488,3353663,58
0,1270554533,0.942176,3354179,1
0,2196995149,0.831508,3354908,4
0,1408023583,1.017906,3357586,32
0,1276836943,0.985738,3359421,20
0,3760908029,0.942176,3360004,2
0,2699066989,0.827388,3361557,16
0,3632279621,0.776234,3364357,34
0,3627361289,1.117160,3366117,19
0,3755771611,0.975280,3369706,45
0,2601847907,1.078012,3371095,8
0,1290759259,0.844329,3371636,1
0,2265762019,0.983258,3372212,2
0,1333628201,0.876115,3373296,9
0,3519981931,0.911622,3374304,8
0,2868116021,0.889391,3377003,30
0,386816273,0.939581,3382339,70
0,2123181647,1.128467,3383133,5
0,771582499,1.033142,3385036,21
0,37018997,0.875558,3386872,20
0,1352407351,0.827978,3389533,32
0,3375553681,0.860369,3394039,58
0,2540551093,0.812500,3394631,2
0,938751823,0.846062,3399983,70
0,431273231,1.012133,3401115,10
0,3335875471,0.941657,3402049,7
0,2178661703,0.824432,3404166,24
0,2087535799,1.006328,3406628,29
0,1271974943,1.032197,3409092,29
0,777683209,1.004871,3411355,26
0,2619538063,0.987223,3412078,4
0,2665124227,1.073928,3413632,16
0,3225431329,1.129332,3414980,9
0,3669143141,0.694566,3415587,2
0,1122789541,0.705724,3421379,62
0,1536269369,0.659219,3422327,3
0,1781777047,1.016466,3425511,35
0,546684071,0.963190,3429962,57
0,672127499,0.973777,3431023,9
0,192121187,0.668779,3432222,11
0,1690298123,1.133647,3432741,1
0,667930607,1.055584,3434527,19
0,993603907,1.068458,3440084,73
0,713694053,0.921743,3443589,44
0,2518501561,0.702256,3444515,7
0,2537126203,1.077559,3450740,83
0,89969197,1.000976,3451451,4
0,2720422883,0.921743,3453436,22
0,4264984657,0.877229,3456874,43
0,3012410719,0.940101,3458096,11
0,547682227,1.001951,3461177,38
0,1121447027,0.730208,3463776,31
0,773993369,0.668049,3467277,44
0,1827667973,0.963190,3467921,3
0,2358199717,0.862070,3470509,30
0,2228434951,0.864897,3471948,14
0,3088884079,1.016466,3472813,6
0,1913007389,1.111464,3480812,101
0,1741085737,0.866589,3486066,68
0,3484992997,1.012616,3487225,10
0,1817293343,0.946313,3487806,2
0,3429759257,1.171771,3490552,33
0,3148178821,0.971267,3491064,1
0,377057243,0.866589,3493323,26
0,4014304783,0.979277,3496236,35
0,1964252789,0.971267,3497233,8
0,2616607177,0.970764,3498788,16
0,1015967801,1.102642,3500481,18
0,3808214617,1.000488,3502459,22
0,3266635903,0.836777,3503539,9
0,3985608733,1.012133,3505023,15
0,1139261633,1.039268,3505528,1
0,4189622033,0.971267,3509751,54
0,330398399,0.939581,3510333,2
0,4254720263,0.947859,3512098,19
0,784973821,0.822059,3514152,23
0,3155360099,1.077106,3515445,12
0,2986900237,1.033615,3516794,13
0,3350755159,1.113658,3518117,10
0,1407037817,0.879453,3519278,10
0,3180413281,0.987223,3526144,75
0,1367774701,0.958616,3527885,16
0,1810104313,1.135799,3529038,10
0,3683554387,1.009718,3532654,45
0,852121849,1.030776,3536365,47
0,554515543,0.972774,3537085,4
0,3308989051,0.829745,3537669,2
0,376216609,1.130628,3538793,10
0,3883930579,1.094643,3539725,7
0,879596827,1.007782,3543134,41
0,3734740571,0.975280,3544039,6
0,344313337,1.075745,3547344,41
0,2241877783,0.755190,3548129,5
0,3650398571,0.738188,3549846,18
0,4132509259,0.921213,3550988,10
0,2877149521,1.004871,3551986,8
0,1103700259,0.846639,3553124,10
0,4036608739,0.942694,3554192,9
0,3514395299,1.097761,3559794,74
0,2688745291,0.977780,3560521,4
0,2155333177,1.004871,3561174,3
0,1808082307,0.880563,3561752,2
0,4269757829,1.149898,3564855,38
0,3461571901,1.033615,3567612,33
0,3033024373,0.848367,3568893,12
0,3420392023,1.000976,3569479,2
0,1573689433,1.103085,3570196,4
0,2955018427,0.911622,3573095,35
0,2206997981,0.978779,3576317,35
0,785594527,1.008751,3577202,6
0,3332681039,0.902471,3580456,38
0,2209088507,0.916963,3582646,25
0,4272987317,0.950432,3583517,6
0,2387419729,0.946313,3587014,44
0,3403645379,0.944247,3587951,7
0,3716229859,1.067086,3589161,11
0,205516237,0.906789,3592131,36
0,1868271239,1.056047,3592786,3
0,191939171,0.946313,3594957,25
0,2547492751,1.069828,3597855,35
0,323269169,0.942694,3598353,1
0,3217545437,0.911622,3599942,16
0,4013827033,0.844907,3606261,84
0,1580216047,1.131923,3610066,48
0,1142854667,0.879453,3611472,14
0,2952408383,1.000976,3612835,13
0,77992297,1.030776,3614233,14
0,492329339,0.977281,3615019,5
0,1916467183,1.038798,3615897,6
0,3613713067,1.003899,3616551,3
0,2547256631,1.055584,3620174,41
0,4047824903,0.919621,3621613,14
0,546039191,0.908940,3622260,3
0,1421420657,1.116723,3624326,8
0,364719931,0.942694,3625336,4
0,2695100269,0.867152,3626555,11
0,2762976647,0.860369,3628261,18
0,2932123289,1.061581,3629605,13
0,3010107761,0.981767,3632356,33
0,3769979159,0.880563,3636914,59
0,813965657,0.944247,3638173,12
0,1091579771,1.019823,3639514,13
0,2407245059,0.950432,3640312,5
0,1245895121,1.031723,3643180,35
0,565073669,0.751301,3644171,8
0,3678856037,0.725512,3652567,114
0,2945089141,0.894318,3654696,24
0,1156751669,0.983258,3656113,14
0,170038009,0.978779,3656609,1
0,860275061,1.068458,3658365,19
0,1544406349,0.955044,3659159,5
0,3338737951,0.936979,3660720,16
0,232898923,0.910550,3662479,19
0,3550907771,0.879453,3664667,25
0,230790799,0.862070,3665239,2
0,283115293,0.955044,3666102,6
0,599746759,0.815499,3668770,32
0,1462862867,0.920152,3669691,7
0,1361933273,0.927551,3671245,16
0,429229337,0.911086,3673706,29
0,506908219,0.971267,3677523,44
0,1559622829,0.954021,3679180,17
0,4028595317,0.938541,3681962,31
0,1411300531,1.012133,3686110,53
0,2848435147,1.106621,3687671,16
0,2704033117,1.004385,3689642,22
0,2826071827,0.782499,3691283,17
0,3976842773,0.753248,3696136,63
0,2773330141,1.001951,3696788,3
0,4285881697,0.791187,3697866,9
0,3903520679,0.986728,3698456,2
0,1364548957,1.000976,3699388,7
0,2533648939,0.886090,3707937,116
0,895183283,1.188322,3709917,22
0,568224851,0.846639,3715812,78
0,1923229621,0.877229,3719205,42
0,4244742191,0.827978,3721660,29
0,647754853,0.902471,3724112,24
0,506560609,1.004871,3724975,6
0,3108702403,0.683225,3731585,67
0,1086070537,0.873324,3733095,14
0,3574690807,0.882225,3736915,48
0,414564119,0.803435,3737850,7
0,2794465031,1.039268,3738493,3
0,3291003533,0.925443,3739765,12
0,2870247851,1.062959,3743558,48
0,2893150483,0.844907,3744913,13
0,555959681,0.974279,3747353,29
0,3085521899,1.233485,3749895,30
0,3583703983,0.938021,3750697,5
0,1877381801,0.876115,3751633,7
0,3191481253,1.035503,3752422,5
0,3897890167,0.923330,3753286,6
0,2225027297,1.127168,3755353,23
0,3228408881,1.017906,3756136,5
0,2991805483,0.908940,3758035,21
0,134607509,0.858096,3759939,21
0,341589251,1.006328,3762051,24
0,2367883883,0.852386,3763113,9
0,4028197111,1.158360,3763625,1
0,1948399027,0.916963,3769576,79
0,1675697693,0.899761,3775789,83
0,885107177,0.880563,3776650,6
0,2905815137,0.916963,3777225,2
0,917631907,0.912157,3777954,4
0,1069105841,0.893772,3778670,4
0,3840187121,0.978779,3780978,23
0,3634487887,0.665852,3782348,13
0,61321369,0.607569,3783405,9
0,1533757661,1.225940,3784059,3
0,975210791,1.062959,3785111,6
0,448939661,1.079370,3786038,7
0,2380813649,1.094643,3788850,34
0,1278610423,1.066170,3794235,71
0,2492889331,1.035974,3796138,21
0,2790266221,1.006328,3797840,18
0,4014953557,0.950945,3798425,2
0,1982441333,0.858096,3799078,3
0,541999499,0.923330,3799714,3
0,2277411593,0.919621,3801482,19
0,4047282647,0.860369,3806471,65
0,2268884711,0.950945,3808171,18
0,2376368537,1.095534,3809869,18
0,887425417,0.941657,3810716,6
0,495975481,0.919621,3812845,24
0,233229967,1.000488,3813847,8
0,3328795091,0.820275,3818607,62
0,1772088589,1.054659,3822755,53
0,4112433643,1.012133,3825163,24
0,1394409151,1.033615,3826536,13
0,4048005551,0.970764,3829425,21
0,1966953361,0.942694,3830448,5
0,1943707879,0.940101,3834442,50
0,3425155873,1.031250,3835169,4
0,2570559583,0.942176,3835959,5
0,4189118861,0.995105,3838563,31
0,4215120883,0.860369,3839794,11
0,1165906891,1.194878,3840735,7
0,3838288291,0.842012,3841252,1
0,1999689281,0.836777,3843306,23
0,4030967929,1.113658,3845073,19
0,3595934393,0.781250,3845725,3
0,2630522899,0.942694,3847627,21
0,162915547,1.200586,3848202,2
0,500668253,0.781875,3848785,2
0,865033567,1.101756,3849579,5
0,3928801951,1.153290,3850301,4
0,2229726043,0.886090,3852417,24
0,1963605829,1.061581,3854953,30
0,1928769229,1.191195,3855679,4
0,1943070601,1.039268,3858210,30
0,825051797,0.970261,3859424,11
0,1084069607,0.746083,3862170,33
0,1789363937,0.888841,3866587,57
0,3179452303,0.869402,3867589,8
0,150704693,0.983258,3868577,8
0,1490732993,0.858096,3870066,15
0,2434744007,0.906789,3871701,17
0,2161882847,0.989199,3872989,12
0,3737707087,0.802219,3873643,3
0,967003717,0.928078,3880443,88
0,795358937,0.725512,3881336,5
0,761966239,0.978779,3882920,16
0,39788131,1.007782,3883627,4
0,850123957,1.160044,3884633,8
0,3517972499,0.950945,3885269,3
0,4088554867,1.054196,3886199,4
0,1898488883,0.906789,3887280,9
0,1549333109,0.993632,3890442,39
0,705108197,0.942694,3890951,1
0,1451278753,0.882225,3892775,20
0,2239607483,0.783123,3894343,16
0,850251937,1.001951,3897710,42
0,1960138883,0.988706,3899548,20
0,1301762113,0.976781,3901372,20
0,1531956157,0.978779,3902587,11
0,642374533,0.846639,3907644,66
0,2194488217,0.939581,3911728,52
0,3801573229,0.854103,3914289,30
0,612357143,1.095980,3916257,22
0,3461014001,0.981270,3917738,15
0,3910329589,0.945797,3920136,28
0,4024651627,0.822059,3922335,25
0,2784577711,0.977281,3922856,1
0,1926318313,0.968750,3924409,16
0,2524384909,0.889391,3929023,55
0,3609318689,1.070284,3931244,13
0,546166109,0.848942,3932839,13
0,2041578767,0.834439,3933436,2
0,1692513577,0.952484,3935038,15
0,1564940411,0.820275,3936328,12
0,881453201,1.035974,3936907,2
0,2155145653,0.983258,3938542,17
0,675558137,1.132354,3939118,2
0,580548329,1.094196,3940668,16
0,3722682541,1.012616,3941320,3
0,2379112117,0.853531,3944361,37
0,2716274153,0.919621,3949145,62
0,1132198549,0.855246,3954765,74
0,473694107,1.037387,3955775,8
0,2429762939,0.978779,3956776,8
0,2098403773,1.133647,3958342,16
0,3674380747,0.880563,3960660,27
0,1492051657,0.963190,3962146,15
0,827319323,1.066170,3963974,20
0,4162072609,1.097316,3967563,45
0,1161608017,0.895409,3970333,31
0,3056450413,1.208692,3971492,10
0,3934332613,0.981767,3975336,49
0,4217268641,1.100870,3976970,17
0,3127649407,1.059278,3978040,9
0,1159372169,1.104854,3981539,44
0,3171823307,1.015505,3983095,16
0,1585218493,1.222750,3987138,42
0,1245304817,1.012133,3989229,23
0,1187482823,1.097761,3990091,6
0,878564021,0.875558,3991631,13
0,2758281193,0.875558,3992501,6
0,4164092297,1.004871,3997317,63
0,2065073161,0.849517,3998587,12
0,2145916667,1.189144,3999385,5
0,3463288561,0.880008,4001317,21
0,969260297,1.074382,4002031,4
0,2375533619,1.032197,4005204,39
0,3133949803,1.000976,4009551,56
0,699489841,1.102642,4010054,1
0,667040393,0.944247,4010843,5
0,851251309,0.939581,4011627,5
0,1940048179,0.846062,4012138,1
0,2110763807,0.892679,4018317,82
0,2324746117,0.844329,4021690,42
0,3356966309,1.039738,4022909,11
0,2656723117,0.947859,4025510,31
0,3170097517,0.784369,4026316,5
0,786965537,0.939581,4026952,3
0,4127799839,0.759060,4029266,22
0,676826477,0.688210,4030223,7
0,76222127,1.001951,4033379,25
0,1324632847,1.107503,4034330,2
0,3615890851,1.063419,4034952,2
0,2613584243,0.915897,4037617,32
0,2667576323,0.833854,4038770,10
0,3299873821,0.978779,4041152,28
0,1792761811,1.073928,4043424,26
0,3506934517,1.117160,4044843,14
0,1756525607,0.756482,4046048,11
0,1606408541,0.786234,4047412,13
0,2537308793,0.938541,4048686,12
0,1180005601,0.734209,4049193,1
0,1093177961,0.850092,4050107,7
0,2888913869,1.008751,4057244,96
0,803421103,1.007782,4063546,84
0,2740628167,0.937500,4065387,20
0,3247502329,0.796722,4065964,2
0,2165625841,1.253511,4067871,21
0,1880345569,0.955044,4068513,3
0,4084406047,0.875558,4070011,15
0,2962510261,1.161727,4071780,19
0,1281857153,0.872765,4073255,15
0,3871844533,1.067086,4073845,2
0,1453333669,0.968750,4074488,3
0,3608819813,1.097316,4076117,17
0,3682470307,0.803435,4078511,28
0,377876309,0.921743,4079165,3
0,2980014181,1.075745,4083787,60
0,4082164129,1.012616,4086859,32
0,2550484033,1.132354,4087660,5
0,1623682913,0.813101,4089075,14
0,3465311131,1.066170,4092304,37
0,269440727,1.102642,4093380,9
0,843063797,1.074382,4096526,39
0,2017340077,0.973777,4098726,25
0,3500259563,0.888841,4102096,42
0,3700652647,0.908403,4104559,29
0,1485193537,0.944247,4106034,15
0,4016957993,1.035031,4108567,30
0,90445013,0.940101,4112326,48
0,2315809919,1.098205,4113738,14
0,2409780391,0.969254,4114535,5
0,3199210843,0.942694,4118389,49
0,701617517,1.035974,4120028,17
0,2162066441,1.008267,4121718,18
0,1921371337,0.983258,4122370,3
0,4285158817,0.827978,4124619,26
0,2668087157,0.853531,4127663,37
0,1739582833,1.012133,4130616,36
0,2618013911,0.938541,4131128,1
0,945415697,0.771818,4132359,8
0,287617081,0.781875,4134558,25
0,2382816217,1.325088,4138325,35
0,839112121,1.067086,4140146,18
0,2643802199,0.944247,4141422,12
0,174142589,1.063419,4142547,10
0,1734184091,0.940620,4147322,62
0,2020315909,1.046292,4147837,1
0,229094149,0.842012,4152186,56
0,989245897,1.136229,4154511,27
0,1131772133,0.736201,4162553,109
0,683650603,0.938541,4163698,10
0,2607439411,0.877229,4167638,50
0,2084103101,0.915364,4170881,40
0,3581644223,1.099538,4171403,1
0,1968296303,1.122393,4172404,8
0,343756901,0.977281,4173671,12
0,4020581261,1.000976,4175098,14
0,90519263,1.000000,4175888,5
0,3583807631,0.870524,4177300,14
0,1278829283,0.796722,4183660,85
0,1252233403,0.964709,4187167,40
0,928292129,1.204241,4187967,5
0,869283169,1.064795,4189314,13
0,1719359347,1.066170,4190458,10
0,1091391839,0.908940,4191105,3
0,42765139,0.913227,4192100,6
0,2437641527,1.135799,4192765,3
0,2503044703,1.105296,4194252,15
0,3281388779,0.937500,4195737,15
0,4255694683,0.919621,4196265,1
0,4179431983,0.944247,4197472,11
0,957399871,0.782499,4197978,1
0,3340986053,1.094643,4199601,17
0,450514049,0.818488,4200447,6
0,3917353109,0.977780,4201729,12
0,254348813,0.831508,4203148,14
0,1562080243,0.960652,4203882,4
0,1389388963,0.817891,4204666,5
0,2877440339,0.969254,4206559,21
0,1173853309,0.919621,4208613,23
0,848491087,0.863202,4211024,28
0,2925004319,0.891036,4213067,23
0,3390437893,0.886090,4214845,19
0,1478464181,0.877786,4215773,7
0,558472613,0.860369,4216486,4
0,4163628617,0.969758,4217764,12
0,1675076003,1.037387,4220935,39
0,4269512783,0.969254,4221456,1
0,4098819583,1.039738,4224763,41
0,883544687,0.849517,4225840,9
0,3204233203,0.908403,4226993,10
0,504813209,1.073928,4227984,8
0,2803775963,0.891036,4228570,2
0,3816878651,0.824432,4229082,1
0,1712008619,0.801000,4230927,20
0,199699229,1.063419,4232057,10
0,3290531999,0.950945,4234887,30
0,4243781639,0.882225,4238348,29
0,802555417,0.975280,4239782,8
0,1607245481,0.652519,4242047,24
0,3143727043,0.950945,4242711,3
0,2109001831,1.068458,4244414,18
0,2673302209,0.812500,4245692,12
0,2037157307,0.983258,4247399,18
0,960670111,0.952997,4247915,1
0,1322059993,0.751301,4249185,12
0,3844256183,0.945797,4256050,92
0,555991063,1.064795,4257104,9
0,3198891781,1.085235,4259303,25
0,4223249897,0.895409,4263298,51
0,1560259333,1.129764,4265564,26
0,3731314289,0.918559,4266150,2
0,3127921079,1.025552,4271273,67
0,817861361,0.773082,4271781,1
0,3580680611,1.342296,4272573,5
0,3710207461,0.910550,4274973,28
0,2892906241,0.970764,4277023,23
0,1050893603,1.122393,4279063,23
0,1572562349,1.217548,4281248,25
0,980165699,0.873883,4291698,139
0,1411644167,1.146496,4294806,38
0,2207628859,0.880008,4297319,27
0,2331679657,0.738188,4298403,9
0,1506969047,1.006328,4302747,56
0,2370232261,0.827388,4303900,10
0,545237633,1.012133,4304680,5
0,1098099689,1.079370,4306796,24
0,4027030529,0.973777,4308417,17
0,1750200929,0.940101,4309068,3
0,1798875301,0.913227,4310202,10
0,2195228939,0.938541,4310851,3
0,166736651,0.940101,4312122,12
0,3787320307,0.883883,4314609,29
0,3271213859,0.846062,4315744,10
0,3167778389,0.902471,4317162,14
0,3196008709,0.973777,4319347,25
0,846763787,1.043488,4322454,38
0,3516208247,0.817891,4323386,7
0,2029799251,0.916963,4324178,5
0,3971336449,0.972774,4325803,17
0,213049523,1.131923,4326449,3
0,549357131,0.939581,4328080,17
0,623550223,0.939581,4330333,26
0,455496941,1.003899,4331393,9
0,1500563237,1.035031,4332110,4
0,2906120887,0.942176,4333750,17
0,4201632367,0.938021,4334695,7
0,2793534509,0.853531,4335975,12
0,3407450873,0.877786,4337095,7
0,3071283533,1.202211,4341317,39
0,1668941609,0.946313,4342174,3
0,2483567701,0.913227,4343096,7
0,1630938251,0.983258,4344064,5
0,3532068887,0.969758,4346682,31
0,1754255297,0.973777,4348175,15
0,583944869,0.902471,4349513,13
0,2666507449,1.206671,4350109,2
0,1868041921,1.046292,4353611,44
0,706202377,1.040677,4354670,9
0,2777431793,0.843750,4355388,4
0,753074141,0.653267,4358009,31
0,4079875117,0.983258,4359154,10
0,2313901699,0.993632,4363575,57
0,678201739,0.915364,4364432,6
0,593181131,0.997556,4367391,36
0,2743386187,0.820275,4367902,1
0,3132635629,1.099538,4370369,29
0,1946226797,0.853531,4371010,3
0,2523764363,1.050483,4376901,78
0,115457219,0.940101,4378382,15
0,2952257969,0.950432,4381847,43
0,2047368563,0.933847,4383833,22
0,678572161,1.044891,4385092,12
0,284246621,1.006328,4387555,29
0,456683917,1.064337,4388985,13
0,3777946033,0.880563,4389563,2
0,2817896909,1.199365,4390985,14
0,2818285711,1.047225,4394284,37
0,660977227,1.043020,4397232,35
0,4663741,0.705724,4399042,20
0,847202569,0.916963,4402170,36
0,3382031701,0.975280,4402774,2
0,4248621263,1.037387,4405239,29
0,44079727,1.000000,4405733,1
0,2229302087,0.789333,4408068,27
0,1283878751,1.038798,4409487,14
0,858565969,1.002438,4409990,1
0,2549441617,0.919090,4413629,46
0,3834914957,0.880563,4414618,8
0,3130287331,1.039268,4416103,15
0,585001327,0.846639,4417593,15
0,696524761,0.915364,4420983,42
0,575951413,0.849517,4421482,1
0,2707710913,1.156672,4424570,38
0,575305079,0.981767,4427102,30
0,3550038061,1.008267,4428799,18
0,1675441181,0.781250,4433115,55
0,1523734001,0.781875,4437105,51
0,1097101189,0.968750,4444556,80
0,1404906343,0.971267,4445878,10
0,2879969689,1.164665,4446392,1
0,1883804101,1.085235,4446963,2
0,1990760273,0.934370,4450195,40
0,3679942711,0.950945,4454123,50
0,4212746299,1.217146,4455054,7
0,1460907179,0.973777,4456054,8
0,3438758663,0.659219,4456638,2
0,1286957011,1.084785,4457581,7
0,3896964817,1.017906,4458786,11
0,3194360111,0.975280,4461831,37
0,566952319,0.826207,4465475,46
0,4117208639,0.897044,4466276,5
0,2470640173,1.000976,4468382,24
0,289959743,1.037387,4469610,10
0,2408644627,1.000976,4471724,24
0,3752352607,0.921743,4472533,5
0,3295851239,1.235067,4477107,59
0,2793495983,0.952997,4479919,34
0,1962891979,0.944247,4481204,12
0,3572464057,1.197736,4481722,1
0,3760768969,0.951972,4486352,60
0,2313267881,0.970261,4490626,55
0,673984867,0.699470,4491404,5
0,3475780843,1.081178,4493882,25
0,2769336649,1.062959,4494554,3
0,2953216291,1.171354,4497244,32
0,3940589927,1.040677,4498032,5
0,3601131823,0.973276,4499859,17
0,3245320069,0.783746,4500387,1
0,1118789267,0.969758,4502785,28
0,1167509327,1.101313,4507422,60
0,3368483681,0.753248,4510448,37
0,2440757791,0.827388,4512788,27
0,1491328127,1.033615,4513377,2
0,1414473839,1.067086,4515723,27
0,872290337,0.843750,4517347,17
0,2099348833,0.876115,4519167,20
0,4238538613,0.872205,4520034,6
0,928822091,0.877786,4520832,5
0,3757617791,0.910550,4524567,47
0,2451375403,1.039738,4529767,68
0,3477804097,1.008267,4531798,23
0,2217469487,0.915364,4533783,22
0,1766513339,1.095980,4534298,1
0,3911710919,1.035031,4536564,26
0,1207424213,0.972774,4538960,28
0,1033322947,0.849517,4540650,18
0,2845726969,0.851240,4541904,7
0,3772789483,0.832682,4542708,5
0,2485637131,1.043020,4546314,29
0,99651283,0.978779,4547556,9
0,1254294577,0.876115,4550228,32
0,3788519849,0.907327,4551927,18
0,2756416841,0.866589,4552578,3
0,1348411781,0.815499,4553222,3
0,2902346987,0.853531,4556674,43
0,3263139709,1.073928,4557541,6
0,1726260163,1.042552,4558052,1
0,3421176289,0.940101,4559323,12
0,2003011573,0.940101,4560960,17
0,45656783,1.007782,4562152,11
0,584115907,1.058356,4565172,37
0,3112658671,0.940101,4566594,14
0,3169233401,0.897588,4568029,14
0,3757950191,1.084785,4569900,20
0,1727755889,0.882225,4575056,67
0,961501769,0.891036,4576752,18
0,1165474903,0.768648,4577479,4
0,2152587253,1.058356,4578065,2
0,644906347,0.777491,4581021,36
0,840423847,0.748044,4581887,6
0,3190469479,0.766740,4584356,29
0,2425053331,1.029354,4592424,109
0,187445099,0.791804,4592936,1
0,1602252031,1.082983,4593662,4
0,3653885899,1.012616,4595378,18
0,169530733,1.073928,4597184,16
0,2440101637,1.064795,4597768,2
0,1852383409,0.970764,4598977,11
0,1479329707,1.004871,4599558,2
0,2957627363,0.976781,4601920,25
0,1213015913,1.095980,4603200,12
0,3183383531,0.939581,4604349,10
0,2093421959,0.946313,4605069,4
0,86221241,1.004871,4606118,9
0,574029899,0.914830,4606755,3
0,1553525117,0.902471,4608110,13
0,1148879497,0.911622,4610430,27
0,2406791419,0.860369,4611937,15
0,998461573,0.971267,4612646,4
0,2930088521,0.910550,4614337,18
0,2948539037,1.082983,4617225,35
0,3069317389,1.125868,4618158,7
0,2612254573,0.919621,4620926,33
0,3735112873,0.970764,4622200,12
0,3224342267,1.004871,4623687,15
0,3556125007,0.915364,4625545,20
0,3093285451,0.824432,4626131,2
0,3802826413,0.940101,4629213,38
0,851643491,1.064337,4630565,13
0,987775669,1.037387,4632046,15
0,1677274523,1.095980,4634947,35
0,254101993,1.064795,4637893,36
0,1524223,0.884436,4638584,4
0,4058661667,0.813701,4639815,11
0,1390352473,0.854103,4641590,19
0,1455540313,0.920152,4643069,15
0,1726763081,0.912157,4644196,5
0,278651077,0.822059,4645847,17
0,2224903409,0.855246,4646491,3
0,3714709643,1.156672,4647959,1
0,1763015791,0.968750,4648900,4
0,3960594691,0.775605,4650584,18
0,1874840567,0.932801,4651321,4
0,4262999387,0.919621,4652321,8
0,2671494509,1.002438,4653326,8
0,1055982871,0.882225,4656973,46
0,581592439,0.941657,4658317,13
0,1574920027,1.220351,4659329,8
0,190350319,0.721462,4660318,8
0,719007953,1.033142,4661527,11
0,3856419989,0.886090,4662392,6
0,4076601227,0.977281,4666894,58
0,1235871517,0.762910,4668797,21
0,4268821021,0.736201,4669594,5
0,3624221059,0.692454,4672260,32
0,2805220511,0.950945,4673467,11
0,2882379371,0.693863,4674264,5
0,2617449811,0.685366,4676516,26
0,2033381557,0.991172,4677453,7
0,2616645029,1.144365,4678048,2
0,1994352749,0.886090,4680313,26
0,2145070397,1.067086,4681182,6
0,3541264919,0.827388,4686508,70
0,1589644411,1.027930,4688940,28
0,3027598829,0.893772,4690593,17
0,2716365581,1.140946,4691172,2
0,1859636521,0.796722,4693216,23
0,118739851,1.166341,4695397,25
0,1499795393,0.940101,4695974,2
0,4007529073,1.001951,4696762,5
0,2729861653,0.790569,4698069,9
0,3167107147,1.000488,4698679,1
0,181356139,1.001951,4702058,42
0,2888786339,0.973276,4705064,34
0,2412320653,0.853531,4708440,42
0,2951269247,0.886090,4710158,18
0,640092569,0.989199,4711921,19
0,563378239,0.876115,4713129,11
0,3498675413,1.048157,4714261,10
0,510867001,0.834439,4717199,36
0,2174069507,0.973276,4718539,13
0,3445674373,0.822059,4721991,43
0,1653147131,1.070284,4723841,20
0,1008911143,0.846639,4725457,17
0,2584816159,0.897044,4729396,50
0,3264368759,0.978779,4730459,9
0,1520149541,1.004385,4732241,19
0,64415423,1.063419,4733649,14
0,2921181007,0.813101,4735773,24
0,1835181533,0.854103,4737815,23
0,4018118479,0.940101,4738768,7
0,1338593791,0.858664,4741239,29
0,1540594219,0.884988,4742101,6
0,1599901187,0.973276,4743306,11
0,926745947,0.977281,4745723,28
0,48114529,1.095980,4747277,11
0,2807706793,0.924387,4751120,35
0,3073259939,0.880563,4752931,17
0,3411663331,0.964203,4757873,62
0,1524526331,1.031250,4759311,14
0,3092238007,1.085235,4762961,46
0,3708862823,1.094643,4764235,12
0,3735018941,0.946829,4766157,21
0,3516952477,0.946829,4767301,10
0,2869411687,1.009718,4767828,1
0,2212641397,0.932801,4769241,14
0,2662010873,0.989199,4771770,30
0,2115876863,1.035503,4773477,18
0,3604856867,0.973777,4778092,60
0,1172525687,0.722139,4778832,4
0,720143933,1.114973,4780451,17
0,2041627319,0.940620,4783552,38
0,3220913569,0.906789,4786295,33
0,3630534437,0.910550,4788925,31
0,3760347707,0.781875,4794791,78
0,4019119733,1.217146,4796176,13
0,1219152911,1.182968,4799269,38
0,3885624283,1.015505,4802726,43
0,3888932239,0.862070,4805169,24
0,685318243,0.988706,4810742,71
0,2864275049,0.853531,4812172,14
0,3167914051,1.085235,4815737,45
0,526804009,1.094196,4817986,26
0,1112225599,0.919621,4818638,3
0,1659628163,0.789333,4819429,5
0,1288975073,1.064795,4821199,19
0,3152105717,0.824432,4821783,2
0,3056315993,0.969254,4824455,32
0,4285824409,0.895409,4825188,4
0,510347443,1.048623,4827573,28
0,2831116993,0.938541,4828502,7
0,4063685597,0.858664,4829099,2
0,3671557531,0.910550,4830380,12
0,1473825737,1.043020,4831103,4
0,1872630239,0.946829,4831691,2
0,218144897,0.693159,4835808,53
0,3041513119,1.004385,4837098,12
0,2347226779,1.001951,4838729,17
0,545356153,1.004871,4841474,33
0,3572692223,0.844329,4842554,9
0,603054271,0.973777,4844733,25
0,3211269869,0.969254,4846514,19
0,4264457651,1.168432,4849879,37
0,54856031,1.019823,4850394,1
0,742589821,0.983258,4853336,22
0,763520963,0.884436,4854843,9
0,2231261429,1.203835,4857882,37
0,190167251,0.986728,4859788,21
0,1869510163,0.813101,4860514,4
0,1558362479,0.725512,4861668,10
0,363056513,1.014061,4864055,28
0,4277685233,0.882225,4864714,3
0,548213597,0.659960,4865572,6
0,2809175717,1.003899,4866293,4
0,3124638299,0.775605,4867787,15
0,2286246203,1.163827,4869058,12
0,1921202807,0.911622,4876527,101
0,2271393473,0.978280,4877885,13
0,3459779693,1.040677,4879799,21
0,629741731,0.964203,4880446,3
0,1033599331,0.916963,4882367,21
0,310660643,0.771818,4883077,4
0,60684929,1.066628,4884146,9
0,477974099,0.787475,4886271,24
0,3372729989,0.888841,4889208,36
0,3094342633,1.035503,4890915,18
0,334287011,0.952484,4891420,1
0,1210654327,0.888841,4894161,33
0,2725016551,1.016946,4896216,23
0,1599854161,1.220752,4897289,9
0,3660271177,0.763550,4898233,7
0,3299071021,1.099538,4899930,18
0,1454914283,0.632764,4902326,28
0,803385073,0.817294,4904103,19
0,2768782249,0.690335,4907398,35
0,3642690221,0.877786,4908144,4
0,3881780099,0.981270,4910535,28
0,457792967,1.130628,4911480,5
0,3643835009,1.084785,4912340,6
0,1115764801,0.751951,4915265,36
0,3762304309,0.956066,4917445,25
0,934690777,0.973276,4918038,2
0,206807621,1.032197,4918603,2
0,688975159,1.024123,4919256,3
0,2547113053,0.913227,4921237,22
0,2144571623,0.969758,4922667,14
0,721651907,0.877786,4926248,45
0,121680667,1.012133,4926813,2
0,3448067107,0.927551,4929280,29
0,1066240403,0.751301,4931396,24
0,495168893,0.911622,4932682,12
0,3565352803,1.048623,4937511,63
0,1316661263,0.724838,4941950,57
0,277596337,0.940101,4942584,3
0,2154171233,0.971267,4945873,41
0,1367012707,0.758416,4946528,3
0,1028622691,1.128899,4947262,4
0,2195884213,0.877786,4948547,12
0,1799554151,0.975280,4949756,11
0,2920094923,1.006328,4955719,62
0,3945538901,0.978779,4958844,36
0,1737189281,1.128899,4961794,36
0,730349941,0.915364,4963692,21
0,2181428177,0.814900,4964907,11
0,2974979537,1.000488,4965970,9
0,1245608321,1.000976,4969279,39
0,79699673,1.008751,4970211,7
0,1809094013,1.234672,4970874,3
0,2656609663,1.081178,4971808,7
0,1420175527,1.004871,4972392,2
0,3259591831,0.827388,4973040,3
0,3160545119,0.888841,4974735,18
0,218205203,0.944764,4975512,5
0,577492739,0.873324,4976443,7
0,48401429,0.899761,4979582,39
0,158730353,0.860369,4980354,5
0,1250828521,0.846062,4983222,35
0,968279831,0.681078,4983880,3
0,4003184077,1.173436,4984403,1
0,1209121301,1.043488,4985209,5
0,2955310427,0.993141,4986276,9
0,3916539769,0.950945,4987631,13
0,4063015237,0.920152,4990300,32
0,3416160949,1.058356,4991674,13
0,1712090183,1.033615,4992321,3
0,3377368261,0.836193,4993732,14
0,168178211,1.069828,4994786,9
0,2201889259,0.940101,5002049,98
0,264763547,0.818488,5003045,8
0,2478619853,1.002438,5003986,7
0,2447697017,1.016466,5004636,3
0,1384686451,1.091963,5006204,10
0,1976901739,0.713295,5007674,14
0,1943564393,0.908403,5009371,18
0,126455753,0.950432,5015136,74
0,839596369,1.128467,5015795,3
0,1069177157,0.991172,5016801,8
0,1928793023,1.082983,5017537,4
0,247992097,1.093750,5021039,44
0,115683569,0.981270,5022224,11
0,3376277563,0.934370,5023720,15
0,324119039,1.033142,5024939,11
0,3057424757,1.002438,5025730,5
0,1009660937,0.852386,5028565,34
0,4233648673,1.048623,5029768,11
0,536877571,0.944247,5032695,36
0,620703649,1.035974,5035462,33
0,1632238931,0.950432,5038985,44
0,2113012631,0.884436,5039637,3
0,1900099219,1.039268,5040144,1
0,1695460313,0.995105,5041226,9
0,2827452323,0.880563,5042095,6
0,699673951,0.975280,5043102,8
0,1233196127,0.796722,5044441,13
0,392444419,0.956577,5049340,64
0,1334382209,0.884436,5050261,7
0,4164215207,1.033615,5051748,15
0,678520729,1.059739,5053867,20
0,1920514417,0.760987,5057268,29
0,2197314979,0.906789,5058779,12
0,2244373559,0.851240,5060503,18
0,428934313,0.817891,5061290,5
0,1678731913,0.827388,5062351,9
0,730614359,0.735538,5063135,5
0,2997800951,0.844907,5064353,11
0,3425936447,1.012133,5067060,32
0,3957395831,0.938541,5068764,18
0,1555072097,1.128467,5071495,33
0,213646289,0.947859,5073053,16
0,3446673289,0.916963,5075649,31
0,4075934983,1.131923,5076719,9
0,1252137923,1.101313,5080782,52
0,86293283,1.296781,5083223,29
0,3060410099,1.044891,5083953,4
0,4050333601,1.070740,5088177,54
0,914315453,1.192833,5090998,34
0,1364092307,0.848942,5093668,32
0,389743,0.923330,5094420,6
0,4166171131,1.039268,5096542,24
0,256463423,0.855816,5098505,22
0,1752800263,1.066170,5099375,6
0,1608735503,0.993632,5100450,9
0,87917573,1.004871,5102066,17
0,609453883,0.851240,5102858,5
0,3767305277,0.755837,5105586,33
0,3401309711,1.029354,5107564,22
0,3358173241,1.001951,5111540,47
0,2809957781,1.128467,5112849,12
0,3620754727,0.875558,5113641,5
0,2535798809,0.989199,5116119,27
0,248903797,0.889391,5116646,1
0,2474275043,0.844329,5118766,24
0,4119614491,1.048157,5119345,2
0,2934762371,0.987223,5121971,31
0,2019918169,1.097316,5127488,73
0,3258511541,0.981767,5128970,15
0,1429374953,0.907327,5131299,27
0,1591541747,1.054659,5132317,8
0,898167451,1.125434,5135062,33
0,4283616109,0.908940,5138032,36
0,3097425431,0.876115,5139245,11
0,2115557753,0.760987,5141009,19
0,411919663,0.849517,5143123,24
0,2108975059,0.903552,5144337,11
0,72492311,1.043020,5146851,30
0,2341048561,0.921743,5152970,81
0,3422472241,0.977281,5153837,6
0,1096487087,1.071652,5154413,2
0,103069469,0.906789,5157316,31
0,174332701,0.920152,5158399,9
0,3253878709,0.969758,5161938,30
0,1676372123,1.084785,5164206,23
0,2388611443,0.956577,5168441,54
0,1821055471,0.897588,5173855,71
0,120280751,0.910550,5176374,30
0,3304408501,1.097761,5177380,8
0,1123845923,0.832682,5178519,10
0,204312487,1.000976,5183069,59
0,512824229,0.815499,5187622,59
0,3123062011,1.012616,5189594,22
0,1488610759,1.044891,5190663,9
0,1978119817,1.054659,5192504,20
0,3688074431,0.971267,5193379,6
0,3194043779,0.925971,5195160,19
0,2071005829,1.156672,5196787,17
0,1372188017,0.973276,5198341,16
0,2832466991,1.022214,5199539,11
0,2249305621,0.947859,5201156,17
0,1180847539,0.852959,5203063,21
0,1760231909,0.793652,5203647,2
0,1088836129,0.836777,5204217,2
0,3808294421,0.811899,5204882,3
0,3211841443,1.017426,5205402,1
0,1078191071,1.043020,5206556,10
0,4122219733,1.054659,5209435,35
0,477070261,1.212323,5211919,29
0,1372285861,1.288849,5214690,30
0,2847136031,1.063419,5218255,44
0,1659048971,0.880563,5219525,12
0,2378370691,1.063419,5220385,6
0,543483329,0.722139,5220952,2
0,2832075637,1.106621,5221602,3
0,1805931161,0.860369,5224088,28
0,724214683,1.043488,5228654,53
0,2272281413,0.668779,5229791,10
0,3146467007,0.910550,5230733,7
0,3595516097,1.250781,5231250,1
0,1658246867,0.877786,5232891,15
0,3768652763,0.968750,5234453,16
0,3828764627,0.888841,5241212,90
0,1629816499,0.942694,5242549,13
0,1390232099,1.012616,5245003,29
0,2008133053,1.062959,5245878,6
0,3991532981,1.062959,5247530,17
0,1037667461,0.978779,5250691,39
0,3289155773,1.082983,5251750,9
0,251291231,1.004385,5252260,1
0,1304091379,0.925443,5253127,6
0,1188103909,1.000488,5253979,6
0,1158225433,0.969254,5254687,4
0,3021324347,0.813701,5257419,33
0,975963169,0.784369,5262468,48
0,3825763327,1.029829,5265001,26
0,4116887503,1.040677,5265671,3
0,2865428099,1.006328,5268856,39
0,2572222537,0.923330,5269701,6
0,1241507581,0.858664,5272116,28
0,2999348969,1.031723,5273463,13
0,169267673,1.046758,5277112,46
0,696945607,0.860369,5283129,80
0,2554810331,0.853531,5286360,40
0,1043338277,0.815499,5287719,13
0,3550865683,1.102642,5289004,12
0,2898419299,0.973777,5291052,23
0,2599074661,0.906789,5292541,15
0,1601768807,0.981767,5293475,7
0,398971921,1.169685,5295728,26
0,3488216911,1.221951,5297727,22
0,219895211,0.915897,5299015,12
0,726859949,0.930180,5299656,3
0,2992938491,0.700167,5300382,4
0,1017463961,0.844329,5301302,7
0,2769879043,1.008751,5302772,15
0,806600381,0.950432,5303991,11
0,3784133579,1.006328,5305753,19
0,2654997629,0.880008,5306676,7
0,786678899,0.880563,5308584,21
0,4014155153,0.919621,5309093,1
0,672495779,0.863202,5310431,13
0,3956478541,0.783746,5311929,15
0,1276554781,1.073928,5313883,17
0,3597573559,0.782499,5314561,3
0,4045178167,1.094643,5315349,5
0,3163258237,1.039268,5316704,13
0,4228533941,0.971267,5318078,13
0,3677130217,1.035974,5319976,18
0,3397645547,0.969758,5323652,46
0,344958283,0.787475,5324782,10
0,3670585297,0.908403,5326140,13
0,554080169,1.002438,5327689,16
0,3240256489,0.956577,5328750,9
0,720819101,0.832682,5331428,32
0,3515204183,0.940101,5334725,41
0,1023008069,1.163407,5340427,75
0,1727517299,0.753248,5341086,3
0,3007689617,0.816696,5341804,4
0,2208443449,0.985738,5343857,23
0,3818366359,0.813101,5345207,13
0,3697332109,0.782499,5346273,9
0,1689836597,0.971267,5349581,41
0,1869921253,0.952484,5353240,46
0,332247691,1.105296,5353893,3
0,1214133647,0.848942,5354543,3
0,514112999,0.911622,5355541,8
0,1051646473,0.911622,5356537,8
0,533103619,0.952484,5357315,5
0,641379727,1.091068,5363310,75
0,128628943,0.858664,5364613,1
0,219609659,1.104854,5365485,4
0,2817988099,1.067086,5368649,37
0,1494976381,0.932801,5371323,32
0,1575769939,1.111464,5372258,7
0,2251840889,1.012616,5373694,14
0,784830713,0.976781,5375592,20
0,3684071203,0.811899,5377929,27
0,3910025111,1.070740,5380194,26
0,3535261441,0.722139,5380921,4
0,434221141,0.775605,5383027,24
0,2937597167,0.958107,5384722,18
0,3656101171,0.981767,5385318,2
0,1756558019,0.784369,5392183,92
0,471048167,0.851240,5393042,6
0,1336209253,0.911622,5393629,2
0,3901264553,0.930180,5394201,2
0,3765075583,0.960652,5397947,47
0,1945590323,1.058356,5398744,5
0,1062035141,1.003899,5399329,2
0,51727339,1.157094,5402759,43
0,3649193993,1.027930,5405281,30
0,3825481711,0.827978,5407397,24
0,471524399,1.068458,5408387,8
0,3651527021,0.972774,5409040,3
0,3337400357,0.989199,5409757,4
0,1190843117,0.908940,5411741,22
0,1216617707,0.786855,5415470,47
0,2342151731,0.946829,5417103,12
0,2564308511,0.823246,5418225,7
0,3902910899,0.789333,5420978,31
0,630843847,1.071652,5421493,1
0,2915309407,0.804043,5422355,6
0,4225885681,1.044891,5422881,1
0,2638896901,1.135799,5423884,8
0,1413248717,0.977281,5424467,2
0,1326111733,0.811899,5426919,27
0,850962071,1.097761,5428917,22
0,2026278677,1.012616,5433881,65
0,31244293,0.920152,5434505,3
0,4082589551,0.848942,5438189,46
0,3783030211,0.915364,5440790,31
0,2973664879,1.003899,5441381,2
0,4248450793,0.844907,5445116,47
0,1269785807,0.939581,5447445,27
0,2122739953,0.969254,5449214,19
0,1703466091,1.000976,5449723,1
0,2362022141,0.853531,5453027,41
0,1712370377,0.822653,5454572,16
0,2591416501,0.906789,5456336,19
0,340216873,0.916963,5457388,9
0,1162958801,0.947859,5458242,6
0,371370529,0.916963,5459592,13
0,1833486199,0.799169,5463202,41
0,3484513979,1.141374,5463897,3
0,990305861,0.815499,5464408,1
0,1515307243,0.815499,5467610,26
0,3772985917,0.877786,5468281,1
0,261760027,1.006328,5469249,5
0,1136735801,0.950432,5470351,9
0,3486203263,1.194061,5471787,14
0,426682721,0.860369,5476264,58
0,3603598309,0.707797,5480826,59
0,3780535609,1.144365,5481683,6
0,3384192281,1.191605,5483456,19
0,1503784573,0.944247,5485936,29
0,4178181083,1.073928,5486665,4
0,1787911201,0.977281,5488572,21
0,3067638853,1.081178,5489855,12
0,2716659893,1.099538,5490862,8
0,4051593173,1.070284,5493621,33
0,1770949457,0.973276,5495378,19
0,572960021,0.815499,5496366,8
0,3871462627,0.910550,5498145,19
0,343517477,0.848367,5504453,84
0,1664398789,0.880563,5505316,6
0,4237545479,1.104854,5506251,7
0,765099941,0.730208,5511164,64
0,3537154129,0.776234,5512371,11
0,3627022409,1.016466,5514271,21
0,3849231959,1.257788,5518215,50
0,3408068299,0.835024,5519990,14
0,3363987097,0.880008,5524826,60
0,464382973,0.972774,5525571,4
0,2560570037,1.000488,5526153,2
0,1669358797,1.004871,5527081,7
0,3908229847,1.189554,5527600,1
0,2374079207,0.942176,5528886,12
0,3632429173,0.963190,5529462,2
0,67234351,1.008751,5530026,2
0,1415940199,0.752600,5534110,52
0,1068963257,0.973777,5535181,9
0,2759380607,0.753248,5538627,43
0,1213190887,0.700167,5539141,1
0,2570932267,0.973777,5539935,5
0,3039506369,1.094196,5542815,35
0,3650028289,1.043020,5544045,10
0,2952465709,1.038798,5546584,30
0,2962488647,0.978779,5547516,7
0,3666514529,0.866589,5548027,1
0,594861353,0.760987,5551810,48
0,3510899681,0.884436,5552598,5
0,2138823919,1.104854,5553336,4
0,1291022779,1.064795,5555591,26
0,974473763,1.163407,5557081,15
0,2432400043,0.920152,5558926,20
0,2215632539,0.975280,5559787,6
0,3485712383,0.849517,5560316,1
0,3885136919,1.132354,5561109,5
0,902448959,0.822059,5562386,12
0,4005155387,0.969254,5563043,3
0,1898040073,0.948889,5566707,42
0,3099019283,1.068458,5568003,12
0,2034664649,1.048157,5569480,1
0,4028872039,1.050019,5571696,21
0,40992473,1.191605,5573162,13
0,1271037049,0.973777,5573681,1
0,1870637581,1.035974,5576640,36
0,2253412493,1.050019,5579593,36
0,3935083699,1.031723,5584451,63
0,3695515081,0.889391,5590546,81
0,3401024281,0.713295,5591331,5
0,2389771457,0.981270,5593715,28
0,2026981309,0.722139,5596614,35
0,3421576063,0.853531,5599449,34
0,3184981181,0.762910,5601885,28
0,2058093077,0.846639,5602736,6
0,1312719407,0.877786,5604579,20
0,2856211481,1.100870,5605653,9
0,591878927,0.941657,5624595,262
0,2519959907,0.914830,5625923,12
0,2496914467,1.007782,5628303,25
0,3240239201,0.884436,5629027,4
0,3461402543,1.007782,5630171,10
0,3091673833,1.016466,5630956,5
0,1657189283,0.942694,5631537,2
0,4058718647,0.758416,5634138,31
0,2166084773,0.700167,5635348,11
0,1679193587,0.872205,5640348,65
0,135621847,0.940101,5641196,6
0,2453615419,1.064337,5643384,25
0,3420005609,0.792420,5645788,28
0,2642029981,0.911086,5647069,12
0,3082411903,0.888841,5648364,12
0,2102475539,1.142657,5648884,1
0,1368260461,1.001951,5650880,22
0,2699076209,0.844329,5653686,34
0,3761437003,1.038798,5655310,17
0,2938151581,1.002438,5656581,12
0,2750264243,0.750651,5658286,18
0,3234604339,0.907327,5658999,4
0,1217209057,1.035031,5660479,15
0,1121353279,0.993141,5661562,9
0,606078841,1.031250,5662196,3
0,1842810401,0.813701,5663050,6
0,3961164943,1.031723,5664471,14
0,3437128141,1.066170,5665403,7
0,371369393,0.727528,5667963,26
0,2759754001,0.877786,5668489,1
0,515127689,0.781875,5669064,2
0,4271760631,0.855246,5671627,18
0,4177552759,1.065254,5672973,8
0,2457788129,0.963190,5678187,68
0,4274506681,0.888841,5678706,1
0,3372079631,1.019344,5680141,14
0,3908817629,1.033615,5681360,11
0,1001880151,0.930180,5684109,33
0,936951727,0.941657,5684915,5
0,2293679203,0.930180,5685497,2
0,172690253,1.075745,5686272,5
0,1143308501,0.878342,5686980,4
0,3610530239,0.940101,5687920,7
0,1942676693,0.920152,5688792,6
0,3103646057,0.970261,5690146,13
0,2264127143,1.093750,5690879,4
0,1107588623,0.942694,5692934,23
0,2362624447,0.981270,5694145,11
0,104040283,0.964203,5694861,4
0,4046106191,1.001951,5708346,187
0,2145474841,1.200586,5709623,12
0,1891017419,0.756482,5711246,17
0,1852376017,0.940101,5713376,24
0,3469531931,1.033615,5715924,30
0,3946647547,0.933847,5720419,58
0,9919727,0.933847,5721329,7
0,2275881019,0.924387,5723039,14
0,2902686421,0.938021,5725955,35
0,897788477,0.931229,5727088,10
0,862345763,0.722139,5728775,15
0,6528107,1.033142,5730949,25
0,917686699,1.009235,5732311,13
0,2157994667,0.906789,5735113,34
0,1164471907,0.782499,5736109,8
0,2468015899,0.814900,5736841,4
0,1408595953,0.975280,5739658,34
0,398099827,0.942694,5741787,24
0,3971583703,1.033615,5743765,22
0,3739143311,0.958107,5744919,10
0,11747369,0.750000,5748355,43
0,3786543139,0.981767,5751372,37
0,192012011,1.098205,5753412,23
0,605561909,0.911086,5754534,10
0,697371271,0.919621,5755036,1
0,3358652789,1.063419,5756449,14
0,3065664653,1.004385,5757662,11
0,2408071129,0.882225,5759438,19
0,570209929,0.820275,5760576,10
0,264013699,0.939581,5761288,4
0,1038760901,1.006328,5762148,6
0,2142693587,0.906789,5768773,88
0,3114354601,1.034559,5770543,15
0,2302309943,0.939581,5778257,89
0,821252261,0.791804,5780060,17
0,4277306651,1.129332,5781550,15
0,3319386149,1.102642,5789576,109
0,135485923,0.941657,5792020,29
0,233552563,0.941657,5792607,2
0,3604224713,0.986728,5793673,9
0,35123213,0.869402,5794442,5
0,1311551191,0.843750,5796726,26
0,1211750567,0.781875,5797311,2
0,3762089711,0.938541,5798324,8
0,3042195253,0.820275,5801203,35
0,2848669157,0.884436,5805911,61
0,79061089,0.880563,5810784,64
0,3168788929,0.992649,5812348,16
0,3642631687,1.102642,5812933,2
0,491929973,0.735538,5813866,7
0,2525896561,0.771185,5815424,16
0,3769859761,1.064795,5815943,1
0,853761829,1.005357,5817650,18
0,1213492279,1.201399,5819061,14
0,1274096003,0.938021,5822493,43
0,749249537,0.880008,5823342,6
0,3483094397,0.882225,5824355,8
0,493638833,0.972272,5829799,68
0,4181073023,1.067086,5831973,22
0,4030420073,1.012133,5834998,37
0,277712977,0.906250,5837712,33
0,1563985043,0.950945,5839543,20
0,1138656851,0.947859,5840401,6
0,746864429,0.876115,5841895,15
0,2754946367,0.952484,5842545,3
0,3537933023,1.043488,5843127,2
0,2613684041,1.064795,5844905,19
0,2518502729,0.923859,5850880,79
0,3838721489,1.099538,5853228,27
0,125214137,0.985738,5854441,11
0,2153234011,0.897044,5855310,6
0,1333167499,1.130628,5856883,16
0,708656293,0.813101,5858089,11
0,2809849969,0.908940,5860138,23
0,381976193,0.864897,5861957,20
0,988738841,0.977281,5864583,31
0,676730693,0.846639,5865362,5
0,4166205293,1.006328,5866519,10
0,2709916007,0.971267,5870946,57
0,922680887,0.888841,5872103,10
0,1156394249,0.947859,5873104,3
0,3292447867,0.947859,5874736,17
0,152084983,0.971267,5880259,73
0,3307400543,0.844329,5881678,14
0,306318193,1.081178,5882807,10
0,589016971,1.000976,5883743,7
0,632893403,0.729539,5886632,35
0,3397968953,0.940101,5887484,6
0,3081483817,1.159202,5889250,19
0,2790770663,1.138804,5891027,19
0,256276061,0.864897,5892991,22
0,2960794831,0.947859,5899952,92
0,1632856763,1.066628,5903183,40
0,398425187,0.893772,5905304,24
0,3780180787,1.017906,5907942,31
0,1839890167,0.944247,5909300,13
0,222354157,1.098205,5910306,8
0,2666157541,0.814900,5915983,75
0,3411001073,0.866589,5916570,2
0,614647963,0.755837,5917628,9
0,3479280223,0.815499,5920036,28
0,590178553,1.043488,5920960,7
0,2019944467,1.111464,5923351,28
0,1337240089,1.081178,5927090,47
0,745120339,0.783746,5927595,1
0,2691232877,1.125868,5928103,1
0,3899161489,0.947859,5929236,10
0,1159424789,1.039268,5931907,32
0,408598973,0.904092,5932694,5
0,1817774333,0.750651,5937454,62
0,920826253,0.916963,5938106,3
0,1393957163,1.099538,5939376,12
0,3767114359,0.846639,5940373,8
0,655631203,0.906789,5940883,1
0,1819073461,0.877786,5941468,2
0,473583959,0.883883,5942327,6
0,2724965401,1.033615,5943815,15
0,813935329,0.727528,5945991,25
0,390470849,0.947859,5946631,3
0,195566669,0.942694,5952712,81
0,604116377,1.069828,5953985,12
0,3898213201,0.950432,5954910,7
0,2598104473,0.888841,5959547,60
0,2540359769,0.844907,5961815,26
0,4206053441,0.920152,5963177,13
0,3385494691,1.194470,5963686,1
0,2882183651,1.064795,5965799,24
0,274964791,0.973777,5969547,45
0,509801581,0.854103,5974324,62
0,492359191,0.817294,5975030,1
0,3557091361,0.876115,5976865,20
0,3611452499,0.940101,5979217,13
0,3552706537,0.984747,5980404,8
0,3064569539,0.799169,5983771,42
0,1211535751,1.127168,5989466,75
0,3452998007,0.811899,5990188,4
0,3462129427,1.128467,5992376,25
0,12410449,1.035974,5993001,3
0,2627134639,0.947859,5993872,6
0,2421430537,0.981767,5996615,33
0,476305061,0.848942,6001452,63
0,1557510749,0.833854,6002193,4
0,2538407279,0.952484,6007381,68
0,279238831,0.722139,6008023,3
0,2072841247,0.614760,6008675,3
0,2127958733,0.888841,6009399,4
0,3270748289,0.960652,6010319,7
0,2658253579,0.921743,6013552,40
0,3833789579,0.979277,6015524,22
0,4243400803,0.969758,6017872,27
0,423145787,0.843171,6019071,11
0,3926220647,0.967237,6019585,1
0,2075764781,0.791187,6021436,20
0,3878181943,1.004385,6023762,27
0,968595871,0.956577,6027625,49
0,1232829347,0.880563,6030324,28
0,993734173,0.884988,6032045,18
0,907154111,0.975280,6033594,16
0,1724259613,0.804043,6036339,30
0,2119768513,1.004385,6037437,9
0,419755069,0.946313,6038015,2
0,2687320123,0.762910,6039640,17
0,1970350931,0.956066,6041546,21
0,1058338447,0.815499,6045509,50
0,4257974249,0.950945,6047645,24
0,2851330343,0.853531,6048302,3
0,2719219511,0.938021,6051323,37
0,2988010979,0.925443,6054219,35
0,712301939,1.031723,6054878,3
0,1568361241,0.877786,6055807,7
0,59739007,0.843750,6058697,35
0,3786281641,1.003899,6060530,20
0,2665686553,1.033615,6061394,6
0,3795200191,0.849517,6063302,21
0,4231944863,0.818488,6064518,11
0,2577177151,1.043488,6066569,23
0,3273790279,0.952484,6067422,6
0,3061952759,0.848367,6068630,11
0,1811988011,0.975280,6070605,22
0,1011458323,0.784369,6072779,25
0,3685954249,0.815499,6073856,9
0,2851458793,0.829745,6076741,35
0,2608804999,1.205861,6077690,4
0,2030256271,1.044891,6079910,25
0,1546252997,1.008267,6083701,32
0,2450122303,1.095980,6086251,26
0,1852966877,1.025076,6087960,18
0,3053217263,1.004871,6089109,10
0,2837280899,0.999023,6090383,12
0,1760320829,1.081178,6090905,1
0,1331618983,0.822653,6092612,18
0,2696925871,0.906789,6093964,13
0,3778399453,0.913227,6095737,19
0,1626718531,1.043020,6097929,25
0,1154221567,1.133647,6103051,67
0,771342043,0.766740,6103781,4
0,1934948693,1.094196,6104715,7
0,718772897,0.944247,6105226,1
0,665388203,1.101313,6109085,49
0,1393378331,1.006328,6110298,11
0,3597575417,0.813101,6111165,6
0,610480889,0.920152,6112574,14
0,4242418849,1.102642,6115119,30
0,1326454763,0.919621,6116406,12
0,3560586751,1.007782,6120832,57
0,2544742441,0.949404,6124757,50
0,756370717,1.177176,6125610,6
0,2772559697,0.855816,6126754,10
0,836916779,0.836193,6127400,3
0,3327370471,0.735538,6130728,41
0,2045852339,0.956577,6131252,1
0,650960077,0.855246,6132881,17
0,1772298067,0.850666,6134270,9
0,2753130431,0.743461,6136120,20
0,3586421017,0.956577,6136768,3
0,4163430127,0.973276,6137926,10
0,3382817881,0.964709,6142164,52
0,1109399827,0.919621,6145560,42
0,3518991787,0.921743,6146983,14
0,2446881091,0.884988,6148395,14
0,2917630343,0.879453,6148976,2
0,3305883293,0.724164,6153127,53
0,415765067,0.974279,6156699,45
0,2262592273,0.877786,6157211,1
0,1431794369,0.906789,6158348,10
0,642903839,0.834439,6159209,6
0,2134399237,1.105296,6160138,7
0,334883881,0.938541,6163649,44
0,1436841881,0.846639,6165132,15
0,1997996239,0.786234,6166694,16
0,91109099,0.946313,6168685,22
0,472371191,0.940101,6171584,35
0,4016827027,1.009718,6173288,18
0,3442051049,0.977281,6175265,22
0,1681103999,0.941657,6176127,6
0,787389067,0.875000,6178594,29
0,2012924033,1.031250,6179103,1
0,190096597,1.131923,6185244,62
0,981072629,0.913227,6187910,29
0,2876464567,1.000976,6189762,20
0,963693343,0.877786,6190619,6
0,3656111213,0.968750,6191764,10
0,2196519257,1.078917,6193311,16
0,3136990027,0.971267,6196413,38
0,3539789269,0.989199,6198885,29
0,89969197,1.035974,6201329,29
0,600986161,0.988212,6203167,20
0,3465404231,1.132354,6205709,30
0,1429638767,1.068458,6208956,40
0,2459712809,0.968750,6209670,4
0,1849859087,0.732211,6211379,18
0,1497721123,1.054659,6212374,8
0,1282631897,1.000488,6213786,14
0,286794397,0.888841,6215602,20
0,4213041829,1.035974,6216607,8
0,745922951,0.852959,6217611,8
0,1701699173,1.037387,6218335,4
0,2066697043,0.783123,6220520,25
0,3507829309,0.979277,6224352,48
0,1115853209,0.930180,6226380,23
0,2358736427,1.016466,6227310,7
0,3357024071,0.988706,6230891,45
0,696054901,1.002438,6232310,14
0,236266403,1.093303,6232884,2
0,2971205623,0.873883,6234033,10
0,1393596241,0.981270,6235262,7
0,4162531337,0.850666,6235985,4
0,1040406251,0.988706,6237405,14
0,2478452629,0.846062,6238335,7
0,1947372887,0.839108,6239329,8
0,4145440087,0.818488,6242860,41
0,3409848203,0.916963,6247805,64
0,157528741,0.942694,6248388,2
0,1149752297,0.981767,6257980,131
0,4022867887,0.971267,6260528,30
0,3890349031,1.061120,6262331,19
0,1043315303,1.097761,6265430,38
0,603408101,1.197736,6267763,27
0,87027779,1.067086,6268330,2
0,3198891347,0.937500,6268923,2
0,2582866499,0.866589,6269989,9
0,1695509513,1.048157,6271051,9
0,2180704103,0.846639,6276660,74
0,3521673973,1.069828,6277663,8
0,1629779917,1.032197,6278242,2
0,2496233767,1.068458,6279095,6
0,548761361,1.064795,6279599,1
0,1543261193,0.815499,6280179,2
0,3757121653,0.866589,6281249,9
0,3433172563,0.786855,6282547,8
0,3064543151,0.786855,6283441,6
0,2632612483,1.043020,6284517,9
0,4269070381,1.070284,6287217,19
0,2996639501,0.789333,6290405,37
0,2366665369,1.071652,6293133,33
0,3200715269,1.127168,6293642,1
0,3058626359,1.187911,6295284,17
0,523124387,0.907327,6296706,14
0,314520359,0.761629,6298333,17
0,1880566663,0.885539,6301562,40
0,157986989,1.130628,6304097,30
0,2774209159,0.919621,6308088,51
0,256927243,0.994614,6309009,7
0,353286539,0.830921,6309869,6
0,3858751279,1.035031,6310961,9
0,4204109281,0.844329,6312796,20
0,2743036697,1.000976,6313455,3
0,877700773,0.852959,6314378,7
0,3575246827,0.705724,6317362,36
0,269714869,0.835024,6318978,17
0,1146760291,0.743461,6320387,14
0,4244461747,1.188322,6322734,27
0,287667157,0.858664,6327864,67
0,2157874933,1.167596,6329219,13
0,1592761091,0.864332,6330640,14
0,2562307051,1.156672,6334219,45
0,1610455907,0.827978,6334812,2
0,3418847717,1.048623,6336588,14
0,3100771787,0.867152,6337456,6
0,2437384967,1.078012,6338884,14
0,3064805257,1.007782,6339398,1
0,3894420031,0.864897,6340318,7
0,3288721789,0.952484,6344066,45
0,3393892861,1.129332,6344734,3
0,2103696151,0.969254,6348135,42
0,679276177,0.979277,6348990,6
0,2607896261,0.915897,6349642,3
0,3241116143,0.942176,6350156,1
0,3993120533,0.975280,6355985,77
0,565143541,0.752600,6357896,21
0,163359793,0.884436,6358603,4
0,1785111773,0.981767,6359672,9
0,569824223,0.844329,6363347,46
0,1135160203,0.940101,6364920,16
0,4156952323,0.818488,6365865,7
0,3313831727,1.017906,6366584,4
0,321238237,0.911622,6369745,39
0,3284023087,0.969758,6370680,7
0,3861398269,0.956577,6374397,47
0,1025409449,0.834439,6375456,9
0,624527279,0.895409,6378687,40
0,2969759599,1.105296,6385425,86
0,3187201651,1.000488,6386671,11
0,3200281957,0.822653,6388647,10
0,4219318933,0.971267,6389535,4
0,3854369663,0.793652,6393350,45
0,2870941417,1.002438,6397849,58
0,621824149,0.923859,6401215,42
0,2773597129,0.858096,6402560,13
0,868142413,0.730876,6405447,35
0,450106429,0.858096,6407569,24
0,2893886839,0.730208,6409407,20
0,3024814021,1.048157,6410967,16
0,1137116173,0.897044,6413637,32
0,89801917,0.854103,6414490,6
0,1899468211,0.906789,6417243,33
0,964310881,0.741488,6418031,5
0,949616093,0.797334,6418617,2
0,3031898897,0.907327,6420950,27
0,113457941,1.064795,6423189,26
0,2976201443,1.009718,6423701,1
0,1934323661,1.058356,6428119,57
0,3334981009,0.899761,6428628,1
0,3019749119,0.915364,6430130,15
0,4225610827,0.848367,6433639,44
0,2087355967,0.910550,6435420,19
0,106579883,0.877786,6436615,11
0,3747283181,1.057894,6438378,19
0,4080592253,0.880563,6439453,9
0,599912743,1.113658,6440105,3
0,2861885743,0.694566,6440904,5
0,3401534027,0.967237,6445187,52
0,3923238811,0.913227,6445873,3
0,2898246367,0.846639,6448663,31
0,3819723769,0.849517,6453392,61
0,3847448411,1.009718,6454743,13
0,1595624803,0.945797,6455539,5
0,4234664867,0.884988,6457241,18
0,82825913,0.882225,6458090,6
0,612793231,1.126735,6458600,1
0,3834598441,1.044891,6459829,11
0,3900773911,0.824432,6461514,18
0,2360412547,1.259728,6462658,10
0,1607429063,1.007782,6466966,55
0,2988698723,0.880008,6469603,30
0,3273121981,1.088828,6471465,20
0,779241751,0.981270,6473156,18
0,2601579457,1.132354,6476480,41
0,648475031,1.037387,6477200,4
0,841428499,1.098205,6477983,5
0,1703748217,0.824432,6478697,4
0,1632412469,0.978280,6482131,43
0,3734344961,0.817294,6485435,41
0,2847211307,0.730208,6492253,73
0,1311904063,1.048623,6495181,33
0,180796597,0.906789,6496728,16
0,1633901869,0.880563,6497732,8
0,3611728271,0.833854,6500431,32
0,3792096647,0.969254,6502683,26
0,1772425283,0.944764,6505616,36
0,3891652913,0.782499,6507522,21
0,2699004613,0.824432,6510624,38
0,2561081143,0.994614,6513656,37
0,886367953,0.727528,6514996,13
0,629898967,1.000976,6517274,26
0,3214149847,0.899761,6517786,1
0,3861648281,0.891036,6520317,30
0,1581903313,0.886090,6521038,4
0,3107842687,0.850666,6522256,11
0,125763877,0.961668,6524636,28
0,3211809899,1.101756,6526054,14
0,2061380449,0.849517,6526704,3
0,525360929,0.955044,6530909,54
0,3305729351,1.239802,6532208,12
0,1202738351,1.058356,6533068,6
0,2707371697,0.969254,6533785,4
0,2490965777,1.160465,6535846,23
0,4109952773,1.008267,6536710,6
0,2893934941,1.071652,6537868,10
0,2004614137,1.039268,6542227,51
0,2860028131,0.787475,6543689,13
0,77187611,1.002438,6544914,11
0,887942837,0.915897,6546682,19
0,2639532457,0.972774,6548171,12
0,3524566499,0.942694,6550790,31
0,102271283,1.004871,6551775,8
0,2089448797,1.095980,6552290,1
0,2491478903,0.762910,6553157,6
0,3864097999,0.725512,6553672,1
0,1662681049,0.942694,6556775,38
0,562926341,0.950432,6558943,25
0,965042327,1.067086,6559516,2
0,2485931611,1.035031,6560527,8
0,683463509,0.848367,6565457,64
0,4221267907,0.977281,6566897,14
0,1967310949,1.063419,6572556,75
0,2320405543,0.971267,6574054,15
0,3949534339,1.068458,6574703,3
0,2651092271,0.897588,6576472,19
0,75066371,1.043488,6576966,1
0,2211303629,0.822059,6578452,15
0,104033729,1.050019,6579162,4
0,3608659553,0.956577,6581903,33
0,3124695647,1.100870,6582628,4
0,921308137,0.973777,6584538,21
0,3390373739,0.969758,6586654,24
0,3260172317,1.158360,6587295,3
0,1327751903,1.000976,6588098,5
0,24667273,0.897588,6590907,30
0,926904323,1.144365,6591511,2
0,457081589,0.876115,6592026,1
0,3490519733,0.879453,6593628,3
0,3673933661,0.842012,6594383,1
0,3915370961,0.796722,6595184,5
0,1103362291,1.023646,6595976,5
0,3631466621,1.069828,6597887,21
0,3100398157,0.886090,6598888,8
0,1711585903,0.988706,6600024,10
0,3088078859,0.997556,6601647,17
0,3779435357,0.913227,6602159,1
0,4110851779,0.832682,6603024,6
0,1887708541,0.916963,6606311,41
0,3106905877,1.085235,6608096,19
0,1882518083,0.823246,6611188,38
0,4019609303,1.156672,6612759,16
0,2707050601,0.938541,6614941,25
0,3575918063,0.773714,6617956,37
0,249234551,0.846639,6619294,13
0,3552503863,0.813101,6619890,2
0,1100461123,0.813701,6625281,71
0,2548293157,1.146496,6628179,35
0,2147740139,0.892679,6630432,26
0,1992853043,1.048157,6631295,6
0,1051368679,0.705724,6633281,22
0,3086863333,1.164665,6634639,13
0,1889606881,0.983258,6635773,10
0,518243203,1.007782,6637885,24
0,3978845503,0.851240,6638539,3
0,1683660997,0.799169,6642809,55
0,4164198581,1.111903,6645135,23
0,2645817103,0.978280,6646376,11
0,325707589,0.884436,6647506,10
0,3553075237,0.877786,6648940,14
0,825873871,0.882225,6649637,1
0,1238841607,1.105296,6656992,99
0,3485239931,0.813701,6658142,10
0,3362523067,0.784369,6659000,6
0,2018413171,1.035503,6660414,14
0,1471738111,1.106621,6660942,1
0,1140274529,0.793652,6663004,23
0,4082846107,0.880563,6666530,44
0,4272456521,0.820275,6667323,5
0,1930229957,1.052341,6667841,1
0,464295331,1.068914,6668418,2
0,4112619551,0.732211,6670607,25
0,2557047637,0.973276,6672022,14
0,1722592799,0.724838,6672606,2
0,1391115643,0.894864,6675704,38
0,1061779093,1.069828,6678247,30
0,2886363889,0.973777,6678829,2
0,755841553,0.895409,6679608,5
0,233583673,0.888841,6680880,12
0,2245337587,1.064795,6683217,27
0,2709691687,0.985738,6684072,6
0,740552101,0.920152,6686901,34
0,2508440723,0.932801,6688521,17
0,791504209,0.784369,6689662,10
0,4185883697,0.663649,6695306,70
0,148244749,0.756482,6696535,11
0,3299725409,0.946313,6701002,58
0,3926609909,0.876673,6702977,22
0,387156199,0.973777,6704524,16
0,3247901747,0.925443,6708333,48
0,3626201617,0.871645,6709322,8
0,3157863193,0.893772,6712414,38
0,1182078049,1.031723,6712924,1
0,2744576063,1.031723,6713647,4
0,3508475483,0.940101,6715271,17
0,1017595477,1.064337,6717609,26
0,504642323,1.043020,6718832,11
0,1525743683,1.007782,6720186,13
0,1300642331,0.993632,6721251,9
0,482605313,1.075745,6721825,2
0,2911857593,1.125000,6723385,16
0,1598445427,0.944247,6725289,21
0,1611823931,0.724164,6726580,12
0,2849877517,0.915897,6727511,7
0,109704019,1.016466,6729548,23
0,597326153,1.035974,6730260,4
0,1751170081,0.877229,6730906,3
0,2914822447,0.937500,6731917,8
0,1168405243,0.963190,6736058,53
0,309778307,0.968750,6736851,5
0,2522899931,0.873883,6737776,7
0,2382870829,1.099538,6740657,35
0,3387854321,0.911086,6744257,45
0,278045189,0.880563,6748032,48
0,2724633529,0.827978,6750282,26
0,3215131657,0.981270,6753719,43
0,1220291123,1.043020,6755205,15
0,2064704743,1.035503,6757176,22
0,2892002203,0.908403,6758320,10
0,367706771,1.094196,6763154,63
0,2522305349,0.945797,6764504,13
0,3814552321,1.006328,6765299,5
0,150082091,1.066628,6766215,7
0,2039876429,1.006328,6768686,29
0,2346016003,1.091963,6769753,9
0,3372134147,1.035974,6770619,6
0,3382419863,0.907327,6771410,5
0,3988135673,1.002438,6772342,7
0,1075364789,0.758416,6772923,2
0,2668416761,0.877229,6774967,23
0,2091354641,0.846639,6779719,62
0,1493236331,0.972774,6781208,15
0,4161307391,0.969758,6785419,54
0,3418196731,0.908403,6787399,22
0,3529085389,1.014061,6787917,1
0,2337253223,1.044891,6789689,19
0,3467382703,0.977780,6790275,2
0,88126663,0.852959,6791534,12
0,4018278317,0.897044,6792327,5
0,1061528617,1.008267,6793458,10
0,1577229419,1.014061,6794586,6
0,1433901473,0.635075,6796077,15
0,772733219,0.882225,6798697,18
0,1419330853,1.122393,6800832,20
0,3109238191,0.973777,6801989,10
0,1588593239,0.823246,6802919,7
0,182866493,1.052341,6805227,27
0,785709007,1.070284,6806031,5
0,3417032279,1.226737,6806548,1
0,3344138507,0.930180,6810130,45
0,1028999813,1.143084,6815797,75
0,3242096113,1.016466,6817634,20
0,1255398763,0.929129,6820454,34
0,3114785381,0.915364,6821462,8
0,3067542649,0.875558,6822329,6
0,3230360629,0.827978,6823043,4
0,2359716479,0.773714,6825163,24
0,2851746137,1.163407,6826229,9
0,542501017,0.817891,6827221,8
0,2970687091,0.848367,6827943,4
0,2828247271,0.760345,6830627,32
0,1437294407,0.969254,6832965,27
0,3249627679,0.657736,6834584,17
0,2253809609,1.157938,6837255,32
0,1482560477,1.061581,6840066,34
0,1261850729,0.944247,6840989,7
0,1453435843,1.237831,6844232,40
0,3789455503,0.889391,6845092,6
0,815311373,0.818488,6847137,23
0,1010297371,0.805862,6848213,9
0,2514808943,0.783123,6848729,1
0,2656389091,0.781875,6849460,4
0,2772913243,1.003899,6850761,9
0,2659927793,0.919621,6851910,10
0,3681353779,0.781875,6852487,2
0,910928063,0.928078,6853973,15
0,1715204627,1.110145,6856883,33
0,1578527389,0.941657,6858317,14
0,2621377691,0.908940,6862464,53
0,4205272933,1.002438,6867520,66
0,4092955627,0.928078,6872643,67
0,3617780297,0.911622,6873365,4
0,399942817,0.973777,6874012,3
0,1129374089,0.827978,6875555,16
0,3725716529,0.860369,6878505,36
0,3884313053,0.976781,6885387,92
0,1761481031,1.131923,6886731,13
0,3601793659,0.921743,6888519,19
0,2544280681,1.048623,6889661,10
0,1521899441,0.984747,6890799,10
0,1606726897,0.891036,6891528,4
0,3492753653,0.978779,6892741,11
0,1450984291,0.860369,6893257,1
0,1634697887,0.880563,6894954,18
0,3887462203,0.813701,6895904,7
0,540572959,0.855246,6897725,16
0,1130796859,1.130628,6899179,14
0,3065216423,0.873324,6900705,2
0,1570771063,0.927551,6905182,53
0,2671233847,0.827388,6905869,3
0,1979434741,0.822653,6907224,13
0,711417731,0.846639,6909489,26
0,890466463,1.044891,6910066,2
0,3233184193,0.782499,6910781,4
0,2207820101,0.950945,6911703,7
0,1628806727,0.911086,6915368,46
0,860702239,1.012133,6915882,1
0,1210616437,1.014061,6918055,25
0,492828667,1.066170,6919063,8
0,2921692079,0.916963,6923841,62
0,3141120797,1.191605,6924636,5
0,2336354903,1.071652,6925148,1
0,1107734759,1.008267,6926625,15
0,1612510073,0.855246,6929167,30
0,27516877,0.844329,6931056,21
0,2391176561,1.094643,6931849,5
0,934697581,0.827388,6936063,54
0,785454913,0.923330,6936921,6
0,1816347569,0.869402,6937425,1
0,2105111521,0.753896,6938295,6
0,2267691593,1.007782,6938946,3
0,1698497431,0.964709,6939595,3
0,3911778179,0.927551,6941654,23
0,1356139867,0.969254,6944415,33
0,1601498473,0.895409,6949741,70
0,1264298137,0.944247,6951645,21
0,2904073961,0.933847,6952555,2
0,730884559,1.095980,6955805,40
0,2652611719,1.133647,6956749,7
0,3146532029,0.850666,6958088,10
0,3601248031,0.718750,6961509,42
0,4054196389,0.983258,6962576,9
0,303649369,1.009718,6963698,10
0,587371153,0.906789,6966293,31
0,238706449,1.098205,6969958,44
0,1224407981,0.981270,6973564,45
0,2402777483,0.843750,6974220,3
0,761800927,0.813101,6975630,14
0,844525853,0.784369,6977318,18
0,2585709211,0.791804,6979587,26
0,2394889037,1.002438,6981493,21
0,2911711027,1.035974,6982494,8
0,1074944681,0.942694,6985428,36
0,90644647,0.908940,6987191,19
0,75643109,0.883883,6989286,24
0,922639999,1.048157,6989959,3
0,493040971,0.786855,6991229,12
0,1558932251,0.988706,6995115,49
0,994205879,0.888841,6999545,52
0,4270247363,1.019823,7001615,23
0,2975143559,0.973777,7003487,5
0,551061233,1.009718,7004876,10
0,3746777413,0.817294,7007487,31
0,2984216237,1.071652,7010653,39
0,2169854761,0.908940,7011157,1
0,3194342689,0.914830,7015715,59
0,4124846849,0.897588,7017964,26
0,2218225717,1.016466,7020416,29
0,48566521,0.832682,7022738,27
0,230618887,1.200586,7024862,24
0,1770248899,1.128899,7026016,10
0,3634992007,1.074382,7029125,38
0,278206447,1.129332,7031022,21
0,3811265951,0.888841,7032311,12
0,1120633483,1.098205,7037840,73
0,3451692749,0.761629,7039538,18
0,3063757091,0.858096,7040399,6
0,2731393421,0.732211,7041887,15
0,1455501287,0.915897,7043793,21
0,1849508741,0.944247,7045999,25
0,1810515671,0.915897,7051259,69
0,3694430309,1.113658,7051975,4
0,3050534453,0.908403,7054511,25
0,1088378141,1.039738,7055184,3
0,2739072107,0.786234,7056044,6
0,250601047,0.914830,7060044,48
0,3286017089,0.939581,7062661,31
0,2304367393,0.968750,7063945,12
0,3220086029,1.115848,7065714,19
0,1849651381,0.882225,7067488,19
0,568614029,0.956066,7074340,92
0,2277607643,1.033615,7078408,52
0,1895888299,0.796722,7079335,7
0,2390596969,1.191195,7079933,2
0,2696639339,0.986728,7080941,8
0,1165216981,0.925443,7082441,15
0,22643597,1.095534,7083144,4
0,529071601,1.113658,7083652,1
0,594156853,1.037387,7084159,1
0,1440680779,0.971267,7085582,14
0,654825287,0.822653,7086443,6
0,883733161,0.954021,7087868,14
0,2389428511,0.950945,7088598,4
0,2578179649,1.067086,7092619,51
0,1755391801,0.872205,7093831,11
0,3815691941,0.813701,7096032,25
0,1411495093,1.111464,7096746,4
0,2311036099,0.910550,7097679,7
0,597549377,0.977281,7098184,1
0,1816976363,0.911622,7098856,3
0,3680776819,1.032197,7102396,40
0,1476542303,1.070284,7103414,8
0,4069641671,0.854103,7106070,19
0,3215850199,0.808886,7107338,8
0,2916182473,1.027455,7109808,27
0,3490713757,1.004385,7111456,17
0,2383098073,0.984747,7114476,37
0,2384430491,1.007782,7115683,11
0,1336545499,0.950432,7116404,4
0,1459755877,1.047225,7118307,21
0,849790399,0.950945,7123496,68
0,2223447643,1.101313,7124074,2
0,2540562203,0.705032,7125927,20
0,793405231,0.799169,7131666,76
0,3555985291,0.981270,7133575,21
0,1774181219,0.981270,7135633,23
0,4063005547,1.078012,7137751,24
0,2131234591,1.104854,7142260,58
0,4069159337,1.100870,7142849,2
0,468527299,0.893772,7147402,59
0,3471435637,1.037387,7149962,30
0,2920944079,0.947859,7154595,60
0,2763851689,0.995105,7156643,23
0,4248708053,1.016466,7159745,33
0,2727165359,1.033142,7161201,14
0,1066982629,1.004385,7162341,10
0,2758714489,1.131923,7162856,1
0,3396793781,0.789333,7163582,4
0,1157689597,0.818488,7167664,50
0,3714362101,0.818488,7168267,2
0,1017308827,1.063419,7169481,11
0,3083426659,0.911622,7171180,18
0,2472360851,0.907327,7172806,17
0,748297967,0.880008,7175003,25
0,4017722741,0.906789,7176854,20
0,880233019,1.098205,7178900,23
0,1558545689,1.002438,7180100,11
0,2638403597,0.914830,7181235,10
0,3142310909,0.942176,7182592,13
0,2577582949,1.079370,7183172,2
0,1945335941,0.818488,7183966,5
0,2891735069,0.901929,7185237,12
0,2488629097,1.012616,7185894,3
0,3526518469,1.006328,7196249,142
0,2203352947,1.085235,7197182,7
0,491711201,0.977780,7199790,31
0,3303930709,1.129332,7206030,78
0,101497309,1.074382,7211057,52
0,1119571763,1.225143,7212509,12
0,2731437211,1.256623,7213880,13
0,1051075027,0.973276,7214528,3
0,212212417,0.849517,7215163,3
0,2355691967,1.205861,7215810,3
0,4011216529,0.942694,7216536,4
0,1766831711,0.882225,7217903,13
0,2395236587,1.048623,7220158,26
0,1397833831,0.894864,7221711,16
0,2231396977,0.968750,7224446,33
0,3398024489,0.950432,7225172,4
0,2258607277,1.047225,7226949,19
0,1558139147,1.006328,7228233,12
0,2811372493,0.975280,7230981,33
0,626731327,1.110145,7232743,19
0,1814740189,1.138804,7233261,1
0,3663722009,1.166760,7235871,31
0,1146016889,0.950432,7238950,38
0,2648874421,0.947859,7241001,23
0,1756443701,0.846062,7241932,7
0,2069386531,0.950945,7243276,13
0,3435289097,0.858096,7244473,11
0,474496559,0.955044,7245897,14
0,572122321,0.967237,7253026,96
0,3109776547,1.170103,7254236,11
0,110683099,0.988212,7255367,10
0,4152996431,0.838525,7257850,29
0,3723127871,0.872205,7258578,4
0,1690352567,1.000976,7259161,2
0,1595684161,0.938021,7260110,4
0,4007802781,0.884988,7261333,8
0,1336959367,0.813701,7263413,23
0,176848109,1.031723,7268065,58
0,3815380997,0.866589,7269926,20
0,822642607,0.942694,7271927,22
0,516444191,1.062959,7275995,52
0,1244277407,1.064337,7276928,7
0,962401343,0.893772,7277507,2
0,3197438417,0.864897,7280053,30
0,1387246657,1.097316,7283833,48
0,1241756731,0.940101,7285591,19
0,3931166009,0.968750,7286100,1
0,504582227,0.880008,7288479,28
0,2189170169,0.758416,7294715,83
0,2876377433,0.920152,7296341,17
0,2558282747,1.106621,7298254,21
0,1894352543,1.104854,7301982,47
0,3404360963,0.941657,7302917,7
0,310265299,1.129332,7303769,6
0,253551797,0.818488,7306073,22
0,4282029067,1.173020,7311783,60
0,1134279541,1.115848,7316154,52
0,559399783,1.017906,7318006,20
0,1027516933,0.981767,7320893,35
0,1835209591,1.040677,7321477,2
0,602775889,0.860369,7322537,9
0,2680437811,0.755190,7325212,32
0,2031677927,0.604346,7326561,13
0,3717038659,1.099538,7329439,35
0,606805709,0.600293,7332323,35
0,1730627243,0.751301,7336880,59
0,2809070317,0.914830,7338302,14
0,1237591447,0.972272,7339018,4
0,773632829,0.805862,7340871,20
0,611536171,1.203835,7342350,15
0,2888061497,0.844329,7345097,33
0,1749608923,0.829745,7345816,4
0,1691772419,0.928078,7347750,21
0,1196706167,1.213933,7354269,87
0,900217049,0.880563,7356655,28
0,4129067881,1.059739,7359882,40
0,3322088863,0.914830,7362939,31
0,161875757,1.020780,7363951,8
0,2021440921,0.891036,7365513,16
0,283205011,0.908403,7372330,89
0,3052749547,0.846062,7373488,10
0,647240267,1.161307,7374555,9
0,3071756719,1.038798,7376671,24
0,1815084727,0.938541,7378174,15
0,1979827237,0.986728,7381249,38
0,644949143,0.970764,7383503,26
0,2555014393,0.971267,7385337,20
0,184707157,0.946313,7389034,47
0,2956289803,0.880563,7390871,20
0,4067937229,0.760987,7392225,13
0,378452779,1.012133,7393019,5
0,3386767063,1.063419,7394956,21
0,2420071153,0.913227,7396941,22
0,651116071,0.902471,7405983,123
0,2976275443,1.002438,7409375,38
0,231708427,0.882225,7410179,5
0,263010109,1.000976,7411175,8
0,4011746891,1.001951,7415519,39
0,3026473309,1.100870,7416344,3
0,4111784689,1.067086,7417693,13
0,1543492499,0.932277,7418293,2
0,3771615643,1.067086,7418949,3
0,1482586727,0.938021,7419465,1
0,2122413523,0.716027,7421878,28
0,1051172141,1.133647,7424979,38
0,2677306747,0.827978,7427447,29
0,4124568233,0.797334,7430063,31
0,150334007,0.696672,7431334,12
0,4002172387,0.888841,7434023,32
0,1725493673,0.948374,7441237,97
0,2666144603,1.016466,7449455,111
0,953642093,1.000976,7450388,7
0,2535323503,1.194878,7451538,10
0,3888300803,0.940101,7452047,1
0,3812605399,1.161727,7452711,3
0,4268760017,0.930180,7453367,3
0,2432156443,0.907327,7454720,13
0,2965279687,1.039268,7455242,1
0,106433101,1.223548,7455941,4
0,3447583213,0.832682,7456533,2
0,757018037,1.106621,7457257,4
0,3396002767,1.019823,7458122,6
0,4075922497,0.705724,7460434,27
0,1688807137,1.066170,7461503,9
0,3927233077,0.884436,7463618,24
0,1007586607,0.952484,7466136,25
0,858910957,0.997556,7467021,6
0,689640727,0.796722,7468641,17
0,1928726647,0.877229,7469723,9
0,441375397,0.743461,7470833,7
0,2424312481,0.773082,7473370,30
0,822555689,0.818488,7474358,8
0,652489823,1.031723,7475502,10
0,1058666071,1.007782,7476296,5
0,2833179983,0.978779,7476889,2
0,4104966821,0.908940,7477678,5
0,2504189243,0.970764,7481479,48
0,2633155171,1.070284,7482476,8
0,2737010893,0.978779,7485003,30
0,820250261,1.035974,7487036,23
0,2766108689,1.006328,7488728,18
0,3467721209,0.844907,7491564,34
0,2279533391,0.781250,7492155,2
0,1058273497,0.796722,7492879,4
0,2108187071,0.848367,7493534,3
0,33751357,0.753248,7494230,4
0,882892459,1.048157,7495376,10
0,2319500629,0.829745,7497130,19
0,3012071891,0.978779,7500077,36
0,3474753707,1.064795,7501214,10
0,637383881,0.911622,7502559,13
0,2215747679,0.888841,7504105,16
0,1738818779,0.827388,7509565,72
0,87572603,0.939581,7510127,2
0,1989693869,0.946313,7513022,31
0,388645913,1.208692,7515292,13
0,3751126601,1.012133,7517938,26
0,3957869239,0.942694,7519894,21
0,94876849,1.009235,7521226,13
0,2564485019,1.103085,7522448,11
0,163715977,1.098650,7523784,13
0,2156525029,1.008267,7524640,6
0,1092603419,1.142657,7526350,18
0,926476483,0.920152,7527207,6
0,34187207,0.775605,7527771,2
0,162130567,1.178419,7528621,6
0,2536145813,0.786234,7529548,7
0,3569292763,1.236253,7531183,17
0,2068839919,0.904092,7531781,2
0,375533131,1.016466,7532636,6
0,116512763,0.902471,7533702,9
0,4110774277,0.855246,7535116,14
0,2475404741,1.097761,7537441,27
0,3845528039,0.950432,7538950,15
0,3805159103,1.123697,7542114,39
0,1994410153,0.915364,7545437,40
0,3820927129,0.880563,7546403,7
0,529159009,1.095534,7549636,40
0,2678190029,0.796722,7550227,2
0,4039155203,0.995105,7553655,43
0,1860869363,1.189554,7554591,7
0,1006494409,0.947859,7556009,14
0,1107265177,0.910550,7556727,4
0,3278735851,0.815499,7557249,1
0,171142577,0.656250,7559219,22
0,3259947791,0.796722,7562650,43
0,1894155517,0.969758,7566716,52
0,823577849,1.035974,7567834,6
0,337086493,0.820275,7572858,65
0,3943241719,0.822653,7575185,25
0,47584709,1.008267,7575763,2
0,3457140121,1.004871,7578995,40
0,914267153,1.054196,7581171,25
0,1868994503,0.915364,7582453,12
0,1835855059,0.915364,7584946,29
0,487500029,0.855246,7586932,22
0,493235033,1.101313,7594445,101
0,1856284327,0.743461,7595590,10
0,4288289087,1.140518,7596110,1
0,2949832771,1.062959,7596907,5
0,1111254553,0.851240,7598743,20
0,2619429677,0.832682,7600087,13
0,525160099,0.987223,7601298,11
0,3753517517,1.073928,7606000,61
0,3087023419,1.071652,7611393,71
0,3155384623,0.939581,7612264,6
0,3555814399,0.947859,7619109,71
0,4018545431,0.969254,7622066,29
0,1298212343,0.784369,7622661,2
0,2302461647,1.065712,7623592,7
0,752534777,1.043020,7627807,54
0,209074291,0.938541,7628803,8
0,3112419397,0.977780,7630295,15
0,1012427743,0.815499,7633481,39
0,2969526437,1.061581,7636009,30
0,243794363,0.908940,7640402,57
0,1164598517,1.069371,7640923,1
0,934011889,0.916963,7642689,19
0,136654543,0.919621,7646109,43
0,2427213869,1.008267,7646962,6
0,2066112613,0.991172,7647896,7
0,761634871,0.971267,7649591,18
0,3067617517,0.921743,7650101,1
0,729572243,1.048157,7653202,38
0,478188539,0.994614,7659359,82
0,3878640331,0.876115,7661267,21
0,319994999,1.160044,7662053,5
0,403319143,0.813701,7662689,3
0,3718520797,0.864897,7664249,16
0,2951322599,1.138804,7664923,3
0,3121421657,1.009718,7666973,23
0,1467950269,0.879453,7672835,74
0,1897260569,1.191605,7673772,7
0,117101099,0.766740,7674837,9
0,1975769137,1.002438,7677891,36
0,2037299501,0.971267,7678977,9
0,3777366511,0.920152,7681024,23
0,2810622439,0.827388,7685235,51
0,4238784497,1.031723,7687239,22
0,1491426509,0.846639,7691597,56
0,1103392613,0.942176,7693513,21
0,3034204567,0.969758,7694321,5
0,3043364189,1.003899,7697134,34
0,2581930927,0.787475,7698150,8
0,2041433623,0.849517,7701100,36
0,3850785473,0.844329,7701833,4
0,1006370507,0.938021,7707677,77
0,647754529,1.064337,7708602,7
0,2502564821,0.973777,7710368,19
0,1701105911,0.946313,7710955,2
0,2266708163,0.930180,7714323,42
0,2176065539,0.973777,7716295,17
0,551356147,0.894864,7716969,3
0,3684483239,0.973276,7717550,2
0,2870809103,0.955044,7720231,18
0,3505136797,0.826207,7721596,11
0,3792687659,1.039738,7724689,38
0,621623491,0.937500,7729653,65
0,3722415397,1.078012,7733376,47
0,2280272089,0.720107,7733954,2
0,2725831811,1.097316,7734601,3
0,3309768713,0.858096,7735796,11
0,4032824869,0.971267,7736511,4
0,2267348431,1.043488,7745775,126
0,346304957,0.745429,7746416,3
0,2792720519,1.054659,7747065,3
0,278629657,1.004385,7748967,21
0,3719501909,0.971267,7750320,13
0,3027776153,1.002438,7751591,12
0,2324845121,1.123697,7752992,14
0,121236769,1.128467,7753696,4
0,1465492163,0.879453,7756022,27
0,2752666811,0.915364,7756886,6
0,4104725707,0.915364,7759838,36
0,3847083133,0.683225,7760356,1
0,2759789141,1.116723,7761213,6
0,2026874921,0.884436,7763259,23
0,3815700019,0.942694,7763925,3
0,3373896259,0.836193,7765985,23
0,202832521,0.843171,7767526,16
0,3309337621,1.131060,7768175,3
0,760007879,0.696672,7771595,36
0,3184757183,0.759060,7773999,24
0,4169471623,0.950432,7775348,13
0,470533223,0.927551,7776475,10
0,3390626713,0.984747,7778104,17
0,2741897761,1.163407,7779265,8
0,3081129647,1.069828,7779800,1
0,1905764639,1.002438,7781509,18
0,1900055257,0.844329,7783130,17
0,439915291,0.942694,7785314,25
0,3144689621,1.032197,7787358,23
0,579329251,0.813101,7788145,5
0,3106795319,0.864332,7789221,9
0,99068987,0.940620,7790852,17
0,2033768383,1.095980,7792772,21
0,3280575677,0.882225,7794470,18
0,3960343193,0.986728,7797136,32
0,1578056617,0.956066,7799325,25
0,4005944053,1.094196,7801389,23
0,3589505701,0.891036,7803645,26
0,4461929,0.858664,7805024,14
0,4021600283,0.981270,7807388,27
0,2535978947,0.846062,7808256,6
0,298081037,1.004871,7810220,22
0,2928453317,0.822059,7811427,11
0,1150077823,1.061120,7815840,57
0,1824977879,0.969254,7816568,4
0,877698473,1.002438,7817278,4
0,1367728289,1.033142,7818882,12
0,2327728603,1.140946,7819559,3
0,993568721,1.219151,7820069,1
0,2348998651,1.200586,7822206,24
0,2223216461,0.817294,7825133,19
0,2866326469,1.160465,7825752,1
0,2430402167,0.722139,7826620,6
0,1971801313,0.893772,7827835,11
0,3825295219,0.919621,7830793,36
0,3952336463,1.001951,7834336,44
0,3212413121,1.033615,7835121,5
0,3643579831,0.969254,7835986,6
0,43446427,0.628117,7837036,9
0,2473112549,0.913227,7837618,2
0,2059549069,0.901929,7838614,8
0,235318099,0.979277,7840891,26
0,590448941,0.827978,7841672,5
0,3427264847,0.972774,7842187,1
0,2573102689,0.930180,7843401,11
0,3882743243,0.773714,7847746,56
0,829824001,1.004385,7848948,11
0,2736177349,0.899761,7850017,9
0,1808367499,1.054659,7852913,35
0,199164997,1.054196,7853690,5
0,3245057147,0.956577,7857684,51
0,2576470283,1.019823,7866352,118
0,391166843,0.786855,7867701,13
0,1785141887,1.000976,7869198,15
0,3378578921,1.033615,7870680,15
0,1055036911,0.799169,7873078,28
0,4275671143,0.960652,7876489,38
0,1886844473,1.183381,7879334,34
0,4154969407,0.844329,7881771,27
0,2964569177,0.947859,7883612,20
0,1562137019,0.948374,7885035,14
0,1365392321,0.911622,7886375,13
0,2595054439,0.906789,7887103,4
0,431027497,0.783746,7887675,2
0,3661034831,1.101756,7890213,30
0,2962109131,0.892679,7895269,66
0,998746741,0.967237,7897728,29
0,4263929017,0.784369,7900288,30
0,4081174739,0.947859,7901008,4
0,3913925563,0.793652,7902363,13
0,887780141,0.908940,7906654,55
0,2084175449,0.888841,7908216,16
0,4157227801,0.994614,7909648,14
0,4282328663,0.858096,7910588,7
0,848129171,0.891036,7911658,9
0,2506873,1.031723,7912842,11
0,3142657039,0.906789,7916487,46
0,605784743,0.973276,7917755,12
0,3875026457,0.879453,7920773,32
0,649875049,0.914830,7922624,20
0,1345400821,0.907327,7924513,8
0,4157812409,1.007782,7925183,1
0,1729350641,1.269381,7927781,28
0,224843687,1.055584,7931144,42
0,2273968369,1.007782,7932910,19
0,1145776837,0.956577,7933413,1
0,3797135191,0.705724,7939328,78
0,3137094209,0.899761,7941298,22
0,2484112513,0.987223,7942080,5
0,3179026133,1.163407,7944834,33
0,1966305191,0.709864,7945631,5
0,1880407993,1.136229,7947462,20
0,353363281,0.722139,7949922,29
0,2334902161,1.291121,7951964,23
0,2041939579,0.911622,7956470,58
0,1022035909,0.797334,7957612,10
0,2270757443,1.007782,7959868,26
0,2947605601,1.039268,7961784,21
0,9457783,1.003899,7963029,12
0,3101230397,0.978779,7963748,4
0,1423999111,0.729539,7964248,1
0,878127641,1.079370,7964828,2
0,3751047233,1.070740,7967295,29
0,97955701,0.952484,7970463,37
0,3507516977,0.880563,7971607,10
0,4004557769,1.290742,7972192,2
0,4144444453,1.035031,7972979,5
0,916916111,1.004871,7974739,19
0,4110793339,0.993632,7975818,9
0,3218181247,0.755837,7979315,38
0,2631984379,0.770552,7981478,24
0,32378579,0.942176,7985891,54
0,2501754823,0.880563,7987197,12
0,3567933767,0.908940,7988055,6
0,169744579,1.064795,7989802,19
0,4120868317,1.069371,7990896,9
0,2850814553,1.033142,7991907,8
0,3522162503,0.924387,7993415,15
0,287877823,0.895409,7996435,37
0,846644933,0.919090,7997507,9
0,1424250011,0.813101,7998162,3
0,3845971559,0.983258,7998681,1
0,3461976097,0.952484,8004203,73
0,3587894327,0.938541,8005696,15
0,2824664959,0.946313,8012169,86
0,4252183753,1.156672,8012753,2
0,2420433263,0.973276,8013816,9
0,1154620717,1.017426,8016484,32
0,3668836733,1.015505,8018245,19
0,3773801533,1.105296,8019594,13
0,2782911091,0.970764,8021019,14
0,2844859337,0.987223,8021949,7
0,517033883,1.056047,8023199,7
0,3772737077,0.851240,8023951,4
0,3871326463,0.854103,8027267,28
0,3969364877,1.173020,8029305,19
0,2065879537,0.958107,8031702,26
0,2026163417,0.930180,8035161,43
0,3315313163,0.976781,8035742,2
0,2921293307,0.970764,8038290,30
0,1462911733,0.921743,8041052,33
0,3823821823,1.012616,8041646,2
0,1713142183,1.009718,8042715,9
0,4014007117,0.814900,8044976,26
0,4114479079,1.012616,8046900,21
0,1600144747,1.000976,8049634,33
0,3613730947,0.768648,8050853,11
0,1179763723,0.836777,8054210,42
0,1287168079,0.760987,8054995,5
0,1558625729,1.012616,8055995,8
0,4147181587,0.940101,8057906,21
0,3852900377,1.099538,8058620,4
0,3372185659,0.989199,8059277,3
0,1528365607,0.981270,8060548,12
0,1625940011,1.244519,8061896,13
0,81494659,0.872765,8063374,15
0,2659702247,1.016466,8065075,18
0,4179474433,1.169685,8067249,25
0,3922230107,1.162987,8067841,2
0,1571596079,1.065254,8074009,82
0,3641086643,1.026028,8075927,21
0,3846122053,0.797334,8077903,22
0,2273614547,0.662176,8079987,20
0,1490850689,0.894864,8081644,17
0,3761391923,1.027930,8082151,1
0,2008924199,0.889939,8083160,8
0,1144554013,0.985738,8084289,10
0,2266829641,1.095980,8086942,29
0,3827954233,0.914830,8089506,30
0,3281318311,0.976781,8090096,2
0,3823791533,0.938021,8091239,10
0,3974925079,0.950432,8092109,6
0,2919775897,0.889391,8095129,37
0,788759357,0.925971,8100804,75
0,2581438501,0.875558,8102089,12
0,2702680073,1.040677,8103289,11
0,3940812661,1.126301,8107143,49
0,3162797063,0.993632,8107935,5
0,3851263139,0.969254,8108518,2
0,222551779,0.958616,8109101,2
0,4236559021,0.939581,8112180,38
0,1914732121,0.945797,8112903,4
0,3556772587,1.040677,8119223,84
0,3464314547,0.880563,8119813,2
0,1019535337,1.073928,8122351,30
0,2468265937,0.980772,8125287,31
0,1157149859,1.025552,8125957,3
0,1034842153,0.950432,8131590,59
0,1454994577,0.921213,8133523,18
0,2311792943,1.191605,8134319,5
0,3783496399,1.144791,8134907,2
0,772675027,1.000000,8135692,5
0,1558301971,0.844907,8137415,18
0,3515174701,0.997556,8138273,6
0,158918867,1.083434,8140102,20
0,788587139,0.848942,8143146,37
0,194678933,0.930180,8143711,2
0,3252226669,0.875558,8144643,7
0,2629630447,0.983258,8145375,4
0,2812862513,0.813101,8147272,21
0,4016962643,0.913227,8147940,3
0,1764886639,0.722139,8148585,3
0,3425711131,0.858096,8149089,1
0,631892357,0.852959,8149949,6
0,3829706207,0.971267,8150811,6
0,1380074831,0.871645,8153575,33
0,2021238067,0.778746,8154227,3
0,1631223961,1.078012,8154873,3
0,2468092477,1.059739,8155942,9
0,2052098437,1.070284,8156654,4
0,1815422447,0.914296,8158559,21
0,3037028171,0.988706,8164649,81
0,3741775273,0.970764,8170467,77
0,944874193,0.796722,8171107,3
0,3461578829,1.147347,8175239,53
0,2451456907,1.037387,8176510,12
0,2092465301,1.071652,8180250,47
0,1638843497,0.818488,8182602,23
0,1147539697,1.000000,8186279,43
0,3865060613,0.952484,8187079,5
0,1852108259,0.796722,8188382,12
0,253138573,0.877229,8193138,62
0,3560411563,1.043488,8193997,6
0,1290472103,0.913227,8194577,2
0,1250765119,0.852959,8197760,39
0,885419669,0.818488,8201618,49
0,599820103,1.033142,8204065,29
0,2606294627,1.130628,8206038,22
0,89795413,0.940101,8207438,14
0,3536476093,0.986728,8208526,9
0,145324693,0.848367,8211896,42
0,3239909207,0.920152,8212962,9
0,370504793,0.858096,8214156,11
0,13475291,0.920152,8218568,57
0,945348787,0.946313,8219490,7
0,1971776393,1.104854,8220488,8
0,2680521029,0.846639,8224686,54
0,4142617679,0.940101,8225969,12
0,3819057377,0.869402,8226679,4
0,851225519,0.946313,8227998,8
0,2011748371,1.110145,8229371,13
0,429026047,0.820275,8232163,20
0,1222555121,0.862070,8232843,1
0,2084981851,1.068458,8236284,43
0,2470831841,0.983258,8238118,20
0,2387576839,0.877786,8238910,5
0,2010507593,1.127168,8246334,100
0,2590503689,0.858096,8248028,18
0,2959503419,0.882225,8249161,10
0,271362713,1.220351,8250501,13
0,2132650609,1.105296,8251855,13
0,3924946339,1.125868,8253416,16
0,268316591,0.940620,8255322,21
0,1835521031,0.850666,8256955,17
0,3514822957,1.083434,8258031,9
0,4061478227,0.688919,8259735,18
0,3600004607,1.035974,8260898,10
0,2798014189,0.880008,8264826,50
0,147812947,1.025076,8265536,4
0,1924232489,1.048157,8266186,3
0,1166173571,0.902471,8268443,26
0,3999320141,1.032669,8271049,31
0,2317030913,0.928078,8271687,3
0,1001070793,1.035503,8275192,44
0,1315645321,0.952484,8277227,23
0,2483131657,1.002438,8278503,12
0,1302015173,0.863202,8279090,2
0,1621122571,0.897044,8280014,7
0,543105701,1.039268,8281366,13
0,1014496727,0.955044,8283548,18
0,618706841,0.981270,8284923,13
0,1127083163,1.062500,8285928,8
0,620799173,0.846639,8291795,75
0,3736171591,0.952484,8292472,3
0,3700428007,0.781875,8293953,15
0,2967853027,1.095980,8296992,37
0,3643402429,0.853531,8297715,4
0,3227181227,1.033615,8299905,25
0,682453697,0.817891,8300547,3
0,1169568097,0.899761,8301470,7
0,1759573883,0.997556,8301988,1
0,2495185309,0.946829,8302774,5
0,307431127,0.948889,8304458,18
0,1848273223,1.016466,8305318,6
0,1662352999,1.012616,8308769,43
0,2705383301,1.064795,8311442,32
0,2626418987,0.963190,8313872,28
0,2849616557,0.908940,8315853,22
0,1760357167,1.064337,8316509,3
0,645565523,0.778746,8318906,28
0,3483692803,0.940101,8321583,32
0,3085580647,0.910550,8323290,18
0,1970120641,0.899761,8324154,6
0,1166214769,1.054196,8325357,11
0,3437714069,0.827978,8326150,5
0,260478737,0.860369,8329078,36
0,3702375899,1.208692,8331589,25
0,1432803971,0.914830,8332128,1
0,4199771209,0.882225,8332638,1
0,1227543763,0.975280,8335793,22
0,3337728061,1.043020,8338722,33
0,4000744057,1.062959,8340628,21
0,1669399187,1.137946,8343852,40
0,584015413,1.264371,8345759,21
0,1881024461,0.848367,8350041,55
0,299667413,0.969758,8351328,12
0,848381507,1.070740,8355938,60
0,292242017,0.822059,8359930,51
0,121053797,0.970764,8362871,36
0,1357178021,0.864897,8364229,13
0,3839267639,0.991172,8368866,60
0,2869765127,1.004871,8372177,41
0,1779607601,0.893772,8374486,27
0,958966387,1.161727,8376312,20
0,1353044351,1.014061,8377382,9
0,2925064553,0.900304,8378449,9
0,157328581,0.849517,8379226,5
0,1974150163,0.897588,8380721,15
0,3116614429,0.950432,8382700,22
0,3540677237,0.908403,8383357,3
0,649034461,0.889391,8386871,40
0,142968743,0.859801,8391475,57
0,2407401599,0.969254,8393061,16
0,591598129,0.937500,8393974,7
0,1744763983,1.039268,8400487,87
0,685049159,0.827388,8401839,13
0,3279808561,0.882225,8403267,14
0,1604628043,1.094196,8409141,78
0,2877125417,0.915364,8410358,11
0,4224886577,0.919621,8411429,9
0,1179999133,0.942694,8414669,40
0,1949314273,0.945797,8417201,30
0,223159829,0.867152,8418343,10
0,4077436663,0.907327,8418938,2
0,930458327,1.066628,8420636,18
0,1625499671,1.100870,8432652,162
0,1310475247,0.724838,8433462,5
0,3011211527,0.938021,8436360,23
0,970159241,0.750651,8438306,18
0,2468684857,0.910550,8440025,17
0,3417119291,0.846062,8440543,1
0,4009873321,1.068458,8443858,41
0,4249117027,0.778746,8444993,10
0,1801390727,1.169268,8446350,13
0,687814847,1.037387,8447215,6
0,2146287047,0.879453,8449935,32
0,2049932219,0.908940,8451432,15
0,321968681,0.817891,8452426,8
0,1446883849,1.085235,8454047,17
0,1864048031,1.033615,8455329,12
0,3179432041,0.946313,8455840,1
0,1741625881,0.981767,8457183,13
0,644266739,1.126735,8458045,6
0,1800150787,1.010685,8459595,16
0,33057467,0.773714,8460093,1
0,3196153157,0.916963,8461438,13
0,689469191,0.853531,8467662,83
0,1717056949,0.822059,8471228,44
0,1575426557,1.012616,8472392,10
0,2033426429,0.985738,8473688,12
0,3362441777,1.012616,8476139,29
0,4032104101,0.908940,8476782,3
0,2249332717,0.916963,8477290,1
0,4184256953,0.659960,8478229,7
0,466744297,0.936979,8478955,4
0,3642281831,0.988706,8480304,13
0,619530619,0.877786,8481300,8
0,799173169,0.945797,8482502,11
0,2501157167,0.923330,8483849,13
0,3098255981,0.853531,8485056,11
0,3250948537,0.892679,8486117,9
0,3693254813,0.872205,8486626,1
0,2348134309,1.035974,8490219,40
0,2437146431,0.813101,8495370,64
0,1130494349,0.940101,8499460,52
0,3698681057,0.969758,8501225,19
0,3043647023,1.077106,8502722,15
0,1718153933,1.066628,8504077,13
0,513370027,1.067086,8507248,39
0,1114115393,0.969254,8508578,13
0,950074231,0.985738,8509785,11
0,1013875613,0.719429,8510432,3
0,2678136403,0.853531,8512349,21
0,799778867,0.858096,8512867,1
0,158402471,0.849517,8513790,7
0,3840196223,0.877229,8515223,14
0,552783641,0.906789,8516290,9
0,1152101729,0.852386,8516949,3
0,1484869999,1.061581,8520039,38
0,3887328583,1.050019,8520915,6
0,2094252749,0.927551,8521638,4
0,2708416423,0.823246,8523132,15
0,350338643,1.004871,8524335,11
0,1696434319,0.818488,8526649,27
0,676877317,0.977281,8528117,15
0,2319756821,0.899761,8530158,23
0,198764749,0.894864,8530731,2
0,2449700843,0.919621,8531666,7
0,3484395329,0.942176,8532458,5
0,175885987,0.770552,8537838,66
0,344767321,0.988706,8539865,7
0,1277897359,1.094643,8540426,1
0,2864392943,0.981270,8542571,23
0,3868468277,0.915364,8543991,13
0,2799508483,1.086584,8544656,3
0,897948841,0.827388,8546918,26
0,861465067,0.766740,8548986,23
0,4263862747,0.880563,8549857,6
0,2061901921,0.944247,8551195,13
0,358773463,0.920152,8552842,17
0,2158442609,0.888841,8553759,7
0,2608297201,1.223947,8554346,2
0,773956891,1.033142,8554858,1
0,1096385077,0.735538,8556271,14
0,3691137379,0.751301,8558372,24
0,616212511,0.884436,8559227,6
0,72980309,0.725512,8561329,24
0,1021480483,1.067086,8566165,63
0,1354225837,1.207884,8568089,21
0,1146573061,1.222750,8569854,19
0,2050287433,0.969758,8572881,37
0,222455153,1.228725,8575669,34
0,1290878509,0.877229,8578071,28
0,393851329,0.873324,8580317,26
0,4291861997,1.048157,8583224,35
0,549195497,0.846062,8583942,4
0,3665469631,0.921743,8586342,28
0,3218119297,0.820870,8588105,19
0,4066027663,0.829745,8598905,136
0,976419359,0.827388,8600595,17
0,1710108539,0.952484,8601464,6
0,2921210821,0.855246,8603784,27
0,913068781,0.895409,8604362,2
0,3436821463,0.920152,8606211,20
0,2120398901,0.818488,8608398,25
0,817976009,0.846062,8609110,4
0,33517879,1.061120,8609611,1
0,3458110499,1.004871,8612375,33
0,1197435601,1.126735,8614149,19
0,2057616493,1.140946,8614953,5
0,3709256599,1.048623,8616936,22
0,2846044309,0.894864,8619666,33
0,900198707,0.910550,8623462,48
0,1934300803,0.836777,8625161,18
0,367330583,0.849517,8626360,11
0,424744447,0.973777,8633770,100
0,2366242301,0.846639,8634922,10
0,1021427863,1.066170,8635428,1
0,1330552543,0.724838,8636019,2
0,728436433,0.913227,8637357,8
0,572185447,0.688919,8638654,12
0,3853515959,1.012616,8642677,36
0,1937646379,0.978779,8643438,2
0,3154540469,1.225143,8644239,5
0,4222005547,0.958616,8646422,25
0,2421434737,0.902471,8649377,36
0,3421597801,0.993632,8650374,8
0,1467483811,0.940101,8652293,21
0,308119139,0.849517,8653636,13
0,3603346909,0.834439,8655057,14
0,2094363307,0.964203,8657536,29
0,1477694389,1.064795,8658186,3
0,2353906187,0.940101,8659733,16
0,1612223521,0.907327,8661353,17
0,3291760231,0.954021,8664585,40
0,3662084887,1.093750,8665874,12
0,909108887,1.186677,8668054,25
0,2029588213,0.815499,8668639,2
0,1768672393,0.950432,8669784,10
0,3932462249,1.091963,8673361,45
0,4007910883,1.095534,8675073,18
0,575971171,0.978779,8675579,1
0,657989107,0.944247,8677063,15
0,472453523,0.916963,8677630,2
0,2160200719,0.822653,8678129,1
0,2287067941,0.978779,8680311,25
0,2701345973,0.880563,8681091,5
0,3343417687,1.035503,8681668,2
0,381056771,1.005357,8686874,68
0,3622857247,1.000976,8691394,58
0,4189255561,1.219151,8693388,16
0,1779623899,0.924387,8697913,58
0,2579044297,0.820275,8699564,15
0,526221697,0.897044,8701575,22
0,3654353369,0.930180,8703332,19
0,2818726643,0.781875,8703916,2
0,4215843833,0.891036,8704431,1
0,493306171,0.920152,8705014,2
0,4047696703,1.004871,8707975,36
0,2979752341,0.937500,8708628,3
0,868851241,0.889391,8709481,6
0,1323402917,0.897044,8711794,27
0,1122864283,0.813701,8713934,24
0,193049393,0.916963,8715338,14
0,1858039951,0.669509,8719004,46
0,3846411199,0.815499,8719591,2
0,639243811,0.969254,8720231,3
0,3074380483,1.039268,8722070,20
0,112851671,0.844907,8724401,27
0,1635194201,0.882225,8725049,3
0,1995553009,1.004871,8727448,28
0,3254147051,0.724838,8727974,1
0,1755824453,1.040677,8730662,32
0,3322275521,0.818488,8731377,4
0,420387893,0.942694,8735734,56
0,795562169,0.910550,8736950,11
0,1400329081,1.033615,8737890,7
0,1288735873,0.906789,8738944,9
0,1206041393,0.938541,8740660,13
0,3062080909,0.773714,8741467,5
0,3814708057,0.727528,8744874,28
0,1421788003,0.938541,8745662,1
0,963993731,1.048623,8747095,14
0,1039730093,0.662913,8748946,20
0,1860106309,1.203835,8749887,7
0,641576057,1.192833,8752986,38
0,1038027239,1.037387,8755054,23
0,3705064117,1.008267,8762236,96
0,2945741857,0.750651,8764201,22
0,2974336499,0.791187,8765686,15
0,604926031,0.758416,8768498,34
0,224070599,1.135799,8769280,5
0,3803199947,1.003899,8769866,2
0,1228844381,1.007782,8774506,60
0,1193754557,0.970764,8776220,18
0,184003679,0.973276,8777564,13
0,36341749,1.017426,8780297,33
0,2348800609,0.960652,8784726,57
0,3171378239,1.128899,8787957,40
0,2787247139,0.886090,8791337,42
0,3162315029,0.888841,8792404,9
0,4108034641,0.986728,8792920,1
0,546516671,1.188322,8794055,10
0,1581123977,1.004871,8794916,6
0,2687250619,0.860369,8796406,11
0,963293363,0.973777,8798607,25
0,1791916817,1.065254,8799756,10
0,1357387613,0.981767,8800332,2
0,1756333069,0.971267,8801737,12
0,1758487559,0.973276,8802814,9
0,3961321621,1.002438,8803473,3
0,1648668701,1.032197,8805157,18
0,4168780453,1.040677,8805809,3
0,3172742791,0.852959,8807033,11
0,2031143801,0.927551,8811645,60
0,378986099,0.880563,8813553,21
0,1829918017,0.888841,8816009,29
0,1308225367,1.035974,8817310,12
0,3456137687,0.787475,8820324,37
0,102530809,1.000488,8820834,1
0,1046654887,1.105296,8822199,13
0,484561153,0.946313,8823253,9
0,2301425309,1.008267,8826935,46
0,2590130789,0.866589,8827508,2
0,2030053483,0.783746,8828580,9
0,499267037,0.920152,8831680,38
0,2205289139,0.939581,8832395,4
0,3482061053,0.855246,8833321,7
0,2602278649,0.846639,8834602,12
0,3560628871,0.908403,8837134,30
0,601263529,0.942694,8839949,34
0,1502082067,1.070284,8843669,42
0,2206108657,1.282773,8846394,19
0,3301638829,0.877786,8848228,17
0,2834085739,0.766103,8851307,36
0,3013898819,1.163407,8854548,40
0,3730774079,1.080726,8855482,7
0,1743573647,0.818488,8858868,42
0,543429923,0.987223,8859990,10
0,3871355711,1.098205,8862170,25
0,1268822593,1.119343,8863930,19
0,1295844161,0.888841,8867017,38
0,3824862071,0.974279,8869774,33
0,1381814537,0.914296,8870847,9
0,2379216743,0.958616,8871649,5
0,2477244443,1.061581,8872228,2
0,1528613011,0.846062,8873298,9
0,2605450721,0.975280,8874086,5
0,2295048989,0.894864,8875794,18
0,1836053951,1.003899,8877302,15
0,418239553,1.070284,8882942,74
0,2328029981,1.099538,8884849,21
0,672348197,0.908940,8887156,27
0,2506175741,0.786855,8888023,6
0,894270899,1.115848,8888607,2
0,883307371,1.213933,8890654,23
0,181666763,0.882778,8893898,40
0,1830677041,1.019823,8894688,5
0,807288179,1.081178,8895900,11
0,874502851,0.694566,8897106,11
0,3977250341,1.035974,8902632,69
0,185005753,0.875558,8904706,20
0,2273518859,1.079370,8907056,27
0,2230376879,0.985738,8909596,30
0,3776393513,0.858664,8910880,12
0,2540497823,1.075745,8911472,2
0,1220442073,0.973276,8912906,14
0,2637268663,0.944247,8915650,33
0,157921073,0.946313,8916220,2
0,279380221,1.008267,8917483,12
0,3421748873,0.938541,8929028,159
0,1910688049,0.848942,8930645,17
0,1927919857,0.883883,8934719,52
0,3428271167,1.128899,8936558,20
0,192199933,0.827388,8938600,23
0,1043679839,1.101313,8939530,7
0,2054434541,1.063419,8947397,102
0,3317205907,1.064795,8951170,32
0,2236381351,0.768648,8953438,25
0,529917469,0.674595,8957245,48
0,857508331,0.632764,8959727,29
0,1085360737,0.662176,8961707,22
0,2231407817,0.889391,8963114,14
0,1897545271,1.016466,8966837,47
0,1376317753,0.955044,8967342,1
0,3066636301,0.916963,8968264,7
0,3048577369,1.039738,8969285,6
0,485504111,0.756482,8970230,7
0,4044293471,0.937500,8971162,7
0,472646501,0.804043,8973121,22
0,3084447739,0.869402,8973788,3
0,231862879,0.915364,8975761,22
0,620102797,0.925971,8976896,10
0,223082729,0.872765,8978448,16
0,2636686211,1.141374,8979102,3
0,2794234637,0.997556,8980721,17
0,2665815499,0.871085,8983207,29
0,1974110833,0.725512,8984199,8
0,1885432943,1.040677,8985417,11
0,2928644399,0.846639,8987738,27
0,839701909,0.791804,8988954,11
0,4136526337,1.017906,8990090,10
0,631514941,1.257012,8992554,29
0,2805171917,0.978779,8994665,24
0,2778042431,0.725512,9001375,90
0,108373339,0.792420,9002289,3
0,2275689341,0.910550,9003229,7
0,920386241,1.065254,9006246,37
0,3329820157,0.842012,9007588,10
0,2300103947,1.105296,9008814,11
0,3568326193,1.062500,9011412,31
0,1409081887,0.827978,9012206,5
0,153999149,0.937500,9015571,42
0,3796638721,0.987223,9018784,40
0,1685282803,0.812500,9026153,99
0,4239686441,0.942176,9026803,3
0,3253609297,0.875000,9027592,5
0,713639851,1.030776,9029277,18
0,3705855649,1.070740,9031880,31
0,531248017,0.976781,9033085,11
0,3326626973,1.031723,9034223,10
0,996732353,1.002438,9035578,13
0,3925853629,1.063419,9036806,11
0,4190740769,0.946313,9046059,126
0,3498944629,0.978280,9049231,35
0,2337709093,0.928078,9051136,6
0,2307145237,0.796722,9052760,12
0,8917151,0.883883,9053395,3
0,3031965367,0.897044,9055025,17
0,3167921369,1.106179,9055889,6
0,729546887,0.820870,9058066,25
0,129757253,0.908940,9059894,20
0,4215018263,0.933847,9062496,31
0,3752297977,1.147773,9064959,29
0,3074714131,0.755837,9066650,18
0,3452298529,0.940101,9067575,7
0,2914228799,0.848367,9068935,13
0,3543810001,0.940620,9070073,10
0,1046739719,0.915364,9070657,2
0,1727501357,0.958107,9071379,4
0,188027113,0.813701,9072500,10
0,3174941899,0.721462,9073017,1
0,1349110417,0.985738,9073518,1
0,3077494487,0.991172,9076077,30
0,1025337569,0.913227,9080082,51
0,3346804463,1.191605,9081018,7
0,1646337193,1.006328,9082928,21
0,3590791951,0.921743,9083437,1
0,4249482947,0.848942,9084732,12
0,565732471,0.944247,9086155,14
0,879657067,1.250391,9087854,18
0,3201064877,0.942694,9089138,12
0,863070713,1.160465,9089724,2
0,1826763931,1.135799,9094001,55
0,3096367231,0.906250,9097094,38
0,2963613883,0.915364,9100674,45
0,3819428113,1.037387,9101673,8
0,4015177823,1.023646,9103131,10
0,2735580577,0.950432,9104567,14
0,473110801,1.033142,9105835,12
0,877057123,1.000488,9108244,26
0,2934075863,0.968750,9108922,3
0,3759715153,0.950432,9111648,33
0,779892173,0.942694,9112942,12
0,888118661,0.940101,9114984,23
0,1655905799,1.009718,9118625,46
0,469033837,1.002438,9121441,34
0,493113547,0.950945,9122653,11
0,1734840647,0.797334,9123582,7
0,2284190371,1.033142,9124440,6
0,3215505541,0.971267,9126287,20
0,487162769,0.822653,9127903,17
0,3020442197,0.942176,9128406,1
0,864573613,0.829745,9129533,10
0,2155891841,0.970764,9130306,5
0,2861102291,0.977281,9131721,14
0,1787451713,1.003899,9133429,18
