agent_id,prime,g,timestamp_us,checked_since
1,755799823,1.035974,24998234,20
1,587495803,0.915897,24999359,6
1,3503482321,0.939581,25000496,10
1,241589519,1.019344,25004691,54
1,2906515607,0.970764,25007320,31
1,3278401447,0.932277,25008050,4
1,2569792993,1.000976,25009470,14
1,3649579169,1.079370,25012084,31
1,3605224229,1.070740,25014135,23
1,181712233,0.985738,25015121,8
1,2335866539,1.066628,25016414,12
1,346259567,0.936979,25019430,37
1,3468299453,0.970764,25020013,2
1,549794291,0.969758,25020865,6
1,2509043627,0.920152,25026715,77
1,1399483157,0.993141,25028478,19
1,3339838493,0.977780,25029828,13
1,1546120889,0.920152,25031179,13
1,2463023683,1.000976,25032104,7
1,3401357831,0.940101,25035353,40
1,3221343613,0.956577,25037964,31
1,111680509,0.972774,25038464,1
1,2393423983,0.993632,25041798,41
1,1450505633,0.978779,25051757,136
1,1993506373,1.009718,25053038,12
1,2598645389,1.009718,25054737,18
1,1338968237,1.035503,25056432,18
1,846476503,0.940101,25057009,2
1,2467763141,1.012616,25057656,3
1,2173046147,1.000488,25058930,12
1,309162241,0.908940,25059843,7
1,147580117,0.956577,25061753,21
1,390542851,0.978779,25062395,3
1,2277549451,0.975280,25065567,39
1,2792954323,0.968750,25070839,69
1,644079817,0.970764,25076652,77
1,383069377,0.981767,25078682,23
1,1388289167,0.971267,25082704,47
1,3635233517,1.007782,25083228,1
1,3781365673,1.006328,25086877,46
1,1650000619,0.949404,25088370,13
1,2362434341,1.007782,25089172,5
1,2511924073,0.973777,25090657,15
1,1917439507,0.908403,25091583,7
1,1338144917,0.942694,25092100,1
1,180529883,0.983258,25092950,6
1,1098643769,0.971267,25094092,10
1,615924761,1.024123,25097466,42
1,1811105011,1.004871,25100703,40
1,2214729067,1.000488,25102468,19
1,4269126749,0.969758,25105214,33
1,1421140741,0.939581,25108948,47
1,806444843,0.942694,25110286,13
1,3294822899,1.024123,25112544,26
1,1786339603,1.012133,25118347,77
1,132921709,1.017906,25123114,62
1,2543115947,0.981767,25126073,36
1,668575577,0.973777,25129929,49
1,4066528463,0.946313,25131355,14
1,4059117157,0.940101,25135701,56
1,2237815823,1.000976,25136493,5
1,16614011,0.938541,25137267,5
1,3000848813,0.975280,25139450,25
1,1742671519,0.986728,25142072,31
1,1060156789,0.916963,25142809,4
1,293149621,1.064337,25144644,20
1,737546261,1.032669,25146753,24
1,3565063933,0.937500,25147767,8
1,2755919743,1.006328,25148564,5
1,4147544473,1.044891,25149980,14
1,2787131531,1.006328,25150764,5
1,3827228557,1.008751,25155851,66
1,722257171,1.006328,25157201,13
1,4210110479,0.981767,25158486,12
1,185876897,0.971267,25159404,7
1,2012872139,1.025552,25160635,11
1,1531319033,0.911086,25164701,52
1,151940689,1.002438,25165769,9
1,262572473,1.008267,25166547,5
1,4114341899,0.972774,25167130,2
1,6874159,1.009235,25167961,6
1,1035473891,1.012133,25170426,29
1,3579078103,0.999023,25171080,3
1,1941063307,0.985738,25172992,21
1,4098330409,0.907327,25173719,4
1,1536492577,1.017426,25174497,5
1,502491037,0.977780,25175705,11
1,527344247,1.031250,25177058,13
1,3269518991,0.971267,25178830,19
1,3304681819,0.983258,25184609,71
1,2004577093,1.017906,25189032,55
1,3303932729,0.950432,25190402,13
1,1347506827,0.913227,25192743,27
1,611738873,0.978779,25193398,3
1,3700088617,0.976781,25194611,11
1,2860562359,1.012133,25195833,11
1,960125333,0.981767,25197669,20
1,1523483009,1.000488,25198382,4
1,445570061,0.880563,25201820,43
1,575502869,1.009718,25202325,1
1,3755566603,0.986728,25207248,64
1,2977987787,0.993141,25208034,5
1,2449164343,0.950432,25209867,20
1,2592528941,0.919621,25210865,8
1,3586594237,1.007782,25215779,64
1,3023949377,0.911622,25217336,16
1,2243024701,0.876115,25220238,35
1,1037487403,0.946313,25222283,23
1,1058417947,0.978779,25222933,3
1,3775699903,0.972774,25224423,15
1,1769846879,0.940101,25225014,2
1,849515393,0.969758,25225862,6
1,2143101203,1.002438,25227140,12
1,3739551437,1.008267,25229051,21
1,3516949259,1.021736,25233120,52
1,4149930151,0.902471,25237493,56
1,1679165399,1.033142,25238001,1
1,852417949,0.969254,25239982,22
1,562207501,1.000488,25244950,65
1,1975116791,0.981270,25246168,11
1,3385143799,0.969254,25246968,5
1,1645393933,1.004871,25247609,3
1,3545973163,1.000976,25248963,13
1,3138707821,0.908940,25251290,27
1,48970123,0.946313,25252136,6
1,1198385087,1.044891,25253363,11
1,2291799859,1.033142,25255407,23
1,1721311343,1.012616,25257662,26
1,1500881287,1.008267,25259851,25
1,1919340617,0.983258,25262182,27
1,1158264743,1.006328,25264091,21
1,1456487159,0.880563,25267203,38
1,3745786087,0.930180,25269739,30
1,3712254389,0.981270,25272958,40
1,1783764721,0.990186,25277504,59
1,3267792193,1.002438,25279472,22
1,2881495577,0.978779,25282058,31
1,964006247,0.950945,25285010,36
1,1346473643,1.006328,25291876,87
1,3408328477,0.920152,25293481,16
1,3361510483,1.007782,25297241,47
1,3975567143,0.940101,25300058,34
1,3652790699,1.004871,25305615,73
1,32322403,0.975280,25309123,44
1,3004119161,0.985738,25310833,18
1,1245830153,0.993632,25311683,6
1,2792562691,0.986728,25313251,16
1,3531120883,0.925443,25314549,12
1,739917221,0.908940,25319602,66
1,3615052717,0.981270,25321873,26
1,1180656163,0.987223,25323706,20
1,2156328817,0.902471,25330100,85
1,298786699,0.915364,25333917,48
1,1162529633,1.001951,25335468,16
1,293097919,1.007782,25337017,16
1,3599801519,0.906789,25338232,11
1,2383953659,0.968750,25339511,12
1,1800754349,0.937500,25343163,46
1,3198694699,0.969254,25344805,17
1,644682601,0.911086,25348311,44
1,503286631,0.981767,25350009,18
1,686956693,1.043488,25350724,4
1,3854985709,0.969254,25351587,6
1,721809757,1.014061,25352946,13
1,1583571877,1.079370,25356332,42
1,698760527,1.000488,25357700,13
1,1075660997,0.947859,25358207,1
1,1990886353,0.981767,25359978,19
1,3165773419,1.001951,25360854,6
1,1539346301,1.003899,25361854,8
1,343980163,0.981270,25365916,52
1,2983619423,0.963190,25367617,18
1,2537479397,0.971267,25369056,14
1,367095361,0.901929,25369973,7
1,3264203471,1.015505,25370981,8
1,1085488291,0.942694,25376729,76
1,3067458391,0.987223,25378431,18
1,438578741,1.002438,25378932,1
1,2833305487,0.915364,25380149,11
1,404020739,0.940101,25381205,9
1,1304275393,0.947859,25383313,24
1,2700254773,0.908940,25384450,10
1,927313847,1.115848,25385871,14
1,162519589,0.940101,25388321,29
1,2839715507,0.973777,25389262,3
1,400011257,0.924387,25390553,12
1,3964109647,0.844329,25391206,3
1,180408289,0.869402,25393385,15
1,438142631,0.993632,25396467,36
1,3214460443,0.942694,25399358,35
1,1156840493,1.054196,25400221,6
1,971423153,0.946313,25401304,9
1,3550362919,0.987223,25404334,37
1,221518019,1.003899,25407630,41
1,2655528209,0.906789,25411298,46
1,2688929339,0.988706,25413922,31
1,344083039,0.969254,25420157,83
1,621641353,0.916963,25420868,4
1,1986436253,1.002438,25424258,42
1,1159444267,0.971267,25429802,73
1,1226099999,0.973777,25430745,7
1,4173339509,0.977780,25432235,15
1,564626099,1.001951,25434561,27
1,959683427,0.940101,25435636,9
1,1193062919,1.009718,25436699,9
1,1091475491,1.037387,25439516,34
1,1544559739,1.039738,25441211,18
1,2938409861,0.978779,25442555,13
1,3291125797,0.920152,25443614,9
1,1357077613,1.033615,25446241,31
1,2395296049,0.975280,25448695,29
1,4085258209,0.997556,25450262,16
1,172781209,1.012616,25452856,31
1,436532017,1.017426,25455037,25
1,3661341239,1.009235,25457151,24
1,19455481,0.995105,25459667,30
1,828152137,0.975280,25462472,34
1,2901793691,0.956066,25468992,87
1,772203911,0.919621,25470125,10
1,4022358317,1.006328,25474050,50
1,192741667,0.978779,25474617,2
1,862694957,1.018386,25476629,22
1,2623305499,0.969254,25477219,2
1,452601857,0.947859,25478131,7
1,371377759,0.883883,25479192,9
1,2431477249,0.910550,25482974,48
1,2693020229,0.971267,25484810,20
1,3611219201,0.927551,25486021,11
1,1906579511,1.063419,25488343,27
1,2961874511,1.043488,25493167,56
1,1168539499,1.035974,25497083,49
1,916641613,0.973276,25497601,1
1,682551349,1.007782,25498392,5
1,3144028109,0.962683,25499956,16
1,2587248613,0.921743,25501032,9
1,1497251779,1.009718,25502956,21
1,2479493213,0.973276,25504506,16
1,719679733,0.981767,25505016,1
1,320514871,1.003899,25506357,13
1,536908387,0.989199,25509936,45
1,1245364669,0.925971,25511919,22
1,2959836337,1.000488,25512721,5
1,600403157,0.844907,25513297,2
1,1783318013,0.884436,25514443,10
1,3098134399,0.882225,25516376,21
1,2148542281,1.039738,25517079,4
1,3752760337,0.941657,25519336,26
1,2907922349,0.910550,25521539,25
1,1756665341,0.913227,25522471,7
1,401065009,0.937500,25525976,44
1,4107615559,0.941657,25527400,14
1,1464173159,0.942694,25529941,30
1,2879023951,0.942694,25534144,54
1,3252313223,0.940101,25541086,93
1,1560843209,0.911086,25542982,21
1,3360933119,0.947859,25543782,5
1,220949761,1.068458,25554547,148
1,1096378957,0.946313,25556952,28
1,3644612641,0.977780,25558428,15
1,4133304583,0.916963,25559082,3
1,4287244561,0.928078,25564840,76
1,3421890427,0.972774,25566837,22
1,970936049,1.056047,25567630,5
1,865521589,0.969254,25568148,1
1,223585261,0.975280,25569068,7
1,3606978803,1.008751,25572824,47
1,1092880609,1.017906,25573606,5
1,487979159,0.849517,25576633,37
1,4030394633,1.078012,25579883,40
1,882736693,0.950432,25585840,79
1,3926323613,1.070284,25587608,19
1,1136140849,1.006328,25588750,10
1,2852747563,0.846639,25589606,6
1,4052386999,0.938021,25590263,3
1,3865632521,0.911086,25591191,7
1,3535625377,0.974780,25592046,6
1,1538465597,1.006328,25593336,12
1,991697309,1.033615,25601821,109
1,66275383,1.031723,25602505,3
1,2619603257,0.875558,25604337,20
1,1064325827,0.973777,25605694,13
1,1105331111,0.973276,25606845,10
1,1548317021,0.970764,25611826,65
1,3149502077,0.971267,25613873,23
1,3234881107,0.950432,25614380,1
1,1329477463,0.940101,25616404,22
1,1858180991,0.939581,25620158,47
1,736348499,0.987223,25621154,8
1,3027791687,0.973777,25621670,1
1,2759060081,0.946313,25622743,9
1,2388283813,1.039738,25624096,13
1,1584067081,0.875558,25625578,15
1,667708291,1.006328,25626642,9
1,3156273871,0.981767,25628345,18
1,4264246249,0.883883,25629991,17
1,4043611379,1.017906,25630926,7
1,3869551909,1.110145,25632479,16
1,23053571,0.940101,25634153,18
1,3165237001,1.098205,25635637,15
1,3843533857,0.944247,25637333,18
1,863201819,1.040677,25640800,43
1,380144657,0.976781,25644022,40
1,3709689001,0.988706,25645298,12
1,4245386501,1.069371,25645879,2
1,1123347187,0.986728,25646533,3
1,2644675283,1.037387,25649067,30
1,2958937061,0.976781,25649860,5
1,2505328547,0.911622,25652546,32
1,935616289,1.039268,25655699,38
1,2253558401,0.955044,25656649,7
1,3983898313,1.010685,25659392,33
1,1100584231,0.977281,25660471,9
1,2997255179,0.925443,25663485,37
1,659272693,1.035974,25664979,15
1,3493734773,0.938021,25669126,53
1,21057541,1.006328,25671480,28
1,1587091183,1.002438,25677225,76
1,776914429,1.031250,25678652,14
1,2532044609,0.940101,25679164,1
1,1668109657,0.941657,25681208,23
1,3767971033,0.916963,25683490,26
1,967277743,0.907327,25684646,10
1,605397391,0.882225,25686679,23
1,98577133,0.940101,25688033,13
1,1937356979,1.002438,25690358,27
1,690833069,1.000488,25690864,1
1,1519109707,0.983258,25693407,30
1,1717777849,0.916963,25697626,50
1,434296523,1.037387,25700270,29
1,1241509051,0.977281,25700825,1
1,2296919993,0.978779,25703784,36
1,2192036963,0.940101,25705058,12
1,40842203,1.035974,25707597,30
1,2282682341,1.030776,25717337,133
1,434017433,0.973777,25719393,23
1,661533391,0.946313,25719982,2
1,555089771,0.968750,25721680,18
1,3406920329,0.988706,25726722,66
1,1527708437,0.970764,25727447,4
1,2090383171,0.977281,25731255,48
1,843629723,0.950945,25733224,22
1,4136085691,0.956577,25736192,36
1,2593963157,0.971267,25737826,17
1,1908489577,0.944247,25740922,38
1,913864331,0.973777,25741573,3
1,3218622947,0.986728,25743203,17
1,2222222747,0.915364,25744977,19
1,279778913,0.891036,25745682,4
1,2512531529,0.973777,25746538,6
1,807754403,0.995105,25747536,8
1,2221272637,0.991172,25748258,4
1,358924297,0.952484,25748963,4
1,2433658553,0.964709,25751282,27
1,195822959,0.942694,25751852,2
1,2329712599,0.955044,25753273,14
1,3723487241,0.973276,25755390,24
1,2628407533,0.858096,25757996,31
1,144794333,0.969254,25761524,44
1,226730219,0.883883,25764395,35
1,3478088749,0.976781,25765479,9
1,3015059921,0.946313,25765990,1
1,3661153147,0.945797,25767348,13
1,1945050091,0.956577,25768437,9
1,1169416121,0.956066,25769517,9
1,4118373197,1.054659,25770310,5
1,3114896903,0.995105,25775427,67
1,3036548569,1.017426,25776568,10
1,452859109,0.938541,25777715,10
1,261688751,1.048157,25780589,35
1,1451598829,1.006328,25784060,43
1,1539090361,0.920152,25785689,17
1,451624031,1.019344,25787050,13
1,2767026421,0.977281,25790020,36
1,3042431389,1.000976,25794473,57
1,5121751,1.037387,25796905,29
1,4056890891,1.038798,25800390,37
1,2953742963,0.920152,25801559,10
1,2347839911,0.978779,25802361,5
1,2412400019,0.977281,25803291,7
1,2147334613,0.992649,25805693,28
1,1856639923,1.000976,25806983,12
1,1839931307,0.877786,25809044,23
1,3576487009,0.990186,25810604,16
1,2337545939,0.940101,25813138,30
1,1466573543,1.039268,25814144,8
1,860180507,0.981270,25816042,21
1,1823093929,1.012133,25816690,3
1,911367221,1.009718,25819936,40
1,134195723,1.067086,25827197,98
1,2201438153,1.035974,25827782,2
1,3049055887,0.977281,25828581,5
1,2390238953,0.987223,25829505,7
1,3471479477,1.050019,25832384,35
1,3223096241,0.939581,25836932,59
1,4094070037,0.979277,25837993,9
1,3887905033,0.977281,25839340,13
1,4072019683,1.016466,25840702,13
1,3650448073,0.987223,25843870,39
1,759012593,1.014061,25845501,17
1,3855963907,1.039268,25850205,61
1,241093583,1.009235,25854275,52
1,1060706593,0.940101,25857299,37
1,2871009061,0.976781,25858369,9
1,3000666083,0.914830,25859866,15
1,2519446793,0.977780,25866228,85
1,422345753,0.973777,25868477,26
1,2023871167,1.004385,25869618,10
1,3026078479,0.960652,25872445,34
1,3975883253,1.031250,25873660,11
1,22637117,0.976781,25875337,18
1,341626651,0.946829,25876407,9
1,3551409457,0.975280,25877626,11
1,2596004869,0.973276,25878144,1
1,2708556269,1.006328,25878862,4
1,1689474001,0.975280,25879726,6
1,3313015963,1.000976,25881845,24
1,1285505773,0.914830,25882497,3
1,1220011669,0.939581,25883983,15
1,2751963209,0.947859,25884483,1
1,3602925043,0.978779,25889821,70
1,610025257,0.969758,25892760,35
1,3526030721,0.940101,25893831,9
1,3694974923,0.970764,25895394,16
1,2339788453,0.938541,25898077,32
1,599384477,0.938021,25900190,24
1,1455391019,0.942176,25901429,8
1,2432597809,0.952484,25902022,2
1,3450523561,1.017906,25902771,2
1,105134437,0.973777,25904822,23
1,4182470771,1.063419,25907500,32
1,1689597473,0.977281,25908839,13
1,2147512889,1.008267,25909759,7
1,1055878567,0.950945,25911392,17
1,3858408703,0.971267,25913807,28
1,436215233,1.001951,25915488,18
1,2722735957,0.941657,25917046,16
1,3997693163,0.981767,25918965,21
1,1859162509,1.040677,25920238,12
1,811761967,1.079370,25920746,1
1,1704559319,1.070740,25922646,21
1,345327067,0.952484,25924832,25
1,2390479913,0.977281,25925767,7
1,62136073,0.956577,25926328,2
1,3748617127,0.993632,25927076,4
1,3032546701,1.025076,25927659,2
1,3153863,0.986728,25933374,76
1,840224989,1.032197,25935969,31
1,3606660689,0.973777,25936687,4
1,790504907,1.012133,25939158,29
1,3939919967,1.006328,25939882,4
1,707985527,1.098205,25941922,23
1,3851006717,1.008751,25942440,1
1,284693323,0.860369,25944408,22
1,2341580369,0.954021,25946043,17
1,2878870333,1.012133,25947187,10
1,4193338883,0.907327,25947992,5
1,3287180513,1.098650,25954662,89
1,3513683681,1.000000,25955173,1
1,706542301,1.012133,25957852,32
1,574953877,0.942694,25959605,19
1,563123629,0.880008,25963543,50
1,1859052491,0.988706,25967074,44
1,3076851149,0.973777,25974097,94
1,3946333099,1.095980,25977192,38
1,641802901,0.944247,25980858,46
1,2285356609,1.043020,25982904,23
1,2622858643,1.009718,25986836,50
1,788675737,0.946313,25987555,4
1,2668467019,1.002438,25988486,7
1,3282913169,0.977281,25991921,43
1,305755577,0.983258,25992564,3
1,2748379093,0.950945,25993918,13
1,2874635597,0.877229,25994505,2
1,481453723,1.002438,25996680,25
1,3686818361,0.920152,25998116,14
1,1157870069,1.048157,25998910,5
1,2855160601,0.969758,25999696,5
1,2771263291,0.956066,26001263,16
1,2286034393,0.970764,26001773,1
1,304705847,0.938541,26004393,28
1,2370562483,0.984747,26006407,20
1,1264588649,0.963190,26007568,10
1,3672067897,0.907327,26008719,10
1,3060482497,1.075745,26010834,24
1,887958469,0.973777,26013793,36
1,867930029,0.844329,26014308,1
1,2477986597,1.012133,26018024,47
1,4162403239,1.004871,26018886,6
1,3550022701,0.883883,26019749,6
1,1198004267,0.991172,26021019,12
1,3902807039,0.939581,26027471,86
1,3211399307,1.002438,26028751,12
1,1108383779,1.033615,26029456,4
1,3901793941,0.984747,26030319,6
1,463190941,1.002438,26032111,19
1,3880049743,0.945797,26032842,4
1,2331719053,1.043020,26036571,47
1,1139026813,1.033615,26039314,33
1,3947554729,0.993632,26041507,25
1,1029261137,0.977780,26043055,16
1,3283386133,1.035974,26045447,28
1,2718226261,0.970764,26048413,36
1,3975707011,0.946313,26054949,87
1,1747640267,0.969758,26057412,29
1,189097213,0.944247,26058339,7
1,2786239727,1.016466,26058926,2
1,3524343527,1.003899,26060549,17
1,3001690777,0.975280,26063447,35
1,3060778327,0.968750,26066689,40
1,1767070951,1.000488,26070582,49
1,505410481,1.000488,26072772,25
1,1503244531,0.888841,26073562,5
1,2903885903,0.964709,26078469,64
1,3366079573,0.915364,26081060,31
1,3495414157,1.035974,26086120,66
1,3305618713,1.063419,26086841,4
1,1847871547,0.946313,26088116,12
1,3093989939,0.987223,26089118,8
1,4277057063,0.983258,26093978,63
1,454580053,0.938541,26097841,49
1,4132156417,0.969758,26100807,36
1,2436060743,1.067086,26103643,34
1,476366641,1.017426,26105345,18
1,2452704619,1.039268,26106162,2
1,2391312713,0.993632,26110181,49
1,376905979,0.969758,26111490,12
1,1211814601,0.946313,26114030,30
1,882650617,1.066628,26114887,6
1,3009499277,1.062959,26119446,59
1,1763445077,0.969758,26121073,17
1,4005257761,0.950945,26121930,6
1,3496673681,1.009718,26122638,4
1,2811020951,1.040677,26123499,6
1,3597642931,1.035031,26126536,37
1,3393079477,0.973777,26127047,1
1,964348969,0.964709,26128677,17
1,2206858963,0.987223,26129763,9
1,2559205489,1.000976,26130612,6
1,1427084501,0.955044,26134203,45
1,2148318167,0.942176,26136520,27
1,3788426753,0.925443,26137232,4
1,2274204949,1.002438,26137748,1
1,2168304709,1.003899,26144352,88
1,2723106403,1.000976,26147026,32
1,1022189863,0.950432,26149978,36
1,4276203259,1.009718,26150640,3
1,4153229363,0.969758,26152758,24
1,3959743363,0.970764,26153683,7
1,1914834613,0.880563,26154404,4
1,4107980753,1.004871,26155072,3
1,18061271,0.941657,26157666,31
1,1927894597,0.938021,26158248,2
1,3257864167,1.048623,26158901,3
1,1612679713,0.939581,26159826,7
1,4057436723,1.008267,26163194,42
1,1939288031,1.004385,26164482,12
1,451746377,0.941657,26165122,3
1,596092009,1.002438,26165625,1
1,3279109079,1.039268,26166358,4
1,3551204929,0.924387,26168045,18
1,2753056441,0.975280,26169253,11
1,2691022787,0.977281,26170399,10
1,2067749731,1.069828,26172951,30
1,882603947,0.993141,26179329,85
1,191050711,0.960652,26179911,2
1,2547946039,1.033142,26180497,2
1,3552379319,1.002438,26183719,38
1,101618339,0.858664,26184585,6
1,3527926453,0.954021,26185523,7
1,300272587,1.000488,26192864,99
1,2621846963,0.950945,26195699,34
1,1178996717,0.969254,26196779,9
1,3670926653,1.017426,26197853,9
1,124330541,0.969254,26198625,5
1,472693597,0.995105,26200952,27
1,746616713,0.981270,26201453,1
1,2537232017,1.035503,26203145,18
1,1955665427,1.043488,26203648,1
1,2400491549,1.035031,26204642,8
1,744671177,1.002438,26207595,36
1,3326106353,0.977281,26208107,1
1,2559637373,0.927551,26209083,4
1,2683119613,0.972774,26210181,7
1,3250994437,1.001951,26212394,25
1,3201730379,0.944247,26212918,1
1,4140377179,1.019344,26215882,36
1,2964060193,0.977281,26220938,66
1,3073852189,0.987223,26222356,14
1,527646689,0.971267,26224054,18
1,3931482769,1.066628,26226509,29
1,1295701577,1.073928,26227441,7
1,1920688909,0.977281,26228450,8
1,3072915499,0.946313,26229590,10
1,3406245347,0.851240,26230527,7
1,3143165461,0.971267,26232854,27
1,2931412223,0.911622,26233587,4
1,44938177,0.952484,26242389,120
1,2486736221,0.987223,26243244,6
1,10722139,0.970764,26244011,5
1,264555427,0.979277,26245210,11
1,2447635867,0.973777,26247274,23
1,437881501,0.977281,26249887,31
1,1937226017,1.008751,26254656,62
1,3640349917,1.109705,26256103,14
1,2271258433,0.969254,26258137,23
1,3442585703,0.914830,26261871,47
1,2019703027,0.969758,26262451,2
1,2375724139,1.066628,26264356,21
1,2540301433,0.942176,26265016,3
1,733506139,0.977780,26266508,15
1,1222889909,1.008267,26269752,40
1,1674919159,0.971267,26270836,9
1,1141753159,1.023646,26273861,37
1,2376605267,1.024123,26275843,22
1,560603327,1.067086,26276418,2
1,3003017183,1.008267,26277437,8
1,2957861393,1.002438,26278362,7
1,1167407669,0.973777,26279356,8
1,3910493141,0.993632,26280146,5
1,119615467,0.952484,26285075,64
1,1006985909,0.944247,26287816,33
1,1449123439,0.942694,26288341,1
1,1661893637,0.946313,26290115,19
1,190364023,1.004871,26290622,1
1,2694122671,1.017906,26294975,56
1,332406689,1.012133,26295900,7
1,743733877,0.971267,26296896,8
1,446125501,0.981767,26297406,1
1,134443471,1.000976,26299447,23
1,2574723721,1.006328,26300304,6
1,1322099017,1.031723,26302838,30
1,4044294967,0.950945,26306026,39
1,517195381,1.035974,26306821,5
1,734245679,0.970764,26307474,3
1,689809609,0.977281,26308324,6
1,320324717,0.894864,26310234,21
1,3053035189,0.944247,26315146,59
1,950147519,0.994614,26317796,31
1,1678823297,1.014061,26319562,19
1,3991303093,0.928078,26320221,3
1,3894157973,0.968750,26321213,8
1,331617281,1.017906,26322980,19
1,4203858941,1.000976,26326802,48
1,1675462343,1.004385,26327875,9
1,2678560111,0.977281,26329601,18
1,4087789501,1.039268,26330687,9
1,3360816491,0.976781,26336100,71
1,3015998891,0.942694,26338363,26
1,475067699,1.062959,26340064,18
1,1293493417,0.981767,26342390,27
1,4248779191,0.886090,26345210,34
1,824106827,0.946313,26346139,7
1,1517967719,0.913227,26347212,9
1,3177348253,0.950945,26348361,10
1,3139014077,1.048157,26348948,2
1,3787705807,1.032197,26349533,2
1,4010793793,1.002438,26350536,8
1,717178447,0.914830,26352244,18
1,2624903863,1.000488,26353178,7
1,823705447,0.997556,26354175,8
1,1808071351,0.987223,26357546,42
1,2675946989,1.079370,26361514,50
1,2297459921,1.012133,26362508,8
1,3050746663,0.952484,26363095,2
1,3984719621,0.981767,26365084,22
1,3252568073,1.047225,26367115,23
1,866114309,0.906789,26368121,8
1,3312679247,0.976781,26371298,39
1,3910841423,0.993632,26373779,29
1,4164063961,0.903552,26378611,63
1,1891320271,0.975280,26380453,20
1,602653279,1.098205,26383270,34
1,3059239927,0.969758,26385811,30
1,1103717561,0.973777,26387013,11
1,1081914661,1.048157,26388354,13
1,3091989839,1.000488,26389493,10
1,3504225103,1.033615,26392101,31
1,3961838863,0.846639,26392613,1
1,1137607397,0.907327,26394174,16
1,1152975203,0.946829,26395301,10
1,1925777587,0.915364,26398951,46
1,658363819,0.975280,26400310,13
1,2997886357,0.969758,26403767,43
1,2627415379,1.017906,26405132,13
1,3343673621,1.012616,26405987,6
1,1249497541,0.940101,26407689,18
1,3765338939,0.983258,26408840,10
1,177392827,0.946313,26411107,26
1,3971896457,0.883883,26414766,42
1,1364092097,1.098205,26417790,27
1,1278858131,0.993632,26418843,7
1,3520133699,1.009718,26419492,3
1,1922083507,0.964203,26421118,17
1,2853389323,1.064795,26421767,3
1,2924921683,0.977281,26423053,12
1,253230961,1.070284,26423632,2
1,1212216121,0.950945,26425599,22
1,3191699681,0.973777,26427023,14
1,1155813811,0.913227,26428239,11
1,3554313949,1.039268,26429803,16
1,1980087773,1.043488,26431581,19
1,1470399929,0.895409,26432159,2
1,461133521,0.969758,26433078,7
1,2963069861,0.910550,26434008,7
1,3461401591,1.095980,26435581,16
1,1378154983,0.978779,26436734,10
1,3776459021,1.017906,26439533,34
1,1664842889,1.071652,26440956,14
1,481069483,1.070284,26448947,108
1,647155241,0.978779,26449736,5
1,3980651879,0.973276,26451090,13
1,1443848383,1.002438,26452367,12
1,1642091249,0.915364,26453080,4
1,2971408151,1.009235,26454496,14
1,187398851,0.986728,26455071,2
1,411047773,1.000488,26456408,13
1,1617474421,1.032669,26458600,25
1,1934322499,0.920152,26461276,32
1,1624719541,1.003899,26462138,6
1,987739351,0.971267,26463213,9
1,611262511,1.004385,26465879,32
1,3839706811,0.907327,26466395,1
1,3532920491,0.981767,26468859,29
1,922549939,1.136229,26472947,52
1,2783022029,0.906789,26475476,30
1,1640116927,0.977281,26476195,4
1,3722754887,1.002438,26477966,19
1,201266129,1.037387,26479166,11
1,2091401779,1.004871,26479882,4
1,3703456219,0.973777,26482426,30
1,1830050491,0.963190,26483288,6
1,3411089873,0.938541,26484072,5
1,2425593293,0.977281,26485841,19
1,2429312069,1.004871,26487887,23
1,1063596463,0.963190,26489513,17
1,206201239,0.938021,26493007,44
1,2963855893,0.919621,26495119,24
1,3680689289,1.044891,26496052,7
1,2580393007,0.973276,26497473,14
1,4008509993,1.024123,26498608,10
1,446186987,0.963190,26500370,19
1,2231641933,0.960652,26502193,20
1,2918336539,0.939581,26504519,27
1,3761146457,1.038798,26510404,78
1,1419173111,0.963190,26511282,6
1,3963233353,1.078917,26512063,5
1,2716514329,0.942176,26514584,30
1,3987669341,1.033615,26517404,27
1,3384917021,1.004871,26520259,34
1,2618469083,1.008267,26523437,39
1,3927129317,0.975280,26524511,9
1,2394898153,0.977281,26527969,43
1,976382713,1.032197,26529876,21
1,361068347,0.913227,26532402,30
1,293475073,1.017906,26533539,10
1,412486189,0.942176,26534323,5
1,3387086113,0.938541,26543505,125
1,1185966317,1.000976,26545772,26
1,3803913199,0.915897,26549227,43
1,2988023153,1.001951,26549878,3
1,1846234813,0.938021,26550833,7
1,616399631,0.973276,26551339,1
1,3478194749,0.983258,26557291,79
1,904497091,0.946313,26558287,8
1,789132251,0.944247,26559633,13
1,3430845563,1.066170,26561405,19
1,3288266251,1.050019,26563891,29
1,3955736303,0.978779,26565262,13
1,1269768431,0.973276,26568359,38
1,1584172813,0.920152,26575011,89
1,3599072803,1.014061,26575808,5
1,268139569,1.002925,26579187,42
1,2719259863,0.916963,26580049,6
1,1010494249,1.007782,26580853,5
1,2641782601,0.986728,26583109,26
1,2493169403,1.007782,26585095,22
1,71131343,0.986728,26588597,44
1,596493203,1.017906,26589811,11
1,2811267773,0.937500,26592556,33
1,1683470401,0.978779,26594665,24
1,4176781121,1.035974,26596380,18
1,2953582271,0.969254,26599120,33
1,728296663,0.973276,26601805,32
1,3504310721,1.002438,26603843,23
1,2100461557,1.008267,26604644,5
1,3972492191,1.000488,26605303,3
1,2402186221,0.944247,26607420,24
1,1666424719,0.973276,26610322,35
1,1993389367,1.021736,26610843,1
1,1395541579,1.019344,26614282,43
1,4000498373,0.880008,26615993,18
1,1976836327,0.886090,26616857,6
1,3873781673,0.923859,26618988,20
1,699323309,0.970764,26619806,3
1,2675286533,0.971267,26622004,25
1,4257275623,1.001951,26624906,35
1,619436683,1.017906,26626752,20
1,1860323917,1.070740,26628393,17
1,4068798703,0.969758,26628985,2
1,853983293,0.911086,26631792,34
1,418474531,1.101313,26634811,37
1,2458985059,1.039268,26635881,9
1,500420099,1.033142,26640011,53
1,289028023,0.888841,26642883,35
1,4185941621,1.070740,26643604,4
1,1938176899,0.882225,26645380,19
1,3879427301,0.938021,26647992,31
1,2730266611,1.073928,26651180,39
1,3902819819,0.916963,26656327,66
1,2699012999,0.942694,26665176,120
1,1454555677,0.971267,26665964,5
1,3899112143,0.913227,26668226,26
1,3791733359,0.950432,26671457,40
1,1168089407,1.077106,26673231,19
1,3759116953,1.073928,26673810,2
1,2317420151,1.061581,26679356,73
1,2888141617,1.037387,26680001,3
1,3581843773,1.003899,26680518,1
1,3200833121,0.969758,26681240,4
1,657756523,1.000976,26683088,20
1,3895720921,0.942694,26684381,12
1,3396503753,0.993632,26684958,2
1,823242361,1.044891,26686366,14
1,1837196549,1.040677,26689583,40
1,22693511,1.044891,26690149,2
1,1214866033,0.950945,26692057,21
1,4193606713,1.039268,26694451,28
1,2520281293,1.024123,26696288,20
1,1601854027,0.971267,26697640,13
1,160165853,1.014061,26698427,5
1,2389200917,0.956577,26699779,13
1,4048874029,0.976781,26704071,55
1,2217056753,0.978779,26705076,8
1,3576558203,0.971267,26707546,29
1,1929047387,0.942694,26708345,5
1,698540351,1.048157,26710979,31
1,2587093757,0.952484,26712761,19
1,1966482671,0.915364,26713346,2
1,184183361,0.981767,26719013,75
1,2429633413,0.955044,26720703,14
1,330889571,0.884988,26722781,21
1,1304765381,0.988706,26723668,6
1,2797334213,0.908940,26724604,7
1,2111771,1.054659,26726347,19
1,3661459981,1.054659,26727069,4
1,964530473,1.033615,26727997,7
1,526534559,1.066628,26729766,19
1,2182334989,1.068458,26731607,20
1,3077339071,0.981270,26733483,20
1,3950785087,1.006328,26734904,14
1,124354471,0.940101,26735412,1
1,3468327613,0.972774,26736852,14
1,2962886753,0.919621,26737351,1
1,2399970659,1.001951,26738840,15
1,1205150497,1.002438,26740758,21
1,178287829,0.977281,26741882,10
1,3304191907,1.058356,26746660,62
1,4015389769,1.007782,26749196,30
1,3103384769,0.950945,26750470,12
1,1008097549,1.082983,26751955,15
1,4182811757,1.014061,26753875,21
1,1856689337,1.014061,26755999,24
1,2473755917,0.973777,26757771,19
1,3218933857,1.081178,26762886,67
1,334820639,0.947859,26764373,15
1,111240013,1.000976,26765077,4
1,861088117,1.002438,26768183,38
1,4214285527,0.880563,26768985,5
1,611929823,0.987223,26769498,1
1,158012989,0.978779,26773508,51
1,1711579999,1.079370,26774224,4
1,445483033,1.054659,26776821,31
1,627392357,1.040677,26778523,18
1,1530086287,1.032197,26779814,12
1,305414107,1.000488,26781860,23
1,2786726597,0.987223,26784247,28
1,3206252597,0.907327,26786992,33
1,2993623189,0.993632,26788830,20
1,1248306373,0.969254,26789548,4
1,2559784399,1.002438,26790059,1
1,4121784377,1.006328,26790716,3
1,391763893,0.908940,26792341,17
1,2755749239,0.981270,26793065,4
1,3917282549,0.958107,26795619,30
1,3289457807,1.032197,26796621,8
1,3514485673,0.987223,26797348,4
1,1282620863,0.969254,26798918,16
1,554703241,0.947859,26800590,18
1,3455571877,1.063419,26802858,26
1,2747618231,1.006328,26805953,38
1,2930200727,0.987223,26807369,14
1,2191256323,0.956577,26808366,8
1,3387451007,1.009718,26809092,4
1,163147867,0.906789,26810011,7
1,1661865047,0.925971,26813672,46
1,1382972611,0.991172,26815793,24
1,2585232421,0.981270,26816436,3
1,1399113517,1.046292,26820093,46
1,719965139,0.950945,26820751,3
1,3097474013,0.911622,26821968,11
1,2731872769,1.007782,26824302,21
1,547557679,0.942176,26827793,43
1,1599747713,0.983258,26829928,24
1,2555485567,0.932801,26831771,20
1,2798777119,1.009235,26833760,22
1,971518687,1.003899,26834970,11
1,391061347,0.987223,26835549,2
1,2197444199,0.985738,26843129,102
1,2846066387,0.941657,26844133,8
1,1033847987,0.973276,26846122,22
1,1395749387,1.007782,26848168,23
1,2770714157,0.940101,26850225,23
1,844171117,0.973777,26850805,2
1,2776817413,0.981767,26852444,17
1,1327133657,0.954021,26853168,4
1,2140410523,0.947859,26855645,29
1,3915330569,0.913227,26859794,53
1,2045655823,1.043020,26860600,5
1,1140334777,1.002438,26869838,126
1,3138694501,1.033142,26870781,7
1,2201949011,1.032197,26873325,30
1,233117153,0.934370,26874041,4
1,2583256999,1.003899,26876104,23
1,2738728813,0.876115,26878803,32
1,398887043,0.987223,26880841,23
1,2208180967,0.942694,26883100,26
1,1281131129,0.938541,26884649,16
1,704147879,0.877786,26886007,13
1,1848165181,0.901929,26886517,1
1,1661595157,0.941657,26887512,8
1,986325427,1.017906,26892480,65
1,2883035359,1.012616,26897950,72
1,2687052169,0.969758,26898518,2
1,2796989131,0.938021,26899173,3
1,3491172577,0.942694,26902956,48
1,953791693,0.877786,26903536,2
1,2580342341,1.006328,26904466,7
1,1109365099,0.915364,26907278,34
1,861274259,0.968750,26908613,13
1,1175627587,0.950432,26909609,8
1,3611623237,1.023646,26910411,5
1,1513186513,0.940101,26911833,14
1,3916662107,0.928078,26912563,4
1,1235470793,0.877786,26913632,9
1,2961677879,0.981767,26916603,36
1,4007364787,0.971267,26917404,5
1,3177962981,0.858664,26920252,34
1,1115805121,0.938541,26920758,1
1,1622395529,0.941657,26924210,43
1,1999991393,0.975280,26928480,50
1,4115712373,0.981767,26929643,10
1,3124507147,0.940101,26930577,7
1,3228958151,1.039268,26931511,7
1,2934308473,0.956577,26938193,89
1,112753309,1.000976,26938771,2
1,3978019823,0.978779,26945719,93
1,4257118603,1.021736,26949038,41
1,2579799847,1.038798,26949620,2
1,1577188793,0.962683,26950774,10
1,3055418089,0.946313,26952556,19
1,2451967247,0.877786,26955082,30
1,971549759,1.064337,26957548,29
1,167884289,1.017906,26959426,21
1,3751471547,0.940101,26960507,9
1,933661037,0.944247,26962128,17
1,2701610203,1.054196,26962914,5
1,3309981683,1.004871,26966141,40
1,2781504293,1.027930,26967692,16
1,2843773853,1.004871,26968838,10
1,871109353,0.973276,26969835,8
1,83576419,0.947859,26971881,23
1,1325437027,0.976781,26975743,49
1,2222903161,1.035974,26977998,26
1,3365196061,0.969758,26980034,23
1,2589028523,0.971267,26982074,23
1,1292617649,1.035503,26983985,21
1,2746825651,0.973276,26987080,38
1,1654106581,0.973777,26988500,14
1,56239969,1.004385,26994082,74
1,1670916131,0.946313,26998204,53
1,1753901221,0.950432,27000182,22
1,1230085261,0.986728,27001042,6
1,3052435007,1.074382,27002773,18
1,4170261817,1.002438,27005576,34
1,3141919091,0.991172,27007007,14
1,1903800089,0.983258,27008633,17
1,2080508513,1.048623,27009826,11
1,2009953009,0.993632,27011106,12
1,2892778243,0.880563,27012046,7
1,2330624083,0.969254,27012622,2
1,4091354789,0.989199,27013352,4
1,1011152959,0.944247,27017496,53
1,339318143,1.037387,27020439,36
1,4130162609,1.012133,27028678,108
1,3979878701,0.981767,27029606,5
1,1373310919,0.950945,27030984,13
1,223812041,0.981767,27031971,8
1,2699015719,0.947859,27037144,68
1,2626714073,0.925971,27041936,62
1,1739815457,0.911086,27042933,8
1,2491613567,0.977281,27047079,53
1,2519730407,1.008267,27049913,34
1,1495008209,0.950432,27051053,10
1,3904485979,1.031250,27053803,33
1,4063589671,1.033615,27054387,2
1,2764718617,0.945797,27055739,13
1,3454932157,0.956577,27056890,10
1,1067116201,1.002438,27057827,7
1,216355817,0.946313,27058615,5
1,1249372321,1.024123,27059775,10
1,1326702941,1.043488,27061910,24
1,2896247807,1.007782,27064309,28
1,30795917,0.958107,27065297,8
1,538568197,1.033142,27068108,34
1,1719171607,0.967237,27070582,29
1,770475553,1.050019,27075762,68
1,4233741311,0.973777,27076919,10
1,374104301,1.065712,27079730,34
1,668148461,1.040677,27081841,24
1,2026132481,0.973777,27082829,8
1,1490273539,0.978779,27085094,26
1,539075419,0.930180,27086569,15
1,3103647247,1.006328,27087163,2
1,2076623903,0.977780,27087887,4
1,567629539,0.973777,27090838,36
1,1154852089,0.975280,27094345,44
1,1134888691,0.907327,27096324,22
1,2581960853,0.981767,27097191,6
1,454407299,0.993141,27102365,68
1,2126654357,0.978779,27103988,17
1,749955211,0.950945,27105260,12
1,3453150983,0.946313,27106124,6
1,3889914241,0.981767,27107401,12
1,254849051,0.990186,27109991,31
1,131287601,0.906789,27116358,85
1,1669253933,0.908940,27119741,42
1,1153872857,1.063419,27127465,104
1,1649554789,0.940101,27133592,76
1,3566571037,0.971267,27135602,22
1,1085108389,1.004385,27136392,5
1,989490181,0.963190,27142693,84
1,3748731691,1.094196,27143217,1
1,388817161,0.921743,27143991,5
1,4046359949,0.971267,27147108,38
1,2168290409,1.001951,27147686,2
1,2625798293,0.969758,27149654,22
1,3158229133,1.031250,27150930,12
1,2048228309,1.046292,27151798,6
1,1867228763,0.971267,27153164,13
1,1508158627,1.000488,27155065,21
1,34708397,0.975280,27157020,22
1,2776939861,0.938541,27157948,7
1,3960707287,0.971267,27158531,2
1,2553726079,1.000976,27160791,26
1,2098977779,1.078917,27161313,1
1,313933337,1.071652,27161883,2
1,2991219967,0.880008,27165827,50
1,1421352073,0.932801,27167232,14
1,1563811943,0.906250,27169484,26
1,1242785389,1.000976,27170339,6
1,2255319929,0.952484,27171907,16
1,3305482189,1.019823,27174169,26
1,3081567413,0.975280,27177478,41
1,1724722513,0.950945,27178266,5
1,2980789687,1.035974,27178994,4
1,3005120429,0.886090,27179729,4
1,2193585997,0.971267,27180316,2
1,3279794393,0.916963,27183216,34
1,3826906289,0.971267,27184020,5
1,713126203,0.971267,27185429,14
1,2189000711,0.983258,27185999,2
1,873454381,0.946313,27186725,4
1,4086358399,0.880563,27187806,9
1,3544237651,0.946829,27192880,66
1,3266145683,0.947859,27193532,3
1,470607871,0.958107,27195861,27
1,2082917281,1.001951,27198257,28
1,1325706197,1.000976,27199753,15
1,898531021,1.040677,27201604,20
1,2524963807,0.906789,27202555,7
1,270634759,0.970764,27203051,1
1,999434701,0.973276,27206553,44
1,3525327989,0.983258,27212483,79
1,2349171281,0.940101,27214664,25
1,860806277,0.971267,27215379,4
1,1815330233,0.913227,27216103,4
1,2896157863,0.978779,27218164,23
1,2662940717,1.017426,27218750,2
1,963873787,0.958107,27219542,5
1,2065611199,0.940101,27220975,14
1,134286343,0.973276,27221669,4
1,74044361,1.012616,27222652,8
1,3680126251,0.955044,27224570,21
1,470334451,1.008267,27225286,4
1,169012033,0.938541,27225847,2
1,543980783,0.993141,27231807,79
1,2353231609,1.024123,27235219,37
1,1729791941,0.976781,27236262,8
1,1507467077,0.969254,27239428,39
1,168028787,0.915364,27241675,26
1,2718305701,0.940101,27243569,21
1,775371137,0.940101,27244071,1
1,3400302683,1.000488,27247299,40
1,3994256933,0.971267,27248015,4
1,2425161769,1.006328,27250528,30
1,1155938419,0.942694,27251740,11
1,1591485047,0.945797,27255889,53
1,4187269049,0.950432,27256404,1
1,3022601089,0.987223,27258675,26
1,1295982137,0.950432,27259327,3
1,447053683,0.991172,27259985,3
1,1757132329,0.977281,27260632,3
1,2849033963,1.008267,27261289,3
1,969519737,0.820275,27262981,18
1,1375059649,0.924387,27263983,8
1,1284430513,1.016466,27266091,24
1,340008637,1.019344,27268432,27
1,319077373,1.000488,27269359,7
1,3152511953,0.882225,27274541,68
1,813835871,1.078917,27276518,22
1,697341529,0.983258,27277791,12
1,1548658079,0.910550,27278306,1
1,1276554113,0.933847,27279089,5
1,1807466797,1.032669,27282329,40
1,665245153,0.873324,27285358,37
1,3664007881,0.849517,27287825,29
1,2444041141,0.973276,27289742,21
1,127887113,1.012616,27290811,9
1,2380979969,0.911086,27293339,30
1,4177055899,0.967237,27300516,96
1,3437183929,0.884436,27301170,3
1,907981433,0.969254,27305732,59
1,3381929927,0.938021,27307145,14
1,2698439899,0.942694,27307737,2
1,1294022027,0.975280,27309358,17
1,643388549,0.938541,27312605,40
1,842768957,0.971267,27314512,21
1,729284909,1.000976,27316835,27
1,472082693,1.002438,27321595,62
1,2897428763,1.006328,27322111,1
1,2695198039,1.012616,27325698,45
1,2373699091,0.995105,27327679,22
1,314520197,0.946313,27329030,13
1,598951453,1.031723,27330946,21
1,2974893583,1.054196,27331660,4
1,4030472879,1.048157,27334331,32
1,4282775923,0.947859,27335429,6
1,2572259713,0.981270,27336552,8
1,3466249751,0.939581,27338690,24
1,1934771057,0.977281,27339479,5
1,2677853323,1.044891,27340838,13
1,3121207487,0.945797,27342890,23
1,2707645867,0.940101,27344806,21
1,286569817,0.940101,27345304,1
1,3745624789,1.039268,27345824,1
1,183740969,0.956066,27346326,1
1,2135535079,0.927551,27347200,6
1,3020711803,0.940101,27351018,48
1,1333048813,0.913227,27352811,19
1,462496897,1.004871,27357494,61
1,3454106647,0.977281,27359967,29
1,757538371,1.024123,27362283,27
1,2163115723,1.000976,27363148,6
1,1830628087,0.978779,27365479,27
1,975294373,1.035974,27369339,49
1,928691047,0.950432,27372742,42
1,1771576073,1.002438,27373940,11
1,3245733341,0.946313,27377590,46
1,3957102581,1.009718,27378328,4
1,2393104199,0.940101,27379072,4
1,3848799431,0.987223,27380411,13
1,3919236787,1.002438,27382135,18
1,42181001,0.942694,27387356,69
1,939686383,0.983258,27388847,15
1,365998351,1.004871,27389774,7
1,2311440889,1.012616,27391676,21
1,24737717,0.988706,27392174,1
1,2449279451,0.975280,27394288,24
1,62088703,1.069828,27397532,40
1,484589969,1.044891,27398861,13
1,1995739799,0.987223,27400001,10
1,3006296651,0.920152,27401142,10
1,2391301303,1.004871,27402280,10
1,283989889,0.985738,27404743,29
1,3740061179,0.969254,27406449,18
1,214179247,0.947859,27406950,1
1,1999987309,0.969758,27409434,29
1,2289528979,0.971267,27410013,2
1,4048781467,1.031723,27412335,27
1,1916515729,1.004871,27414313,22
1,623362589,1.002438,27417435,38
1,200979341,1.030776,27425280,106
1,2973366191,1.017906,27427060,19
1,558144061,0.911622,27427858,5
1,3203721127,1.000976,27429356,15
1,1190166667,0.977281,27432654,41
1,2896523969,1.025076,27435683,37
1,1915379611,0.944247,27436621,7
1,3144016231,0.970764,27437395,1
1,1736979253,1.054196,27438975,16
1,1976723233,1.035974,27440186,11
1,2278425691,0.915364,27446515,76
1,3020233721,0.886090,27447753,10
1,2184336629,0.969254,27448696,7
1,2095428919,0.942694,27450491,19
1,1384829167,0.963190,27452190,18
1,3121020277,0.882225,27454873,32
1,409441099,1.012616,27455866,8
1,146769523,0.981270,27456448,2
1,2615455589,1.035503,27460112,46
1,2181868121,0.950432,27463292,39
1,2552261851,0.949404,27464013,4
1,3151548431,0.977281,27467740,47
1,175704917,1.048623,27468941,11
1,778721477,1.004871,27469654,4
1,130750019,1.038798,27471057,14
1,2787835927,0.973276,27473297,26
1,2321242349,0.950432,27475141,20
1,1774038103,1.075745,27476989,20
1,78466387,0.973777,27478113,10
1,2154173741,0.973276,27479110,8
1,365760779,0.978779,27480869,19
1,2553993271,0.913227,27482425,16
1,2448464561,1.000488,27483073,3
1,629403953,1.019344,27487565,58
1,636345223,0.973777,27489054,15
1,2453596567,0.983258,27489849,5
1,1610043763,0.911622,27491768,21
1,97748719,0.976781,27493392,17
1,1022479103,0.995105,27494543,10
1,2996428601,0.910550,27495130,2
1,1887359239,1.012616,27498353,40
1,2123397821,1.004385,27499636,12
1,1694604529,0.920152,27500836,11
1,167614277,0.963190,27502189,13
1,3271422257,0.987223,27502843,3
1,2777559041,0.950432,27506681,49
1,1443184363,0.906789,27507618,7
1,860005019,1.027930,27508408,5
1,4096270397,1.039738,27509832,14
1,190105073,0.911622,27512855,37
1,548730001,1.012616,27514751,21
1,361693687,1.021736,27516030,12
1,1010001439,0.956066,27518348,27
1,1860638957,0.995105,27519072,4
1,4171036049,0.999023,27520560,15
1,3414836129,0.940101,27521274,4
1,3643271441,1.006328,27522146,6
1,2900512387,1.008267,27523424,12
1,3972496211,1.068458,27524014,2
1,2760716489,1.064795,27524865,6
1,3703125259,1.070284,27526843,22
1,3885773161,0.942694,27527632,5
1,724783597,1.043488,27529404,19
1,400524409,1.066628,27531172,19
1,2763491111,1.164665,27531892,4
1,4077816833,0.981270,27532751,6
1,162150563,1.033142,27533526,5
1,648129011,1.001951,27534591,9
1,3294590423,1.019823,27535949,13
1,108355969,1.071652,27537134,11
1,1643393881,0.969254,27537790,3
1,3794591747,0.907327,27539824,19
1,398179919,0.875558,27540490,3
1,3718659563,1.077106,27541452,5
1,3564170773,1.067086,27543445,22
1,1881980669,0.983258,27545917,29
1,1829964421,0.987223,27548439,30
1,379936439,1.038798,27549935,15
1,2508350329,0.977281,27551413,15
1,3013926101,0.932801,27554936,44
1,3791201719,0.977780,27557847,35
1,2289782813,0.981767,27560100,26
1,1282302443,0.969254,27560830,4
1,1874164081,1.073928,27561903,9
1,300046631,0.945797,27562545,3
1,2843042747,0.973777,27564452,21
1,1418085101,0.988706,27565375,7
1,1704102817,0.907327,27566643,12
1,734969749,0.908940,27568357,18
1,4034752699,1.017906,27570066,18
1,2464301263,0.950945,27574487,57
1,1915144339,0.946313,27575207,4
1,3862410089,0.911622,27578738,44
1,3392706869,0.938021,27581636,35
1,3014178023,0.988706,27582927,12
1,784639633,0.925971,27584622,18
1,812385169,1.035974,27585126,1
1,90363151,0.985738,27587315,25
1,714176633,0.973777,27589003,18
1,539501009,1.006328,27593562,59
1,2250392231,0.848367,27594622,9
1,3151170409,0.987223,27598850,54
1,657440141,1.054659,27599363,1
1,1660904897,0.987223,27601144,19
1,384441787,0.942176,27601655,1
1,1980278567,0.969254,27603415,19
1,3175871957,1.008267,27604853,14
1,1492886963,0.973777,27608248,42
1,534378947,1.006328,27609111,6
1,3352206899,1.016466,27610122,8
1,626344391,1.037387,27614339,54
1,2604437557,1.043488,27615342,8
1,283757807,1.014061,27617056,18
1,431642671,1.004871,27618396,13
1,4044295579,1.039268,27620946,30
1,179836907,0.876115,27622006,9
1,1065808769,0.993632,27623489,15
1,2839864861,0.969254,27624560,9
1,2538069433,1.001951,27626474,21
1,3754906801,0.971267,27628108,17
1,4239285493,0.889391,27629195,9
1,2558307677,0.897044,27632456,40
1,1273202363,1.000976,27633741,12
1,3221633593,0.864897,27634807,9
1,661381493,0.969254,27636438,17
1,2971698461,0.938541,27639026,31
1,2525281999,0.910550,27643506,51
1,3632900233,1.066628,27644249,4
1,2774352563,1.024123,27644779,1
1,1275054953,0.969254,27645730,7
1,2914460167,0.971267,27646518,5
1,2032359457,0.970764,27650155,46
1,2479003001,0.973777,27650665,1
1,362777641,0.973777,27651168,1
1,2668162099,1.002438,27652167,8
1,3506831819,0.972272,27655356,38
1,115365571,0.938541,27658808,43
1,2089050143,0.944247,27659594,5
1,3883052891,1.012133,27660888,12
1,2747232361,0.950945,27662670,19
1,1670417897,0.969254,27665129,29
1,3482311883,0.985738,27666351,11
1,1162656167,0.981270,27668120,19
1,308472821,1.040677,27669604,15
1,405255749,0.908940,27672289,32
1,2636772001,0.911622,27673843,16
1,641957611,0.962683,27675825,22
1,286705669,0.880563,27678482,32
1,933270007,0.906789,27681366,35
1,3679484993,0.911086,27685256,49
1,3288507953,0.911622,27686391,10
1,1200543241,0.888841,27690394,51
1,1488119323,0.938541,27693717,41
1,2149160261,0.946313,27695271,16
1,2005068361,0.836193,27696429,10
1,3980469067,0.978779,27699312,35
1,3597863081,0.975280,27699956,3
1,1974040949,0.981270,27702783,34
1,3057405509,1.002438,27703581,5
1,3029667013,0.834439,27705207,17
1,3889101323,0.987223,27710074,63
1,560936339,0.968750,27711071,8
1,2674070557,1.030776,27712272,11
1,2966823707,1.014061,27718161,78
1,192011263,0.940101,27719163,8
1,1237015589,1.001951,27723613,57
1,265562159,1.009718,27724754,10
1,3651935957,0.895409,27725268,1
1,3386645159,0.942694,27727518,26
1,2614587293,0.969254,27728665,10
1,311735821,0.978779,27729652,8
1,2433258593,1.048157,27731133,15
1,3669567073,1.017906,27731847,4
1,3573917231,0.939581,27734237,28
1,80615861,1.000976,27736401,25
1,1385870329,0.940620,27739448,37
1,787056139,0.894864,27740164,4
1,911455679,1.066628,27743963,48
1,3313758431,0.971267,27744957,5
1,823501009,0.848942,27747972,35
1,442329053,0.925971,27753213,68
1,2720451533,0.981767,27755260,23
1,132882679,0.908940,27759680,57
1,2767399841,1.070284,27761606,21
1,54908593,1.075745,27762526,7
1,1134190949,1.009718,27765335,34
1,3374967067,1.095980,27766132,5
1,2761694759,0.946829,27767128,8
1,686492687,1.004871,27767702,2
1,950675471,0.964709,27768850,10
1,1715110459,1.002438,27773336,58
1,4223296411,1.033615,27776034,32
1,342065441,1.069371,27778851,34
1,2943326447,1.017906,27782536,46
1,2588188331,0.975280,27783327,5
1,1016825273,0.844329,27784476,10
1,1359055007,1.003899,27785604,10
1,4115177939,0.915364,27786755,10
1,463984687,0.946313,27789282,30
1,50569009,1.095534,27791588,27
1,1899520591,0.938541,27793423,20
1,1647765023,1.000976,27795401,22
1,188065613,0.945797,27796967,16
1,3431784469,0.963190,27797540,2
1,3569655503,1.031723,27798960,14
1,3113446481,0.944247,27800580,17
1,961097713,0.940620,27801717,10
1,3783087617,0.846639,27803067,13
1,1835751383,0.968750,27804005,7
1,3637441961,0.911086,27805075,9
1,2740992029,1.016466,27806835,19
1,2515399927,1.014061,27811133,55
1,129759731,1.001951,27819886,119
1,229918253,0.920152,27820523,3
1,458471119,0.925971,27822010,15
1,1456900817,1.025076,27824326,27
1,192167321,1.012616,27826800,29
1,747830087,1.030776,27827734,7
1,1124733217,1.100870,27828436,4
1,1714392811,1.064795,27833690,69
1,3549275309,1.000488,27834628,7
1,1545985361,1.037387,27837577,36
1,173285261,0.981270,27838850,12
1,1514840993,0.969758,27839569,4
1,1746216497,0.987223,27843317,47
1,905340913,0.956066,27843900,2
1,963103313,1.012616,27844907,8
1,1164324461,1.033615,27850810,72
1,1596402007,1.014061,27851846,8
1,2010737837,1.024123,27852724,6
1,3206498069,0.908403,27853812,9
1,2994030761,0.987223,27854875,9
1,3694428137,1.080726,27855598,4
1,12627211,1.094643,27858180,31
1,3456491333,1.000976,27865895,104
1,1254321401,0.969758,27867033,10
1,2355541129,0.993632,27868930,21
1,3363121711,0.977281,27870065,10
1,2862848983,1.004385,27871569,15
1,2177607749,0.940101,27872977,14
1,4094594807,0.983258,27873847,6
1,3141121421,0.972774,27874432,2
1,1675072013,0.908403,27875082,3
1,475163203,1.004871,27879348,55
1,1277582041,1.038798,27879924,2
1,638187449,0.973777,27881613,18
1,60125587,0.944247,27882116,1
1,1584844823,1.002438,27882775,3
1,1060121431,0.813101,27883285,1
1,1471085893,0.987223,27884706,14
1,2487681187,0.919621,27885353,3
1,773833043,0.986728,27887058,18
1,3755210479,0.908403,27888421,13
1,2138276431,1.003899,27889079,3
1,2269552619,0.950432,27890224,10
1,260749481,0.971267,27891704,15
1,3904054927,1.030776,27892718,8
1,331197509,1.007782,27893432,4
1,3710845067,0.925443,27895400,22
1,3200709571,1.037387,27896901,15
1,1599819197,0.920152,27898333,14
1,4019540831,0.916963,27899070,4
1,2872136777,0.950945,27900550,15
1,883352159,1.024123,27901478,7
1,1445705689,0.969254,27908942,100
1,2048733419,1.000976,27909661,4
1,985620871,1.012133,27911218,16
1,10182709,0.908940,27913374,25
1,2017391813,0.983258,27914167,5
1,2763989537,0.969254,27915228,9
1,391551913,0.975280,27921614,85
1,3055786561,0.915364,27922690,9
1,1285113409,1.037387,27926075,42
1,2061093059,1.064337,27927776,18
1,2514889049,1.008751,27931729,50
1,2083492673,0.911622,27933980,26
1,938394739,0.971267,27935193,11
1,2674875317,0.993632,27937385,25
1,3738805601,0.985738,27939725,27
1,3500466559,1.008267,27940307,2
1,3070590767,1.006328,27942357,23
1,605937133,0.946829,27946556,54
1,2001402451,1.016466,27950425,45
1,1349675933,1.061120,27952793,27
1,828216667,0.947859,27954083,12
1,2985983431,0.968750,27956924,34
1,884809949,1.024123,27957860,7
1,3545718887,0.945797,27958650,5
1,1275830891,1.032669,27959156,1
1,2952317153,1.012133,27961059,21
1,1377787211,0.969254,27962336,12
1,241813129,0.942176,27963119,5
1,1981069841,0.942694,27963768,3
1,3096342649,0.945797,27964276,1
1,3617588861,0.981767,27966119,20
1,3928478009,0.906789,27966982,6
1,2409606029,0.987223,27967640,3
1,430974917,0.973777,27970739,38
1,2304813967,0.978779,27973418,32
1,3628775879,0.970261,27975679,26
1,3721195651,1.000976,27977938,26
1,573367819,1.008267,27980540,31
1,979339813,1.006328,27981819,12
1,3123327373,0.968750,27984286,29
1,3746537699,1.000976,27985218,7
1,618092089,0.849517,27987475,26
1,4131250111,0.947859,27990103,31
1,3019033499,0.938541,27991743,17
1,795330583,0.947859,27993157,14
1,72738997,1.033142,27993863,4
1,3535280443,1.014061,27994650,5
1,2499286547,1.038798,27999692,66
1,1848342367,1.012616,28004351,60
1,665827619,0.995105,28008353,51
1,2533614047,1.043020,28009916,16
1,736517123,1.071652,28016353,86
1,2695823587,0.969758,28017135,5
1,1458676333,0.971267,28017723,2
1,3171193939,1.057894,28018794,9
1,3461388893,1.016466,28022653,49
1,3595167097,0.944247,28023514,6
1,1850542819,0.981270,28024373,6
1,2050802003,0.985738,28026482,24
1,4106251577,0.940101,28027200,4
1,126196327,0.947859,28027838,3
1,1580948059,0.978779,28028918,9
1,3664289501,1.000976,28031104,25
1,1521061411,0.977281,28034769,46
1,2781150679,1.037387,28037380,31
1,529807,1.040677,28040724,43
1,4115921081,0.978779,28042425,18
1,202543193,1.004871,28045081,32
1,320394707,0.973777,28049917,63
1,105214177,0.975280,28055027,62
1,2415680279,1.031250,28057035,22
1,622297451,1.033142,28058800,19
1,3869657851,1.000976,28060568,19
1,1701330679,1.014061,28061432,6
1,365635877,0.988706,28064107,32
1,1114450357,1.177176,28064686,2
1,2136025993,1.039738,28065480,5
1,2248047049,0.987223,28066985,15
1,1455997463,0.938021,28072448,72
1,2615229107,0.927551,28073104,3
1,1744804813,0.973777,28075024,21
1,2871899941,1.015505,28076466,14
1,2505296569,0.950432,28077675,11
1,1122893383,0.939581,28080702,37
1,151696507,1.004871,28081556,6
1,3672555503,0.950432,28082222,3
1,2494748813,0.977780,28082877,3
1,525080947,1.001951,28085755,35
1,1551808759,1.032197,28086971,11
1,984959519,1.016466,28087621,3
1,1368019217,0.971267,28089179,16
1,4224538883,0.973777,28094179,65
1,652848431,0.977281,28095048,6
1,3474869863,0.930180,28097030,22
1,4252258039,0.940101,28100479,43
1,2480221253,0.977281,28102813,27
1,2215098373,0.848942,28108623,77
1,2859597161,0.940101,28109700,9
1,4056317407,1.048623,28113739,51
1,4292872187,0.911622,28115023,12
1,1509553609,1.061581,28116876,20
1,4158328439,0.977281,28118440,16
1,2961893083,1.004871,28119650,11
1,1737634033,0.976781,28121768,24
1,3607728647,1.006328,28122483,4
1,4216901531,0.956577,28123422,7
1,660930467,1.012616,28124289,6
1,3552337267,0.974780,28125017,4
1,1555405403,0.955044,28125670,3
1,4202563679,0.969758,28128430,33
1,359776169,1.033615,28129285,6
1,114075163,1.004871,28131594,27
1,3522151603,0.950432,28132954,13
1,901427543,1.007782,28134024,9
1,1198617713,0.985738,28134533,1
1,2256283837,0.956577,28136157,17
1,1449359621,0.964709,28137578,14
1,2501249077,0.942694,28139193,17
1,3298617871,0.946313,28140262,9
1,1731566171,0.973276,28142530,26
1,920483381,0.973276,28144645,24
1,2337852047,0.976781,28145156,1
1,2274557059,0.987223,28148033,35
1,2987440373,0.938021,28149168,10
1,206344321,0.974279,28151195,23
1,3810990587,0.938541,28152480,12
1,2843714479,1.012616,28153278,5
1,3572315069,0.882225,28154183,3
1,1946757013,1.037387,28155630,12
1,2834330819,0.975280,28158188,30
1,2523949273,0.969758,28160169,22
1,2393204651,1.009235,28160683,1
1,2518998941,1.033615,28161205,1
1,57807623,1.033615,28162462,12
1,3292788529,1.043020,28166032,45
1,3290195497,1.004385,28167732,18
1,1760221459,0.938021,28170129,28
1,2578053943,0.848942,28170726,2
1,1176532139,1.054659,28172699,22
1,2247693197,0.981270,28179431,90
1,2204908481,0.969758,28182160,31
1,3664508629,0.977281,28183615,14
1,1379706529,0.939581,28184543,7
1,3623561443,0.940101,28187919,42
1,181308173,0.880563,28188559,3
1,28872071,0.884436,28189258,4
1,426903251,1.052341,28190042,5
1,680021357,1.002438,28192783,33
1,3851409791,0.947859,28200321,101
1,1883755487,0.946313,28200915,2
1,3752117219,0.991172,28203109,25
1,3822143513,0.942176,28205443,27
1,1706963107,0.915364,28206858,14
1,636506813,0.908403,28208201,13
1,4093743341,1.004385,28209332,10
1,1903005791,0.987223,28210198,6
1,1619190907,0.981767,28214612,57
1,1157526919,0.971267,28216596,22
1,1132705027,1.002438,28217811,11
1,2884377677,0.969254,28219513,18
1,2400001313,1.085235,28220366,6
1,1697476903,0.908940,28221874,15
1,82072997,1.039268,28222371,1
1,3622989361,0.889391,28224286,21
1,3646290629,0.976781,28225997,18
1,4084837711,0.978779,28230863,63
1,2670653987,1.000488,28232217,13
1,1063482949,1.035974,28234201,22
1,3673885559,0.978779,28235971,19
1,1336435081,0.993632,28237667,18
1,995944513,0.969758,28239560,21
1,1178688629,0.970764,28241394,20
1,1974837071,0.880008,28242832,14
1,17205187,0.945797,28248213,71
1,1821114187,0.994614,28251182,36
1,2554618663,0.969758,28255469,55
1,1502765057,0.908940,28257414,18
1,2360044097,0.973777,28258471,7
1,276640687,1.004871,28259289,5
1,4029481061,0.942694,28260003,4
1,967334021,0.916963,28265322,70
1,1142719499,0.938021,28265967,3
1,3968794861,1.062959,28267240,12
1,129849919,1.075745,28268798,16
1,2711845531,1.035974,28270779,22
1,1594798993,0.913227,28274505,47
1,2375488981,1.031250,28275086,2
1,3176050499,1.025552,28281403,84
1,3914310067,0.783746,28282274,6
1,542291809,1.003899,28284327,23
1,3312361159,0.945797,28285547,11
1,1535319151,0.995105,28286546,8
1,404050991,0.969254,28290268,47
1,151149751,0.910550,28291670,14
1,1902882979,1.033615,28293328,17
1,731417719,0.973777,28294470,10
1,1054430291,0.915364,28295820,13
1,87897151,0.977281,28297504,18
1,409189793,0.880563,28299905,28
1,3206089813,0.946313,28300485,2
1,362092051,0.844329,28301056,2
1,672832267,0.970764,28301906,6
1,2443108693,0.911622,28302694,5
1,3928251497,1.068458,28303486,5
1,3775622443,1.062959,28304065,2
1,885829667,0.969758,28307012,36
1,3151014211,0.958107,28307872,6
1,2991742493,1.035974,28309636,19
1,1696113997,0.969254,28310558,7
1,2147932253,1.004871,28311690,10
1,1503465101,1.019344,28312911,11
1,1045493567,0.911086,28313498,2
1,4150712399,1.035974,28315408,21
1,1256651449,1.024123,28316489,9
1,2687027093,1.009718,28318754,26
1,1958243479,0.988706,28322843,52
1,801300229,1.002438,28324335,15
1,2153991683,1.015505,28324843,1
1,315530381,1.071652,28328061,40
1,610644563,0.950432,28328783,4
1,1962605683,1.009718,28329520,4
1,2465441939,0.939581,28330743,11
1,3874861259,0.993141,28331329,2
1,2737470893,0.995105,28332335,8
1,1224323183,0.950945,28332994,3
1,554901731,1.079370,28333494,1
1,1593559381,1.070284,28334505,8
1,2282507659,1.000488,28335438,7
1,1940253703,1.004385,28336090,3
1,390133273,1.012616,28336870,5
1,3023435783,0.945797,28338424,16
1,2545984711,0.973777,28338933,1
1,40469281,0.911622,28341318,28
1,3316799779,1.001951,28346207,64
1,1876166401,0.971267,28347133,7
1,4091489249,0.914830,28349811,32
1,1729668263,1.012616,28351787,22
1,4214528281,0.815499,28354544,33
1,4111142947,0.877786,28355819,12
1,3323293307,1.086134,28357454,17
1,827222831,0.925443,28358521,9
1,2098378363,1.039268,28360362,14
1,1232474011,1.015505,28362218,20
1,1153536403,0.970764,28364054,20
1,3077477159,0.938541,28365545,15
1,310151203,1.039268,28367094,16
1,816667427,0.977281,28367601,1
1,4176258389,0.987223,28368401,5
1,3059502577,0.908403,28369408,8
1,1783460743,1.000488,28371889,29
1,2302881437,0.985738,28372676,5
1,958202633,0.940101,28374359,18
1,2518699303,0.940101,28375002,3
1,3933426551,0.973276,28375590,2
1,2127073757,1.000488,28376387,5
1,1967898973,0.913227,28380730,56
1,2271227723,0.940101,28383615,35
1,3770847397,0.920152,28384764,10
1,1016077661,0.906789,28385269,1
1,4223936659,1.035031,28387865,31
1,3604820231,0.993632,28389420,16
1,106737977,0.971267,28391175,19
1,2957049047,0.969758,28392035,6
1,3140520599,1.000488,28393103,9
1,2706210901,0.969758,28393675,2
1,3971105449,0.936979,28397544,49
1,2837064491,1.002438,28399096,16
1,1548270467,0.981767,28400593,15
1,650580221,0.988706,28401178,2
1,772531139,0.952484,28401686,1
1,847218131,0.938021,28404793,38
1,1284311863,0.946313,28406553,19
1,499132169,0.927551,28415149,117
1,2013402751,0.983258,28416493,13
1,1073779123,0.876115,28418036,16
1,2235823589,1.061581,28419190,10
1,1856626991,0.973777,28421674,29
1,1737753047,1.002438,28427919,83
1,3421965307,1.001951,28435459,101
1,179609473,0.971267,28436094,3
1,3932324897,0.969758,28438552,29
1,3158184023,0.946313,28439133,2
1,641063581,1.003899,28439990,6
1,249588133,1.008267,28441115,10
1,4274131907,1.031723,28442121,8
1,1658627449,1.079370,28444034,21
1,2826905923,0.920152,28444835,5
1,863392757,1.043020,28445984,10
1,1212622219,0.822653,28446488,1
1,39095411,1.033615,28449011,30
1,2352967523,0.941657,28450162,10
1,966092761,1.059278,28450951,5
1,250457461,1.000488,28452086,10
1,1471220393,0.947859,28454471,28
1,815228753,0.987223,28458183,47
1,954690439,1.006328,28460325,24
1,2315017933,1.035031,28461385,5
1,4060889213,1.039268,28462603,11
1,1826367643,0.954021,28463830,11
1,517091093,1.130628,28466918,28
1,617482717,1.038798,28467548,1
1,353509019,0.938541,28469727,25
1,957777521,0.938021,28472530,34
1,308174729,0.988212,28473245,4
1,318731549,0.981767,28479568,84
1,239478523,1.001951,28481612,23
1,4109127551,0.970764,28482627,8
1,560596781,0.944247,28487388,62
1,1622353819,0.938541,28488942,16
1,2919288391,0.973276,28490424,15
1,2228844743,0.954021,28493116,32
1,1133640281,0.956066,28495580,29
1,2438147869,0.956577,28496792,11
1,2126630339,0.940101,28497801,8
1,1557980227,0.981270,28498451,3
1,309381881,0.942694,28506556,110
1,1037770673,1.062959,28507694,10
1,1016476519,0.908940,28508280,2
1,2668263131,1.035503,28509432,10
1,3397469239,1.070284,28512183,33
1,1501903363,0.969758,28514317,24
1,3721791767,0.968750,28518744,57
1,927310649,0.908940,28524696,79
1,4122944989,0.940101,28526061,13
1,750860987,1.000488,28526640,2
1,2502099307,1.008267,28529438,34
1,239001229,1.004871,28530797,13
1,2054275541,0.946313,28532353,16
1,1947195743,0.973777,28533987,17
1,547044097,0.908403,28535600,17
1,2685418933,0.973777,28536812,11
1,1004706427,1.105296,28538321,15
1,470360411,0.976781,28538895,2
1,3096988679,1.101756,28541217,27
1,2778355823,1.004871,28542285,9
1,3751180729,0.946313,28543220,7
1,3579932201,1.023646,28543869,3
1,3846415913,1.017906,28545001,10
1,2992811453,0.983258,28547548,30
1,2076096193,0.980772,28549809,26
1,65909659,0.877229,28553659,49
1,2452490171,0.987223,28557092,43
1,4029767341,0.940101,28558021,7
1,2731905901,0.969254,28559803,19
1,438919739,0.938021,28563318,44
1,4172432059,0.911086,28564204,2
1,2410871971,1.069828,28565576,11
1,4294569749,0.944247,28571151,73
1,374556109,0.979277,28575219,52
1,1525639,1.016466,28576045,6
1,1567648267,0.911622,28577605,16
1,3889835659,0.983258,28579125,15
1,1238586163,0.971267,28580132,8
1,1472698951,0.906789,28584980,63
1,2468792863,0.950432,28586121,10
1,213562267,0.927551,28587191,9
1,729207553,0.915364,28592654,72
1,1866884933,1.004385,28593800,10
1,2510903093,0.938541,28595077,12
1,4141434793,0.938021,28596011,7
1,2157640781,0.963190,28601683,75
1,2969105617,0.975280,28602342,3
1,1506904937,0.970764,28603697,13
1,1600490543,0.956577,28604496,5
1,3372451183,1.008267,28605353,6
1,1639117313,0.986728,28608789,43
1,4174479781,0.971267,28609297,1
1,2270002853,0.939581,28610367,9
1,3451358851,0.946313,28612159,19
1,3659011043,1.000488,28613571,14
1,2323432439,1.101756,28615201,17
1,754090679,0.911622,28616127,7
1,2142012559,0.986728,28617059,7
1,648130297,0.942176,28618891,20
1,2202625333,0.941657,28622267,42
1,230205733,1.010202,28623043,5
1,2741114513,0.894864,28624525,15
1,2328734983,0.947859,28626017,15
1,547039049,1.035974,28627999,22
1,4008363133,0.973777,28629848,20
1,3252518029,1.061581,28631829,22
1,2817726053,0.908403,28632690,6
1,3019464841,0.978779,28633275,2
1,1121469203,1.043020,28637130,49
1,2003394583,0.942176,28640154,37
1,3185645231,0.942694,28642339,25
1,2311155607,1.081178,28643208,6
1,956956249,0.950945,28645182,22
1,2576058257,0.987223,28645905,4
1,3220690981,0.956066,28646990,9
1,3786950837,0.973777,28647984,8
1,3543445891,1.004871,28649606,17
1,4233569251,1.003899,28650686,9
1,3513013573,1.064795,28651200,1
1,1049634293,0.971267,28655412,53
1,2832177973,0.908940,28657896,29
1,816480971,1.000488,28658678,5
1,2844444433,0.969254,28659261,2
1,3728865113,0.976781,28660124,6
1,538249039,0.977281,28662363,26
1,741736013,0.997556,28667860,66
1,2081152757,0.864897,28672263,56
1,799969537,1.039738,28673044,5
1,1578908777,1.000488,28673554,1
1,3818672707,0.940101,28674548,8
1,1072668967,0.911086,28675203,3
1,2763849677,0.987223,28675861,3
1,3970289423,0.993632,28677073,11
1,1685184001,1.024123,28683220,81
1,1507180267,1.043020,28683963,4
1,2478196997,0.978779,28686348,28
1,3768708689,1.004871,28688190,20
1,1171936279,0.928078,28688777,2
1,3001615609,0.973276,28689355,2
1,3640358441,0.972774,28690494,10
1,1810775719,0.973276,28696066,73
1,1769586043,0.987223,28697785,18
1,1507342493,1.008267,28699623,20
1,1060372543,1.070284,28700906,12
1,2412094057,0.981767,28702825,21
1,724870763,0.940101,28703966,10
1,588340927,1.081178,28704963,8
1,3511925891,0.947859,28708562,45
1,3865387063,0.895409,28710674,24
1,3029075173,1.070284,28711889,11
1,2019235511,1.067086,28717089,68
1,3408075401,1.019823,28719906,34
1,4229735971,0.938541,28721753,20
1,2171429879,1.033615,28723832,23
1,2718670483,1.099538,28725114,12
1,3518596639,0.940101,28726896,19
1,3160149649,0.940101,28728099,11
1,3646409929,1.012616,28729306,11
1,3949332521,1.004871,28729816,1
1,741665191,1.039268,28731160,13
1,1591363409,0.938541,28731673,1
1,3279916853,0.956577,28733026,13
1,25058837,0.973777,28734496,15
1,96652379,1.015505,28737088,31
1,698644363,0.971267,28738153,9
1,1718869519,0.989199,28740695,30
1,3263700469,0.913227,28743026,27
1,1805956843,0.916963,28743542,1
1,3691292777,1.017906,28744672,10
1,392527957,0.971267,28746146,15
1,1069134223,0.946829,28747220,9
1,1778236289,1.017906,28747811,2
1,1546246987,0.942694,28749376,16
1,3265583231,0.910550,28749959,2
1,322555523,1.009718,28750757,5
1,2062679251,0.956577,28752530,19
1,2354218093,0.925971,28754860,27
1,189946709,0.938541,28758641,48
1,2453018303,0.906250,28759849,11
1,1271298659,1.009235,28762820,36
1,2852052433,0.983258,28763479,3
1,4022754977,0.946313,28764422,7
1,2502400441,0.978779,28765006,2
1,505870843,1.012616,28766371,13
1,859385291,0.971267,28768497,20
1,2448834469,0.925971,28770415,19
1,3037593523,0.914830,28771174,4
1,3811240313,0.981767,28773161,22
1,1210251319,0.925971,28774445,12
1,1697461177,0.970764,28775652,11
1,1260629429,0.969758,28776373,4
1,4147336883,0.977281,28778646,26
1,1156598717,0.942694,28781203,30
1,1973930597,0.944247,28783401,25
1,411879719,0.947859,28785172,19
1,2833480459,0.940101,28786033,6
1,171425741,0.942694,28787168,10
1,1229293133,0.849517,28787749,2
1,99334691,1.062959,28789796,23
1,2179476293,0.986728,28793182,42
1,2820195317,1.017906,28796062,35
1,2939788367,0.975280,28800704,60
1,3024942623,0.969254,28804376,46
1,2806778827,0.842012,28806415,23
1,2996516741,1.054196,28807210,5
1,3789688519,0.978779,28807796,2
1,589517339,0.932801,28808507,4
1,599776909,1.000488,28809998,15
1,1561917899,1.000488,28814173,53
1,2438841631,0.925971,28818949,62
1,3553600499,0.940101,28821995,37
1,2528799577,0.960652,28822791,5
1,4059509789,0.977281,28826172,42
1,131626219,0.971267,28826954,5
1,550125469,0.880563,28827533,2
1,4143796571,0.977780,28830089,30
1,1117254409,0.916963,28833184,38
1,2416060781,1.004385,28834386,11
1,718678843,0.973777,28835184,5
1,1379277673,0.969758,28837519,27
1,2827461563,0.946313,28844862,99
1,1880166917,0.920152,28845566,4
1,2148297031,0.972774,28846554,8
1,2165192741,1.039268,28849157,31
1,3032477491,1.070284,28854321,67
1,575110343,1.019344,28856721,28
1,21497473,0.977281,28857195,1
1,309026297,0.975280,28859235,23
1,2942832307,0.939581,28860650,14
1,3314305187,1.057894,28865081,57
1,1979695931,1.004871,28866801,18
1,1196929057,0.940101,28868558,19
1,3807639587,0.978779,28869143,2
1,2670219649,1.038798,28872570,37
1,193474933,0.970764,28874078,15
1,3656012179,0.970764,28878513,57
1,77900807,1.006328,28880196,18
1,812441503,1.039268,28881475,12
1,1112319407,1.001951,28882271,5
1,222883517,1.000976,28883758,15
1,4279919213,0.911622,28889175,71
1,2281531183,1.002438,28890322,10
1,794428793,1.039268,28890975,3
1,3349305013,0.941657,28893031,23
1,783327049,1.008267,28896908,49
1,570100547,0.952484,28899442,30
1,2255961629,1.012133,28900591,10
1,3115014751,1.000488,28901818,11
1,2400596761,1.014061,28904133,27
1,1678633289,0.988706,28905056,7
1,2060471339,0.956577,28908493,43
1,3847083307,1.004871,28909216,4
1,1219061257,0.973777,28910342,10
1,4145335723,0.913227,28911074,4
1,2931529309,0.971267,28912298,11
1,3455476811,0.973777,28912883,2
1,2206531871,0.971267,28913525,3
1,1987083979,0.981767,28915016,15
1,1218350279,1.002438,28918464,43
1,765804047,1.116723,28920019,16
1,1773521063,1.094643,28920533,1
1,1013574701,1.008267,28922364,20
1,1575302887,1.000488,28925766,42
1,2958402841,1.004871,28926762,8
1,2950014443,0.911086,28933011,83
1,2009369759,1.024123,28934427,14
1,4088539703,1.008267,28935783,13
1,102474577,0.915897,28937890,24
1,2682866957,0.908940,28947087,125
1,3536644973,0.973777,28947672,2
1,1363867003,0.989199,28950087,28
1,2645262751,0.969758,28951235,10
1,3175274387,0.970764,28956718,72
1,400084393,0.947859,28961543,63
1,800359793,0.969254,28963309,19
1,2106581033,0.946313,28963890,2
1,1873826657,0.938021,28967989,52
1,1260679751,0.919621,28975126,90
1,1649168303,0.993632,28976925,19
1,2438744201,0.973777,28981329,57
1,679143271,1.012616,28986061,61
1,989703601,0.987223,28987134,9
1,2438762509,0.908940,28987913,5
1,931272929,1.064337,28991839,50
1,3484977869,0.939581,28993548,18
1,2278578583,0.977281,28994544,8
1,4163476937,1.017906,28995828,12
1,1166915569,0.937500,28996341,1
1,582758053,0.844329,28999858,44
1,414003341,1.002438,29000914,9
1,1762644907,1.004871,29007370,86
1,4016029159,0.945797,29009221,20
1,2769114353,1.000976,29012581,42
1,221452397,1.019344,29013360,5
1,2458816753,0.876115,29014144,5
1,3065786459,0.938021,29015213,9
1,3850401229,0.938021,29016002,5
1,3553926457,0.939581,29016933,7
1,1792588661,0.940101,29018075,10
1,1347742919,0.990186,29020336,26
1,709548439,0.950945,29020853,1
1,2209910533,0.940101,29024790,50
1,1567668199,0.907327,29027901,38
1,2882637179,1.079370,29029260,13
1,3067976843,0.944247,29030405,10
1,2628561367,1.035974,29032763,27
1,1231926727,1.001951,29036253,43
1,3219301643,0.963190,29039426,39
1,4290449927,1.000976,29041833,28
1,2325444119,1.017906,0,40
1,12893687,0.877229,3030,37
1,1141418051,0.941657,4023,8
1,3720518519,1.032669,4682,3
1,1925813531,1.004871,5192,1
1,2200186061,0.958107,6541,13
1,1877296613,1.004385,7125,2
1,3114301693,0.908403,10441,41
1,310109581,0.851240,11373,7
1,2310483083,1.000488,12099,4
1,2340834511,0.987223,14182,23
1,1033176497,0.973777,17484,41
1,2404706099,0.978779,18209,4
1,297869813,1.006328,21444,40
1,2048232163,1.002438,25308,49
1,2191375591,0.924387,30390,62
1,2652408793,0.950945,32568,22
1,3047659501,0.972272,33786,11
1,3824816953,0.970764,35843,23
1,647038537,1.019344,38087,26
1,1302725729,0.941657,39560,15
1,1268040793,1.017426,40482,7
1,1875689923,0.988706,41274,5
1,2180318537,0.950432,42899,17
1,540345319,0.950432,45574,32
1,3854617831,0.952484,48113,30
1,1474891507,1.000976,49464,13
1,1054531889,0.932801,50818,13
1,1479691151,1.035031,52447,17
1,3979225457,0.938541,55542,38
1,353195573,0.969254,56391,6
1,4159337323,0.981270,60071,46
1,1623592669,0.975280,60724,3
1,1828826107,1.070740,61796,9
1,1864776659,0.908940,64548,33
1,2700708119,1.043488,65267,4
1,1844569889,0.972774,67587,27
1,1238402453,0.991172,68731,10
1,3408889531,1.008267,72534,48
1,924210041,0.947859,75044,25
1,526234801,0.834439,75623,2
1,3780032287,0.987223,76140,1
1,2504408923,1.000976,78671,14
1,1465499341,1.008751,84564,75
1,1586314493,0.944247,86406,20
1,685417357,0.911622,87122,4
1,1297103993,0.950945,89446,27
1,1996249793,1.038798,91434,22
1,4172702111,0.920152,91958,1
1,874446623,0.920152,93454,15
1,3316788131,0.913227,94117,3
1,544662259,0.752600,95598,15
1,2219586587,1.038798,97422,20
1,1336053361,0.963190,101431,51
1,282302609,0.947859,105641,54
1,1769666039,1.000488,106582,7
1,2962013833,1.037387,112830,83
1,1294018619,1.003899,114240,14
1,598084699,0.946313,116501,26
1,2255276941,1.006328,119872,42
1,3261341381,0.942694,121769,21
1,2621196343,0.940101,122842,9
1,3819941513,1.000976,123861,8
1,953397889,0.971267,124571,4
1,3578983091,1.006328,126481,21
1,1958302163,0.985738,127411,7
1,2330385901,0.972774,130086,32
1,2099507237,0.906789,133860,43
1,1390907503,0.975280,134524,3
1,3858529447,0.911622,139122,57
1,2804057623,1.008267,139980,6
1,3499810637,0.946313,140564,2
1,843049349,0.938021,142116,16
1,1725879257,1.007782,143260,10
1,3826411643,1.048157,144893,17
1,862786733,0.946313,145962,9
1,490479307,0.911622,146680,4
1,1290877801,0.906250,147399,4
1,931231793,0.997556,152171,62
1,1079731439,0.977281,153033,6
1,1839892783,0.981767,153683,3
1,1986425029,0.971267,155185,15
1,755314031,0.956577,155763,2
1,269986921,1.048623,156960,11
1,959531429,0.946313,159764,34
1,203857307,1.001951,161880,24
1,1421226319,1.002438,164130,26
1,2374189907,0.993141,165054,7
1,655329307,1.048623,165698,3
1,1460599051,0.981270,166281,2
1,728930893,0.975280,169694,40
1,2216727041,0.971267,171234,16
1,2536367971,0.973777,172603,13
1,99940759,0.940101,173108,1
1,166231981,1.023646,173685,2
1,2433186857,0.979277,176492,29
1,187222799,0.920152,177847,13
1,115430773,0.940620,180113,13
1,698120057,1.017906,180911,1
1,4131403603,0.853531,182552,16
1,47965661,0.886090,185419,35
1,928938781,0.973777,186780,13
1,1302158587,1.001951,187437,3
1,627430357,1.047691,188509,9
1,2657514283,1.009718,191257,33
1,2559324437,0.952484,192323,9
1,1369371719,0.972774,192913,2
1,862550597,1.067086,193560,3
1,2419310119,1.062959,196100,30
1,1849295713,0.920152,199540,43
1,338159441,0.977281,202065,30
1,1409178101,0.989199,206002,50
1,3304294633,1.010685,206729,4
1,1272501511,0.846062,208237,15
1,4252165289,1.033142,209806,16
1,2232274469,1.031723,213248,43
1,628925807,0.960652,213760,1
1,817111487,0.950432,215381,17
1,1686918787,0.989199,217555,25
1,3218264173,0.991172,218419,6
1,3298459079,0.986728,219142,4
1,2276890153,0.995105,220139,8
1,1270707523,1.033142,222124,22
1,1152634789,1.009718,223554,14
1,2120803973,0.919621,228266,61
1,669265939,0.975280,229046,5
1,3975450637,1.009718,231674,29
1,301988359,0.977281,234368,30
1,1525506443,0.977780,237895,41
1,2992153819,0.882225,241839,50
1,138861581,0.977281,244081,26
1,2352388937,0.906789,249281,68
1,2140263283,0.986728,249875,2
1,3516645749,1.023646,251860,22
1,2522354333,0.880563,253071,11
1,1968961363,0.973777,256399,41
1,726480857,0.898132,258031,17
1,1574815051,1.050483,260010,22
1,3915131347,1.039268,261080,9
1,1204164673,1.044891,263113,23
1,3491708921,0.971267,264185,9
1,82668931,0.882225,271391,97
1,706885027,1.073928,271901,1
1,3743798791,1.091963,272556,3
1,3020398961,0.946313,273477,7
1,3024731231,0.907327,274567,9
1,2544601019,1.101313,280226,70
1,14270533,1.102642,281632,14
1,230452661,1.021736,283184,16
1,3475768511,0.993141,285803,13
1,3423734473,0.946313,287604,19
1,2560007971,0.938021,288672,9
1,1223401603,0.897044,289663,8
1,1800665731,1.003899,290811,10
1,658681433,0.975280,294951,53
1,3918133543,0.973777,297219,26
1,2637775249,0.927551,298843,17
1,3565683379,1.002438,303748,64
1,426585581,0.844907,304891,10
1,1793731333,0.915364,305676,5
1,3098442029,0.892679,306189,1
1,2918507959,1.002438,308543,27
1,1658106143,1.012616,309263,4
1,2395962931,0.952484,310833,16
1,2701869689,0.973276,313852,37
1,151882177,0.969254,318948,67
1,2798178037,1.003899,319754,5
1,4038516497,1.074382,323151,42
1,3884983681,1.004871,324417,12
1,3255581723,0.888841,325339,7
1,260958067,1.071652,327872,30
1,598301339,0.849517,329154,12
1,571774507,0.981767,333090,50
1,2209668239,0.971267,334794,18
1,1169578831,0.983258,338300,38
1,1282538749,0.981270,339248,7
1,851643743,0.907327,343070,45
1,854417029,0.877229,344001,7
1,986213161,0.910550,344930,7
1,2028960707,1.000488,346227,12
1,3069061067,1.006328,346892,3
1,329569393,0.993141,349438,30
1,125963533,0.985738,350076,3
1,2331576899,0.911086,354287,54
1,768884219,1.004385,356829,30
1,1333268633,0.940101,357961,10
1,38413159,1.017426,359150,11
1,3126206803,0.925443,361685,30
1,3169945897,0.875000,363880,25
1,3296329783,1.027930,365711,20
1,3143822989,0.925971,368886,39
1,3710301953,0.947859,369396,1
1,2036924947,0.955044,373546,53
1,200562763,1.012616,375091,16
1,2244364693,1.008267,375667,2
1,2536372151,1.000488,376468,5
1,4236648991,0.983258,379559,38
1,2762863261,1.054196,382191,27
1,1977671963,0.970764,388309,62
1,921905813,1.075745,389753,14
1,3112489979,1.006328,391391,17
1,1252533913,0.886090,393291,21
1,2806339061,0.970764,394293,8
1,3771978901,0.947859,395778,15
1,1099897699,1.070284,397823,23
1,1255563299,1.001951,398962,10
1,2705590721,0.888841,399662,4
1,3140527739,0.979277,402759,38
1,2613985837,0.942694,403407,3
1,173961727,0.883883,405099,18
1,2957472317,1.019344,406099,8
1,3995355307,1.009718,406677,2
1,2136013339,0.911622,408663,22
1,4152607331,0.985738,411479,34
1,853462793,1.008267,412618,10
1,2680878107,0.924387,413414,5
1,1430707591,1.003899,416642,40
1,3911829527,1.012133,418483,20
1,3954661751,0.950432,419422,7
1,1643809927,0.955044,420496,9
1,3750347633,0.981270,421074,2
1,683111423,0.947859,422870,19
1,3659672869,0.973777,426108,40
1,723778771,1.039268,428097,22
1,1576823747,0.938541,428903,5
1,2689676329,1.095534,431511,31
1,1823208691,1.043488,437575,76
1,1444885963,0.950432,438581,8
1,3625473323,0.978779,439946,13
1,3550631263,0.925443,441642,18
1,3869676313,0.946829,442775,8
1,2107941863,1.017906,445612,34
1,3105662003,1.000976,446200,2
1,1605078967,0.939581,447850,17
1,2255448389,0.908940,448779,7
1,866258819,0.973777,449641,6
1,2148501413,0.971267,452258,31
1,1013850853,1.093303,453322,9
1,2336472461,1.009718,456926,45
1,1391173271,0.866589,457791,6
1,1587410197,0.844907,458808,8
1,882867287,0.973777,460457,17
1,1547276663,0.971267,460976,1
1,2364703267,0.971267,462454,15
1,2899050053,1.054659,463048,2
1,383093863,0.940101,463624,2
1,3512953519,1.014061,464985,13
1,2648777603,0.950432,467452,29
1,3201729061,0.977281,469167,18
1,2126752483,0.911622,470530,13
1,3290100811,0.978779,477168,89
1,2401015171,0.981767,478524,13
1,181346569,0.877786,480210,18
1,2018164619,0.940101,480796,2
1,2133746453,1.033615,481588,5
1,2234172089,0.876673,482726,10
1,1312405361,0.923330,483724,3
1,3477149297,0.949404,484309,2
1,4240658827,0.950432,485462,10
1,850697063,0.888841,491168,57
1,979493857,0.940620,491694,1
1,1107238843,0.964709,495837,53
1,3744610357,1.069828,497545,18
1,3870537439,0.977281,500786,40
1,4282966447,1.070284,502626,20
1,1365057229,0.981270,503982,13
1,3312642043,0.950432,505838,20
1,2023036033,0.891036,506478,3
1,3219263533,0.901929,507474,8
1,53676449,0.988706,508444,8
1,3969206261,1.002438,509878,14
1,4284798631,1.008267,514512,60
1,3674196223,0.977281,515673,10
1,2658840473,0.970764,516753,9
1,207185701,0.970764,517814,9
1,2539430051,0.939581,518817,8
1,2821033799,0.907327,521576,33
1,2448427271,1.068914,523052,15
1,4000838461,0.958616,525322,26
1,1825610417,0.934370,528564,40
1,671589419,0.888841,529065,1
1,3023806427,0.977281,531546,29
1,455476103,1.055584,532539,8
1,2464642549,0.975280,533404,6
1,2989019261,0.945797,537415,51
1,3280404389,0.913227,538001,2
1,2985655489,1.078012,538725,1
1,2627735053,1.032669,539233,1
1,3654219601,1.074382,539818,1
1,346360919,0.925971,540391,2
1,1113021047,0.980772,542754,26
1,3376843997,0.882225,543266,1
1,169878133,0.941657,545927,29
1,1037025853,0.940101,546668,4
1,2874969631,0.972774,547612,7
1,2491440943,0.938021,549167,16
1,2150687537,0.995105,550368,11
1,2194847117,0.906250,551100,4
1,1481607121,0.952484,551675,2
1,1825150997,0.942694,554861,39
1,426999257,0.916963,556555,18
1,1850599523,1.009235,557771,11
1,1612650343,0.993632,559541,19
1,1967542979,0.938021,560188,3
1,1071413789,0.938541,563945,47
1,591893473,0.970764,564954,8
1,1884076273,0.946313,566589,17
1,601433627,0.987223,567096,1
1,1513704509,0.993632,568179,9
1,3460185761,1.002438,574028,77
1,2299921703,0.978779,575521,15
1,57480799,0.981270,576437,7
1,1413438349,0.875558,577870,14
1,3728706427,0.947859,581399,44
1,4026303271,1.017906,585339,50
1,1201217447,1.017906,586577,7
1,3502766401,0.958616,587231,3
1,153214759,1.066628,588295,9
1,1476462599,1.033615,590820,13
1,2796122767,0.973276,592790,20
1,2706493123,1.062959,595325,30
1,1575602359,0.925971,596119,5
1,2615677531,1.003899,597048,7
1,391555943,1.002438,598893,20
1,911273281,1.063419,599541,3
1,1745062747,0.889391,600048,1
1,128759783,1.024123,600978,7
1,4049371241,1.095980,602186,11
1,3581110681,1.027930,607382,68
1,3876898499,0.950432,608527,10
1,4290240271,0.908403,609827,12
1,918996847,0.971267,611747,21
1,4069875959,0.971267,612330,2
1,4055972209,0.902471,614865,30
1,2684244011,1.035503,615450,2
1,206144123,0.958107,618201,33
1,231206779,0.971267,619968,19
1,3748508111,1.094196,621332,13
1,3672290627,1.108825,622261,7
1,3998574703,1.014061,623698,14
1,525615427,1.043488,629074,71
1,1845380297,1.046292,630977,21
1,2216892941,0.987223,631907,7
1,2109034271,0.919621,636815,64
1,2352204901,0.973276,639007,25
1,2306245847,1.040677,640947,20
1,1745935439,1.033615,646618,68
1,3021881371,0.939581,647681,6
1,1625317009,0.984747,650944,40
1,3293046187,0.940101,651599,3
1,2617465759,0.947859,652252,3
1,2545178869,0.913227,652973,4
1,2659036817,1.004871,653977,8
1,2995851907,0.958616,655246,12
1,410617087,0.908403,656664,14
1,1322438407,1.009235,658082,14
1,521267441,0.993141,658871,5
1,2976584687,0.974279,662317,43
1,530694979,1.000976,664074,19
1,2634465443,0.973276,665135,9
1,3004507141,1.031723,666124,8
1,526940383,0.938541,667593,14
1,3396013741,1.006328,669522,21
1,951868523,0.995105,671007,15
1,984866507,0.944247,672505,15
1,4283898559,0.942176,673098,2
1,1957046803,0.968750,677034,50
1,676827659,0.993632,679006,22
1,2116076579,1.012133,683423,57
1,1896789287,1.000976,686455,37
1,440288897,1.002438,687167,4
1,2957007439,0.971267,689177,18
1,3488717549,1.012133,693187,34
1,2573867459,0.971267,694863,12
1,3627738683,1.043020,697675,34
1,3557368733,1.004385,699159,15
1,3336194929,0.985738,702212,37
1,1650707893,0.955044,708664,86
1,472911973,0.941657,709931,12
1,1691488187,0.989199,712963,37
1,1297757177,0.973276,713685,4
1,744878257,0.829745,715788,24
1,3272863427,1.024123,717276,15
1,1914183811,0.972774,721322,52
1,4026156749,0.855246,722400,9
1,227613073,1.004385,723169,5
1,80812003,0.939581,723744,2
1,26039537,0.952997,724442,4
1,1178951099,1.017426,727684,40
1,627933139,0.970764,729458,19
1,2183080541,0.822653,730041,2
1,538330879,0.944247,731468,14
1,2359142801,1.050019,732544,9
1,1315176353,0.942694,734390,20
1,1594833521,0.969758,737003,31
1,3986286217,0.981767,738810,19
1,35102701,1.066170,739311,1
1,1357053431,0.944247,740534,11
1,1242719869,0.939581,741754,11
1,134363503,1.079370,742458,4
1,3587500313,0.955044,743326,6
1,2134263917,1.033615,745157,15
1,1380305737,0.915364,746439,12
1,474168397,0.971267,748902,29
1,828799877,0.846639,751477,28
1,3532272001,1.128899,754656,39
1,2054854831,0.940101,759322,60
1,2899341667,0.940101,760888,16
1,597431921,1.000488,761597,4
1,3691965397,0.971267,763576,22
1,3303579431,1.001951,764383,5
1,2696588647,0.919621,765738,13
1,979163371,1.024123,767503,19
1,1659128257,0.782499,768078,2
1,3177324851,1.104854,768655,2
1,877697399,0.969758,769161,1
1,2763085573,1.062959,772203,37
1,3440851829,1.073928,773561,13
1,1859835739,0.920152,775405,20
1,2224246163,0.916963,776957,16
1,3276791153,1.003899,777897,7
1,951154669,1.012616,780925,37
1,1193413979,1.000976,782683,19
1,3671760121,0.978779,785228,30
1,47791477,0.880008,786156,7
1,479159959,1.014061,787522,13
1,2564912527,1.086584,792862,65
1,3242763067,0.973276,793442,2
1,4155863021,0.970261,797079,31
1,4046948687,0.987223,799970,31
1,1911890891,1.017906,801183,11
1,1453928407,1.002438,803161,22
1,1323798031,1.128467,805940,33
1,2796510767,1.024123,810084,53
1,3173592427,1.035503,811999,21
1,4022358451,1.012133,812864,6
1,577816361,0.978779,813868,8
1,145830397,0.938021,814861,8
1,770875409,0.848367,816900,23
1,1580839961,0.984747,819217,27
1,2378231629,1.003899,821482,26
1,762947183,0.972774,823250,19
1,501323887,0.886090,825735,29
1,1547519591,0.983258,827156,14
1,2102104307,0.920152,830754,45
1,4161254327,0.981270,831967,11
1,3785661343,0.971267,833901,21
1,668778679,0.973777,834410,1
1,2242400269,0.932277,835396,8
1,341030581,1.070740,837443,23
1,3559021013,0.913227,838236,5
1,1237990459,1.009718,839318,9
1,1834572647,1.030776,841381,23
1,2576260039,0.934370,842452,9
1,1088547541,0.981270,844080,17
1,2541382541,0.884988,845857,19
1,2267238581,0.932801,847773,21
1,4126825607,1.035974,849336,16
1,2121712531,0.938021,850213,2
1,944330221,0.908940,853452,40
1,512942909,1.037387,854737,12
1,2219409263,1.032197,856266,13
1,2124010643,0.969254,861382,67
1,905707433,0.981767,864975,45
1,97510667,1.012133,866664,18
1,351016427,0.956577,868154,15
1,1801992953,0.973276,869501,13
1,4027343249,1.027930,872865,42
1,283257463,0.970764,875753,35
1,1728413149,0.908940,876687,7
1,1334905469,0.938541,880614,50
1,593672627,0.977281,884989,56
1,2871865277,1.002438,885860,6
1,1816350869,0.942176,886926,9
1,3186386531,0.920152,891153,54
1,971440193,0.950945,892152,8
1,3041747341,1.033615,896934,46
1,1404531257,0.908403,899241,21
1,2903882167,0.942176,902021,30
1,2937917813,1.006328,902605,2
1,561943147,0.877786,903184,2
1,3655828751,0.908940,904894,18
1,1426300537,1.069828,905545,3
1,2929691927,0.958107,907322,19
1,1010371799,0.875000,907836,1
1,3328410209,0.973777,913793,79
1,2987544611,1.004871,915755,22
1,2751385433,1.032197,916413,3
1,989784559,1.033142,918625,25
1,3238683577,1.000976,921441,34
1,4029214229,1.024123,921957,1
1,1814339213,1.004871,928599,89
1,2573037949,1.001951,929816,11
1,841992433,0.824432,930599,5
1,2076026411,1.070284,932648,23
1,1744261279,0.897044,933446,5
1,1542554969,0.997556,938422,65
1,3621370289,0.941657,940262,20
1,2603179921,0.877786,946310,80
1,638418041,1.152443,947235,7
1,2909618821,0.944247,949626,28
1,1733309719,0.983258,955881,75
1,3851391697,0.851240,956679,5
1,210757601,0.975280,960642,48
1,1271974603,0.970261,962424,19
1,794186917,0.950432,963767,13
1,2752501313,1.091963,964552,5
1,1449628703,0.987223,965350,5
1,3209478859,1.094643,965872,1
1,3948834313,0.973276,968121,26
1,3954360013,1.000488,968715,2
1,4272498617,0.884436,969579,6
1,1390583371,0.978779,972472,35
1,992776061,1.099538,973334,6
1,1370228383,0.978779,974608,12
1,1002907079,0.971267,975400,5
1,1715759107,1.032197,980750,70
1,4085069279,0.939581,986536,76
1,395723567,0.969758,987182,3
1,1309862321,0.925443,988246,9
1,3806451409,0.993632,991831,45
1,505341521,0.976781,992754,7
1,2640652459,1.017906,993961,11
1,692085539,1.063419,997808,44
1,1538947019,0.972774,999324,3
1,1669073579,1.000976,1000688,10
1,1164217139,0.977281,1001688,8
1,817472599,0.907327,1003664,22
1,2677646243,1.000488,1005430,19
1,3432098063,0.895409,1006575,10
1,3234835607,1.017426,1010146,45
1,485796797,1.001951,1013455,41
1,3412779437,0.889391,1016780,41
1,171988693,0.981270,1018251,15
1,2744487773,0.981270,1019538,12
1,1119571763,1.067086,1020964,14
1,623517799,0.920152,1021754,5
1,1867498379,0.971267,1022689,7
1,1526643683,1.073928,1024609,21
1,2298040853,1.080726,1025325,4
1,3761967161,1.033142,1028962,46
1,3855960467,0.976781,1033873,64
1,1142103629,0.897588,1035559,18
1,2859725027,1.004871,1039230,46
1,746520571,0.911622,1040110,6
1,2636321209,0.970764,1041380,12
1,1470565337,0.955044,1043379,22
1,1428025783,0.844907,1044817,14
1,2755556897,0.911622,1046027,11
1,1167441103,0.906789,1047326,12
1,3762431159,0.898132,1049580,26
1,3948413179,1.135799,1051451,17
1,3282648241,1.000488,1052040,2
1,2755157243,0.849517,1054437,28
1,2056026793,1.000488,1055755,10
1,2644685579,0.886090,1056760,8
1,338955847,0.952484,1059091,27
1,1705366361,0.975280,1060874,19
1,4275614191,0.981767,1062587,18
1,493023691,1.062959,1064423,20
1,2819795521,1.015505,1065830,14
1,2700395147,1.002438,1066338,1
1,2647222727,0.944247,1069296,36
1,1458757667,1.038798,1070805,15
1,1220202937,1.000488,1071314,1
1,1505778203,0.942694,1072881,16
1,1404817501,1.000488,1075218,27
1,1745170619,0.981767,1076348,10
1,4102255847,0.991172,1078394,23
1,318796103,0.942694,1082103,47
1,3820473149,0.969254,1082986,6
1,178211837,0.973777,1085079,23
1,3005183221,1.000976,1086512,14
1,3902797417,1.017906,1088150,17
1,1219972487,0.908940,1088948,5
1,4253958053,0.988706,1093816,63
1,286805671,0.938021,1094813,8
1,3143927117,1.004871,1095748,7
1,3356813741,0.969254,1097306,16
1,2635904393,1.038798,1100248,31
1,2403027881,1.016466,1102274,8
1,2744089021,1.012133,1103333,8
1,3820266001,0.880563,1106913,45
1,1583556769,0.971267,1107487,2
1,2122824167,1.008267,1116160,118
1,2821123453,0.947859,1118149,22
1,414868921,1.027930,1120045,21
1,2132692813,1.086584,1123081,37
1,1802014007,1.066170,1124150,9
1,3575244529,1.104854,1125371,11
1,812051797,0.946313,1129795,57
1,3449366117,1.000488,1134105,55
1,1201260899,0.962683,1140421,84
1,1117417229,0.927551,1142253,20
1,3928060211,0.944247,1142907,3
1,3235045543,0.977780,1145238,27
1,902659181,0.952484,1149465,54
1,700681273,0.979277,1152010,30
1,1611706277,1.031723,1154264,21
1,2632340461,1.079370,1156111,20
1,107196379,0.971267,1156969,6
1,4232013977,0.977281,1159609,28
1,3018090137,0.973276,1166199,88
1,205931221,0.977281,1167114,4
1,2016595337,0.956577,1167845,4
1,2964945251,0.950945,1171085,40
1,3398587697,0.940101,1171656,2
1,3392448931,0.888841,1177396,76
1,2376033683,0.986728,1178257,6
1,2018382761,1.084785,1180510,26
1,2160414379,0.942694,1182555,23
1,169821557,1.008267,1184448,21
1,1439360863,1.012616,1185676,11
1,3305410649,0.848942,1187441,19
1,2606838457,1.000976,1188869,14
1,4277975071,1.050483,1189462,2
1,552803663,1.033615,1192280,34
1,306441127,0.889391,1193205,7
1,2784991931,1.012616,1194294,9
1,280392391,0.908403,1194876,2
1,2592094781,0.944247,1196936,23
1,3960984373,0.851240,1205360,95
1,1255539371,0.848367,1207686,24
1,91385681,1.064795,1208463,5
1,2695452911,0.904092,1209674,11
1,1301351237,0.886090,1210594,7
1,2363152669,0.976781,1212011,14
1,2045119061,0.969758,1213286,12
1,1263111991,0.882225,1214217,7
1,1992077159,0.938021,1215225,8
1,1465536511,0.939581,1219182,50
1,4276121767,1.008751,1222508,41
1,340391911,0.975280,1224840,27
1,810557731,0.955044,1225334,1
1,4153609193,0.942694,1226912,16
1,4193555479,0.875000,1227423,1
1,3462040579,1.002438,1230307,35
1,1203983449,0.982762,1232139,20
1,4064654051,0.882225,1238380,83
1,697525337,0.877786,1242229,49
1,982824613,0.985738,1245813,45
1,873327233,0.973777,1249529,47
1,2632890961,1.006328,1250954,14
1,6702823,0.977281,1251646,4
1,2031185113,1.004871,1252504,6
1,1848650081,1.001951,1253633,10
1,2385088999,0.884436,1256795,39
1,2978936813,1.006328,1258827,16
1,368015309,1.072563,1260063,9
1,597162829,0.938541,1261217,9
1,3406597423,1.064337,1262074,6
1,2247617137,1.054659,1263851,19
1,3237954607,1.033615,1266256,25
1,1550938111,0.925971,1268336,23
1,1985877463,1.029354,1268862,1
1,1965833957,0.897044,1270281,14
1,1045048733,0.942694,1273101,34
1,1579071101,0.969254,1274456,13
1,4116571969,1.014061,1275749,12
1,2119322089,0.991172,1276754,8
1,4150686457,0.925971,1279300,30
1,1669335133,0.942176,1281575,26
1,966276187,0.983258,1282853,12
1,4253897629,0.977281,1284625,19
1,2337371951,0.910550,1287864,40
1,1646017433,1.017426,1288510,3
1,3581419643,1.017906,1291108,31
1,4203035861,0.925443,1291905,5
1,2376621853,0.848367,1293390,15
1,1021071703,1.033615,1295084,18
1,643380151,0.968750,1297624,30
1,3891844303,0.880008,1299471,20
1,4126142291,0.952484,1303479,46
1,1250943097,1.115848,1305249,19
1,1709387609,0.942694,1307735,29
1,1194482831,0.866589,1310206,29
1,1078180843,1.031250,1310931,4
1,2138264027,0.925443,1312016,9
1,4024952131,0.866589,1326654,203
1,3573958621,0.950432,1330577,48
1,3629937331,0.939581,1331863,12
1,2713420939,0.975280,1332512,3
1,458736017,0.908940,1337157,60
1,447675791,1.030776,1339915,33
1,3437817181,0.945797,1341551,17
1,1740218741,0.914830,1343663,24
1,2835339337,0.911086,1344661,8
1,3681516427,0.963190,1346521,20
1,1548176593,0.958107,1348699,25
1,383743039,0.993632,1351815,38
1,1174728767,0.916963,1352463,3
1,1595840737,0.919621,1354375,21
1,489598157,0.906789,1357189,34
1,3913462459,0.969254,1358197,8
1,1606545793,0.919621,1359760,16
1,604078807,0.938541,1360466,4
1,2130588893,0.913227,1361477,8
1,1172477959,1.003899,1362469,8
1,2776096553,1.069371,1363758,12
1,3962666971,1.017906,1365405,17
1,2439833911,0.916963,1367041,17
1,1658776211,0.973777,1369295,26
1,743438617,0.970764,1371346,23
1,1925738987,1.002438,1376339,65
1,2500038623,0.969254,1377967,17
1,633275707,0.970764,1383984,80
1,201221261,1.004871,1385887,21
1,3748401593,0.945797,1387309,14
1,473064859,1.035503,1393955,89
1,1881718991,0.986728,1396641,32
1,2775226627,0.907327,1400847,54
1,853658633,0.914830,1402814,22
1,2563681711,0.973777,1404037,11
1,1234405993,0.938021,1407307,37
1,4229581267,0.978779,1407828,1
1,2920982611,0.875558,1410325,13
1,3141734077,0.915364,1412070,18
1,2730159269,1.119343,1412729,3
1,1932306247,1.093750,1413379,3
1,4227138061,0.884436,1416617,40
1,3298165049,0.844907,1418741,24
1,3543602357,0.950432,1419391,3
1,387799999,0.938021,1421173,19
1,2364950743,1.058356,1423848,32
1,766502467,1.048623,1424651,5
1,1646308109,0.904092,1425362,4
1,5545229,0.970261,1428430,38
1,2150094281,0.980772,1433069,60
1,215897621,0.970261,1433931,6
1,767540821,0.944764,1439690,76
1,538075357,1.002438,1442343,32
1,4047128809,0.989199,1444734,28
1,3074649443,1.031250,1445316,2
1,2898677471,0.913227,1446181,6
1,3268285021,0.894864,1446904,4
1,2515862023,0.942694,1451943,66
1,3385996729,0.949404,1454981,37
1,1353066053,1.006328,1456819,20
1,2032011719,1.099538,1457544,4
1,1260508103,0.947859,1459846,23
1,792073453,0.994614,1462954,38
1,90052327,0.987223,1466204,37
1,3008800889,0.907327,1467484,12
1,1270699229,1.023646,1469206,18
1,82474009,0.978779,1470394,11
1,1081071203,0.986728,1471045,3
1,2756853611,1.067086,1472747,18
1,790324859,1.039268,1476336,45
1,2998510397,0.946313,1477476,10
1,380508719,0.970261,1479735,26
1,1338562861,1.001951,1480534,5
1,1122845123,0.963190,1484323,48
1,885642691,1.007782,1487900,45
1,2470599553,0.950945,1489168,12
1,38382119,0.934370,1490714,16
1,924730427,0.978779,1492484,19
1,1952081581,0.973777,1494249,19
1,456447023,1.017906,1495737,15
1,383281627,0.886090,1497359,17
1,154004593,1.033142,1499041,18
1,576925357,0.945797,1500038,8
1,1717700921,0.942694,1500680,3
1,1473331159,1.002438,1501410,4
1,537962083,0.940101,1503308,21
1,2967538531,0.889391,1509155,73
1,3416500099,0.915364,1509821,3
1,3353395307,0.915364,1513432,30
1,863664667,0.993141,1516227,33
1,735557777,1.085235,1516949,4
1,885021223,0.940101,1519546,31
1,271660231,0.975280,1522575,37
1,3941139229,0.971267,1523372,5
1,2908675213,0.844907,1526609,40
1,2565990719,0.784369,1530481,49
1,1916680343,1.127168,1537545,95
1,2866387411,0.891036,1539456,21
1,2051841329,0.875558,1542270,34
1,330025417,0.915364,1543478,11
1,3395997109,1.038798,1544199,4
1,937893221,0.938021,1547982,48
1,2391606523,0.947859,1548771,5
1,1380491083,1.000488,1550321,16
1,298939721,0.956577,1552575,26
1,500850863,0.991172,1553717,10
1,3696903437,0.994614,1554719,8
1,3252859721,0.787475,1555999,12
1,2514619883,0.954021,1560845,63
1,1905002009,1.012616,1562206,10
1,643893553,0.914830,1564050,17
1,241194211,0.983258,1564971,7
1,513592451,0.988706,1565833,6
1,756752587,0.938021,1567734,21
1,108711157,1.012133,1568756,6
1,4169862313,1.012616,1569344,2
1,2146160677,1.040677,1574052,61
1,1056951793,0.947859,1576599,30
1,3161744093,0.971267,1577546,7
1,2223132629,1.012616,1578340,5
1,952270559,0.988706,1583959,74
1,2612109803,0.950432,1585316,13
1,2988075049,1.004385,1588050,33
1,1722969139,0.987223,1588917,6
1,4236920717,1.017906,1593976,66
1,45816227,1.002438,1598166,54
1,3360167,0.977281,1600251,24
1,4237019609,0.937500,1600840,2
1,120078943,0.972774,1601613,5
1,1913623219,0.939581,1602261,3
1,1105066883,0.975280,1604593,27
1,2152438423,0.981767,1605100,1
1,2069209067,0.942694,1607086,22
1,790913203,1.019344,1608357,12
1,1520841767,0.942694,1609213,6
1,2638996361,0.978779,1612611,38
1,3701408993,0.971267,1617811,68
1,1987406999,0.882225,1618466,3
1,68923769,0.981270,1620587,24
1,3419809531,0.945797,1623161,16
1,2685061661,0.944247,1625610,28
1,2375307863,1.178419,1626550,7
1,3453321961,0.925971,1630331,48
1,4041349811,0.972774,1634818,58
1,274377791,0.882225,1636094,12
1,3237730789,0.973777,1636754,3
1,2035360001,0.940620,1639199,29
1,2649035887,0.908940,1643048,47
1,3942661993,1.019344,1645379,27
1,1143367213,0.941657,1646024,3
1,2640500117,0.950432,1646962,7
1,2076714557,0.964203,1647833,6
1,2641458493,0.946829,1648626,5
1,980776157,1.110145,1650537,21
1,1355024107,1.115848,1652933,28
1,3899650903,0.977281,1656545,45
1,561511801,0.987223,1658464,21
1,71498227,1.016466,1662683,54
1,2239600633,0.997556,1665498,34
1,1342089823,1.015505,1666648,10
1,3131769049,1.048623,1668077,14
1,252232327,0.950945,1668725,3
1,4020916519,0.938021,1669872,10
1,1533935903,1.070284,1672130,26
1,3549463213,1.073928,1677253,61
1,528407501,0.981767,1679737,26
1,560392841,1.008751,1680661,7
1,1873586633,1.064795,1681173,1
1,2978029969,0.950945,1683210,23
1,436753489,1.004385,1683916,4
1,114192877,0.981270,1684489,2
1,1500515921,1.004871,1685548,9
1,2611787393,0.983258,1687100,16
1,1928852327,0.969758,1691956,63
1,268560557,1.000976,1697316,70
1,1552734721,1.031250,1698299,8
1,82301123,0.876115,1699361,9
1,3909240121,0.940101,1699946,2
1,3739382341,0.942694,1700458,1
1,329972767,1.032197,1702098,17
1,1863406241,0.978779,1703234,10
1,1370052617,0.946313,1704440,11
1,1540532687,0.938541,1706987,30
1,3091152887,0.924387,1708769,19
1,3754712347,0.973777,1710330,16
1,930191807,0.993632,1711472,10
1,2288811713,0.989199,1712844,9
1,2728346443,1.009718,1714971,24
1,1492524989,1.012616,1720409,55
1,993081319,1.005357,1722344,21
1,1667017327,1.012133,1723277,7
1,2202902371,0.914830,1724207,7
1,3159372737,0.981767,1727585,42
1,904869377,0.971267,1730195,31
1,3194399563,1.004385,1732453,26
1,661749743,0.945797,1739973,101
1,1033715489,1.000976,1742716,33
1,2475539653,1.008267,1743791,9
1,1548737681,1.024123,1744863,9
1,2776097189,1.031723,1747117,26
1,3517670911,0.846062,1747851,4
1,2951030947,0.946313,1753184,70
1,449408129,0.988706,1754949,19
1,2142182957,1.005357,1756530,16
1,605969659,0.938021,1758153,17
1,839354027,1.033142,1763420,69
1,983518751,0.942694,1765046,17
1,2787174913,0.911622,1766738,18
1,3213811759,1.064337,1769064,21
1,4127437553,0.981767,1773889,60
1,2084246387,0.956577,1774546,3
1,1576165057,0.897044,1775833,12
1,1942450837,1.056047,1776913,9
1,887300039,1.012616,1780146,40
1,3662201383,0.981767,1782204,23
1,1457061079,0.987223,1784262,23
1,683972761,1.035974,1784908,3
1,2808100703,1.008267,1787104,25
1,2837219687,0.971267,1788655,16
1,1900656523,1.056047,1791611,36
1,795688951,1.044891,1794167,30
1,1810220309,1.012616,1799012,63
1,2745347063,0.889391,1799669,3
1,2254265513,0.946313,1802129,29
1,3345380719,0.985738,1803626,15
1,1063646849,0.940101,1804692,9
1,3235225921,0.938541,1807002,27
1,1703205019,0.981270,1808208,11
1,1389098351,0.975280,1808875,3
1,3451518277,0.981270,1809608,4
1,1059211541,1.014061,1810181,2
1,3485266361,1.073928,1811891,18
1,192740591,0.978779,1812476,2
1,2548909777,0.977281,1813475,8
1,1133085529,0.940620,1815229,14
1,1807038599,0.958616,1815895,3
1,4059919301,0.829745,1816414,1
1,4140071179,0.934370,1820132,30
1,2260437479,0.979277,1820677,1
1,1533913781,1.000976,1823981,41
1,478315463,0.950945,1824906,7
1,1304289953,1.008267,1826390,15
1,654238589,0.942694,1828724,27
1,3194843857,0.996086,1832664,50
1,1068528547,0.972774,1835264,31
1,2039665963,1.032669,1836546,12
1,2600476133,1.030776,1837399,6
1,1677533399,1.008267,1838686,12
1,4107669463,0.940101,1842138,43
1,919035367,1.010202,1844610,29
1,3686051041,1.009718,1849167,59
1,254115299,0.939581,1850869,18
1,3694557851,1.033142,1851384,1
1,1719559771,0.910550,1852597,11
1,3102616199,0.964709,1853396,5
1,4118372813,0.983258,1856144,33
1,1992822089,1.039268,1857277,10
1,2624240111,0.975280,1858144,6
1,1023910031,0.946313,1862158,51
1,1549635691,0.970764,1867566,71
1,2314724527,1.069828,1869338,19
1,2460389077,0.882225,1870288,3
1,1986954737,0.946313,1871950,16
1,3255210523,1.097761,1873992,23
1,3042034147,1.035031,1874718,4
1,2534123047,0.973777,1879046,53
1,4124726867,0.969254,1880610,16
1,4125964729,0.977780,1884969,56
1,4224722401,0.983258,1885905,7
1,761163791,0.945797,1887393,15
1,2405503183,0.886090,1888039,3
1,214269353,1.000976,1888959,7
1,1550256991,0.997556,1891227,26
1,1071762929,1.018386,1891957,4
1,1690759823,1.097761,1893386,14
1,720354553,0.956577,1894110,4
1,1743657109,1.001951,1895596,15
1,3440284037,1.002438,1896103,1
1,177139037,1.004871,1899754,46
1,1902076837,0.977281,1900339,2
1,3746690971,0.983258,1904368,51
1,3708173683,0.938021,1905523,10
1,3999091307,1.064795,1907084,16
1,3512539801,1.117160,1908713,17
1,3101317073,0.993632,1910496,19
1,3028051079,0.987223,1914082,45
1,1889905057,1.004385,1915769,18
1,1686792109,0.875558,1917775,18
1,2545237111,1.003899,1918509,4
1,63362989,0.981270,1919357,6
1,3122006669,1.050483,1920943,5
1,1264901347,0.988706,1924341,37
1,3021533807,0.954021,1930314,79
1,3825733559,1.069371,1930960,3
1,2113066037,0.848367,1935126,53
1,423535121,0.829745,1937088,22
1,208714091,1.004871,1939892,34
1,2255954761,0.889391,1941940,23
1,3546347347,0.886090,1944828,35
1,3574734973,1.035031,1946030,11
1,1201675081,1.016466,1947441,14
1,2751257051,0.938541,1948743,12
1,459526477,0.938021,1950296,16
1,367682897,1.078012,1951850,16
1,751664341,0.947859,1953063,11
1,2650761731,0.986728,1954554,15
1,2695294361,0.920152,1956686,24
1,1732346879,1.004385,1957618,7
1,61195171,0.947859,1958321,4
1,545509381,0.993632,1960501,25
1,2162939957,0.911622,1961288,5
1,1832414873,1.002438,1961875,2
1,1501251889,1.017906,1962809,7
1,2409791159,1.039738,1965729,35
1,2040078239,0.981767,1967083,13
1,2436334963,0.891036,1968219,10
1,3661964701,0.908940,1969007,5
1,1847095709,1.091963,1971683,32
1,952639927,0.973777,1975167,40
1,4507099,0.976781,1975871,4
1,771557279,1.082983,1977451,16
1,3594788191,1.079370,1978833,11
1,2990292511,1.042552,1980185,13
1,971107477,0.969758,1981823,17
1,1594688999,1.048623,1982335,1
1,2149865287,1.039738,1983255,7
1,2766862961,1.001951,1986500,40
1,2733889219,0.988706,1987370,6
1,2850542699,0.975280,1989711,27
1,3705918173,0.969758,1990933,11
1,4248261959,0.981270,1999533,116
1,3146528557,0.942176,2001158,17
1,2299951649,1.002438,2002441,12
1,3691044431,1.019344,2003028,2
1,2897264771,0.993141,2004306,12
1,1790664461,1.055584,2007273,36
1,1384807717,0.941657,2007932,3
1,2545006819,0.906789,2009212,12
1,4076244283,1.000488,2010495,12
1,1681862953,1.000488,2012113,17
1,1226799247,1.009718,2012854,4
1,1414784297,1.056047,2013989,10
1,3241673,1.033615,2015511,16
1,2233569379,0.969254,2016994,15
1,1869073709,0.938541,2018975,22
1,1618370227,0.977780,2025597,65
1,1421560099,0.971267,2026385,4
1,1159538047,1.008751,2030271,48
1,1816749751,0.975280,2031480,11
1,1786243369,0.911086,2032063,2
1,4286981759,1.002438,2033486,14
1,3986000233,1.033142,2034484,8
1,4256326541,0.972774,2035625,10
1,959663879,1.062959,2037387,19
1,4133875237,1.040677,2039649,26
1,3852723349,0.916963,2042319,32
1,721690997,0.911622,2042896,2
1,2418531403,0.976781,2044941,23
1,3023605951,1.059739,2046365,14
1,3685057591,0.958616,2049103,33
1,3435478169,1.040677,2052470,42
1,2359071707,0.941657,2059557,95
1,1658150521,0.988706,2062591,37
1,2089762261,0.938541,2064857,26
1,91353047,0.916963,2066902,23
1,3864675847,1.019344,2070755,49
1,4141265867,1.035031,2071971,11
1,990054539,1.037387,2074001,23
1,1444272581,1.037387,2075626,17
1,923563429,0.987223,2076278,3
1,1530632251,0.968750,2077013,2
1,2231539421,1.016466,2078547,15
1,2064412733,1.046292,2079337,5
1,2448475583,1.017906,2080063,4
1,461847577,0.864897,2086748,87
1,1489348811,0.925971,2090349,45
1,860143937,1.032197,2094911,59
1,1856693821,0.945797,2095922,8
1,4171727317,0.940101,2096859,7
1,1394874763,0.944247,2098483,17
1,777055283,0.975280,2099547,9
1,3008308001,0.908940,2104167,60
1,1871542181,0.946313,2105456,12
1,3799461817,1.070740,2105979,1
1,2003057039,1.031723,2107259,12
1,944934269,0.969254,2107914,3
1,1202805271,1.009718,2111493,45
1,3046157687,0.940101,2112008,1
1,2803782053,0.956577,2112523,1
1,3303538643,0.952484,2114094,16
1,4251009667,0.938021,2117339,40
1,159652751,0.988706,2120769,43
1,2540028217,0.977281,2124120,37
1,1657863541,0.860369,2127591,27
1,2542062521,0.915897,2128190,2
1,3784848689,0.925971,2130248,19
1,2612464849,0.911622,2130835,2
1,1639352119,1.019344,2135263,57
1,3673260841,1.000000,2135771,1
1,3831859477,1.002438,2137537,19
1,1666224919,0.884436,2139448,21
1,3751707299,1.031250,2140949,15
1,3742645129,0.910550,2142795,20
1,3356973779,0.895409,2144367,16
1,1073470681,1.085235,2146152,19
1,59855717,1.071652,2149870,47
1,4279342429,0.988212,2153122,40
1,1443714313,1.006328,2154389,12
1,806859553,1.008267,2158368,51
1,1593254599,0.920152,2158961,2
1,2542562951,1.000488,2162973,51
1,4161676303,0.854103,2165513,30
1,3925864681,1.038798,2171091,71
1,606748973,0.970764,2171811,4
1,2459299303,0.942176,2173593,19
1,3607472923,0.843750,2174243,3
1,2699247671,0.983258,2175235,8
1,2715148391,0.946313,2182173,87
1,1575753449,0.947859,2182759,2
1,2335714229,0.981270,2185973,37
1,2454620983,0.969254,2186557,2
1,1246264927,1.002438,2187766,11
1,247145251,1.012133,2188268,1
1,3779803607,1.000976,2189484,11
1,3849302351,0.915364,2190699,11
1,3908160601,1.035974,2192471,19
1,2953507853,1.004871,2193603,10
1,2520954719,0.911622,2199004,71
1,3633362797,0.976781,2202031,37
1,939573269,0.995105,2203993,22
1,2203870957,0.973276,2205697,18
1,1836355931,0.995105,2210048,56
1,4198982107,1.000976,2213511,43
1,1818678311,1.012616,2214167,3
1,705025859,1.000976,2217048,35
1,1922275777,0.969758,2220071,37
1,3113456639,0.938021,2221642,16
1,2817658301,0.907327,2222226,2
1,1908210389,0.969254,2226471,50
1,2330866093,1.033142,2228883,11
1,2464608647,0.911622,2232225,39
1,1698371071,1.037387,2233577,13
1,1338361307,1.070740,2237818,54
1,1205147243,1.079370,2238546,4
1,2483083879,0.973777,2240174,17
1,1487838971,0.877786,2241180,8
1,3285301147,1.019823,2243722,30
1,1485352859,0.968750,2245482,19
1,4080657419,0.978779,2246138,3
1,3184604281,0.950945,2246727,2
1,1799313739,0.970764,2248148,14
1,3623494423,1.013098,2248665,1
1,3208307257,0.981270,2249179,1
1,4067389373,0.967237,2250676,15
1,3897563591,0.971267,2251826,10
1,1386568597,1.033615,2257984,82
1,2284250797,0.950432,2260308,27
1,955881419,0.940101,2261173,6
1,477585551,0.952484,2261958,5
1,254459347,0.911622,2266171,54
1,3869526581,0.883883,2266678,1
1,405984749,0.880008,2267251,2
1,3639465647,0.859233,2269073,19
1,2379515753,1.004871,2269653,2
1,2131262531,1.006328,2273595,50
1,3269153933,1.043488,2274245,3
1,2820669959,1.008267,2275861,17
1,3369978091,0.906789,2278345,29
1,29919859,1.004385,2284901,80
1,4163397241,1.000488,2287871,33
1,76590169,1.012133,2294178,84
1,980151691,0.958107,2295040,6
1,2207225479,0.969254,2296678,17
1,1751460857,0.919621,2297328,3
1,3558744503,1.039268,2297977,3
1,1638766513,0.846639,2299887,21
1,561660503,1.008751,2300599,4
1,1494169643,0.968750,2303990,42
1,3245628587,0.989199,2304988,8
1,3339553979,0.973777,2307842,34
1,4089051713,1.004871,2310385,30
1,3733730141,1.129764,2311741,13
1,683314571,0.977281,2312248,1
1,3252422081,0.976781,2315397,39
1,2174283383,0.919621,2318005,31
1,3025149557,0.942694,2321870,49
1,3057562399,1.043488,2323436,16
1,4207027991,1.068458,2327392,46
1,2326950341,1.033615,2328892,15
1,2735451791,0.955044,2330475,4
1,2457617251,1.021736,2332268,16
1,1244473921,0.987223,2334796,30
1,469343899,0.877786,2336007,11
1,2057534407,0.880563,2337292,12
1,358127633,0.924387,2342915,74
1,2811313429,0.971267,2345594,32
1,2038809061,0.987223,2346528,7
1,149440981,0.895409,2350233,47
1,1754807723,0.891036,2352489,26
1,1745184013,0.938541,2355079,31
1,176693987,1.043020,2357658,31
1,4246719097,0.946829,2358950,12
1,3889846031,1.001951,2359754,5
1,700491349,0.913227,2362204,29
1,1991911903,0.970764,2363634,14
1,1863286739,0.940101,2364158,1
1,1942424833,0.942694,2365291,10
1,964000481,0.886090,2366013,4
1,1956563783,0.991172,2367223,11
1,3565957777,1.039268,2367870,3
1,1280382097,1.000488,2370814,36
1,897597881,0.846639,2377325,87
1,1413756401,0.889391,2377906,2
1,80095607,0.969758,2380720,34
1,1581506903,0.987223,2384376,40
1,1831582937,1.032669,2385040,3
1,647339009,0.950432,2386094,9
1,2923798439,0.976781,2388018,18
1,3352025309,0.975280,2389743,18
1,3706468391,0.963190,2391098,13
1,4240602503,0.939581,2392451,13
1,4070663713,0.880563,2393525,9
1,1750159849,0.939581,2396043,30
1,2065378277,0.976781,2397540,15
1,1920631103,0.968750,2398821,12
1,3418339151,1.035974,2400045,11
1,1700882863,1.000976,2401185,10
1,2431982681,0.976781,2401837,3
1,1472921711,0.971267,2402348,1
1,355148489,0.991172,2403960,17
1,3627335431,1.066170,2405884,21
1,2567493239,1.078917,2414644,119
1,2474546827,0.911622,2416272,17
1,276129593,1.048623,2417191,7
1,3502968067,1.044891,2418613,14
1,875299883,1.035974,2419597,8
1,1489221359,0.911622,2421117,15
1,1687540391,0.946313,2421627,1
1,1779590737,1.082983,2422965,13
1,2592498367,0.920152,2425981,37
1,131395141,0.938541,2426553,2
1,817264079,1.019344,2427206,3
1,4162973681,1.091963,2427999,5
1,897693497,0.915364,2428646,3
1,2271482363,1.008267,2431031,23
1,2302505473,0.967237,2431960,7
1,3239641541,0.971267,2434187,9
1,3632723503,0.969758,2435376,10
1,936890707,0.964709,2436528,10
1,45756419,0.977780,2439753,40
1,3100203091,1.129332,2440958,11
1,2912867141,1.101313,2441897,7
1,2206981913,1.016466,2443593,18
1,1471231913,0.849517,2444104,1
1,1657949281,0.882225,2445022,7
1,112092719,0.950432,2445948,7
1,4008035953,0.968750,2447784,20
1,3769694167,0.877786,2448439,3
1,671508587,0.946829,2449365,7
1,3927310931,1.000976,2450225,6
1,526786009,0.963190,2455465,69
1,1547609209,1.004871,2457381,21
1,1322452009,0.877786,2459761,28
1,3933350131,0.880563,2461740,22
1,2547993457,1.000488,2462673,7
1,3996785057,0.871645,2463180,1
1,2113146311,0.971267,2464748,16
1,113713777,0.977780,2465308,2
1,2733091213,0.927551,2466874,16
1,916600837,1.008751,2467876,8
1,1702395479,0.877229,2468747,6
1,1622915677,1.007782,2469684,7
1,3386489633,0.956577,2471247,16
1,266577433,0.978779,2471894,3
1,1606054883,0.908940,2474085,25
1,4168588601,1.086584,2475158,9
1,1406660669,0.923330,2478893,47
1,3566053877,1.017906,2480173,12
1,982896737,0.946313,2481106,7
1,4180073881,0.983258,2482038,7
1,3126355747,1.004871,2482548,1
1,1005132031,1.012616,2483802,10
1,3860157149,1.004871,2484720,6
1,224187869,1.006328,2485724,8
1,1358542649,0.940620,2487571,20
1,1829458123,0.975280,2488287,4
1,1843488011,1.033615,2491240,33
1,2239645547,0.983258,2495181,50
1,2578233913,0.927551,2496475,12
1,3586037519,0.973777,2497969,15
1,3134092757,1.022214,2504350,85
1,1601831989,0.880008,2505146,5
1,3049851877,0.975280,2508960,48
1,45740633,0.911622,2509661,4
1,2989556447,1.012133,2513376,47
1,776756839,0.913227,2515916,30
1,4044198563,0.944247,2520212,55
1,505630799,0.942694,2521548,13
1,444672461,0.969758,2524709,39
1,1998206813,0.944247,2526133,14
1,4266478781,1.000976,2530144,51
1,519616157,1.002438,2531693,11
1,741224677,0.981767,2541448,116
1,1480649369,0.942694,2542186,4
1,1721850619,0.976781,2543604,14
1,2394946919,1.099538,2546016,28
1,3839610629,0.973276,2552447,84
1,3248213897,0.940101,2553174,4
1,1155640853,1.078012,2554659,15
1,1132927139,1.013098,2557256,31
1,2871221387,0.986728,2558182,7
1,2183353751,0.848367,2560011,20
1,1160154971,0.913227,2561079,9
1,1573636237,0.882225,2562850,19
1,364324691,0.993632,2563712,6
1,3225926741,0.989199,2564713,8
1,3179842051,1.019344,2565428,4
1,600071993,0.969254,2566292,6
1,1917749011,0.884988,2570168,49
1,4003549573,0.954021,2571584,14
1,3138484009,0.932801,2574187,31
1,2940544681,0.921743,2576820,31
1,1219614887,0.940101,2578098,12
1,2112323179,1.047225,2578623,1
1,2648956267,1.002438,2581320,32
1,3020002387,0.968750,2582237,7
1,1030840739,0.925971,2583028,5
1,3649403281,0.889391,2584098,9
1,2726437283,0.947859,2589848,76
1,768131783,0.940101,2591190,13
1,48221021,0.913227,2592535,13
1,3505079657,1.012616,2594167,17
1,2417076113,1.004871,2595438,12
1,287022559,0.924387,2597478,18
1,2538569381,0.993632,2598072,2
1,4023191983,0.915364,2599563,15
1,1363347511,1.006328,2600273,4
1,1878192271,1.014061,2601842,16
1,8937263,1.044891,2603018,8
1,79914473,0.993632,2604358,13
1,1133851633,0.939581,2605633,12
1,3005124299,0.946829,2606288,3
1,3512988461,0.924387,2609455,39
1,3907870151,1.032669,2612875,42
1,835672949,0.983258,2613814,7
1,2505244897,0.969758,2614382,2
1,729769331,0.981270,2615328,7
1,444293711,0.920152,2619462,53
1,3622015387,1.048623,2620338,6
1,1287832991,1.008267,2624690,56
1,2499091547,0.939581,2629222,58
1,1276489847,1.004871,2629738,1
1,3710373691,0.970764,2636142,80
1,3212286443,0.846062,2638008,6
1,664650719,0.984747,2639472,11
1,519159437,0.973276,2641741,24
1,2848677241,0.942694,2643732,22
1,1381626457,1.035503,2646341,31
1,93715109,1.032197,2648304,22
1,1542571117,0.914830,2649113,5
1,529143487,1.171771,2650458,13
1,4178350009,1.135799,2652310,20
1,633955067,1.084785,2654282,22
1,191987717,1.073928,2656657,28
1,876183851,1.002438,2657730,9
1,882602527,1.014061,2659355,17
1,1981446937,0.844907,2661897,30
1,3262548397,1.035031,2665617,47
1,1907618429,1.058356,2666276,3
1,1332517969,0.911622,2666988,3
1,4286086099,1.061581,2668794,19
1,2311558507,0.940101,2669946,10
1,1204873907,0.956066,2670597,3
1,2923693363,1.025552,2675080,58
1,3076217453,0.925971,2676575,15
1,1758121721,1.044891,2679042,29
1,2921449771,0.973777,2681292,26
1,3870062773,1.038798,2683013,18
1,943615117,1.033615,2683528,1
1,1740358727,0.976781,2685159,17
1,1502030891,1.003899,2687205,23
1,1792204159,1.100870,2691054,44
1,490094107,0.908940,2694073,37
1,2332737629,1.000976,2695749,15
1,3229176637,1.046292,2697029,12
1,1664974411,1.023646,2699637,31
1,2221559063,1.056047,2701822,25
1,2040703471,1.014061,2703315,15
1,3708109303,0.950432,2705297,22
1,2079150127,1.043488,2707209,21
1,2840385473,1.035974,2709042,20
1,756733129,0.940101,2709764,4
1,2833599179,0.925443,2710552,5
1,3144527423,0.950945,2711283,4
1,2361780767,1.006328,2713899,31
1,1555264561,0.971267,2714902,8
1,2923706963,1.115848,2717428,30
1,2815422011,0.970764,2719692,26
1,2454544039,0.969758,2721813,24
1,429964331,0.940101,2722456,3
1,4047263267,0.946313,2723536,9
1,3013928237,0.915364,2724892,13
1,276600361,1.003899,2727563,32
1,2873209099,0.939581,2728209,3
1,2630331131,1.001951,2729716,15
1,1373485543,0.938541,2733095,42
1,3588313969,0.963190,2733963,6
1,1579913501,0.956066,2735531,16
1,948033241,0.950945,2737329,15
1,3696083933,1.009718,2739328,20
1,2892164921,0.864897,2742849,44
1,1105070963,0.950432,2744055,11
1,3974456371,1.033615,2747284,40
1,1586149043,0.897044,2749679,28
1,1069753999,1.035503,2759984,141
1,2726949059,0.973276,2761751,19
1,2221453313,1.012133,2762595,6
1,1729585813,1.012616,2763747,10
1,1222211999,0.889391,2766988,40
1,3776546629,0.956066,2767564,2
1,2830788383,1.030776,2771077,44
1,1100698877,0.971267,2772448,13
1,330446093,0.976781,2773877,14
1,421450889,0.939581,2775422,16
1,555618059,0.970764,2776620,11
1,408760783,0.973777,2779165,30
1,2812501213,0.915897,2781218,23
1,3239996219,1.048623,2781877,3
1,3182603629,1.031723,2782603,4
1,2793039253,1.033142,2785218,31
1,3866042861,0.882225,2785949,4
1,34154821,0.969254,2787963,23
1,2868623567,1.055584,2791945,50
1,3893939689,0.938021,2793288,13
1,761029063,1.006328,2794076,5
1,3928780463,1.098205,2795150,9
1,3247003261,0.946313,2796920,19
1,428679019,0.940101,2798910,22
1,504762961,0.963190,2799900,8
1,1004465113,0.911622,2806219,84
1,2474313713,1.050019,2809246,37
1,288128413,1.039738,2809962,4
1,2288738371,0.946313,2810674,4
1,1654094479,1.012133,2811961,12
1,4092858611,0.946313,2814499,30
1,152910553,0.950432,2817871,42
1,3182820629,0.956066,2819805,21
1,1424157659,0.877229,2820671,6
1,1984687823,1.030776,2822182,15
1,1028196977,1.063419,2822840,3
1,879812737,0.950432,2823407,2
1,1596454117,0.950432,2824412,8
1,347021243,0.908403,2825134,4
1,360819593,1.002438,2829910,62
1,3322666049,1.004871,2831460,16
1,2640037217,0.913227,2832327,6
1,2006466383,0.950432,2833262,7
1,1296430963,0.939581,2834695,14
1,609255001,0.976781,2837229,30
1,2017219543,1.006328,2838562,10
1,856701133,0.983258,2841448,33
1,3539806979,1.035503,2842600,10
1,4156795679,0.925971,2845432,34
1,2584815053,0.920152,2847329,21
1,2100175439,0.884436,2851055,47
1,1552899961,0.944247,2854016,36
1,4259585543,1.035031,2856910,35
1,3917347793,0.942694,2859540,31
1,215114623,0.942176,2862069,30
1,596107717,1.004871,2862644,2
1,1599022783,0.952484,2864561,21
1,3985669813,1.006328,2865494,7
1,3797629109,0.995105,2866716,11
1,4201654271,0.913227,2867521,5
1,1654357697,0.908403,2868377,6
1,189965483,1.054659,2873691,70
1,1466745901,1.004385,2876084,28
1,3739880399,0.991172,2877229,10
1,1869338311,1.003899,2881388,53
1,669357383,0.940101,2881907,1
1,945318223,0.973276,2885422,44
1,4054711697,0.907327,2886717,12
1,3865666957,0.907327,2889123,28
1,2787989741,1.054196,2891240,24
1,1717862957,1.070740,2892163,7
1,1469481151,1.000976,2894145,22
1,987237479,1.007782,2894867,4
1,2562925133,1.016466,2897326,29
1,574422773,0.970764,2898963,17
1,1446109277,1.002438,2901853,35
1,3665933377,0.981270,2904312,29
1,64982927,0.993632,2909099,62
1,421505587,0.970764,2911208,24
1,863105851,0.910550,2912912,18
1,3075914557,1.032197,2914266,13
1,1868964379,0.946313,2915692,14
1,2222077499,0.937500,2917536,20
1,2886914369,0.977281,2919646,24
1,8633461,1.035503,2924819,68
1,524732531,1.033615,2926095,12
1,676410349,1.000488,2928070,22
1,845936761,1.004385,2929554,15
1,2419063741,0.919621,2930211,3
1,501337427,0.911622,2934774,59
1,1644400909,0.940101,2935701,7
1,4042326857,0.818488,2936205,1
1,1149683503,0.908940,2938469,26
1,3080099863,1.000976,2939059,2
1,1432731431,0.880563,2939994,7
1,4126254617,0.940101,2942439,24
1,2695978709,0.906789,2946318,49
1,685369,0.970764,2947911,18
1,2593419167,1.004871,2948497,2
1,4092750073,0.950432,2952291,48
1,1668056513,1.007782,2952870,2
1,961870417,1.000488,2953654,5
1,2941999343,0.886090,2954384,4
1,1004953919,0.969758,2955456,9
1,3828699223,0.977281,2956111,3
1,1228164979,1.043488,2957959,20
1,4198625317,1.019344,2959237,12
1,937138469,0.944247,2959754,1
1,1848347159,0.978779,2960961,11
1,4129061633,0.941657,2961469,1
1,2170135553,1.001951,2961965,1
1,1731923579,0.993632,2962837,6
1,708905317,1.008267,2964810,22
1,3506039639,1.016466,2965900,9
1,4125308147,0.950945,2967751,20
1,3064569257,1.001951,2969309,16
1,601681211,0.884988,2969966,3
1,1925340337,0.946313,2970759,5
1,2137188247,1.012616,2974085,41
1,3483545203,0.940620,2975020,7
1,4181496827,0.981767,2976244,11
1,1043196617,0.882225,2977465,11
1,4143258827,0.942176,2978264,5
1,2483966477,0.889391,2979322,9
1,825399847,1.000488,2979966,3
1,2148886951,0.938541,2981948,22
1,1981005023,0.941657,2982466,1
1,1986726923,0.952484,2986906,57
1,2508520337,0.956577,2988181,12
1,509467267,1.035031,2988837,3
1,2916200561,0.911622,2991035,25
1,160668397,1.002438,2992172,10
1,594556943,0.970764,2993381,11
1,2488521089,0.946313,2997090,47
1,1568319541,1.000488,2999210,24
1,3756236713,1.021736,3000079,6
1,3361965263,0.969758,3005333,69
1,5132653,0.880008,3006091,5
1,1984132847,0.940101,3008779,32
1,1451381629,1.003899,3011240,29
1,2898781663,0.942694,3012180,7
1,501069719,0.939581,3014873,32
1,952549981,0.981270,3019585,61
1,1856294303,0.963190,3020171,2
1,1195814189,0.906789,3021448,12
1,3920393117,0.975280,3025323,49
1,99842713,0.969254,3030562,69
1,125269279,1.000976,3031279,4
1,872145503,0.964709,3033909,31
1,1951527839,0.942694,3034564,3
1,1128919277,0.938541,3036679,24
1,2696605469,1.144365,3038950,26
1,3041607367,1.160044,3041204,26
1,4138254193,0.907327,3041727,1
1,3642337253,1.004871,3047295,66
1,470847173,0.942694,3049479,25
1,1602527149,1.054659,3055176,75
1,2914147043,1.031250,3057288,24
1,3500387353,1.000976,3058560,12
1,3843307799,1.019823,3059626,9
1,1462262083,0.972774,3061548,21
1,3941738249,0.938021,3062265,4
1,1696273981,0.975280,3063610,13
1,2496626669,0.962683,3065902,26
1,1513171963,1.004871,3066840,7
1,12720283,1.000488,3067598,5
1,2370904427,0.915364,3072449,63
1,3300538141,0.977780,3077567,67
1,613105057,0.942694,3078845,12
1,724524319,0.958107,3080898,23
1,256270711,1.035974,3081470,2
1,32302141,0.981767,3084693,40
1,1252839377,1.006328,3085697,8
1,630894097,1.037387,3086548,6
1,543660437,0.981767,3088331,19
1,569688181,1.004385,3089545,11
1,3488132393,1.012133,3090126,2
1,3318856733,0.981767,3093153,37
1,3269281061,0.882225,3095131,22
1,4138423691,1.002438,3099206,52
1,2687528957,1.054659,3100633,14
1,2474933039,0.942176,3101563,7
1,54701219,1.001951,3102263,4
1,825490277,0.915364,3102984,4
1,2967015817,1.074382,3104047,9
1,3438180329,0.987223,3105130,9
1,2465987009,0.864897,3105647,1
1,2456709019,0.908940,3106371,4
1,2494080791,0.956577,3107306,7
1,2517749209,0.915364,3110549,40
1,1606028279,0.977780,3111853,12
1,3441683387,0.880563,3112443,2
1,3660394499,0.891036,3113997,16
1,784453679,0.903552,3116119,24
1,3074230889,0.950432,3117331,11
1,3644704031,0.973276,3118681,13
1,2952977449,0.973276,3120230,16
1,2949695197,0.934370,3122593,27
1,2064765419,0.950432,3123951,13
1,3906313109,0.970764,3126211,26
1,1899852079,0.993632,3126795,2
1,837621679,0.942694,3129965,39
1,1919840233,1.063419,3133063,38
1,832704809,1.017906,3133979,7
1,1887159187,1.007782,3135697,18
1,1813605707,1.000488,3138504,34
1,3597174473,1.086134,3140685,25
1,3064123943,0.973777,3141830,10
1,536910833,0.968750,3143781,22
1,3094191803,1.106621,3145142,13
1,988076653,1.099538,3147020,17
1,2219962321,1.007782,3150793,45
1,2318375947,1.002438,3153208,28
1,243693337,0.889391,3153923,4
1,4007771557,0.944247,3156753,34
1,1818870899,0.971267,3159562,34
1,4193252353,0.983258,3161899,27
1,2775947777,0.988212,3163099,11
1,327868669,0.915364,3165138,23
1,2902675939,1.001951,3169130,49
1,1222246451,0.971267,3169714,2
1,287610647,1.012616,3170353,3
1,2757336293,1.002438,3172117,19
1,1834271051,1.014061,3174790,32
1,2822759293,1.061581,3179007,54
1,1094597963,1.046292,3180498,15
1,1060104257,0.820275,3183025,30
1,3060507473,0.988706,3184656,17
1,3122527217,0.977281,3188395,47
1,2323204801,1.048157,3190090,18
1,516921637,0.973276,3191361,12
1,4851017,0.936979,3191912,2
1,282421987,1.033615,3192556,3
1,3873288241,1.094643,3193625,9
1,2073111773,0.986728,3194138,1
1,4017802207,0.973777,3197539,42
1,351031537,0.981767,3198179,3
1,1630067497,0.950432,3199454,12
1,286386431,1.038798,3200105,3
1,1236481919,0.973777,3201181,9
1,3085576031,0.981270,3201847,3
1,2165613641,0.988706,3203743,21
1,1310329151,1.137946,3204320,2
1,109913831,0.975280,3208623,55
1,834825587,0.971267,3210176,16
1,3447279757,1.004385,3211807,17
1,2011400423,0.993632,3212818,8
1,424466723,0.981270,3213669,6
1,1394405533,1.006328,3216492,34
1,461683553,0.925443,3217340,6
1,2646683197,0.908403,3219117,19
1,2914030871,0.983258,3221249,24
1,2413658447,0.947859,3222822,16
1,1184256107,0.956577,3224310,15
1,2547027853,0.925971,3225601,12
1,1145700889,0.971267,3226791,11
1,901523827,0.941657,3228414,17
1,1756172791,0.888841,3230250,20
1,1317923653,1.094196,3230909,3
1,1289821021,0.938021,3231766,6
1,1500382319,0.972774,3234223,29
1,747446951,0.944247,3235995,19
1,2955030077,0.950945,3238525,30
1,1716272429,1.012616,3240877,27
1,3214399249,1.039268,3242723,20
1,1503054767,0.977281,3246194,43
1,832290911,1.043488,3246849,3
1,3762958271,1.048623,3247364,1
1,620201311,0.914830,3251414,45
1,1818300481,1.039268,3252409,8
1,2855468753,0.954021,3253964,16
1,4002188507,1.002438,3255467,15
1,1107804059,1.002438,3257945,29
1,2583020989,0.942694,3260761,34
1,2562179999,1.012616,3264764,51
1,2828925221,0.950432,3266192,14
1,547065637,0.950945,3268372,25
1,574358761,0.875558,3268875,1
1,869984641,1.049554,3269734,6
1,1234494673,1.008267,3272146,28
1,2283830161,0.938541,3273920,19
1,2322773881,1.024123,3277564,46
1,3989860913,1.012133,3278845,12
1,999899003,0.907327,3280059,11
1,1600400233,0.988706,3282108,23
1,2981514269,1.002438,3283810,18
1,1131011759,0.880563,3288155,56
1,3457041983,1.101313,3291541,42
1,1757005937,0.970764,3294975,43
1,1527371257,0.919621,3297452,29
1,858876287,1.000488,3298179,4
1,3326131483,1.000976,3298975,5
1,3826277509,0.971267,3303819,63
1,3116581103,0.942694,3305735,21
1,3960213311,1.019823,3307868,24
1,1836124369,1.000976,3309912,23
1,3808292833,1.054659,3310570,3
1,1938555337,1.035974,3311697,10
1,3805167367,0.978779,3312769,9
1,3788523493,0.983258,3313918,10
1,2422542539,1.033615,3314489,2
1,1155540823,1.003899,3315978,15
1,3711544943,0.987223,3316993,8
1,2319986183,0.988706,3317566,2
1,3465571337,0.987223,3318358,5
1,1857513299,0.882225,3320710,27
1,3897952937,0.977281,3321979,12
1,1888516997,0.976781,3324520,30
1,206851237,0.973777,3325435,7
1,2517971501,0.987223,3327082,17
1,539961749,0.999023,3328072,8
1,2712151567,0.952484,3328786,4
1,258405047,0.981767,3334881,81
1,3771794239,1.000976,3335390,1
1,1057813189,1.008267,3338280,35
1,3958231631,1.015505,3339080,5
1,3953925491,0.977281,3339952,6
1,858962707,1.000488,3346854,92
1,886789613,0.906789,3349115,26
1,229622311,0.986728,3354492,65
1,2017588759,0.973777,3355778,12
1,2069067799,1.010685,3359727,50
1,3559958671,0.978779,3363377,46
1,2127739741,0.915364,3364039,3
1,766105633,0.973276,3367341,41
1,3170121761,1.019344,3368261,7
1,2196618551,0.939581,3370107,20
1,1017905453,1.095534,3370753,3
1,2869596287,0.882225,3373421,32
1,2641386313,0.986728,3375253,20
1,3158104283,0.976781,3376550,12
1,803455001,0.985738,3377976,14
1,3493857967,0.950945,3379250,12
1,932528851,1.070284,3381775,30
1,2074106231,1.017906,3382500,4
1,3860737219,1.004385,3383928,14
1,3071942191,1.012133,3385415,15
1,1527255599,0.891036,3385988,2
1,4156336897,1.039268,3388312,27
1,3481869803,0.977281,3389810,15
1,2418745453,0.975280,3392003,25
1,2849363141,0.945797,3394539,30
1,948042659,0.997556,3395119,2
1,1724553959,1.000976,3396823,18
1,3981536717,1.008267,3402083,69
1,3953078317,0.880008,3403571,15
1,3307144409,1.000976,3407496,50
1,4144915331,0.987223,3408781,12
1,2510677777,1.009235,3410980,25
1,4294042853,0.977780,3413744,33
1,3880874209,0.973777,3416620,35
1,626546779,0.981270,3417403,5
1,1121607937,0.911622,3418119,4
1,2974461667,0.897044,3420379,26
1,200935081,1.003899,3426737,85
1,1036163377,0.964709,3427943,11
1,1205893111,0.920152,3432457,58
1,12254969,1.008267,3434158,18
1,2361445363,1.043020,3435225,9
1,270712577,0.846639,3438372,39
1,3799139557,0.818488,3440355,22
1,2780929231,0.882225,3443241,35
1,782770451,0.972272,3444299,9
1,2821638601,0.938021,3445649,13
1,3797772761,1.035974,3447915,26
1,518630921,1.066170,3448628,4
1,2958763649,1.067086,3450044,14
1,1313244677,1.002438,3452638,31
1,4284050119,0.950945,3457465,57
1,1721503337,0.880563,3459305,20
1,93227801,0.950432,3460716,14
1,1073408561,0.956066,3463314,31
1,2524548097,0.981767,3465712,28
1,4001345459,0.911622,3467847,24
1,2689177397,0.940101,3469756,21
1,3591093839,1.008267,3473759,51
1,3884315153,0.977281,3474830,9
1,913959731,1.004385,3477099,26
1,3290665549,0.986728,3477960,6
1,2851413143,0.988706,3478683,4
1,337431923,0.911622,3480233,16
1,3352945913,0.981767,3480824,2
1,3673063769,0.971267,3483846,37
1,3480193993,0.844907,3484859,8
1,1725604379,0.969254,3485368,1
1,507590071,0.969254,3487135,19
1,2454931379,0.975280,3489662,30
1,2240790031,0.977780,3490248,2
1,1299773569,0.973276,3493847,45
1,1836754523,0.971267,3494782,7
1,3258276247,1.003899,3498942,53
1,443099131,1.000488,3500006,9
1,1147749389,0.977281,3500507,1
1,1700275543,0.938541,3501502,8
1,2062861433,1.000488,3502440,7
1,666685949,0.888841,3503743,12
1,2404918853,1.068914,3505159,14
1,3790333373,1.033615,3506660,15
1,2901651391,0.993632,3509714,37
1,142154569,0.971267,3510626,7
1,3357096581,1.002438,3512244,17
1,3863706367,0.934370,3513957,18
1,3541970527,0.906789,3515452,15
1,1145257639,0.942694,3517241,19
1,1902918371,1.012616,3517754,1
1,1615098013,1.004871,3518397,3
1,1468954153,0.849517,3520241,20
1,608848519,0.977780,3523038,34
1,854346793,1.002438,3525139,24
1,648227023,0.969758,3526282,10
1,2667002363,1.000488,3529055,33
1,1153935019,1.015505,3529859,5
1,205156103,0.947859,3530362,1
1,3579032087,0.952484,3532058,18
1,2102867363,1.027930,3534320,26
1,1767772511,1.003899,3535460,10
1,1938039739,0.973276,3536324,6
1,428302163,1.054659,3543870,101
1,2285197727,1.062959,3545077,11
1,1474399033,1.070284,3545796,4
1,5799613,0.963190,3547675,21
1,3411010201,0.969758,3548257,2
1,2449051823,1.002438,3549189,7
1,1686645643,0.908940,3549839,3
1,2237194733,0.969758,3552585,33
1,2584282097,1.081178,3555037,29
1,2327202407,1.068458,3555797,1
1,2654667443,0.987223,3556448,3
1,4057373953,0.945797,3559117,30
1,1681120333,0.975280,3560469,13
1,3054317731,0.968750,3561043,2
1,994557461,0.938541,3561841,5
1,1901641601,0.913227,3562850,8
1,2923738133,1.014061,3566787,50
1,3593557193,0.975280,3568629,20
1,512630441,0.942176,3572414,48
1,343517459,0.908940,3573611,11
1,463449803,0.969254,3575451,20
1,1272612223,1.017426,3576390,7
1,167217607,1.004871,3577106,4
1,3343937953,1.037387,3583215,81
1,52601399,0.938541,3583854,3
1,902424119,0.976781,3584928,9
1,1542050519,0.977281,3586353,14
1,1866176311,0.971267,3588197,20
1,3470880041,0.991172,3590883,32
1,727401761,1.004871,3592432,16
1,3910507499,0.944247,3594976,30
1,766667633,0.947859,3595482,1
1,3717586039,0.993632,3601247,76
1,478028281,0.942694,3605461,54
1,3844305109,0.958616,3607028,16
1,3338525231,0.875558,3608040,8
1,2327046119,0.986728,3609889,20
1,3986870519,0.938541,3617762,106
1,266487649,1.000976,3621249,44
1,508056097,1.002438,3622302,9
1,2833225709,0.925971,3623046,4
1,3127467719,0.942176,3623630,2
1,1538647333,0.973276,3624423,5
1,2254883261,0.977281,3625004,2
1,3214045397,0.942176,3626352,13
1,3750710897,0.995105,3627218,6
1,3025114637,1.002438,3627797,2
1,4067739593,0.971267,3632502,61
1,255973117,0.981270,3633565,9
1,1350021037,0.976781,3635262,18
1,51266861,0.960652,3635828,2
1,3808098551,0.968750,3637470,17
1,2730975131,0.971267,3638474,8
1,1906448101,0.987223,3639052,2
1,3951985811,0.954021,3642475,42
1,2068021633,0.950432,3644097,17
1,661957019,0.911622,3645379,12
1,1206487391,0.908403,3645901,1
1,3301895603,1.016466,3647600,18
1,1113392017,0.915364,3648171,2
1,3341380997,0.942694,3649032,6
1,2797127077,0.944247,3650657,17
1,2643919991,0.942694,3652566,21
1,1848253727,0.973276,3653920,13
1,2127535937,1.004871,3655066,10
1,1359237317,1.017906,3656965,21
1,1983111511,1.004871,3659621,28
1,2368193237,1.017906,3662773,25
1,721062091,0.942694,3663655,6
1,3047854889,1.021736,3664529,6
1,630898319,1.012616,3669286,61
1,623926291,0.940101,3670846,16
1,2056311181,0.973276,3673521,32
1,2258027477,0.985738,3674241,4
1,787561847,0.976781,3675809,16
1,275554859,0.932277,3679444,46
1,4193777977,0.913227,3680460,8
1,1754434573,1.002438,3681249,5
1,103772003,1.017906,3682309,9
1,4018141753,0.973777,3684373,23
1,1982479127,1.017906,3687334,36
1,2460566609,0.902471,3690212,35
1,908526589,0.942694,3690938,4
1,3221083739,0.956577,3694542,45
1,3243387509,1.033615,3695890,13
1,1530234157,1.003899,3696892,8
1,95735767,1.029354,3701797,64
1,3948723299,1.031723,3705383,45
1,2576469431,1.004871,3710472,66
1,3915445867,0.938541,3712314,20
1,1866565061,0.981270,3714774,29
1,407287277,0.985738,3715636,6
1,1030880993,0.969758,3720398,62
1,1174456609,1.000976,3726411,80
1,386883967,1.033142,3728033,17
1,1331206759,1.002438,3729945,21
1,2973741587,0.986728,3731031,9
1,1308778333,1.012616,3732942,21
1,2949665617,1.012133,3733526,2
1,3382810019,0.939581,3734808,12
1,2906636219,0.968750,3736445,17
1,1231548419,0.981270,3738210,19
1,4180518401,0.971267,3739738,15
1,1738969033,0.938541,3740387,3
1,630310399,0.981767,3741317,7
1,2260483991,1.000976,3742182,6
1,1164469547,0.970764,3744296,24
1,2132801387,0.979277,3747135,34
1,2306547431,0.950945,3750439,41
1,4256766571,0.978779,3751945,15
1,453276767,1.064795,3755163,40
1,3285456301,1.012616,3755817,3
1,3161885143,0.969758,3757125,12
1,1433990011,0.981270,3761204,48
1,1425387583,0.984747,3765099,47
1,3109511477,1.014061,3767433,27
1,2343657091,0.844907,3769620,25
1,4059269813,0.908403,3770986,13
1,2635256539,0.946313,3771640,3
1,890718887,0.988706,3774959,41
1,1737642371,1.001951,3776026,9
1,1154226539,0.989199,3778210,25
1,572203103,0.864332,3781874,46
1,2951659871,0.983258,3782891,8
1,1656900901,0.956577,3784935,23
1,368510321,0.969758,3786342,14
1,1271098561,0.993141,3788039,18
1,2442898223,0.978779,3791634,45
1,619497379,1.019823,3793396,19
1,1659428741,1.014061,3795237,20
1,352075291,0.981270,3798051,34
1,438700571,0.946313,3801967,50
1,415889839,0.981767,3803257,12
1,315418339,0.973276,3805733,29
1,1117131347,1.084785,3807430,18
1,2113251883,1.038798,3809340,21
1,2495625101,0.977281,3813151,48
1,1592304661,0.914830,3818266,67
1,1198527599,1.035503,3819190,7
1,438489329,1.014061,3820038,6
1,2428896727,1.001951,3820545,1
1,1679678629,0.987223,3821403,6
1,3375750739,1.006328,3822480,9
1,220031689,0.973276,3823466,8
1,3490773001,0.981767,3824669,11
1,1068719849,0.950945,3825394,4
1,3688569499,0.950945,3826330,7
1,3617478883,1.024123,3827195,6
1,627165871,0.941657,3828894,18
1,1465486567,0.946829,3829834,7
1,2667101123,0.987223,3834457,60
1,585780029,0.973777,3841039,88
1,1226524193,0.969758,3842376,13
1,2241973397,0.995105,3843384,8
1,2968522927,0.920152,3848426,66
1,3031894007,0.977281,3849431,8
1,2757977917,0.977281,3853104,46
1,782887607,0.892679,3855657,30
1,3968003933,0.987223,3861558,78
1,520202531,1.058356,3864811,36
1,3396422947,0.913227,3865462,3
1,4084324931,1.066170,3867281,17
1,3383250499,1.009235,3868770,15
1,755854621,0.945797,3871593,34
1,126808547,1.014061,3874183,31
1,4142680639,0.911622,3874846,3
1,1412702633,1.025552,3875696,6
1,229805327,1.031250,3878870,39
1,3477420563,0.962683,3881895,37
1,3442930181,1.000976,3884224,27
1,2776937389,0.911622,3885432,11
1,4024551649,1.054659,3886859,14
1,2785001311,1.037387,3893119,83
1,2286375269,0.919621,3894882,19
1,758592607,0.956577,3898891,51
1,2816755363,0.970764,3900586,18
1,3580723943,1.086134,3902854,26
1,1861293353,1.080726,3904756,21
1,3296814973,0.942694,3906526,19
1,1348041907,1.033615,3919169,175
1,1976086633,1.001951,3919754,2
1,3221148373,0.928078,3920347,2
1,2840663171,1.035031,3920989,3
1,4208044727,0.938021,3924012,37
1,1018320497,1.008267,3925701,18
1,205578319,0.942176,3928079,28
1,1242272011,0.973777,3928866,5
1,566305121,1.002438,3930619,19
1,2038492189,0.969758,3931476,6
1,921908263,1.019344,3932413,7
1,3180105499,1.000976,3934962,30
1,2666826443,1.000976,3936104,10
1,2229419659,0.945797,3941372,69
1,4225390061,1.017426,3942109,4
1,1248866753,0.968750,3943171,9
1,3188187671,0.911622,3945239,23
1,3232450453,0.950432,3947843,31
1,1771692233,0.950945,3948352,1
1,97034059,1.000976,3950453,24
1,456319337,0.981767,3957710,97
1,3293535029,0.937500,3959334,17
1,2820645677,1.002438,3960905,16
1,762528451,0.908403,3961628,4
1,3708414967,0.989199,3962922,12
1,2397804341,0.968750,3963730,5
1,524942141,1.008267,3965673,18
1,419031637,0.944247,3966253,2
1,1299385931,0.916963,3970442,51
1,1325084297,0.981270,3970970,1
1,1878792217,0.973777,3971556,2
1,12215327,1.014061,3973785,26
1,3284259949,1.000488,3978333,59
1,2362440557,1.004871,3981310,36
1,2921433497,0.853531,3982377,9
1,911749441,0.947859,3990923,116
1,2423894377,1.037387,3991855,7
1,3135267371,0.986728,3993434,16
1,3758901527,0.973276,3995058,17
1,3328534373,0.971267,3995639,2
1,608588153,1.091963,3996843,11
1,3696520153,1.063419,4001906,66
1,3208903393,1.039268,4005021,38
1,1922744071,1.073928,4007639,31
1,2472547981,1.049554,4010166,30
1,2805081143,0.981270,4012943,33
1,1509581041,0.908403,4014856,21
1,1681829467,0.911622,4015440,2
1,454134937,1.012616,4019373,50
1,1975955209,1.017906,4020169,5
1,1557300713,1.038798,4021376,11
1,3835924483,0.977281,4024889,44
1,2414432263,0.916963,4025677,5
1,3474737587,1.129332,4028781,38
1,2268172541,0.963190,4033890,67
1,3381309409,0.902471,4036024,24
1,3155110099,0.969254,4037522,15
1,3816767467,0.952484,4039870,27
1,1667174879,0.938021,4041361,15
1,3765361801,1.044891,4041877,1
1,1336320511,1.033615,4047500,74
1,793348849,1.033615,4050166,32
1,17213167,1.007782,4050943,5
1,736745663,0.977780,4051744,5
1,807135551,1.006328,4052325,2
1,1182922711,1.050483,4054808,29
1,722760673,1.035974,4059426,60
1,2685901409,0.891036,4060558,10
1,531462881,0.978779,4062348,19
1,22131397,0.925971,4063537,11
1,1069470781,1.004871,4064402,6
1,2710691443,0.973276,4067396,34
1,2449986713,0.969758,4068056,3
1,403644961,0.978779,4069551,13
1,3954311219,0.973777,4071593,23
1,1095645377,1.002438,4074478,35
1,1612825063,0.956577,4076938,29
1,3560950961,0.976781,4078715,19
1,2907270859,1.004385,4079585,6
1,1739513947,0.971267,4085332,76
1,3016493027,0.969254,4092257,93
1,463138513,1.074382,4093252,8
1,1644902869,0.984747,4094037,5
1,2481539611,1.048623,4097151,38
1,143336729,1.000000,4098835,18
1,3369108763,0.988706,4102023,39
1,3261853453,0.913227,4102966,7
1,2337178409,0.950945,4107174,54
1,393298601,0.950945,4111231,52
1,1534207777,0.989199,4113288,23
1,3720524999,0.956066,4117153,49
1,3714079921,1.001951,4117878,4
1,1658387449,0.950945,4119730,20
1,3083340803,1.002438,4120379,3
1,2844732773,1.079370,4121379,8
1,2230009823,0.969758,4125336,50
1,85002769,0.977281,4125957,3
1,1606309253,1.085235,4130175,54
1,4223769023,0.987223,4132720,30
1,1157021407,0.947859,4135545,34
1,1395760357,1.002438,4137262,18
1,3768222047,0.915364,4137771,1
1,1960782899,0.940101,4144383,88
1,3457032973,1.120651,4145583,11
1,1653196043,1.095980,4146574,8
1,3048784747,0.942176,4151356,62
1,3376700461,1.062959,4154023,32
1,512751329,1.063419,4158317,55
1,1004499403,0.911086,4160866,30
1,1268683627,0.983258,4162145,12
1,2021618017,1.017426,4166222,52
1,1467206527,0.942694,4167115,5
1,3830288867,0.950945,4169169,23
1,185092777,1.039268,4170267,6
1,3312572261,0.995105,4170789,1
1,3906053197,0.995105,4173435,29
1,3241026869,0.940620,4177443,51
1,868470131,0.946313,4178945,15
1,3431115221,0.981270,4181695,33
1,696688609,0.938021,4182556,6
1,3869243303,0.975280,4184154,16
1,2587856321,1.008267,4185379,11
1,4082205749,1.001951,4186807,14
1,880031167,1.027930,4187536,4
1,3616048031,1.002438,4188828,12
1,2128375981,0.880563,4190542,18
1,3853036883,1.004385,4191403,6
1,37931587,0.910550,4191961,2
1,3268909859,0.969254,4193171,11
1,586757477,0.911622,4194655,15
1,3528160067,0.944247,4195375,4
1,2425536989,1.123697,4197224,20
1,4275631537,0.945797,4200544,41
1,3529254709,1.000976,4206513,79
1,671803243,0.993632,4207445,7
1,1170146609,1.075745,4212493,66
1,3648511099,0.969254,4213154,3
1,867752593,0.938541,4214025,6
1,3500623597,1.002438,4215379,13
1,520420553,0.977281,4219230,49
1,3615334729,0.992649,4220237,8
1,4114276541,0.938541,4220898,3
1,1135412921,0.882225,4221962,9
1,4047623353,0.969758,4227096,67
1,1938616703,1.025552,4228533,14
1,378607961,0.908940,4229250,4
1,2553997253,0.942694,4232083,34
1,636240989,0.964709,4232657,2
1,2029453823,1.001951,4233174,1
1,1380263383,0.981767,4234169,8
1,2965665719,0.986728,4234684,1
1,4244368357,0.993632,4236682,22
1,1734599749,0.971267,4238796,24
1,3681710299,1.000000,4241417,31
1,3982839719,0.880008,4241942,1
1,1725377429,0.981767,4244061,24
1,3751329047,0.941657,4244727,3
1,4200055667,0.970261,4248527,48
1,1654041889,1.008267,4253634,67
1,3599659681,0.913227,4256513,35
1,1831647347,0.969758,4257590,9
1,939214541,0.945797,4258530,7
1,943905587,0.908403,4260096,16
1,3219733793,0.981767,4262007,21
1,4066764311,0.946313,4263982,22
1,2265632777,0.834439,4268276,55
1,1715702707,0.956577,4269422,10
1,2298636001,0.976781,4271176,19
1,2095491443,1.000976,4272386,7
1,690670397,0.908403,4273315,7
1,3258929383,1.012616,4275196,18
1,2949087719,1.080726,4276066,6
1,4220846527,1.000488,4276935,6
1,2647690093,1.008267,4281215,55
1,2107123457,0.945797,4282632,14
1,879994867,1.004871,4288247,74
1,1922547337,0.946313,4290011,19
1,4183874633,0.908940,4291632,17
1,2553994271,0.976781,4292561,7
1,4282380731,1.004385,4295619,37
1,103175341,0.942694,4296324,4
1,3569460953,1.099538,4297190,6
1,1688699867,0.938541,4298398,11
1,13053853,0.945797,4299524,10
1,2750406679,0.973276,4300457,7
1,1864702507,1.070284,4301329,6
1,2750510183,0.934370,4303036,18
1,2014959691,1.004871,4304309,12
1,3171286957,0.932801,4307754,43
1,4187584339,1.006328,4310374,31
1,3209015083,1.085235,4311039,3
1,3746161213,0.977281,4312321,12
1,3380769533,0.921743,4317744,71
1,3611938831,1.101313,4318395,3
1,510174901,1.117160,4319249,6
1,3369759191,1.070740,4321085,20
1,4223899283,1.004871,4321957,6
1,4129630333,0.942176,4323308,13
1,868798741,0.978779,4325924,31
1,3762751477,0.974279,4326781,6
1,2721628199,0.975280,4329943,39
1,2441126491,0.924387,4331977,23
1,2744796767,0.988706,4333473,15
1,2620384597,0.981767,4334267,5
1,3638305367,0.916963,4338401,53
1,3716246953,0.981270,4341012,31
1,3113023777,1.000488,4341735,4
1,878989541,0.999023,4342815,9
1,3161841971,1.038798,4343836,8
1,3624535459,1.039268,4344687,6
1,3743217613,1.006328,4350250,73
1,1635304841,1.008267,4353403,39
1,82613269,0.937500,4354589,11
1,676973993,0.946313,4355725,10
1,2548688767,1.094196,4358012,26
1,2363989393,1.012133,4360156,24
1,2653617553,1.021736,4361722,16
1,2297188951,1.070284,4362724,8
1,1295906977,1.017906,4363373,3
1,495659849,0.969254,4366386,37
1,17681351,0.973777,4367374,8
1,488102107,1.035503,4368307,7
1,1643508469,0.846639,4369595,12
1,1909892431,1.000976,4371223,17
1,1937236243,0.956577,4373208,22
1,552174107,1.012133,4374795,13
1,549363467,0.945797,4376676,18
1,72186557,0.908403,4377183,1
1,1132416193,0.925443,4379084,21
1,3177226643,0.889391,4381071,22
1,3483530459,1.025076,4383186,24
1,1430226481,1.017906,4385444,26
1,2996563151,0.976781,4386109,3
1,4075799549,1.003899,4386632,1
1,2030495917,1.002438,4387211,2
1,3811400387,0.973777,4388281,9
1,1321948307,1.004385,4389139,6
1,1597602109,1.004871,4391275,24
1,640237903,1.050019,4392334,9
1,3218328353,1.054196,4393574,11
1,522218761,1.109265,4398125,59
1,710097383,1.002438,4402923,62
1,247081279,0.944247,4404195,12
1,1522249541,0.991172,4404990,5
1,670299761,1.004871,4406620,17
1,4067840923,0.950432,4407839,11
1,2713282333,1.004871,4408561,4
1,2675057467,1.039268,4409847,12
1,56269,1.012616,4410738,8
1,2078160197,0.915364,4411816,9
1,2030428877,0.975280,4413307,15
1,2231136361,0.970764,4419474,82
1,3832411351,1.003899,4420549,9
1,3810674047,0.970764,4422245,18
1,2916397097,0.950432,4427025,62
1,1728525511,0.902471,4429420,28
1,303908089,1.070284,4433628,54
1,2762554889,1.000976,4434690,9
1,238704397,1.038798,4437763,38
1,963965293,1.003899,4438917,10
1,1916933527,0.973276,4439630,4
1,930459919,0.977281,4442172,30
1,2087416489,0.940101,4443033,6
1,3994623499,0.993141,4444383,13
1,689957911,0.981767,4447056,32
1,662208487,0.977281,4447929,6
1,3993341197,0.880008,4450455,30
1,2260564393,0.978779,4453212,33
1,1256652263,1.008267,4454438,11
1,5992907,1.008267,4455710,12
1,1438449227,0.977281,4456795,9
1,3095531767,0.969254,4458136,13
1,1523859817,0.971267,4461025,35
1,1181614741,0.938541,4463554,30
1,1728767119,0.993632,4464492,7
1,3357203777,0.919621,4470093,74
1,31576199,0.849517,4470790,4
1,262064219,0.946313,4471365,2
1,1274000443,0.877786,4474040,32
1,1199038619,1.062959,4475180,10
1,2211523357,1.069828,4476033,6
1,1991651069,0.932277,4477470,10
1,2274748787,0.875558,4480328,32
1,3203072909,1.033142,4480984,3
1,3559705907,0.938021,4481711,4
1,267436889,0.993141,4482779,9
1,946898327,0.916963,4485656,35
1,617402113,0.993632,4487834,25
1,1935113489,0.968750,4488838,8
1,361178891,0.913227,4490176,13
1,1669528379,1.017906,4491041,6
1,3383128901,1.004871,4491690,3
1,3292519151,1.037387,4492212,1
1,1817026301,0.876115,4494967,33
1,8011013,1.070740,4496781,20
1,394020413,0.971267,4497568,5
1,2601523217,0.938541,4499906,27
1,4015873751,0.973777,4503869,50
1,2193243803,1.065712,4506196,27
1,168167717,0.976781,4506901,4
1,4137017923,1.004871,4510202,41
1,3241789561,0.950432,4511829,17
1,904585571,0.938021,4514148,27
1,3274816669,0.969254,4514946,5
1,779291581,0.946313,4515885,7
1,3805279477,1.048157,4518379,29
1,414367861,1.006328,4519436,9
1,1871476241,1.009718,4522044,31
1,2490285079,1.000488,4523393,13
1,3700471883,0.973276,4525362,22
1,4076092981,0.939581,4525953,2
1,2796679159,1.040677,4529406,43
1,2078336671,1.035031,4529996,2
1,2509998217,1.024123,4532807,34
1,19477441,1.008267,4535241,29
1,3856374491,0.975280,4537362,24
1,601236071,0.963190,4538777,14
1,133210381,1.063419,4539967,11
1,2325031133,0.913227,4540963,8
1,1306663669,0.946313,4541477,1
1,4188742631,1.040677,4542906,14
1,960577913,0.978779,4544381,15
1,744753197,0.981270,4547188,34
1,341569127,1.002438,4547767,2
1,1372919831,0.971267,4550726,36
1,3723984503,1.032197,4551255,1
1,3928330363,0.975280,4551766,1
1,3890845873,1.001951,4553621,20
1,953963509,1.008267,4559240,74
1,1191418439,0.942176,4562556,41
1,2190471319,0.950945,4563977,14
1,2722383359,0.942694,4565183,11
1,2365654867,0.908940,4566394,11
1,1867400771,0.920152,4567120,4
1,1643990741,0.911086,4567713,2
1,4141666687,1.043020,4568376,3
1,1399135963,0.978779,4571274,35
1,206176721,0.985738,4572404,10
1,4178973173,0.968750,4573328,7
1,2996874973,0.973276,4574258,7
1,2579127983,0.911622,4575263,8
1,1780793321,0.945797,4576612,13
1,2493688789,0.977281,4581423,56
1,1981696027,0.977281,4582786,13
1,268355611,0.972774,4583857,9
1,4111875871,0.938541,4584653,5
1,2258252873,0.973777,4585433,5
1,882874163,0.973777,4588658,40
1,833694109,0.981767,4589808,10
1,3091890377,0.971267,4590309,1
1,3436036369,0.886090,4592005,18
1,174248407,1.073928,4594740,33
1,3531901577,0.981270,4600202,72
1,1625405753,0.911622,4600717,1
1,3207660263,0.946313,4601297,2
1,1869226043,0.978779,4603286,22
1,28640327,1.032197,4604328,9
1,690628181,0.973777,4608139,48
1,3173119189,0.941657,4609911,19
1,1301266991,1.035974,4611128,11
1,4016763559,1.044891,4611727,2
1,2724441581,0.911086,4612448,4
1,3165593533,1.000976,4613672,11
1,2360189011,0.975280,4617657,51
1,1626212179,0.939581,4620183,30
1,2803033031,0.880008,4621113,7
1,3764060843,0.969758,4621973,6
1,2516798381,0.970764,4624730,33
1,2928620117,0.971267,4627050,27
1,1290446167,1.032669,4630663,45
1,380244539,0.946313,4635020,56
1,3324701851,1.012616,4636585,16
1,3943410193,0.960652,4637158,2
1,404850217,0.908940,4637789,3
1,2690503703,0.987223,4638439,3
1,2441811061,0.932801,4642466,51
1,1645750133,0.964709,4643542,9
1,1407502979,0.913227,4644469,7
1,3079673027,0.946313,4645956,15
1,276705347,0.925971,4646531,2
1,3056081311,0.853531,4647320,5
1,2411889523,0.983258,4649448,24
1,169956883,0.977281,4653173,47
1,3730195853,1.019344,4655721,30
1,3157289579,0.858664,4656789,9
1,3069361333,0.968750,4657945,10
1,418328021,0.981270,4660124,25
1,1156022617,0.981767,4661816,18
1,1988179643,0.925971,4663241,14
1,2645828089,0.955044,4663898,3
1,3145807283,0.938021,4666080,25
1,2655556973,0.971267,4667097,8
1,1947616361,0.989199,4668448,13
1,308680877,0.972774,4669095,3
1,2630365883,0.950945,4669963,6
1,1127793599,0.938021,4672293,27
1,1103109097,1.091963,4679791,101
1,759250237,1.017906,4684013,50
1,2962996063,0.911622,4685780,8
1,1242671093,0.969254,4689260,42
1,2683894691,0.976781,4690973,18
1,3225236081,0.944247,4693214,26
1,3575271761,0.973276,4695822,31
1,1369884937,0.981767,4696898,9
1,3356489011,1.017906,4697835,7
1,1100896949,0.855246,4698348,1
1,1808670037,0.915364,4705918,102
1,2426836799,0.978779,4709288,42
1,881177861,1.023646,4712448,39
1,2739567317,0.993141,4713315,6
1,1047215291,0.978779,4714326,8
1,3601698127,0.981767,4715892,16
1,396784747,0.977281,4722957,95
1,2305402037,0.888841,4723754,5
1,4089905557,1.027930,4725872,24
1,1020696059,1.002438,4726535,3
1,3062780491,1.064337,4728169,17
1,2346627397,0.942694,4728963,5
1,3701735333,0.997556,4731717,33
1,3042522229,0.946829,4733357,17
1,4099433803,1.067086,4736041,32
1,1984105931,1.031723,4738499,29
1,2593267823,0.971267,4739848,13
1,1438267879,0.941657,4742665,34
1,3113505971,1.071652,4744010,13
1,700068931,0.987223,4750180,82
1,125530127,1.033142,4751318,10
1,3381230117,0.955044,4752314,8
1,2662768799,1.001951,4755060,33
1,3186483511,0.975280,4756487,14
1,2135598799,0.981270,4757074,2
1,3970317733,1.085235,4759543,29
1,2647359959,0.976781,4767831,112
1,4275981271,0.981767,4768356,1
1,2518135793,0.925443,4769849,15
1,4211885443,0.915364,4770565,4
1,2002527983,1.033615,4771641,9
1,3165004387,0.920152,4773074,14
1,4192221637,0.940101,4774560,15
1,3011248259,1.064795,4775914,13
1,3346809911,0.969758,4776426,1
1,876778319,1.000000,4777344,7
1,440169997,0.973777,4777855,1
1,1081668433,0.942694,4778777,7
1,1065379841,0.984747,4779839,9
1,2993356189,0.981270,4780426,2
1,2075321719,1.004871,4782085,17
1,3335554457,1.039268,4783496,14
1,1096477,0.875558,4784215,2
1,4252010563,1.033142,4786533,24
1,1955106679,0.925971,4790550,51
1,2274669541,0.946313,4791905,13
1,3248408753,0.970764,4792688,5
1,1364141561,0.910550,4793617,7
1,1694406019,0.940101,4799659,80
1,1998989233,0.969758,4801857,25
1,1203004951,0.813101,4802724,6
1,1325814353,0.988706,4807554,63
1,924423883,0.985738,4808342,5
1,1699354141,0.915897,4809126,5
1,3614322659,0.940101,4810428,12
1,344835923,0.925971,4811978,16
1,2692161077,0.969758,4813536,16
1,1653533353,0.940101,4815731,25
1,3584073137,0.983258,4816238,1
1,3836788523,0.944247,4816754,1
1,305202829,0.915897,4817389,3
1,2200425551,1.098205,4818458,9
1,1368080267,0.940620,4820657,25
1,497703289,1.004871,4821789,10
1,3609360529,1.039738,4823687,21
1,1641936971,1.001951,4828610,64
1,1924289291,0.988706,4829754,10
1,169807399,0.908940,4830952,11
1,3285913207,1.064795,4831606,3
1,212049413,0.889391,4833015,14
1,2962452247,0.952484,4833598,2
1,3016189597,1.004385,4836410,34
1,3436809359,0.946829,4838531,24
1,4151938447,0.995105,4839330,5
1,494284883,1.031723,4841371,23
1,2961612697,0.971267,4842026,3
1,1637146057,1.009718,4842962,7
1,2237908591,0.846062,4847736,62
1,2969520371,0.971267,4853563,77
1,1024117267,0.977780,44004188,23
1,1009799587,1.072563,44005407,3
1,3860562119,0.970764,44008972,10
1,1074551867,0.916963,44018311,26
1,225698513,0.977281,44022545,12
1,753229613,0.971267,44025143,7
1,928161901,0.969254,44028425,9
1,4229558107,0.844329,44029949,4
1,1326198001,0.932801,44040611,31
1,3078725203,0.976781,44042467,5
1,2283288323,1.054659,44048103,16
1,3765628733,1.101313,44056729,25
1,3352023097,0.973777,44065434,25
1,1433748521,0.919621,44070003,13
1,3073068191,0.970764,44089501,57
1,864365083,0.908403,44091372,5
1,2709158861,0.969758,44099046,22
1,821843311,0.971267,44102277,9
1,1952585177,0.978779,44119618,49
1,2090918857,0.971267,44123908,12
1,3420501671,1.039268,44129816,17
1,701069071,1.012133,44143534,40
1,3656254279,1.004871,44154187,31
1,3596122099,0.908940,44160551,18
1,1970730623,1.004871,44166870,18
1,2868458881,1.014061,44190813,70
1,569378809,0.908940,44199791,26
1,431399767,0.971267,44201312,4
1,275506883,0.956577,44213387,35
1,4139997637,1.085235,44230227,46
1,1753089067,0.946313,44231091,2
1,2716382821,0.880008,44233983,8
1,1939354369,1.039268,44246342,36
1,451382969,1.031723,44278575,94
1,1382818753,0.940101,44285850,21
1,790849183,0.946313,44296978,32
1,4231962173,1.004871,44300873,11
1,1335208001,0.946829,44311191,30
1,1136989339,1.004871,44313051,5
1,1366925533,1.039738,44332322,55
1,637668259,0.963190,44337952,16
1,3279921719,1.015505,44348312,30
1,684370459,1.009718,44361707,39
1,3091670111,1.024123,44372103,30
1,491913607,1.003899,44391950,58
1,119182831,1.006328,44394865,8
1,1591803247,1.035503,44398090,9
1,3010079923,0.944247,44404692,19
1,2994856259,1.031723,44407232,7
1,872370911,1.006328,44414155,20
1,20189599,0.969758,44418071,11
1,269963983,1.048157,44423670,15
1,1458675091,0.945797,44443427,57
1,4256023669,1.033142,44446991,10
1,533627911,1.016466,44448192,3
1,2435712193,1.048157,44457546,27
1,3772818059,1.040677,44481194,69
1,292232923,0.906789,44482723,4
1,916144813,1.001951,44492785,29
1,2373181091,1.019344,44493293,1
1,1575147961,0.964709,44502401,26
1,2012061407,0.932801,44512117,28
1,1181668513,1.008267,44514667,7
1,2563928033,0.938541,44515510,2
1,572319073,0.938541,44527936,35
1,2434920743,1.040677,44531149,9
1,111627317,0.944247,44534763,10
1,1620536083,1.014061,44544077,27
1,1488456973,1.002438,44546288,6
1,2157892273,0.913227,44550960,13
1,3618520007,0.964709,44554903,11
1,2249531741,1.043020,44555423,1
1,26971097,0.875558,44558640,9
1,1176386947,1.006328,44573032,42
1,958291211,0.956066,44577001,11
1,2195852521,0.910550,44578190,3
1,1286612897,1.009235,44579711,4
1,2234482087,0.921743,44582575,8
1,1742225839,0.908940,44588844,18
1,3827284379,0.920152,44606330,51
1,2150971469,1.004871,44608532,6
1,1755295159,0.977780,44620394,34
1,702991943,1.001951,44631367,31
1,3293780123,0.877229,44634594,9
1,2710919429,1.000976,44638473,11
1,2060343823,0.971267,44650883,36
1,986787353,1.000976,44654856,11
1,1332562597,0.969758,44658092,9
1,1187821589,1.004871,44660296,6
1,1488062141,0.981270,44672009,34
1,1275957413,1.025552,44673536,4
1,2680586759,1.017426,44683180,28
1,3571491983,1.012133,44693601,30
1,2429087611,0.973276,44695520,5
1,1578931507,1.012616,44698759,9
1,912611347,1.019344,44700971,6
1,2330003491,0.977281,44701483,1
1,3143029387,1.038798,44703048,4
1,2442191263,0.978779,44713789,31
1,548126599,0.924387,44733083,55
1,133096099,1.008267,44734282,3
1,557427817,1.030776,44738838,13
1,1598533463,1.004871,44754007,44
1,2872296667,0.998534,44757573,10
1,952687831,1.044891,44761861,12
1,158401591,0.938541,44774639,37
1,3517935391,0.987223,44787031,36
1,1436488727,0.915364,44793314,18
1,2013176981,0.976781,44798544,15
1,618021853,0.994614,44807599,26
1,673430957,0.939581,44811142,10
1,899793467,0.981767,44812662,4
1,753896509,1.015505,44814520,5
1,130634921,0.938541,44828057,39
1,243726757,1.067086,44833257,14
1,3175971571,0.877229,44835162,5
1,213994163,0.977281,44841850,19
1,216377209,0.959126,44842694,2
1,583352113,1.054196,44847649,14
1,1344325057,0.977281,44859442,34
1,4093770497,0.975280,44860275,2
1,240096823,0.950432,44863170,8
1,4259987861,0.938021,44873823,31
1,175319983,1.004871,44879158,15
1,3874613003,0.852959,44881352,6
1,2045481023,1.006328,44911428,88
1,1307740121,0.977281,44917719,18
1,2836456453,0.993141,44919240,4
1,3201141353,0.916963,44925823,19
1,1743959621,0.977281,44933116,21
1,1171281247,1.055584,44933630,1
1,2851651603,1.068458,44943646,28
1,760802881,1.009718,44949559,17
1,1754466803,0.973777,44957548,23
1,2672175047,0.976781,44963142,16
1,1134011909,1.017426,44963656,1
1,3011516203,0.970764,44976660,38
1,1044271847,0.975280,44986292,28
1,3197266207,0.813101,44991236,14
1,3476100809,0.955044,44991754,1
1,2147737811,0.858096,45002766,32
1,2029555793,0.971267,45003613,2
1,3507610591,1.069371,45012988,27
1,123988811,0.938021,45017952,14
1,1131026063,0.876115,45020150,6
1,2164475263,0.908940,45025068,14
1,3626603579,0.945797,45026939,5
1,756835237,0.956577,45042974,46
1,3952689869,0.877229,45044164,3
1,2230385809,0.969254,45049824,16
1,842436293,0.981767,45051343,4
1,2984145233,0.906789,45083429,94
1,2112495061,0.879453,45084277,2
1,1070114057,1.008267,45088177,11
1,680865173,0.945797,45091739,10
1,1078791743,0.947859,45109928,53
1,819602213,0.889391,45116576,19
1,3647918759,0.950945,45118434,5
1,3865052123,1.037387,45119689,3
1,3180618613,1.004871,45120198,1
1,162230989,0.904092,45125501,15
1,2963756291,0.970261,45127698,6
1,1729796897,0.906250,45131915,12
1,4150593371,0.914830,45134443,7
1,1074562649,0.908403,45137388,8
1,3357436079,0.977780,45147776,29
1,709283279,0.988706,45158843,32
1,1894333823,0.875558,45166906,23
1,2809047421,0.978779,45176659,28
1,2001232417,0.916963,45182980,18
1,3924687163,1.007782,45184893,5
1,741876691,0.938021,45185415,1
1,1226917823,1.003899,45192419,20
1,2063491097,1.048157,45195648,9
1,2111548877,1.025552,45201217,16
1,4181031821,1.032197,45206808,16
1,322460183,1.000488,45209353,7
1,2807033699,0.988706,45219328,29
1,3222174149,1.002438,45221201,5
1,3278136259,1.006328,45228145,20
1,4132303943,0.973276,45228654,1
1,3797377037,0.782499,45239703,32
1,1734758537,0.958616,45248162,21
1,270019801,1.033142,45262540,42
1,535530013,1.039268,45263717,3
1,3850497311,1.077559,45278789,44
1,1390562167,0.969254,45283012,12
1,555404653,0.950432,45290333,21
1,250364249,0.950432,45304388,41
1,3167380499,0.938541,45315845,33
1,2073273043,1.014061,45319074,9
1,181692419,0.924387,45321633,7
1,4137067673,0.986728,45324824,9
1,411695437,1.000976,45352801,80
1,1268043683,0.921743,45382215,86
1,1906828181,0.910550,45393268,32
1,2393165353,0.969254,45406048,37
1,1649114057,0.969758,45410290,12
1,2430001169,0.973777,45418235,23
1,4045595471,1.012616,45423189,14
1,812536201,0.969254,45424396,3
1,634649959,1.012133,45426929,7
1,1818325097,0.971267,45430491,10
1,3414045763,1.115848,45436810,18
1,2426105371,1.035503,45439691,8
1,1517998571,1.004871,45442565,8
1,1830271579,1.032197,45450573,22
1,2324562047,0.993632,45452110,4
1,3744348613,0.916963,45455659,10
1,2138937109,0.911622,45457861,6
1,2308362449,0.971267,45470299,36
1,1186036177,1.031250,45493526,68
1,1977363043,0.971267,45501814,24
1,247603241,1.091963,45506753,14
1,711878627,1.025552,45518131,33
1,4051048093,0.920152,45520672,7
1,1605557731,0.963190,45521186,1
1,3681250369,0.939581,45537428,47
1,2210844059,1.008267,45559427,63
1,1920439253,0.991172,45560284,2
1,3651819239,0.988706,45560808,1
1,2869121819,1.105296,45589245,83
1,3605421137,0.969254,45603594,42
1,3123444823,1.014061,45605846,6
1,301596623,1.004871,45606710,2
1,1393102729,0.975280,45620871,41
1,1658541187,0.981270,45632296,33
1,1419731119,0.920152,45635845,10
1,549867947,0.947859,45637385,4
1,2880377177,0.938021,45643984,19
1,2752430489,1.003899,45649565,16
1,782042671,0.973276,45678188,82
1,2428992887,0.938541,45686815,25
1,511250837,1.017906,45700004,38
1,3448535053,1.004385,45702201,6
1,4221821731,0.911086,45706099,11
1,734640131,0.978779,45709321,9
1,1750050241,1.039268,45716012,19
1,2532841319,0.921743,45736877,61
1,159902063,0.971267,45746583,28
1,3050232863,1.000976,45747763,3
1,1126178701,0.855246,45755286,21
1,1689726697,0.915364,45757303,5
1,1813478903,0.915364,45757821,1
1,4022163461,1.003899,45773961,47
1,2532018197,0.971267,45778242,12
1,782785453,0.973777,45785840,22
1,1505251511,1.039738,45794136,24
1,921746951,0.978779,45806552,36
1,2928984959,0.978779,45829314,66
1,498210907,1.012616,45834892,16
1,3848302609,0.973777,45851105,47
1,3543839603,0.950945,45856337,15
1,2139345239,0.886090,45860054,9
1,3920423581,1.033615,45866061,17
1,578948759,0.988706,45870658,13
1,512130901,1.062959,45879002,24
1,4012432687,0.877786,45891465,36
1,1090807723,0.981270,45892997,4
1,3903450739,0.970261,45896210,9
1,1795947827,0.981270,45900156,11
1,3545552069,0.981270,45919027,55
1,3210227563,0.983258,45929361,30
1,1019609047,0.940101,45934648,15
1,2369886817,1.006328,45944348,28
1,1052519401,0.969254,45949610,15
1,3193025489,0.941657,45954223,13
1,3514376737,0.908940,45963300,25
1,4135448753,0.993632,45965501,6
1,1818849847,0.993632,45973226,22
1,451039469,1.054659,45991575,53
1,3979458859,0.956577,46000546,26
1,3209405623,0.969254,46020014,57
1,2471517143,1.006328,46031517,33
1,2727138157,1.017906,46036105,13
1,995967779,0.983258,46038983,8
1,972775633,1.031723,46045234,18
1,1959372803,0.978779,46053518,24
1,4004406479,1.067086,46058439,14
1,791875753,0.911622,46060310,5
1,3353329829,0.969758,46065295,13
1,136598053,0.973276,46066832,4
1,2362850753,0.956577,46067995,3
1,1731045083,0.923330,46069524,4
1,4278824293,0.932277,46096147,78
1,3050987633,0.942694,46112207,47
1,1062900499,0.973777,46150767,113
1,1888728773,0.925443,46154049,9
1,3503005511,1.035031,46162421,24
1,424637987,1.037387,46171909,26
1,4205229271,0.969758,46173434,4
1,2324260007,0.981767,46178694,15
1,374616313,0.973777,46185286,19
1,413810539,0.894864,46188264,8
1,3874113293,0.915364,46191148,8
1,3789649859,0.915364,46192670,4
1,768666889,1.048623,46193861,3
1,1551058519,0.978779,46201484,22
1,1261063667,0.938021,46206753,15
1,2806992959,0.911622,46218129,33
1,763662239,0.934370,46219710,4
1,410617153,0.938021,46220220,1
1,1380241193,0.916963,46230222,29
1,314442629,0.956577,46239311,26
1,3162900899,1.035974,46247619,24
1,379561643,0.977281,46262325,43
1,1333050281,0.908940,46264183,5
1,789166627,1.027930,46282720,51
1,2613019919,1.030776,46292087,27
1,2765029963,1.019344,46295653,10
1,323219891,0.941657,46297171,4
1,3555826787,0.944247,46302431,15
1,632743117,0.976781,46327441,73
1,3165020207,0.987223,46344865,51
1,768450379,0.971267,46355906,32
1,1737155393,1.000488,46361479,16
1,2729388943,0.944247,46363395,5
1,474407189,1.116723,46376932,38
1,3099326611,1.004871,46380597,10
1,3782805751,1.002438,46389036,24
1,2849897543,0.941657,46394991,17
1,3794366887,1.006328,46403406,24
1,3641096447,0.950432,46404600,3
1,3652383247,0.958107,46410850,18
1,2353853251,1.002438,46416788,17
1,281837987,0.974279,46417298,1
1,4169827873,0.981767,46425635,24
1,2210085313,0.944247,46426135,1
1,2737228007,0.910550,46432465,18
1,4222699493,1.001951,46448612,47
1,1119085511,1.000488,46456223,22
1,3995153639,0.947859,46491364,101
1,2460963679,1.023646,46492230,2
1,1751092457,0.971267,46521196,85
1,4100228731,1.008267,46524082,8
1,2789021707,1.033615,46525630,4
1,3148690709,0.975280,46541416,46
1,1005964123,0.993141,46543631,6
1,3351141383,1.003899,46552926,27
1,309438037,0.973276,46559238,18
1,3789703579,0.971267,46572639,39
1,283047071,0.986728,46591566,54
1,2739200809,0.973777,46619574,82
1,2171512843,0.979277,46621434,5
1,4054301231,0.973777,46622278,2
1,2235901607,0.921743,46636113,40
1,3279152719,0.938541,46636957,2
1,3840273929,0.907327,46638157,3
1,2898068203,0.964709,46666081,82
1,331595647,0.973777,46674500,24
1,3203946227,0.884436,46682431,22
1,2648194667,0.907327,46695997,39
1,3626055637,1.000976,46702617,19
1,3960256787,1.066628,46703801,3
1,3577831759,0.969758,46709773,17
1,4179673559,1.006328,46717399,22
1,3040968349,0.889391,46749692,94
1,582399187,1.135799,46758324,25
1,2605609219,0.969758,46761931,10
1,4110582557,1.000000,46773602,34
1,162366329,0.889391,46778786,14
1,105279401,0.950432,46791439,36
1,2242768651,1.048623,46792969,4
1,3703208263,0.950945,46796529,10
1,3434524537,1.004385,46803188,19
1,2923398547,0.962683,46813332,29
1,2864683687,0.938021,46813847,1
1,2960144479,1.004871,46817181,9
1,2546254769,0.969758,46818364,3
1,3327138491,0.956066,46833463,44
1,1127340271,0.886090,46840749,21
1,3071748499,1.004871,46845341,13
1,1504358909,0.994614,46866310,61
1,2617513181,0.945797,46871224,14
1,442869719,0.950945,46890249,55
1,4263077381,0.977281,46894205,11
1,2131237831,0.910550,46895053,2
1,2645382947,0.956577,46902676,22
1,2327228867,1.004385,46903192,1
1,99632329,1.025552,46914774,33
1,3570015737,0.993632,46935982,62
1,1805907143,1.039268,46938188,6
1,1707904931,1.054196,46947842,28
1,3601448791,1.001951,46960874,38
1,822295909,0.939581,46962751,5
1,2541786881,0.977281,46985207,64
1,1765116917,0.977281,46994637,27
1,3099888313,0.969758,46997850,9
1,2116958771,0.981767,47009966,35
1,1399654493,0.911086,47019052,26
1,1774645073,0.942694,47022954,11
1,2495680567,0.995105,47031667,25
1,148490141,1.000976,47039335,22
1,2249225879,1.000976,47046364,20
1,3154057051,0.908403,47065167,55
1,181364441,0.971267,47070491,15
1,576238433,1.004871,47077144,19
1,1768367311,0.880563,47078997,5
1,3131685511,0.848367,47080195,3
1,1362297523,0.947859,47102895,65
1,1134043051,0.939581,47106449,10
1,2309019961,0.882225,47111011,13
1,1104508451,0.946829,47114582,10
1,1307296997,1.012616,47128728,41
1,2409436993,0.950945,47131617,8
1,29522057,1.095534,47137518,17
1,1138462673,1.013098,47139412,5
1,1322384093,0.964709,47154207,43
1,2598592559,0.983258,47160521,18
1,1556800907,0.932801,47170222,28
1,789501439,0.988706,47170736,1
1,2747682209,1.014061,47171255,1
1,3183163573,1.023646,47182301,32
1,2041318781,1.064337,47185235,8
1,270870101,0.969758,47186427,3
1,3740811001,0.970764,47192078,15
1,1598914181,1.002438,47211805,57
1,1288121633,0.976781,47215030,9
1,2959390199,1.035031,47217583,7
1,3049686407,0.971267,47219499,5
1,3386111413,0.940101,47233147,39
1,2628991439,0.879453,47243629,30
1,4206520517,0.958616,47253288,28
1,1096388539,0.946313,47255555,6
1,3348028577,1.056047,47268069,36
1,3856539481,1.004871,47272989,14
1,1525116487,0.977281,47273512,1
1,1606044343,0.942176,47275731,6
1,4254989951,0.919090,47276934,3
1,2242858421,0.981270,47279495,7
1,4004067449,0.924387,47284804,15
1,3702075451,0.978779,47289032,12
1,1082183897,0.908940,47300247,29
1,2929882537,0.946313,47303855,10
1,789055607,0.946313,47307860,11
1,3187768693,0.919621,47315139,21
1,2014965089,1.000976,47319427,12
1,3980643217,0.977281,47320274,2
1,290578741,1.004871,47332006,34
1,350541791,0.866589,47341497,27
1,3665794969,0.977780,47342348,2
1,1339238207,0.978779,47360152,52
1,1771458499,1.044891,47370582,30
1,2553656869,1.003899,47385958,45
1,3253133857,0.985738,47389509,10
1,613784957,0.946313,47411549,63
1,1296356351,0.882225,47419832,24
1,3830024603,1.035503,47425103,15
1,1240088249,1.006328,47433797,25
1,4269013153,1.031250,47438366,13
1,2463016469,0.914830,47441950,10
1,609496267,1.014061,47443141,3
1,925889039,0.919621,47443983,2
1,3019342861,1.040677,47445179,3
1,219495671,1.043488,47457530,36
1,2622807247,1.044891,47473067,45
1,1555236607,1.002438,47477325,12
1,2813962003,1.031250,47484667,21
1,1808969989,1.050019,47501593,48
1,1766580631,1.043488,47502108,1
1,3313026133,1.061581,47542317,118
1,6167089,1.025076,47543163,2
1,954917503,0.973276,47546013,8
1,3203764327,0.997556,47551611,16
1,1335831221,0.908940,47558624,20
1,3366081877,0.969758,47559140,1
1,2268452569,0.987223,47562064,8
1,3812775059,0.907327,47570752,25
1,3073047797,0.950432,47580115,27
1,3473906197,1.009718,47587462,21
1,1172762771,0.971267,47588312,2
1,549872077,1.012616,47608820,59
1,322235891,0.913227,47615428,19
1,666178477,0.895409,47621693,18
1,286215019,0.991172,47626936,15
1,1047037067,0.975280,47629813,8
1,786033779,0.969758,47642829,38
1,955543607,0.942694,47649557,19
1,3018345079,0.973777,47657849,24
1,1730825153,0.882225,47659779,5
1,1377839191,0.981270,47668159,24
1,2281692709,0.970764,47674428,18
1,3589704919,1.000488,47686231,34
1,2141317643,1.071652,47689112,8
1,3971104729,0.970261,47695714,19
1,2174574751,0.985738,47699269,10
1,4089961979,0.991172,47701101,4
1,3029568161,1.129332,47702486,3
1,1132639421,1.080726,47706427,11
1,641605403,0.987223,47720266,40
1,628660411,1.073928,47721457,3
1,2456173157,0.911622,47722304,2
1,2998379413,1.039268,47726862,13
1,2910246979,0.880563,47735835,26
1,319414699,0.940620,47747573,34
1,1052111603,1.014061,47751791,12
1,849069373,0.956577,47771637,58
1,4059209261,0.969758,47777882,18
1,3113314993,0.950432,47787582,28
1,1076538577,0.940101,47792247,13
1,4152217427,0.952484,47814959,65
1,2941215769,0.911086,47830788,46
1,3618569027,0.973777,47835010,12
1,85898333,0.925971,47851148,47
1,2954453587,0.920152,47852324,3
1,2576391107,1.019823,47856216,11
1,144134941,0.981767,47856726,1
1,4124924521,1.024123,47872477,46
1,2051641049,0.944247,47877438,14
1,3476715079,0.983258,47879980,7
1,4265794021,0.981270,47886239,18
1,1863687053,1.032197,47896538,30
1,2686320641,1.061581,47898425,5
1,3936113273,0.946829,47912210,39
1,1002779849,0.911622,47920837,25
1,235362797,0.937500,47929149,24
1,361300957,0.945797,47944293,44
1,3884319713,1.006328,47952023,22
1,3246748753,1.043488,47954897,8
1,2546451847,0.952484,47959118,12
1,262313143,0.969758,47971512,36
1,3688922761,0.973276,47976093,13
1,90299617,0.938541,47976606,1
1,2368587049,0.940620,48000294,69
1,832558633,1.015505,48003904,10
1,2961981601,0.925971,48005765,5
1,1671326273,0.938541,48008447,7
1,3376868039,0.942176,48012897,12
1,3185591567,0.880563,48013412,1
1,2166672379,0.911622,48019335,17
1,1262257979,1.004871,48020184,2
1,3485439653,0.942694,48030522,30
1,3252757049,0.971267,48036190,16
1,203171081,1.001951,48038389,6
1,3383302213,0.911622,48049792,33
1,2339483239,0.967237,48054764,14
1,3717437621,1.032669,48063771,26
1,2950070447,0.939581,48075173,33
1,2549849579,1.000976,48084826,28
1,3945222277,0.977281,48093154,24
1,3100617857,0.973276,48098070,14
1,3437423357,0.956066,48113260,43
1,2937542189,0.946313,48114465,3
1,2078480581,0.908940,48118415,11
1,2863372961,1.074382,48119607,3
1,2843899783,0.955044,48124850,15
1,29417959,0.967237,48131123,18
1,2744109857,1.012133,48154101,67
1,547637063,0.973276,48157658,10
1,345787363,0.991172,48160857,9
1,3524116367,0.895409,48164083,9
1,2586771503,1.039268,48175483,33
1,1567439567,1.035503,48176715,3
1,3718133033,1.066628,48181420,13
1,1631398177,1.037387,48182951,4
1,2997724123,0.991172,48191895,26
1,4074034403,0.942176,48202055,29
1,1312325503,0.971267,48210024,23
1,2139537919,0.977281,48221484,32
1,1532198819,0.988706,48223036,4
1,2554054051,0.969254,48233388,30
1,1784746021,1.021736,48234574,3
1,295337993,0.962683,48238120,10
1,275036843,0.972774,48244347,18
1,116923189,1.009718,48259423,44
1,2537315611,0.916963,48264398,14
1,383738959,0.975280,48265596,3
1,3192884663,1.094643,48266444,2
1,1076972359,0.973777,48272107,16
1,2599239569,1.012616,48285981,40
1,99270043,0.971267,48286504,1
1,470080181,0.985738,48289050,7
1,2324294317,0.973777,48293628,13
1,2945377709,1.069371,48297283,10
1,1375247617,0.977281,48305974,25
1,3790221571,0.942176,48307833,5
1,2556856123,0.846639,48308340,1
1,1314183971,1.012133,48312225,11
1,3810223811,0.981767,48322683,27
1,3615890197,1.004871,48330310,22
1,682343357,0.972774,48364439,100
1,2590299617,0.975280,48365974,4
1,2059031593,0.969758,48366826,2
1,97783111,0.970764,48369428,7
1,3152937443,0.908940,48382462,38
1,283197041,0.977281,48393517,32
1,4158350587,1.050483,48394353,2
1,2911243553,0.969758,48399330,14
1,977718583,0.969254,48414611,44
1,3430858703,0.914830,48418120,9
1,2823489043,0.944247,48431388,38
1,4112625679,0.976781,48440125,25
1,3633643463,1.000488,48443334,9
1,1914931507,0.975280,48456018,37
1,467363707,0.942176,48473027,49
1,3965441867,0.963190,48482339,27
1,40783661,1.003899,48486568,12
1,2616948821,1.002438,48489482,8
1,1967602327,1.033615,48492405,8
1,4133683987,0.938541,48495344,8
1,1640948633,0.976781,48496871,4
1,1340964941,1.035503,48501788,14
1,1745933323,1.012616,48502297,1
1,1015511683,1.017906,48515640,39
1,476699371,0.939581,48525645,28
1,420140531,1.001951,48528248,7
1,677646341,1.017906,48531536,9
1,3815787163,1.002438,48532027,1
1,582067553,1.043488,48536654,13
1,1408357523,0.877229,48543911,21
1,3186007333,1.004871,48545104,3
1,474747941,0.938021,48548326,9
1,3653258737,1.043020,48556649,24
1,1108466497,0.940101,48570469,40
1,55897057,0.978280,48570969,1
1,2715544859,1.070284,48577550,19
1,84213229,0.945797,48583826,18
1,3767295613,0.938021,48587428,10
1,2694133549,0.876115,48590655,9
1,1451962157,1.004385,48593186,7
1,3310934981,0.988706,48597765,13
1,3544530487,1.068458,48600310,7
1,456145421,0.981270,48614448,41
1,1029119941,1.004385,48615966,4
1,3520678537,1.054659,48627424,32
1,1174293413,1.033142,48631999,13
1,2479867813,1.008267,48636905,14
1,1169650199,0.972774,48637423,1
1,1451179013,1.055121,48658290,61
1,460818431,0.908940,48672736,42
1,3723815467,0.987223,48675973,9
1,4234702643,1.000488,48676837,2
1,1467801659,0.908403,54000636,12
1,1561364557,0.854103,54016517,45
1,3985763347,1.008267,54029951,39
1,817256191,0.908940,54031148,3
1,839042207,1.001951,54040227,26
1,2828964559,1.002438,54042784,7
1,2264707391,0.911086,54043297,1
1,2629826333,1.079370,54051991,25
1,236083697,0.975280,54052514,1
1,192042563,0.924387,54069429,49
1,981874009,0.945797,54076729,21
1,2354303473,0.991172,54086480,28
1,2398389269,0.993141,54093147,19
1,3670190467,1.009235,54096434,9
1,2761134599,1.017906,54100037,10
1,994471979,0.942694,54101223,3
1,3399484091,0.908403,54102075,2
1,2153127307,1.031250,54106304,12
1,4006502261,1.000000,54108501,6
1,1229369497,1.033615,54112480,10
1,2302222049,1.000976,54115706,9
1,2511695257,0.969254,54130434,43
1,3413951251,1.023646,54133645,9
1,1934336773,0.989199,54134832,3
1,128931889,1.024123,54141413,19
1,583577299,0.971267,54149065,22
1,839339881,1.004871,54150254,3
1,1369602071,0.963190,54170568,59
1,2998489283,0.956066,54171419,2
1,2631657317,0.976781,54192660,61
1,3873888427,0.981767,54196559,11
1,876208637,1.048623,54199128,7
1,2901811009,1.014061,54205773,19
1,1238072219,0.950945,54210769,14
1,3102653207,1.056047,54220315,26
1,2410871179,0.952484,54222526,6
1,2991653407,0.981270,54225073,7
1,110269961,1.063419,54231722,19
1,950758409,0.969758,54241066,27
1,492728791,0.925443,54244965,11
1,1818869057,0.988706,54247513,7
1,440781619,0.942694,54255615,23
1,2701116013,0.941657,54256801,3
1,1508734897,0.913227,54259339,7
1,514937321,0.908940,54269722,30
1,3856425589,0.911622,54292051,65
1,3128924153,1.098205,54299063,20
1,4280523833,0.920152,54299595,1
1,97467829,0.986728,54304856,15
1,1581323897,0.971267,54313160,24
1,2408596051,0.941657,54314315,2
1,2723578339,0.973777,54316268,5
1,506063017,0.855246,54327678,33
1,3671201881,1.035031,54338544,31
1,3576556729,0.940101,54343557,14
1,3101686411,0.977281,54351527,23
1,3643501219,0.938021,54357176,16
1,3334558489,1.039268,54372646,45
1,2139422821,0.911086,54384045,33
1,2574914449,1.016466,54385232,3
1,853399433,0.947859,54399328,41
1,4011875729,0.941657,54406325,20
1,3909580673,0.988706,54410560,12
1,4086072967,1.000976,54414113,10
1,1659943993,1.093750,54415298,3
1,172529491,0.993632,54416477,2
1,1343536693,1.024123,54418211,4
1,2073045893,0.946313,54424164,17
1,338488613,0.969758,54428841,13
1,3554004409,0.964709,54430744,5
1,3039444769,0.937500,54437348,19
1,3170867741,1.025552,54438192,2
1,3408153851,1.031250,54439395,3
1,3783581111,1.047225,54441952,7
1,1223604523,1.018386,54445855,11
1,1318290271,0.976781,54446706,2
1,737555657,0.978779,54450956,12
1,2238598897,0.937500,54470271,56
1,2790891629,1.004871,54478292,23
1,2647761911,0.930180,54497441,56
1,2411399539,0.971267,54501033,10
1,2336515969,0.971267,54507779,19
1,3764798617,0.981767,54527142,53
1,3122964623,1.000976,54542887,46
1,3088988561,0.875558,54546095,9
1,4256618459,1.001951,54547276,3
1,1120864237,1.129332,54551604,12
1,541176127,0.848942,54555166,10
1,2702407489,1.014061,54561603,18
1,1835631233,0.995105,54567529,17
1,3854928821,0.978779,54568370,2
1,263535829,1.012133,54573633,15
1,1580380183,0.971267,54576847,9
1,2597314903,0.888841,54579044,6
1,3775194637,1.080726,54596142,50
1,595470461,1.007782,54603126,20
1,3499847569,1.038798,54608410,15
1,2359817701,1.019344,54614348,17
1,4126995517,0.947859,54627223,36
1,2018633209,0.993632,54635996,25
1,2258560307,1.039268,54636848,2
1,3582062969,0.925971,54638037,3
1,2470282637,0.879453,54647064,26
1,1730363357,0.956577,54659959,37
1,1946754367,0.942176,54661837,5
1,2751375359,0.920152,54675672,40
1,1942961737,0.983258,54693488,52
1,1870877527,0.973777,54703302,28
1,470778239,0.925971,54705166,5
1,3000619207,1.033615,54708041,8
1,355716077,0.938021,54709237,3
1,3779055127,1.014061,54711441,6
1,3011889131,0.938541,54747976,106
1,944180701,0.945797,54754262,18
1,372923939,1.002438,54757830,10
1,946198411,1.054659,54762440,13
1,2499400247,1.031723,54828617,193
1,4144657079,0.942694,54842346,40
1,1491670951,1.006328,54844900,7
1,2959423253,0.925443,54855588,31
1,2324475869,0.975280,54857789,6
1,271677971,1.043488,54859990,6
1,4195057,0.977281,54875163,44
1,2161046891,0.971267,54885073,29
1,3735730499,1.008267,54896872,34
1,785929373,0.986728,54900879,11
1,1167836963,0.940101,54909560,25
1,1303491799,0.969254,54922294,37
1,3164963531,0.911622,54924167,5
1,1546824689,0.976781,54928108,11
1,1253770813,1.067086,54929305,2
1,163094707,0.955044,54931054,4
1,2306166089,0.946313,54934957,11
1,3092776801,0.969254,54956631,63
1,431620403,0.971267,54967638,32
1,97203319,0.972774,54972927,15
1,143950591,0.940101,54975809,8
1,670962839,0.940101,54976309,1
1,1768613897,0.942694,54977160,2
1,3130131209,1.000488,54982394,15
1,3864486137,0.977281,54987656,15
1,2264942041,0.976781,54995990,24
1,2353839589,1.061581,55001223,15
1,2249030213,0.956577,55003430,6
1,2663299763,0.986728,55017294,40
1,2542989349,0.911086,55042037,71
1,618524111,1.079370,55051824,28
1,4130374813,0.977281,55052341,1
1,386314129,0.969254,55054536,6
1,630254839,1.039268,55057465,8
1,2495050837,1.004871,55062712,15
1,750198503,0.944247,55065608,8
1,1774693847,1.000488,55066461,2
1,3499261943,1.001951,55073733,21
1,3331552909,0.969254,55075614,5
1,246156223,0.907327,55076127,1
1,3866419829,1.012616,55081360,15
1,688174757,0.975280,55087327,17
1,885140831,1.002438,55108338,61
1,2120924843,0.884436,55110539,6
1,3781798127,0.973276,55112763,6
1,811620191,0.977281,55113277,1
1,3427852537,1.003899,55120059,19
1,3546156209,0.987223,55126039,17
1,3703226663,0.915897,55126549,1
1,3570697381,0.938541,55127069,1
1,842990983,0.875558,55136847,27
1,540419101,0.877786,55138034,3
1,1033276483,0.970764,55149015,32
1,2538306119,1.015505,55149521,1
1,1699987253,0.975280,55153486,11
1,2868648467,0.988706,55154685,3
1,2028600617,0.976781,55155871,3
1,1626121319,0.872205,55168544,37
1,2073037063,0.947859,55175302,19
1,2770737713,0.950945,55179528,12
1,1883609759,0.960652,55197068,51
1,2643808949,0.911086,55199963,8
1,651896363,0.963190,55212508,36
1,295889281,0.897044,55225607,38
1,1883132711,1.012616,55226776,3
1,479280059,0.995105,55235735,25
1,3050003791,0.880563,55239837,11
1,2711836987,0.944247,55246856,20
1,1807654141,0.973276,55248039,3
1,3496432409,0.919621,55261696,39
1,398979871,0.908403,55269656,23
1,981624233,0.877786,55274908,15
1,2963851879,0.849517,55290696,46
1,3721208891,0.962683,55298714,23
1,623046647,0.914830,55307350,25
1,809641667,1.033142,55314403,20
1,1522436857,0.967237,55328591,41
1,253839517,0.915364,55330131,4
1,3494101837,0.969758,55335369,15
1,3175240811,1.002438,55344017,24
1,124570027,0.993632,55347992,11
1,1411302917,1.035974,55350589,7
1,3806315179,0.938021,55356962,18
1,726499093,0.969254,55371520,42
1,2215142647,1.033142,55385393,40
1,3855223793,1.050019,55390344,14
1,2413865947,0.975280,55397633,21
1,2528087537,0.942176,55400194,7
1,3244022071,1.004871,55401051,2
1,3972808703,1.066628,55409131,23
1,894108637,0.976781,55414785,16
1,1272337553,1.000976,55431734,49
1,1003471661,0.974780,55442684,31
1,334121857,0.945797,55447620,14
1,4010257451,0.977281,55453885,18
1,314041631,1.007782,55459472,16
1,1420356281,1.009718,55463360,11
1,1097633497,1.032669,55465906,7
1,448833811,0.973276,55468155,6
1,1962202129,1.062959,55469333,3
1,1729462433,1.077106,55470514,3
1,429723667,1.033615,55473714,9
1,1140260689,1.012133,55477272,10
1,2395131131,0.971267,55480850,10
1,2850877147,0.914830,55482042,3
1,1840377233,1.007782,55492470,30
1,3801088411,0.950945,55500076,22
1,921345053,0.981767,55501603,4
1,2234613757,1.054196,55503132,4
1,462338911,1.031250,55505346,6
1,1773454847,0.988706,55513378,23
1,905939347,0.908940,55525483,35
1,279698599,0.852386,55543617,52
1,2866285973,0.979277,55550925,19
1,96310607,0.910550,55554841,11
1,3405706121,0.977281,55569621,43
1,1038039313,0.940101,55570822,3
1,3776996501,1.048157,55571670,2
1,2018191037,1.023646,55585355,40
1,2699637379,0.973276,55596363,32
1,2203611049,0.920152,55598560,6
1,1828695823,0.932801,55618426,58
1,345782887,1.039268,55627738,27
1,3269632679,1.006328,55630958,9
1,2070853003,0.969758,55633168,6
1,1019647873,1.063419,55637074,11
1,2056137997,1.003899,55640695,10
1,4105210349,0.938541,55644264,10
1,2411164099,1.000488,55646827,6
1,2058166711,1.048157,55653443,18
1,1980923471,1.019823,55653969,1
1,2786885141,0.973777,55676692,66
1,817605637,1.004385,55679931,9
1,1919182807,1.058356,55689649,28
1,694289591,1.004385,55690839,3
1,1018789159,0.946313,55692745,5
1,375493109,1.004385,55696309,10
1,4012159363,0.939581,55706675,30
1,3634569853,1.016466,55710933,12
1,2831422661,0.941657,55714893,11
1,929898031,0.969254,55718784,11
1,2515842271,1.012133,55720984,6
1,4017531593,0.989199,55721505,1
1,443158031,0.897588,55743745,65
1,1846484611,0.956577,55747952,11
1,2087970763,0.947859,55758432,30
1,1026930083,0.946313,55760649,6
1,3744130759,1.074382,55777904,50
1,3263893547,0.981270,55779774,5
1,610663463,1.025552,55799707,58
1,768591419,0.944247,55830084,89
1,200016967,0.969254,55835683,16
1,915054191,1.035503,55847682,35
1,2464825621,0.938021,55849545,5
1,3801825757,1.064795,55861867,34
1,698369257,0.947859,55864074,6
1,249288619,1.008267,55867293,9
1,1873852817,0.986728,55879426,35
1,1919118941,0.940101,55887418,23
1,40965643,0.977281,55892732,15
1,3075863731,1.004871,55900725,23
1,4287415541,1.040677,55914160,39
1,44645759,0.977281,55920210,17
1,2245290433,1.070284,55931884,34
1,3981143917,0.938541,55947038,44
1,1333135861,0.910550,55948585,4
1,2533624829,1.008267,55950451,5
1,481206701,1.004871,55950967,1
1,1730947423,0.969254,55954705,9
1,2695018427,1.035031,55968511,40
1,3171279277,1.002438,55978207,28
1,125595493,0.987223,55989621,33
1,2033091589,1.000976,55994984,15
1,1244029309,1.004871,55996167,3
1,2788207907,0.978779,56011395,44
1,400242979,0.934370,56015009,10
1,1994431781,0.975280,56024769,28
1,1335748591,0.945797,56047983,68
1,2846458499,1.063419,56058485,29
1,754170289,0.973777,56076094,51
1,599223479,0.941657,56079647,10
1,3517363867,1.101313,56080837,3
1,1812949213,1.015505,56088177,21
1,2416721669,0.944247,56093430,15
1,3339611711,1.004871,56096976,10
1,3114275471,1.017906,56102561,16
1,14025637,1.017426,56108202,16
1,3265557521,1.004871,56109377,3
1,3381382027,1.031250,56113271,11
1,2579041169,0.981767,56117516,12
1,27326483,0.915364,56136361,55
1,3242233133,0.946313,56138880,7
1,985888181,0.908940,56139384,1
1,1931498147,0.986728,56147411,23
1,208859731,1.019823,56149615,6
1,2584820041,1.032197,56164908,43
1,3016160891,0.989199,56165417,1
1,1997861617,1.012133,56174045,25
1,2436672857,0.910550,56175710,4
1,1314649289,0.836193,56176561,2
1,538602283,0.910550,56181830,15
1,1896649607,1.008751,56184039,6
1,3563886349,0.991172,56193357,27
1,1374149159,0.956577,56200342,20
1,2276322943,1.044891,56209763,27
1,2039703359,0.940101,56222843,38
1,1807324591,1.004871,56226396,10
1,872639351,0.977780,56233339,20
1,4156740811,1.001951,56243422,29
1,3053716387,1.003899,56243939,1
1,1345834379,0.940101,56251621,22
1,2820959087,1.031723,56254560,8
1,4022039321,1.097761,56261914,20
1,1152547439,0.977281,56266509,13
1,2555437397,0.952484,56272101,16
1,3064571539,1.054659,56274633,7
1,3116530679,1.002438,56277181,7
1,1365575009,0.950432,56278046,2
1,1090574357,1.002438,56284054,17
1,1322820281,1.017906,56288642,13
1,4112854517,1.047225,56307481,55
1,1273156133,1.031723,56315768,24
1,515296597,1.043488,56316621,2
1,3855937027,1.008267,56333704,49
1,3520215299,1.037387,56343429,28
1,4190400821,0.978779,56356346,37
1,3500482943,1.039268,56357539,3
1,3812175977,0.906789,56359744,6
1,3297435451,1.000976,56362482,7
1,2334159161,1.004385,56363005,1
1,2641094123,0.977780,56368432,15
1,875284271,1.098205,56374707,18
1,2558913431,1.000976,56380109,15
1,842796077,0.936979,56385807,16
1,1888573697,0.981767,56393400,22
1,2583726883,1.070284,56393900,1
1,4246686881,0.973276,56400490,19
1,4048107919,0.938541,56409440,26
1,1954028023,1.054659,56411647,6
1,2242702043,1.008751,56414859,9
1,735450673,1.037387,56420838,17
1,1504693243,0.970764,56427551,19
1,978398797,1.146496,56431820,12
1,1639346207,0.973276,56436428,13
1,260832713,1.040677,56441055,13
1,1013545859,1.006328,56444622,10
1,3986617699,0.913227,56450614,17
1,367759019,0.977281,56452499,5
1,2973395617,1.000488,56475142,65
1,1527444661,0.844329,56478025,8
1,3287958647,1.014061,56492882,43
1,833554361,0.899761,56502920,29
1,2102643769,0.971267,56504105,3
1,330465221,0.981767,56506357,6
1,966067423,1.068458,56507886,4
1,2416718449,1.030776,56510141,6
1,540510457,1.054659,56511651,4
1,3581184359,0.969758,56519653,23
1,3184117753,0.973777,56520504,2
1,3424087841,1.094196,56529884,27
1,2306793967,0.975280,56541694,34
1,2612209403,0.969254,56542896,3
1,3234361237,1.016466,56569180,76
1,3441144209,1.003899,56569694,1
1,3210332651,1.003899,56576478,17
1,4283839943,0.972272,56585807,27
1,3920532619,1.008751,56594096,24
1,2002849267,0.993632,56595966,5
1,3102172603,0.942694,56609031,38
1,3743535179,1.017906,56614395,15
1,719152631,0.981270,56617665,9
1,1960143091,0.981767,56627662,29
1,698219503,0.879453,56632927,15
1,1897570823,0.908940,56638192,15
1,1301008067,1.003899,56642189,11
1,1524985789,0.877786,56660567,53
1,2767481593,0.969758,56667864,21
1,570025787,1.043020,56670822,7
1,4191253037,0.947859,56688123,50
1,259690799,0.938541,56697487,27
1,3798772441,0.969758,56697998,1
1,1237350077,1.073928,56707703,28
1,4260056789,0.994614,56722867,44
1,3130342909,0.876115,56725423,7
1,2157943891,0.986728,56732028,19
1,1271786419,1.017906,56734238,6
1,2291174161,0.969758,56746351,35
1,3139208903,1.044891,56760504,41
1,426218599,0.907327,56768167,22
1,814164551,1.032197,56769017,2
1,68911459,0.975280,56773219,11
1,2516780423,0.942694,56777187,11
1,3807888437,0.915364,56783859,19
1,1619930681,1.024123,56791533,22
1,1960490111,0.987223,56793725,6
1,1786620553,1.126735,56794244,1
1,265611839,0.958107,56805327,32
1,4137953233,0.995105,56808885,10
1,1651009211,1.019344,56814113,15
1,3889784809,0.981767,56841725,81
1,1561048301,1.001951,56849401,22
1,473703557,1.007782,56861179,34
1,548235757,0.952484,56862809,4
1,3542772049,1.033615,56866691,11
1,1491260203,0.864897,56867198,1
1,421867231,0.956066,56869414,6
1,2106360041,1.000488,56875607,17
1,2748243301,0.911622,56876473,2
1,1502170919,1.075745,56879810,9
1,900612841,0.964203,56883411,10
1,878971603,1.000000,56895082,34
1,1607232569,0.895409,56898632,10
1,1924281559,1.050019,56900507,5
1,2695248929,1.017426,56903719,9
1,3570632059,1.048623,56906601,8
1,3000631399,0.983258,56910166,10
1,2808161651,1.019344,56925286,44
1,3737408693,1.035974,56926817,4
1,931026247,0.911086,56934603,22
1,4268481229,0.977281,56945382,31
1,3497522849,0.973777,56958139,37
1,3758133739,1.008267,56969829,34
1,3434985859,1.012616,56970670,2
1,881715643,1.033615,56979785,25
1,3796096313,1.012133,56985762,17
1,3292373911,0.947859,56988640,8
1,558224437,0.969758,57004475,46
1,2627292403,0.940101,57014789,30
1,1940785541,0.908940,57022387,22
1,3886975627,1.004871,57024309,5
1,2511571991,0.993632,57027183,8
1,2359172833,1.001951,57029727,7
1,515268407,1.033615,57043080,39
1,994191559,0.947859,57061172,53
1,4180619423,0.972774,57068840,22
1,2314758833,1.000976,57069694,2
1,2186614811,0.969254,57080403,30
1,2217251263,0.939581,57080927,1
1,1243346431,0.911622,57090742,28
1,354571127,0.987223,57103679,37
1,2186971673,1.004385,57107227,10
1,1813537387,0.971267,57108072,2
1,2341145953,1.004871,57129395,62
1,3778671503,1.014061,57132277,8
1,1675668739,1.001951,57134162,5
1,2096421337,1.000488,57148667,42
1,3417963629,0.950432,57183161,100
1,2906661997,0.950945,57190940,22
1,2566462057,1.043020,57192518,4
1,3120307613,0.932801,57204751,35
1,2283006101,1.002438,57211366,19
1,2073144107,0.972774,57215266,11
1,301946693,1.004385,57218160,8
1,3414170611,1.012616,57222788,13
1,582315491,1.002438,57236304,39
1,1383027133,1.033615,57237153,2
1,229117277,0.889391,57238012,2
1,1580138227,1.040677,57247656,28
1,716770739,0.975280,57250897,9
1,699724877,0.978779,57253430,7
1,3309535093,0.939581,57293716,117
1,3968997407,1.009718,57297350,10
1,963017681,0.993632,57307060,28
1,3727251667,1.031723,57312998,17
1,974084981,0.993632,57314858,5
1,3412872679,0.940101,57332456,51
1,2617225109,1.030776,57337817,15
1,610969321,1.037387,57345097,21
1,355588957,0.939581,57351338,18
1,2870987629,0.846062,57369219,52
1,3483002683,1.012616,57372839,10
1,2652467711,0.942694,57382836,29
1,3904543883,0.977780,57388867,16
1,1740690179,1.031250,57399248,30
1,3769426981,0.906789,57402471,9
1,1620407669,1.007782,57412853,30
1,351601487,0.971267,57422906,29
1,2373973493,1.001951,57423410,1
1,3743717897,1.033142,57430013,19
1,183603943,1.091963,57445515,45
1,1508459573,0.955044,57451414,17
1,118054439,1.014061,57460826,27
1,2368380881,1.067086,57468075,21
1,1755041251,0.940101,57469322,3
1,3401370079,0.939581,57481869,36
1,2494556971,1.038798,57483738,5
1,3215555513,0.969758,57501911,52
1,3898113019,0.981767,57502774,2
1,1624892117,1.068458,57513411,31
1,1007624333,1.002438,57526167,37
1,4122494837,1.023646,57528375,6
1,3748783729,0.969758,57528892,1
1,1116841631,1.079370,57550792,64
1,3989498819,1.048157,57554390,10
1,2179880707,1.001951,57563071,25
1,2493871349,1.004871,57566972,11
1,1357501213,1.016466,57569914,8
1,4003166347,0.877786,57580922,32
1,1455072911,0.958107,57585511,13
1,4280169697,0.979277,57588733,9
1,173239907,0.888841,57590267,4
1,495639019,1.002438,57597543,18
1,3605197187,0.988706,57600829,9
1,951224513,0.969758,57603031,6
1,1761555767,0.940101,57607604,13
1,3294427091,1.000976,57613197,16
1,1709121551,1.007782,57619827,19
1,3156744389,0.950432,57623035,9
1,3035099383,1.016466,57628050,14
1,603823967,1.094196,57629599,4
1,1387578221,0.970764,57634183,13
1,3376065163,0.981767,57639758,16
1,3147373937,1.054196,57651772,35
1,2236478371,0.852959,57655374,10
1,65371741,0.872205,57657929,7
1,2130522727,1.033615,57659444,4
1,1112750131,0.860369,57664019,13
1,1363636829,0.916963,57670632,19
1,1144817449,1.007782,57681324,31
1,1105779413,0.973777,57690005,25
1,3592435447,1.019823,57691865,5
1,1690916987,1.030776,57699919,22
1,2227149493,0.981270,57703148,9
1,709449407,0.942176,57705018,5
1,237841007,1.009718,57708307,9
1,3827532073,1.000976,57713202,14
1,2022213679,0.970764,57717427,12
1,1959487709,1.043020,57722048,13
1,2741579233,1.071652,57724262,6
1,3171925567,0.950432,57747189,67
1,1599667033,0.969254,57749071,5
1,1525572161,0.969758,57749933,2
1,3228625649,0.986728,57769888,58
1,2035979779,0.932801,57771460,4
1,3380278877,0.969254,57784527,38
1,129249677,0.940101,57788083,10
1,997474403,0.939581,57812125,69
1,1383360281,1.000488,57824586,36
1,1896650177,0.976781,57825767,3
1,1314721841,0.987223,57826611,2
1,763715857,0.940101,57828483,5
1,2278446127,0.977281,57839440,32
1,4045781603,1.025552,57850422,32
1,2060580329,1.025552,57857082,19
1,3364419497,0.981270,57859348,6
1,3635322151,1.032197,57860198,2
1,2618418241,0.993632,57869861,28
1,3307737793,0.969254,57879902,29
1,162750739,1.033615,57880400,1
1,3041664707,0.973276,57883954,10
1,2095938133,1.008751,57888207,12
1,316055083,1.066170,57898144,28
1,111814771,0.902471,57899676,4
1,770067517,0.913227,57903330,10
1,798666251,1.002438,57915018,34
1,2028190387,1.019344,57922988,23
1,1991738779,0.973777,57925253,6
1,1818524761,1.016466,57938792,39
1,116206957,0.939581,57955241,48
1,1642236493,0.964709,57970095,43
1,639646303,0.855246,57970939,2
1,244602013,1.004385,57973145,6
1,1337155423,1.017906,57973989,2
1,324942157,0.849517,57995977,64
1,2942405377,1.002438,58018699,65
1,3512959987,0.993632,58022333,10
1,1651217731,0.973777,58030683,24
1,858714677,0.891036,58035979,15
1,392189839,0.907327,58047034,32
1,1240129963,0.895409,58050259,9
1,2653451221,0.942694,58067091,49
1,1449598061,1.004385,58069972,8
1,1618410901,0.915364,58077601,22
1,4050649637,1.000976,58079472,5
1,1832568961,0.913227,58082055,7
1,4187946041,0.976781,58101946,58
1,818871353,0.981270,58103633,4
1,3870032407,1.006328,58106335,7
1,2503146389,1.002438,58110911,13
1,2962027157,0.954021,58112830,5
1,1064103751,1.024123,58116035,9
1,3220152841,0.973777,58118986,8
1,4240493837,0.911622,58126656,22
1,4242304601,0.941657,58130612,11
1,1143782561,1.035031,58137970,21
1,1216014343,1.002438,58144971,20
1,2905316053,0.913227,58149537,13
1,974642269,0.886090,58154110,13
1,2288142041,0.899761,58160417,18
1,1109783963,1.074382,58160920,1
1,1587178679,1.008267,58164832,11
1,354527039,1.000488,58167037,6
1,1524719279,1.122393,58170265,9
1,2416999859,0.971267,58198719,83
1,2318812283,1.039738,58200929,6
1,863304073,1.008267,58201775,2
1,2318793431,1.004871,58220103,52
1,3809815283,0.882225,58239696,57
1,3965976451,0.946829,58251167,33
1,3909679859,1.004385,58256810,16
1,3185541131,0.970764,58264410,22
1,3671035591,1.105296,58269035,13
1,3713021381,0.981767,58270928,5
1,355818391,0.970764,58271776,2
1,1969351063,0.946313,58278020,18
1,2054990579,0.880563,58280571,7
1,574028947,0.973777,58293016,36
1,2311690937,1.035031,58299296,18
1,1316137111,1.004871,58300143,2
1,3524251301,0.925443,58307775,21
1,2132349683,1.000976,58315421,21
1,1292743273,1.031723,58320351,14
1,2017141963,1.006328,58337263,49
1,2605927759,0.942694,58341852,13
1,2827873861,0.986728,58345404,10
1,3129098351,1.000488,58350700,15
1,2685475733,0.952484,58374478,69
1,143139193,0.973777,58385806,33
1,881794763,0.944247,58390680,14
1,3441869531,1.017906,58391867,3
1,130069631,0.963190,58392380,1
1,4288789657,1.023646,58401440,26
1,2290714931,0.971267,58414338,36
1,2624732927,0.927551,58428375,41
1,1421088181,0.911622,58439153,31
1,2120367049,0.925971,58440680,4
1,2470095629,0.897044,58453393,37
1,3470075353,1.159624,58454242,2
1,1805431907,0.940101,58455435,3
1,1905060187,0.947859,58456968,4
1,4774379,0.973276,58479602,66
1,2085115009,0.787475,58484186,13
1,374111723,0.942694,58508195,70
1,2734102993,0.973777,58511752,10
1,1642669123,0.969254,58515758,10
1,3975046343,0.986728,58535977,59
1,4013025209,0.971267,58545688,28
1,1198906733,1.006328,58547227,4
1,655846021,1.004385,58549776,7
1,2045355619,0.950432,58551631,5
1,4195045963,0.964203,58558658,20
1,3188246077,0.973777,58560178,4
1,2359055603,0.958107,58576668,48
1,977727917,0.978280,58589361,37
1,3931839421,0.938021,58595974,19
1,1607252069,0.906789,58605688,28
1,1948507063,0.946313,58621874,44
1,1964706787,0.876115,58631199,27
1,3785515663,1.035974,58649115,52
1,3411167393,0.880008,58650301,3
1,1466362697,0.940101,58654516,12
1,3794644129,1.004871,58659819,15
1,4082486833,0.914830,58667530,22
1,4168546493,0.946313,58678271,31
1,2599533641,0.908403,58680495,6
1,1108444567,0.880563,58697969,51
1,3988850017,0.988706,58705936,23
1,626352269,1.043020,58707125,3
1,2890966283,1.000000,58735033,80
1,3525318983,0.944247,58735888,2
1,3049355789,1.023646,58738752,8
1,3539195801,0.975280,58745008,18
1,4027887797,0.950432,58758394,39
1,1931615533,0.920152,58765732,21
1,4290122167,0.938541,58775374,28
1,2487976567,1.002438,58796369,61
1,3669455773,0.888841,58804005,22
1,584664919,1.008751,58813090,26
1,3185899337,0.913227,58822190,25
1,4082149333,0.947859,58824073,5
1,3781148951,0.944247,58831741,22
1,1622582849,0.880008,58832603,2
1,1775658257,0.981767,58834806,6
1,3337749977,1.000976,58835647,2
1,550752821,0.946313,58841928,18
1,2890220953,0.972774,58856166,41
1,2870949461,1.007782,2997854,4
1,2616058463,0.973777,2999086,3
1,3561106999,1.154137,3000298,3
1,654839827,0.940101,3004877,13
1,3932692339,1.064337,3011244,18
1,266490547,0.941657,3015131,11
1,1318012889,0.941657,3050087,102
1,2254751761,1.039268,3056012,17
1,3302705519,1.008267,3058214,6
1,2652479341,1.012133,3060759,7
1,4179302671,0.963190,3071657,30
1,3983189503,1.017906,3074887,9
1,3074384711,1.061581,3078785,11
1,4060187371,0.913227,3079978,3
1,685922467,0.950945,3085966,17
1,595173311,1.018386,3091949,17
1,3029964661,0.978779,3098614,19
1,3836750549,1.000976,3099130,1
1,3581902427,1.002438,3100657,4
1,3569311799,0.969758,3105627,14
1,2358882269,0.978779,3115745,29
1,73098353,1.001951,3120647,14
1,944253269,0.947859,3139750,56
1,741643871,1.004385,3143286,10
1,568595647,0.968750,3155127,34
1,1352140499,1.067086,3155638,1
1,3202513591,1.025076,3163986,24
1,3601227433,1.000976,3186611,65
1,277577143,0.945797,3203517,49
1,2588216303,1.106621,3210804,21
1,1734835537,0.983258,3213676,8
1,2613551641,1.031250,3216901,9
1,3569742119,0.940101,3239283,65
1,3262428137,1.035974,3259932,60
1,1654540333,0.913227,3260783,2
1,1295644451,0.983258,3264778,11
1,138684563,1.071652,3266980,6
1,1928986757,0.942694,3269806,7
1,393899617,0.911622,3271011,3
1,4208652997,0.884988,3271882,2
1,322107859,1.000488,3274431,7
1,2394407627,1.012133,3304669,88
1,287881171,0.981767,3306205,4
1,622271543,0.947859,3311466,15
1,3262932703,0.958107,3320219,25
1,4136359727,0.936979,3332676,36
1,3379502221,1.050019,3334272,4
1,2535753067,1.000976,3342634,24
1,1838579849,1.031250,3344163,4
1,2605331059,0.946313,3361641,51
1,335899441,0.970764,3374088,35
1,783421073,0.969758,3394335,59
1,1197474533,0.970764,3396192,5
1,1194169411,0.976781,3397374,3
1,408315137,1.084785,3400922,10
1,1496403331,0.919621,3404806,11
1,134855821,1.000488,3416522,34
1,297617917,0.919621,3426560,29
1,1252450253,0.969758,3443353,49
1,2870214569,1.002438,3453324,29
1,3982963351,0.941657,3454915,4
1,1814066231,0.952484,3455431,1
1,735727847,0.971267,3458301,8
1,821736269,0.977281,3464242,17
1,1408947733,0.987223,3475263,31
1,3441535703,0.981767,3489109,38
1,847189361,0.942694,3490314,3
1,2673424321,0.987223,3491842,4
1,269727191,0.947859,3504954,38
1,992688379,0.908403,3506840,5
1,3518373823,0.946829,3514805,23
1,652701073,0.952484,3520845,17
1,4183334647,0.973777,3531881,32
1,104961737,0.973777,3533818,5
1,822028531,0.914830,3534651,2
1,623621503,0.908940,3546104,33
1,794103467,0.986728,3547021,2
1,2864977097,1.001951,3547530,1
1,4175845181,1.043020,3558884,33
1,2215560541,0.975280,3566960,23
1,2024780003,1.048157,3567469,1
1,1628097227,0.891036,3574125,19
1,1192635277,1.067086,3580926,18
1,1132499773,1.002438,3584252,9
1,4012886347,0.911622,3585093,2
1,2560945073,0.946313,3585957,2
1,2460452149,0.938541,3591217,15
1,3365112749,1.061581,3604642,39
1,1524667379,0.901929,3611920,21
1,3677414203,0.940101,3635603,69
1,247685899,1.035031,3638493,8
1,661428217,0.920152,3652361,40
1,2828745851,0.879453,3671309,55
1,2466768923,0.968750,3680609,26
1,372718891,0.971267,3681140,1
1,1672044433,0.914830,3685759,13
1,1068358339,1.032669,3703336,51
1,1228194841,0.908940,3707913,13
1,61037909,1.001951,3721693,40
1,1586621039,1.008751,3723207,4
1,38895559,0.986728,3728240,14
1,3891124789,0.942694,3733464,15
1,2835957359,0.973777,3738927,15
1,10731907,0.977281,3742144,9
1,3465285413,0.972774,3760573,54
1,2377278719,0.911086,3774314,40
1,2543991271,0.950945,3775512,3
1,4125167359,0.913227,3777729,6
1,1651307143,1.035031,3781885,11
1,2744620159,0.981767,3805011,67
1,1832457919,1.033142,3807558,7
1,2334100211,0.973777,3812879,15
1,649714451,1.017426,3824347,33
1,796761743,1.000000,3826605,6
1,3813801773,0.973777,3831239,13
1,755452469,0.946313,3834190,8
1,2030286757,0.942176,3848965,43
1,3672076501,0.987223,3854565,16
1,1573185007,1.000976,3855420,2
1,3289286647,1.035974,3870284,43
1,2323641641,0.899761,3872491,6
1,2545566853,0.973276,3875385,8
1,3844873213,0.970764,3888104,35
1,1905675881,0.869402,3888969,2
1,694027031,0.977281,3893554,13
1,3105731701,0.938541,3906641,38
1,4207026809,0.969254,3909874,9
1,3207729071,0.938021,3917895,23
1,3983256253,1.007782,3923484,16
1,2885982377,0.930180,3924010,1
1,750841549,0.942176,3933424,27
1,1227124361,1.006328,3947240,40
1,2480578081,0.906789,3949431,6
1,1994787299,1.017906,3960688,32
1,1280979787,1.039268,3969020,24
1,1022884871,1.021736,3970934,5
1,4019610703,0.975280,3976577,16
1,908449957,1.004871,4002193,73
1,3834352903,0.916963,4005477,9
1,3761699969,0.977281,4015144,28
1,2246507371,0.969254,4023479,24
1,3159856867,0.908403,4041644,53
1,211853377,1.038798,4043859,6
1,115424773,0.969758,4044342,1
1,97694579,0.956066,4048228,11
1,3479189167,0.969254,4050428,6
1,977236021,0.969254,4053305,8
1,3327325361,0.940101,4054153,2
1,3882922741,0.969758,4062181,23
1,2729490653,0.911622,4067108,14
1,236450411,0.942176,4067963,2
1,2615026949,1.004385,4075974,23
1,2213535581,0.973777,4078532,7
1,2096305709,1.052341,4095066,47
1,682367839,1.017426,4103379,24
1,414881081,1.004871,4114747,33
1,1279531769,1.043020,4120989,18
1,832208549,1.000976,4125222,12
1,2991662623,1.001951,4131480,18
1,3501768691,0.968750,4143218,34
1,1188544457,0.956577,4147866,13
1,2356995469,1.048623,4152858,14
1,2370198349,1.004385,4166617,40
1,2794443863,0.970261,4178073,33
1,256625711,1.037387,4187092,26
1,1341779029,0.844329,4190642,10
1,3534876703,1.001951,4201774,31
1,2661206531,0.908403,4211873,29
1,1290165001,0.977281,4225702,40
1,3766862633,1.037387,4228976,9
1,1635128389,1.104854,4245450,48
1,442108339,0.987223,4245956,1
1,563905379,0.956066,4259936,40
1,2666229893,0.950432,4268237,24
1,2956546969,0.975280,4271786,10
1,1522978543,0.995105,4281123,27
1,2786924477,0.942694,4286436,15
1,1037012791,0.940101,4290046,10
1,3600987553,0.975280,4290572,1
1,967002467,1.008751,4302736,34
1,4030121987,0.880563,4314173,33
1,2055372133,0.985738,4316773,7
1,492810187,0.973777,4319645,8
1,2636556499,1.012616,4326295,19
1,1516307003,0.919621,4329183,8
1,3368141059,1.004385,4334783,16
1,3486354701,1.004871,4338041,9
1,1069972381,1.039268,4346033,23
1,231983047,0.972774,4346551,1
1,2972812879,0.950945,4347397,2
1,823927301,0.914830,4353646,18
1,1756219513,1.040677,4355506,5
1,1072425401,1.080726,4365928,30
1,1192891363,0.972774,4367123,3
1,4069147109,1.038328,4373861,19
1,2096369461,0.981767,4379171,15
1,114560707,0.940101,4382408,9
1,1375500173,0.942176,4387294,14
1,423935101,1.037387,4416726,85
1,3939484181,0.849517,4417575,2
1,1258927357,1.044891,4420451,8
1,2271067651,1.050483,4433834,39
1,1336186711,1.032197,4436783,8
1,1577163569,0.976781,4439321,7
1,1759504661,1.006328,4440505,3
1,1815057841,0.880563,4445096,13
1,3837882911,0.953509,4489090,129
1,3293300947,0.877786,4503756,39
1,4094095219,0.986728,4504957,3
1,575983897,0.910550,4511238,18
1,3177585337,1.044891,4512412,3
1,2445275689,0.971267,4517082,13
1,804359729,0.886090,4523676,19
1,1612512299,1.067086,4524536,2
1,2458566679,1.004385,4536087,33
1,2279771939,1.019344,4539070,8
1,2939737211,1.012616,4547139,23
1,250558267,1.078012,4553124,17
1,2956713509,1.005357,4559392,18
1,4019175931,0.969254,4561935,7
1,3256152541,0.969758,4563477,4
1,2274019091,1.062959,4581790,53
1,3192036137,0.971267,4595286,39
1,3916884617,0.963190,4611823,47
1,609747581,0.978779,4622535,31
1,3816203563,0.973777,4629461,20
1,4113487699,1.056047,4634369,14
1,2702612873,1.000488,4636635,6
1,2929303613,0.973777,4649308,37
1,2467058381,0.997556,4651857,7
1,2558063773,0.963190,4653100,3
1,3084392447,1.014061,4658741,16
1,131134313,0.975280,4659264,1
1,340855337,1.006328,4673397,41
1,2953915859,1.001951,4688837,45
1,1888632457,0.988706,4696454,22
1,1053816667,0.950432,4706991,29
1,1819294063,1.005357,4709889,8
1,2879397271,0.977281,4713108,9
1,548026363,0.971267,4717741,13
1,994462943,1.024123,4725345,22
1,1561335661,0.976781,4733352,23
1,4271202307,1.043488,4742647,27
1,1886190533,0.854103,4765007,65
1,3322610183,1.062959,4765860,2
1,752314399,0.906789,4767725,5
1,1424029513,0.927551,4789026,62
1,3117270217,0.973276,4795635,19
1,1810177331,1.002438,4818981,67
1,3746089673,1.039268,4820868,5
1,3313621117,1.054659,4824829,11
1,559605577,0.946829,4827716,8
1,4269039139,1.033142,4829232,4
1,2261426879,1.025552,4829749,1
1,2568259457,0.969758,4833017,9
1,817772387,1.040677,4846519,39
1,1781900761,0.875558,4848051,4
1,1516901761,1.066628,4851938,11
1,2771119873,0.913227,4856527,13
1,522982319,1.024123,4868334,34
1,3365115449,1.043488,4870254,5
1,3600847949,1.085235,4878934,25
1,857842673,0.977281,4882487,10
1,3853547527,0.911622,4897673,44
1,3547280017,1.003899,4901230,10
1,3011823869,1.008267,4904513,9
1,23137589,0.987223,4923618,55
1,2233225759,0.983258,4932574,26
1,596602961,0.950432,4933082,1
1,3710541173,0.942694,4935338,6
1,3383052203,0.880563,4943679,24
1,3968819669,1.014061,4950994,21
1,280074499,0.937500,4954558,10
1,228160291,1.035031,4958838,12
1,663959993,0.841432,4961368,7
1,1000195981,0.975280,4962555,3
1,1596263159,0.986728,4963751,3
1,281517619,1.071652,4966295,7
1,2177361971,1.067086,4966801,1
1,3375925087,1.017426,4967311,1
1,722894869,0.988706,4975607,24
1,3481737613,1.035974,4976104,1
1,477029227,0.927551,4985762,28
1,1282021619,1.038798,5029839,128
1,3441212737,1.066628,5033403,10
1,3838673519,1.032197,5047511,41
1,401253299,1.038798,5053166,16
1,32784071,0.969254,5056107,8
1,3941344273,1.021736,5067435,33
1,2970280457,0.938021,5067939,1
1,4069520099,1.054659,5069116,3
1,1319746031,0.914830,5074028,14
1,3131135269,1.017906,5088170,41
1,1016457817,1.003899,5110125,64
1,3328460381,1.054196,5112004,5
1,3866623883,0.962683,5125769,39
1,709491067,0.958616,5132433,19
1,2785952437,0.980772,5132946,1
1,296468747,1.003899,5141576,25
1,3831202171,1.002438,5152954,33
1,1325299709,0.938021,5166879,40
1,1384499107,0.952484,5184004,50
1,1149170623,1.033142,5185877,5
1,3567569749,0.940101,5194683,25
1,922898387,1.015505,5196890,6
1,3009934247,0.958107,5200516,10
1,2035318937,0.937500,5201375,2
1,2361378473,0.973777,5227659,75
1,1212362443,0.973276,5228867,3
1,2216113597,0.956577,5231458,7
1,4162461503,0.908940,5235025,10
1,2937971203,0.946313,5235541,1
1,1671182567,0.977281,5237135,4
1,3834145619,1.063419,5243822,19
1,3128226239,1.006813,5248050,12
1,1616769463,0.971267,5255724,22
1,2043639163,0.969254,5281323,75
1,3482798461,0.981767,5295439,41
1,699967679,1.043020,5298654,9
1,3581482511,0.976781,5302216,10
1,626231383,0.983258,5309506,21
1,2731478147,1.035503,5327505,51
1,4183590713,0.981270,5335802,24
1,1051487891,1.012133,5340768,14
1,703780751,1.031250,5358604,52
1,717388279,0.950432,5366920,24
1,1576783237,1.012616,5374913,23
1,2801154647,0.920152,5376785,5
1,1142831857,1.000976,5380683,11
1,3210553267,1.004385,5383590,8
1,12353521,0.950945,5395278,34
1,1659278807,1.031250,5397802,7
1,51244873,1.032669,5401024,9
1,1767138649,1.054659,5408619,22
1,1889913973,1.003899,5417985,27
1,3109725607,1.002438,5423055,13
1,50648111,1.001951,5431706,25
1,38236507,0.940101,5444168,36
1,1086584039,0.889391,5448793,13
1,2069949961,1.009235,5449305,1
1,559530847,1.002438,5470227,61
1,1910228311,1.004385,5474138,11
1,674329039,1.032669,5491953,52
1,2328877249,0.944247,5494216,6
1,1828539409,0.985738,5495080,2
1,1044699839,1.004385,5501002,17
1,2518821199,0.971267,5502538,4
1,2837050043,1.043020,5504399,5
1,3770171749,1.002438,5512002,22
1,3175421059,1.067086,5512851,2
1,2771661259,0.963190,5516475,10
1,1244826929,0.987223,5530098,36
1,3539811047,0.889391,5530617,1
1,2343348433,0.987223,5533178,7
1,1778675749,0.972774,5539452,18
1,3726613831,1.008267,5542314,8
1,3749505919,0.976781,5551680,27
1,1000135739,1.039268,5552209,1
1,3348106501,0.940101,5566428,41
1,4271141419,1.021736,5569749,9
1,2564046497,1.032669,5572005,6
1,2793484963,1.035974,5573194,3
1,860424293,0.911622,5576755,10
1,3536300617,0.925443,5578603,5
1,1238496977,0.947859,5589264,31
1,1563483703,0.947859,5612897,69
1,2892892439,0.986728,5628243,43
1,636504637,0.969758,5652305,70
1,92031227,1.012133,5662283,29
1,3490152973,1.038798,5688905,78
1,3614513011,0.908403,5699631,31
1,1268761691,0.946313,5703272,10
1,3660508183,0.971267,5713602,30
1,2943182747,0.818488,5715130,4
1,4214507861,1.009718,5729642,41
1,2297496041,1.012133,5735965,18
1,1438812043,0.973777,5737829,5
1,4009071329,1.027930,5738676,2
1,909029411,0.976781,5743241,13
1,396183863,0.971267,5744421,3
1,844014551,0.973777,5749386,14
1,1106693711,0.977281,5752268,8
1,1658676907,1.003899,5762978,31
1,2976140617,0.851240,5767563,13
1,1090216667,0.851240,5773554,17
1,4252692097,0.914830,5777111,10
1,3564025781,1.001951,5779320,6
1,383489303,1.068458,5784576,15
1,1316802089,1.002438,5786096,4
1,187640813,0.910550,5793022,20
1,2907017473,0.993141,5795891,8
1,1081178347,0.971267,5797751,5
1,2954838643,0.970764,5809462,34
1,3877553857,0.971267,5809978,1
1,333103073,1.067086,5817353,21
1,2692127257,0.973777,5826761,27
1,764214167,1.024123,5836120,26
1,2716551371,0.889391,5847881,34
1,3281969737,0.884436,5850087,6
1,2816551357,0.908940,5875539,74
1,2283319481,0.973777,5877755,6
1,1781037889,0.975280,5880627,8
1,3478254331,0.938021,5898451,52
1,474841453,0.907327,5900657,6
1,2853142937,0.940620,5903925,9
1,1143682387,0.895409,5905159,3
1,319237873,1.043488,5906349,3
1,77394887,0.914830,5909221,8
1,1442326051,0.882225,5913779,13
1,3725751349,0.942694,5939541,74
1,4042039019,0.934370,5947509,23
1,428446649,1.000976,5952099,13
1,2978613697,1.099094,5957422,15
1,370183249,0.904092,5958987,4
1,1606687961,1.000488,5962241,9
1,3881175689,0.986728,5967880,16
1,3609818633,1.031723,5968730,2
1,2082586817,1.055584,5970585,5
1,2743712353,0.956577,5981644,32
1,2920525103,0.981270,5987330,16
1,4288000609,0.907327,5988181,2
1,3133380989,0.938541,6001065,37
1,3459560371,0.913227,6003952,8
1,885832627,1.008267,6006174,6
1,175481521,0.977281,6025006,55
1,836143939,0.940101,6025850,2
1,3207268643,0.981767,6028733,8
1,1480089011,1.035031,6033683,14
1,2121607049,1.019344,6035514,4
1,2042192137,1.008267,6038577,8
1,2571342097,0.981270,6042810,12
1,4023326707,0.968750,6049736,20
1,135673519,1.017426,6055654,17
1,3327579889,0.971267,6056836,3
1,1340550773,0.950432,6075045,53
1,4044600517,0.986728,6084762,28
1,3436473283,0.937500,6087969,9
1,3539734739,1.054659,6092562,13
1,3713852543,1.002438,6100871,24
1,2575524187,0.973777,6109906,26
1,1332001577,1.035974,6111426,4
1,676437389,1.095980,6114751,9
1,2700696239,0.952484,6117671,8
1,2892761189,0.983258,6119205,4
1,3427557479,1.043020,6122772,10
1,2452213087,0.983258,6127006,12
1,2585771057,0.892679,6127856,2
1,516068207,0.920152,6129050,3
1,3265141211,0.879453,6132257,9
1,2610271753,1.039268,6142008,27
1,54207929,1.007782,6142859,2
1,4290747701,0.977281,6161751,55
1,3965938307,0.911622,6176264,42
1,372532217,0.942694,6193355,50
1,2219011339,0.985738,6196901,10
1,4119901987,0.827388,6201462,13
1,2493421201,0.981767,6202994,4
1,1865919037,0.911622,6210650,22
1,2870626729,0.884436,6214565,11
1,572081113,0.971267,6215411,2
1,1335323279,0.884436,6220985,16
1,2409394961,0.877786,6222868,5
1,3129041807,1.002438,6231619,25
1,1062950533,0.973777,6256321,71
1,99878693,0.981270,6265689,27
1,4294556879,0.947859,6269920,12
1,343219237,1.035031,6278284,24
1,4232726783,1.007782,6287311,26
1,882259331,0.852959,6289528,6
1,1645962883,0.901929,6292073,7
1,1594188941,1.000488,6306217,41
1,1587656173,0.907327,6307455,3
1,3652079063,0.969758,6318802,33
1,92552377,0.920152,6319659,2
1,3436794241,0.942694,6323601,11
1,873778649,0.950945,6324442,2
1,125496589,0.925971,6334449,29
1,945882683,1.004385,6337652,9
1,2018238773,1.068458,6342233,12
1,663655913,0.942694,6347973,16
1,1175503997,0.981767,6358693,31
1,3958283653,1.048623,6365067,18
1,1722308677,0.970261,6365591,1
1,3994691641,0.945797,6366433,2
1,380022151,1.052341,6369975,10
1,2200500671,1.040677,6370481,1
1,2509326343,1.035974,6373707,9
1,2978959999,0.947859,6377582,11
1,2472953099,0.971267,6378436,2
1,1093796597,0.889391,6392538,41
1,2539298779,1.008751,6396487,11
1,666324301,0.906250,6399048,7
1,3301262047,0.888841,6406304,21
1,1154469907,0.911622,6407488,3
1,466250989,1.085235,6415186,22
1,2362085743,0.911622,6417060,5
1,471926867,0.969758,6430096,38
1,3309218183,0.942694,6435029,14
1,3792790741,0.913227,6435879,2
1,1431206177,1.013098,6442478,19
1,3877963021,0.948374,6457714,43
1,3143309369,0.893772,6475577,52
1,793349173,1.012616,6476086,1
1,2959779001,0.941657,6497280,62
1,1280987473,1.033142,6509083,34
1,1481738369,0.973777,6512301,9
1,3489712739,1.014061,6514492,6
1,4128173363,1.044891,6522857,24
1,446801309,1.099538,6551355,80
1,3960222781,0.963190,6558344,20
1,678979141,0.993632,6565671,21
1,2302006741,0.908403,6567194,4
1,1830150809,0.950945,6580005,37
1,1419901669,0.981270,6583906,11
1,2622031267,0.977281,6604466,60
1,4084318783,0.884436,6613145,25
1,2810028281,1.037387,6613669,1
1,3946689661,0.908940,6622695,26
1,1160401201,0.960652,6650510,80
1,3801192449,1.066170,6661931,33
1,4015755937,1.002438,6668528,19
1,3723229981,1.032197,6676857,24
1,750175891,0.995105,6678401,4
1,3896888101,1.043020,6683983,16
1,3054297361,0.844329,6687888,11
1,3089811617,0.973777,6690763,8
1,2607950503,1.006328,6697757,20
1,50481569,1.008267,6698606,2
1,3755598289,0.908403,6708363,28
1,42793633,0.956577,6715641,21
1,3581379169,0.924387,6726650,32
1,2540504389,0.920152,6735666,26
1,3810157223,0.981270,6738934,9
1,1411613237,1.002438,6742159,9
1,3949150633,0.940101,6747086,14
1,2485394869,1.025552,6747600,1
1,258946739,0.925971,6759119,32
1,3409047751,0.984747,6762687,10
1,3371302591,0.846639,6766578,11
1,2754667379,1.008267,6769127,7
1,3432552169,0.888841,6771665,7
1,4293294023,0.942694,6772856,3
1,3738641707,0.908940,6777115,12
1,1676191523,0.947859,6784803,22
1,402271139,0.906789,6803264,54
1,372329761,0.942694,6805123,5
1,270688303,0.906789,6816844,34
1,1055290087,0.919621,6817338,1
1,3766407457,1.038798,6822263,14
1,3071950579,0.969254,6822770,1
1,961314859,0.969758,6837652,43
1,3236484481,0.949404,6854565,48
1,461965159,1.048157,6862409,22
1,1877008559,0.986728,6883001,60
1,3774583789,0.915364,6889605,19
1,460211537,1.004871,6896282,19
1,44638597,1.001951,6902901,19
1,1908047287,0.938541,6904069,3
1,384390499,1.070284,6907650,10
1,906665393,0.968750,6909521,5
1,873638933,1.004385,6915217,16
1,61706857,1.009718,6917077,5
1,3694995173,1.004871,6917914,2
1,719781851,0.937500,6925238,21
1,4136193767,0.946313,6927108,5
1,4100741503,0.973777,6949085,64
1,400679303,0.956577,6955406,18
1,2087302157,0.969254,6972082,47
1,821454617,0.927551,6972942,2
1,1822620911,1.035974,6978880,17
1,28888007,0.981270,6989988,32
1,2197701601,1.000488,6998317,24
1,2252127281,1.017906,7003617,15
1,4128785293,0.973777,7016121,36
1,374534389,0.942694,7018658,7
1,1679954489,1.031723,7027292,25
1,2436124963,1.054659,7052642,74
1,1097790973,1.008267,7055185,7
1,2999708143,1.002438,7071015,45
1,3245972491,0.906789,7072894,5
1,1837842637,0.947859,7073404,1
1,581646739,0.942694,7076953,10
1,2258166583,1.009718,7089018,35
1,1728073583,0.946313,7097013,23
1,1836362807,1.012616,7101921,14
1,3008845363,0.956066,7103448,4
1,112327499,0.945797,7110372,20
1,3813070453,0.973276,7123129,37
1,3272218613,1.031250,7145636,66
1,4129185911,1.017906,7164054,53
1,150799499,0.911086,7169361,15
1,1148203261,1.066628,7175645,18
1,361643071,1.070284,7177858,6
1,115354597,0.934370,7182441,13
1,4258741783,1.154137,7184626,6
1,1699018159,1.014061,7193660,26
1,186657353,1.035031,7194176,1
1,461375933,0.942694,7205233,32
1,1065487783,1.031723,7213525,24
1,4024652719,0.920152,7218777,15
1,3600134843,0.971267,7223356,13
1,523227091,1.002438,7234929,33
1,1709291869,1.009718,7236459,4
1,464257121,1.000488,7236981,1
1,2736510113,0.954021,7262622,75
1,950569129,0.915364,7270947,23
1,2464261937,0.969254,7273882,8
1,880709419,0.944247,7281892,23
1,2192988449,1.037387,7285512,10
1,1130981881,1.035503,7286011,1
1,294640559,1.033615,7291636,16
1,1732720897,1.001951,7332696,120
1,4279359979,1.000488,7334554,5
1,3360595697,1.039268,7342858,24
1,34880459,0.913227,7350879,23
1,1852014877,0.997556,7361341,30
1,844347877,0.970764,7381765,58
1,503058817,0.844907,7387007,15
1,3072681559,1.002438,7389596,7
1,2586146663,0.993141,7392483,8
1,1232571913,0.981270,7399483,20
1,2785729007,0.973777,7406087,19
1,3818121413,0.938541,7414093,23
1,910790537,0.970764,7420688,19
1,2991706723,0.946313,7430827,29
1,3739582997,1.067086,7441864,32
1,849486791,0.982762,7448809,20
1,1924874647,1.017426,7453542,13
1,3829841441,0.897044,7454749,3
1,1995881893,0.942176,7459301,13
1,3044493757,0.950945,7473825,41
1,3277597319,1.012616,7475756,5
1,3277424467,1.001951,7484705,26
1,2798334251,1.017906,7485216,1
1,1229256397,1.003899,7498949,40
1,2642507711,0.913227,7501162,6
1,2964197083,0.972774,7506770,16
1,1764336407,1.004871,7507282,1
1,2677868737,0.864332,7507791,1
1,1779669481,1.000488,7523889,47
1,624437509,0.925971,7532526,25
1,758973797,1.111903,7538213,16
1,1974904187,0.977780,7541829,10
1,2226192821,0.976781,7544774,8
1,172388141,1.000976,7550746,17
1,2335176601,0.938021,7562148,33
1,4081426577,1.003899,7565720,10
1,4195199059,1.000488,7587753,61
1,2559981059,0.938541,7599162,33
1,2766183437,0.950432,7601078,5
1,2465059741,0.971267,7614504,39
1,120272623,1.012616,7620461,17
1,3443915401,0.877786,7624355,11
1,593862497,1.025552,7625880,4
1,1593613513,0.971267,7632144,18
1,3000874873,1.004871,7637113,14
1,3484275643,1.035503,7637640,1
1,4245214033,0.942176,7649367,34
1,455026493,1.035503,7652590,9
1,578204437,1.037387,7661571,26
1,3627488027,0.921743,7668920,21
1,602460829,0.942176,7673822,13
1,834055259,0.950432,7681584,22
1,338396671,0.973777,7696771,44
1,1493447447,1.035974,7701688,14
1,328165573,0.920152,7715021,39
1,851054927,0.946313,7721265,18
1,4206250201,0.973276,7725907,13
1,1679064679,0.997556,7735231,27
1,2986638427,0.975280,7736417,3
1,2909288953,0.969758,7739627,9
1,2410491077,0.911086,7745923,18
1,1951473569,1.074382,7747785,5
1,1219002689,0.950945,7748292,1
1,281574409,0.977281,7759338,32
1,2079975137,1.035503,7761531,6
1,2823700849,0.945797,7781054,56
1,2083658041,0.971267,7786619,16
1,2263038523,1.017906,7794302,22
1,2827403609,1.015505,7801994,22
1,4097211499,1.035974,7805987,11
1,3122863633,1.004385,7806511,1
1,4083848599,0.978779,7812505,17
1,1608803257,0.975280,7826927,42
1,251424623,1.056047,7830840,11
1,2011618207,0.993632,7831691,2
1,1457082007,0.950432,7834242,7
1,2050859917,0.981767,7840177,17
1,145193351,0.872205,7849177,26
1,1208920861,0.907327,7850026,2
1,297177533,0.968750,7851544,4
1,3396345571,0.973777,7856110,13
1,87273211,1.012616,7879041,66
1,3795369997,0.981767,7880259,3
1,2657494559,1.001951,7882108,5
1,2377225423,0.920152,7889492,21
1,167045201,0.950945,7890012,1
1,305476957,0.955044,7898339,24
1,538133509,0.907327,7906751,24
1,1687427471,1.079370,7907242,1
1,3104749667,1.063419,7911793,13
