agent_id,prime,g,timestamp_us,checked_since
0,13392419,0.995105,0,40
0,521790187,1.031250,1210,7
0,1481463119,0.867152,2436,11
0,322334057,0.730208,6363,50
0,258191299,0.944247,7428,9
0,226015717,0.889391,8488,9
0,4210379207,0.911086,9423,7
0,1337546291,0.727528,10221,5
0,3527009723,0.836193,11093,6
0,3073813079,0.824432,11958,6
0,2377935023,0.877229,13036,9
0,3000804857,1.035974,19970,93
0,3010363193,0.876115,21053,9
0,751478423,0.940101,24153,38
0,1363200599,1.048157,25083,7
0,1236885623,0.950945,25594,1
0,532372921,1.039268,32607,94
0,713629801,0.987223,33181,2
0,2927548777,0.805862,42010,120
0,1409271371,0.902471,42883,6
0,2110683049,1.033615,45439,24
0,999330301,1.000976,47355,21
0,533609033,0.906789,47861,1
0,388784687,1.160465,51383,42
0,1645849687,0.725512,52044,3
0,1480665619,0.942694,53332,12
0,2762552147,0.906250,54049,4
0,117557773,0.993632,54753,4
0,412641947,0.875558,56943,25
0,3435448297,0.921213,58364,14
0,4282031543,0.753248,58958,2
0,1817329883,0.910550,59472,1
0,650190253,0.817294,60125,3
0,1695796829,0.945797,60638,1
0,3436232237,0.872205,68732,110
0,3115930421,1.000976,71204,29
0,3138145613,0.973777,73952,33
0,991871329,0.851240,75715,19
0,26489459,1.012616,77182,15
0,2315654837,1.017906,77826,3
0,1743493901,0.976781,79522,18
0,2135377241,1.032197,84509,65
0,4122673081,0.984747,85868,13
0,407529281,0.791804,87144,12
0,3514762129,0.786234,88144,8
0,1613265769,0.864897,88720,2
0,1010216257,1.062959,90543,20
0,2605742339,0.882225,91264,4
0,2996331803,0.822653,91843,2
0,1617836357,0.973276,94867,33
0,2204014313,0.895409,95601,4
0,1036558801,1.035974,97997,13
0,2344506509,1.000488,98805,2
0,2989126561,0.969758,101477,32
0,2409503113,0.950432,103035,16
0,1728155381,1.068458,103829,5
0,3544783873,1.017906,104962,10
0,3137162141,0.893772,108212,40
0,2754860359,1.004871,110197,22
0,2637818591,0.908403,113651,43
0,4192960627,0.946313,115292,17
0,3915202259,1.068458,115949,3
0,2863295879,0.958107,116608,3
0,2449760983,1.063419,118863,26
0,1689044923,0.950945,122197,41
0,991139087,1.000976,123053,6
0,933876421,1.032197,124271,11
0,3320912239,1.086134,126808,30
0,822379903,0.978779,127381,2
0,4205870167,0.906789,128113,4
0,2168533051,0.883883,130148,23
0,3000108961,0.844329,131145,8
0,2792615053,1.125000,131728,2
0,2841663113,0.925971,138014,84
0,2199745907,1.178419,139991,22
0,1503727229,0.916963,145459,72
0,815360963,0.875558,146313,6
0,2996633041,0.888841,148211,14
0,424743731,0.911622,152995,62
0,395803427,1.033615,153709,1
0,4103350171,0.973276,157571,49
0,1748533771,1.000976,158905,13
0,1720119119,0.925971,159839,7
0,2165205113,0.907327,162018,25
0,357860719,0.858664,164543,30
0,190926121,1.079370,166297,19
0,1823955563,0.947859,171067,62
0,223795241,0.969758,172266,11
0,4287324953,0.913227,175646,42
0,1584753827,0.973276,178250,31
0,1215672371,1.198143,179938,18
0,1986031469,0.946829,180869,7
0,912583033,0.804043,184242,42
0,2530289383,0.925443,184824,2
0,3818129839,0.833854,185963,10
0,2626280443,1.012616,187044,9
0,206156299,0.848367,189914,35
0,1033931291,0.942694,191119,11
0,3391811851,1.115411,192045,7
0,225295139,0.969254,194727,32
0,4264282279,0.817891,199940,51
0,336461269,1.093303,200848,4
0,2213998817,1.250781,201915,9
0,3140889203,0.701561,204051,24
0,1102377629,0.973276,205272,11
0,3921508273,0.789333,207607,27
0,1161171611,0.975280,210977,42
0,1227494669,1.066170,211486,1
0,892582333,0.941657,215011,44
0,2478777923,0.900304,218344,41
0,898461527,1.220752,221432,38
0,1673855231,1.038798,224450,37
0,432065657,1.140946,225095,3
0,68073769,1.055584,225724,3
0,3275286437,0.818488,226725,8
0,2255695259,0.748697,227799,9
0,822792881,0.877786,230523,33
0,258638951,0.883883,231518,8
0,4073220469,1.078012,232516,8
0,663235987,0.875558,233022,1
0,3298122071,1.060660,234018,8
0,3081932591,1.061581,234816,5
0,3522014269,1.066628,240148,70
0,2922791549,0.902471,241215,9
0,3431472623,0.927551,242213,8
0,3459165461,0.891036,242726,1
0,1801667377,1.029354,249492,91
0,2219529043,0.858096,251789,24
0,3721369711,0.928078,254546,33
0,2067687913,0.768648,257600,35
0,575733887,0.822653,260480,35
0,3902192543,0.818488,262399,21
0,1514891351,0.919621,266599,54
0,3069178367,0.945797,270141,44
0,4086291971,0.801000,272047,21
0,139047253,1.035974,273391,13
0,363540701,0.820275,276624,40
0,482560781,0.973777,281317,61
0,494164679,0.942694,281895,2
0,1884167401,0.908403,286108,54
0,3648704231,0.889391,287402,12
0,3556284409,1.035974,290230,34
0,2864499193,0.877786,290955,4
0,86543921,1.099538,292153,11
0,543930533,0.938021,292867,4
0,3889382867,0.844329,293591,4
0,1868239501,0.853531,294726,10
0,3472235021,0.827388,295794,9
0,3171631531,0.879453,296373,2
0,2932395149,0.989199,298560,21
0,1945217431,1.098205,300001,14
0,1660858777,1.014061,306225,66
0,3705538679,0.988706,307960,16
0,1537246409,1.160044,309861,21
0,3915185699,1.188322,311428,16
0,3234665353,0.916963,313459,23
0,932127671,1.034559,316561,38
0,2881600643,0.942694,319129,30
0,1788014629,1.006328,319982,6
0,1318435793,0.824432,320503,1
0,341021327,1.008267,321284,5
0,1041388877,1.064795,322276,8
0,2824402619,1.068458,324201,21
0,217010483,0.693863,326030,20
0,1327504043,0.848942,328412,28
0,2211109499,0.923330,329066,3
0,1775343763,1.043020,331458,28
0,3287523649,1.065712,332239,5
0,4146458989,0.888841,335398,39
0,1745379871,0.877786,338009,31
0,1697189047,0.942176,341034,37
0,3418472719,1.039738,341543,1
0,3500001671,0.946313,342339,5
0,4152380363,1.040677,344115,19
0,2610060329,0.834439,345188,9
0,1873860983,1.040677,347260,21
0,790989497,1.162987,348200,7
0,2782938577,1.012616,350872,32
0,2642618081,0.927551,353517,27
0,252317183,0.849517,354878,13
0,2294324303,1.136229,356293,14
0,3434366567,0.969758,357711,14
0,550564633,1.081178,360803,36
0,2094686683,0.973777,362236,14
0,1139796883,1.008267,363039,5
0,3452691607,0.789333,364536,15
0,2610565939,0.924387,367761,40
0,1681202333,0.944247,368484,4
0,4286270903,0.993632,369576,9
0,1645794961,1.161307,370984,14
0,2224233971,0.858096,371710,4
0,2984255941,0.797334,374035,27
0,1876011857,0.756482,375329,12
0,1999673329,1.160465,375991,3
0,3012355663,0.813701,376929,7
0,561064169,0.752600,377430,1
0,2267787799,0.875558,378983,16
0,118503103,1.039268,383043,52
0,2025528311,1.068458,385276,25
0,2147785537,0.751301,386328,9
0,1661785481,0.897044,388864,30
0,4213665437,0.916963,390426,16
0,3231976789,0.827978,391900,15
0,2466380699,1.000488,392414,1
0,641150603,0.814900,393417,8
0,1517135813,0.907327,394152,4
0,2987388517,0.950432,402847,114
0,946044227,0.946829,405579,18
0,3951284761,1.128899,408211,21
0,3104287031,0.849517,410197,21
0,644080061,0.827388,410778,2
0,2046649967,1.135799,411793,8
0,2704309313,1.126735,413267,15
0,3294796837,0.877786,414821,16
0,874461557,1.094643,415401,2
0,1448039693,1.018386,416815,14
0,3313870621,0.823246,420941,53
0,1583461417,0.705724,421450,1
0,239397101,0.942694,425379,50
0,911220253,1.000976,425883,1
0,1756013509,0.908403,430640,62
0,1560436721,0.939581,436648,80
0,3819962789,1.160044,438265,17
0,3260242619,0.843750,439827,16
0,2906263193,0.908940,442278,29
0,3362036917,0.940101,447451,68
0,3607956857,0.961668,447960,1
0,3456993797,0.822059,449401,14
0,921112219,0.876115,450198,5
0,884756129,0.820275,453419,40
0,939756263,0.970764,454271,6
0,1820756809,1.068458,454915,3
0,2505483413,0.888841,455980,9
0,821531587,0.818488,456846,6
0,2426319341,1.064795,457707,6
0,3028570283,0.938541,458696,5
0,3440784923,1.070284,460409,18
0,2229697229,1.086584,461829,14
0,822687179,1.043488,464754,33
0,2697876581,0.973777,466599,20
0,1678123621,1.037387,467935,13
0,755577749,1.062500,471405,43
0,3892586939,0.827978,474084,32
0,2750499779,0.942694,475715,17
0,3736777283,1.007782,476230,1
0,3578527681,0.942694,478841,31
0,2723027473,0.911086,479968,10
0,2784747353,0.908403,481547,16
0,1779177277,1.033615,483318,19
0,1557288917,0.888841,484042,4
0,2837051099,1.082983,485817,19
0,1332172081,0.919621,487656,20
0,669547027,0.888841,488173,1
0,4149670453,0.968750,490732,30
0,2020316611,0.877786,491526,5
0,567328501,0.956066,493501,22
0,2339517953,1.126735,494279,5
0,1814856691,0.920152,495413,10
0,3327502501,0.972774,497736,27
0,3242277733,1.004871,499352,17
0,219649561,0.940101,500337,8
0,529960747,0.920152,501271,7
0,324268793,0.824432,503694,24
0,2422678261,0.978779,507180,27
0,4135732691,0.886090,508081,4
0,3842607611,0.942694,511397,41
0,3573496429,0.818488,512134,4
0,1681187867,0.916963,513339,11
0,2312521669,0.950945,514843,15
0,2586678013,1.064795,515497,3
0,1611659263,0.773082,523562,109
0,2764592297,1.031250,525193,17
0,2897861077,0.866589,529265,52
0,1655237629,0.888841,530138,6
0,3797693071,1.001951,535065,64
0,250799161,0.751301,537308,26
0,3249723611,0.755190,539778,29
0,227288951,1.094643,542520,33
0,3231344191,0.908403,543794,12
0,3382976567,0.882225,544367,2
0,2976938831,0.889391,545229,6
0,367238503,1.097316,545879,3
0,2287187027,0.969758,547089,11
0,1244828293,0.915364,549976,35
0,3689404087,0.975280,551565,16
0,2797510799,1.105296,554107,29
0,3808038569,1.081178,555659,16
0,124696391,0.799169,558939,36
0,1295927621,0.924387,560536,16
0,2353534457,1.019344,561735,11
0,3813608723,0.817294,563376,15
0,762967783,0.848367,563914,1
0,3085739623,1.094196,565205,12
0,4132202539,0.793652,566207,8
0,2501284873,1.106621,566985,5
0,619158641,0.947859,569521,30
0,1328502491,1.162987,571014,15
0,1552002209,0.989199,572279,12
0,832598941,0.817891,574955,32
0,3583434377,0.786234,577281,27
0,2681415031,0.727528,582613,70
0,4031129701,0.919621,583818,11
0,3321604471,1.162987,586714,35
0,3391369087,0.977780,589901,39
0,4030189321,0.977281,590760,6
0,272372489,0.829745,591538,5
0,122070847,1.048157,594988,43
0,582288617,1.009718,599830,63
0,331046819,0.989199,602087,26
0,842859307,0.818488,603009,7
0,1004868233,0.955044,608889,62
0,3672334007,0.850666,610422,10
0,1425215381,0.876115,611036,2
0,3339567709,0.796722,612119,9
0,1183727557,0.938541,613281,10
0,1556323849,0.891036,617144,49
0,2992723771,0.822653,618150,8
0,395038421,0.987223,619006,6
0,3944754113,1.025076,621476,29
0,2018521279,1.021736,623589,24
0,1484269139,1.059739,624791,11
0,444567679,0.921743,625933,10
0,2985064937,1.038798,628460,30
0,790739363,0.947859,629270,5
0,2465005471,0.791187,630495,11
0,221880809,0.818488,631619,10
0,3197036963,0.982762,633054,14
0,1367238619,1.113658,635958,35
0,2157956861,0.843750,636898,7
0,1727937383,0.977281,640681,48
0,1811764259,0.978779,641204,1
0,2037428009,1.081178,643112,21
0,1740292201,0.944247,643829,4
0,2150086723,0.773714,644965,10
0,3352610957,0.973777,646455,15
0,658426199,0.732211,648981,30
0,2121105289,0.884436,651128,24
0,738871201,0.863202,652260,10
0,237830401,0.866589,653026,5
0,3697835683,1.002438,654375,13
0,601280209,1.000488,656282,21
0,1761895823,0.975280,657275,8
0,2046419,0.822653,660126,29
0,3436691887,0.755837,660868,3
0,1024953661,0.916963,661385,1
0,2547350899,0.956577,666041,58
0,1318063561,0.940101,667333,12
0,3813377527,1.062959,667988,3
0,2300162989,0.950945,671940,50
0,801668317,0.969758,672801,6
0,3393362807,1.068458,673315,1
0,4129935503,0.815499,673898,2
0,2006622577,1.040677,675178,12
0,2282707211,0.827978,675961,5
0,3662822563,0.911622,679903,50
0,3039542533,0.981767,681597,18
0,172520851,0.981270,683780,25
0,3386240519,1.073928,684511,4
0,2243448719,0.952484,685301,5
0,563975351,0.981270,686921,17
0,4139035253,1.137517,687645,4
0,3379865113,1.066170,689268,17
0,1158723499,0.817891,689984,4
0,1319955941,0.876115,691417,14
0,3984636499,0.882225,695006,45
0,3891302141,1.038328,695805,5
0,2556586441,1.007782,700291,58
0,2740058137,0.797334,701777,15
0,1847532601,0.921213,705863,52
0,1412621789,0.846639,713047,74
0,488268763,0.950945,718207,65
0,1365625769,0.908940,719550,13
0,3860017891,1.070284,721592,23
0,3340214921,0.674595,723565,22
0,1738314089,1.253900,724492,7
0,3856585231,1.168432,725216,4
0,2885383561,0.753896,726093,6
0,3194813471,1.068458,726895,5
0,3805721369,0.910550,730557,46
0,1861016761,0.814900,731843,12
0,3888286289,1.009718,735135,41
0,2145722333,1.178419,735799,3
0,2908740227,1.101313,736317,1
0,2745053587,1.031723,740479,53
0,2615182217,1.256623,741754,12
0,3174146957,0.921743,749037,98
0,1214085391,1.104854,751911,35
0,3996338539,1.037387,753400,15
0,2652509647,0.884436,755120,18
0,3914130569,0.902471,756879,19
0,2748633733,0.781250,758160,12
0,1184114047,1.004871,758947,5
0,1909053581,0.939581,760790,20
0,1595316287,0.904092,762069,12
0,2026826359,0.597848,763420,8
0,4113145303,0.893772,764096,3
0,1705822291,1.043488,766418,27
0,3138752173,1.046292,768279,18
0,3704504641,0.815499,769282,8
0,888385409,0.858096,770414,10
0,756240547,0.889391,771473,9
0,1390777261,0.822653,774099,31
0,200291647,0.911622,776832,33
0,2639310551,0.849517,778042,11
0,875625853,0.766103,780030,22
0,3078353309,1.033615,781526,15
0,2659645691,0.964203,782777,11
0,206025719,0.972272,785798,37
0,3907445539,1.043488,787369,16
0,3038703623,1.054659,790194,34
0,1557529781,0.876115,790980,5
0,3349460453,1.064795,791640,3
0,117979109,1.035503,793325,18
0,4169701423,1.006328,796708,42
0,3947697829,1.098205,798901,25
0,271357153,1.001951,800921,23
0,1160515001,1.146496,802343,14
0,17880517,1.163827,810287,103
0,1949118947,0.983258,812625,27
0,368579131,1.043020,814511,7
0,3241068503,1.029829,815066,1
0,793441613,0.882225,817654,24
0,1023006557,1.018386,819805,24
0,1926431363,1.006328,823226,43
0,1213098221,0.820275,826034,34
0,2883268067,0.808886,832135,81
0,342325699,0.791187,833058,7
0,3633344471,0.804043,840898,106
0,2587492441,0.940101,842447,16
0,1058954261,0.756482,845534,38
0,2466276047,0.848367,846446,6
0,1172855977,0.908940,846976,1
0,1161100331,1.079370,848128,10
0,2463234259,0.925971,851923,48
0,2897609563,0.815499,852503,2
0,261081581,1.203835,853429,7
0,3199482239,1.012133,859667,83
0,2814936961,1.017906,860178,1
0,2246604539,0.910550,862854,32
0,707846261,0.938541,865736,35
0,1921578457,1.019344,867202,9
0,138952213,0.873324,868213,8
0,66312409,1.000488,868782,2
0,3025530841,1.087482,869660,6
0,2074369519,0.938021,870320,3
0,3173252939,0.956577,877638,96
0,3743426861,0.713295,879206,16
0,3760003391,1.116723,879786,2
0,1321658839,0.969758,880444,3
0,59498239,0.975280,881585,10
0,3695580943,0.950432,882512,7
0,3597291673,0.834439,887906,71
0,63973087,1.067086,888959,9
0,3651959291,0.880008,890320,13
0,2469161371,0.729539,893141,34
0,277917949,1.070284,893640,1
0,4149053747,1.069828,896951,41
0,3225936919,0.950945,898722,19
0,1965744167,1.035974,899300,2
0,1280521843,1.009718,900300,8
0,841563817,1.095980,901291,8
0,229886507,0.908940,902081,5
0,48080401,1.067086,903277,11
0,274005547,0.895409,904268,8
0,82728629,0.940101,904769,1
0,3004869899,0.911622,905497,4
0,2951123393,1.067086,907478,22
0,3210103579,1.012616,908064,2
0,851711239,1.082983,912589,54
0,2413543673,0.981270,914390,19
0,3413888377,1.002438,918731,40
0,2495204057,0.958107,919531,2
0,4270728373,0.815499,922583,37
0,2827621843,0.938541,924062,15
0,2998744031,0.849517,924659,2
0,2164953341,0.956577,925373,4
0,2265799681,0.913227,929493,53
0,1203664061,0.978779,932389,35
0,3091198219,0.867152,933600,11
0,4096760407,1.061120,934394,5
0,4229587987,0.937500,936854,29
0,2455926107,0.908403,942189,70
0,1327153913,0.774345,943271,9
0,3079914017,0.903552,943849,2
0,3349985071,1.102642,946253,28
0,3411150451,0.923330,948428,25
0,2360518063,0.956577,949157,4
0,1381769569,1.111464,951959,34
0,3265647611,1.033615,953395,14
0,1109855821,0.988706,953969,2
0,1710274439,0.932801,955751,19
0,490838279,1.009718,956668,7
0,4076235781,0.955044,957944,12
0,600202927,0.891036,959166,11
0,3129984997,0.867152,963308,53
0,184137871,0.855816,963815,1
0,3624619217,1.031723,964805,8
0,3440181791,1.064795,965658,6
0,2428639849,1.073928,966297,3
0,2198055659,0.908940,966945,3
0,556633621,0.814900,969402,24
0,176279419,0.989199,970980,16
0,3750543311,0.852386,971860,6
0,1843234817,1.127168,972573,4
0,4223446739,0.906250,976340,45
0,4072436867,0.908940,979444,38
0,2048047283,0.938541,984911,72
0,4176870359,0.968750,987041,24
0,2861161463,0.844907,987567,1
0,2691487031,0.820275,988634,9
0,4107251977,0.822653,990196,16
0,1875708689,0.876673,990703,1
0,1219233263,0.952484,991217,1
0,3197821799,0.987223,992014,5
0,3285575299,1.001951,996093,52
0,3121255547,0.911622,997313,11
0,1551490321,1.091963,999082,19
0,1132686151,0.973276,1001957,35
0,2570331017,0.972774,1003992,23
0,3042629539,0.813701,1004653,3
0,3189341413,1.031723,1005240,2
0,102132907,0.911086,1011108,78
0,2832785909,0.839689,1012038,7
0,1818229103,1.095534,1012846,5
0,3927929651,0.853531,1013363,1
0,3182102369,0.980772,1018474,50
0,3368986799,1.097761,1020401,16
0,592599989,0.791804,1021287,6
0,655552361,0.842012,1023046,19
0,3519653369,1.012616,1023772,4
0,901169569,0.940101,1024283,1
0,1770693373,0.701561,1025636,13
0,466867669,1.037387,1028100,29
0,3938242603,1.257788,1030437,27
0,1077479609,0.745429,1031422,8
0,394497101,1.048623,1038524,95
0,2463373399,0.719429,1040172,17
0,2156472821,1.043020,1042431,26
0,921948397,0.901929,1043848,14
0,285286643,1.054659,1044827,8
0,4087039961,0.849517,1045343,1
0,3658851221,0.973777,1046828,15
0,3953882089,1.099538,1047418,2
0,2098854911,0.977281,1050322,35
0,11536879,0.969254,1050807,1
0,475332547,0.938541,1051316,1
0,1317570677,1.008267,1054555,40
0,2185020911,0.981270,1056319,19
0,327765419,1.033615,1059759,43
0,4272716963,1.031723,1062861,38
0,766198127,0.914830,1067759,64
0,363992537,0.940101,1068476,4
0,1167722293,0.975280,1069692,8
0,506911673,0.886090,1070867,8
0,1263278833,0.853531,1072943,23
0,3347627779,1.066170,1073675,4
0,186766691,0.888841,1074453,5
0,128317327,0.791804,1075177,4
0,1711754741,0.750000,1076768,14
0,2038943017,0.915897,1077583,5
0,1957865059,1.064795,1080185,31
0,2790958003,0.889391,1081254,9
0,2986440377,0.945797,1088970,104
0,1360168499,0.907327,1091082,24
0,2768446019,1.012133,1094014,36
0,4024210511,0.940101,1099683,75
0,3079369819,0.756482,1100416,4
0,2736727463,1.069828,1101423,8
0,1096317331,0.758416,1102486,9
0,3678342131,1.081178,1105651,39
0,1578559681,1.099538,1107488,20
0,3224710261,0.938541,1108688,11
0,3327675601,0.942176,1112849,53
0,1372976249,0.913227,1114687,20
0,2067309931,0.791804,1117500,29
0,4226958917,0.725512,1119097,16
0,3340573619,0.721462,1121849,19
0,2099644487,0.836777,1123996,22
0,4190280379,0.938541,1125490,15
0,3130242683,0.973276,1127140,17
0,795454811,0.939581,1128841,18
0,1151779817,1.140946,1129627,5
0,2372061817,1.095980,1130555,7
0,3388055233,1.000488,1133166,31
0,2014158611,0.791804,1134301,10
0,3448480727,1.070284,1134958,3
0,187196047,0.916963,1138663,47
0,3628146451,0.855246,1139239,2
0,1784649403,1.019344,1140244,8
0,2357221313,0.844329,1142562,27
0,3451444177,1.014061,1143632,9
0,3595497307,1.284295,1144571,7
0,2922851177,1.225940,1145916,13
0,2398407281,1.035503,1147813,21
0,1111174901,0.784369,1149367,16
0,3695335321,0.981767,1149946,2
0,3937266961,0.956066,1151658,18
0,395645843,1.035974,1152925,12
0,1208705161,1.156250,1158233,70
0,2663737931,1.128467,1161122,35
0,2193545021,1.016466,1161848,4
0,1652095243,0.787475,1163825,22
0,3895041859,1.226737,1168656,63
0,3646397429,0.932801,1170859,25
0,3750267971,1.054659,1171881,5
0,2700817597,0.884436,1174167,26
0,3023031007,0.806468,1175798,17
0,2555001439,0.817891,1179316,42
0,4173810013,0.791804,1181933,31
0,2776435807,0.897044,1186346,57
0,1978320581,0.886090,1187694,13
0,4120312411,0.858096,1189913,25
0,3485451161,0.883883,1190989,9
0,600547553,0.977780,1192128,10
0,1377762367,1.007782,1194187,23
0,2281478233,0.971267,1196789,31
0,45952831,0.815499,1198335,16
0,3706373179,0.969758,1203054,61
0,3931315357,1.135799,1204620,16
0,493672703,0.849517,1210505,78
0,3476280623,1.037387,1211862,13
0,599136431,1.006328,1214525,32
0,223032751,0.880563,1215864,13
0,2246457139,1.039268,1216878,8
0,2940600371,1.101313,1219941,33
0,1589190653,0.885539,1221045,9
0,1469224577,0.877786,1221695,3
0,1049503333,0.851240,1223407,4
0,3032249279,0.945797,1224638,8
0,333660203,0.882225,1228915,54
0,3300962689,1.085235,1231099,25
0,744176711,0.884436,1231609,1
0,1982788099,1.003899,1234976,42
0,701250793,1.061581,1235839,6
0,4027449479,0.858096,1236409,2
0,1420176677,0.860369,1238033,17
0,4176616679,0.804043,1238828,5
0,4085112197,0.916963,1239696,6
0,3138284299,1.253121,1243585,49
0,1403386321,0.781875,1244721,10
0,3771640633,0.945797,1247316,31
0,1207778303,1.006328,1248607,12
0,3979608571,0.876115,1250995,28
0,98829487,0.844907,1254760,48
0,1340090443,0.751301,1257224,29
0,545547791,0.852959,1260999,48
0,2062695077,1.164665,1264290,41
0,1295803361,0.984747,1265562,12
0,548409247,1.149898,1270336,62
0,4092735083,0.849517,1277152,76
0,3775283353,0.882225,1279563,26
0,2179546477,1.055584,1281059,15
0,566738339,0.882225,1282621,16
0,562455983,1.066628,1283408,5
0,1840419311,1.012133,1284948,13
0,2659153967,0.880563,1285694,4
0,925610243,0.936979,1287835,24
0,1469192201,0.851240,1288472,3
0,1663563763,0.978779,1289974,15
0,4038214781,0.815499,1294757,62
0,738503131,0.854103,1298336,45
0,3595911647,0.882225,1299413,9
0,2783852041,0.889391,1299991,2
0,976471961,0.947859,1300919,7
0,3778472609,1.070284,1301566,3
0,980192497,1.063419,1302698,10
0,3376170229,0.824432,1303354,3
0,55133699,0.848367,1305049,18
0,1381368889,0.985738,1306263,11
0,368508233,0.989199,1308046,19
0,2314142581,1.071652,1310049,22
0,223827193,0.880008,1310767,4
0,2145330457,0.846062,1312609,20
0,730233899,0.958616,1314229,17
0,1646505481,0.977281,1315640,14
0,510770779,0.893772,1316292,3
0,2711097551,0.815499,1318133,20
0,4278324299,0.849517,1320243,24
0,4195228777,1.016466,1323683,38
0,2567105389,0.876115,1324710,8
0,4272957553,0.850666,1326684,22
0,676676309,0.906250,1328177,15
0,1269615937,0.853531,1329514,13
0,2555966653,0.972774,1332120,14
0,1540928489,1.008267,1334276,19
0,2438318107,0.789333,1335281,8
0,2320103503,1.097316,1337599,27
0,1432101773,1.017906,1338802,11
0,2858022163,0.956066,1339524,4
0,3529187531,1.008267,1345143,74
0,4267726637,0.958616,1347297,22
0,454872239,1.132354,1348242,7
0,359400803,0.971267,1349576,13
0,1829234299,1.037387,1350170,2
0,2469002819,1.035503,1350684,1
0,1426562873,0.784369,1351340,3
0,114088759,0.973777,1351983,3
0,459075209,1.006328,1354381,28
0,3946053193,1.033142,1356635,26
0,3045931111,0.864897,1357155,1
0,4136888257,1.105296,1358572,14
0,4130948077,0.823246,1363689,67
0,530913959,1.006328,1365732,23
0,1831387763,1.132786,1366657,7
0,307795639,1.003899,1369195,30
0,344129833,1.000976,1370032,6
0,4294929739,0.895409,1371192,10
0,1712107027,1.063419,1372474,12
0,735249143,0.882225,1373130,3
0,2484794363,1.019823,1374287,10
0,1164236363,0.827978,1376688,28
0,2876900771,0.952484,1377836,10
0,135469,1.070284,1379920,25
0,1785520967,1.199365,1380850,7
0,894583621,1.008267,1384029,33
0,709837883,1.054196,1387233,38
0,299818549,1.125868,1388508,12
0,88750093,0.958616,1389411,4
0,3816114013,0.970764,1391695,26
0,1235707181,1.066628,1393671,22
0,183049169,0.984747,1394585,7
0,632793541,0.958107,1398449,49
0,1487488523,0.875558,1400701,26
0,2866505867,1.073928,1401428,4
0,1137954673,1.031723,1405808,56
0,1837616129,1.004871,1408142,27
0,3796372211,0.969758,1412555,57
0,627374467,1.009718,1414314,19
0,1078843433,0.913227,1416907,31
0,1866119417,1.082983,1417986,9
0,3809399833,0.914830,1418776,5
0,1858827101,1.000488,1425239,82
0,660950491,1.132354,1426620,13
0,1227053147,0.851240,1428949,11
0,1413483517,1.017906,1431892,33
0,2693720291,0.804043,1434562,32
0,2481739691,1.149898,1435287,4
0,2590744073,0.822653,1437258,22
0,3596762899,0.911622,1438195,7
0,3405795343,1.108825,1440509,27
0,3588592639,0.991172,1444039,44
0,4090630613,0.676041,1444551,1
0,1309456651,1.166760,1445830,12
0,2184415327,0.789333,1447797,22
0,267960571,0.903011,1449565,19
0,246323093,1.102642,1453056,44
0,1842244903,0.951972,1454067,8
0,733558759,0.921743,1455432,13
0,1222933031,0.910550,1456365,7
0,3015983251,0.944247,1457155,5
0,242220581,0.900304,1458088,7
0,3188394899,1.126301,1459848,19
0,630628781,0.975280,1460494,3
0,579669413,0.925971,1461699,11
0,4254337733,0.880008,1462701,8
0,3191063377,0.944247,1463914,11
0,1528182503,0.908940,1464499,2
0,1333677209,1.085235,1465221,4
0,2203098487,0.906789,1466913,18
0,2834205203,1.009718,1467421,1
0,2103344651,1.097761,1468156,4
0,1126830851,0.914830,1469565,14
0,203427841,1.161727,1472265,33
0,12994297,0.755837,1473450,11
0,1899767893,0.877786,1474301,6
0,3628805137,0.969254,1475358,9
0,2679001279,0.908940,1476655,12
0,3969680023,1.006328,1478002,13
0,1693841783,0.973777,1479930,12
0,89701687,0.937500,1480815,6
0,665898931,0.942694,1481672,6
0,1062274459,0.991172,1483932,26
0,2383633561,0.884988,1488703,60
0,2124051737,1.066628,1490010,12
0,353014007,0.923330,1491695,18
0,3219439291,0.889939,1493270,16
0,353674249,1.044891,1494394,10
0,343628693,1.031723,1495457,9
0,2166799423,1.037387,1497496,23
0,2741720887,0.925443,1502627,67
0,3565544681,1.091963,1504478,20
0,2234196571,0.855246,1506115,17
0,382189867,1.063419,1508494,28
0,666289457,0.875558,1509556,9
0,278908667,0.940101,1510206,3
0,304984139,1.005357,1517312,96
0,752850313,0.938021,1518446,10
0,1041112099,0.899761,1519714,12
0,2581238287,0.987223,1521760,23
0,693592153,0.969254,1523034,12
0,3065272321,0.880563,1525419,28
0,9766387,0.971267,1526043,3
0,3316548461,1.008751,1529164,33
0,3489327767,1.106621,1532215,22
0,614259923,0.971267,1537494,67
0,1479331597,1.129764,1540109,31
0,3938501311,0.952484,1541318,11
0,43270259,1.162987,1542361,9
0,1844611003,1.039738,1543226,6
0,1130450471,1.039268,1545203,22
0,3009025931,0.888841,1547260,23
0,2033787013,0.921743,1548474,11
0,2299978333,0.914830,1549963,15
0,2850918787,1.132354,1551661,18
0,4294743461,1.038798,1555669,51
0,1207416269,0.736201,1557105,14
0,2329145149,0.750651,1559020,21
0,2019839197,0.698072,1561005,22
0,2685914317,0.973777,1561999,8
0,4188082621,1.100870,1564391,28
0,3703345027,0.940101,1565191,5
0,347805487,0.983258,1566819,17
0,3871651363,1.039268,1567817,8
0,2230981871,0.791804,1569580,19
0,37749211,1.110145,1572095,30
0,2965019353,0.843750,1577161,66
0,3478035149,0.879453,1579701,30
0,2108634589,0.662913,1582163,25
0,3786649661,0.942694,1584982,34
0,2388705101,0.970764,1586066,9
0,1106925683,1.064795,1588016,19
0,770126737,0.813101,1590425,28
0,1050975911,0.877786,1592132,18
0,2512655647,1.074382,1593134,8
0,1374388907,0.849517,1595880,33
0,3323210381,0.722139,1596592,4
0,621498457,1.033142,1598968,28
0,2911612601,0.877229,1599836,6
0,2809052669,1.128467,1601415,16
0,1827637741,0.908403,1602350,7
0,2792485243,1.065712,1605106,33
0,1567758233,1.039268,1605616,1
0,1278762391,1.062959,1613113,101
0,2118505247,0.884988,1613838,4
0,2889559307,1.033615,1616162,27
0,3009557119,0.730208,1616954,5
0,261463843,0.985738,1619486,30
0,331757021,1.097316,1622983,44
0,4121049739,1.062959,1623850,6
0,1794072113,0.975280,1624571,4
0,4219469909,1.085235,1627943,42
0,1517603071,1.177176,1629764,15
0,2447741531,0.946829,1631626,20
0,2702139541,1.099538,1637003,48
0,1582729859,1.130628,1638909,19
0,2310442957,0.956066,1639424,1
0,2874931901,0.705032,1639947,1
0,3150550639,0.971267,1641175,11
0,2908639091,1.097761,1641764,2
0,611442581,1.070740,1643254,15
0,2781076877,0.613169,1644463,11
0,2853838343,0.855246,1644970,1
0,1392278399,0.914830,1646752,19
0,3330473579,1.035503,1648308,16
0,101854139,0.947859,1649778,15
0,2324979583,0.818488,1652194,28
0,3135019957,0.836777,1654950,33
0,4031838557,1.288849,1658757,48
0,1067111677,1.019344,1659906,10
0,4000369199,0.977281,1661053,10
0,3622084861,0.947859,1661577,1
0,4183510349,1.191195,1662169,2
0,4266942077,1.006328,1663945,19
0,902778607,1.016466,1664610,3
0,4262982583,1.006328,1665344,4
0,3867456737,0.916963,1666059,4
0,3667069829,1.129332,1668119,23
0,3250083037,1.161727,1669686,16
0,2654403383,0.898675,1672784,38
0,3339680023,1.000488,1673511,4
0,3959127119,1.075745,1675919,28
0,465854201,0.802219,1682568,89
0,1520477017,0.884988,1683491,7
0,856104727,1.097316,1684000,1
0,1264711717,0.882225,1685484,15
0,2509666787,1.094196,1687046,12
0,1851902071,0.806468,1688318,10
0,3143018189,0.939581,1689328,8
0,2815183783,1.004871,1691657,27
0,3029078407,0.827388,1692920,9
0,3940551217,1.031723,1693641,4
0,2570569759,0.884436,1694226,2
0,3052996631,0.815499,1695570,13
0,2005802551,0.942694,1697830,26
0,1020944591,1.043488,1698835,8
0,2818204511,0.970764,1700468,17
0,460143503,0.886090,1700980,1
0,1244008657,1.017906,1701625,3
0,4286912173,1.001951,1702696,9
0,3305018659,1.064337,1703562,6
0,2551941257,0.827388,1704064,1
0,3764696183,1.043488,1705206,10
0,2870256749,0.950432,1706895,18
0,200488591,1.002438,1709001,24
0,1874012893,0.876115,1710775,19
0,201835493,1.035503,1711914,10
0,1416660857,0.736201,1713530,17
0,3150757901,1.056047,1722198,118
0,4108147157,1.001951,1722992,5
0,2586716929,1.130628,1724612,17
0,2362340749,1.034559,1727918,41
0,150853007,1.029354,1733132,64
0,2727952363,1.059739,1737356,40
0,903460771,1.025552,1738526,8
0,2105853203,0.860369,1739181,3
0,2681854817,0.851240,1741783,31
0,1483704787,1.175100,1743691,21
0,1317885719,1.070740,1744699,8
0,830403359,0.908940,1745432,4
0,3921526823,1.094643,1749022,45
0,169892027,0.886090,1749797,5
0,3104549579,1.040677,1750450,3
0,893965169,0.958107,1755704,69
0,3650043197,1.171771,1756506,5
0,948546041,0.811297,1757639,10
0,3206536231,0.895409,1759974,27
0,1414288171,0.884436,1760836,6
0,1739781781,0.972272,1763166,27
0,2372147369,0.753248,1763806,3
0,3508506299,0.927551,1764392,2
0,4235492189,1.064337,1766179,19
0,89809441,0.956577,1767501,13
0,2992336553,0.916963,1768015,1
0,1020138967,0.750651,1779489,158
0,2736040127,0.884436,1780208,4
0,1125770689,0.923330,1780920,4
0,3638371031,1.098205,1781720,5
0,2422229591,0.901929,1782293,2
0,4175783317,0.724164,1782806,1
0,2339553059,1.043020,1784797,22
0,543457331,0.813101,1786653,15
0,103097023,0.876115,1788512,16
0,3847721261,1.028405,1789394,5
0,65309947,1.019344,1792279,35
0,1352306971,0.883883,1793062,5
0,737465453,1.004385,1793851,2
0,36698713,0.969758,1794641,5
0,3780465749,1.099538,1796482,20
0,214349479,0.908940,1800475,51
0,2851339199,0.732211,1801290,5
0,3514060171,0.956066,1803920,31
0,919526129,0.814900,1804848,7
0,1331904551,0.882225,1805493,3
0,950513611,1.069828,1806084,2
0,119685187,0.919621,1808514,29
0,2803968143,1.052341,1809021,1
0,1309087909,0.969758,1810427,14
0,1301625121,1.014061,1811078,3
0,1086085471,0.938541,1812358,12
0,2031524743,1.064337,1813495,10
0,3294380623,0.822059,1814348,6
0,3250331393,0.797334,1815406,9
0,1962944981,0.970764,1820261,63
0,3356679071,0.863202,1821129,6
0,4123240123,0.851240,1823809,32
0,520839617,0.882225,1824657,6
0,2907480479,0.910550,1825865,11
0,3396832709,0.906250,1826866,8
0,99576649,1.025552,1830149,41
0,3332202751,0.993632,1834800,55
0,2452476133,1.004871,1839894,53
0,464350723,0.846062,1840581,1
0,712741877,0.735538,1841371,5
0,2398404623,0.970764,1843348,22
0,2327998609,1.199365,1844057,4
0,4285639859,1.004385,1844863,5
0,555186487,0.781875,1847351,28
0,1429498909,1.104854,1850952,45
0,2013981217,1.250391,1854811,49
0,3871258667,0.818488,1855959,10
0,343428467,1.067086,1857102,10
0,1526576749,1.037387,1860424,41
0,3578779811,1.198143,1860939,1
0,3152826251,0.879453,1863830,35
0,2510488151,1.033142,1866220,28
0,664803961,0.849517,1867353,10
0,1353590437,1.085235,1869959,31
0,4278765409,0.894318,1873061,38
0,2220224093,0.973777,1873790,4
0,4042821487,0.740170,1874378,2
0,3374079677,1.102642,1877207,34
0,2452094621,0.848942,1878697,15
0,4049303501,0.820870,1882225,44
0,3991587137,0.842012,1883015,5
0,3332352629,1.101756,1883879,6
0,1845656053,0.882225,1886704,34
0,1697572153,0.945280,1889550,30
0,1406777783,0.786855,1892421,34
0,3344740573,0.846639,1894329,18
0,4080266683,1.080726,1897409,37
0,1546260437,1.135799,1899382,22
0,2382672841,1.062500,1901418,23
0,2103806891,1.031250,1904464,37
0,1477043783,0.849517,1906715,26
0,2014770209,0.789333,1908055,13
0,3347775427,0.822059,1909838,19
0,2206147663,1.000488,1911609,19
0,1946211061,1.064795,1913571,22
0,2196490679,1.062500,1915486,21
0,2191237949,0.962683,1916481,8
0,2856530483,1.037387,1921999,72
0,3487383769,0.880563,1924002,22
0,2734436147,0.802219,1926746,33
0,38855197,0.875558,1927583,6
0,686500861,1.098205,1931447,49
0,557803651,0.846062,1934806,42
0,3955279519,0.889391,1936826,18
0,688310387,0.786855,1937346,1
0,2274019387,0.938021,1941344,35
0,2393572943,0.834439,1942757,11
0,781269793,0.750651,1944543,19
0,3811475897,0.986728,1949250,61
0,1530070847,0.836777,1951169,21
0,2862852397,0.880008,1951959,5
0,556759649,0.908403,1953027,9
0,4194754117,0.762910,1953886,6
0,4059914083,0.851240,1955179,12
0,2415770041,0.864332,1956265,9
0,2560928819,0.817294,1959025,33
0,168680657,1.064337,1961971,36
0,2585715277,1.039268,1962976,8
0,1473872951,0.975280,1963843,6
0,1426777463,1.127168,1964496,3
0,2609238923,1.002438,1967895,42
0,368159621,0.813701,1971737,49
0,2167386479,1.038328,1974411,32
0,1205317019,1.095534,1975629,11
0,1006924273,1.006328,1981696,81
0,1673238737,0.772450,1984713,37
0,498923101,1.101313,1989484,62
0,67319027,1.128467,1989978,1
0,918820391,0.963190,1990489,1
0,2155186483,0.802219,1994291,46
0,2564408659,0.908403,1999316,63
0,1870503001,0.877229,2000055,4
0,473096989,0.813101,2000634,2
0,2766755099,1.095980,2002812,25
0,3880952297,1.000000,2003324,1
0,2726869147,0.805862,2006895,45
0,3956787973,0.730876,2008662,19
0,2393299981,1.063419,2015611,93
0,3739247623,1.032197,2020866,69
0,2216866703,1.000976,2021373,1
0,3326288597,0.908403,2022791,14
0,626108257,0.812500,2027546,62
0,3670765403,0.822653,2029619,23
0,3774839683,0.904092,2032869,40
0,1446095047,1.044891,2034003,10
0,2500994147,1.012133,2036596,31
0,1619593673,0.693159,2038754,20
0,2073896897,1.139661,2039710,7
0,421666403,1.128467,2042411,20
0,976975037,1.104854,2043296,2
0,69443579,1.031250,2044508,11
0,2664994609,0.853531,2046766,26
0,803161391,0.969758,2049936,39
0,419020223,0.844329,2050661,4
0,2656328533,0.886090,2051313,3
0,4210822663,0.981270,2052383,9
0,1722173603,0.938541,2053446,9
0,851847523,0.941657,2055139,18
0,3345387767,0.911086,2055654,1
0,2876039149,1.031723,2056314,3
0,1492996409,1.182968,2060721,57
0,3353975561,1.106621,2061230,1
0,3408380197,0.904092,2064884,46
0,1685040887,0.839108,2067288,28
0,2344878059,0.827978,2068096,5
0,561787769,0.880008,2068950,6
0,3785563577,0.813101,2070230,12
0,3490224851,0.843171,2071012,5
0,958622557,1.044891,2071592,2
0,1812128009,0.732211,2072101,1
0,2549841751,0.950945,2072906,5
0,1175155747,1.085235,2074114,11
0,3851163793,0.758416,2075670,16
0,216911531,0.727528,2080716,66
0,2281882741,1.043488,2081709,8
0,2962442311,0.727528,2084249,30
0,3357882713,1.071652,2085447,11
0,4229513027,1.174268,2087910,29
0,3754426103,0.908403,2088720,5
0,4120642679,0.908403,2091247,30
0,3894582449,1.000488,2092804,13
0,2424282649,0.993632,2093899,8
0,3188455409,0.864897,2094773,6
0,9546583,0.972272,2097574,34
0,3759039733,0.915364,2101393,46
0,1393529873,1.006328,2103120,18
0,4159719017,0.827978,2103982,6
0,2032468177,0.962683,2107435,43
0,4123501597,1.000976,2109763,27
0,276712277,1.095534,2110829,9
0,1068742141,1.040677,2111352,1
0,560716633,1.014061,2112693,13
0,2660991841,0.858096,2114879,25
0,656908487,1.054659,2116010,10
0,3531559351,0.864332,2119794,48
0,3358283287,0.853531,2120580,5
0,3974108701,0.791187,2122831,26
0,3545262893,0.908403,2125840,37
0,1348981867,0.882225,2127601,19
0,612213377,0.882225,2128521,7
0,1725343219,1.128899,2130498,22
0,2934165461,0.944247,2131929,14
0,822261667,1.007782,2134727,34
0,222552361,1.068458,2135638,7
0,3190698383,0.940101,2136297,3
0,2004100789,1.006328,2137715,14
0,1361876041,1.146496,2141123,38
0,3953967373,0.827978,2141940,5
0,304327979,1.192833,2142859,7
0,964628251,0.841432,2147058,40
0,746799043,0.932277,2150244,37
0,761236061,0.906789,2152715,29
0,4291423921,1.007782,2153652,7
0,2335300117,0.952484,2154231,2
0,3697005817,0.888841,2154957,4
0,2409146407,0.946313,2155767,5
0,790823303,0.644235,2156832,9
0,759261379,1.081178,2157824,8
0,2625034361,0.882225,2160354,30
0,3630642839,1.008267,2162126,19
0,778355551,0.822653,2163130,8
0,2917516697,1.038328,2165397,26
0,3939516103,0.914830,2165912,1
0,244969073,0.750651,2166486,2
0,3016573753,0.999023,2171202,61
0,981279319,1.106621,2171851,3
0,3039073757,1.043488,2172781,7
0,1126057703,0.786855,2173299,1
0,2711634361,1.019823,2174779,15
0,3134655239,0.813101,2176274,15
0,3760517557,0.818488,2176782,1
0,1201526239,1.095980,2178353,16
0,2713966837,0.911622,2184875,87
0,1043737193,0.976781,2186779,21
0,195142771,1.032197,2187632,6
0,255992651,0.882225,2188686,9
0,1481937689,0.631219,2189611,7
0,3347962819,0.701561,2191595,22
0,1311887261,0.915897,2195482,49
0,2227249391,1.183381,2201695,78
0,41209477,1.006328,2203607,21
0,1736463347,1.028405,2205565,19
0,3711134039,1.064795,2210347,62
0,186465551,1.039268,2211899,16
0,2065948501,0.978779,2213127,11
0,165081793,1.137517,2215726,31
0,3192753857,1.012616,2216306,2
0,2440579039,0.941657,2217375,9
0,2006422091,0.833854,2218306,7
0,301829681,0.846062,2219169,6
0,72543923,1.014061,2222448,41
0,923922371,1.004871,2223107,3
0,1372454389,1.040677,2224255,10
0,1377279317,0.854103,2225529,12
0,3320519549,0.971267,2226122,2
0,3183793187,0.907327,2228925,34
0,3527089303,0.862070,2231895,36
0,1114622237,1.004871,2235341,43
0,1010965103,0.884436,2236199,6
0,1361085419,0.947859,2239010,34
0,1113753131,1.129332,2240290,12
0,2642410697,1.015505,2240812,1
0,842909989,0.980772,2242359,16
0,892371581,1.035503,2242863,1
0,1449167333,1.040677,2247735,45
0,1571627839,0.846062,2249393,15
0,2632774381,0.875558,2251111,18
0,2229976789,0.884988,2251765,3
0,3319552739,0.932801,2254032,26
0,3042438569,0.813701,2254620,2
0,2772721937,1.132786,2256449,20
0,2126695279,0.997556,2260903,57
0,1769097881,0.925971,2261621,4
0,511443431,1.031723,2263449,20
0,4143549073,1.070740,2264518,9
0,2234410573,0.913227,2265732,11
0,1366697953,0.915897,2269392,46
0,1487764211,1.032197,2271300,21
0,4076465579,0.924387,2272943,17
0,2309321297,0.906789,2275132,25
0,2056502471,1.031723,2277052,21
0,2341239559,1.032197,2278971,21
0,3582990973,0.971267,2280807,20
0,3435288547,0.939581,2282098,12
0,1610519899,1.056047,2282967,6
0,3829006739,1.097761,2283686,4
0,1058296727,0.944247,2284411,4
0,301185691,1.129332,2285067,3
0,1980095069,0.752600,2287622,30
0,413584207,0.848367,2289592,22
0,1779604471,1.111464,2290385,5
0,2442297511,0.723490,2290889,1
0,3626574583,0.824432,2291538,3
0,1718432857,1.054196,2293735,25
0,2614923167,0.981270,2295233,15
0,2390615341,0.852959,2297352,24
0,2184483781,0.938021,2300795,36
0,374685583,1.062959,2304606,45
0,237746519,0.930180,2305476,6
0,641063939,0.827388,2306336,6
0,2821866107,0.858096,2312655,84
0,107641741,1.097761,2314413,19
0,1268676811,0.701561,2317712,41
0,493601881,0.827388,2318495,5
0,630319189,1.191605,2319209,4
0,1038469897,0.846639,2323160,50
0,2016275329,0.946313,2324989,20
0,3069082397,1.004871,2326149,10
0,166232021,1.157938,2327081,7
0,834093283,1.006328,2329615,30
0,3395056909,1.006328,2332430,34
0,3431759753,0.853531,2333220,5
0,21546067,1.000976,2333775,2
0,1805478979,1.002438,2335136,13
0,1013558839,0.972774,2336280,10
0,1252899943,1.101313,2337212,7
0,2983716017,0.775605,2341148,50
0,3536931709,1.098205,2346948,70
0,1085716691,0.753896,2347649,3
0,1110010411,1.111903,2348501,6
0,3511913191,0.959126,2351229,17
0,1351341281,0.773714,2353474,24
0,147495319,0.886090,2354398,7
0,106146221,0.817294,2354898,1
0,932012971,1.357128,2355688,5
0,3016951397,0.969254,2357665,22
0,1833989789,0.867152,2359358,18
0,2088904567,0.815499,2360363,8
0,1250015113,0.830333,2361369,8
0,321373463,0.889939,2363140,19
0,2882416027,1.209096,2370431,98
0,3181732513,0.822653,2371704,12
0,577412201,0.832682,2373046,13
0,3479404153,0.786855,2373920,6
0,1431185303,0.802219,2374432,1
0,180214789,1.175100,2375149,4
0,3620288579,0.936979,2376847,18
0,798730019,0.923330,2377997,10
0,228975167,1.031723,2380948,36
0,3436560299,0.973276,2382030,9
0,323141681,1.000976,2384265,26
0,300853849,0.750000,2389845,74
0,1498460591,0.814900,2390353,1
0,2691551521,0.729539,2393355,37
0,314888747,1.024123,2394272,7
0,958078867,0.947859,2395411,10
0,1282416169,1.137517,2396551,10
0,604498163,0.707797,2397686,10
0,2693321347,0.941657,2399029,13
0,35271703,1.031723,2404649,68
0,394239731,1.028405,2405196,1
0,1929985789,1.035974,2408903,44
0,1690395229,0.906789,2412208,41
0,2940533359,0.976781,2413159,7
0,1980352019,0.875558,2415200,23
0,1064625647,1.004871,2417124,21
0,3131562737,0.956577,2419110,22
0,1473974107,1.109265,2419837,4
0,4026289073,0.877786,2420425,2
0,3313808683,1.219551,2421420,8
0,2310107347,0.916963,2423049,17
0,3166958831,0.952484,2423717,3
0,2330052611,1.006328,2424221,1
0,3643789801,0.958107,2426541,27
0,1991325521,1.004871,2427051,1
0,511360373,0.964203,2428482,14
0,3548942753,1.008751,2429131,3
0,736416913,0.919621,2433553,57
0,3389136923,0.941657,2434469,7
0,618060017,1.050019,2436232,19
0,1364277643,0.978779,2437093,6
0,221039249,0.911622,2439463,28
0,3052137233,0.834439,2442077,31
0,1080439511,0.816696,2443002,7
0,125700299,0.988706,2445655,32
0,3563492323,1.063419,2447348,18
0,3791385089,0.852386,2449591,21
0,3190160833,0.758416,2450817,11
0,874934681,0.893772,2453397,16
0,2341887181,0.792420,2454804,11
0,163414651,0.791187,2456353,16
0,1273398667,0.981767,2457210,6
0,736033013,1.039268,2460796,45
0,1174925137,0.932801,2462911,24
0,1306727209,0.969254,2463973,9
0,3941928247,0.963190,2465483,15
0,156921103,0.970764,2466959,15
0,789762803,0.968750,2467824,6
0,3326036107,0.687500,2468750,7
0,2245112213,0.921743,2469395,3
0,2604100567,0.854103,2469985,2
0,2690834869,0.827388,2471549,16
0,126520451,0.796722,2472603,9
0,3316293797,0.908403,2473735,10
0,2554565731,0.964203,2474379,3
0,668212861,0.699470,2475030,3
0,3058005589,1.001951,2475959,7
0,3372103601,1.048157,2476760,5
0,4211324993,0.793036,2477550,5
0,665865037,0.975280,2478686,10
0,2694541139,0.853531,2480741,23
0,308258471,0.946313,2482507,19
0,780094177,0.866589,2488795,84
0,3674262611,1.001951,2489511,4
0,3334518211,0.916963,2491897,28
0,3629725807,0.973276,2496370,58
0,1259408543,0.983258,2499112,33
0,3008526029,0.947859,2500121,8
0,140898827,0.981270,2501117,8
0,2822876591,0.908940,2501697,2
0,4163271767,1.031250,2503746,23
0,2972330359,0.851240,2510057,78
0,282370441,1.025076,2511764,18
0,164273531,0.938021,2512556,5
0,3063646973,0.867152,2515655,38
0,2386171993,0.753248,2516166,1
0,3724800017,0.911622,2517164,8
0,2169307643,1.140946,2517809,3
0,615633353,1.021736,2522169,56
0,619767179,1.021736,2528390,83
0,2849609627,0.987223,2531970,45
0,3046402231,0.970261,2532490,1
0,147090667,0.876115,2533407,7
0,3419737361,0.846639,2535031,17
0,1453537367,0.938541,2536807,19
0,657628687,0.813101,2539546,33
0,532575613,0.884436,2540140,2
0,1977038717,1.129332,2541357,11
0,3665284841,0.725512,2546206,63
0,1638150883,1.105296,2549012,34
0,2381633941,0.882225,2549527,1
0,4270635121,1.075745,2551092,12
0,2475426197,0.880563,2553011,21
0,1817158087,0.816696,2555251,10
0,789654247,0.882225,2556516,9
0,3698132987,0.893772,2557182,3
0,3480166411,0.950945,2557971,5
0,1995104719,1.068458,2558497,1
0,4073240401,0.915364,2559153,3
0,746773757,1.063419,2559731,2
0,1398582281,0.834439,2560446,4
0,4120835897,0.816696,2562921,29
0,248038207,1.017906,2564976,23
0,2084722051,0.872205,2566200,11
0,3855755887,0.725512,2569438,40
0,2488763419,1.008267,2573284,49
0,1098289603,0.830921,2574486,11
0,2566590713,1.094196,2575204,4
0,3828996427,1.077559,2576767,16
0,2001402407,1.033615,2581321,59
0,3333743177,1.039268,2582037,4
0,1350943903,0.783123,2582614,2
0,4225484777,0.981270,2585882,40
0,3013150513,0.908940,2589031,39
0,4197496981,0.906789,2589896,6
0,3132155713,1.008267,2591791,21
0,3144473963,1.064795,2592660,6
0,2396883011,0.984747,2593524,6
0,1124784257,0.963190,2594301,5
0,2118373729,0.877786,2597876,45
0,636251113,0.897044,2598664,5
0,3210218719,0.948374,2601402,33
0,3993680881,0.758416,2602820,14
0,3443555303,1.093750,2604030,11
0,2961571759,1.097761,2606022,18
0,1211587511,0.960652,2608048,22
0,1893495629,1.016466,2610382,27
0,3486467059,0.975280,2611450,6
0,2254204411,0.876115,2612046,2
0,948368543,0.938021,2612980,7
0,4025916541,0.988706,2614422,14
0,2012204917,0.973777,2618705,55
0,3131794579,1.166760,2619222,1
0,2439120539,0.854103,2621765,30
0,3914409971,0.970764,2624117,27
0,3215388973,1.047225,2626729,31
0,4094789339,0.766103,2631496,62
0,1418124509,1.106621,2632425,7
0,2414842099,0.972774,2633014,2
0,1642337761,1.006328,2634418,14
0,193859339,0.818488,2635135,4
0,3348402403,0.954021,2635714,2
0,2945226593,1.012616,2636295,2
0,3586716187,0.884436,2636948,3
0,1398935873,0.981270,2640232,41
0,2357288137,0.864897,2641224,8
0,4097322563,0.938021,2644459,40
0,4227380639,0.920152,2648887,57
0,2992077103,1.178005,2653835,60
0,334497853,1.135799,2656812,24
0,1440254831,0.732211,2657500,1
0,2867973811,0.908940,2659294,19
0,4164418231,0.976781,2661575,26
0,3984550379,0.858096,2662730,10
0,3245174459,1.091963,2664359,17
0,1898279321,0.875558,2665859,15
0,463154521,0.729539,2667267,14
0,736685513,0.973777,2669521,26
0,4192871603,1.000976,2671356,20
0,3707787599,1.095534,2672785,14
0,4131098827,1.120651,2673648,6
0,634641913,1.202618,2674589,7
0,1195411093,1.056047,2675507,7
0,2602159139,0.975280,2676163,3
0,3290122723,0.910550,2679131,36
0,164393699,1.058356,2679633,1
0,85537471,1.054659,2684518,64
0,611822737,1.115411,2687799,41
0,3843678431,0.884436,2688870,9
0,2956311161,1.287712,2690780,21
0,2346295799,0.797334,2693042,25
0,1913717809,1.125868,2694112,9
0,3796425301,1.064795,2695468,13
0,50794033,0.920152,2696102,3
0,132552391,0.894864,2697509,14
0,999128701,0.864897,2700742,40
0,2820646951,1.012133,2702364,17
0,1805690027,0.858664,2703359,8
0,4136659421,1.031723,2703874,1
0,1321927133,0.981767,2710295,77
0,47417021,0.952484,2712495,25
0,590110289,0.787475,2716640,51
0,3781129777,0.940101,2718165,15
0,2762509259,0.908940,2719439,12
0,4010670121,0.791804,2720579,10
0,3417374033,0.858664,2730088,130
0,699511957,0.930180,2731428,13
0,4110859367,0.956066,2733130,18
0,3564639769,1.137517,2733634,1
0,3370136257,1.037387,2739911,84
0,2460714647,0.970764,2741603,18
0,4157479393,0.950432,2742395,5
0,1640470327,1.004871,2746388,51
0,2241957247,1.033142,2746901,1
0,2740831937,1.017906,2747479,2
0,923277349,0.889391,2748045,2
0,3112557953,0.884436,2749405,13
0,4235946521,1.125868,2749919,1
0,564298039,1.105296,2751044,10
0,3190088383,0.973276,2752543,15
0,2112126553,0.964709,2756373,44
0,2350550099,0.970261,2761273,47
0,2491286989,0.969758,2762537,9
0,2229124873,0.858096,2767241,61
0,848961739,1.056047,2768229,8
0,646569409,0.784369,2771037,34
0,209335453,0.940101,2773080,23
0,1238126861,0.910550,2773794,4
0,3398790827,0.920152,2776749,36
0,1212857431,1.064337,2777954,11
0,1412300059,0.924387,2778962,8
0,2896294039,0.925971,2781018,23
0,3446434661,0.938541,2781811,5
0,2549986039,0.752600,2782415,2
0,53296013,0.657736,2783753,13
0,4042381477,1.199365,2784480,4
0,1369871819,0.958616,2789391,64
0,4101414437,0.849517,2791851,29
0,1603726769,0.775605,2800747,121
0,2438399833,0.836193,2805297,59
0,1978740133,0.816696,2807347,23
0,2455035587,0.880563,2810488,33
0,1812135361,1.126735,2811229,4
0,2037514397,0.884436,2812295,9
0,2970471173,0.908940,2813011,4
0,3535093607,1.102642,2815266,26
0,2275513363,0.968750,2818623,41
0,3837531497,0.864332,2820739,24
0,2666868233,1.003899,2821595,6
0,723679969,1.071652,2823417,20
0,2448552521,1.035031,2824065,3
0,2277616129,1.080726,2825834,19
0,3591224017,0.994614,2827042,11
0,616252277,1.012133,2828189,10
0,3926197349,0.960652,2829183,8
0,1181267929,1.061581,2830605,14
0,1661017847,0.908403,2831533,7
0,391366973,0.836193,2837568,80
0,2928229111,1.035031,2838091,1
0,1212986051,1.032197,2839221,10
0,581923057,1.110145,2841685,29
0,842481259,0.823246,2842977,12
0,2324459519,0.940101,2843919,7
0,2493583451,0.813701,2845123,11
0,7570663,0.938021,2849886,61
0,190436933,0.852959,2851458,16
0,1753228189,0.950432,2853418,22
0,1126076257,0.938021,2858587,63
0,543458171,1.001951,2859615,8
0,4125144377,0.928078,2860342,4
0,1112693249,1.073928,2862017,5
0,1086415129,1.098205,2863794,14
0,139140691,0.973777,2867753,50
0,3666808627,0.760345,2872904,67
0,3667052951,1.027930,2873633,4
0,3018740093,0.972774,2874360,4
0,1615978801,1.034559,2876536,25
0,4084692701,1.039268,2879714,39
0,1791242161,1.133647,2880777,9
0,981354799,1.105296,2881852,9
0,1680284687,0.937500,2883201,13
0,98685529,1.035031,2888996,77
0,815776537,1.094196,2891863,35
0,1994163499,1.014061,2892652,5
0,1845417571,0.968750,2893520,6
0,4239771373,0.860369,2894184,3
0,2159331001,1.105296,2895254,9
0,680454283,0.756482,2896045,5
0,4145993681,0.535826,2896849,5
0,994565633,1.050019,2898478,17
0,3550310693,0.789333,2899705,11
0,2234857271,0.969758,2900569,6
0,4185318517,0.933847,2904708,53
0,2124550601,0.938541,2905848,10
0,6992731,1.109265,2906689,6
0,739840889,0.732211,2910899,54
0,1321379767,1.039268,2911762,6
0,3062673011,0.991172,2913327,16
0,896150429,1.156672,2915447,20
0,1934273899,0.987223,2922246,86
0,3393636529,1.001951,2923352,9
0,3363562513,0.975280,2925873,30
0,2407833391,0.940101,2928347,29
0,587063011,1.066170,2929003,3
0,2060508481,0.919621,2929859,6
0,713493371,1.050019,2930437,2
0,1475239823,0.945797,2932079,17
0,2399112251,0.972774,2932876,5
0,3747191941,1.033615,2933945,9
0,101026339,1.008267,2935901,22
0,437803523,0.940101,2937099,11
0,3927430541,0.940101,2940693,45
0,2813333707,0.829745,2941623,7
0,2742240973,0.940101,2943315,18
0,656684489,1.068458,2943958,3
0,1414071877,0.849517,2947049,38
0,1083138373,1.002438,2948890,20
0,443463359,1.101313,2950516,17
0,2905384333,0.818488,2953758,40
0,708698699,0.974780,2955458,18
0,3017670713,0.910014,2959034,45
0,2879665249,1.111464,2960532,11
0,1497197717,0.886090,2961151,2
0,2471943571,0.796722,2961813,3
0,2632144859,0.911086,2963034,11
0,3847743191,0.848367,2965705,14
0,4133095481,0.755190,2966992,9
0,2110102429,0.884988,2969751,33
0,3709869299,0.824432,2971303,16
0,3968854249,0.960652,2971958,3
0,1899662983,0.950432,2973239,12
0,3043545919,0.891036,2974660,14
0,277693033,0.939581,2976543,21
0,3269044651,0.813701,2979423,35
0,292996181,1.038798,2980410,8
0,2604462761,0.886090,2981903,15
0,2700675059,1.099538,2983881,22
0,3204244343,1.073928,2989781,78
0,3207605279,0.970764,2991622,20
0,1092612863,0.851240,2993324,18
0,1743860543,0.941657,2995178,20
0,1257534169,1.001951,2996522,13
0,4078775387,0.971267,3006870,142
0,1839212267,0.936979,3007381,1
0,3287183663,1.073928,3009164,19
0,2292046121,0.921743,3014913,76
0,1106833939,0.647260,3015980,9
0,377342699,0.987223,3019922,46
0,3577150259,0.880563,3023023,35
0,1852613603,0.942694,3028505,72
0,3638114659,0.853531,3030429,21
0,797150201,1.035974,3031783,13
0,3337738763,0.969254,3033154,13
0,2395430809,0.908940,3035133,22
0,1063333213,0.851240,3036552,14
0,211531217,0.851240,3037471,7
0,1439452177,0.823246,3042579,67
0,523078027,0.945797,3044268,18
0,2236295569,0.897044,3045403,10
0,3823939291,0.920152,3046140,4
0,178271209,1.068458,3048581,29
0,1741057583,0.803435,3049175,2
0,1609883917,0.891036,3050037,6
0,2015763983,0.876115,3057896,106
0,609493751,0.888841,3059720,20
0,776983577,0.950945,3061147,14
0,556198889,0.829745,3064457,37
0,407264479,0.952484,3066590,10
0,2974000753,1.033615,3069023,25
0,3209339057,1.017906,3069820,5
0,3652280993,0.813101,3070534,4
0,3143681789,0.753248,3071398,6
0,1719689017,0.793036,3071974,2
0,3365581213,1.012133,3072561,2
0,2973806357,0.918559,3081495,122
0,3601727431,1.085235,3085038,44
0,1249007633,0.707797,3085821,5
0,3669993043,1.000976,3088923,38
0,740891869,0.942176,3090337,14
0,290189657,0.880563,3092312,22
0,975432863,1.136229,3094770,29
0,2449815443,1.225542,3095770,8
0,2758746253,1.032197,3097957,25
0,2913903337,1.044891,3100699,33
0,328975553,0.813101,3102038,13
0,2263543069,1.062959,3103317,12
0,2502617347,0.880008,3104450,10
0,893705041,0.808886,3106766,27
0,1268604763,0.924387,3110509,47
0,3745482779,0.760987,3111234,4
0,1391465161,0.822653,3112641,14
0,1328891623,0.880008,3113365,4
0,2500395871,0.670966,3114356,8
0,3273679753,1.110145,3115619,12
0,1054679123,0.963190,3117163,11
0,2071665511,0.929655,3119376,25
0,2023478953,0.919621,3120174,5
0,1870508803,1.121958,3125493,67
0,1186360579,0.787475,3127966,29
0,998436391,0.914830,3131700,47
0,2913552041,0.913227,3133616,21
0,2798041871,0.952484,3138048,57
0,3100944331,1.064337,3139902,20
0,409527109,0.907327,3140402,1
0,3323242337,1.021736,3145585,68
0,906784061,0.866589,3148462,35
0,384832951,1.142657,3151202,33
0,2992880509,0.942694,3151720,1
0,873938531,1.017906,3154529,34
0,2880432769,1.009718,3155041,1
0,3385394591,1.094196,3156045,8
0,3907476337,0.924387,3157197,10
0,2277867061,1.004385,3158905,18
0,3597231709,0.849517,3161849,36
0,2002180133,0.796722,3166669,58
0,218795329,0.817294,3167603,7
0,1467971773,0.938021,3170440,19
0,1803986311,0.843750,3171713,10
0,1475811229,0.956577,3174880,39
0,3788318207,1.094643,3175616,4
0,3029405927,1.104854,3178149,30
0,2295702403,0.880563,3180463,27
0,3306572237,1.070740,3181882,14
0,3356656691,0.908403,3182874,8
0,3584854081,1.070284,3186171,41
0,1107093167,0.970764,3188587,28
0,1365375391,1.043020,3189381,5
0,121246381,0.975280,3190093,4
0,395617483,0.938541,3190667,2
0,2461071013,1.073928,3192854,25
0,571785443,0.813701,3194260,14
0,2300665541,0.855816,3197276,37
0,2351241143,0.880563,3199561,26
0,116511973,0.817891,3200062,1
0,2980729039,0.914830,3200926,6
0,2529249427,1.187911,3201778,6
0,3148018301,0.893772,3203559,19
0,321480059,0.964203,3205524,22
0,2920055647,0.834439,3210005,58
0,2016673913,0.898132,3211349,13
0,1139469959,1.033142,3214643,41
0,4253157593,1.009235,3220859,79
0,1021302571,0.889391,3221597,4
0,2702900899,0.970764,3222322,4
0,2353380661,0.976781,3225911,43
0,2669310409,1.048623,3229585,46
0,949094837,0.834439,3235485,78
0,473612903,0.883883,3238928,43
0,1720492261,0.969254,3241409,29
0,699457861,1.066628,3242264,6
0,2940717721,0.889391,3243408,10
0,2766928711,0.858664,3246028,31
0,559883497,1.008267,3246748,4
0,162908579,1.035974,3247396,3
0,480220241,0.955044,3248184,5
0,2699934673,0.921743,3249528,13
0,2376866329,0.813101,3250873,13
0,4091999057,0.969758,3251808,7
0,637023967,1.001951,3252878,9
0,927836053,0.802219,3263386,144
0,60881537,1.067086,3269275,74
0,3275503619,1.033615,3272156,22
0,3613415171,0.786855,3274084,15
0,2986044077,1.195695,3274764,3
0,3896746169,0.977281,3276543,19
0,1890026581,0.875558,3278663,24
0,1891226881,0.911622,3280145,15
0,792551993,0.950432,3281001,6
0,355873103,0.877229,3282068,9
0,1132697999,0.760345,3283624,16
0,4174159427,0.843750,3284142,1
0,3210463093,0.853531,3286129,22
0,3272187959,1.101313,3290222,52
0,333378961,0.993141,3294975,62
0,3035632049,1.000976,3297237,26
0,2972422867,0.863202,3297748,1
0,522566999,0.932277,3299512,19
0,2428906541,1.007782,3301614,24
0,921921103,0.930180,3303122,15
0,2821980793,0.846639,3303899,5
0,4112838547,1.064337,3305337,14
0,1764369713,1.000488,3306123,5
0,418020257,1.140946,3308091,22
0,3209094953,1.284295,3311007,35
0,435238649,1.192833,3312003,8
0,978430351,0.879453,3313563,16
0,1927071697,0.970764,3318691,67
0,873952411,0.880008,3320961,26
0,3472143947,0.991172,3322946,22
0,2918305367,1.008267,3326671,43
0,1011365521,1.025076,3328186,15
0,293371147,0.927551,3328972,5
0,3459174601,1.000488,3330342,11
0,3447549233,0.824432,3331701,13
0,216054481,0.852959,3332625,7
0,1155306143,1.064337,3334193,16
0,3431457067,0.911622,3335815,17
0,740323693,0.875558,3337706,21
0,1894628621,0.813701,3338431,4
0,2103259181,0.877786,3341739,41
0,3264009053,1.097316,3342389,3
0,905753227,0.987223,3345849,43
0,1043549047,0.983258,3350394,57
0,2920558483,1.194878,3353730,41
0,4129001579,1.004871,3354590,6
0,1942340129,0.888841,3355303,4
0,4167609833,0.942694,3356100,5
0,1211301649,0.911622,3356817,4
0,1833149687,1.098205,3358304,15
0,2012521031,0.964709,3362945,60
0,4148722133,0.938541,3363468,1
0,2641784737,0.822653,3364129,3
0,613151569,0.945797,3366731,31
0,292422007,0.844907,3367927,11
0,2387546041,0.815499,3370764,30
0,3358489193,0.848367,3374263,27
0,1996126889,0.882225,3378426,49
0,2344635287,1.012616,3381321,35
0,1250433641,0.933847,3384257,36
0,1034686063,1.187911,3384978,4
0,2594325017,1.105296,3387814,34
0,300258037,0.662176,3392633,63
0,2431490707,0.956577,3395385,33
0,2547385777,0.942176,3395964,2
0,2153345687,0.970261,3398353,28
0,351504011,0.944247,3399759,14
0,2897954303,1.004385,3400287,1
0,1539766429,0.668779,3401013,4
0,2123879423,1.017906,3401686,3
0,1754638399,0.915897,3404714,37
0,2482487431,0.822653,3405575,6
0,1655254481,0.899761,3407824,26
0,427899053,1.105296,3410488,32
0,1395149851,0.762910,3411140,3
0,2154481097,0.791187,3412138,8
0,3132786341,0.891584,3413483,13
0,1726075903,0.928078,3414422,7
0,3814946467,1.070740,3416885,29
0,3798556297,0.897588,3417950,9
0,3131553827,0.925971,3419796,20
0,710675111,1.064795,3421696,21
0,2817213823,0.875000,3424706,32
0,4128623243,0.832682,3426986,26
0,3244063507,1.004385,3427507,1
0,1658148523,0.760345,3428021,1
0,2804727131,0.681078,3428954,7
0,615577153,0.864897,3430160,8
0,1113796963,1.067086,3433609,43
0,206387471,0.880563,3436756,39
0,3893047747,0.977281,3438520,19
0,2404894159,0.969254,3439116,2
0,828559439,0.958107,3442266,39
0,3522960319,0.888841,3442865,2
0,1482435653,0.940101,3444557,18
0,4163229401,0.891036,3448200,46
0,2530847309,0.911622,3450039,20
0,2844348289,0.939581,3450892,6
0,2847768247,0.876673,3454842,50
0,967236463,1.071652,3456679,20
0,2429779327,0.866589,3457823,10
0,3283111591,0.815499,3459247,14
0,4218734453,1.008751,3459836,2
0,2270441321,0.796722,3464200,56
0,1159273177,0.983258,3467215,37
0,3312962089,0.956066,3468151,7
0,4158966289,0.973777,3470328,25
0,4127485363,0.907327,3471195,6
0,1154559181,1.027930,3477038,73
0,1458000641,1.000976,3478139,9
0,2125431731,0.978779,3480203,23
0,1548559171,0.952484,3483638,43
0,2105773279,1.012133,3486586,36
0,3904795457,0.919621,3488077,15
0,2012235359,1.002925,3491127,37
0,2633647657,0.908940,3492481,13
0,976624531,0.973777,3494041,16
0,2079698833,0.951972,3496720,32
0,2330622383,0.973777,3500330,44
0,2664388219,0.783746,3501491,10
0,3532177097,0.911622,3502772,12
0,3164533007,1.135799,3505770,36
0,1338669197,0.911622,3508867,38
0,515638631,0.940101,3510831,22
0,3330690277,0.904092,3511686,6
0,231099731,1.002438,3513794,24
0,3675089911,1.157938,3515015,11
0,2839574861,0.938541,3517198,25
0,1732905929,0.886090,3519316,24
0,1619413303,0.906250,3520029,4
0,2937702683,1.035031,3521304,12
0,170772419,0.882225,3525568,55
0,56908169,0.827978,3529273,47
0,3330152257,0.941657,3530058,5
0,2792034737,0.946313,3533355,41
0,1025622137,1.000488,3534412,9
0,1257234647,1.003899,3535696,12
0,1112616913,0.824432,3536978,12
0,4036253993,0.956066,3537905,7
0,983514101,1.101313,3540374,29
0,755587531,0.719429,3541714,13
0,209320981,0.944247,3542980,12
0,2987319199,1.002438,3544842,20
0,2194363351,0.970764,3545424,2
0,4262001239,0.944247,3546997,16
0,4176767323,0.836193,3548846,20
0,1826663257,0.958616,3550815,22
0,2737747127,0.786855,3554188,42
0,3142877093,0.827978,3555562,13
0,3755912687,0.888841,3556299,4
0,455347667,0.876115,3557010,4
0,773062357,1.033142,3559051,23
0,1163266919,0.815499,3559844,5
0,4051779653,1.001951,3561115,12
0,2199651889,0.911086,3561828,4
0,3153211681,0.883883,3563803,22
0,203256047,0.820275,3564445,3
0,924779981,0.950945,3565170,4
0,389948579,0.942694,3569640,58
0,1620048611,0.846639,3572664,37
0,713648099,0.993141,3579337,71
0,3204753857,0.858664,3580651,10
0,4200203737,0.842012,3586217,71
0,3635792591,1.113658,3588006,19
0,677064511,0.944247,3589632,17
0,1858328111,1.021736,3590157,1
0,1072663967,0.884988,3592843,32
0,2898848929,0.844329,3596058,40
0,1943875457,1.085235,3598677,31
0,1282306453,1.017906,3600382,18
0,3900261643,1.012616,3601655,12
0,3390611491,1.039268,3604317,32
0,3894865339,0.815499,3605671,13
0,2261432189,1.002438,3608488,34
0,1465322513,0.977281,3610041,16
0,1496496061,0.989199,3611327,12
0,3773729521,0.963190,3613656,27
0,711486619,0.813701,3618509,63
0,2586729881,0.855246,3621970,43
0,1543166003,0.939581,3623136,10
0,1164845999,0.975280,3624830,18
0,964037279,0.908403,3626669,20
0,1941216229,0.940101,3627393,4
0,1919304223,0.884436,3628250,6
0,1801827113,0.950945,3630441,25
0,3923074721,1.038798,3631858,14
0,3999624103,0.915364,3633263,8
0,1380013631,0.815499,3634629,13
0,154506239,1.033142,3638409,45
0,3014006057,0.815499,3639702,12
0,1360979447,0.844907,3643715,51
0,1890392813,0.875558,3644227,1
0,2627413513,1.002438,3645007,5
0,1423227493,0.851240,3646710,18
0,1382835061,0.789333,3648055,13
0,260263033,0.891036,3649748,18
0,3175250833,0.969758,3653605,49
0,253785509,0.752600,3654453,6
0,3499162451,1.033142,3655798,13
0,2169190183,0.906789,3657994,25
0,4136748323,1.097761,3659063,9
0,3684549971,1.009718,3659656,2
0,1999054501,0.815499,3662814,39
0,3004390559,1.146496,3664649,20
0,2333247947,0.913227,3665434,5
0,4087320241,1.098205,3666645,11
0,1757279869,0.880008,3672530,78
0,3282867521,0.952484,3673313,5
0,1353360187,0.913227,3673971,3
0,3618216967,1.106621,3675393,14
0,2716666709,0.882225,3679639,50
0,2531927267,1.054659,3681628,9
0,265056719,0.690335,3682252,1
0,1448284597,1.062959,3684025,18
0,3987938281,0.925971,3684964,7
0,1149754159,0.970764,3686041,9
0,2521368793,1.067086,3687800,19
0,220719853,0.920152,3688585,5
0,3084518609,1.021736,3691317,33
0,81749251,1.225940,3692510,11
0,123835853,0.911622,3694339,20
0,508664869,0.908403,3696525,25
0,3063397993,0.778746,3697613,9
0,710278879,0.971267,3699331,18
0,154717933,0.799169,3699905,2
0,65561581,0.884988,3701873,22
0,4079179271,1.097761,3706230,56
0,1193434127,1.070284,3707714,15
0,1174532479,0.844907,3710321,31
0,849532709,0.853531,3712154,20
0,1849531699,1.040677,3713171,8
0,3668453753,1.084785,3714591,14
0,1392717983,1.098205,3716278,18
0,2789407417,1.050483,3717694,14
0,1200257041,0.751301,3721263,45
0,2132709433,0.827978,3722260,8
0,3664554973,0.946313,3723201,7
0,2885469017,0.927551,3724901,18
0,34521007,1.161727,3725751,6
0,547925771,1.004871,3732960,97
0,4031376703,1.050483,3737940,61
0,1127527487,0.827978,3738479,1
0,4255532341,0.911086,3740622,22
0,2290043879,0.753248,3741641,8
0,443280161,1.125434,3742422,5
0,2798649433,0.877229,3744380,22
0,3097276153,0.938021,3745877,15
0,2211207563,0.827388,3747996,24
0,4097808443,0.815499,3750811,34
0,745462447,0.880563,3752102,12
0,1435483057,1.040677,3753382,12
0,4123002097,0.906789,3754026,3
0,3148385267,0.942694,3754752,4
0,2583434341,1.014061,3760300,73
0,3889864481,0.884436,3761300,8
0,2735789857,0.908940,3762498,11
0,4075585669,1.099538,3763081,2
0,2953179989,1.066628,3763729,3
0,3658777439,0.884436,3765427,18
0,3812029687,0.975280,3771633,82
0,1027857407,0.978779,3773821,25
0,1348192847,0.963190,3776636,34
0,3959120309,0.973276,3777990,13
0,2663052779,0.849517,3778659,3
0,1514927329,1.000976,3784115,53
0,3325364183,0.724838,3785498,11
0,452665463,0.813701,3786284,5
0,796553557,0.970764,3793658,99
0,2325967673,1.014061,3794792,10
0,3996013643,0.760987,3795374,2
0,3334443611,0.877786,3797790,28
0,1104856793,1.066170,3800037,26
0,6545771,0.786855,3800591,2
0,3754121933,1.064795,3801116,1
0,1134738953,1.102642,3801622,1
0,1496369159,0.964709,3803106,15
0,1118472697,0.880563,3804660,16
0,2297096653,1.074382,3806449,19
0,1090282859,1.012616,3807309,6
0,3630152663,0.753248,3808041,4
0,2141324279,0.760345,3810579,30
0,1584652123,0.750651,3813332,33
0,1140413299,1.071652,3815657,27
0,2053236391,1.064795,3819523,49
0,2293168079,0.942694,3822214,32
0,1247805313,0.791187,3823919,18
0,1582428977,0.716027,3826736,34
0,3168080297,1.000976,3827669,7
0,3671659633,0.907327,3829160,15
0,1904409449,0.981767,3829881,4
0,1696390511,1.219551,3830606,4
0,3562895803,0.649519,3835363,55
0,2205070871,0.867152,3837239,20
0,2314729799,0.782499,3840206,33
0,1450266361,0.932801,3841496,12
0,4122118909,0.981270,3842435,7
0,1994945857,0.981767,3843638,11
0,1698685607,0.817294,3844434,5
0,3655615487,0.915364,3846516,22
0,643456547,1.031723,3848785,26
0,2488867427,0.756482,3850062,12
0,1613860697,0.877229,3851961,21
0,3957570703,1.033615,3854433,29
0,2250978073,0.981767,3855084,3
0,4001614277,1.082983,3857205,24
0,2732669987,1.094643,3857851,3
0,390233839,0.827388,3859414,16
0,490873301,1.197736,3861511,24
0,1599645337,0.972774,3862932,14
0,2528020609,0.906250,3863641,4
0,542682563,0.911622,3867079,43
0,3734814431,1.035974,3868994,21
0,2479777613,0.971267,3870276,12
0,2152040543,0.877229,3872957,32
0,759082591,0.844907,3876961,51
0,162662531,1.079370,3879057,24
0,297780971,0.880008,3880556,15
0,201913351,1.140946,3882375,15
0,391107679,1.052341,3885837,29
0,4157049277,1.044891,3887126,8
0,2856206347,1.033615,3888495,12
0,3853241867,1.067086,3890281,14
0,4144335577,1.002438,3891731,13
0,2658435211,0.918559,3892240,1
0,2532074431,1.050019,3892829,2
0,3027024619,0.893772,3893625,5
0,136354219,1.251171,3894905,12
0,744900217,1.012133,3898754,49
0,3992400497,0.908940,3901845,38
0,4109247299,1.009235,3903608,19
0,2782671823,1.065254,3904819,11
0,4052373901,1.063419,3907089,26
0,1227871507,0.791804,3909989,35
0,1694162293,0.761629,3912046,23
0,1892770133,0.981270,3912629,2
0,1500089281,1.099538,3913271,3
0,1038132521,1.094643,3915308,23
0,579238147,0.844329,3916503,11
0,2714476957,0.813701,3917292,5
0,246208253,1.012133,3917800,1
0,2507533421,1.050483,3918594,5
0,2102922119,1.033142,3920495,20
0,920320859,1.003899,3921250,4
0,4199265229,1.095534,3921767,1
0,661685617,1.008267,3926622,62
0,2929066229,0.891036,3929458,34
0,1024592281,1.014061,3930799,13
0,529881263,0.969254,3932013,11
0,4089221263,0.880563,3933450,14
0,1715499673,0.808886,3936733,41
0,1400899453,1.054659,3940749,51
0,163428217,0.814900,3941642,1
0,450838763,1.064337,3943121,12
0,2623740649,0.915364,3944268,10
0,2509532941,0.891036,3946471,25
0,2679602069,0.946829,3948861,25
0,740537117,0.950945,3950363,15
0,3203323271,0.952484,3952143,19
0,594134839,1.068458,3953078,7
0,1644666263,1.002438,3954909,20
0,2852570779,0.849517,3955765,6
0,1263082091,0.940101,3967634,164
0,3513112583,1.063419,3969825,25
0,103492231,0.973276,3970737,7
0,3129449249,0.987223,3972296,16
0,152945137,0.971267,3973634,13
0,1873045547,0.863202,3977147,44
0,2044336627,0.910550,3977871,4
0,2391626299,0.981767,3979780,21
0,2638996541,0.938021,3981144,13
0,2851291283,0.942176,3981652,1
0,421546487,0.944247,3983278,17
0,3829429249,0.880563,3984796,11
0,724583747,0.986728,3985738,7
0,1037376707,0.863202,3986458,4
0,3701911127,1.067086,3989313,18
0,2101379831,1.114973,3990017,1
0,4002388639,0.791804,3996606,88
0,578323657,0.872205,3998711,24
0,139227353,0.844329,3999206,1
0,3430874389,0.999023,4000628,14
0,2698955741,0.897588,4004711,52
0,1338778099,0.994614,4006342,17
0,3974037553,1.110145,4007617,12
0,633293803,0.947859,4008141,1
0,4117003367,0.791804,4008797,3
0,2915710751,0.960652,4014007,68
0,3059982659,0.875558,4019259,69
0,842329951,0.822059,4022601,41
0,307928263,0.766103,4024641,23
0,1429568869,0.876115,4025850,11
0,508178849,0.846639,4029284,43
0,289304707,0.750000,4029784,1
0,2083324039,0.977281,4034223,57
0,2691938857,0.940101,4036891,32
0,1949173697,0.944764,4037813,7
0,2699494451,0.923330,4039183,9
0,865283033,0.921743,4041943,33
0,1299473807,0.889391,4043517,16
0,1572333551,1.106621,4045225,15
0,1682933387,0.942176,4048881,46
0,35645773,1.100870,4050837,22
0,292685623,0.981270,4053492,32
0,647505077,0.797334,4054974,15
0,1822293643,0.818488,4055639,3
0,2806650499,0.766103,4057550,21
0,2982901697,0.872205,4059889,27
0,202632893,1.168432,4060881,8
0,1016951197,0.886090,4062514,17
0,1929047161,0.956577,4063735,11
0,3293188901,1.033615,4065984,26
0,715957117,0.921743,4067141,10
0,4055548859,0.950945,4069049,21
0,3121817177,0.834439,4069701,3
0,1084309607,1.047225,4070694,8
0,3989822471,0.946313,4073652,36
0,3076784761,1.039268,4074573,7
0,4217216191,0.891036,4075861,12
0,2488256297,0.915364,4078409,30
0,2347635197,1.068458,4080043,17
0,2054150113,0.921743,4080708,3
0,376163303,1.074382,4085340,60
0,2042188481,0.884436,4086787,10
0,2933169319,0.820870,4090858,39
0,1670335687,0.910550,4092427,12
0,2158835501,1.125868,4093642,11
0,4218763541,1.104854,4094297,3
0,759616493,1.128899,4096840,30
0,3237038681,1.130628,4097343,1
0,1875871733,1.068458,4099697,27
0,1155319741,0.784369,4102879,39
0,4122088279,1.167596,4105769,35
0,610938071,1.110145,4106768,8
0,344818807,0.687500,4107346,2
0,3736439897,1.162987,4108413,9
0,255540127,1.093303,4109483,9
0,3334443991,1.009718,4111348,20
0,1903321951,0.912157,4113891,30
0,2779233199,0.814900,4118758,63
0,708535727,0.786855,4121872,38
0,379640059,0.784369,4123983,24
0,3078639241,1.066170,4125406,14
0,605972413,1.043020,4126272,6
0,358556813,0.820870,4128950,32
0,2945602999,0.751301,4136709,105
0,3579820397,1.007782,4137379,3
0,2445179557,0.786234,4139211,20
0,4048054429,1.135799,4140066,6
0,3576370537,1.004871,4141422,13
0,639699727,1.048623,4151332,128
0,815826097,0.969254,4156110,62
0,3066423223,0.941657,4158854,33
0,991498723,0.808886,4159777,7
0,3313491469,1.012616,4160303,1
0,3723505939,1.024123,4164646,56
0,663325643,0.968750,4167039,28
0,1940314993,0.908403,4170692,46
0,3125637947,0.908403,4172813,24
0,2937108271,1.077106,4174315,15
0,4147840351,0.908940,4175953,17
0,3523037261,1.012133,4178705,33
0,2859837583,0.937500,4180412,18
0,983739931,0.915364,4181966,16
0,1109887411,1.097761,4184648,32
0,1781911693,0.786855,4189269,56
0,2826948689,1.032197,4190024,4
0,1767786721,0.888841,4192906,23
0,419617769,0.920152,4194265,9
0,3970100873,1.207480,4196046,19
0,3327876389,1.067086,4203767,104
0,3836747951,0.908940,4204837,9
0,2428604371,0.707797,4207654,34
0,4100228753,0.813101,4209002,13
0,718213583,1.006328,4209512,1
0,1685201363,0.783746,4210653,10
0,2831987057,0.693159,4211229,2
0,3479105239,0.911622,4211963,4
0,2978766943,0.960652,4214083,24
0,2210446541,1.078012,4215426,13
0,1782844603,1.048623,4219211,48
0,3542877337,0.829745,4220617,14
0,3962411951,1.068458,4221350,4
0,1552040291,1.037387,4222964,17
0,1462177511,1.012133,4223833,6
0,963380711,0.851240,4226712,35
0,719100959,1.091963,4227223,1
0,3217494853,0.944247,4230120,35
0,1607636243,0.755190,4230911,5
0,4212618019,0.927551,4235953,66
0,4281840427,0.889391,4237533,16
0,2013350489,0.958616,4244576,89
0,1810518551,0.858096,4246228,17
0,3195187691,0.947859,4249257,34
0,1939687457,0.971267,4250542,12
0,145693943,0.915364,4252874,27
0,633621689,1.006328,4253515,3
0,950727047,1.039738,4254718,11
0,679463557,0.986728,4255505,5
0,4233320699,0.972774,4257697,25
0,2701558471,0.883883,4258346,3
0,3189048211,0.879453,4261787,43
0,935208731,0.888841,4263763,22
0,3275537627,0.942694,4265328,16
0,1836400987,0.824432,4266605,12
0,1455277787,0.782499,4269722,38
0,711708541,0.940101,4272948,40
0,2854034423,0.834439,4274027,9
0,342903349,1.066628,4275088,9
0,1072848457,1.127168,4277413,27
0,2485501259,1.195695,4278141,4
0,2813068151,0.814900,4279834,18
0,3150890243,0.921743,4280694,6
0,2606768777,1.142657,4281896,11
0,1458367213,0.750000,4286532,60
0,3174125861,0.851240,4289980,43
0,2177723503,0.950432,4290500,1
0,1865682121,0.919621,4292360,16
0,1625505437,0.849517,4292895,1
0,3514814153,0.683225,4295728,20
0,2499128977,1.006328,4299826,47
0,3297542069,0.972774,4302227,28
0,2650864063,1.101313,4302882,3
0,3088107619,0.946313,4303455,2
0,1473916943,0.973777,4304181,4
0,3148595053,0.993632,4305822,17
0,575112017,0.846639,4306317,1
0,316342333,0.753248,4308862,30
0,2409533839,0.946313,4312655,48
0,119135557,1.019344,4315522,35
0,629673151,0.884988,4316235,4
0,3138845737,0.738188,4318417,25
0,213724891,0.977281,4319273,6
0,2067798581,1.038328,4320056,5
0,3070681547,0.852959,4321484,14
0,3595176467,0.753248,4322753,12
0,1437872567,0.985243,4324183,14
0,2913171809,0.899761,4326577,28
0,1464246727,0.827978,4328204,17
0,2918691439,0.973276,4333125,64
0,2956606859,0.882225,4334816,18
0,2267808877,0.915364,4338864,52
0,4181232863,0.724164,4339872,8
0,1137709957,0.975280,4341150,12
0,3003072251,1.123697,4342023,6
0,75764147,0.987223,4345097,38
0,1851044947,0.939581,4348413,34
0,490421011,0.688919,4349552,9
0,2113294567,0.888841,4350211,3
0,1727170217,1.125434,4350997,5
0,2362291969,0.977281,4352644,15
0,3196102361,1.014061,4354016,13
0,2578398377,0.952484,4357205,39
0,1837927699,1.035974,4360910,47
0,3212306051,0.877786,4361918,8
0,1657109981,1.108825,4363277,13
0,2466069497,0.849517,4365193,21
0,3482030137,0.880563,4366326,10
0,1327494781,0.983258,4367337,8
0,834489641,1.016466,4369457,24
0,2386460803,1.127168,4370031,2
0,1328092481,0.848942,4370811,5
0,3032313469,1.033142,4371400,2
0,18796303,1.032197,4372111,4
0,2621225281,0.972774,4372829,4
0,884546417,1.080726,4373611,5
0,2329740181,1.125434,4375029,14
0,1728103583,0.978779,4375604,2
0,559836857,0.814900,4376120,1
0,2782996859,0.954021,4383881,105
0,4144370047,1.003899,4385784,21
0,1883329601,1.127168,4387676,21
0,4159527661,0.901929,4388546,6
0,3034084093,1.000488,4389833,12
0,4020867541,1.037387,4391042,11
0,1656544181,0.846062,4392330,12
0,2571390673,0.955044,4392836,1
0,848354257,0.766103,4393924,5
0,739113217,1.007782,4395293,13
0,3644507663,1.097316,4396360,9
0,1026707797,0.844907,4398536,11
0,1124772739,1.035503,4401590,35
0,220632043,1.019823,4404125,30
0,3288482917,0.822653,4406506,28
0,871451401,0.820870,4407288,5
0,2130530231,0.940620,4408659,13
0,1088802571,0.973276,4409517,6
0,2324957237,0.908940,4411632,24
0,109249141,1.033142,4412192,2
0,2280868841,0.786234,4416818,60
0,843289691,0.993141,4418503,18
0,2535999241,0.836777,4419282,5
0,3422405279,1.094643,4420984,18
0,1552206599,0.813101,4421777,5
0,2279418893,0.846639,4422433,3
0,3663746689,0.786855,4424887,29
0,2470864073,1.133647,4426513,17
0,1658664377,0.903552,4428628,24
0,938441843,1.014061,4429843,11
0,1357362607,1.097316,4430985,10
0,3703797677,1.062959,4432431,14
0,1010426477,0.814900,4433218,5
0,1990055299,0.876115,4435341,24
0,21494717,1.000976,4438223,35
0,1428014509,1.135799,4439925,18
0,167085403,1.068458,4440923,8
0,1745960963,1.064337,4442261,13
0,156329039,0.913227,4443383,10
0,3528889927,0.730876,4445907,30
0,2323972583,0.653267,4446967,9
0,2763288893,1.221951,4450356,38
0,502176097,1.050019,4451709,13
0,4290816599,0.970764,4452782,9
0,4253240053,0.730208,4454103,10
0,3927646423,0.938541,4456371,26
0,3603960949,0.792420,4459867,44
0,3438894971,0.954021,4464988,67
0,4253855351,0.925971,4465516,1
0,3128658647,0.920152,4468049,30
0,2765268139,0.968750,4469620,16
0,4251139951,0.852386,4470783,10
0,3101737279,1.002438,4474436,46
0,1916569961,0.846062,4475088,3
0,113841257,1.038798,4475857,5
0,1068101779,1.003899,4477063,11
0,2946284321,0.848942,4482038,65
0,1209081751,1.100870,4488828,91
0,2964010277,0.972774,4490246,14
0,1243494709,0.946313,4491240,8
0,3697466827,0.958107,4492458,11
0,106884109,0.818488,4492958,1
0,4139392811,1.062959,4494734,19
0,2181852721,1.084785,4497229,25
0,1877832101,1.125868,4498606,13
0,935388101,0.813101,4502461,36
0,604793239,0.815499,4503406,5
0,3362384887,1.003899,4507141,47
0,2530379879,1.133647,4508345,11
0,2237541659,0.638143,4511927,45
0,454264477,0.956066,4513551,17
0,2032569199,0.894864,4515882,27
0,4294437193,1.062959,4517516,17
0,2637423629,0.792420,4521795,55
0,2922969157,0.880563,4523921,24
0,2622245377,1.142657,4525609,18
0,1053853343,0.972774,4526760,10
0,1637238067,0.941657,4527899,10
0,939099859,0.895409,4532541,60
0,1467566027,0.897044,4533760,11
0,763047631,0.978779,4534493,4
0,604052027,1.033615,4535269,5
0,2292744143,0.960652,4537190,21
0,2762333033,0.910550,4540227,37
0,2798050657,1.001951,4541095,6
0,30782593,0.908940,4541932,6
0,3070563787,0.940101,4542790,6
0,2915574797,1.008267,4543579,5
0,2723424073,0.963190,4544708,10
0,1791478613,0.760345,4546418,18
0,2595450191,0.876115,4549096,32
0,1397457727,1.159202,4549886,5
0,3758726651,0.801610,4550917,4
0,591265459,0.761629,4551894,6
0,428141729,1.040677,4557847,76
0,4187500951,0.895409,4561997,53
0,4198906487,0.818488,4565433,43
0,39826387,0.797334,4570264,63
0,2519016683,0.844329,4572407,24
0,1944255211,0.937500,4573066,3
0,3823165169,1.075745,4573801,4
0,2560894079,1.156250,4575080,12
0,2705654251,1.097316,4577481,28
0,3509373239,0.844907,4580240,33
0,1856967017,0.973276,4582627,28
0,110683121,0.844329,4587170,59
0,1136918383,0.942694,4588952,19
0,2803217237,1.063419,4590951,22
0,1242128023,0.913227,4595204,54
0,1872471047,0.968750,4595925,4
0,160523563,0.921743,4604095,91
0,2961440413,1.204241,4606584,25
0,837911309,1.010685,4607714,10
0,2220009437,1.023646,4609353,17
0,428414887,0.944247,4611593,26
0,2678287301,0.875558,4617219,74
0,2548198657,0.628894,4620928,47
0,2359333433,0.883883,4621915,8
0,633656057,0.824432,4622780,6
0,401010679,0.964203,4623733,7
0,1362811799,0.938021,4624318,2
0,3651287617,1.009718,4627132,34
0,3750150757,0.848942,4627644,1
0,308557423,0.941657,4628704,9
0,3992876113,1.038328,4629365,3
0,2783276039,1.207884,4630441,9
0,4053206723,1.201399,4632007,16
0,542819929,1.142657,4636049,52
0,971723483,1.077106,4637410,13
0,2604075427,1.017426,4638059,3
0,1110239569,0.950945,4639208,10
0,3366058793,1.017906,4639927,4
0,2030906597,0.791804,4640506,2
0,2363070323,1.067086,4642298,19
0,595551343,0.988706,4643022,4
0,2702095337,1.006328,4643949,7
0,4135397153,0.766740,4645230,12
0,3333753461,0.743461,4646643,14
0,1347000643,0.908403,4648334,18
0,1710832967,1.031723,4649695,13
0,1139794043,0.862070,4650568,6
0,2809395737,0.884436,4653247,32
0,384802391,0.908403,4654805,16
0,1230636559,1.166760,4657640,32
0,2619091963,0.850666,4660603,33
0,2930051323,1.082983,4664204,45
0,4158886673,1.095534,4665553,13
0,2745328769,0.849517,4666480,7
0,10031027,0.919621,4667526,9
0,2150910911,0.888841,4669216,18
0,249872479,1.033615,4670690,15
0,1522012277,0.975280,4673920,40
0,682244117,0.858096,4675816,21
0,1288024187,0.923330,4679343,44
0,3539059883,0.908403,4682164,34
0,958606043,0.952484,4683235,9
0,1809599471,1.035031,4686490,40
0,3746006773,1.104854,4687634,10
0,2116735123,1.037387,4688769,10
0,298117861,1.004385,4691238,29
0,4163508683,1.161727,4694215,36
0,972443149,0.902471,4695565,13
0,4182479929,0.844907,4703514,103
0,2114293387,0.991172,4708596,51
0,2428765939,0.721462,4710125,13
0,2395078811,0.884988,4713973,49
0,2381043787,1.000976,4716324,27
0,2648596177,1.247654,4716911,2
0,3975477271,0.915364,4718208,12
0,1915666703,0.761629,4720806,31
0,3278377027,1.101313,4724305,44
0,2919485719,0.884436,4725649,13
0,2526516799,1.132354,4728392,33
0,3495701999,0.920152,4730866,29
0,4077197627,0.983258,4737435,88
0,1037998601,1.177176,4739270,20
0,1750085531,0.699470,4739987,4
0,3118934081,1.000976,4741898,21
0,2836524359,0.942176,4742410,1
0,3170079967,1.095534,4742931,1
0,674141701,0.843750,4744687,19
0,879476947,0.938021,4750249,73
0,3099456721,0.866589,4752639,28
0,494194247,0.882225,4753155,1
0,982085057,0.971267,4757710,55
0,997258957,1.082983,4761985,52
0,2952441487,0.960652,4763778,19
0,98461189,0.824432,4765750,22
0,3984017101,0.991172,4766406,3
0,2710045033,1.104854,4768228,20
0,2157098551,0.978779,4769160,7
0,2979890171,0.846062,4770943,19
0,2627421331,0.946313,4772865,21
0,594582319,0.817891,4773374,1
0,2671055687,0.942176,4774580,11
0,3113521589,0.849517,4776968,28
0,3373057027,1.064795,4779292,27
0,3802400957,0.993141,4781545,26
0,1999192561,0.970764,4785063,44
0,3637505041,0.908403,4788457,42
0,1961561773,1.039268,4789118,3
0,2061694913,0.950432,4790621,15
0,2395226513,0.784369,4791816,11
0,1919712961,0.964203,4793306,15
0,2769997151,1.074382,4795350,23
0,3136958089,0.849517,4797276,21
0,2549873477,1.065254,4798295,8
0,1833207437,0.867152,4799218,7
0,3262839331,0.750651,4804719,68
0,1141904633,0.862070,4805375,3
0,2653015837,1.101313,4808025,17
0,3807343693,0.945797,4813196,65
0,2148274771,1.069828,4813830,3
0,1289361947,0.804043,4815589,19
0,711763889,0.941657,4816304,4
0,1519937933,0.877229,4817167,6
0,2211089681,0.855246,4817672,1
0,3214921373,0.927551,4818753,9
0,2341279019,0.950432,4819547,5
0,3820524707,0.978779,4820689,10
0,1493664407,0.789333,4821897,11
0,251661001,1.117160,4822664,5
0,3970952299,1.012133,4823879,11
0,1817526437,0.846062,4825426,16
0,3570479261,1.033615,4826421,8
0,586096151,0.977281,4827849,14
0,672266393,0.843171,4830661,34
0,3267845593,0.880008,4831181,1
0,171746573,1.086584,4832025,6
0,2425671179,0.980772,4833507,15
0,1855136519,0.787475,4834572,9
0,321924893,0.973276,4836682,24
0,2603350367,0.984747,4837705,8
0,3771722741,0.863202,4838926,11
0,63756569,1.032197,4840325,14
0,716640341,1.058356,4841113,5
0,2329850071,0.866589,4841699,2
0,309795581,1.015505,4842285,2
0,3703357951,1.104854,4845191,35
0,3415028933,0.991172,4847089,20
0,1334177059,0.854103,4847619,1
0,3136762613,1.001951,4848500,6
0,4228440941,1.077106,4851062,30
0,445813033,0.789333,4852468,14
0,1739214901,0.851240,4853545,9
0,1139218711,0.927551,4855459,21
0,4021220153,0.668779,4856752,12
0,1367837131,0.836193,4858153,7
0,221873419,0.691042,4859661,15
0,2041538053,1.029354,4860590,7
0,2139130459,0.852959,4861934,13
0,1868977519,0.945797,4864535,28
0,29047793,0.846639,4865606,9
0,1015054211,1.094196,4866252,3
0,2651075417,0.908403,4866825,2
0,253646179,0.983258,4869214,28
0,2309580001,0.944247,4870341,10
0,41600591,1.012616,4870977,3
0,3069740501,1.161727,4872276,12
0,2796062513,0.781875,4876147,49
0,2166956927,0.924387,4877148,8
0,3943244791,0.796722,4879050,21
0,1517874829,0.932277,4879919,6
0,1127587283,0.964709,4881066,10
0,3252148829,0.907327,4883489,28
0,4028073851,0.915364,4885672,25
0,376131389,1.006328,4888834,39
0,3691827989,0.848367,4889969,10
0,527237143,0.986728,4891606,17
0,3149896331,1.048623,4896863,69
0,2325668129,1.086584,4900517,46
0,2176708073,0.902471,4903208,32
0,300538237,0.988706,4906031,29
0,4039902497,0.976781,4906917,6
0,2722079681,1.000488,4907774,6
0,2426422723,0.863202,4909907,10
0,2331250679,0.700167,4911958,18
0,3995618023,0.932801,4914223,26
0,785072243,0.981270,4915084,6
0,1466667259,1.116723,4916093,8
0,4088531431,1.081178,4917099,8
0,3725591,0.940101,4917718,3
0,1356213107,1.293388,4921130,41
0,2046552059,0.860369,4922932,19
0,3174841463,0.875558,4925900,36
0,1136237021,1.061581,4927491,16
0,4293515209,1.205861,4928431,7
0,3628553059,1.062959,4929220,5
0,694907167,0.877786,4930703,15
0,2640162137,0.945797,4931989,12
0,3907162843,0.880563,4935011,37
0,2197681657,0.786855,4936017,8
0,1654865353,0.919621,4937011,8
0,3387157771,1.132354,4937874,6
0,3883187459,0.858096,4939223,13
0,952017419,1.099538,4944015,62
0,3438466609,0.938541,4950255,83
0,2988433951,0.675318,4952942,32
0,2283992201,0.813701,4953860,7
0,3042644357,0.940101,4956937,38
0,998300767,0.771818,4961029,47
0,2957427553,0.889939,4961990,7
0,3402223249,1.004871,4965509,44
0,2373571021,1.033615,4966117,1
0,1757738449,0.750000,4968110,22
0,1654356331,0.906789,4969551,14
0,3470624063,1.033142,4974044,58
0,4084239077,1.125868,4975604,16
0,2666649649,1.037387,4977485,20
0,2394443741,1.067086,4978362,6
0,951161213,0.942176,4979154,5
0,1502205599,1.034559,4982190,37
0,901547963,0.944247,4982773,2
0,2741233699,0.955044,4987057,55
0,2384751241,1.064795,4989174,24
0,1357203541,1.039268,4990171,8
0,1425538573,1.063419,4991245,9
0,2234486333,0.942694,4991974,4
0,2426118517,0.766740,4993394,14
0,806285393,1.004385,4993892,1
0,3664278049,0.942176,4995785,21
0,2198224597,0.942694,4997772,22
0,1826152333,1.068458,4999563,19
0,4063508459,0.850666,5000782,11
0,2980951397,0.946829,5003193,28
0,1078748893,0.975280,5004325,10
0,2019646151,0.848942,5006583,26
0,3089387923,0.814900,5007434,6
0,3361366403,1.160044,5008421,3
0,2236708687,1.017426,5023694,196
0,4263884879,1.091963,5024464,2
0,803793253,0.880563,5025046,2
0,3709270871,0.724838,5027796,33
0,3042423641,1.021736,5029361,16
0,703491319,0.753248,5029948,2
0,1888358051,0.921743,5035695,76
0,389608579,0.880563,5036970,12
0,2060100353,0.936979,5038454,15
0,3721712101,0.984747,5039457,8
0,2957585879,0.888841,5040190,4
0,3508714411,1.014061,5040841,3
0,3844276049,0.945797,5042761,21
0,3857271359,1.008267,5048987,83
0,349486987,1.067086,5050826,20
0,2639925403,1.008751,5052113,12
0,2923468451,0.781250,5053592,15
0,4131402797,0.919621,5054304,4
0,1173276077,0.691042,5057762,43
0,4058772931,1.033615,5058438,3
0,582198499,0.958616,5058945,1
0,2987632103,1.070284,5060862,21
0,4096272107,1.024123,5068019,92
0,853093523,0.973777,5068889,6
0,3806116759,0.940101,5073837,62
0,2360976617,0.972774,5077153,41
0,465858551,1.006328,5078015,6
0,1419187937,0.797334,5080266,26
0,4191953999,1.129332,5082530,26
0,3645341563,1.095534,5085004,29
0,3600264851,0.724838,5086493,15
0,1538135243,1.113658,5090492,51
0,1031010779,1.156672,5094370,49
0,4176208441,0.958616,5095525,10
0,335560177,0.950432,5100953,72
0,3780708791,1.067086,5101539,2
0,973109939,1.159624,5102335,5
0,1954559699,0.950945,5103127,5
0,4093598009,0.985738,5106510,42
0,1345609061,1.093750,5107017,1
0,717604087,0.911086,5107594,2
0,103467361,1.132786,5109128,16
0,422058757,0.876115,5109623,1
0,149460529,1.125868,5113907,51
0,1760573819,1.054196,5117221,41
0,1178112137,1.039738,5120370,25
0,554278733,0.784369,5122090,16
0,558187873,0.813701,5122586,1
0,226788943,1.191605,5123708,10
0,305731177,0.888841,5126369,32
0,3734530817,0.919621,5131549,68
0,3316082131,0.969758,5132485,7
0,3808688029,0.985738,5133766,12
0,1360248611,0.919621,5136524,33
0,888062017,0.981270,5139349,34
0,284653211,1.078012,5142097,33
0,3609704369,0.993632,5143938,20
0,2956130183,0.933847,5145787,20
0,2663849803,0.928078,5147973,25
0,2303750101,1.043020,5149046,9
0,2689678031,0.844329,5150270,11
0,3958356301,0.919621,5152682,28
0,582587927,0.942176,5155357,32
0,2675133677,0.876115,5155874,1
0,382137499,0.969758,5158968,38
0,3907042103,1.256623,5160809,20
0,3810465419,0.958107,5162093,12
0,4000690091,1.037387,5162963,6
0,1396392157,1.024123,5164671,18
0,1581354217,1.023646,5165667,8
0,3606875759,0.827978,5166325,3
0,1771054289,1.230314,5167111,5
0,3220436161,0.928078,5170695,36
0,744804773,1.222350,5171302,2
0,443178727,0.908940,5173062,19
0,1378010581,1.164665,5174151,9
0,743071661,1.000488,5178592,55
0,3438071953,0.969254,5180798,25
0,245849969,0.854103,5182066,12
0,527363377,1.035503,5186695,60
0,1383578249,1.062959,5187212,1
0,1307135351,0.952484,5188644,14
0,2262071263,0.940101,5189442,5
0,2917466723,0.756482,5190238,5
0,3298570489,0.802219,5190953,4
0,4029861181,1.068458,5192445,15
0,2658880967,1.032197,5193738,12
0,901575613,0.947859,5194742,8
0,1667850839,1.017906,5196382,17
0,231698641,1.001951,5197232,6
0,3377724953,0.889391,5199413,25
0,2491863259,1.002438,5201461,23
0,1940163769,1.064795,5202248,5
0,1198829143,1.033142,5203811,16
0,3671959283,0.977780,5206422,31
0,359178013,0.913227,5208049,17
0,738977983,1.078012,5210662,31
0,3073971169,0.975280,5213620,32
0,3945093527,0.822653,5214785,10
0,1288839187,0.730208,5219069,35
0,1782148853,1.127168,5220218,6
0,3953040263,1.062959,5229475,126
0,2346768629,0.663649,5230134,3
0,726326771,0.891036,5230719,2
0,1023055073,0.936979,5231226,1
0,3323364259,0.903552,5233478,26
0,1343496221,1.175100,5235723,26
0,3611566817,0.823246,5236783,9
0,1479832111,1.129332,5237506,4
0,1062826951,1.043488,5238231,4
0,1662997033,0.827388,5243697,72
0,4007841319,1.016466,5250450,90
0,2225287079,1.088828,5251656,11
0,1463019193,0.921743,5252803,10
0,2067960463,1.137517,5253869,9
0,4232620201,0.848942,5254584,4
0,825966247,0.910550,5255305,4
0,3927076459,1.070284,5256930,17
0,2459094917,0.760987,5257788,6
0,879353989,1.019344,5258567,5
0,2293752457,0.854103,5260951,28
0,3752791901,0.985738,5261965,8
0,228026837,0.854103,5262757,5
0,550498129,1.161727,5268912,82
0,782188229,0.880563,5270054,6
0,1922028547,0.927551,5270999,7
0,431037323,1.197736,5271721,4
0,2572138031,0.797334,5274051,27
0,2091414383,0.817891,5275452,11
0,3204101573,1.067086,5276352,6
0,1584563317,0.969254,5277557,11
0,3449918267,1.160044,5279324,19
0,1395397153,0.911622,5280943,17
0,3140458577,1.019344,5288302,99
0,19243307,0.844907,5290886,31
0,2004236303,1.004871,5292651,19
0,2397865807,0.844329,5293872,11
0,1092941581,0.760987,5295768,21
0,1025494103,1.006328,5297546,19
0,3842370611,0.937500,5301621,52
0,1467960173,0.910550,5305501,49
0,3565858811,1.003899,5307347,20
0,673184899,0.853531,5308141,5
0,3983642279,1.035974,5311575,43
0,1524060299,0.908940,5313059,15
0,2109394871,1.007782,5314495,14
0,2395353577,1.033142,5315395,2
0,3799145309,1.099538,5316694,12
0,3193562143,0.950432,5317921,11
0,3305329627,1.035974,5321488,30
0,592213187,0.771818,5322931,12
0,982923203,0.983258,5323581,3
0,1932650749,0.722139,5324105,1
0,4015370083,0.822653,5325606,15
0,1443012107,1.052341,5329987,56
0,2710728959,1.033615,5333011,37
0,702660941,0.923330,5334428,14
0,1556300159,0.987223,5335642,11
0,2846708471,1.000488,5338527,35
0,1633374257,0.761629,5339104,2
0,939187913,1.109705,5341301,25
0,3851475751,0.969254,5341813,1
0,4217868917,0.940101,5343587,19
0,2553222923,1.004385,5344651,9
0,3346686157,1.061581,5345301,3
0,3394356781,0.698771,5347430,22
0,4042716961,1.069828,5352722,69
0,152082149,1.167178,5353563,6
0,1110487151,1.110145,5354364,5
0,88189267,0.916963,5356114,19
0,2225564839,0.891036,5361303,68
0,2435556919,0.956066,5362440,10
0,3673590773,1.099094,5363238,5
0,3480488939,0.956577,5363753,1
0,3662491241,0.986728,5366362,31
0,1530385931,0.787475,5367023,3
0,2816723009,1.142657,5369198,25
0,2827033501,0.792420,5373618,52
0,490022713,0.950432,5374982,13
0,2378467873,0.844907,5378794,46
0,295627183,0.877786,5379664,6
0,1332757973,0.973777,5381990,27
0,3839035813,0.782499,5385090,38
0,295936219,0.876115,5386217,10
0,1453893997,0.950432,5388752,30
0,1775636809,0.858664,5390447,18
0,3766627367,0.973777,5395959,73
0,1647135241,1.070740,5396953,8
0,1998639427,1.033615,5398578,17
0,1780310417,0.766103,5402161,45
0,3974172539,0.877786,5406297,53
0,3090013697,0.910550,5406874,2
0,2705423563,1.033142,5409051,25
0,2484824179,1.066628,5410200,10
0,3585551183,1.073928,5411008,5
0,2744093687,0.946313,5412639,17
0,3814602683,1.003899,5413229,2
0,3630846523,1.064795,5416389,39
0,484515103,1.128467,5423189,71
0,1781286049,0.930180,5424706,13
0,2247966727,1.129332,5426196,15
0,2598014047,0.713295,5429635,43
0,3929251787,1.066170,5430376,4
0,2279762843,1.006328,5431733,13
0,1409640227,1.055584,5432376,3
0,2501014051,0.793036,5433229,6
0,4165060343,1.043488,5433744,1
0,3648332543,0.782499,5436488,33
0,1590948881,1.067086,5439580,38
0,3666660073,0.955044,5443450,49
0,3234662797,0.937500,5444865,14
0,1920018389,0.973276,5445942,9
0,54646901,0.822653,5446791,6
0,1693769939,0.812500,5448904,24
0,110716939,1.088828,5451408,30
0,2163973993,0.830333,5454293,35
0,96096389,1.109705,5455687,14
0,134060933,0.888841,5458627,36
0,27933967,0.942176,5460023,14
0,1205115773,0.970764,5461373,13
0,3599135341,1.080726,5461884,1
0,1738264651,1.007782,5463099,11
0,137837639,0.836193,5465927,34
0,3110819263,1.055584,5466794,6
0,3483148579,0.964709,5468699,21
0,532737427,0.876673,5470271,16
0,4195981357,1.291121,5472848,24
0,185002877,0.944247,5473732,6
0,1639896151,0.895409,5474808,9
0,576550901,1.088828,5476018,11
0,441198301,0.705032,5477016,8
0,2553294587,1.033615,5478675,15
0,1352650531,1.098205,5480042,13
0,3127376807,0.815499,5481059,8
0,4038132401,0.938021,5482273,11
0,493141591,0.988706,5484315,23
0,982479613,0.993632,5484832,1
0,82504963,0.973276,5486245,14
0,904052113,0.818488,5487029,5
0,335850743,1.101313,5491499,58
0,3184413671,0.844329,5492725,11
0,2612385613,1.043020,5494292,16
0,135479543,1.064795,5495203,7
0,1497449509,1.039738,5496333,10
0,3701412511,0.942176,5496919,2
0,2753317313,0.818488,5501670,62
0,3634209703,1.004385,5502393,4
0,2124182167,0.864332,5503333,7
0,3915331913,1.064795,5504902,16
0,652037417,0.824432,5506382,15
0,3279961387,1.039268,5507027,3
0,1669661393,1.003899,5511833,63
0,3415456127,0.936979,5512424,2
0,2109113749,0.813701,5513285,6
0,1804496359,1.025552,5514639,13
0,3563884091,0.875558,5515647,8
0,1934630239,0.817891,5516722,9
0,1059911161,0.877786,5517653,7
0,2814280531,1.138804,5519349,18
0,1038243407,0.981270,5522919,40
0,423639871,1.101313,5526538,32
0,1191466667,1.007782,5527591,7
0,2899295137,0.973276,5528382,5
0,59547517,0.864897,5529784,14
0,382102627,0.735538,5531139,13
0,472204933,0.850666,5531775,3
0,4028422381,1.008751,5533559,19
0,37814191,0.904092,5536489,36
0,566961559,1.009718,5538455,22
0,4206578351,0.964709,5541483,37
0,1540555411,0.691042,5544030,30
0,1663388437,1.160465,5548865,63
0,2081917027,1.008267,5549374,1
0,1077373579,0.877229,5554891,73
0,1092571741,1.009235,5557626,33
0,481129637,0.766103,5559459,20
0,2051222981,1.033615,5560595,10
0,4164435907,0.855246,5566024,71
0,2456577301,0.947859,5567240,11
0,744672281,1.035031,5568163,7
0,3949228079,0.908940,5569023,6
0,1314437077,0.751951,5574719,71
0,428035913,1.019823,5576028,10
0,3850428493,1.033142,5577584,16
0,2601009233,1.128899,5580795,37
0,1267253401,1.043020,5581305,1
0,1281754889,0.893772,5582984,18
0,398707019,1.084785,5584407,14
0,1936496629,0.973777,5586043,17
0,1848371711,1.038798,5587146,9
0,2379696467,0.969758,5587729,2
0,4231437671,0.958107,5589774,23
0,2018291783,0.846639,5591755,22
0,2035961309,1.142229,5594293,30
0,3655557959,0.906789,5598574,55
0,537184451,1.074382,5599832,12
0,4077336251,0.950945,5601043,11
0,3555115457,1.158360,5602671,17
0,2856383863,1.002438,5603740,9
0,258919097,1.004871,5604525,5
0,2399141113,0.924387,5605260,4
0,1195455733,0.950945,5606047,5
0,202241623,0.832682,5607670,17
0,2500021703,1.131923,5609985,27
0,1776550313,1.024123,5612933,36
0,15457951,0.947859,5614624,18
0,1248953191,0.822059,5615826,11
0,1876153183,1.171771,5620130,55
0,440294213,1.035974,5625448,66
0,3744983719,0.817294,5627376,6
0,1804067549,0.700167,5630261,34
0,1357911673,0.972774,5631740,15
0,4101008437,0.786855,5632389,3
0,1965692369,0.877786,5634282,21
0,606469741,0.756482,5635419,10
0,4175333293,1.067086,5638182,33
0,3397232989,1.000976,5639393,11
0,2091474673,0.930180,5640739,13
0,2276018879,1.000488,5645160,57
0,362845277,0.970764,5646422,12
0,3654133597,0.891036,5647087,3
0,2901248507,0.880008,5649560,29
0,917377051,1.014061,5650426,6
0,1247916391,0.973276,5652757,27
0,2241151219,0.945280,5658095,70
0,2555098943,0.796722,5659523,14
0,3985587373,0.987223,5660943,14
0,4248948181,0.797334,5661674,4
0,3441729527,0.944247,5664020,27
0,3271072097,1.048623,5666828,34
0,2127298177,0.978779,5668883,23
0,255223681,0.919621,5669869,8
0,1748774789,0.897044,5670518,3
0,2135760383,1.116723,5673334,34
0,1100126701,1.040677,5675584,26
0,3131008631,0.877786,5678742,35
0,3504656833,0.891036,5680654,21
0,297855029,1.054659,5681429,5
0,3170274593,0.858096,5682924,12
0,1831705259,0.755190,5683801,6
0,2245993261,1.129332,5686984,39
0,2082538583,1.002438,5689030,23
0,1119492947,0.958616,5690580,16
0,1852718663,1.098205,5691591,8
0,418110293,1.068458,5696422,63
0,1761817751,1.001951,5697624,11
0,2509409803,0.820275,5699873,26
0,242255449,1.066170,5700645,5
0,1797496271,0.971267,5702218,16
0,4025811583,0.942694,5705124,35
0,2467320217,1.012133,5706123,8
0,2776889987,0.705032,5708174,23
0,625906639,0.988706,5709379,11
0,1867344839,1.017906,5710386,8
0,4136876581,0.842012,5711595,11
0,3609979787,1.037387,5715600,51
0,2444495117,1.024123,5716517,7
0,3342597191,0.942694,5718721,25
0,905615323,0.882225,5721191,29
0,2694077417,0.848367,5722601,14
0,1970378771,0.876115,5725077,25
0,2595693913,0.988706,5726168,9
0,3632250383,0.893772,5727249,9
0,1939611269,0.811899,5727759,1
0,3333705013,1.009235,5729268,1
0,1166585663,0.907327,5730798,11
0,495449803,0.921213,5733421,31
0,2922476593,1.070284,5734916,15
0,454045771,1.035031,5735689,5
0,4241046209,0.923330,5737455,19
0,114007237,1.130628,5738311,6
0,2360103937,1.002438,5739370,9
0,49847081,0.970764,5741257,21
0,147757637,0.906250,5742311,9
0,295762487,0.950945,5744489,25
0,3953157389,0.873324,5746116,17
0,3602242747,0.875558,5748587,29
0,964264453,0.976781,5751943,42
0,2950217003,1.039268,5752608,3
0,1434118579,0.827388,5754523,21
0,4219087429,0.981767,5755244,4
0,48397801,0.858096,5756440,11
0,2337181771,0.944247,5756947,1
0,2720666887,1.288849,5758360,14
0,1615213591,0.758416,5759002,3
0,1283851139,0.904092,5760135,10
0,2312381023,0.969758,5764053,50
0,1227095497,0.836777,5767917,49
0,1700588873,0.824432,5768849,7
0,2235690617,0.789333,5771873,37
0,4254216419,1.070284,5773441,16
0,3720111167,0.911622,5775658,25
0,969484699,0.848942,5777166,15
0,3350504719,1.042552,5777678,1
0,3045876857,1.073928,5779645,22
0,1488142399,0.988706,5781829,21
0,1216183883,1.001951,5782426,2
0,2007549497,0.939581,5785187,33
0,731305639,0.932801,5786553,11
0,3344427623,0.848367,5787713,10
0,518081779,0.958107,5788222,1
0,2095482617,0.938541,5793088,63
0,2245109227,0.848942,5795347,26
0,4146757117,0.973276,5795871,1
0,3281077729,0.781875,5796583,4
0,1291574243,0.906789,5798173,16
0,1972052293,0.844907,5799381,11
0,3998230913,0.932277,5800437,9
0,2748272077,1.067086,5802280,20
0,624116653,0.944247,5805587,41
0,3239118683,0.879453,5806168,2
0,3822174547,0.906789,5807444,12
0,3083501843,0.976781,5809080,17
0,3271904593,0.944247,5810710,17
0,2424901949,0.882225,5811637,7
0,36147919,1.125868,5812975,13
0,2065910069,0.846062,5815805,34
0,2029231927,0.775605,5818269,29
0,3923106599,1.035503,5820887,31
0,2242030573,1.039738,5822170,12
0,2152694503,0.844329,5824762,31
0,1804444363,0.884436,5825628,6
0,403495759,0.877786,5833218,85
0,2178613901,0.876115,5834034,3
0,2741555917,0.727528,5840206,82
0,43449173,1.127168,5841053,6
0,1747796641,1.014061,5841913,6
0,2559230057,1.220752,5843318,14
0,3835408127,1.016466,5845655,27
0,3103457339,0.791804,5849430,47
0,1253981767,0.877229,5850106,3
0,3846402191,0.983258,5851520,14
0,356518319,1.025552,5852783,12
0,379049921,1.099538,5853920,10
0,1124631707,1.147773,5855470,16
0,3366195181,0.997556,5857577,24
0,4163321317,0.834439,5859208,17
0,4124608277,0.842012,5860700,15
0,91875643,0.911622,5861489,5
0,3298136503,0.987223,5863897,28
0,1685405543,1.008751,5865317,14
0,3110762693,0.944247,5866385,9
0,2624787283,0.983258,5867180,5
0,3599847067,0.913227,5868186,8
0,531199741,0.722139,5869756,16
0,2988854213,0.898132,5871520,19
0,2443638019,0.877786,5873837,27
0,1960813769,0.921743,5874766,7
0,2329369403,0.993141,5875360,2
0,1827883921,1.066628,5877557,25
0,395732321,1.055584,5882165,55
0,1116500159,0.957087,5883152,6
0,2953417009,0.969254,5884356,11
0,1099830001,0.944247,5886334,22
0,3362279101,0.908940,5887996,15
0,2912033297,0.877786,5889564,16
0,1011299411,0.858664,5892571,37
0,1318957547,0.941657,5893714,10
0,4266383237,1.163407,5896816,38
0,2226484499,0.958616,5897951,10
0,782943677,0.822059,5898957,8
0,655381889,0.781250,5900236,12
0,498665077,0.958107,5903547,41
0,3445219291,0.877229,5904771,11
0,2091715319,0.846062,5905640,6
0,2299578251,0.956066,5910956,70
0,3050390911,0.969758,5911548,2
0,3616464391,1.069828,5912974,14
0,2026816079,0.880563,5916720,47
0,3776646749,0.911622,5918688,22
0,2892261013,0.944247,5919356,2
0,627546869,0.848942,5920020,3
0,4035342001,0.813701,5920671,3
0,3956752493,0.796722,5921400,4
0,4005171161,0.907327,5922401,8
0,3535033627,0.822653,5923328,7
0,811085897,0.947859,5926046,33
0,1637479901,1.191605,5930321,50
0,2345488757,1.110145,5932339,22
0,68958233,0.907327,5935533,25
0,2616050179,1.181729,5936846,8
0,3510782711,0.853531,5939523,32
0,1556486681,0.958616,5943758,54
0,2476799471,1.132354,5944631,6
0,1864449553,1.037387,5945902,12
0,258220309,0.877229,5948973,38
0,1209798349,0.789333,5949761,5
0,4195422289,0.864897,5951241,15
0,223560607,0.938541,5952579,13
0,1051093609,0.855246,5955736,39
0,2237417579,0.938021,5957632,21
0,1188040387,0.897044,5958761,10
0,3470049589,0.940101,5959701,7
0,1392013849,0.846639,5962944,40
0,2087238997,0.939581,5965704,33
0,3673795507,0.753248,5967907,25
0,153789793,0.759060,5972807,64
0,1394796353,0.942176,5974089,12
0,2962022027,0.947859,5975296,11
0,3132651413,1.047691,5976923,17
0,3905944277,0.978779,5981780,63
0,3065271673,1.140946,5984248,29
0,3082520669,0.899761,5989746,68
0,681922643,1.012616,5990262,1
0,2661865013,0.947859,5993381,36
0,221418233,0.877786,5997515,53
0,4186606607,0.827388,5998172,3
0,2374730639,0.938021,5998683,1
0,2902389097,0.952484,6002420,47
0,1799873807,0.813701,6004061,17
0,1170961639,0.882225,6008485,57
0,1414308821,1.094643,6009618,10
0,3112233023,0.822653,6011394,19
0,33313249,0.770552,6013969,31
0,3844148219,0.751301,6017380,42
0,1303100573,0.858096,6018385,8
0,3355109761,1.033142,6019311,7
0,749661677,0.993632,6021006,18
0,386069843,0.939581,6022839,20
0,2167263617,0.964709,6026909,52
0,1640621377,0.854103,6028334,14
0,3956122097,0.843750,6030672,27
0,3245666023,0.904092,6032474,15
0,2764766801,0.970764,6033497,8
0,3459345983,0.877786,6039556,65
0,730411907,0.928078,6040739,8
0,1992823771,0.762910,6044183,43
0,2418957097,0.725512,6044688,1
0,3498214163,0.938541,6047490,34
0,3808912903,0.971267,6050384,35
0,2263196521,0.913227,6051598,11
0,94213183,0.815499,6054197,31
0,1755049411,0.829745,6056677,29
0,1002289439,1.008751,6057265,2
0,1977355279,0.848942,6057985,4
0,729100087,0.995105,6060395,28
0,2294174263,1.064795,6062095,18
0,2789095963,0.851240,6065479,42
0,981210277,1.160044,6065986,1
0,2897420051,0.932801,6066712,4
0,3346909199,1.094643,6068346,17
0,139276561,1.064795,6069182,6
0,3058650893,0.969758,6071224,23
0,33022757,1.166760,6077029,77
0,1209292471,0.956577,6079212,25
0,2248950811,1.180489,6081525,27
0,2393330353,1.062959,6083677,24
0,2323100023,0.910014,6087863,49
0,1810827037,0.911086,6092494,57
0,1768675159,0.945797,6093025,1
0,861886951,0.981767,6099812,91
0,863133059,0.981767,6100877,9
0,3265022539,1.002438,6102703,20
0,2175504043,1.002438,6107783,66
0,970768621,1.072563,6108791,8
0,3227086633,1.163407,6109574,5
0,3833547259,0.846639,6113120,44
0,507399419,0.971267,6115408,26
0,3400712327,0.892679,6117312,21
0,665425583,1.068458,6119150,20
0,2170025411,1.222750,6121199,23
0,3552502949,0.855246,6122625,14
0,2755634281,0.799169,6123481,6
0,1887903203,0.948374,6124700,11
0,1511686273,0.985738,6126879,25
0,34570631,0.937500,6129273,28
0,1478283563,0.981270,6130756,15
0,146113241,1.033615,6137351,84
0,1310882479,0.911622,6140062,13
0,1929015787,0.973276,6145096,64
0,1342092707,1.038798,6146242,10
0,1626793447,1.021736,6147733,15
0,3326908547,1.056047,6149001,12
0,1792609151,1.063419,6153137,53
0,2893240837,1.080726,6157773,60
0,3459016037,1.056047,6158567,5
0,2719151353,0.841432,6160549,22
0,4150081079,1.021736,6162985,28
0,2064161951,1.116723,6164908,21
0,502067117,1.039268,6166049,10
0,376682249,0.908403,6167195,10
0,1559774501,0.975280,6170281,38
0,146846989,0.958616,6172866,31
0,1123332803,0.644235,6175758,35
0,2130652019,0.873324,6177061,12
0,1590750323,0.815499,6185330,112
0,2648001467,0.948374,6186898,16
0,609182723,0.925971,6188169,12
0,857265323,1.012133,6190268,19
0,3867100889,0.877786,6190792,1
0,3073754807,0.875558,6195330,56
0,119499509,0.851240,6198212,35
0,1256993057,0.919621,6201233,37
0,3614734043,1.039268,6202447,11
0,1001894297,1.070284,6205119,32
0,1108216309,0.967237,6207158,23
0,3292035697,0.878342,6209689,30
0,2136062641,0.973276,6216703,94
0,983553401,0.911086,6218623,21
0,4181438353,0.817891,6219836,11
0,294491683,0.815499,6220336,1
0,3596723147,0.839108,6221422,9
0,2077133873,1.063419,6223045,17
0,4252052491,0.750651,6223773,4
0,2826648233,1.039268,6224845,9
0,1262729773,0.969254,6225841,8
0,9753319,0.883883,6227508,18
0,2072776337,0.985738,6228222,4
0,2423461463,0.858664,6231306,38
0,2594925457,1.127168,6233148,20
0,3045995873,0.908940,6233871,4
0,3233171329,1.030776,6239801,74
0,3532498087,0.913227,6241870,9
0,2727647831,1.161727,6242951,8
0,1002522259,1.115848,6243823,3
0,1107879467,1.079370,6244383,1
0,3665719721,0.783123,6245197,4
0,3137284147,1.004385,6247951,33
0,3251104903,1.211114,6248690,4
0,1962155893,0.950945,6251020,27
0,3612134969,0.848942,6253568,30
0,3826442617,0.799169,6256227,32
0,3023746961,0.914830,6259035,34
0,3389675111,0.968750,6260324,12
0,2076716507,0.762910,6262020,18
0,665140103,0.916963,6263295,12
0,158723861,0.691042,6265129,20
0,1004282261,0.940101,6266621,15
0,1516349581,1.161727,6267546,7
0,2242936117,0.818488,6270774,40
0,809390167,0.925971,6272286,15
0,185722337,0.919621,6274384,24
0,1903346657,0.942694,6279755,71
0,2549486053,0.972774,6280413,3
0,2487156641,1.008267,6284762,56
0,1702036411,0.911622,6288146,42
0,51096967,0.815499,6288641,1
0,2996524969,1.070284,6289846,11
0,2601142097,0.884436,6290559,4
0,3216415973,0.852386,6294496,50
0,3242885539,0.752600,6297005,26
0,556006679,1.160465,6297869,6
0,2192015599,0.977780,6299428,16
0,794944061,0.908940,6300483,6
0,2822396413,0.973777,6304496,51
0,2559346063,0.849517,6305838,13
0,1238354077,1.004385,6306421,2
0,2773417789,0.914830,6308896,29
0,187943813,0.977780,6309685,5
0,1247987183,0.910550,6313986,55
0,511696673,1.099538,6314850,6
0,2175996007,1.006328,6317601,33
0,3613414499,0.973276,6319498,21
0,2572522531,0.904092,6324110,60
0,3547073963,1.035974,6324969,6
0,1977774299,1.012133,6325491,1
0,841594487,0.944247,6328450,36
0,2639146847,0.908940,6332732,55
0,1261726997,0.977780,6334361,17
0,2023562677,0.981767,6335222,6
0,910869581,1.037387,6336628,14
0,418592689,0.813701,6338312,18
0,1728855251,1.050019,6340095,15
0,4103209079,0.858664,6340835,4
0,3230296513,1.002438,6341550,4
0,879790397,0.822653,6344000,13
0,351979349,1.003899,6344992,4
0,743083567,1.136229,6345572,2
0,835992637,1.044891,6346811,9
0,2878718753,0.915364,6348451,17
0,3207216113,0.937500,6349246,5
0,2611489399,0.793652,6351770,30
0,1998012689,1.061120,6354093,27
0,758335267,1.004871,6357032,36
0,3161473351,0.873883,6358519,15
0,1384085041,0.973777,6361952,43
0,1070341163,1.125434,6363720,19
0,2803057429,0.698771,6364364,3
0,3031615679,1.031250,6365504,10
0,4276133167,0.879453,6367278,19
0,3045231983,0.975280,6369807,30
0,1960867199,0.933847,6371923,24
0,3261616261,0.866589,6376679,62
0,302390981,1.039268,6381437,62
0,3895719161,0.888841,6382023,2
0,2267742947,0.904092,6384485,29
0,554601511,0.720107,6386817,27
0,3037567061,0.972774,6388236,14
0,599359249,0.921213,6388956,4
0,4107902147,1.000488,6389964,8
0,2132750311,0.974780,6391059,9
0,3042354313,1.027930,6395163,44
0,934422763,0.719429,6399496,55
0,953808019,0.815499,6402484,34
0,4274345143,0.858096,6404280,19
0,404642339,0.756482,6405890,17
0,315982973,0.970764,6408407,30
0,2674389961,1.003899,6413084,60
0,740968127,0.902471,6415620,30
0,2450145241,0.973276,6416203,2
0,3330287657,0.991172,6421456,69
0,2149057787,1.019823,6423416,22
0,2942217259,0.827388,6424559,10
0,2143134883,0.727528,6425154,2
0,1686246139,0.853531,6425661,1
0,208337293,0.976781,6426316,3
0,725991977,1.002438,6429114,34
0,1844138711,0.946829,6429772,3
0,2662057337,0.786855,6430502,4
0,2282889827,1.098205,6433299,34
0,3006073321,0.833854,6434641,13
0,923805889,0.930180,6435971,13
0,1141169641,1.038798,6437388,14
0,1127039989,1.038798,6439642,26
0,259550017,0.938541,6440634,8
0,1749350227,1.032197,6441215,2
0,3141248723,0.936979,6443046,15
0,4276119877,0.999023,6444088,8
0,1812364759,0.818488,6447318,23
0,333025751,1.090173,6452427,64
0,542604823,1.125434,6453214,5
0,1191424253,0.950432,6454079,6
0,1486445777,0.822653,6456122,23
0,3315237599,0.954021,6458030,21
0,18444851,0.797334,6458877,6
0,3270906043,0.973777,6465945,95
0,1488829207,1.176761,6466956,8
0,1958765639,0.836193,6469647,32
0,2745280511,0.850666,6470445,5
0,3522460057,0.911086,6471026,2
0,313201003,0.884988,6473404,28
0,2316114347,0.891036,6476974,45
0,2015104709,0.958616,6480968,51
0,3060855461,0.958616,6482044,9
0,325352701,1.002438,6486054,51
0,1425286903,0.971267,6488603,30
0,555760301,0.818488,6489945,13
0,3805461323,0.632764,6490681,4
0,336654193,0.839108,6491535,6
0,1049224279,1.295274,6493019,15
0,2754846431,0.827388,6496202,39
0,3053698631,0.880008,6498059,14
0,2311570907,1.098205,6501610,44
0,1059971347,1.035031,6502819,8
0,1351662737,0.752600,6504515,18
0,2323711843,0.932801,6506918,28
0,1399183381,1.048623,6507775,6
0,3430217377,1.064337,6514640,92
0,2224480117,0.946313,6523807,125
0,2867124797,0.844329,6526689,35
0,1697445031,1.006328,6528189,15
0,1192296461,0.916963,6529179,8
0,3899804983,0.963190,6531021,20
0,1603789339,1.006328,6532101,9
0,244948771,0.876115,6534481,28
0,3930556639,0.789333,6535769,12
0,4179067693,1.007782,6538789,37
0,2269601,0.919621,6541856,38
0,3107203403,0.889939,6543201,13
0,1829332943,0.813101,6546559,37
0,2584731869,0.970261,6548636,8
0,1648487077,0.929655,6556221,100
0,544139857,1.012616,6557359,10
0,2155269563,0.753248,6558846,15
0,3785302091,0.778746,6560898,23
0,520958941,1.070740,6562038,10
0,2268959351,0.796722,6562830,5
0,4093827649,1.039738,6566058,40
0,253129369,1.033615,6566566,1
0,2036706647,1.125868,6567570,8
0,2289877591,0.970764,6568427,6
0,2561890847,1.106621,6569427,8
0,641678683,1.033615,6571959,30
0,150718429,0.925971,6573108,10
0,3190044763,0.927551,6573757,3
0,3320557663,1.158360,6576164,28
0,2477308321,0.915364,6576743,2
0,1402383571,0.971267,6577881,10
0,1808217791,0.911086,6582367,58
0,2366021159,0.817294,6583091,4
0,446508631,1.129332,6584790,18
0,2983502947,0.914830,6585716,7
0,446885209,0.796722,6588378,32
0,890444537,0.889391,6588885,1
0,2684877683,1.151171,6589756,6
0,4047111191,0.889391,6592855,38
0,1819405307,0.963190,6593585,4
0,3415270939,0.803435,6596202,31
0,2086523081,0.758416,6596782,2
0,4222014697,1.171354,6597304,1
0,890003299,0.911622,6598584,9
0,553371557,1.107503,6600597,21
0,1484130317,1.031723,6603331,33
0,137402983,1.052341,6605972,29
0,4272052979,1.012616,6607699,18
0,3843606307,0.796722,6608494,5
0,4146432013,0.791804,6609149,3
0,955138357,0.981270,6611043,21
0,1324840961,0.868840,6612756,18
0,588508201,0.853531,6613613,6
0,931293751,1.008267,6615655,23
0,752832727,0.773714,6625584,136
0,443008277,1.066628,6627780,25
0,1586263859,0.908403,6628927,10
0,841172809,0.848367,6630886,22
0,3435530341,1.106621,6631737,6
0,3590840137,0.815499,6632599,6
0,3772423969,0.851240,6635976,42
0,1255126687,0.751301,6637134,10
0,3601035029,0.940101,6639673,30
0,2362162303,0.752600,6641931,26
0,4194933133,0.833854,6642511,2
0,1391716411,0.849517,6643518,8
0,2799387427,1.138804,6647150,41
0,41724959,0.791187,6648859,18
0,2039952181,1.032197,6651859,23
0,1281528893,0.955044,6654163,24
0,3006721969,0.993632,6655103,7
0,4012837201,0.995105,6662567,101
0,105682063,1.146496,6663340,5
0,3320848757,1.008751,6665033,18
0,2878489381,1.157094,6665957,7
0,298290193,1.178005,6666878,7
0,2660782843,0.875000,6667532,3
0,3602442097,0.981270,6669603,23
0,351177859,0.727528,6672769,39
0,2034440833,0.938541,6676586,48
0,3538461947,0.876673,6677108,1
0,1947390491,1.002438,6677901,5
0,2713692307,0.882225,6679457,16
0,430691683,1.070740,6680112,3
0,4212221527,1.006328,6681320,11
0,2237654933,0.786234,6682122,5
0,45866617,0.827388,6683541,14
0,1349776303,0.886090,6684205,3
0,2049351559,0.895409,6685985,19
0,3715913273,0.877786,6686924,7
0,726299179,0.908940,6687848,7
0,4170894997,0.802219,6689760,21
0,1432632979,1.158360,6690765,8
0,2607109243,1.066628,6692399,17
0,232520591,0.950945,6694448,23
0,2086026403,1.064795,6695655,11
0,113738441,1.101313,6696359,4
0,2959181969,0.913227,6699373,37
0,3934979527,0.663649,6701216,17
0,414197821,1.033615,6701727,1
0,4151371571,0.939581,6708747,91
0,2193222371,0.915364,6714442,75
0,945750181,1.002438,6718089,46
0,1075182961,0.846639,6720410,27
0,222027409,0.944247,6724390,51
0,3745105541,0.945797,6726235,20
0,3595620407,1.017906,6728063,20
0,2128627229,0.854103,6728719,3
0,3264980063,0.915364,6730900,25
0,2691555301,1.044891,6732389,15
0,3543326411,0.971267,6733670,12
0,1231566019,0.940101,6734731,9
0,4153393129,0.993632,6735601,6
0,4200956689,1.068458,6737914,27
0,2765738281,0.884436,6738987,9
0,1255528447,1.037387,6742307,41
0,2893010321,1.128899,6743031,4
0,1967903293,0.940101,6743615,2
0,203253319,0.802219,6744400,5
0,3272677957,0.848942,6746861,29
0,1934623247,0.815499,6747570,4
0,4012406791,0.892679,6748157,2
0,4017173087,0.927551,6749767,12
0,580391447,0.906789,6751130,13
0,1961442071,0.748697,6753802,20
0,1431403739,1.012616,6758891,64
0,2101256413,0.877229,6760669,19
0,149441389,1.064337,6761794,10
0,3702172091,0.981270,6762797,8
0,3232139527,0.993141,6763439,3
0,4179743179,0.971267,6765845,28
0,2724221009,1.018386,6768518,32
0,1630645631,0.877786,6769797,12
0,3767115641,0.938021,6770446,3
0,1838396921,0.914830,6771871,14
0,1648524257,1.160044,6774351,29
0,2968829231,0.933847,6776133,19
0,1160398177,1.093303,6778102,22
0,1791952853,1.035974,6779946,20
0,2721413327,0.787475,6781589,17
0,3184820267,0.911086,6783086,15
0,30779627,0.952484,6784345,12
0,2815097713,1.144365,6789854,72
0,881196053,0.738188,6790917,9
0,2208261917,1.047691,6791988,9
0,2839840819,1.094643,6793404,14
0,30998483,1.035031,6794614,11
0,397392649,1.070740,6796450,20
0,2478475877,0.938541,6797796,13
0,881527841,1.013098,6798361,2
0,3318006451,0.855246,6801033,32
0,447073961,0.855246,6802109,9
0,1594568387,0.839108,6803115,8
0,3987155849,0.950945,6804410,9
0,4198936657,0.858664,6805603,10
0,737401807,1.066170,6806555,7
0,3435874903,0.950432,6810561,48
0,482768281,1.013098,6812620,23
0,2988164357,0.877229,6814737,24
0,247517867,0.846062,6818938,54
0,183696911,1.098205,6819862,7
0,2256003653,0.812500,6820511,3
0,3563839607,0.906789,6823603,38
0,3527147983,0.889391,6826556,36
0,639127399,0.940101,6828035,15
0,3701448761,1.067086,6828687,3
0,4240312243,1.064337,6829212,1
0,2766756677,0.766740,6829793,2
0,3309385283,0.973276,6830298,1
0,99759787,0.985738,6834990,61
0,2076882637,0.983258,6835584,2
0,1656628807,0.987223,6837792,25
0,447302299,0.941657,6838783,8
0,3047010493,0.969254,6840841,23
0,2334274039,0.981767,6846524,74
0,1321322237,0.919621,6847277,4
0,495443657,0.822653,6847784,1
0,1538182897,0.813101,6849080,12
0,842026147,1.158360,6850622,16
0,4105966307,0.969254,6852305,13
0,3956019101,1.017906,6853328,8
0,2094151187,0.884436,6858206,48
0,577439113,0.950432,6859450,9
0,4198038233,1.043020,6864574,67
0,764916619,1.008267,6865226,3
0,3573717403,0.938021,6867768,30
0,367799291,0.950432,6870737,36
0,2625519067,0.796722,6873699,36
0,2644467967,0.735538,6877570,49
0,4039082623,1.050483,6878506,7
0,568138267,0.989199,6879013,1
0,4241950019,0.836777,6882034,37
0,2963477129,1.097761,6883924,21
0,829638133,1.047225,6885967,23
0,2636210387,1.225542,6886690,4
0,2224166881,0.968750,6888247,16
0,403142629,1.077559,6889236,8
0,3472043543,1.012616,6891991,33
0,3533568583,1.129332,6892514,1
0,1965467347,1.035031,6893513,8
0,3623682893,0.910550,6895077,16
0,2688769823,0.919621,6895728,3
0,596198591,1.055121,6897560,20
0,3149089991,0.882225,6898216,3
0,3078819061,0.851240,6900826,31
0,1824102017,1.015505,6905988,68
0,607121587,0.897044,6908845,29
0,27223649,0.972774,6910683,20
0,1211734781,1.073018,6912043,13
0,763728527,0.908403,6914902,32
0,213827687,1.025552,6919928,64
0,919897189,0.971267,6921781,20
0,1367575861,0.975280,6923545,19
0,964411073,0.940101,6927637,52
0,58827919,1.098205,6928753,10
0,3004830863,0.910550,6931281,30
0,3415470217,0.876673,6932147,6
0,517520557,1.110145,6935653,44
0,3594195559,1.012133,6938344,32
0,2737232581,1.012133,6939063,4
0,3453411097,0.860369,6940845,19
0,257296939,0.894318,6947345,87
0,3059376263,0.889391,6948618,12
0,1205067119,1.004385,6950047,14
0,1217524391,0.836193,6951196,10
0,843119867,1.052341,6953964,28
0,4226651411,0.913227,6954931,7
0,1150671283,0.910550,6956346,14
0,1967845237,0.827388,6959501,22
0,42552779,0.595392,6961443,19
0,3429801943,1.140946,6962311,6
0,2834936449,1.128899,6963100,5
0,1002188939,1.023646,6963608,1
0,470706961,0.970764,6964450,6
0,567744011,0.975280,6965024,2
0,2365814161,0.973777,6965529,1
0,2527011503,0.784369,6966530,8
0,881077909,1.033615,6967386,6
0,3790320437,0.977780,6970000,31
0,1750305031,0.730208,6970783,5
0,1730066743,0.923330,6971374,2
0,1802123461,0.895409,6972024,3
0,1686062281,1.073928,6972671,3
0,2294795653,1.102642,6974161,15
0,16637737,0.942176,6975486,13
0,217003697,0.985738,6977587,24
0,3580512401,0.732211,6980122,30
0,3327829367,1.050019,6980915,5
0,182220553,0.813101,6982679,19
0,4221908783,1.099538,6984802,24
0,189176821,1.020780,6985524,4
0,1486420693,0.950945,6986037,1
0,2771035159,1.040677,6987726,18
0,2717312413,0.806468,6988799,9
0,1901734519,0.751301,6991626,34
0,173634449,0.973777,6996170,59
0,89830327,1.142229,6999191,37
0,869269927,1.002438,7001013,20
0,3997853903,0.875558,7002292,12
0,4231988227,0.978779,7004201,21
0,3915449801,0.756482,7005823,17
0,1781039863,0.797334,7006748,7
0,2840370263,0.841432,7007822,9
0,702114137,0.936979,7010868,31
0,1179405053,0.986728,7011746,6
0,1995171341,0.758416,7015031,38
0,2070934903,1.156672,7016682,17
0,3111199103,0.963190,7018314,17
0,716154097,0.977780,7023061,62
0,2337516263,0.860369,7026735,46
0,3605960573,0.942176,7028656,21
0,1720752269,0.942694,7030147,15
0,957002749,0.725512,7036867,90
0,3674750743,0.950945,7038283,14
0,1399523357,0.858096,7040184,21
0,2333708471,0.880563,7042587,28
0,3004819033,1.008751,7043862,12
0,1307005361,1.000976,7056096,164
0,3945145723,1.031723,7060727,47
0,1600160371,0.938021,7061815,7
0,2380340077,0.913227,7063273,12
0,1491143701,0.915364,7064285,8
0,3433515047,1.073018,7065906,17
0,343645061,0.942694,7070041,53
0,3555106741,0.942176,7070985,7
0,2854927399,0.950945,7076040,66
0,2437116443,0.919621,7077817,19
0,2945858197,0.891036,7078959,10
0,1191179581,0.853531,7081787,34
0,191508773,0.973276,7082423,3
0,3182582453,1.031250,7083355,7
0,307340791,0.897588,7084420,9
0,2809007219,1.099538,7085078,3
0,56678753,1.166760,7088068,37
0,2716563257,0.964709,7088727,3
0,2168041549,0.876673,7089301,2
0,666230143,1.013098,7094841,73
0,2639570317,0.882225,7097520,32
0,3259701191,1.033142,7098176,3
0,2098672553,0.938021,7100084,21
0,659591239,0.895409,7101209,10
0,4239013853,0.884436,7102779,16
0,598224427,0.971267,7103994,11
0,1543644367,0.801610,7107864,49
0,1778411879,0.944247,7108856,8
0,314200147,0.829745,7110263,14
0,3215267593,1.022214,7112525,23
0,2453840849,1.207480,7114306,18
0,1093438967,1.007782,7115234,7
0,3536719357,0.977281,7119912,58
0,1147704881,0.884436,7121893,22
0,1316709179,0.975280,7123322,14
0,1358338361,1.069828,7125429,24
0,4096221929,0.866589,7126633,11
0,628181011,1.233485,7129953,41
0,796571339,0.969254,7130760,5
0,2128508917,0.946313,7133386,31
0,4224058873,0.950432,7136064,32
0,1586389807,0.852959,7140137,52
0,1759868503,0.971267,7142041,21
0,3100610869,1.033142,7148978,93
0,1333288793,0.952484,7150207,11
0,2637133171,1.039268,7150876,3
0,1605503087,0.846639,7151806,7
0,1809138127,0.955044,7153015,11
0,394521637,1.002438,7154006,8
0,1913176637,1.035031,7154858,6
0,611281843,0.920152,7156623,19
0,3853933217,1.044891,7159157,26
0,2417027929,1.127168,7160382,11
0,128510519,1.295274,7161023,3
0,3495656743,1.000488,7163758,18
0,3165410707,1.004871,7165356,14
0,2442822113,0.817891,7168371,37
0,3693573839,1.094196,7176000,103
0,2756184499,1.127168,7181115,67
0,1480611329,0.919621,7182372,12
0,1413614641,0.872205,7183217,6
0,1322097493,1.003899,7184986,19
0,1352962601,0.792420,7186468,15
0,1859511113,0.846062,7187953,15
0,1801741847,1.007782,7191186,40
0,446677471,0.936979,7192121,7
0,1836519403,1.068458,7193908,19
0,431074913,0.888841,7195726,20
0,333038723,1.004871,7196576,6
0,3608886811,0.938541,7200594,51
0,517119263,0.928078,7202014,14
0,1214623171,0.984747,7204197,25
0,3678457243,0.877229,7205411,11
0,109233829,0.843171,7206043,3
0,1423660981,0.606765,7206914,6
0,2271225247,1.084785,7209173,26
0,2421315839,0.884988,7211350,25
0,2650727147,1.002438,7212088,4
0,2800300501,0.882225,7216482,52
0,1946316173,0.940101,7217841,13
0,1696310113,0.735538,7221188,39
0,1646913911,1.033142,7224638,43
0,2498700797,1.095980,7226976,27
0,2939935897,0.924387,7230093,38
0,3483784379,0.942694,7233882,48
0,1086876863,1.073928,7235230,13
0,2053253647,0.852959,7235809,2
0,245467567,1.074382,7241538,76
0,3772185787,0.815499,7244299,33
0,2939240987,0.853531,7246479,25
0,2005878709,1.037387,7248740,26
0,118688719,0.848367,7250628,21
0,2755400339,1.140518,7252314,18
0,528693079,1.001951,7259036,90
0,2005594243,0.816696,7262940,45
0,2882531891,1.000000,7266402,29
0,3265889827,0.981270,7267283,4
0,716727773,0.913227,7268705,14
0,2525932117,0.940101,7269568,6
0,3630342607,0.947859,7270635,9
0,1224184667,1.008267,7274485,49
0,3664537627,0.941657,7276384,21
0,1287024097,1.033615,7280941,59
0,1783235651,0.823246,7284011,38
0,2623235917,1.043020,7285161,10
0,257604103,0.954021,7287761,31
0,1109652263,0.813701,7289268,15
0,1201466831,0.889939,7293406,53
0,3856854601,0.974780,7294486,9
0,583622357,0.969254,7298214,47
0,461911757,1.031723,7299908,18
0,781573153,1.095980,7301938,23
0,2369360209,0.942694,7303347,14
0,1324821437,0.882225,7305325,22
0,1488212041,0.975280,7305895,2
0,3570860287,0.753248,7308102,25
0,2766155387,1.015505,7310013,21
0,801625379,0.989199,7311853,20
0,4015973267,1.002438,7318799,89
0,3037985653,0.911622,7321249,26
0,1731552343,0.910014,7322409,10
0,636174667,0.919621,7323130,4
0,238117513,1.095980,7324116,8
0,1201582309,0.939581,7325254,10
0,3647264063,0.988706,7327021,19
0,2311141871,0.958107,7329553,30
0,1243570513,0.920152,7330273,4
0,2193550973,0.877786,7332323,23
0,2420248951,0.981270,7333590,12
0,4255990807,0.971267,7335703,24
0,486755777,0.975280,7337743,23
0,2359870069,0.784369,7340484,33
0,148549721,0.880563,7345643,68
0,53077807,0.872205,7347559,19
0,3448338889,0.975280,7348512,7
0,52970017,1.070740,7352423,50
0,1326740419,1.006328,7355598,39
0,1147896931,0.950945,7356380,5
0,2242487473,0.877786,7357997,17
0,295334297,0.976781,7358638,3
0,1593282917,1.127168,7359222,2
0,616950359,0.862070,7359870,3
0,3634858699,0.853531,7360522,3
0,423121229,0.836193,7363524,32
0,388790291,1.043020,7367435,36
0,2983239491,1.040677,7368997,12
0,4282390843,0.925971,7369938,7
0,1136806127,0.781875,7371361,14
0,2593500443,1.000000,7372574,11
0,3318335873,0.722139,7373982,14
0,3298622413,0.921743,7376945,36
0,3008613431,1.031723,7378024,9
0,1521597239,1.066628,7381390,41
0,1688075677,1.037387,7382269,6
0,542654741,1.035031,7383186,7
0,1538879821,1.071652,7385098,21
0,1175466001,1.086134,7385729,3
0,1682286521,0.724838,7387905,25
0,67439233,1.024123,7390262,28
0,57194447,0.914830,7392848,31
0,2983010941,1.128899,7394062,11
0,13734911,0.952484,7394631,2
0,659349863,0.942694,7395418,5
0,3661290767,0.813701,7396850,14
0,1299019109,0.908940,7399317,29
0,3253442861,1.012616,7399899,2
0,2894523911,1.115848,7400967,9
0,1210752931,1.004385,7402387,14
0,4048815581,1.066170,7404294,21
0,136291429,1.127168,7405916,17
0,144776041,1.000488,7409906,51
0,669172073,1.095980,7410695,5
0,2062397317,0.852386,7411567,6
0,1783121887,1.032197,7412845,12
0,2905297061,1.047225,7413978,10
0,77191753,1.229123,7419954,75
0,260175131,0.941657,7421885,21
0,949172051,0.993632,7422463,2
0,1072044737,0.880563,7423422,5
0,522148687,1.039268,7424860,14
0,2788887991,0.946313,7426418,16
0,3577639957,0.858096,7427347,7
0,4025087179,0.939581,7428008,3
0,1763901091,0.864897,7430828,34
0,1378229449,1.105296,7432929,24
0,1887315851,0.806468,7436867,50
0,3979170721,0.950432,7441412,59
0,1695675467,0.895409,7442410,8
0,1582870117,0.950432,7443899,15
0,2574376969,0.950432,7445406,15
0,1826105543,0.852959,7447120,18
0,4035031037,0.976781,7450213,38
0,2686744849,0.933847,7451476,12
0,2784115963,0.895409,7452634,10
0,330192767,1.033142,7454885,26
0,777631483,0.939581,7457097,25
0,287886283,0.879453,7458503,14
0,2213389499,0.827388,7461877,42
0,1841626481,0.875558,7462809,7
0,2372309789,0.952484,7463528,4
0,3283174127,1.017906,7464040,1
0,55211521,0.962683,7465243,11
0,2776592213,1.006813,7471097,59
0,3955695977,1.079370,7472202,7
0,3330407417,0.880563,7473697,15
0,2500004693,0.882225,7474624,7
0,1206374747,0.846639,7476391,19
0,3768977717,1.035503,7478175,19
0,3856598887,1.144791,7479040,6
0,2867020187,0.950432,7482412,42
0,251824021,0.804043,7488013,74
0,86046119,0.849517,7488651,3
0,2575702783,0.755190,7489173,1
0,2921288203,1.250391,7494787,74
0,2209762351,0.817294,7496412,17
0,989973197,1.057894,7497963,16
0,1089968081,0.941657,7499941,22
0,4272454763,0.889391,7502767,34
0,1424399419,1.043488,7505803,37
0,1542002729,0.989199,7507558,19
0,2754965221,0.817891,7508210,3
0,906679817,1.039738,7513749,73
0,901706999,0.858096,7514895,10
0,2933505217,1.021736,7518625,47
0,1401242351,0.908940,7521334,29
0,2397325291,0.846639,7522695,13
0,2011757717,0.879453,7524819,24
0,1792353349,0.947859,7526490,15
0,25212101,0.843750,7527614,10
0,3139034257,1.007782,7530151,30
0,1781781581,0.920152,7533023,35
0,2094879571,0.913227,7539555,87
0,3451839623,0.897044,7540282,4
0,2875823143,1.079370,7542964,32
0,299521967,0.947859,7544115,10
0,3833872457,0.984747,7545377,12
0,1090705313,0.938541,7548033,32
0,969751249,0.972774,7549447,14
0,2545373371,0.950945,7551568,24
0,3079249031,0.939581,7553130,16
0,1185685337,0.817891,7554054,7
0,987154279,0.944247,7554713,3
0,693125593,0.867152,7555767,9
0,3899511691,1.101313,7557758,22
0,3073982663,0.889391,7558635,6
0,1701746507,0.942176,7560677,23
0,2484061043,1.104854,7562578,21
0,1400611843,0.977281,7564492,21
0,52971731,0.956577,7567066,31
0,803100593,0.895409,7568684,12
0,1279087813,0.722139,7571036,27
0,3742315147,0.843750,7573569,14
0,1041794473,1.004385,7574398,5
0,2599640213,0.863202,7577837,43
0,1820338309,1.047225,7578405,2
0,3147515557,0.803435,7580949,30
0,3182585501,1.194061,7581817,6
0,3298754353,0.988706,7583171,13
0,1490106127,0.866589,7583891,4
0,78115021,1.081629,7586276,28
0,1253885653,0.844907,7587693,14
0,2046276979,1.074382,7588779,9
0,3928929317,1.137517,7591599,34
0,1371396121,1.095980,7592951,13
0,520635877,1.100870,7596030,38
0,3328995847,1.035974,7598066,23
0,468592739,0.880008,7598580,1
0,3291202009,0.805862,7600685,24
0,651750191,1.066628,7601552,6
0,3174065599,0.977281,7603042,15
0,3281068367,1.135799,7606156,38
0,2526204619,1.122393,7608413,26
0,156178889,0.755837,7609677,12
0,3133817279,0.911622,7610199,1
0,2008828163,1.122393,7612114,21
0,2768356127,0.880563,7615337,40
0,2589907729,1.008267,7616057,4
0,4038247583,0.860369,7618122,23
0,2789019743,1.104854,7620303,25
0,928443881,0.916963,7620818,1
0,2824526699,1.017426,7622028,11
0,2372733721,1.042552,7623907,16
0,3372957593,1.027930,7629783,75
0,1986025441,0.884988,7645578,220
0,3108312769,0.844329,7647547,22
0,3854861921,0.940101,7649308,19
0,3784082789,0.910550,7649952,3
0,4112995043,0.908940,7652216,26
0,1263954079,0.854103,7659007,91
0,2259718519,1.033615,7661392,28
0,3332509171,0.852959,7664831,43
0,771609149,0.970764,7667096,26
0,249895973,0.796722,7667734,3
0,815584961,0.789333,7670722,32
0,604285651,0.723490,7671675,7
0,4140227857,1.048157,7677042,57
0,3298653067,0.873883,7683122,78
0,2140276409,0.858096,7683634,1
0,2473689103,0.892679,7684557,7
0,651612749,0.988706,7689242,61
0,1219113659,0.958616,7692599,42
0,3524851607,1.066170,7693740,10
0,3856354109,0.924387,7694398,3
0,3934280081,1.017906,7695246,6
0,943763377,0.690335,7695817,2
0,2104811539,0.911622,7697369,16
0,2779515191,0.796722,7698449,9
0,3704670839,0.964203,7700217,19
0,1773360851,0.876115,7701848,17
0,3775823477,0.833854,7703481,17
0,3466164041,1.031250,7704989,15
0,897002801,0.932801,7707274,26
0,3549707341,0.954021,7710503,40
0,942499799,0.886090,7715077,59
0,3637560403,0.955044,7717339,26
0,204832301,0.914296,7720769,43
0,3637204387,0.781875,7721497,4
0,4131671221,0.681078,7722918,14
0,2883875509,0.897044,7724758,20
0,2773766059,0.877229,7728871,49
0,2676544979,0.827978,7729605,4
0,246059969,0.897044,7731113,15
0,3858091421,0.817891,7733323,24
0,1709706623,1.067086,7736369,37
0,2621847751,0.914830,7737434,9
0,1049108933,0.846639,7738151,4
0,4282484957,0.836193,7740540,28
0,1414256149,0.913227,7742655,24
0,2826247681,0.743461,7743226,2
0,3806577589,0.956066,7743880,3
0,382632487,0.848942,7745214,13
0,1842767833,0.755190,7747127,21
0,3424646779,1.009718,7748701,16
0,3633449089,1.069828,7750940,26
0,155505619,1.008267,7752342,14
0,4120064149,1.019344,7753411,9
0,1237207633,0.938021,7754142,4
0,591832489,1.033615,7754714,2
0,2102499337,0.944247,7755634,7
0,2032342409,0.884988,7757804,25
0,3790770847,1.039268,7762380,59
0,2365942801,0.937500,7763312,7
0,3746034317,0.849517,7764938,17
0,913868419,0.817294,7765512,2
0,2300832353,0.802219,7766364,6
0,4210031333,0.872205,7768007,17
0,987181933,0.884436,7770397,28
0,2790979927,1.066628,7772103,18
0,1420837591,1.021736,7773200,5
0,3962497261,1.068458,7777518,39
0,1121264377,0.987223,7779332,17
0,2017738241,1.101756,7781234,21
0,642364951,0.971267,7782095,6
0,1384873117,0.950945,7783788,18
0,1558939069,1.128899,7784936,10
0,2281435661,1.002438,7786926,22
0,2453039857,0.815499,7791694,62
0,3589212181,0.853531,7794780,38
0,1498577473,0.758416,7796065,12
0,2074902079,0.970261,7796596,1
0,6038059,1.192833,7799804,40
0,3656943341,0.938021,7800390,2
0,813663443,0.941657,7801522,10
0,1063671437,0.888841,7805645,53
0,3798749089,1.072563,7810126,58
0,3498031921,1.097316,7810851,4
0,614597131,0.836193,7811693,6
0,2534814647,1.071652,7812562,6
0,4289710493,1.161727,7816714,53
0,580537669,0.913227,7819177,29
0,808060241,1.128467,7820923,19
0,881881471,0.762910,7821432,1
0,365124713,0.848942,7823400,22
0,1484728523,1.132786,7825858,29
0,2743969993,1.000976,7828345,25
0,971221037,0.906789,7828862,1
0,3352998197,1.033615,7830002,10
0,1049919293,0.970764,7832324,27
0,2243776343,0.910550,7842488,137
0,430294343,1.064795,7843421,7
0,1541058781,1.004385,7845756,27
0,2252717897,1.035503,7846372,1
0,3864188357,1.067086,7847532,10
0,2539465403,1.068458,7848125,2
0,2502715379,0.796722,7849620,15
0,3609720193,0.952484,7850829,11
0,2907660803,1.035031,7860631,134
0,240273739,1.067086,7863449,34
0,2034848789,0.756482,7865557,24
0,637580989,1.105296,7870740,68
0,1524205153,1.129332,7871453,4
0,2768461799,1.129332,7872669,11
0,4194052853,0.724164,7876475,44
0,4263053227,1.046292,7877772,12
0,2850564803,0.858096,7880563,20
0,3040152887,0.925971,7881978,9
0,3297526591,0.873883,7883277,12
0,3778084831,0.993141,7886538,40
0,2477065607,0.900304,7890588,52
0,4265584513,0.906789,7891601,8
0,731575991,1.033615,7892742,10
0,89262853,0.978280,7894761,23
0,3791068733,0.919621,7895503,4
0,265716713,0.924387,7896008,1
0,1630283531,0.942694,7897219,11
0,1691555423,0.973777,7900455,40
0,458544239,0.919621,7902295,20
0,4233089093,0.755837,7903162,6
0,3658342769,0.628894,7904377,11
0,4102060861,1.075745,7904889,1
0,2608078147,0.869402,7906523,17
0,2450323969,0.944247,7907233,4
0,2460535873,1.002438,7910181,36
0,3948821321,0.898132,7911458,12
0,2018436779,1.123697,7912127,3
0,351956569,0.938541,7912705,2
0,2512866487,1.101313,7914833,24
0,2673896089,1.166760,7917436,31
0,217497869,0.994614,7920275,33
0,2926941113,1.048623,7922854,30
0,1694351161,0.818488,7924360,15
0,1354039231,0.977281,7926663,26
0,278327477,0.818488,7929265,31
0,1542366619,0.930180,7930695,14
0,173311529,0.993141,7931264,2
0,931830919,1.078917,7933010,14
0,1559946649,0.827978,7934277,11
0,165255661,0.908403,7936179,21
0,137697559,0.908403,7939151,34
0,2441606383,0.846639,7940657,15
0,430095947,0.985738,7941863,11
0,3978657079,0.952484,7943562,18
0,4230281039,1.064337,7945477,21
0,1267274693,0.939581,7947448,22
0,683578769,0.803435,7948168,4
0,789168673,0.942176,7949302,10
0,1837281067,1.067086,7949885,2
0,3892511291,0.751301,7953736,49
0,774509059,0.853531,7955492,19
0,2361800299,0.784369,7956837,13
0,4131950513,0.880563,7959780,36
0,1278220091,0.750651,7960988,11
0,1749341063,1.033615,7961572,2
0,146835827,0.969758,7962761,11
0,2159155637,1.063419,7965096,27
0,1864911661,0.969254,7965745,3
0,700405691,0.969254,7966541,5
0,1642437023,0.950432,7967402,6
0,3003300449,0.972774,7971028,46
0,3341093269,1.001951,7975504,58
0,179963591,1.000976,7976490,8
0,3553372531,1.002438,7979022,25
0,3801594737,1.163407,7981784,19
0,1148544877,0.824432,7986172,52
0,3846040333,0.879453,7988505,27
0,419250217,0.753248,7990191,18
0,792982447,0.940101,7991541,13
0,1866958097,0.871645,7993026,15
0,1376471567,0.911086,7993669,3
0,4082419717,1.052341,7997266,45
0,2046430537,0.940101,8001351,52
0,2051845231,0.946313,8002213,6
0,4272626593,0.822653,8003839,17
0,2116889651,0.933847,8006865,37
0,4025730119,1.336463,8008991,24
0,3148941151,0.964709,8009860,6
0,3174172999,1.021736,8010438,2
0,1775305897,0.884436,8011084,3
0,1331962571,1.139233,8012504,14
0,1917746729,0.815499,8015530,37
0,1753053041,0.842012,8016253,4
0,3988093693,0.884436,8020198,50
0,472424749,1.101313,8021744,16
0,3192823201,0.730876,8022684,7
0,793169089,1.091963,8026389,47
0,244577681,0.944247,8027108,4
0,272203241,1.064337,8027752,3
0,2950242143,0.970764,8030862,38
0,2612215583,1.004871,8031451,2
0,4234522423,1.040677,8032555,5
0,1502612519,1.012133,8035726,39
0,2108849999,0.877786,8036528,5
0,2370580279,0.916963,8037187,3
0,2141276869,1.079370,8038735,13
0,2652939511,1.110145,8039886,10
0,296213521,1.033615,8041711,20
0,3280274447,1.135799,8045562,49
0,3170826013,0.913227,8046295,4
0,4163730569,1.088828,8048691,28
0,3914851609,0.954021,8050252,16
0,3796308977,0.915364,8051942,18
0,4071644183,0.969254,8053160,11
0,2725015649,0.876115,8054985,20
0,3252584879,1.017426,8056622,17
0,3769367977,1.067086,8058124,15
0,1351033967,0.888841,8059680,16
0,4225843241,0.876115,8060394,4
0,1937628727,1.062500,8061821,14
0,2638198183,0.844907,8063244,14
0,1222656349,0.855246,8063887,3
0,4187733677,0.920152,8067826,50
0,4212110257,1.017906,8068969,10
0,1272654517,0.889391,8069490,1
0,3037527979,0.879453,8071755,26
0,2466990917,0.968750,8075755,51
0,3420535483,0.867152,8076923,10
0,1499426437,1.101756,8077646,4
0,1117765651,1.131923,8078637,8
0,1205812813,1.070284,8080561,17
0,169021357,0.923859,8082142,16
0,314881261,0.978779,8084441,14
0,3899433247,0.817891,8085448,5
0,264457937,0.787475,8086851,13
0,2877452117,0.981270,8087433,2
0,3164275747,0.858664,8088494,9
0,504894463,0.993141,8090624,24
0,459835823,1.012616,8091772,10
0,200503781,0.844329,8092424,3
0,3779097349,0.858664,8093898,15
0,77905721,0.919621,8095099,11
0,4174953889,1.093303,8095820,4
0,471815921,0.724164,8096814,8
0,1393689247,1.184618,8098639,20
0,2592391721,0.895409,8101388,33
0,3859565167,0.848367,8104763,42
0,3715585417,0.983258,8105564,5
0,238030691,1.042552,8106410,6
0,443290051,0.725512,8110194,48
0,1800179597,0.961668,8112233,23
0,2140740449,0.960652,8112816,2
0,3248808221,0.906789,8113600,5
0,1548256987,0.884436,8115158,16
0,1150442287,0.863202,8116578,14
0,3840687547,0.912157,8119464,35
0,1653965057,0.993141,8120374,7
0,2324157287,0.975280,8121304,7
0,3112389271,0.958107,8127347,80
0,192303169,0.832682,8128187,6
0,1754374373,0.853531,8129317,10
0,2026832609,0.834439,8131079,19
0,3034705753,0.977780,8131878,5
0,3441022727,0.970764,8132390,1
0,1291418647,1.183381,8133879,15
0,2008318097,1.094643,8135206,5
0,799906741,0.971267,8135806,1
0,1178163473,0.910550,8138056,26
0,3284567179,1.068458,8142847,60
0,2073854933,0.970764,8143379,1
0,2023765687,0.786234,8145565,25
0,973205567,0.937500,8149857,55
0,2917970437,0.727528,8157941,109
0,3839270843,1.161727,8158462,1
0,1133587057,0.976781,8159520,9
0,1862624381,0.844329,8160031,1
0,3190932137,0.820275,8160887,6
0,161389867,1.081178,8164114,40
0,118660439,1.004385,8166364,26
0,880403143,1.017426,8167359,8
0,2646152651,0.844329,8170121,33
0,2330536669,0.869402,8171767,17
0,3854755441,1.062959,8173258,15
0,2330648863,0.923330,8174126,6
0,110189501,0.846639,8175482,13
0,3429356647,0.888841,8176278,5
0,3759534533,0.976781,8176856,2
0,1656501773,0.997556,8178059,11
0,2252709379,1.000976,8178780,4
0,2698900651,0.789333,8179512,4
0,2549047849,0.880563,8183004,39
0,4061662469,1.074382,8184020,8
0,1225450073,0.730208,8184801,5
0,2821216859,0.822653,8185447,3
0,907001519,0.916963,8186912,1
0,530229071,0.978779,8187826,5
0,314731073,0.880563,8191176,42
0,2644137073,0.927551,8192032,6
0,1580513113,0.942176,8193379,13
0,880126097,0.858096,8194233,6
0,237092623,0.813101,8195014,5
0,2259722747,1.048157,8196087,9
0,2694691411,0.889391,8198411,27
0,857076707,0.942176,8200551,24
0,2751724177,1.048623,8203581,37
0,1927497361,0.938021,8204575,8
0,1556023967,0.934370,8207459,35
0,1811494549,0.914830,8208738,12
0,3698398409,0.851240,8212932,54
0,2269766561,0.832682,8216236,41
0,2879114093,1.069371,8217455,11
0,3595945237,0.824432,8218244,5
0,3935504939,0.897588,8218891,3
0,3362890627,1.259728,8223995,67
0,3779404841,1.093303,8224565,2
0,3741862079,1.133217,8227099,30
0,394467707,0.880563,8230554,43
0,1569534089,0.781875,8231058,1
0,1761517283,0.886090,8232352,12
0,4076995861,0.914830,8233062,4
0,3946160243,0.864897,8233791,4
0,2853231793,0.915897,8238307,52
0,4097820521,0.872765,8239769,14
0,578250929,0.846639,8240564,5
0,3003233633,0.914830,8241556,8
0,817435513,1.095534,8245404,46
0,4092874609,0.968750,8251443,80
0,2954554951,0.831508,8252301,6
0,3158609177,0.916963,8252945,3
0,8435437,1.129332,8253853,7
0,2037301661,0.848942,8254785,7
0,1124057897,0.945797,8258582,48
0,598647067,0.941657,8260839,26
0,951631949,0.971267,8262665,20
0,2820672697,1.066170,8265469,34
0,1273062577,0.891584,8267572,24
0,1145100727,0.901929,8268157,2
0,3196973083,0.921743,8272088,50
0,2129982563,1.140518,8272607,1
0,428908369,0.846062,8277165,59
0,2110377509,0.884436,8279082,21
0,3111845381,0.751301,8279808,4
0,1748574629,0.694566,8280867,9
0,2032816879,0.846639,8282153,12
0,1125365903,0.884436,8285410,36
0,15734581,1.221951,8288912,44
0,3655829711,1.009718,8290132,11
0,3670222483,0.815499,8295066,51
0,4223194081,0.656250,8297982,33
0,110317409,0.750000,8299672,18
0,1354852567,0.899761,8301712,23
0,2025523447,0.977281,8306906,68
0,3077448527,0.862070,8307423,1
0,755326409,1.104854,8308414,8
0,2061427241,0.919621,8309205,5
0,1803951803,0.757128,8311041,20
0,3747293569,1.161727,8312948,21
0,1818711929,1.158360,8314106,10
0,1116679591,0.813101,8316155,23
0,3698250901,0.876115,8317928,19
0,2022957931,1.192833,8321936,51
0,3959949379,1.039738,8322712,5
0,2485587431,1.031723,8324208,15
0,4167419897,1.062959,8326209,22
0,1589998783,1.098650,8331141,64
0,1198816211,1.038798,8332290,10
0,315499103,0.822653,8333765,15
0,2779850699,1.094196,8334284,1
0,1063016701,1.095980,8338910,60
0,845046607,0.832682,8339491,2
0,343805113,0.816696,8342562,38
0,682725283,0.902471,8343485,7
0,395623237,1.004871,8344421,4
0,577868891,1.012133,8345320,5
0,3343509809,1.066170,8346956,15
0,3947342683,0.980772,8348489,15
0,3738694373,1.010685,8351328,32
0,148980431,1.104854,8352122,5
0,3861710921,0.796722,8354013,21
0,4169929033,1.044891,8355006,8
0,4265656991,1.000488,8355936,7
0,202320409,0.864897,8356636,4
0,4270243709,0.920152,8360160,44
0,3549277393,0.888841,8360958,5
0,3956126929,1.009718,8361479,1
0,2489017057,1.033142,8362198,4
0,833428499,1.001951,8362848,3
0,3965755039,0.880563,8363849,8
0,3120987503,0.815499,8364366,1
0,2597095931,0.827388,8364951,2
0,2833657973,0.944247,8365752,5
0,226539407,0.978779,8367511,19
0,2954214847,0.969758,8368236,4
0,3083913137,0.955044,8370284,23
0,595723087,0.843750,8370993,4
0,608639659,0.707797,8372478,15
0,571637579,0.848367,8373055,2
0,195083531,1.063419,8374610,16
0,415613131,0.829745,8376313,18
0,2228758271,0.895409,8378423,24
0,3243834359,1.113658,8379294,6
0,286270001,1.135799,8380268,8
0,2156140619,0.976781,8381042,5
0,2325219641,0.950945,8383509,29
0,2137121869,0.981767,8385489,22
0,272599799,1.067086,8389369,45
0,45903089,0.952484,8391687,12
0,277450057,0.976781,8396929,65
0,1858943617,0.981270,8403176,83
0,4205195573,0.912157,8404741,16
0,2154086029,1.033142,8405318,2
0,2657125453,1.034559,8405823,1
0,891792439,1.019344,8408850,37
0,3358684993,0.916963,8411870,37
0,2792978117,1.065712,8415762,49
0,3008045101,0.802219,8416901,10
0,1724199293,0.699470,8418327,14
0,3819874909,0.944247,8420114,19
0,637648691,1.099538,8421762,17
0,2078536963,0.806468,8424100,27
0,1907717839,0.766740,8425182,9
0,2567128177,0.800391,8426449,12
0,3735561061,1.125434,8430312,49
0,2208215159,0.978779,8430894,2
0,942130957,0.973276,8434595,47
0,25050757,1.002438,8435991,14
0,2937672893,0.846062,8436510,1
0,576963991,0.849517,8437016,1
0,478494817,1.037387,8441144,53
0,49558559,1.010685,8442254,4
0,474223429,1.034559,8443744,14
0,1959428411,1.095980,8447902,50
0,3240047539,0.915897,8448435,1
0,3583518761,1.075745,8449927,15
0,1976323733,1.043488,8450649,4
0,4109245781,0.815499,8451720,9
0,2471478059,1.130628,8452446,4
0,2323052747,0.983258,8458681,83
0,443692441,0.846639,8461143,29
0,2483359601,1.001951,8462908,19
0,1335144331,1.073928,8464394,15
0,3585471661,0.756482,8464981,2
0,4213369763,0.858096,8468502,44
0,2130575483,0.824432,8471201,32
0,3772572367,0.942176,8472763,16
0,3731058347,1.095980,8477255,58
0,310474001,0.939581,8478515,12
0,3931853011,1.000976,8480770,26
0,3816920183,0.880563,8483323,30
0,3650659963,0.919621,8483908,2
0,3049992331,0.758416,8486480,30
0,735649361,1.244519,8489930,39
0,567283853,0.924387,8490456,1
0,3090366047,1.207480,8495238,47
0,2345748217,0.970764,8497456,23
0,3949771159,1.102642,8498323,6
0,1115118373,0.963190,8499529,11
0,814790629,1.026028,8500036,1
0,3682226117,1.199365,8501596,16
0,1124899799,1.048157,8502663,9
0,2490131353,1.128467,8503587,7
0,3298322101,0.846062,8506409,34
0,2223109303,1.019344,8510267,49
0,2203046413,0.975280,8510985,4
0,269369209,0.979277,8514497,44
0,911418967,1.004871,8517113,31
0,1568070457,0.969758,8518323,11
0,3318958109,0.854103,8520020,18
0,1350597797,1.065254,8520813,5
0,1649718997,1.127168,8527299,86
0,377151037,0.906789,8529344,23
0,201537841,0.846639,8531225,21
0,4127372323,0.925971,8532287,9
0,2028531553,1.012133,8533009,4
0,4026716959,0.880008,8534491,15
0,838191581,0.693863,8535149,3
0,151144657,0.848942,8536692,16
0,3190702513,1.019823,8537207,1
0,1787450383,0.977281,8537923,4
0,2459465033,0.701561,8539551,17
0,2500259599,1.054659,8546329,85
0,498274087,1.039738,8546933,2
0,4213274183,0.981270,8547933,8
0,2813684509,0.911622,8549703,19
0,429493297,1.079370,8551112,11
0,1810780583,1.097761,8552136,8
0,1699473781,0.880563,8554188,23
0,3812550029,0.813101,8555955,19
0,4039777649,0.864897,8557442,15
0,2783414609,0.822653,8559278,20
0,3463803929,1.050483,8560692,14
0,2549546303,0.945797,8562756,23
0,296658361,0.946829,8563337,2
0,3007079633,1.035974,8568021,61
0,3165618893,0.858096,8568883,6
0,2034025579,0.883883,8570377,15
0,617487029,0.908940,8572342,22
0,1481131133,0.940101,8576290,50
0,4019152667,1.067086,8578005,18
0,3849403759,0.944247,8579287,12
0,35404559,1.074382,8581954,32
0,19321121,1.086584,8582796,6
0,718451341,0.906789,8583303,1
0,753871717,1.008267,8584717,14
0,2566836227,0.969254,8585435,4
0,4256257039,0.725512,8588120,32
0,791105563,1.001951,8591200,38
0,1505714953,0.919621,8593119,17
0,1728564493,0.980772,8594624,15
0,3321481411,1.002438,8600436,63
0,128035289,0.725512,8601952,13
0,1657917439,0.791804,8604009,23
0,4125144307,0.862070,8606263,26
0,2578285867,0.888841,8608725,29
0,2402630933,1.113658,8609933,11
0,920994157,1.099538,8610648,4
0,3463411459,1.069828,8612068,14
0,1128348233,0.820275,8613909,20
0,3835427671,1.166760,8616450,30
0,2370150499,1.099538,8617650,11
0,4114815209,0.928078,8618450,5
0,1378679147,0.928078,8620370,21
0,2401469923,0.932801,8621437,9
0,2636776003,1.131923,8622085,3
0,2038695031,1.043020,8623641,16
0,2443325473,0.824432,8626043,28
0,3272278049,0.853531,8627176,10
0,933089891,1.077106,8629021,20
0,3887004977,0.891036,8631007,22
0,2748740899,0.973777,8632215,11
0,99621727,0.952484,8634689,29
0,1879450633,1.162987,8636101,14
0,567834913,0.783746,8638684,31
0,3355225501,0.942694,8639489,5
0,2442577283,0.985738,8640344,6
0,3575476277,1.099538,8642313,22
0,4213577699,0.757772,8647712,64
0,2791318559,0.988706,8648593,6
0,481219481,0.755190,8651603,37
0,689288737,0.930180,8652547,5
0,4248731701,0.846062,8653210,3
0,1192177291,0.938021,8653929,4
0,1195841063,0.968750,8656521,31
0,1111704767,0.789333,8657102,2
0,152980403,0.989199,8657822,4
0,747251707,0.877786,8658472,3
0,1277763967,0.846062,8662477,51
0,321996397,0.834439,8664790,27
0,599251307,0.952484,8666416,17
0,1456644817,0.940101,8667339,7
0,620958673,0.877229,8668046,4
0,2505283499,0.824432,8669958,21
0,212489041,0.813701,8670601,3
0,2586657247,0.919090,8671545,7
0,4006362317,1.105296,8673525,22
0,1823728607,0.854103,8674399,6
0,2051939221,0.753248,8675746,13
0,364854197,0.784369,8677025,12
0,1808293559,0.880563,8678655,17
0,720886609,0.753248,8679653,8
0,2442687097,1.040677,8681061,14
0,2893919701,0.972774,8682005,7
0,1532760107,0.877786,8683067,9
0,1486293619,0.964709,8683658,2
0,2471394287,0.921743,8684735,9
0,877526171,0.719429,8687679,36
0,511217053,0.925971,8688752,9
0,71570393,0.977281,8689243,1
0,943452683,0.880008,8690871,17
0,2775663221,0.781250,8692159,12
0,2624100691,0.834439,8693361,11
0,2453317049,0.773082,8701648,93
0,4280775043,0.893772,8704367,30
0,3543694963,0.806468,8706148,19
0,2781273977,1.070740,8707099,7
0,2849624441,0.889391,8708106,8
0,3849143783,1.007782,8711818,47
0,3266669491,0.793652,8712749,7
0,1353429661,0.970764,8714108,13
0,3787683461,0.778746,8714826,4
0,2613911903,0.897044,8716451,17
0,1603298681,0.844907,8717311,6
0,1242657421,0.761629,8718582,12
0,3651086519,0.876115,8720086,15
0,275296261,0.920152,8721343,12
0,2112793279,0.872205,8722083,4
0,3757385081,1.006328,8723364,12
0,3873429887,1.125434,8726747,42
0,2831248229,0.882225,8728239,15
0,2154439499,0.720107,8731618,42
0,617853737,0.789333,8732476,6
0,2308605437,0.784369,8735096,31
0,1804013047,0.853531,8735683,2
0,2218713389,0.880563,8737385,18
0,2106241513,1.157094,8738385,8
0,4155809507,0.970764,8741475,38
0,1213795501,0.939581,8742907,14
0,2704929179,0.854103,8744471,16
0,2359192313,0.891036,8749110,60
0,2928041843,1.101313,8752350,36
0,1320046927,1.033615,8754555,25
0,2760293507,0.784369,8757732,37
0,1719419399,0.852959,8759361,17
0,2531795641,0.914830,8760352,8
0,2744377121,0.911622,8761290,7
0,1819501633,0.876115,8761936,3
0,793678903,1.006328,8762933,8
0,2252210287,0.880008,8766844,50
0,784226419,0.863202,8767633,5
0,1351240577,0.858664,8770009,28
0,1704360323,1.039268,8770591,2
0,1918862447,0.925443,8772565,22
0,2087116613,0.783746,8776666,52
0,3018241717,0.987223,8777956,12
0,2149445449,0.822653,8778817,6
0,664190309,0.851240,8779400,2
0,420876829,0.884436,8781085,18
0,2344892243,0.941657,8782089,8
0,663430247,0.895409,8784138,23
0,2669771651,1.105296,8786465,27
0,1746429953,1.068458,8787793,13
0,2579932519,0.846062,8790700,35
0,1018366049,0.902471,8791624,7
0,3457004731,0.872205,8792833,11
0,3617890253,1.197736,8794889,23
0,2995709063,1.071652,8795956,9
0,3287744963,0.834439,8796870,2
0,2716866773,0.989199,8797889,8
0,641256367,0.930180,8798678,5
0,533073259,1.050019,8799256,2
0,1385498921,1.004385,8801257,9
0,132260699,1.006328,8801929,1
0,2025255187,1.191195,8802999,9
0,3961153837,0.818488,8805391,28
0,1297237511,1.033615,8806813,14
0,170145427,1.000488,8807378,2
0,3981345463,0.862070,8808310,7
0,3751989523,0.827978,8810639,27
0,9048803,0.827978,8811961,13
0,399241169,1.073928,8814787,34
0,3923629243,0.939581,8817055,26
0,3099980249,0.932277,8819186,24
0,25164563,0.849517,8819825,3
0,144048691,0.877786,8821497,18
0,951736241,1.000488,8823125,17
0,2054081941,0.882225,8824208,9
0,2926938401,0.981767,8824852,3
0,4243045721,1.024123,8826422,16
0,1126529059,1.033615,8829225,34
0,285512443,0.950432,8831824,31
0,3089296961,1.012133,8833379,16
0,2490248177,1.099538,8834384,8
0,2193741397,0.942694,8836148,19
0,59101579,1.066628,8838732,31
0,1803407911,1.016466,8839319,2
0,1695826973,1.033615,8840308,8
0,4108561939,0.987223,8840962,3
0,1293018491,0.927551,8843096,24
0,3687704833,0.801000,8845763,32
0,2949704657,0.855816,8848330,29
0,1623642533,1.097316,8853001,56
0,1588045561,0.886090,8855565,30
0,2884890523,0.970764,8856099,1
0,2601437791,1.099538,8857113,6
0,2029404539,0.818488,8857917,5
0,493155809,1.006328,8859691,19
0,144940799,0.938021,8860901,11
0,1920859931,0.971267,8861564,3
0,2586809579,1.097761,8862289,4
0,525784277,0.883883,8863017,4
0,3216832033,0.940101,8867709,61
0,3789201371,0.822653,8869348,17
0,1906121869,0.927551,8869928,2
0,2667374123,0.950432,8872672,33
0,1770084229,0.858664,8873734,9
0,3948446969,0.958107,8877033,41
0,4132387447,1.043020,8878185,10
0,2324137483,1.110145,8879732,16
0,27609607,1.080726,8881748,23
0,1038967199,0.760987,8883034,12
0,2850976357,0.912157,8883757,4
0,1123880749,0.911086,8884902,10
0,1222398239,1.128899,8885620,4
0,2157562103,1.004871,8892493,92
0,4126547587,0.766103,8893086,2
0,1202600669,1.125868,8894643,16
0,3971081509,0.908403,8895364,4
0,3057226957,0.877786,8896223,6
0,18939211,0.862070,8897692,15
0,2203733827,0.876115,8898347,3
0,269576653,0.760987,8899597,7
0,182828753,1.006328,8900681,9
0,2591513663,0.781875,8904095,27
0,216416917,0.854103,8906235,19
0,2882121509,1.301291,8906955,3
0,2396565487,0.884436,8912586,74
0,638565667,0.908940,8913790,11
0,3392051407,0.981767,8915068,12
0,1585400197,0.869402,8915798,4
0,288558539,1.004385,8919033,40
0,1433468299,0.942694,8919790,3
0,4134765071,0.863202,8921152,13
0,1761433441,0.880563,8922090,7
0,3357196289,1.061120,8923983,21
0,2477210003,0.915897,8924642,3
0,2723834119,0.786855,8928360,47
0,3411143783,1.101313,8929301,7
0,834534307,0.946313,8932210,35
0,3617757901,0.976781,8932794,2
0,2434565179,0.897044,8933507,4
0,3380314813,0.969254,8934021,1
0,1372831217,0.888841,8934813,5
0,4145067853,0.930180,8935327,1
0,3696897511,0.843171,8935912,2
0,847689439,0.950945,8940669,62
0,3113842321,0.805862,8945224,59
0,514897303,0.863202,8945940,4
0,3976881691,0.919621,8947780,20
0,80473073,0.888841,8949061,12
0,3013024967,0.935936,8951735,32
0,2501799691,1.094196,8954470,33
0,1734084953,1.099538,8956089,12
0,2028053813,1.014061,8957256,10
0,618058979,0.970764,8966989,131
0,791049619,0.829745,8968778,19
0,2214511927,1.007782,8969372,2
0,3071542759,0.892679,8971416,23
0,1092849757,0.852959,8973614,25
0,228687581,0.822653,8975726,24
0,3140033921,0.818488,8976230,1
0,2679761267,0.962683,8977593,13
0,3675718817,0.938541,8979348,19
0,161678633,0.975280,8980395,9
0,2051839201,1.017906,8980971,2
0,3269690737,0.915364,8983090,24
0,1976411501,1.009235,8983606,1
0,1889681099,0.756482,8984535,7
0,3811919057,0.921743,8985118,2
0,1097248573,1.006328,8985909,5
0,3135723757,1.017906,8987130,11
0,1388783717,0.753248,8989269,24
0,3869431919,0.981270,8991742,29
0,203843903,0.827978,8992939,11
0,2363382953,0.970764,8994990,23
0,1710950089,0.884436,8996759,19
0,530851397,0.911086,8998800,23
0,3008642899,0.827388,8999730,7
0,3917909327,0.877786,9001831,19
0,4063776553,1.068458,9002727,6
0,2615229553,0.923330,9003309,2
0,988182551,0.985738,9006136,19
0,640631989,0.880563,9007493,9
0,1848139561,0.827978,9008009,1
0,3587756957,0.944247,9009710,18
0,4083155303,0.999023,9011335,17
0,3029635657,0.752600,9012609,12
0,3114913367,0.849517,9014526,21
0,2669688871,0.766103,9015867,13
0,1866527269,0.802219,9017416,16
0,3830044783,0.760987,9017929,1
0,1881056291,1.017906,9021005,38
0,1826952143,0.955044,9022353,13
0,1189952087,0.996576,9023424,9
0,3206271611,1.043020,9024710,12
0,3415788161,0.944247,9026542,20
0,122448913,1.091963,9028300,19
0,3949987291,0.880563,9034675,85
0,2073143141,1.073928,9036865,25
0,3407346073,0.957087,9038227,13
0,3907545773,0.932277,9039925,18
0,3680864221,0.907327,9041284,13
0,2079975043,0.818488,9043350,23
0,2296415389,1.101313,9045040,18
0,548773867,1.062959,9046201,10
0,2993322193,0.969254,9050407,54
0,3980378999,0.945797,9051430,8
0,901508981,1.140946,9052713,12
0,3328719973,0.940101,9055035,27
0,1993818649,0.867152,9055683,3
0,3428308361,0.716027,9056865,7
0,3842465713,0.814900,9058933,23
0,1904284969,0.933847,9061587,32
0,2095966319,1.035974,9062297,3
0,860105329,1.078012,9064631,27
0,2988379169,0.831508,9065899,12
0,3856890811,1.019344,9075354,129
0,717096617,0.879453,9080381,66
0,3359147191,1.004385,9084028,46
0,1606642097,0.817294,9085511,15
0,3561171017,0.977281,9088235,33
0,4276920073,0.941657,9089031,5
0,4107745157,0.827388,9090941,21
0,237794201,0.981270,9091437,1
0,3273429499,1.035974,9092166,4
0,1185857909,0.977281,9093101,7
0,1905655957,0.975280,9095137,23
0,1339112461,0.946313,9096342,11
0,1235306587,0.919621,9097133,5
0,160344139,0.755837,9099517,28
0,1868075837,0.888841,9100183,3
0,4203119197,1.012616,9100978,5
0,2757648161,0.913227,9101919,7
0,3110802703,0.941657,9105523,41
0,2497087349,0.820275,9109547,37
0,2521855001,0.950432,9113657,49
0,2133577337,1.129332,9116224,30
0,1026740731,0.955044,9117996,19
0,2437608851,0.818488,9119002,8
0,504844547,1.087033,9120058,9
0,341822891,1.009718,9121488,14
0,142209047,1.078012,9123176,18
0,1488169993,0.973777,9124943,19
0,1067356573,0.920152,9128116,39
0,1344022291,1.002438,9132585,58
0,364225451,0.752600,9135054,29
0,677627243,1.056047,9136198,10
0,1232189173,0.991172,9137345,10
0,357599317,0.974279,9138606,12
0,2132071723,0.964709,9140857,26
0,982570711,0.897588,9141715,6
0,1123670389,1.202211,9142299,2
0,2126590259,0.972774,9142948,3
0,1298830669,0.973777,9144854,21
0,1846791607,0.781250,9145718,6
0,2429984363,0.932801,9151552,77
0,717336253,0.900304,9152620,9
0,2043968921,0.781250,9155430,34
0,1364497007,1.050483,9156006,2
0,775296971,0.884436,9157489,15
0,2014446311,0.791804,9160030,30
0,1996560079,0.971267,9161981,19
0,1899731063,0.888841,9162928,7
0,2666856971,1.125868,9167240,53
0,3202205971,0.911622,9175540,112
0,1468298263,0.889939,9177648,24
0,3116457401,1.037387,9181723,52
0,640037837,0.970764,9182577,6
0,3873564239,0.897588,9188259,75
0,2027158853,0.942176,9189545,12
0,2505217651,1.085235,9191181,17
0,228143449,0.977780,9192513,13
0,2535572269,0.888841,9193098,2
0,176871529,0.877229,9195608,30
0,4033826339,0.886090,9197855,26
0,3502840409,0.831508,9199405,16
0,677514587,0.852959,9201026,17
0,3248235971,0.883883,9203845,34
0,1776551839,0.814900,9209387,69
0,1546960159,1.195695,9213490,37
0,2616861451,0.952484,9214377,5
0,1170357907,0.932801,9218368,51
0,4089171893,1.000976,9219811,14
0,1293032063,0.972272,9221433,17
0,3274694767,0.920152,9223214,19
0,3388754441,0.976781,9224971,19
0,2718226447,1.140946,9226038,9
0,4152155411,1.032197,9228724,32
0,3726143857,0.942176,9229302,2
0,4143822229,1.207884,9231219,21
0,1711612159,1.010685,9232715,15
0,1260376109,0.964709,9233504,5
0,1418304071,0.949404,9234635,10
0,2415654599,1.106179,9235369,4
0,2672068501,0.927551,9236436,9
0,1966313561,1.160044,9240981,59
0,1964512859,1.025076,9242692,18
0,3407408267,1.235067,9243488,5
0,3324981173,0.908940,9245555,23
0,487107737,0.925971,9246052,1
0,326078897,1.168432,9246563,1
0,3737566187,1.064795,9249258,32
0,1429340767,1.043488,9251655,28
0,1274184491,1.014061,9253144,15
0,1505924131,0.916963,9255191,23
0,2484835781,0.727528,9255839,3
0,21340247,0.753248,9256326,1
0,3461347727,0.846062,9257333,8
0,202217629,1.014061,9259316,22
0,3961172639,1.140946,9260386,9
0,2467792189,0.805862,9262633,20
0,1411453243,0.804043,9263859,11
0,3722022263,0.991172,9265841,22
0,2603284337,1.033142,9266497,3
0,3528756659,0.850666,9267580,6
0,1808815027,0.950945,9269004,14
0,4224968591,1.111464,9271209,25
0,4217226127,0.787475,9272772,16
0,2215611737,0.730876,9273286,1
0,3020145883,1.007782,9274421,10
0,3188263801,1.094196,9280239,77
0,1908368081,0.823246,9282146,21
0,3846942637,0.938541,9286361,54
0,4240320613,0.969254,9287499,10
0,429573271,0.993632,9290224,33
0,3878025157,0.940101,9291168,7
0,2611477369,0.894864,9291898,4
0,3939865147,0.947859,9294364,29
0,3428831347,0.877229,9295164,5
0,2667345179,0.817891,9296308,10
0,1238778547,1.101313,9297720,14
0,1551559003,0.786855,9302350,60
0,1463629301,0.786855,9303354,8
0,176635829,0.822653,9306577,40
0,3125839567,0.784369,9314769,92
0,2358162889,0.937500,9315659,4
0,1175481757,1.040677,9318195,30
0,660289177,0.938541,9318842,3
0,1206816097,0.897044,9319699,6
0,3763278329,0.804043,9323977,55
0,1339698289,1.017906,9324566,2
0,2093086091,1.144365,9327248,32
0,1012646111,0.882225,9329717,29
0,1565338913,1.012133,9332251,30
0,3982929521,0.940620,9334993,33
0,176983361,0.911622,9337434,29
0,1120836617,0.893772,9339543,24
0,1754632547,0.908940,9341594,23
0,2818220243,0.925971,9342249,3
0,2593974319,0.827978,9345295,37
0,559273489,0.862070,9345933,3
0,4096938719,0.933847,9347254,12
0,3933780451,0.942694,9348418,10
0,698234417,0.766103,9349971,16
0,2164048069,1.140518,9351741,19
0,4287130637,0.907327,9357761,80
0,601345253,0.908940,9361351,45
0,1186830493,0.829745,9362418,9
0,826390001,1.039738,9366684,50
0,137292713,1.064795,9368045,13
0,3459065867,0.950945,9373017,62
0,71844761,1.043020,9378051,66
0,1394519053,1.136229,9378634,2
0,3615290311,1.111464,9379864,11
0,3166238861,1.012616,9381081,11
0,2158460827,0.906789,9385637,59
0,3087936623,0.846062,9388662,37
0,1122204311,0.822653,9389869,11
0,4236786677,0.791804,9392829,36
0,761886421,0.860369,9393341,1
0,279804257,1.000976,9393982,3
0,2348070853,0.977780,9395990,22
0,2142502517,0.968750,9400141,53
0,933842633,1.002438,9402246,24
0,3572699701,0.986728,9402755,1
0,3970410043,1.004871,9404320,16
0,676239119,0.876115,9406008,18
0,981696697,0.923330,9406856,6
0,2722532051,0.976781,9407433,2
0,1550513443,1.070284,9410313,35
0,3797510209,0.932801,9411884,12
0,30743737,0.846639,9412399,1
0,1287140689,0.962683,9420813,100
0,3970796341,0.913227,9421845,6
0,3804547339,0.945797,9423544,18
0,1871520137,0.989199,9424263,4
0,2297214643,1.035031,9425132,6
0,2989983523,1.048157,9431380,83
0,2897932729,0.956577,9432312,7
0,472048261,1.068458,9434348,23
0,355459823,0.725512,9435208,6
0,1435334183,0.904092,9436633,14
0,1949021791,0.971267,9441193,59
0,3661011857,0.923859,9441914,4
0,2671467607,1.007782,9442850,7
0,3366415049,0.831508,9443497,3
0,1575067457,0.832682,9444215,4
0,173189483,1.135799,9445063,6
0,3838640041,1.035974,9450784,75
0,4113508691,0.820275,9454100,41
0,187264111,0.862070,9455785,18
0,4192002329,0.914830,9457345,16
0,2062240517,0.995105,9458349,8
0,4231556509,1.038798,9458935,2
0,1515490373,1.032197,9460140,11
0,844095383,1.054659,9462679,30
0,3405296981,0.908940,9463758,9
0,1536873211,1.006328,9464988,11
0,4016717729,0.792420,9465959,3
0,1986897061,0.781875,9467386,13
0,2471813441,0.962683,9468938,16
0,1988678597,1.248045,9470081,10
0,1107389603,1.000488,9472110,20
0,2138236543,0.875558,9473140,8
0,3411487033,1.033615,9475048,21
0,1495817567,0.908940,9475569,1
0,1421453459,0.786234,9477744,25
0,1982616847,0.891036,9482018,55
0,978406069,0.784369,9484208,25
0,508335067,0.950432,9486940,33
0,1037399213,0.846062,9488085,10
0,4042527067,0.803435,9490408,27
0,106807439,0.793652,9492168,19
0,1766372593,0.942694,9492745,2
0,3879480349,0.940101,9494229,15
0,2786850589,1.071652,9495371,10
0,2976388421,0.910550,9496361,8
0,1160507267,0.973777,9497709,13
