agent_id,prime,g,timestamp_us,checked_since
1,1321271141,0.946829,0,26
1,575945401,0.938021,2606,27
1,2107983457,0.839689,5568,36
1,619872527,0.919090,7121,16
1,3717424253,1.010685,11277,53
1,2116729327,0.893772,12163,6
1,2100885979,0.820275,13457,12
1,2575530827,1.014061,19632,82
1,3811434331,0.944764,21761,24
1,2556535493,1.031250,22412,3
1,1833581147,0.960652,24036,17
1,4141810139,1.000488,24979,7
1,509889103,0.994614,26179,11
1,2197230073,0.964709,28645,29
1,75149551,0.853531,29216,2
1,740703521,1.048157,31244,23
1,1884588253,0.893225,34122,35
1,2829435533,0.936979,35406,12
1,1885660537,0.988706,36924,11
1,3496692439,1.002925,38357,14
1,4160927699,1.104412,40342,22
1,3217985663,0.885539,42764,26
1,170639009,1.006328,44044,12
1,3055149143,1.039738,44979,7
1,2168664853,1.137946,47020,23
1,2217259241,0.945280,51365,56
1,2176729799,1.033615,52366,8
1,4101986201,1.071652,53303,7
1,1367409167,0.962683,54576,12
1,3701724889,0.950945,55936,13
1,2590392199,0.910550,58359,28
1,165823277,0.961160,59343,8
1,3799713019,0.869402,60343,8
1,1837985879,0.910550,61073,4
1,4287703463,0.993632,65081,51
1,565342313,0.946313,65720,3
1,957527587,0.997556,67695,22
1,3518781757,0.928078,70108,28
1,220438577,0.996576,71234,10
1,3665225339,0.907327,72389,10
1,3680542391,0.920152,72907,1
1,1488200387,1.027455,76528,45
1,3361647187,0.837360,80476,50
1,2721478261,0.995105,81338,6
1,2023960919,0.970764,81917,2
1,1778994397,0.963190,83401,15
1,2174663321,0.989199,87272,45
1,1364194501,0.957597,89583,7
1,3800081237,0.937500,91592,18
1,289151537,0.931753,92312,4
1,1541020123,0.864332,92829,1
1,1776011429,0.916963,96253,42
1,230250871,0.962683,97606,13
1,1858898581,0.981270,102322,61
1,1680591091,0.893772,104878,30
1,103491593,0.913227,106839,22
1,420001069,1.012133,108530,18
1,3541531967,0.970764,109195,3
1,3833202487,0.945280,113465,55
1,881916743,1.000488,115946,29
1,2416648441,0.818488,116663,4
1,2440652293,0.922801,117383,4
1,4007677643,0.942176,119289,21
1,185536717,1.047691,121115,20
1,353067479,0.975280,122114,8
1,524422111,1.062959,123600,15
1,4242931339,0.928078,127477,49
1,3765845731,1.002438,128965,15
1,3843607051,0.798558,130738,19
1,2876310757,0.994123,131899,8
1,1600807423,0.988706,136069,53
1,1827547727,0.927551,137427,13
1,3491685781,0.886090,139330,21
1,2129994091,1.012616,140133,5
1,3809965609,0.991172,141156,5
1,3527691443,0.974780,142877,18
1,884813057,0.988706,143793,7
1,771310801,0.988706,144714,7
1,3294567103,0.952997,147106,25
1,2253395467,0.962175,147830,4
1,1172584111,1.013098,148342,1
1,3693951113,0.970764,151095,33
1,919689439,0.921213,152593,15
1,3668184829,0.988706,153732,10
1,3123068321,0.998534,155978,26
1,1756984813,1.047691,156984,8
1,464114527,0.899761,157845,6
1,4246508671,1.089725,158432,2
1,2631895829,0.895409,161938,44
1,2568652139,0.977281,162525,2
1,1180184749,1.025552,163465,7
1,582436093,0.982762,164183,4
1,1592125357,1.033615,167289,38
1,3203596471,1.111464,167873,2
1,226414387,1.097316,168453,2
1,2651879957,0.975280,173433,65
1,3523940579,0.978779,174424,8
1,2732434007,1.040677,175355,7
1,3959517461,0.910550,177745,28
1,3220514309,1.033615,178267,1
1,3043934137,1.004871,180336,23
1,1103530339,1.046758,181328,8
1,1896679007,0.961160,182122,5
1,1895162879,1.040677,183272,10
1,3187719259,0.923330,186296,37
1,4166478989,0.964709,188748,24
1,431667337,1.027455,191215,15
1,2786465113,0.938021,192125,1
1,4082124721,1.040677,193157,8
1,3535221731,0.954533,196456,41
1,3127172501,0.927551,197188,4
1,390268181,0.953509,201119,50
1,2925737069,0.940620,202256,10
1,158270117,0.841432,204152,21
1,1780081151,0.864897,205018,6
1,1648309111,0.931753,205605,2
1,992041733,0.911622,206734,10
1,3385124839,0.970261,208177,14
1,2956762709,0.962175,210575,28
1,723710521,1.012616,211497,7
1,2369113301,1.061581,213609,24
1,1414289543,0.937500,214185,2
1,599570929,1.061581,215610,14
1,3532100987,1.029829,217377,19
1,3993452959,1.052341,220619,40
1,2446195369,1.079822,221204,2
1,1090474751,0.929655,222627,14
1,603486311,0.998534,224255,17
1,1881422723,0.993632,225115,6
1,1199289313,0.983258,225840,4
1,2178580007,1.128467,227818,22
1,2806304411,0.818488,228332,1
1,2065391431,1.006813,228921,2
1,237730319,1.025076,233221,55
1,1932076733,0.945797,234156,7
1,4052205203,1.039268,235648,15
1,4120126501,1.034559,236501,6
1,4212935261,0.994123,238553,23
1,57928721,0.835024,240929,28
1,4082909179,0.945280,242645,14
1,1054007341,0.975280,243442,5
1,4084047767,0.927551,247195,47
1,2911371637,1.047691,248721,13
1,2608307561,0.997066,250922,25
1,166474349,0.961160,251702,5
1,1928512087,0.965215,253607,21
1,706549381,0.984747,255233,17
1,1446134687,0.813101,256307,9
1,953339053,0.900304,258142,20
1,629939147,1.035503,260395,26
1,2220224269,0.999023,261813,14
1,834930949,0.826207,265313,44
1,2249629951,0.932277,267217,21
1,3884515331,1.025076,267996,5
1,2966829991,0.907327,269833,20
1,2061684271,0.885539,271824,22
1,3872229511,0.977281,274840,37
1,2199884641,0.988706,275972,10
1,2479542419,0.970764,277963,22
1,1617405817,1.002438,281765,48
1,761910361,0.969758,288441,89
1,3100545377,0.904092,289553,5
1,2343568247,0.913227,290922,13
1,225093833,0.946313,296244,56
1,1920415069,1.035503,297896,15
1,514934779,1.050483,299326,14
1,3344110439,0.941657,299907,2
1,2146557451,0.914830,301131,11
1,1737852293,0.928078,302132,8
1,1395099521,0.928078,303750,17
1,598964963,0.997066,305871,24
1,3315750509,1.083434,310789,64
1,1890260279,0.978779,311370,2
1,3998589761,1.156672,312712,13
1,3907040231,0.872205,316442,47
1,1748777419,1.017906,319538,38
1,2485930591,0.901929,320680,10
1,1348822987,1.012133,321824,10
1,2667561289,0.934370,323242,14
1,2884170209,0.984747,324179,7
1,1122140561,0.957597,326009,20
1,358175299,0.910550,326718,4
1,83328719,1.007782,327437,4
1,3155598773,0.920152,330629,39
1,2991726209,0.862070,332247,17
1,2058577019,0.862070,335763,44
1,1118756173,1.035031,337189,14
1,251967371,0.938021,338246,9
1,527860283,0.880563,341345,38
1,4138722113,1.025552,342556,11
1,3768229919,0.984747,343139,2
1,4102180829,1.005357,347224,46
1,3481196309,1.104854,350231,34
1,1092389257,0.907327,353258,37
1,1905117689,0.952484,355024,19
1,2787771737,0.944247,356462,14
1,2234878229,0.932277,358642,25
1,3165971111,0.889939,361662,37
1,3618572941,0.948889,362181,1
1,376178137,0.901929,365545,42
1,1851200437,1.050483,366065,1
1,759756791,1.047691,366791,4
1,737911789,0.944247,368702,21
1,189272263,1.040677,369335,3
1,4077979153,0.997066,370183,6
1,1287962339,0.941657,372583,28
1,2543597999,1.000488,373378,5
1,399572993,0.893772,374231,6
1,149593369,0.985738,375008,5
1,667711249,0.977281,376905,21
1,3953279221,0.860369,383211,84
1,4087860493,0.848942,385071,20
1,3894804209,0.984747,386918,20
1,1963427897,0.904632,387841,7
1,4098873487,0.948889,390183,27
1,3769735979,0.938541,390832,3
1,745588783,0.931753,392248,10
1,2237686691,0.911622,393333,9
1,3977842859,1.023646,394815,15
1,1009834337,0.954021,397701,19
1,857721031,1.087033,399875,24
1,3082840543,1.061581,402843,36
1,1000090673,0.950945,403623,5
1,2282554717,1.090621,404333,4
1,767864171,0.970764,404984,3
1,253680677,0.961160,407297,27
1,373758601,0.919090,411363,52
1,4098294311,1.004871,411938,2
1,2972072729,0.902471,412660,4
1,2206866637,1.014061,413722,9
1,3896714867,0.871645,414939,11
1,1007784049,0.984747,415932,8
1,3843718679,0.928078,418276,27
1,2059516981,1.002925,418996,4
1,2691962233,1.010685,424045,66
1,506215861,1.111464,425812,19
1,2632856911,1.013098,426329,1
1,1646899949,0.910550,427681,13
1,2785899427,0.941657,430984,41
1,2510389831,0.898675,431559,2
1,3549789029,0.952484,433197,17
1,3367134481,0.964203,435863,32
1,1548518011,0.914830,437624,19
1,1890595859,0.981270,438754,10
1,2428120027,0.995105,439621,6
1,288683977,1.097316,441175,16
1,2293677143,0.927551,446371,68
1,2765955053,0.948889,447298,2
1,742947979,0.975280,449346,23
1,2785426561,0.999023,451733,28
1,116109841,0.852386,453778,21
1,3859551239,1.027455,456254,29
1,1417421933,0.934370,457607,13
1,640341049,0.877229,459570,22
1,1640621419,0.904092,460303,4
1,3655577897,0.940620,461582,12
1,335289169,0.970764,464389,34
1,2508083407,1.022214,467420,37
1,1809428189,0.957597,468154,4
1,855322703,0.922801,469160,8
1,1959241469,0.921743,470104,7
1,70923887,0.908940,477665,102
1,472823551,0.906789,481092,42
1,605347037,0.973777,481737,3
1,1699881109,0.928604,483243,15
1,3680319191,0.882225,484877,17
1,3756998131,1.047691,486380,15
1,3875381357,1.040677,486965,2
1,1198171661,0.827978,488743,19
1,399920173,1.063419,492397,46
1,291761521,0.928604,496265,45
1,3043327843,0.925971,498435,10
1,3153978137,1.019344,500448,18
1,570610861,0.877786,501800,13
1,1862250619,0.965215,503370,16
1,1788546577,0.922801,504709,13
1,3993459193,0.900304,505710,8
1,67229749,1.016466,510331,60
1,978251971,1.002925,511397,9
1,1432068731,0.877229,514084,32
1,10722169,1.111464,514987,7
1,1128371971,1.085235,516186,11
1,1480721821,1.099538,517035,6
1,2857224889,0.984747,518464,14
1,3925627747,0.872205,518979,1
1,2727542459,1.076198,523828,63
1,604136399,0.944247,525110,12
1,3522698747,1.078012,526548,14
1,1589201981,1.037387,527689,10
1,3454004441,0.971267,531361,46
1,2579050307,0.911622,536833,72
1,1359382729,1.042083,537823,8
1,3587991311,1.062959,539536,18
1,2808483791,1.053732,540129,2
1,3535611137,0.914830,541197,9
1,568232761,0.994614,542820,17
1,1290452729,0.862070,543545,4
1,65449961,0.970764,544463,7
1,3181132511,0.996576,545264,5
1,3061238699,0.970764,547399,24
1,881582833,0.954533,552546,61
1,344341873,0.955044,554456,18
1,270126253,1.136229,555679,11
1,1393430537,0.868840,557713,23
1,952309909,0.899761,558284,2
1,2317714879,0.994614,559574,12
1,376420537,0.919621,560091,1
1,2048598763,0.860369,565566,72
1,2071084069,1.025552,567130,16
1,96514849,1.061581,572426,70
1,3940402199,0.835609,573567,10
1,385895537,1.047691,574898,13
1,2942743241,0.910550,575690,5
1,3194427673,1.020780,578019,27
1,2130169897,1.047691,579927,21
1,4025065123,0.997066,580455,1
1,3948426523,0.963190,581462,8
1,1392096379,0.913227,583375,21
1,339180757,0.913227,583885,1
1,3989499971,0.954533,586145,26
1,706386589,0.913227,591529,71
1,207110459,1.055121,592379,6
1,930395041,1.069828,593104,4
1,496184609,1.025076,593602,1
1,2620015217,1.040677,595248,17
1,1109315821,1.018386,598512,36
1,1580002927,0.970764,599472,7
1,249051401,0.895954,602994,31
1,51807617,0.952484,605143,23
1,3168926771,1.000488,606291,10
1,3009387013,0.957597,607159,6
1,3185761489,1.015985,608370,11
1,681820267,1.040677,610610,26
1,140816069,0.946313,611246,3
1,3836776127,1.032197,612040,5
1,1256409457,1.003899,613748,18
1,2564855563,0.960652,617191,43
1,3673814629,1.045825,619241,23
1,3981685823,1.027455,621652,28
1,3908885639,1.015985,622795,10
1,3893797711,1.091963,623933,10
1,2449222001,0.961160,624518,2
1,2417046083,0.893772,625781,12
1,3647423561,0.965215,626567,5
1,3177781309,0.955044,630008,43
1,47689969,0.991172,632308,26
1,35549263,0.965215,633457,10
1,336100577,0.990186,634593,10
1,507626893,0.921213,635441,6
1,2609347319,0.957597,636519,9
1,1929307973,0.988706,639333,34
1,1971463717,0.970261,639836,1
1,3613384651,0.994614,641770,21
1,170773249,0.902471,643032,12
1,1793597671,0.938541,644946,21
1,2762778241,1.081178,646236,12
1,1428025661,0.855246,647940,18
1,1878713477,0.981270,648672,4
1,901463411,0.946313,653836,56
1,516617533,0.884436,659658,73
1,4213280143,1.027455,660842,10
1,1720354969,0.988706,664481,46
1,3359683741,0.952484,666453,22
1,2462485757,0.981270,667521,9
1,2629591183,0.952484,668178,3
1,1577678309,0.988212,670538,27
1,1557397181,1.040677,673105,30
1,1664329229,0.978779,675571,29
1,987775721,0.811297,676558,8
1,2970988249,0.935414,677076,1
1,3706125043,0.903552,678582,15
1,1506115651,1.027455,682226,46
1,2307545749,1.054659,685529,41
1,4198439501,0.962175,686686,10
1,17806253,0.918559,687186,1
1,1654730531,1.018386,689642,29
1,1762440553,1.067086,690157,1
1,2345496157,0.970764,693200,37
1,3618098599,1.061581,694784,16
1,2452261211,0.952484,698530,47
1,2725342409,0.947859,699336,2
1,3240718979,0.946313,700792,14
1,22601251,1.055584,701353,2
1,498742919,0.938541,705306,36
1,2244931471,0.965215,706141,3
1,1805129243,0.917495,709878,47
1,766721617,1.039268,711220,13
1,3568274341,0.839689,717533,84
1,2213502143,1.020780,724010,86
1,1157270561,0.985738,724792,5
1,629361197,0.969758,727524,33
1,1286989349,0.893772,728181,3
1,282632083,1.079822,730090,21
1,1401512891,1.070740,731098,8
1,3631444097,0.934370,731736,3
1,3566543011,0.932277,735112,42
1,2724307897,0.928604,735899,5
1,3490330507,0.986728,739068,39
1,1746251251,0.997066,741959,35
1,489341327,0.919621,743317,13
1,804803759,0.962683,748745,71
1,2226814867,0.895409,754571,72
1,1038104443,1.068914,755302,4
1,2273403439,0.987223,756375,9
1,1311355819,0.921743,756887,1
1,849593539,0.922801,761347,55
1,2252999321,0.950945,763880,30
1,4077145453,1.020302,767450,45
1,1611728893,1.003899,768102,3
1,689879863,1.035503,768616,1
1,624633743,1.020302,772829,54
1,1109316413,0.997556,773549,4
1,3086429579,1.004871,774488,7
1,191105749,1.044891,775402,7
1,1592922871,0.948889,776065,3
1,1463525807,0.904092,782098,80
1,2303821241,1.047691,782672,2
1,1587039283,0.931753,784100,14
1,4227854017,0.942176,785387,12
1,3366157673,0.895954,787390,22
1,1017745397,0.969758,791399,51
1,3502587083,0.919621,792258,6
1,4290046219,1.007782,793757,15
1,1917027641,0.931753,794765,8
1,3889695223,1.035503,795433,3
1,462426031,0.970764,798320,35
1,2894882897,1.042552,801763,39
1,1785877553,1.039268,802984,11
1,1684791853,1.007782,803984,8
1,955699133,1.127168,805843,8
1,158829739,1.110145,811807,74
1,142015723,1.010685,813742,21
1,1536906653,1.050483,815314,16
1,1997280503,1.012133,817008,18
1,2895384311,0.843750,818563,16
1,35977327,0.895409,819752,11
1,512991733,1.035974,820682,7
1,579663131,0.932277,822248,16
1,1238370167,0.868840,823530,12
1,2548971839,1.197736,826234,32
1,1551844141,1.089725,828489,26
1,780605011,0.987223,829621,10
1,2532533053,1.058356,832734,38
1,3143385101,1.039738,833727,8
1,2217934561,0.962175,837644,50
1,817990531,1.025552,839812,25
1,1038865979,0.940101,840609,5
1,3200137943,1.113220,842112,15
1,1314980501,1.048157,843032,7
1,817199881,1.020302,848916,78
1,3675234721,0.867152,851948,37
1,3323434451,0.989199,853721,19
1,2253515617,0.940620,855151,14
1,153547507,1.040677,858407,37
1,648220457,1.036916,859323,6
1,4260323869,1.048157,862009,31
1,1935925039,0.965215,864628,31
1,623674253,1.207884,865756,10
1,4001297869,0.970261,868899,36
1,1605750473,0.969758,870197,12
1,4242977051,0.945280,871619,14
1,3499109489,0.813101,873041,14
1,1710365539,0.862070,873907,6
1,3003242261,0.908940,875267,13
1,1361181971,1.013098,877671,28
1,1509988013,1.002438,879719,23
1,404304191,0.934370,885063,70
1,4257315841,1.062959,887042,22
1,3738776467,0.889391,889814,33
1,3661930637,0.908940,891013,11
1,306581123,0.919621,892692,18
1,789284473,1.047691,893617,7
1,188637061,0.957597,896635,37
1,2185190537,0.991172,898395,19
1,2004694721,1.040677,900101,18
1,2644973323,0.945797,904449,51
1,973838813,0.868840,908469,51
1,2652954299,0.977281,910519,23
1,862339043,0.918559,911243,4
1,934626523,0.954533,913860,17
1,2747539699,0.984747,914540,1
1,218663873,0.931753,915511,6
1,3884067007,0.854103,916630,9
1,1656213011,0.902471,918161,15
1,10258399,0.962175,919156,8
1,426364513,1.012616,920362,11
1,1883449219,0.994614,921563,11
1,925886527,1.063419,923679,24
1,3928379311,1.076198,924203,1
1,3285262219,1.014061,925706,15
1,1898899421,0.988706,929381,46
1,2703668179,1.031723,930946,16
1,2469828787,1.000488,941033,138
1,2329607503,1.057894,943104,23
1,1387911647,0.946313,945016,21
1,173297647,0.904092,947405,28
1,277422427,0.942176,952241,63
1,3686602999,0.962175,953596,13
1,3801103951,0.886641,954182,2
1,1092708103,0.860369,955034,6
1,501527161,0.914830,955686,3
1,128143781,0.970764,956259,2
1,2512797439,1.020780,957548,11
1,1238780227,1.084785,959486,21
1,1338339071,0.886090,961199,18
1,1936466201,0.936979,964301,38
1,3696313133,0.942176,965781,15
1,376777081,0.853531,967249,10
1,2868452341,0.963190,968610,13
1,540245633,0.821465,969454,6
1,3591232289,0.932277,970034,2
1,1197051043,0.997556,971757,16
1,867303407,1.040677,974805,37
1,3913399409,0.889939,978236,43
1,3240874597,0.919090,979230,8
1,179247667,0.950945,980157,7
1,3900747199,0.889939,982137,22
1,3919205291,0.957597,984683,30
1,820619881,1.018386,987507,34
1,648036577,0.931753,988628,10
1,591275077,0.920152,989972,13
1,639102941,0.920152,991679,18
1,21856379,1.043488,992389,4
1,2086426619,1.050483,995214,34
1,2398847567,1.012133,996153,7
1,1044064141,1.057894,996873,4
1,3889783127,0.947859,998015,10
1,1231107419,0.988706,999093,9
1,2556726527,0.940620,1000108,8
1,472234519,0.920152,1003701,45
1,3992722267,0.988706,1007350,41
1,45347833,0.970764,1008362,8
1,379063847,1.000488,1012315,37
1,3976859279,0.954533,1013277,5
1,2249330929,1.003899,1014757,15
1,347960443,0.898132,1015970,11
1,399422431,0.893225,1016632,3
1,956311621,0.910550,1017961,13
1,3445927439,0.984747,1020791,34
1,453479153,0.861503,1023316,30
1,983399413,1.025076,1027612,55
1,745761487,0.962683,1028263,3
1,3321130921,0.950945,1028986,4
1,3566963693,1.140518,1032098,38
1,1438907179,0.962175,1032684,2
1,264221597,0.958616,1033205,1
1,1236731513,1.010685,1037965,62
1,562273471,0.984747,1041777,48
1,926928731,1.087033,1042298,1
1,1670922271,0.904092,1043011,4
1,914167171,0.919621,1043659,3
1,497252291,1.031250,1045081,14
1,4291282549,1.009718,1046019,7
1,3348274291,1.068458,1048635,31
1,1478944711,0.999023,1049914,12
1,2871402089,0.947859,1052238,27
1,3929778311,0.889939,1053660,14
1,1283708593,0.868840,1055212,16
1,2564082637,0.982762,1057616,28
1,1397278447,1.032197,1061191,38
1,3982365113,0.961160,1061953,4
1,2420085527,0.946313,1067182,66
1,1733312387,0.904632,1067778,2
1,43179113,0.891584,1071146,42
1,664225609,0.961160,1072704,16
1,2603331617,0.981270,1075720,37
1,3027988661,0.846639,1076791,9
1,3045044551,1.025552,1077728,7
1,623310377,0.899761,1078930,11
1,2171668847,0.910550,1080016,9
1,1730974303,1.021258,1080527,1
1,4263553739,0.970764,1081117,2
1,730001581,0.897588,1083433,27
1,3555118531,0.970261,1086873,43
1,2081522717,1.012133,1088767,21
1,2651584421,1.000488,1089434,3
1,2019926221,0.923330,1090985,16
1,2455773767,0.864897,1091626,3
1,1988642519,0.997556,1093117,15
1,3019325303,0.975280,1094270,10
1,2217805939,0.853531,1101428,96
1,601289519,0.946829,1109341,103
1,1904884837,1.013098,1111138,19
1,1674650981,0.940101,1113312,11
1,800933141,0.997556,1114685,11
1,110996539,0.853531,1115959,12
1,3975786589,0.907327,1116829,6
1,187942003,0.811899,1119991,39
1,2863831349,0.986728,1121268,12
1,1677725513,1.032197,1127262,80
1,3119818237,0.846639,1134592,96
1,2075930137,0.970764,1135963,13
1,3036301591,0.904092,1137464,15
1,2721237473,0.859233,1138892,14
1,3011301091,0.955044,1140246,13
1,3901525559,1.109265,1145637,71
1,2631846221,0.913227,1147410,19
1,87501643,0.895954,1148537,10
1,964842337,0.895409,1157129,117
1,2207801749,0.913227,1158539,14
1,2719903,1.027455,1159433,7
1,593652067,0.938541,1163841,51
1,1926111683,0.997556,1164600,4
1,4225026349,0.927551,1169191,56
1,3776721749,0.938541,1169781,2
1,3427700201,0.964709,1171684,21
1,2180350813,0.988706,1174577,35
1,4164021119,1.007782,1176630,23
1,3710854289,1.042083,1179436,34
1,3323491289,1.002438,1180089,3
1,2732005753,0.962175,1181167,9
1,2585210819,0.964203,1182870,18
1,439815367,0.994614,1184208,13
1,3542413393,0.854103,1186670,29
1,799336757,0.968750,1189081,28
1,3945133967,1.025552,1191070,22
1,1039527457,0.846062,1192767,18
1,3179217607,0.877229,1194190,14
1,1053916817,0.934370,1196792,31
1,3959957201,0.997066,1198754,22
1,3078157993,1.039738,1200187,14
1,651390463,0.877786,1201132,7
1,2316746087,0.973777,1202549,14
1,3906042221,0.972272,1203550,8
1,1614174733,0.928078,1204133,2
1,1111863491,0.877786,1204635,1
1,3877824259,0.960652,1205356,4
1,1358474333,0.997066,1207195,20
1,2647114373,1.050483,1208627,14
1,3662766607,0.995105,1209562,7
1,1279745521,0.862070,1210081,1
1,2074973167,1.043020,1212406,22
1,3216185407,0.950945,1213444,8
1,723656599,0.954021,1216671,25
1,369808121,1.109705,1217820,6
1,2232828781,0.970764,1219317,15
1,1298482501,1.004871,1222836,44
1,3664497479,0.882778,1223978,10
1,450357967,1.022214,1224701,4
1,3398115353,0.987223,1228831,53
1,1856387251,1.012133,1230127,12
1,2997531007,1.063419,1231138,8
1,2094101833,0.962683,1239122,108
1,3208060573,0.927551,1239639,1
1,631545133,1.090621,1241126,15
1,2644930157,0.969254,1245209,52
1,1164885221,0.889939,1246212,8
1,1785212419,0.932277,1246785,2
1,2199536617,1.000488,1248264,15
1,2790046999,0.825615,1251095,34
1,1060028089,0.918559,1251964,6
1,12176627,1.000488,1253095,10
1,1707347669,0.904092,1254856,19
1,1932524119,0.969758,1257047,25
1,3598260623,0.897588,1258064,8
1,2673012509,0.902471,1261233,39
1,4019595457,0.970764,1261740,1
1,2477143157,0.975280,1264096,27
1,1460635973,0.860369,1265438,13
1,433005761,0.947859,1271709,79
1,3618410933,0.947859,1272371,3
1,1608667769,0.927551,1272883,1
1,23561081,1.068458,1274376,14
1,2482602257,0.984747,1277498,38
1,2368263553,0.914830,1278560,9
1,3202660441,0.882225,1282867,55
1,3480432367,0.997066,1284641,19
1,2222063197,0.981270,1286549,21
1,1004345971,1.046758,1288470,21
1,1233728059,0.970261,1291014,30
1,2004250561,1.014061,1291531,1
1,2210094833,0.955044,1293580,23
1,2530979273,0.913227,1294235,3
1,4183423169,1.020302,1295104,6
1,1205135317,0.957597,1296880,19
1,1455295187,0.982762,1298298,14
1,209703227,0.938021,1298805,1
1,1062656461,0.875000,1301616,34
1,1337733263,0.978779,1302268,3
1,2749701629,0.886090,1303691,14
1,3497021503,0.947859,1307963,55
1,247419541,1.064337,1310159,25
1,1121152819,0.914830,1312213,23
1,2930167033,0.873324,1313009,5
1,775861649,0.931753,1314073,4
1,2900167187,1.039268,1315159,9
1,3513926327,1.022214,1316093,7
1,1659474923,1.104854,1323592,87
1,3072809563,0.955044,1324768,8
1,34290901,0.931753,1325332,2
1,3100873901,1.098205,1327462,24
1,2291589997,0.864897,1329306,20
1,3179826571,0.963190,1331833,30
1,1092829879,0.970764,1334507,32
1,731621389,1.055121,1338370,49
1,2158872673,0.945280,1340202,20
1,139908481,1.048157,1340975,5
1,356307827,1.020780,1343874,35
1,3260363863,1.048157,1344868,8
1,221199541,0.944764,1345394,1
1,1675692253,0.949404,1346079,3
1,3803105077,0.997556,1346803,4
1,3645809131,1.014061,1347873,9
1,3127332343,0.904092,1350759,35
1,3335468687,1.004871,1352133,13
1,1578957839,0.913227,1355103,36
1,517142347,0.906789,1357771,32
1,3470113453,0.986728,1361434,46
1,4247982017,1.031250,1361947,1
1,1891162831,1.018386,1363935,22
1,1191817801,1.021258,1364582,3
1,680821373,0.868840,1369606,54
1,2238350683,0.940101,1372117,29
1,2273838067,0.954533,1372763,3
1,2534560799,1.073928,1373973,11
1,2895864733,0.904632,1374562,2
1,1371051397,0.934370,1375715,8
1,327016073,0.965215,1378757,37
1,2796210691,0.932277,1380601,20
1,3906926827,0.963190,1381265,3
1,2430003481,1.039268,1382192,7
1,3624838901,1.025552,1386835,60
1,3633656401,0.928078,1387897,9
1,619364381,0.962175,1389510,17
1,3821759077,0.994614,1392822,41
1,3500961811,0.942176,1395362,30
1,2560893431,0.988706,1397068,18
1,255762407,0.888841,1400169,38
1,2956127341,0.970261,1401539,13
1,2157665207,0.987223,1402060,1
1,2868036893,0.940101,1406355,55
1,475616027,0.962175,1406998,3
1,743258959,0.927551,1407508,1
1,3550159979,1.070284,1408230,4
1,4172404679,0.895409,1410293,23
1,2120406521,0.997066,1411505,11
1,3063247721,0.928078,1413826,27
1,955069901,0.984747,1415313,15
1,4021180517,1.002925,1416281,4
1,131063533,0.970764,1417171,6
1,3805091281,0.981270,1418103,7
1,1157853947,0.877786,1418683,2
1,1149363737,0.853531,1420211,1
1,3464464039,0.991172,1423219,35
1,1881121993,1.042552,1424565,13
1,2671456493,0.861503,1426889,27
1,1205298001,0.903011,1428453,16
1,205056251,0.937500,1428958,1
1,1419601571,1.025552,1429475,1
1,2172012229,0.993632,1430605,10
1,1305942151,0.846639,1433348,33
1,1862634317,1.048157,1434206,6
1,55890217,0.981767,1442934,119
1,4221836819,1.054659,1444100,10
1,3783247639,1.090621,1445739,17
1,3531085111,0.964709,1448165,28
1,3191712529,0.919090,1449669,15
1,2724041297,0.947859,1456979,98
1,1588258151,1.068458,1458689,18
1,2505761623,0.957597,1459694,8
1,3412529201,0.806468,1460476,5
1,3549295979,0.936979,1462744,26
1,3998681867,0.884436,1463749,8
1,1795093829,1.121522,1464970,11
1,3086965099,1.085235,1466214,11
1,3991529033,1.046292,1469997,48
1,300879451,0.993141,1471237,8
1,1991726287,1.024600,1473566,27
1,2856573557,0.934370,1475472,21
1,1084679971,1.031250,1476780,10
1,1846583513,0.958616,1477432,3
1,2226953731,0.991172,1478357,7
1,4223977489,1.111464,1479080,4
1,1981682407,0.922801,1480497,14
1,529301741,1.025552,1483041,30
1,1831008539,0.956066,1483699,3
1,291481759,0.970261,1486445,33
1,4203169337,0.910550,1487789,13
1,555252023,0.844329,1489972,25
1,2612579993,0.955044,1490767,5
1,3304539331,0.893772,1492688,21
1,1172362183,1.013098,1493273,2
1,941289077,0.988706,1493923,3
1,1921211503,1.063419,1494923,8
1,1300095703,0.935414,1495581,3
1,65070851,0.903552,1496422,6
1,862202879,0.904092,1497502,9
1,2287183817,0.877229,1498355,6
1,3982182983,0.897588,1499009,3
1,2368238357,0.860369,1499515,1
1,3079911283,0.931753,1501017,15
1,1021560817,1.039738,1505370,56
1,1822998577,0.969758,1506496,10
1,351571757,0.958616,1507908,14
1,976176931,0.963190,1509601,18
1,1085628169,0.988706,1511782,25
1,4244571623,1.018386,1512581,5
1,957544891,0.918559,1515534,36
1,1240744721,1.094196,1516253,4
1,3557419207,1.048157,1517255,8
1,2992436123,1.029829,1519697,24
1,2573925191,0.944764,1520719,8
1,517657369,0.897044,1525389,47
1,854109317,1.035503,1526476,7
1,1886564531,0.862070,1527065,2
1,3813431849,1.002925,1528754,18
1,566054737,0.830333,1530742,22
1,130243513,0.971267,1535869,67
1,1583019959,0.904092,1537436,16
1,2018040991,0.989693,1540749,41
1,572130607,1.007782,1541326,2
1,1136218471,1.039268,1543856,30
1,4237350587,0.907327,1545208,13
1,1266263939,1.079822,1548108,35
1,3936845881,0.905711,1548615,1
1,1915741907,0.897588,1551923,41
1,855488863,1.025076,1552649,4
1,3178755823,1.087482,1554291,17
1,2997451651,0.922801,1555640,13
1,150988681,1.018386,1558736,38
1,1592726677,0.835024,1560797,23
1,3128191667,0.941657,1563191,28
1,2079829991,0.829745,1565946,33
1,3759584659,1.029829,1568367,28
1,2238054617,0.922801,1570256,21
1,4005372983,0.970764,1571817,16
1,3717611563,0.866589,1574948,34
1,2673128693,0.942176,1580009,63
1,559639571,0.983258,1581173,10
1,1438242847,0.964709,1581828,3
1,3851219681,0.927551,1584240,28
1,3761407201,1.111464,1588221,51
1,1919041417,0.893772,1591657,43
1,1173579557,0.935414,1592253,2
1,1270414291,0.988212,1593543,12
1,1816023901,0.910550,1594894,13
1,256994411,0.934370,1596443,16
1,3014974199,1.018386,1596965,1
1,3498969193,0.932277,1600266,41
1,3756088423,1.032197,1602734,29
1,1680870157,0.946313,1608035,70
1,3818890121,0.829745,1608973,7
1,3966483971,0.911622,1613785,62
1,836937091,0.965215,1616031,26
1,4125760921,0.928078,1616551,1
1,207040109,0.997556,1617549,8
1,1007903209,0.919621,1620840,37
1,2314575803,0.888292,1621380,1
1,3485726093,0.907327,1623306,21
1,428234923,0.952997,1624981,5
1,3357943261,1.147773,1627260,20
1,280513003,0.974780,1629073,19
1,2904799217,0.970764,1631284,24
1,866544379,0.786234,1632588,12
1,3114158009,1.035974,1635549,36
1,357395281,0.935936,1636817,12
1,3427561999,1.042552,1638377,16
1,2781132073,0.884436,1640081,18
1,4149472429,1.012133,1641229,10
1,538598953,1.009235,1641727,1
1,3263701927,0.902471,1647736,80
1,2084072303,0.882778,1650353,31
1,573100027,0.947859,1654968,60
1,3220148731,0.944247,1655988,8
1,1256867333,0.944764,1661431,72
1,2311544761,1.004871,1662432,8
1,1518790043,0.969254,1666216,48
1,1928284249,0.877786,1666726,1
1,2502847951,0.946313,1667800,9
1,3911290477,1.050483,1669908,24
1,2915294093,0.964709,1671416,15
1,690301879,0.954533,1673465,23
1,3238165591,1.025552,1679096,70
1,1908138983,1.012133,1679840,4
1,3257160589,1.044423,1681117,12
1,1591893983,1.008751,1682899,16
1,1844911487,0.965215,1683647,4
1,2798396287,0.931753,1685693,23
1,3933888149,1.019344,1686348,3
1,3693278803,0.973777,1689370,37
1,2860890349,0.928078,1690377,8
1,3891304757,0.971267,1692283,21
1,217677881,0.877786,1693194,7
1,719662211,1.055584,1694682,15
1,3777884923,0.910550,1695348,3
1,3378773527,1.018386,1697540,25
1,462468581,1.093303,1698323,5
1,824070097,0.950945,1699122,5
1,2859121553,0.910550,1702086,36
1,3591215171,0.928604,1707131,66
1,837782509,0.885539,1708272,10
1,1151829017,0.920152,1711171,35
1,2409371501,0.942176,1711684,1
1,1787649389,1.002925,1712693,8
1,2553976679,1.002925,1713485,5
1,197099759,0.927551,1715251,19
1,3904328083,0.965215,1715833,2
1,3183984241,1.031250,1719212,42
1,457720531,0.932277,1721060,20
1,1460640287,1.007782,1723821,29
1,1315847023,1.071652,1725278,14
1,353630567,0.957597,1727629,13
1,674425981,0.954533,1732005,53
1,3501786661,1.000488,1735300,41
1,3526756489,1.149049,1737762,29
1,1228354411,0.988706,1738281,1
1,1261465999,1.002438,1739766,15
1,144345961,1.117160,1741379,17
1,1295347411,0.907327,1743494,24
1,3944793131,1.025552,1745121,17
1,1386714019,0.988212,1746125,8
1,4023051521,0.944764,1747470,13
1,2876844881,0.994614,1749108,17
1,456265309,1.007782,1751166,23
1,2060670509,0.955044,1753006,20
1,2558172467,0.997556,1755954,36
1,1795181951,1.015985,1758698,33
1,2048334413,1.035503,1759347,3
1,1126130107,0.981270,1760278,7
1,695304767,0.963190,1760853,2
1,1931132927,0.867715,1761516,3
1,1052483723,0.882225,1763765,26
1,1931836279,0.984747,1765061,12
1,1835252957,0.962683,1766484,14
1,101118089,0.944764,1767675,11
1,4192702337,0.998534,1773394,75
1,2451934861,0.932277,1774117,4
1,2211893701,1.061581,1776940,34
1,1884494827,1.027930,1778207,9
1,701405899,1.048157,1780842,31
1,2703331361,1.061581,1781890,9
1,3381314791,0.938541,1786954,64
1,4129903147,0.971267,1788616,17
1,2052453757,0.852386,1789205,2
1,936490223,1.019823,1794192,65
1,3131299399,0.977281,1796177,22
1,898942273,0.973777,1799684,44
1,3844563169,1.004871,1802017,27
1,197337787,0.927551,1805031,37
1,4289391793,0.944764,1806120,9
1,1354298299,0.955044,1808521,28
1,3021894287,0.936979,1809878,13
1,644233129,0.997066,1811297,14
1,2888657059,0.877786,1813697,28
1,762721513,0.910550,1815116,14
1,73039037,0.895409,1817574,29
1,160665859,0.934370,1818979,14
1,418281847,0.950432,1820605,17
1,3964070023,0.965215,1821464,6
1,2060503817,1.057433,1822670,11
1,2784136021,0.952997,1827030,52
1,1511921413,1.012616,1828047,8
1,2788660613,1.056047,1831773,34
1,2568795569,0.946313,1833578,17
1,347805581,0.922801,1839047,72
1,3208044767,1.025552,1841453,28
1,3644684201,0.936979,1842532,9
1,399095393,0.933847,1843524,8
1,3869735033,0.889391,1844037,1
1,3753211897,0.965215,1846042,22
1,3246226441,0.965215,1846560,1
1,2298319537,0.965215,1847572,8
1,3141432913,0.921213,1848922,13
1,1130925853,0.993141,1850195,12
1,3176547107,0.935414,1853280,38
1,3630472943,1.025076,1854574,12
1,4006262363,0.860369,1861087,87
1,443543,1.070284,1864153,39
1,3176387527,0.938541,1867959,48
1,2258317021,1.007782,1868966,8
1,2295007049,0.946829,1870872,21
1,284798783,0.963190,1871734,6
1,1845891893,0.991172,1872797,9
1,774729233,0.841432,1878050,69
1,1486033271,1.077106,1880809,29
1,781946597,0.853531,1883150,27
1,3373041467,0.894318,1883660,1
1,3059487139,0.946313,1885800,22
1,165987533,0.857526,1889244,43
1,2855134027,0.864897,1891095,20
1,2100887233,0.987223,1892797,18
1,2672150647,0.913227,1893590,5
1,702185179,0.950945,1899195,74
1,553178299,0.988706,1903067,49
1,1700179991,0.984747,1905405,27
1,469637219,0.779373,1906139,4
1,3574365097,1.036916,1907206,9
1,1088749663,0.934370,1908960,19
1,703205183,1.054659,1909480,1
1,656787409,1.063419,1910196,4
1,1595628317,1.104854,1911618,14
1,1505643983,0.870524,1918653,94
1,3906494897,0.969758,1919647,8
1,3764021057,1.076198,1920429,5
1,1035682213,0.935414,1922547,24
1,4052586173,0.996576,1925715,39
1,2748933379,0.955044,1927065,13
1,2327726413,1.013098,1928182,5
1,2662890029,0.837360,1929829,17
1,2919258833,0.846639,1932917,24
1,2557390757,1.012616,1934362,12
1,7734347,0.928604,1935127,5
1,2383152743,0.914830,1936126,8
1,3397032853,0.990186,1937195,9
1,3699626461,1.128899,1938136,7
1,1681051133,1.002438,1938790,3
1,2057018329,1.067086,1940556,19
1,2942890079,1.017906,1942757,25
1,1843135003,1.064337,1943966,11
1,3458251001,1.012616,1945392,14
1,2464516207,0.957597,1947239,20
1,3720001913,0.935414,1949961,32
1,4228165687,1.050483,1951598,17
1,3605546909,0.838525,1953788,25
1,3132308891,0.999023,1954583,5
1,3542946577,0.962683,1956709,24
1,1735968491,0.897588,1958691,22
1,280873387,0.829745,1959267,2
1,2949346343,0.973777,1960070,5
1,3761310649,1.091516,1961419,13
1,3559919309,1.157094,1961924,1
1,2042618701,0.891584,1962723,5
1,1683632551,0.964709,1963720,8
1,2049034109,0.895409,1970024,84
1,3181541371,0.811297,1975174,67
1,2872816237,1.019344,1976038,6
1,52189603,1.139233,1978237,25
1,4143037949,0.962683,1980510,26
1,1856471339,0.889391,1982313,15
1,1476649633,0.938021,1985594,36
1,4285601497,0.989693,1986194,2
1,109579447,0.928604,1986688,1
1,4185925123,0.999023,1988181,15
1,4265084111,0.973777,1988994,3
1,890830027,1.033615,1989797,5
1,2693097481,0.855246,1991339,16
1,2944314403,0.877229,1992482,10
1,2119915477,0.975280,1993211,4
1,1175372221,1.090621,1994484,12
1,284507947,0.964709,1995071,2
1,1959425639,0.904092,1995655,2
1,3098231839,0.974780,1996305,3
1,845776643,0.946313,1998973,32
1,2809180667,0.997556,2001104,24
1,3584956673,0.904092,2002654,16
1,337900001,0.936979,2003293,3
1,3031849607,1.044423,2004092,5
1,1203668659,0.820275,2006419,27
1,967735247,1.061581,2008129,18
1,2763307037,0.955044,2008706,2
1,2008743601,1.078012,2009720,8
1,3399487067,0.983258,2011068,13
1,1027066321,0.877786,2012339,12
1,4205559833,0.899761,2014176,20
1,969976517,0.872765,2014891,4
1,521935391,1.076198,2017293,28
1,3777947729,0.919090,2018841,16
1,1037186419,0.965215,2019771,7
1,3444939713,1.070284,2020490,4
1,2545695547,1.002438,2022407,21
1,129216851,1.012616,2025009,31
1,361651151,1.020302,2025869,6
1,3776519843,1.015985,2027420,16
1,3293701063,0.902471,2028905,15
1,3218785417,0.895954,2032125,35
1,3290733749,0.999023,2035152,24
1,3740597633,1.012133,2038450,37
1,2728976659,1.002925,2039840,13
1,2737856573,0.873324,2040482,3
1,187509943,1.022214,2041619,10
1,3471263027,1.000488,2043246,17
1,2801772473,1.012133,2043977,4
1,140292829,0.934370,2044965,8
1,2491767679,0.888841,2046467,15
1,2496069883,1.069828,2047332,6
1,326556947,0.992649,2049106,19
1,611946659,0.810093,2049678,2
1,999054107,0.984747,2051394,18
1,1000481777,0.925971,2052807,14
1,3414885283,1.043488,2056599,48
1,2594310263,0.941657,2061655,66
1,975626591,0.931753,2064964,41
1,2538086011,0.935936,2065971,8
1,2397834113,0.987223,2068093,24
1,546320833,1.019344,2069212,10
1,2347469239,1.053732,2072470,40
1,262758653,0.940620,2073394,7
1,928860367,0.936979,2078120,61
1,2699695619,1.170520,2080014,21
1,2596837879,1.018386,2080947,7
1,2900017927,0.985738,2083493,30
1,1828368869,0.975280,2085963,29
1,2108883991,0.919090,2089121,33
1,1764946333,1.081629,2090482,13
1,470351059,0.791804,2092595,24
1,4036134637,1.027455,2093542,5
1,46924247,1.154560,2094049,1
1,3694456657,0.962175,2094570,1
1,2766947137,0.870524,2097692,38
1,3178978969,0.994123,2098905,11
1,515420791,1.013098,2099903,8
1,3261530983,0.994123,2100618,4
1,155677657,1.002438,2106100,72
1,509453071,0.928078,2110116,51
1,560286241,0.877786,2112287,25
1,1721038441,0.978779,2114412,24
1,1413017533,1.016466,2116117,18
1,3568756531,0.944764,2116635,1
1,2280277471,1.082983,2119107,29
1,3989850187,0.985738,2122974,49
1,2838809657,0.928078,2126484,44
1,1010410399,0.970261,2127413,7
1,3388811021,0.870524,2127926,1
1,210458429,1.050483,2131854,48
1,3249652009,0.965215,2133736,16
1,1731338681,0.957597,2134707,7
1,3974413957,1.044891,2140934,68
1,1362961339,0.889939,2144121,37
1,2854826971,0.965215,2147095,36
1,1163015621,0.911622,2147950,6
1,1830414283,1.043488,2153940,79
1,2098069301,1.062959,2157051,38
1,1500591583,1.063419,2161555,58
1,424685083,0.924387,2162332,5
1,439105643,1.012133,2164504,25
1,3465301069,0.875558,2166611,24
1,3633202693,0.984747,2167670,9
1,2748784903,0.936979,2168812,10
1,3943503163,0.891584,2171151,27
1,848605829,0.949404,2175071,50
1,1701279317,1.031250,2177348,26
1,3800513411,1.029829,2178901,16
1,32541937,0.904632,2180092,11
1,786174931,0.999023,2182002,21
1,3788971111,0.925971,2182942,7
1,58867799,0.996576,2183506,2
1,2977068037,0.910550,2186888,42
1,2040348997,1.025076,2188363,10
1,2491119629,0.962683,2195859,98
1,1663574201,0.985738,2198614,33
1,3404004781,0.862070,2199619,8
1,4015534163,1.050483,2200966,13
1,776102857,0.960652,2201754,5
1,667167821,0.911086,2203177,14
1,3545348393,0.968750,2204390,11
1,3236872307,1.047691,2205323,7
1,3770834833,0.913227,2207946,31
1,1553477143,0.955044,2212855,64
1,2959828051,1.046758,2217172,55
1,4237184543,0.913227,2219864,32
1,3830218829,0.942176,2220992,10
1,1672459223,0.902471,2224111,38
1,2102533253,0.963190,2226503,28
1,1445497253,0.994614,2228763,26
1,9977047,0.948889,2230860,24
1,2915367359,1.061581,2233129,26
1,1476991441,1.061581,2233835,4
1,712283851,0.793652,2235503,13
1,451232521,0.950945,2241183,58
1,3470914859,1.100870,2244235,34
1,2565492463,0.919621,2246083,20
1,29289709,0.864332,2247278,11
1,3672307931,0.965215,2249543,26
1,4172652761,1.006328,2252210,32
1,3421676933,0.977281,2255122,35
1,38396983,0.877786,2256936,20
1,3143305849,0.970261,2258300,13
1,900178229,0.962175,2260210,21
1,2595461653,0.982762,2262394,25
1,2852365753,0.925443,2266528,53
1,4103457077,0.952484,2268300,19
1,3376912219,0.871645,2270576,26
1,1157061551,0.932277,2271104,1
1,364679317,0.921743,2273568,29
1,894536099,1.031250,2277088,44
1,1675682759,0.947859,2278435,13
1,1662512209,0.942176,2279445,8
1,3858211439,0.997066,2280523,9
1,4282542827,0.846639,2281667,10
1,4157273971,0.944247,2284771,38
1,3493831171,0.914830,2287517,33
1,2957874539,0.930180,2290529,33
1,927031817,1.014543,2291599,9
1,2514285343,0.920682,2293586,22
1,2108677723,1.020780,2295091,15
1,3560165269,0.978779,2295947,4
1,1835410471,0.985738,2296686,4
1,224850167,1.016466,2297199,1
1,2020197691,1.087033,2299188,22
1,1444371869,0.944764,2302493,41
1,3783840539,0.962175,2307473,65
1,888875401,0.877786,2309808,27
1,2334401581,1.047691,2312200,28
1,2564935313,0.942176,2313682,15
1,2965031299,0.877786,2316166,29
1,3999307363,0.985738,2316964,5
1,339589553,0.906789,2323138,82
1,3556115699,0.888841,2325746,31
1,2212779859,1.064337,2326264,1
1,2037768701,1.006328,2326995,4
1,1704052211,1.036916,2328141,10
1,1224097991,0.980772,2333539,71
1,445897511,0.982762,2338612,62
1,2957546857,1.007782,2344374,60
1,2447816029,0.994614,2347271,31
1,1565071481,0.936979,2349619,27
1,386040769,0.952484,2351161,16
1,677918237,0.989199,2359019,106
1,2831113301,0.811297,2360864,20
1,1436136293,0.825615,2364172,41
1,2074604941,0.994614,2366717,30
1,853032199,0.991172,2369596,35
1,3643421539,0.922801,2370112,1
1,733149359,0.962683,2372306,25
1,1349408989,0.881117,2375189,35
1,236156813,1.070284,2376458,12
1,2703359423,0.913227,2377193,4
1,2175053941,1.012133,2379922,33
1,835599463,0.887192,2380573,3
1,796317001,0.964709,2382970,28
1,1612216453,0.912693,2389436,86
1,3846471469,0.981270,2392627,36
1,332157857,0.920152,2395687,36
1,2027341961,0.836193,2398190,27
1,2245748591,0.942176,2398790,2
1,3107922581,0.977281,2406442,103
1,206958599,0.981270,2409184,33
1,1476747953,0.970764,2410403,11
1,1983886343,1.031250,2411543,10
1,3376184491,0.802219,2412134,2
1,2726293021,0.839689,2414618,29
1,1094125181,0.965215,2421276,89
1,4216854349,1.054196,2424649,42
1,927242993,0.994614,2426139,15
1,1780155059,0.987223,2426923,5
1,45555187,0.971267,2427645,4
1,1325454397,1.002438,2429753,24
1,715034269,0.857526,2431041,12
1,2959598951,0.893772,2434416,42
1,2652548251,0.978779,2438492,52
1,3961132817,0.841432,2440533,19
1,2227344941,1.000488,2441893,13
1,3667136651,1.068914,2442398,1
1,3075410309,0.990679,2445951,30
1,2299717073,0.895409,2447019,4
1,1545761531,0.971267,2447547,1
1,832518047,0.955044,2448621,9
1,3101132471,0.997066,2449911,12
1,3277976587,0.915897,2450977,9
1,1608217327,0.821465,2451850,6
1,1024339399,0.908940,2453479,17
1,29666111,0.922801,2456839,42
1,556895819,0.946829,2457759,7
1,297757639,1.056047,2458279,1
1,2739195127,1.022214,2458792,1
1,1704829453,0.954533,2460483,18
1,2112289721,0.962683,2462825,27
1,911330279,0.963190,2464542,18
1,3498696287,0.904632,2466178,17
1,2651727101,0.862070,2466758,2
1,3540311381,1.061581,2469805,37
1,4217123753,0.969254,2473955,53
1,120342239,0.980274,2477959,51
1,333557801,0.975280,2479381,14
1,1471010003,0.953509,2480316,7
1,1023955091,1.086584,2481658,13
1,3306896167,0.994123,2483771,24
1,3000682381,1.061581,2486997,40
1,1249742479,1.121958,2487510,1
1,172041269,0.889391,2489747,26
1,2834617913,0.946829,2494172,57
1,742396531,0.846639,2495660,15
1,2192872459,0.907865,2497793,19
1,847485739,1.067086,2498665,6
1,2753028511,1.050483,2499951,12
1,1650423757,1.020780,2501452,15
1,2323551803,0.997066,2504589,36
1,506670019,0.846639,2506996,28
1,4244206517,1.033615,2507518,1
1,1097028353,0.942176,2510251,33
1,2751877847,0.975280,2511329,9
1,3488756819,0.911086,2512408,9
1,1891446611,0.952484,2513139,4
1,1729654117,1.012133,2513998,6
1,3880578409,0.960652,2516469,29
1,2730598223,0.860369,2517755,12
1,2934690683,1.014061,2519336,16
1,4152304711,0.924387,2521961,31
1,331376693,0.942176,2525214,40
1,2145673073,0.977281,2525872,3
1,3220709329,0.952484,2526894,8
1,591474379,1.089725,2529161,26
1,3037870937,1.012616,2530017,6
1,3107423827,0.889391,2530529,1
1,4219478971,0.927551,2532439,21
1,1251252109,0.988706,2535319,35
1,660347657,0.935414,2535891,2
1,3939724213,0.914830,2536688,5
1,3996134843,1.020302,2539810,38
1,3666441061,0.981270,2541437,17
1,3734643919,0.986233,2543650,21
1,444445627,1.043488,2546487,21
1,2224052639,0.960652,2550535,47
1,2900752103,0.928078,2551369,5
1,2826916993,0.921743,2553477,24
1,2756718977,0.942176,2554391,7
1,3304535149,0.981270,2556510,24
1,1371875473,1.006328,2560381,49
1,1690085351,0.970764,2561533,10
1,1987155461,1.044423,2562321,5
1,3537031481,0.804043,2563740,14
1,1483738493,1.046758,2564255,1
1,2906088959,0.928078,2564993,4
1,3657131083,1.035503,2565578,2
1,1603355101,0.917495,2566717,10
1,741655741,1.047691,2567778,9
1,1528721177,0.946313,2570396,31
1,1796163827,0.988212,2572719,27
1,830193677,1.000488,2574067,13
1,1790728297,0.895409,2574713,3
1,830771611,0.919621,2578287,45
1,911438329,0.844329,2580256,22
1,1343176229,0.920152,2580902,3
1,2582121881,1.010685,2582737,20
1,1543959409,0.969758,2583464,4
1,1334733781,0.903011,2584262,5
1,2402634931,0.817891,2586376,24
1,104158321,0.899761,2588685,27
1,415743973,0.957597,2589899,11
1,4175112061,0.869402,2590975,9
1,4293897523,0.931753,2594289,41
1,624549697,1.047691,2595282,8
1,785765909,0.906789,2597121,20
1,4131525659,0.937500,2598045,7
1,1678313543,0.921213,2598817,2
1,2388896051,1.057894,2600251,14
1,3952775227,0.931753,2601396,10
1,218996443,1.035503,2604426,35
1,4040590199,0.946313,2605928,15
1,2599369111,0.944764,2607363,14
1,3967981159,0.852386,2610673,41
1,1413939833,1.104854,2611810,10
1,1299727021,1.012133,2612675,6
1,4010657813,0.970764,2614234,16
1,2747061643,0.936979,2616079,20
1,3016996777,1.002438,2616874,5
1,4127203393,1.015985,2617863,8
1,1441426471,0.944764,2618932,9
1,1978217693,0.835024,2620087,10
1,3987801619,0.984747,2622621,30
1,1461681619,0.954533,2626629,51
1,2968062841,0.988706,2633954,97
1,3510009059,0.944764,2634777,5
1,348384103,1.004871,2637233,29
1,1010653477,0.868840,2640464,40
1,1722679787,0.976781,2642796,27
1,21751111,0.884436,2644826,19
1,2461385161,1.039738,2647390,30
1,44646961,0.897588,2648842,1
1,3328933063,0.891584,2652018,29
1,2977312687,0.877786,2653707,17
1,1835874533,0.993632,2654222,1
1,3070645951,0.983258,2655580,13
1,4031161837,0.919621,2656099,1
1,3562423757,0.929655,2661304,68
1,152222977,0.914830,2665630,56
1,2659925171,1.062040,2667689,23
1,1164621989,0.945280,2668409,4
1,3679721737,0.965215,2672252,49
1,3054856681,0.877786,2672764,1
1,2258411171,0.919090,2673350,2
1,2720984993,1.006328,2673858,1
1,4065239593,0.961160,2676041,25
1,957610789,0.997066,2676557,1
1,455898403,0.940101,2677965,14
1,179240111,0.919621,2679742,19
1,2904275993,1.035974,2681391,17
1,3007115983,0.934370,2682542,10
1,828421421,0.965215,2683881,13
1,497065399,0.882225,2687786,48
1,13407257,0.848367,2690641,35
1,2522638147,1.057894,2697639,94
1,2349819361,1.073018,2700099,29
1,2632201577,0.973777,2702130,19
1,2262508751,0.956577,2703428,12
1,3581224211,1.035503,2705894,29
1,1228391609,0.830333,2708286,25
1,1383785981,0.954533,2708818,1
1,3450190309,0.970261,2710040,11
1,2371156747,1.097761,2712858,34
1,1772799563,0.970261,2715264,28
1,1129117709,0.848367,2717516,26
1,2598191627,1.055584,2718791,12
1,1042663327,0.932277,2719861,9
1,2530554133,0.928078,2723246,42
1,539307959,0.970764,2727186,50
1,3574733957,0.904092,2728257,9
1,1309825903,0.994123,2729189,7
1,3525656671,0.969254,2734263,66
1,618825941,0.960652,2734903,3
1,3973479023,0.903552,2735631,4
1,232085947,1.002438,2742698,95
1,1950276311,0.903552,2743774,9
1,2141302171,1.040677,2747746,46
1,1859373517,1.078012,2748360,2
1,1724600639,0.957597,2755038,76
1,3883524479,0.996576,2756427,11
1,2577409441,0.913227,2759383,36
1,3572394131,1.076198,2763117,47
1,2499356383,0.978779,2764538,14
1,3525806819,1.057894,2765258,4
1,1653489577,0.930180,2766953,18
1,728013259,1.012616,2769319,27
1,1745335313,0.927551,2772399,38
1,4084585891,0.991172,2774248,20
1,4245924323,0.981270,2777286,37
1,4141677889,0.964709,2780799,44
1,34980727,0.877786,2783943,39
1,2228199983,0.895409,2786902,36
1,4169271527,0.994123,2789300,28
1,1212076009,1.050483,2790300,8
1,1502892301,0.864897,2790944,3
1,2628377761,0.919621,2796630,75
1,937094233,0.907327,2799023,28
1,3555767417,1.023646,2799763,4
1,165316301,0.946829,2802102,21
1,3353379989,0.965215,2803079,6
1,1170744769,0.914830,2803584,1
1,2943776741,1.025552,2807583,48
1,3503963389,0.988706,2808327,4
1,1344279049,1.020302,2810284,22
1,339581419,0.837360,2811836,16
1,2251830121,0.919621,2813180,13
1,3584263603,0.994614,2816209,37
1,532936633,1.076198,2816794,2
1,3957631499,0.897588,2817586,5
1,347815537,0.877786,2821104,44
1,796995721,1.000488,2826438,70
1,4006568453,0.929655,2832117,75
1,1998984641,0.955044,2833123,8
1,3868941163,1.104854,2834349,11
1,3816816589,0.877229,2836068,18
1,1143942181,0.936979,2838736,32
1,2707928603,0.960652,2839743,8
1,1848891859,0.975280,2841468,18
1,4122985897,1.004871,2842131,3
1,1103205149,0.855246,2842844,4
1,882047149,1.025552,2843490,3
1,669431107,1.024123,2845395,21
1,1992123907,0.950432,2847379,22
1,1247845499,0.998534,2849562,20
1,735636871,0.944764,2850869,12
1,1313144501,0.882778,2851390,1
1,4124757067,0.998534,2854233,22
1,3328894643,0.949404,2855112,4
1,2529194531,0.960652,2857855,32
1,2531434063,1.085235,2860332,29
1,2199933797,0.876115,2863075,33
1,1944481681,0.961160,2864354,12
1,3088162547,1.136229,2865153,5
1,599928347,1.080726,2867894,33
1,1740988783,0.984747,2869454,16
1,2499952121,0.839689,2872986,44
1,2337288203,1.044423,2873972,8
1,2492782451,0.965215,2875258,12
1,871529929,1.033615,2875841,2
1,2656651391,0.889391,2876426,2
1,1958388251,0.791804,2878257,20
1,837171289,1.018386,2881615,42
1,1924664723,1.000488,2882194,2
1,1356957131,0.999023,2883536,13
1,120207107,1.013098,2885353,20
1,3187567729,0.944247,2889428,52
1,282311531,0.997066,2889936,1
1,155868109,1.061581,2890446,1
1,2518059163,0.878342,2892023,16
1,1158706567,0.957597,2892675,3
1,2390646053,0.981270,2895424,33
1,447062249,0.855816,2900313,64
1,4188226439,0.946313,2900825,1
1,4214172799,0.982762,2902119,12
1,4233452143,0.919621,2903832,18
1,1924826671,0.996576,2914847,145
1,2023456621,0.928078,2916166,12
1,1874261833,0.944764,2921106,64
1,2061014201,1.077106,2923092,22
1,517442437,0.946313,2923670,2
1,2218949813,0.962175,2924607,7
1,2419735133,0.961160,2929602,65
1,257957863,1.004871,2933048,43
1,1241605553,0.918559,2937198,53
1,3450689167,0.910550,2940311,38
1,1778038469,0.982762,2942218,21
1,2213769601,1.078012,2944746,30
1,1010030249,0.961160,2946600,20
1,1432312979,1.063419,2947399,5
1,1147628983,1.018386,2948681,12
1,914780171,0.941657,2951437,33
1,3506301599,0.913227,2953498,18
1,3428225239,1.039268,2956503,23
1,2559956873,0.988212,2967683,151
1,1505237963,0.913227,2976863,125
1,894890263,1.068458,2978783,21
1,3172055209,0.827978,2979432,3
1,958457947,0.977281,2981051,17
1,2558546477,0.854103,2982337,12
1,1407942793,1.043488,2983608,12
1,1548730523,1.008267,2984826,11
1,3296975449,0.868840,2985403,2
1,1158807253,1.035503,2986130,4
1,1470125521,0.970764,2988104,22
1,3667136831,0.966732,2988962,6
1,1353466931,1.019823,2990105,10
1,3174594503,0.988706,2995796,75
1,3782748733,0.914830,2997077,12
1,4159774373,0.862070,2998500,14
1,3303347,0.944247,2999260,5
1,470561827,1.069828,3001783,30
1,3550813661,0.978779,3003622,20
1,2541210979,0.945280,3005887,26
1,319642303,0.963190,3006805,3
1,2796897737,0.934370,3008436,17
1,3266852111,0.955044,3009988,16
1,625829473,0.796722,3014759,60
1,2068485283,0.957597,3017934,39
1,3564868423,0.946313,3018818,6
1,1719508169,1.044891,3020522,18
1,4105669213,0.935414,3023214,32
1,131769653,0.857526,3023854,3
1,3298606097,0.886090,3024495,3
1,2544586073,0.911622,3025426,7
1,1561832203,0.931753,3030326,64
1,2277133363,0.982762,3031742,14
1,2771185243,0.961160,3033180,14
1,442345391,0.962175,3034187,8
1,594426139,0.916963,3034974,5
1,3015680917,0.945797,3035912,7
1,2925865273,0.956066,3037883,22
1,1987213993,0.895954,3039031,10
1,3064941457,1.028405,3041650,31
1,4232399489,0.928078,3043547,21
1,3090933733,0.988212,3044345,5
1,1824460301,1.004871,3046193,20
1,466822859,0.911086,3050495,55
1,4148644273,0.886090,3052047,16
1,222884729,0.911622,3059874,101
1,4172619211,0.864897,3060616,4
1,573839597,0.836193,3061745,10
1,592705189,0.862070,3063863,24
1,2004393851,0.885539,3065718,20
1,3683772413,1.137517,3066310,2
1,3628640723,1.039268,3073061,90
1,2545904629,0.938541,3076673,45
1,2358878021,0.938021,3077610,7
1,665278547,0.983258,3079300,18
1,1130871193,1.005357,3080163,5
1,2817569837,0.962175,3081726,16
1,802311383,0.867152,3083698,22
1,349098473,1.029829,3084764,9
1,856057127,0.988706,3085273,1
1,931814449,0.913227,3089895,60
1,2561331287,1.086584,3091727,20
1,3270513899,0.988706,3092304,2
1,4141461439,0.877786,3093596,12
1,2774118833,0.927551,3094331,4
1,173964187,0.897588,3095061,4
1,1666036201,1.012616,3097042,22
1,1834457279,1.055584,3097847,5
1,2566839089,1.005357,3099070,11
1,1361527493,0.946313,3100897,20
1,3849977701,1.025076,3102477,16
1,23896099,0.977281,3103309,6
1,1826716123,0.997556,3109485,82
1,1403607613,0.904092,3111396,21
1,1937326067,0.973777,3112825,14
1,3783013657,0.965215,3117027,54
1,2022134497,0.969758,3118101,9
1,540470543,0.928078,3118823,4
1,3773857397,0.978779,3120609,19
1,3066576889,1.054196,3122384,19
1,2772966463,0.946313,3123247,6
1,1893643963,0.954533,3126634,42
1,2798435839,0.931753,3129894,40
1,3470008337,1.018386,3131021,10
1,3171829517,0.827978,3134674,43
1,3574090937,0.995105,3135260,2
1,3450656941,1.070284,3138165,35
1,1275098183,0.969254,3139160,8
1,1179626431,0.965215,3139679,1
1,875876413,0.983258,3143776,52
1,998910569,0.880563,3145047,12
1,4042391131,0.913227,3148438,42
1,2865169757,0.953509,3149504,9
1,1858736897,0.938541,3150083,2
1,345726301,0.954533,3152687,31
1,3166466791,1.044423,3155447,33
1,327345113,1.076198,3156241,5
1,2354966657,1.084785,3157579,9
1,3963744209,0.999023,3160760,26
1,1398967187,0.963190,3162127,11
1,1979493973,1.012616,3162779,1
1,1116435449,0.928078,3164141,12
1,3561853409,0.950945,3164655,1
1,2005911629,0.970764,3166839,25
1,3884005511,1.050483,3167625,5
1,467339813,0.988706,3168893,12
1,1504495177,0.928078,3169818,7
1,4052664263,1.020780,3170616,5
1,1495038533,0.873324,3172599,22
1,3755419181,0.970764,3174174,16
1,2565238807,1.136229,3178108,50
1,2840873839,0.880563,3180018,21
1,1420497541,1.012133,3180798,5
1,2562964249,0.997066,3181517,4
1,1673269669,1.061581,3186913,71
1,774260951,0.864897,3187767,6
1,1468237919,1.076198,3189254,15
1,4003225441,0.977281,3190744,15
1,2185403867,0.982762,3191470,4
1,2677240541,0.910550,3192476,8
1,2469681397,0.830333,3195986,44
1,324783971,0.872205,3196983,8
1,922518059,0.948889,3198048,9
1,3470762563,1.050483,3199487,14
1,1318363729,0.947859,3200823,13
1,3281571781,1.035031,3205888,66
1,3561096733,0.878342,3207381,15
1,3760372211,0.974780,3208379,8
1,2301989009,0.836777,3209995,17
1,2128798823,0.944247,3215181,63
1,4184332697,1.127168,3216140,7
1,2080926317,0.996086,3216927,5
1,64761623,1.104412,3218673,16
1,2996121551,1.027455,3220886,25
1,1563603809,1.029829,3224394,44
1,2369877271,0.914830,3228624,54
1,458570663,0.886090,3229343,4
1,2423047343,0.962175,3229923,2
1,3892158451,0.982762,3230876,7
1,1356413437,0.962683,3232781,21
1,745693943,1.073928,3234072,12
1,3993684433,0.982762,3237024,36
1,299231227,0.986233,3238813,19
1,42396881,1.072107,3242177,42
1,4120283243,0.962683,3244099,21
1,3668149817,1.012133,3246366,26
1,3357480299,1.043020,3248908,30
1,389979137,0.903011,3249548,3
1,3528769639,0.940620,3250063,1
1,2201399729,1.087482,3250569,1
1,2133990421,0.940101,3251646,9
1,4022593909,0.914830,3253281,17
1,1287155273,0.973777,3254275,8
1,4155966847,0.919621,3255493,11
1,3227545091,1.004871,3256481,8
1,1354579517,0.938541,3257905,14
1,2918858713,1.031250,3263480,57
1,3487759103,0.954533,3265496,16
1,993477469,0.961160,3270371,63
1,303961193,0.942176,3275258,64
1,3717447089,1.002438,3277792,30
1,2165963341,0.944764,3278858,9
1,2293297883,0.827388,3279440,2
1,2187852763,1.025552,3288919,129
1,3254695651,0.987223,3291049,24
1,2815550053,0.950945,3293933,35
1,3481733891,1.063419,3296824,35
1,3637170217,1.061581,3301505,61
1,419715299,1.157938,3302908,14
1,2977755197,0.868840,3304259,13
1,850666177,0.962175,3305038,5
1,1509454337,0.962683,3305897,6
1,2414864677,0.920682,3309624,47
1,201458489,1.024123,3312837,40
1,1718683007,0.929655,3314890,23
1,3040393261,0.922801,3316325,10
1,2406234863,1.083884,3317486,10
1,3775788571,0.987223,3318076,2
1,1356509057,0.920152,3319562,15
1,2559043567,0.981270,3320429,6
1,1702363177,0.919621,3324355,48
1,607507267,0.978779,3326631,26
1,380692049,1.047691,3327618,8
1,1203399851,0.978779,3330569,36
1,2706671419,1.046758,3331574,8
1,2684680237,0.907865,3332640,9
1,2417759689,0.991172,3333905,12
1,374602211,0.886090,3334416,1
1,1966170793,1.083434,3335144,4
1,3004683923,0.994614,3335660,1
1,1774375147,0.994614,3337772,24
1,3278162759,0.885539,3340303,30
1,3894437033,0.978779,3340873,2
1,3281602547,1.025552,3343064,25
1,770358313,0.908940,3348024,63
1,1553925479,0.975280,3351378,41
1,2696972297,0.993632,3354047,32
1,3774015797,0.920152,3358832,62
1,1950886831,0.994614,3359552,4
1,2616391601,1.086584,3360211,3
1,911555863,0.888841,3360721,1
1,3420548381,0.954533,3364310,41
1,1155271657,0.889391,3366008,4
1,2797709479,0.837360,3367826,18
1,1227668357,1.020302,3368753,7
1,1322312363,0.877786,3369969,11
1,889351873,1.039738,3371738,19
1,1794916429,1.050483,3376166,57
1,2305684679,1.000488,3377805,17
1,2882831141,0.985738,3378939,10
1,3677897243,1.004871,3380928,22
1,613840699,0.988706,3381654,4
1,3323881217,1.126301,3382365,4
1,188973623,1.093303,3382863,1
1,4277711089,0.914830,3384007,10
1,2097715003,1.048157,3388979,65
1,1760955607,0.993632,3390744,19
1,3022662343,0.999023,3391884,10
1,3014962373,1.047691,3394767,35
1,2136268009,0.982762,3396127,13
1,82763237,0.877786,3398793,32
1,2278970231,0.990679,3402862,52
1,921571381,0.884436,3404342,15
1,1437213577,0.895954,3404845,1
1,2600903281,0.823246,3405765,7
1,816643987,1.055121,3408379,31
1,2256950249,1.040677,3409586,11
1,2120663023,0.855816,3410337,4
1,3434603519,0.985738,3411489,10
1,1868227909,0.944247,3414471,36
1,1176495139,1.025076,3415607,10
1,2820604547,0.993141,3418574,34
1,3046551527,0.988706,3419180,2
1,554562901,1.012616,3421162,22
1,569498311,0.988706,3422091,4
1,179260343,0.938541,3422747,3
1,2425470967,0.948374,3426554,48
1,627294149,0.955044,3428535,22
1,2115117413,0.897588,3429259,4
1,2991985939,0.925443,3432145,35
1,3508199587,1.005357,3433766,17
1,3078165667,1.033615,3435813,23
1,1755788273,0.997066,3437442,17
1,1378480729,0.962683,3438094,3
1,949817507,0.902471,3440841,33
1,521012183,1.022214,3441556,4
1,682974199,1.048157,3444650,38
1,73574383,0.928078,3446001,13
1,3200913169,0.907865,3446788,5
1,3639899057,1.032197,3447995,11
1,3771539623,1.025076,3448641,3
1,2946879029,0.963190,3450277,17
1,3631760603,1.005357,3453024,33
1,2219938151,1.073928,3454581,16
1,4166196901,0.970764,3455231,3
1,4208994443,1.000488,3456713,15
1,530284049,1.055584,3460740,51
1,702999463,0.952484,3462652,21
1,3133122323,0.973777,3465176,25
1,240783551,1.018386,3466459,12
1,1787455963,0.944247,3468078,3
1,919940321,1.007782,3468999,4
1,2936482631,0.954021,3470716,18
1,264005993,0.928078,3472631,21
1,1060174337,0.919090,3473416,5
1,3452438293,0.906789,3474068,3
1,2195191213,0.949404,3474804,4
1,3962547367,0.903552,3475806,8
1,105936521,1.033615,3476855,9
1,667061599,0.940101,3479251,28
1,4080448693,0.975280,3479977,4
1,2425167259,1.050483,3481042,9
1,481632241,0.984251,3481775,4
1,2695843589,1.031250,3482639,6
1,1252207903,1.018386,3484129,15
1,3237478639,0.981270,3485331,11
1,381163421,1.027455,3488691,42
1,1119921347,1.002438,3492399,47
1,1239761927,0.941139,3493252,6
1,953604571,0.914830,3494473,11
1,1711227299,1.037387,3498329,49
1,929547319,1.054659,3501623,41
1,46045513,1.003899,3502125,1
1,2660113723,0.908940,3503138,8
1,3365629243,0.899761,3505607,29
1,849820723,0.900304,3507740,24
1,4010957791,1.054659,3509109,13
1,4257599083,0.938021,3511034,21
1,1644746659,1.014061,3513997,36
1,2321968811,0.963190,3516396,28
1,1756063291,0.964709,3518864,25
1,2778289013,1.006328,3522903,51
1,1322083699,0.854675,3524483,14
1,4157881957,1.097761,3525169,3
1,1419996113,0.929655,3533163,108
1,30800941,1.004871,3535478,27
1,177479719,0.929655,3536248,5
1,2478032189,1.020302,3538997,33
1,3677268041,0.901929,3539575,2
1,45539173,1.022214,3543717,53
1,520617203,0.931753,3544649,7
1,2672602243,1.042552,3546424,19
1,2176068073,0.970261,3547632,11
1,969176731,1.012616,3550673,37
1,3879061811,0.895409,3551753,9
1,942766837,0.920152,3553530,19
1,2744432209,1.164246,3554526,8
1,888526987,0.860369,3556093,16
1,2007225589,1.031250,3556967,6
1,2863349371,1.063419,3558480,15
1,3454041989,1.027455,3559204,4
1,2608012331,0.994614,3560148,7
1,3953695877,1.151595,3566470,80
1,778075999,0.963190,3567290,5
1,2735991977,1.068458,3568778,15
1,3820205867,0.914830,3571850,23
1,1193352647,1.046758,3573578,16
1,1322702099,0.952997,3574172,2
1,2271387061,0.846639,3574824,3
1,1443472211,1.023646,3575610,5
1,2529902569,1.055584,3576335,4
1,1723770509,0.821465,3578519,25
1,2778380831,0.992649,3579878,13
1,3580102837,0.902471,3581775,21
1,1607095667,0.918559,3582502,4
1,3257274931,0.813101,3583421,7
1,530747207,1.064795,3588689,69
1,1340569261,1.027455,3589561,6
1,3852488333,1.003899,3590624,9
1,4139153351,0.913227,3592050,14
1,1278024361,0.957597,3593067,8
1,3575267459,0.975280,3594196,10
1,2379772037,0.958616,3595058,6
1,458445479,0.958616,3595564,1
1,3056297509,0.864897,3599013,43
1,1856336281,0.952484,3603418,57
1,4026621913,0.913227,3604074,3
1,1932439279,0.944764,3604804,4
1,2766234973,0.970261,3605454,3
1,1242250553,0.950945,3608064,31
1,2012264171,0.956066,3610122,23
1,1662097699,0.935414,3611060,7
1,3256596859,0.931753,3612485,14
1,2598363007,0.994614,3613781,12
1,868818217,1.000488,3614354,2
1,1511631217,1.159624,3615919,16
1,2593598023,1.000488,3616846,7
1,1251651719,0.796722,3620141,41
1,1634330521,0.957597,3622376,21
1,148494083,0.978779,3623027,3
1,2875725101,0.970261,3623888,6
1,3660988979,0.932277,3624885,8
1,4293257429,1.004871,3625893,8
1,925946761,0.964709,3627104,8
1,2895717007,1.035503,3628670,16
1,1270669349,0.929655,3631243,29
1,1757392753,0.914830,3632067,5
1,1816127413,0.965215,3636336,54
1,4015713421,1.180076,3639932,45
1,1166428243,0.973777,3643109,39
1,2628473767,0.993632,3645729,31
1,173225483,0.977281,3648534,34
1,388040717,1.024123,3649167,3
1,103691527,0.920152,3651333,25
1,1721101441,0.982762,3657283,79
1,488230451,0.947859,3658415,10
1,1823372599,0.957597,3658933,1
1,4031072807,0.938541,3659863,7
1,2624713439,1.004871,3660521,3
1,1941922681,0.946313,3662104,16
1,3070263187,1.004871,3663870,19
1,4050675523,0.854103,3664936,9
1,835573031,0.938541,3667611,32
1,3646888087,0.958616,3670591,32
1,2539968323,1.002438,3675506,48
1,2612390591,0.935414,3677346,17
1,3086856547,0.971267,3678635,12
1,681610663,0.962175,3683759,67
1,602394857,1.136229,3687152,42
1,1867224353,1.037387,3687729,2
1,2305911389,1.025552,3695646,107
1,557522297,0.932277,3698182,30
1,110851613,0.970764,3698822,3
1,1563324149,0.962175,3699339,1
1,3269213411,0.791804,3700903,16
1,708697901,0.934370,3707007,81
1,2278895167,1.012616,3707522,1
1,4153445983,0.919090,3708116,2
1,3772357969,0.938541,3708967,6
1,4038641909,1.026980,3711583,31
1,191528263,1.021258,3712384,5
1,443724829,0.877786,3714588,25
1,3246969091,0.813701,3715508,7
1,427453363,0.773082,3718671,39
1,961959809,1.020780,3720436,19
1,2369748391,0.915364,3721306,6
1,1859136899,1.000488,3722099,5
1,3148843427,1.095980,3723181,9
1,618123491,1.019344,3726788,39
1,2771458243,1.025076,3728648,20
1,2250546829,0.977281,3729720,9
1,2636178319,0.931753,3731456,16
1,2895855617,0.956066,3734340,35
1,3848213011,0.904092,3737794,43
1,494202691,0.962175,3741668,49
1,1657034777,1.121958,3743499,20
1,868760533,1.114973,3746598,38
1,4121121943,0.977281,3750346,47
1,3351262703,1.031250,3750930,2
1,889062929,0.947859,3751440,1
1,860083177,1.094196,3753415,22
1,2657784421,1.118907,3755047,17
1,1705012487,0.997066,3758927,49
1,251735843,1.087033,3762590,46
1,1520844833,0.981270,3765063,29
1,2678161411,0.954021,3765854,5
1,1511240683,0.928078,3769378,44
1,3740205839,0.893772,3771540,20
1,3237434323,1.006328,3773271,18
1,282615799,0.935414,3775449,11
1,2131143481,0.991172,3777794,24
1,536799119,0.961668,3778737,7
1,342834559,0.968750,3780790,23
1,3460501903,0.895409,3781999,11
1,1278482783,0.833854,3782578,2
1,2628176101,1.058356,3783656,9
1,4060853437,1.057433,3787023,42
1,3272903813,0.885539,3789628,31
1,1947840487,0.938541,3790980,13
1,14013719,1.050483,3791956,8
1,3952904639,0.962175,3792480,1
1,910677839,1.015985,3793273,5
1,448827349,0.913227,3795387,24
1,2682600911,1.140090,3796335,7
1,1439568601,1.020302,3797675,13
1,2180284937,0.981270,3798464,5
1,3521314271,0.932277,3799198,4
1,3781048171,0.920152,3799713,1
1,3980483069,0.970764,3800577,6
1,3640430669,1.033615,3801853,12
1,1324930543,0.952997,3802861,8
1,2768825453,1.042552,3804001,10
1,3727440911,1.018386,3805000,8
1,2179561759,0.960652,3805791,5
1,866427061,0.897588,3811043,69
1,2528766769,0.913227,3812202,10
1,749176943,0.895409,3813910,18
1,2900906903,0.986233,3817003,38
1,3874921517,1.015985,3818082,9
1,2995605533,0.867715,3820675,31
1,2434554467,0.901929,3823840,39
1,1635642823,1.001951,3827400,36
1,531086687,0.927551,3828511,9
1,3246793159,1.078012,3829857,13
1,3098065651,1.031250,3832630,31
1,3481987657,0.964709,3833231,2
1,146530133,0.965215,3835996,33
1,721172687,0.942176,3836719,4
1,1201167659,1.063419,3837856,10
1,1445214061,0.978779,3839826,22
1,3430450789,1.054196,3840544,4
1,1706618059,1.005357,3843868,41
1,2578052461,1.090621,3844386,1
1,2234889583,1.025552,3847003,31
1,1522948181,1.136229,3848146,10
1,3401503661,0.970261,3848875,4
1,1405050083,0.934370,3851072,25
1,3238417921,1.012616,3851778,4
1,4211253257,0.984747,3853954,25
1,3980492141,0.920152,3854477,1
1,3422082047,0.965215,3856044,16
1,1039693271,0.920152,3858384,27
1,1332912743,0.952484,3859801,14
1,249443149,1.003899,3860445,3
1,1379229979,0.938541,3862291,20
1,3544953677,0.895409,3863015,4
1,4197917249,1.012133,3863728,4
1,1546980763,1.019344,3864656,7
1,2118781337,0.993141,3865927,12
1,799043551,0.888841,3866945,8
1,1510307893,1.012616,3867460,1
1,523555891,0.987223,3869233,19
1,776497087,0.945280,3871283,23
1,3354045323,0.941657,3872844,16
1,3201985243,0.992649,3873825,3
1,2024685989,0.997556,3877836,36
1,2291233267,1.106621,3883671,72
1,680776303,1.044891,3885601,21
1,2534299619,1.044891,3887581,22
1,2552734397,1.027455,3889624,23
1,3116649997,0.906250,3892151,28
1,1439601043,0.910550,3892953,5
1,519094447,1.095534,3893884,7
1,3374247419,1.086584,3906734,177
1,2788684159,0.985738,3910204,43
1,1378780357,0.913227,3911978,19
1,906323377,0.978779,3913887,21
1,1683496193,0.960652,3917051,39
1,1715526377,0.988706,3920432,42
1,797051837,0.813101,3921086,3
1,956205043,0.827978,3924469,42
1,2164735381,0.889939,3926111,17
1,2438362897,0.913227,3927458,13
1,3171420361,1.000488,3928313,6
1,782567099,0.978779,3930490,25
1,428829283,0.864897,3931143,3
1,3982944403,0.928604,3932007,6
1,2877137141,0.944764,3933572,16
1,136147811,0.900304,3934698,10
1,4292468821,1.012133,3936850,24
1,4171624159,0.973777,3937871,8
1,4163504179,0.936979,3939148,12
1,1522696949,1.012133,3939655,1
1,3926942323,1.031250,3941663,18
1,1111067813,0.993141,3942180,1
1,1701168907,0.962683,3942831,3
1,3204300893,1.012616,3946577,45
1,991794029,1.012616,3948006,14
1,3399213299,0.899761,3949356,13
1,3842608493,0.884436,3950284,7
1,546740303,0.944247,3951482,11
1,661425113,0.956066,3952694,11
1,3834786299,0.928078,3953488,5
1,2890997633,1.039268,3954280,5
1,1101524657,0.975280,3957250,36
1,3053380037,0.940620,3959243,22
1,3448798729,1.046758,3960028,5
1,1899853927,0.952997,3962436,28
1,2003802551,0.877786,3963724,12
1,3034217107,0.957597,3967242,44
1,3135454019,0.821465,3969707,29
1,827307281,0.973777,3971952,26
1,3031292587,0.923330,3973033,9
1,1433378293,0.982762,3981741,99
1,90952627,0.872205,3984104,25
1,3051055177,0.948374,3986795,32
1,3834210047,1.010685,3988496,18
1,1944124373,1.007782,3991596,38
1,2572482973,0.988706,3997915,84
1,1250609047,0.825615,3999338,14
1,1055901491,0.886090,4001116,19
1,3374860627,0.921213,4002039,7
1,3949129907,0.889939,4002771,4
1,1287263801,0.969758,4009510,90
1,1275068953,0.877786,4010488,8
1,2823139783,1.067086,4011205,4
1,1705043281,1.068458,4011926,4
1,4239007837,0.886090,4013705,19
1,3082331701,0.969758,4021346,103
1,3801535109,0.969254,4022619,12
1,1577475521,1.000488,4023333,4
1,3428884169,1.019344,4025101,19
1,177793457,0.732211,4026924,20
1,460643461,0.991172,4029181,26
1,3043906493,0.867715,4031827,27
1,2378623309,1.024123,4032764,7
1,968728687,0.978779,4033629,6
1,3754477787,0.988706,4036595,34
1,1962166711,1.055584,4037539,7
1,71462353,0.981270,4041318,48
1,3550561249,0.965215,4045244,50
1,2758315867,0.922801,4047039,19
1,2957737351,1.024123,4047559,1
1,1456757459,1.035031,4049891,27
1,3240919061,0.997556,4052477,31
1,3529718629,0.969254,4057681,68
1,4156905509,0.922801,4060373,32
1,3823770151,0.936979,4062855,29
1,2188483147,0.942176,4063988,10
1,46375939,0.983258,4065519,16
1,3414512471,0.872205,4070301,62
1,520365233,0.994614,4071007,4
1,3119124661,0.878342,4074308,41
1,3806189239,0.960652,4075184,6
1,2816179193,0.938541,4076198,8
1,3154583639,1.006813,4076912,4
1,899326391,1.034559,4078758,16
1,1291272209,0.910550,4081098,27
1,770971561,0.914830,4083301,12
1,1764519191,0.964203,4084855,14
1,670498079,1.012133,4085597,4
1,3616019717,1.050483,4087366,19
1,107696177,0.882225,4089882,30
1,1657146119,1.010685,4093733,49
1,395504801,1.055121,4094512,5
1,367242521,0.889391,4097128,31
1,2489093861,1.016466,4100028,35
1,3994018669,0.981270,4104884,63
1,2042799163,0.969758,4110700,77
1,3116514503,1.031250,4111420,4
1,3696276163,0.903552,4112992,16
1,726188443,0.954021,4116577,45
1,660220763,1.170520,4118689,24
1,1913415391,1.012133,4123254,59
1,3192659671,1.010685,4124191,7
1,1895269801,0.987223,4124909,4
1,3877033621,1.029829,4125980,9
1,3360852881,0.898675,4127317,13
1,257036777,0.927551,4129358,23
1,2945385199,0.970261,4134816,64
1,4152676643,0.993632,4135994,10
1,616551203,0.948374,4137769,19
1,1605704239,0.988706,4140063,24
1,3036641761,0.962175,4140591,1
1,4020494971,0.984747,4141616,8
1,108717079,0.923330,4143452,20
1,1144751059,0.985738,4144029,2
1,1316305457,1.003899,4145881,20
1,2008016887,0.907865,4148229,27
1,1788259483,0.954533,4151396,39
1,581247083,0.961160,4152878,15
1,2369085373,0.946313,4154941,23
1,1466158273,0.978779,4158672,47
1,1064255651,0.978779,4159890,11
1,1635915509,0.932277,4166914,94
1,3612925793,1.025552,4168412,15
1,333215431,0.982762,4171515,38
1,1830111967,0.826207,4174335,34
1,799414853,1.070284,4175397,9
1,2040548711,0.920682,4177647,26
1,1760048513,0.953509,4178578,7
1,3970182787,0.947859,4182259,42
1,988579897,1.012133,4183337,9
1,534363161,0.988706,4185554,9
1,1817945903,0.910550,4187309,16
1,2313411811,1.090621,4189087,19
1,2609761789,0.895954,4192414,41
1,3812254441,0.957597,4195096,32
1,906718861,0.960143,4201605,87
1,3082598347,0.942176,4211127,130
1,693563887,0.843750,4212198,9
1,4120402673,1.044423,4213543,13
1,1861614793,0.928078,4215261,18
1,687522137,1.004871,4215982,4
1,448345439,0.997556,4218517,30
1,3191666063,0.919621,4219874,13
1,228145061,0.940101,4221352,15
1,4250143669,1.025552,4221936,2
1,1116041659,0.848942,4222874,7
1,1962983051,0.944764,4223938,9
1,3490518643,1.012616,4225786,20
1,2604914317,0.982762,4226448,3
1,1643729663,0.944247,4227740,12
1,1674708073,0.940101,4228250,1
1,766020467,0.952997,4231271,37
1,1843240921,0.962683,4231861,2
1,2820508597,1.133647,4233770,21
1,3038732153,0.927551,4236560,29
1,3674205221,0.984251,4238911,27
1,356540773,0.935414,4239963,9
1,3402608981,0.928078,4241334,11
1,1538472497,0.934370,4245983,60
1,3983556557,0.957597,4246918,7
1,4066924733,0.862070,4249639,32
1,1798863277,0.960652,4250293,3
1,840634681,1.000488,4254661,56
1,2998500871,1.018386,4255736,9
1,4260289799,1.070284,4257239,15
1,321866053,0.956066,4258298,9
1,147767311,0.988706,4259488,11
1,3427152763,0.952484,4262382,35
1,547853233,1.015985,4262883,1
1,3874274233,0.969254,4263888,8
1,2878482949,0.852386,4265923,23
1,1555990279,0.929655,4267346,14
1,307897391,0.969758,4268332,8
1,526278989,1.003899,4270377,23
1,2213664149,0.895409,4271308,7
1,4055927899,1.046758,4271885,2
1,3556356823,1.061581,4274223,27
1,3813906221,0.857526,4280397,82
1,2344146319,0.991172,4284707,50
1,2024917351,0.993632,4285248,1
1,1956756101,0.974780,4289237,37
1,1158219967,0.993141,4289975,2
1,2157610921,0.957597,4290622,3
1,359830349,0.820275,4292802,25
1,2864061217,1.002438,4296531,47
1,2604002341,1.090173,4297834,12
1,3579439987,1.069828,4300397,30
1,1299415657,0.963190,4301599,11
1,3341312729,1.040677,4306573,65
1,887591633,0.916963,4308214,17
1,2738036617,0.914830,4309843,17
1,3146654009,0.957597,4310838,8
1,3640805803,0.938021,4313390,30
1,2333828639,0.964709,4318943,73
1,1649660899,0.928078,4322672,47
1,1046508821,0.993141,4323330,3
1,2253426781,1.012133,4326548,40
1,4029575587,1.031250,4327198,3
1,149847869,0.893772,4328265,9
1,2380939549,1.048157,4329329,9
1,570100499,1.032197,4331732,28
1,989768669,0.864332,4332461,4
1,3485091227,0.970764,4333962,15
1,2424509203,1.013098,4335382,14
1,2692618769,1.061581,4336170,5
1,971296927,0.827978,4337909,14
1,2836007,0.944247,4338609,4
1,3439581923,1.018386,4343659,63
1,1935904303,0.942176,4346779,37
1,342984617,0.950945,4347723,7
1,1406538499,0.904092,4349273,16
1,4210931797,1.003899,4350151,6
1,853053571,0.835024,4351346,11
1,2808920843,0.993141,4356044,61
1,511556671,0.925971,4357471,14
1,3540275813,0.927551,4363358,78
1,4050326971,1.089725,4364504,10
1,2454677399,0.914830,4369402,64
1,1273382039,0.984747,4371118,18
1,839683459,1.029829,4372175,9
1,364053257,1.067086,4374516,27
1,2848456771,1.113220,4375780,12
1,248962079,1.007782,4378531,33
1,2356016513,1.035503,4381078,30
1,153130657,0.962683,4381985,7
1,2931787603,0.877229,4382923,7
1,127943363,1.073928,4383484,2
1,1167777883,0.723490,4384549,9
1,1507258579,0.898132,4385072,1
1,2504575109,0.941657,4386526,10
1,893135231,0.868840,4387326,5
1,1412741959,1.008751,4391565,38
1,1654431379,0.911622,4393389,17
1,390829249,0.889391,4395097,18
1,572838523,0.884436,4397907,34
1,498932461,1.044891,4404493,88
1,1770467947,1.086584,4405490,8
1,2371616717,1.097761,4406014,1
1,3690377773,1.029829,4406742,4
1,2899839989,1.090621,4407399,3
1,594282203,1.074382,4410283,35
1,3262605497,1.002925,4412139,20
1,861809783,1.061120,4413209,9
1,2245306951,1.016466,4416865,46
1,4078055153,0.997066,4417929,9
1,486844447,1.044891,4418645,4
1,2955706807,1.027455,4419223,2
1,2094616309,0.928078,4419810,2
1,2038452607,1.000976,4421642,20
1,3576369527,0.916963,4422294,3
1,398913833,0.762269,4423007,4
1,3043623637,0.936458,4427845,63
1,1794529433,0.827388,4428495,3
1,1426435753,0.816098,4430122,17
1,872812169,0.982762,4432218,24
1,444407519,0.904632,4433995,19
1,3963431617,0.910550,4440809,87
1,1268032561,1.033615,4442434,17
1,4236645407,0.995105,4443919,15
1,6796679,0.997066,4445176,12
1,2349636019,1.016466,4446669,13
1,1286527733,1.106621,4447274,2
1,3101095771,0.997066,4448641,13
1,2428211909,1.087033,4449847,11
1,3585826289,0.922801,4453297,43
1,2531315063,0.864897,4453952,3
1,1454576399,0.925971,4458863,64
1,1886903791,1.072563,4462593,47
1,3321959603,0.974780,4465281,32
1,902106419,0.878342,4465858,2
1,2671831769,0.987223,4466515,3
1,237825347,0.942176,4468339,20
1,1739124713,1.093750,4469205,6
1,1716374237,1.131060,4470142,7
1,554536943,1.033615,4472470,27
1,1216974959,1.118907,4475709,40
1,3234511673,0.913227,4477618,21
1,178890841,0.960652,4478394,5
1,2253886949,1.007782,4480580,25
1,313911743,1.013098,4482763,25
1,3764445613,0.927551,4484622,20
1,2457737539,1.015985,4487093,29
1,2125398071,1.019344,4489812,28
1,2686502141,0.821465,4496627,76
1,3866014127,0.994614,4497606,5
1,829199993,0.988706,4498324,4
1,3989860969,0.913227,4499888,16
1,1105082401,1.068458,4502826,36
1,1775288171,1.018386,4506757,50
1,1885862359,1.108825,4509002,25
1,552514279,0.864897,4509583,2
1,49143551,0.970764,4512066,29
1,44191451,0.862070,4512632,2
1,1800425801,0.848942,4514526,21
1,168124651,0.889391,4516148,17
1,3625550363,0.956066,4518322,25
1,195247909,0.973777,4519945,17
1,1799193547,0.920682,4521720,19
1,1521916927,0.927551,4522659,7
1,1104759323,1.029829,4523237,2
1,681616471,1.036916,4526245,37
1,2565671687,1.064795,4529201,36
1,1827183863,1.036916,4530350,10
1,339157243,1.136229,4532041,18
1,3587366501,1.146496,4533626,16
1,1873032677,0.923330,4537080,43
1,762463727,0.938021,4539261,25
1,2119611539,1.089725,4540333,9
1,3563194819,1.105738,4541254,7
1,3555602201,1.051877,4541905,3
1,340373489,0.950945,4546686,58
1,3825025459,0.888841,4547999,10
1,1223118419,0.846639,4550405,28
1,925753987,1.012616,4551402,8
1,2477589551,0.889939,4553233,20
1,1686981001,0.925443,4556456,40
1,3392884613,0.957597,4556969,1
1,1260158629,0.938541,4562036,66
1,2576187617,0.960652,4563673,17
1,1334803051,0.913227,4565668,22
1,2055327529,0.935414,4567095,14
1,329708597,0.942176,4568644,16
1,3463767649,0.969254,4569650,8
1,2570636477,0.988706,4571345,18
1,310743061,1.025076,4574921,45
1,4110449887,0.950945,4576202,12
1,3638038039,0.993141,4579017,34
1,1677354631,0.902471,4579533,1
1,4077026417,0.993141,4583388,49
1,2768623003,0.931753,4584255,6
1,944163217,0.888841,4587262,37
1,2223837829,1.043488,4589848,31
1,2878313467,0.914296,4591074,6
1,3312052759,0.954021,4591802,4
1,466854959,0.964709,4592937,10
1,1485534517,0.928078,4594629,5
1,36262091,0.905711,4596750,21
1,4278428923,0.946313,4597430,3
1,2621619271,0.980772,4600588,39
1,3493113667,0.886641,4601237,3
1,3969775297,0.899761,4601962,4
1,1722432311,0.995105,4602554,2
1,1434274363,1.029354,4603982,14
1,1809775739,0.962175,4605759,19
1,1180770611,0.919621,4606965,11
1,3548914139,1.090173,4611601,60
1,1572659449,1.044423,4614000,28
1,2495992237,1.003899,4615702,18
1,2963155631,0.993632,4616911,11
1,3863926091,1.039268,4618613,18
1,2608293767,1.029829,4620800,25
1,1528172663,0.913227,4621799,8
1,1594619603,1.165084,4622807,8
1,197336203,1.003899,4623724,7
1,913427353,0.789333,4626138,28
1,685638937,0.960143,4626775,3
1,3106326367,0.903011,4627640,6
1,2380119589,0.889939,4628296,3
1,4213936627,0.823246,4629731,14
1,2308832087,0.948889,4632905,38
1,735296027,0.841432,4633651,4
1,1495890257,0.914830,4634227,2
1,1161788869,1.031250,4635860,17
1,1857632443,0.962175,4636724,6
1,1517045911,1.124132,4642490,76
1,990926603,1.048157,4645987,44
1,2797908401,0.895954,4648445,27
1,480592271,0.970261,4652279,46
1,2987219063,0.927551,4654748,29
1,3963820787,1.010685,4657788,37
1,2267807147,0.938541,4659291,15
1,4123715047,0.887192,4660231,7
1,3346064497,0.936979,4661997,19
1,4188387811,0.846062,4663003,8
1,3409016861,1.053732,4664489,15
1,3568737343,0.918559,4665354,6
1,3317381597,0.932277,4668047,32
1,2533268251,0.990186,4668783,4
1,2892771883,0.997556,4671377,31
1,1897347421,1.039738,4673767,28
1,2400020669,0.935414,4679047,69
1,2587064257,0.910550,4682015,36
1,3210996053,0.927551,4683096,9
1,340149661,1.007782,4684160,9
1,1643800337,0.997066,4687602,43
1,4259888021,1.106621,4689519,21
1,3089401643,0.903011,4691702,25
1,4192428397,0.958616,4692936,7
1,2885276197,1.014061,4694314,13
1,2446155097,1.031250,4694964,3
1,1422878057,0.922801,4697376,28
1,3524492759,0.970764,4698519,10
1,3236412929,0.975280,4705720,83
1,3074733763,0.981270,4707237,13
1,545629673,1.027455,4708726,15
1,2054379473,1.084785,4709659,7
1,2159829517,0.991172,4710578,7
1,2570841727,0.985738,4712015,14
1,2934704761,0.997556,4714839,34
1,2949634231,1.007782,4716824,22
1,728901373,0.935414,4718680,20
1,3845099941,0.891584,4720252,16
1,2895606397,1.069371,4726720,86
1,2724919117,1.029829,4728487,19
1,2295184009,1.012616,4729141,3
1,1817928199,0.907327,4730554,14
1,129410791,1.002925,4733015,29
1,3745289599,1.111464,4736048,37
1,1241739391,1.056971,4737616,16
1,1062236603,1.133647,4738197,2
1,3487407167,1.119343,4740970,33
1,1127521849,0.771818,4741567,1
1,1720219043,1.013098,4742159,2
1,3286915207,0.984747,4743443,12
1,1669033931,0.942176,4746753,41
1,1480254757,0.871085,4753049,80
1,3265409527,1.020780,4753796,4
1,3804399883,0.962175,4756188,28
1,2881944029,1.091068,4757609,11
1,3753464389,1.055584,4760244,31
1,176971141,0.870524,4761644,14
1,4038189647,1.008751,4763271,17
1,563808079,0.872205,4763986,4
1,54494257,0.983258,4765761,19
1,148269157,0.977281,4767801,23
1,2363445881,0.944764,4769517,18
1,459033209,1.043488,4770586,9
1,2851415689,0.868840,4773066,29
1,1164382459,1.003899,4774282,11
1,1489074101,1.007782,4776813,30
1,1834766797,1.068458,4777673,6
1,2626986281,1.018386,4781488,48
1,458254697,0.913227,4783800,27
1,2115883717,0.964709,4784593,5
1,1869588979,0.998534,4786238,17
1,2845207283,1.027455,4788715,29
1,615271879,1.004871,4791471,33
1,2976237629,0.867715,4794566,38
1,1194447511,0.893772,4796337,16
1,1924266341,0.910550,4797563,11
1,2527451219,1.034559,4806958,114
1,2331529601,0.957597,4809733,31
1,3813633479,0.919090,4810400,3
1,112129727,0.994123,4812114,18
1,1583299637,1.100870,4813480,13
1,3280267171,0.979277,4814201,4
1,309757597,1.005357,4815060,6
1,3025107587,0.901929,4817520,29
1,3271818071,0.836777,4818245,4
1,1281988517,1.017906,4819111,6
1,2951544061,0.886090,4819915,5
1,3926323729,0.970261,4821548,17
1,634156693,0.960652,4822618,9
1,3301714223,0.982762,4824664,23
1,70140461,1.098205,4826153,15
1,3307186823,1.058356,4828349,25
1,1482861659,0.970764,4830126,19
1,1119928529,0.929655,4832314,25
1,3354182387,0.895409,4832901,2
1,72843437,0.997556,4834793,21
1,2009898181,1.077559,4836287,15
1,3106587049,0.872205,4839669,42
1,211204087,0.977281,4842153,29
1,1254687103,0.868840,4846369,54
1,3845203909,0.994614,4849468,38
1,2316418957,0.954533,4850218,1
1,237345287,0.878342,4855011,62
1,4039210541,0.981270,4856612,14
1,1634343827,0.946829,4859533,35
1,2676449371,0.954021,4860750,11
1,716771303,0.970764,4863704,36
1,3284426207,0.991172,4867163,43
1,3049127597,0.934370,4869440,26
1,1472951827,0.820275,4870582,10
1,2987227619,1.069828,4871171,2
1,1092566887,0.928078,4877202,80
1,345585307,0.964709,4877706,1
1,3536034569,1.016466,4879328,17
1,1866124789,0.952484,4879849,1
1,889218557,0.888841,4882460,31
1,177499939,0.970764,4884429,22
1,3192366283,1.062959,4885578,10
1,1533391001,0.952484,4887967,28
1,288441521,0.988706,4888746,5
1,1529404699,0.991172,4892398,46
1,646899917,1.070284,4893741,13
1,1221994621,1.055584,4894959,11
1,747437267,0.910550,4895965,8
1,3720133489,0.931753,4896491,1
1,4185373207,0.975280,4898928,24
1,3203371201,0.962175,4899745,5
1,2388963491,1.035974,4900537,5
1,3991789253,0.906789,4905657,53
1,518111917,0.872205,4907036,12
1,613296769,1.068458,4912725,75
1,1644922823,0.919621,4914625,21
1,1822274423,0.886641,4920047,71
1,3763652833,0.955044,4922096,23
1,2517858877,0.893772,4925261,39
1,4057597259,0.993141,4925910,3
1,2589762169,1.022214,4927606,18
1,1018363057,0.913227,4929380,19
1,2598115237,0.957597,4930238,6
1,4217551687,0.994614,4931181,7
1,2878984607,0.872205,4937859,89
1,644869447,0.858664,4938375,1
1,3315359833,0.964709,4939722,13
1,2987358343,1.003899,4942132,28
1,2161553137,0.973777,4943545,14
1,474357563,1.012616,4944825,12
1,2094155209,1.020302,4947022,25
1,1033478231,0.998534,4949144,24
1,4023009847,0.903552,4950007,6
1,175785383,1.040677,4954597,55
1,2914130489,1.070284,4956018,14
1,2173680209,0.982762,4957414,11
1,2706788857,0.955044,4962689,69
1,3247119679,0.953509,4963205,1
1,3117446039,0.965215,4964416,11
1,3244560617,1.068458,4964985,2
1,147644821,0.963190,4965620,3
1,2555079157,1.090173,4966974,13
1,2984861129,0.938541,4969934,36
1,1522598747,1.027455,4971283,13
1,3522486629,0.940620,4973474,25
1,2463280873,1.083434,4974827,13
1,1899773503,1.012616,4976186,13
1,927509027,1.076198,4976831,3
1,1024003553,0.957597,4977473,3
1,2423061457,0.982762,4978889,14
1,15715291,0.953509,4980578,18
1,1472490787,0.922801,4981230,3
1,651506641,0.988706,4983138,21
1,2944645097,1.111464,4984911,19
1,1410163229,1.068458,4986042,10
1,3344848547,0.820275,4987059,8
1,176771509,0.868840,4988253,11
1,2933830769,0.978779,4988976,4
1,3093234073,0.946313,4989763,5
1,3783776089,1.015985,4990975,11
1,2657559631,1.055584,4992674,18
1,4095753689,1.047691,4994721,23
1,112843741,0.848942,4998252,44
1,3594342413,0.888841,5001112,30
1,1471865029,1.012133,5007170,64
1,3048286067,0.846639,5008569,11
1,3135129161,0.913227,5010613,23
1,3551087899,0.911086,5012468,20
1,1885181839,0.946313,5015843,42
1,3054929693,1.032197,5021444,74
1,3490049741,0.885539,5024882,43
1,2017968581,1.125868,5028461,45
1,141379859,0.929655,5029103,3
1,362024093,1.000488,5032604,44
1,677550059,0.919090,5033462,6
1,2972839913,0.867715,5034048,2
1,1006646131,0.975280,5036657,31
1,281018863,0.895954,5037431,5
1,905581741,0.908940,5048365,150
1,3292780489,1.070284,5049638,12
1,1283236637,0.825615,5050843,11
1,2424585593,0.891584,5052046,11
1,607459309,0.904632,5054445,28
1,747589607,1.039268,5055740,8
1,1840893137,1.018386,5056888,10
1,296059991,0.913227,5058223,13
1,2113614757,0.855246,5060401,22
1,906952799,1.046758,5061613,11
1,2892414809,1.026980,5063964,27
1,858986831,1.078012,5065814,20
1,2734226617,0.997066,5069267,43
1,3520750951,1.003899,5070966,18
1,3524763769,0.962175,5072599,17
1,1590817499,0.984747,5075571,36
1,2431943603,0.932277,5077541,22
1,2436074723,1.039738,5078335,5
1,928398949,0.993141,5079405,9
1,3844169029,1.063419,5080400,8
1,3195691379,0.935414,5081194,5
1,3894815843,0.928078,5082954,19
1,1270654967,0.868840,5085569,31
1,116507033,1.061581,5088171,31
1,1233314053,0.820275,5090210,23
1,3053667209,1.020780,5092252,23
1,2141197241,1.069828,5093124,6
1,3296532103,0.990679,5094678,16
1,4062231959,1.064337,5095685,8
1,1348304857,1.000488,5098869,39
1,138312893,0.914830,5100219,13
1,3525304261,0.927551,5104219,46
1,1428907421,1.012133,5106416,12
1,2363320199,0.825615,5107627,7
1,3110907647,1.140946,5108794,10
1,1177100083,0.962683,5109721,7
1,2578777703,1.078012,5111910,25
1,2425991663,0.906789,5112981,9
1,1410951187,1.077106,5114823,20
1,1590764053,0.889939,5116511,18
1,1405782913,0.963190,5117574,9
1,3675433247,1.012616,5119633,23
1,1542674527,0.961160,5120929,12
1,2065839301,1.029829,5122000,9
1,2555135327,0.860369,5122723,4
1,1008038891,1.004871,5123937,11
1,419109557,1.012616,5126484,30
1,3207079723,1.035503,5127976,15
1,3919029659,0.934370,5129956,22
1,2292861503,0.991172,5134248,53
1,3228293119,1.024123,5135215,7
1,1025989141,0.947859,5135792,2
1,563270611,0.911086,5138125,27
1,3250697069,1.100870,5139819,18
1,1540888633,0.903011,5142202,28
1,4233421487,0.815499,5142789,2
1,3063527437,1.039268,5144076,12
1,512445173,1.008267,5146257,25
1,2669436059,0.916963,5147126,6
1,3258996211,0.864897,5148260,10
1,4134844199,1.207480,5150881,31
1,4293440233,0.834439,5152514,17
1,215174819,0.931753,5154338,20
1,2276626559,0.914830,5154990,3
1,231655679,0.979277,5155986,8
1,1339276079,0.857526,5160575,52
1,2503957543,1.076198,5161607,8
1,2393253341,1.007782,5162127,1
1,102341177,1.033615,5163119,8
1,3795377507,1.019344,5165635,27
1,4037876149,0.870524,5170698,66
1,4067983679,0.938541,5171559,6
1,2448105811,0.935414,5173323,19
1,3155857933,0.897588,5178723,71
1,2008975511,0.942176,5182471,47
1,2141325919,0.919621,5183063,2
1,1568999639,0.997556,5183779,4
1,3386823689,0.997556,5187725,50
1,1446102571,0.983258,5189492,19
1,3171710699,0.944764,5192446,36
1,329017681,0.934370,5193016,2
1,425855119,0.954533,5197721,61
1,3304360597,1.043488,5199141,14
1,1819485641,0.984747,5199718,2
1,861756781,1.005842,5201415,18
1,99349777,0.873883,5205551,48
1,2124038153,0.911622,5207473,21
1,462127909,0.857526,5209349,6
1,514083569,0.986233,5210883,14
1,2390397719,1.029829,5213211,27
1,148860389,1.012616,5214415,11
1,1444673369,0.827978,5216543,24
1,920748539,0.864897,5217541,8
1,505207889,0.952484,5219294,19
1,2790519899,0.997066,5223721,57
1,4034423531,1.043488,5227514,48
1,1992328903,0.957597,5230468,36
1,408476149,1.089725,5234460,51
1,1738531777,0.965215,5237859,42
1,437917091,1.100870,5238358,1
1,3860270837,1.012133,5239499,10
1,2739969731,0.898132,5240009,1
1,3028226021,0.919621,5241500,15
1,3013566887,1.055584,5242643,10
1,1149866903,0.897588,5244888,26
1,1842997133,0.952997,5247431,30
1,1564763021,0.988706,5249262,20
1,2456837783,0.853531,5251516,26
1,707760041,0.843750,5253275,19
1,766971329,1.012616,5256226,36
1,3128703101,0.889939,5257513,12
1,1608737107,1.116723,5259510,19
1,3631521139,0.871645,5261970,27
1,1285011191,1.087482,5262572,2
1,4218328811,1.007782,5263652,9
1,1565752477,0.954533,5264377,4
1,280846043,0.893772,5266783,26
1,2523910897,1.044891,5267446,3
1,1174286899,0.944247,5268309,6
1,3828447121,0.961160,5271043,33
1,1704338059,0.919621,5272669,17
1,1325703059,0.946313,5275080,28
1,1597522853,0.991172,5276285,11
1,1208435731,0.938541,5277203,7
1,3854285333,0.855246,5279041,20
1,1847010817,1.020302,5281635,31
1,578854481,1.067086,5284241,31
1,100590967,1.012616,5287545,41
1,275404007,0.886090,5289874,27
1,2538991381,0.899761,5296471,88
1,3965755621,0.962683,5297671,11
1,2917623557,0.950432,5304062,84
1,265530143,0.913227,5304988,7
1,3487793443,1.027455,5307306,22
1,2924002607,1.012616,5308399,9
1,1738674761,0.957597,5311672,26
1,3991724651,0.911086,5313350,15
1,233026229,0.970261,5314971,17
1,3215422759,0.970764,5319203,54
1,4100671843,0.889391,5321043,20
1,3582925873,0.936979,5321698,3
1,1728939229,1.040677,5322277,2
1,3313864303,1.105738,5323625,13
1,4253815999,1.013098,5324279,3
1,4225410929,0.880563,5326888,31
1,969522431,0.817294,5327477,2
1,1979350301,0.913227,5328347,6
1,3081737831,0.922801,5329771,14
1,3767393599,0.871645,5333659,49
1,2906833151,0.982762,5335289,17
1,4063817777,1.055121,5338027,33
1,1678636541,0.953509,5338621,2
1,819659129,1.078012,5339886,12
1,1412831117,0.927551,5341577,18
1,2308928959,0.977281,5342377,5
1,1796573561,0.836777,5343234,6
1,2534988059,0.974780,5345788,29
1,3078773827,0.919621,5349470,46
1,3794274307,1.087482,5351361,21
1,3828630989,0.946313,5352217,6
1,1224194627,0.955044,5353782,16
1,1634741809,0.962175,5355604,20
1,304941803,0.820275,5356663,9
1,764714933,0.991172,5357462,5
1,1956102341,0.953509,5358542,9
1,8909473,1.040677,5366166,98
1,802138213,0.938021,5367696,13
1,2490468713,0.960652,5372182,58
1,4164795353,0.969254,5372981,5
1,4058161241,0.994614,5374463,15
1,456922159,0.982762,5374968,1
1,1506113977,1.031250,5375767,5
1,2784248801,1.052341,5377671,21
1,1834580443,1.025076,5379588,21
1,781304669,0.952484,5380583,8
1,4070613871,0.796722,5381931,13
1,2862500983,0.994614,5384060,24
1,3892229153,1.020780,5387866,48
1,2801498449,0.853531,5391234,42
1,3552318673,0.911622,5392600,13
1,1798252667,0.965215,5395486,35
1,1297354057,0.962175,5396136,3
1,783896081,0.855246,5397406,12
1,771866209,0.977281,5400019,31
1,1342239737,0.902471,5403668,46
1,2160299983,0.988706,5405370,18
1,2255936167,0.928078,5408044,32
1,325564061,0.899761,5409046,8
1,1841944729,1.019344,5410601,11
1,1270917209,0.907865,5412018,14
1,3724070969,0.834439,5413429,1
1,51841963,0.846639,5415079,12
1,4224278351,0.975280,5416757,17
1,2661592429,0.988706,5420152,42
1,1029919441,0.936979,5420736,2
1,159884587,0.922801,5421938,11
1,3198647953,1.024600,5424079,24
1,1490981203,0.952484,5424590,1
1,3542010893,1.040677,5428185,45
1,211240609,0.961160,5430444,26
1,2171527931,0.991172,5431107,3
1,2651311853,0.991172,5431971,6
1,531192397,0.928078,5434503,30
1,1434754561,1.120651,5436888,28
1,635978491,0.934370,5438787,21
1,3957788347,0.964709,5439655,6
1,1103760991,0.981270,5440232,2
1,2483936017,0.948374,5440740,1
1,3157753763,0.907865,5441546,5
1,3768271517,0.868840,5448296,90
1,2057246963,0.947859,5450217,21
1,2020541011,0.889391,5451914,18
1,1259932139,1.024123,5452422,1
1,3385555969,0.957597,5455505,38
1,462105613,1.025076,5456283,5
1,3668959549,1.015985,5458472,25
1,3643584611,0.935414,5458982,1
1,2101815539,1.020302,5459495,1
1,1831124923,0.978779,5460781,12
1,2098684603,0.997066,5462480,18
1,4243102763,0.906789,5466510,47
1,1885174199,1.133647,5467456,7
1,2961989179,1.022214,5468251,5
1,4394191,0.911622,5469503,12
1,844366247,0.848942,5470289,4
1,2736432239,0.938541,5472362,23
1,722431139,0.988706,5474472,24
1,3692200637,1.036916,5475469,8
1,2967293839,0.928078,5476681,11
1,2116017767,0.911086,5478254,16
1,3987920149,0.952484,5479896,17
1,1180411723,0.919621,5480826,7
1,792562033,0.957597,5484185,42
1,2046814933,0.977281,5485064,6
1,497171531,1.061581,5486899,20
1,2341965971,0.895954,5488393,15
1,736757453,0.970261,5491757,42
1,583308281,1.061581,5497510,76
1,1604984201,0.938541,5498934,14
1,3756317861,1.000488,5500641,18
1,2114827691,1.004871,5504582,50
1,1327057939,1.055121,5506759,25
1,1751031937,0.962683,5507406,3
1,1699599679,0.935414,5511154,47
1,653140307,0.981270,5514432,36
1,1071020551,0.919621,5516196,4
1,2301544787,1.099538,5518677,26
1,3749956963,0.930180,5519496,5
1,947528873,0.934370,5520902,14
1,3709808779,0.821465,5521833,7
1,3931772077,0.930180,5523879,23
1,899457071,1.048623,5525168,12
1,3454481887,0.932277,5525976,5
1,1254984337,0.962175,5528362,28
1,1826811697,0.973777,5531040,32
1,1041143839,0.932277,5532955,21
1,3080102903,0.927551,5539017,80
1,590966191,1.055584,5542397,42
1,93379303,0.975280,5545401,37
1,609892037,0.983258,5546811,14
1,963073427,0.858664,5550623,48
1,1008127543,0.975280,5552400,19
1,2729166161,0.994614,5558993,88
1,2945673517,1.083884,5561323,27
1,3745242713,1.098205,5566979,68
1,3968912809,1.068458,5568162,10
1,2986953413,1.004871,5571398,40
1,3440291021,0.895954,5572606,8
1,1942167317,0.954533,5574462,20
1,3227499061,0.999023,5576927,29
1,1710217669,1.031250,5577947,8
1,1140027533,0.952484,5581541,45
1,2364576343,0.876115,5582677,10
1,1740588533,0.999023,5584457,19
1,3721891619,1.020780,5586235,19
1,1322751809,1.044423,5587167,7
1,3636424823,0.860369,5588607,14
1,4252169953,0.977281,5593264,60
1,1844966969,1.073928,5593924,3
1,2490869413,0.919090,5594646,4
1,2117492323,1.018386,5597615,36
1,1734693757,0.922801,5598689,9
1,664820993,1.018386,5599538,6
1,1309694209,0.980772,5603524,51
1,725113579,0.913227,5604110,2
1,1739026901,1.044423,5604907,5
1,2474641333,1.006328,5605969,9
1,2702736539,1.068458,5608874,35
1,254752711,0.895954,5610087,11
1,736828933,1.015985,5614341,50
1,806696719,1.023646,5617228,35
1,2474907361,0.914830,5620592,26
1,3412149463,0.988212,5621232,2
1,803174063,1.043488,5621895,3
1,45421781,0.852386,5622883,8
1,514638343,1.004871,5625527,31
1,241321901,0.919621,5626522,8
1,519633671,0.880563,5627955,14
1,1828059091,0.880563,5628903,7
1,1627690153,0.895954,5630174,12
1,83163781,0.965215,5631331,9
1,3443320189,0.957597,5631939,2
1,1378282069,1.124132,5632597,3
1,1807740113,0.977281,5633688,9
1,1883805709,1.077559,5635798,24
1,2545602883,0.889391,5637569,19
1,1290851951,0.936979,5638650,9
1,4107988337,0.920152,5640559,21
1,3621440821,1.040677,5641356,5
1,3414639143,0.848367,5642081,4
1,3823924799,0.942176,5642670,2
1,4064178103,0.982762,5643200,1
1,2814976649,0.950945,5644060,6
1,990318877,1.132354,5646371,27
1,2406405487,0.928078,5647528,8
1,1554836629,0.903011,5649106,16
1,1562291011,0.974780,5649967,6
1,3578354597,0.964709,5652395,28
1,1517144171,0.928078,5654580,25
1,2419330579,0.848942,5655567,8
1,1735310441,1.034559,5656568,8
1,3432824827,0.936979,5657370,5
1,143313683,0.983258,5658082,4
1,349127221,0.971267,5660460,28
1,3335714191,0.911622,5662583,24
1,427842953,0.961160,5664333,19
1,4072628051,1.027455,5666128,19
1,260801911,1.000488,5666773,3
1,3267888541,0.944247,5668183,14
1,206013253,1.055584,5670806,19
1,331036133,0.895409,5671570,4
1,813727349,0.982762,5672427,6
1,2735544667,1.109705,5677482,64
1,762236719,0.977281,5680258,33
1,2446028411,1.081629,5681061,5
1,2410830083,0.984747,5682336,12
1,1142755093,0.827978,5688858,87
1,3378399131,1.012133,5690842,22
1,1598436439,0.954021,5693812,36
1,1570495519,1.047691,5695103,12
1,76922119,1.050483,5696368,12
1,360074783,1.018386,5697223,6
1,2925285887,0.973777,5698229,8
1,3763477997,0.904632,5699019,5
1,876954173,0.936979,5701358,27
1,4185162983,1.012616,5704663,41
1,1369495613,1.039268,5705880,11
1,4192916093,1.039268,5706748,6
1,1031316437,1.012616,5710142,42
1,2586484123,0.893772,5711281,10
1,772966879,0.944764,5715606,55
1,3178199663,0.904092,5717225,12
1,2761532689,1.014061,5717958,4
1,1316311627,0.897588,5719532,16
1,2769748759,0.970261,5723757,39
1,696751189,0.995105,5724950,9
1,3402867869,0.920682,5726460,15
1,2597435761,1.003899,5727533,9
1,480218069,0.907865,5728879,13
1,3036823261,0.908940,5729462,2
1,1133874713,1.014061,5731537,23
1,3453647333,1.048157,5733106,16
1,3913388533,1.052341,5733616,1
1,2922072977,0.996576,5735599,22
1,454647469,0.934370,5736391,5
1,1788366889,0.859233,5738922,30
1,2691102697,0.975280,5739437,1
1,1351566857,0.899761,5746598,96
1,1838892889,0.947859,5749908,41
1,4239530311,0.910550,5750629,4
1,876175423,0.962683,5752671,23
1,262115167,1.064337,5754376,18
1,2644829147,1.111903,5755034,3
1,2471176769,1.091516,5755962,7
1,17063899,0.813701,5756670,4
1,1426512973,0.761629,5758021,13
1,4172708329,0.940101,5766244,111
1,1017980291,1.090621,5767307,9
1,771871729,0.986233,5768856,16
1,172618783,1.034559,5771875,37
1,587928893,1.127168,5773634,15
1,1677636817,0.928078,5779665,77
1,4243476037,1.039268,5781739,23
1,1377576869,0.920152,5782599,6
1,950679659,0.969758,5783529,7
1,1112408861,1.033615,5784807,12
1,3196048073,0.919621,5787005,25
1,1572073837,1.020302,5787941,7
1,3751463819,0.997556,5789650,18
1,739841279,1.057433,5791272,17
1,2804700323,0.884436,5791920,3
1,1811002811,0.938541,5793346,14
1,711024679,0.964709,5794627,12
1,1529370853,1.003899,5795415,5
1,3614562617,0.997556,5796289,6
1,405082591,0.997066,5797854,16
1,2919152503,0.961160,5799783,21
1,3967504757,1.025552,5800506,4
1,3128654707,0.761629,5802908,28
1,96922289,0.919621,5804527,17
1,2607280171,0.877229,5806035,15
1,338714669,0.962683,5808641,31
1,3576563299,1.078012,5816059,100
1,4233116353,0.928078,5820114,47
1,390522347,0.873324,5820709,2
1,1788805723,0.968750,5821361,3
1,740674939,0.956577,5827481,67
1,2319759587,0.980772,5831175,44
1,232565867,1.037387,5832664,15
1,1122952001,1.012133,5833247,2
1,734677511,0.982762,5833820,2
1,1167397403,0.955044,5835020,11
1,2557391981,0.957597,5837410,28
1,2738721673,0.993141,5837919,1
1,79510163,0.956577,5840027,24
1,3879072557,1.018386,5841737,18
1,3055645613,0.989693,5846857,67
1,3890700343,1.003899,5847444,2
1,655452013,0.876115,5848370,7
1,4262613871,0.785613,5852513,53
1,1111498489,0.974780,5854546,23
1,3001228213,0.981270,5856188,17
1,1687488239,0.911086,5856976,5
1,4086371293,0.841432,5859862,35
1,439892627,1.005842,5861199,13
1,3980007397,0.846639,5863607,28
1,2792625709,1.129332,5865576,22
1,891708793,0.946313,5866509,7
1,2409107203,0.965215,5867364,6
1,2194935299,0.934370,5871372,51
1,3804644629,1.006328,5874476,38
1,3715411207,0.928078,5880480,75
1,1358642353,0.827388,5881627,7
1,1952997797,1.025076,5886323,61
1,1573989517,0.878342,5887254,7
1,650942197,0.942176,5888042,5
1,3690994849,0.932277,5891363,41
1,408699353,0.932277,5898895,102
1,2805442147,0.942176,5899690,5
1,4020065719,0.907327,5900844,10
1,1786539637,0.891584,5902134,12
1,2646988679,0.952484,5903077,7
1,1992594047,0.941657,5904357,12
1,758658739,1.018386,5905649,12
1,3409233041,0.965215,5909294,46
1,724547143,1.052341,5911269,22
1,2283172687,0.953509,5915757,58
1,1604528509,0.954533,5916983,11
1,2179372253,0.886090,5918128,10
1,3552292921,0.914830,5921739,41
1,3377533961,0.962175,5926249,44
1,2491353871,0.864332,5927142,4
1,3162709247,0.969254,5928358,11
1,639756521,1.063419,5929000,3
1,4205997769,0.984747,5929584,2
1,1383931541,0.848942,5933030,43
1,3402443479,1.021258,5937184,53
1,2168286359,0.976281,5942511,70
1,1473637709,1.019344,5946032,44
1,2039143201,0.872205,5946618,2
1,1078502903,0.981270,5947265,3
1,256243811,1.111464,5948812,16
1,4212366733,0.904092,5952892,52
1,3041601877,0.899761,5962346,129
1,3125501503,1.071652,5963977,17
1,3598100707,1.035503,5968613,60
1,2221097191,0.853531,5970174,16
1,2821952201,0.898132,5971585,14
1,1050670979,0.946313,5974474,35
1,644613941,0.848942,5975257,5
1,2051463437,0.993141,5980258,59
1,1894534531,0.904092,5981240,7
1,3861280037,0.910550,5982324,9
1,4155365839,0.921743,5983820,14
1,1560768071,0.925971,5985188,13
1,4258512943,0.988706,5985984,5
1,687862387,0.957597,5987146,10
1,145668451,0.997066,5989391,26
1,4216964987,1.042552,5998179,119
1,748543529,0.997556,5998757,2
1,4058225279,0.952997,5999562,5
1,465942931,0.969758,6000419,6
1,1552008313,0.942176,6001769,13
1,3205345397,1.036916,6002631,6
1,765209723,1.048157,6008737,81
1,1239265427,0.928078,6011417,32
1,4237730527,0.928604,6012214,5
1,3495906257,0.946313,6014672,29
1,318868229,1.040677,6016215,16
1,2839158983,1.004871,6017000,5
1,3137996809,0.957597,6022468,72
1,1379542651,0.862070,6026716,50
1,2860981483,0.813101,6030640,31
1,1021738297,0.911622,6032195,14
1,44832649,0.936979,6032826,3
1,737212243,0.964709,6033898,9
1,1118342591,1.018386,6035033,10
1,2304638411,0.944764,6036333,12
1,2794985381,0.942176,6037676,13
1,3802012771,0.878342,6042266,59
1,4258386653,1.033142,6044183,21
1,1294890209,0.960652,6046102,21
1,2199260159,1.005357,6049688,45
1,2283653921,0.914830,6051031,13
1,1798398661,0.928078,6054343,41
1,72942497,1.023646,6056159,20
1,2054249471,0.965215,6058284,24
1,2853121807,0.928078,6059561,12
1,872911909,1.035503,6064248,61
1,4065994489,0.848942,6065321,9
1,67721851,0.895409,6067082,19
1,3173154433,0.994123,6067793,4
1,3347263111,1.076198,6069362,16
1,3120629371,0.950945,6070370,8
1,3672041843,1.035503,6071661,12
1,134146211,1.061120,6074949,41
1,1555205293,0.919621,6078623,46
1,3777823477,0.919621,6080919,22
1,3579668789,0.928078,6082494,16
1,2168846923,0.895409,6083497,8
1,3289629121,0.981270,6085333,18
1,310851461,1.044891,6086194,6
1,2494687477,1.012133,6087750,16
1,25921619,0.928078,6088801,9
1,4237508153,1.055121,6089383,2
1,3417736369,0.927551,6091498,24
1,2149845809,0.878342,6092270,5
1,2687637149,1.017906,6092844,2
1,266042039,0.902471,6093774,7
1,385931089,0.919621,6095457,18
1,1767838217,0.886090,6096949,15
1,2480305931,0.942176,6100893,50
1,3045044231,0.957597,6104835,50
1,189472511,0.919621,6105625,5
1,3363678863,1.007782,6109486,49
1,3543275273,0.965215,6111458,22
1,1240383709,1.090621,6112042,2
1,641132119,1.000488,6112977,7
1,285694859,0.936979,6115998,37
1,1029027463,1.079822,6116510,1
1,2896365523,1.039268,6117367,6
1,2652932983,0.970261,6122217,63
1,3739650979,0.988706,6125314,38
1,3566794853,0.893772,6125895,2
1,2065778717,1.061581,6128117,21
1,1227818303,0.925971,6131269,22
1,923829421,1.038328,6131955,1
1,2028556837,0.991172,6136326,56
1,1407450701,1.027930,6138471,24
1,464932291,0.910550,6139885,14
1,3647959421,1.025552,6142778,35
1,750843221,1.081178,6143841,9
1,2578379737,1.039738,6154170,141
1,2731102967,0.928078,6155379,11
1,849377077,0.920152,6158600,40
1,4014468391,0.936979,6160735,24
1,3029175841,0.904092,6161604,6
1,2146491097,0.913227,6163173,16
1,2366468567,0.950432,6165719,30
1,3757630367,0.950945,6167427,18
1,1011025177,0.956066,6168271,6
1,543008677,0.868840,6170733,29
1,1235287433,1.020780,6173258,30
1,1887375001,1.048157,6174324,9
1,2750838397,0.854103,6175335,8
1,3825692401,0.958616,6176473,10
1,4186753049,0.910550,6177472,8
1,3183781061,0.895954,6180210,33
1,3661981021,1.098205,6181865,13
1,3339909071,0.984747,6182613,4
1,2738369201,1.004871,6184507,21
1,900242251,0.928078,6185162,3
1,4202119463,0.925443,6185815,3
1,1582649279,0.950945,6187272,12
1,472158143,0.991172,6188005,4
1,884634523,1.009718,6189851,20
1,3402454457,0.975280,6190851,8
1,2121049193,0.964709,6191501,3
1,3332849363,0.922801,6193756,26
1,3726331769,0.864897,6194836,9
1,2576823679,0.935414,6195631,5
1,2850790489,0.902471,6199080,43
1,3672302077,0.990679,6199809,4
1,2407450603,1.027455,6202360,30
1,3230931659,0.910550,6203768,14
1,2085734327,0.910550,6205613,20
1,1389155777,0.952997,6207024,14
1,3442865443,0.969254,6208452,14
1,4192913353,0.957597,6209457,8
1,4032243157,1.007782,6210325,6
1,2905439219,0.946829,6211892,16
1,3805059677,1.046758,6213032,10
1,116360137,0.938541,6214589,16
1,3024025729,0.910550,6215306,4
1,2143494161,1.054659,6216783,15
1,1328887177,1.007782,6217570,5
1,4222589243,0.911622,6218719,10
1,3082092751,1.052341,6223482,62
1,1481391827,1.009718,6227760,55
1,316107247,0.961160,6229110,8
1,4080844753,0.818488,6231679,30
1,2799064771,0.974780,6234160,14
1,2512657073,0.981270,6235627,14
1,2415796277,0.970764,6236779,10
1,3421892363,1.039268,6238552,19
1,767029891,1.005357,6239141,2
1,2158066501,0.904092,6239647,1
1,2960153813,0.919621,6243719,52
1,2668219129,1.006813,6244232,1
1,1058606279,1.086584,6245853,17
1,1963685489,0.964203,6246504,3
1,3939047423,0.829745,6250542,51
1,603171581,0.864332,6251337,5
1,4137967793,1.105296,6254344,37
1,3830483803,1.007782,6256321,22
1,320233817,1.116723,6257382,9
1,2617994969,0.975280,6258185,5
1,33069649,0.919090,6266624,115
1,3407715953,0.928604,6267142,1
1,1188041809,0.965215,6269126,22
1,3300492683,1.020780,6272974,49
1,418087249,0.919621,6274243,12
1,4009974677,0.977780,6275033,5
1,2504894893,1.116723,6276812,19
1,363772361,0.855816,6278577,19
1,2975307497,0.970764,6279783,11
1,431875579,0.950945,6281341,16
1,427249331,1.029354,6283199,17
1,335703593,1.004871,6284735,15
1,2087922883,1.042552,6287483,33
1,1587541427,0.936979,6288620,7
1,2649444353,0.934370,6289488,6
1,2709986021,0.991172,6290081,2
1,3600009409,0.844907,6294705,60
1,1221060661,0.889391,6299903,68
1,3944500517,0.918559,6302299,28
1,1495003247,0.954533,6302814,1
1,3983652389,0.942176,6304449,17
1,2769139669,0.960652,6308381,50
1,1184695423,0.927551,6311192,34
1,3325608353,0.928078,6311772,2
1,4279241221,0.930180,6312841,9
1,3745707041,0.903011,6315230,28
1,4018502359,1.004871,6318683,43
1,2190740711,0.957597,6321162,29
1,729099941,1.005357,6322718,16
1,2375710663,0.982762,6324286,16
1,2447119069,1.000488,6324934,3
1,658015409,0.928078,6325998,9
1,1702400981,0.900304,6327484,15
1,116507113,0.938541,6329173,18
1,1384178483,0.927551,6329749,2
1,2884085359,0.928078,6331323,11
1,912997013,1.009718,6332620,12
1,1437194987,0.988212,6336796,40
1,3203447131,0.910550,6337763,5
1,3614534981,0.913227,6338770,8
1,3575416457,0.904092,6339414,3
1,1180496981,1.058356,6343551,53
1,2296944707,0.889391,6346689,37
1,180126377,1.002438,6350153,43
1,3859769503,1.052341,6351293,10
1,1108599113,0.942176,6353123,20
1,336214919,0.977281,6355573,29
1,1212919531,0.920152,6358125,30
1,686968859,1.045825,6360189,23
1,3792933659,1.035503,6361044,6
1,3694681807,0.878342,6362681,17
1,2663213827,0.946313,6367071,56
1,2833529,1.036916,6368179,10
1,1147191917,0.970261,6369246,9
1,4236050519,0.979277,6370946,18
1,4122972499,0.970764,6373489,30
1,2241838579,1.035503,6374577,9
1,4211707327,1.000488,6376840,26
1,2001610591,0.906789,6379383,30
1,888991633,1.012616,6379964,2
1,2440424321,0.997066,6381252,12
1,2042662711,0.932277,6384141,35
1,153053617,1.014061,6384989,6
1,2351724029,1.073018,6387124,21
1,2012635109,1.104412,6389644,29
1,2443701457,0.957597,6391113,12
1,1108619873,0.953509,6391833,4
1,2736634469,1.128899,6394311,29
1,1881511979,0.980274,6395388,9
1,1687089983,1.031250,6395905,1
1,3041390071,0.995105,6396427,1
1,3548662723,0.965215,6397081,3
1,1563363917,0.904632,6398085,8
1,707138507,0.886090,6399427,13
1,2744050853,0.895409,6401825,28
1,4063147103,0.868840,6403386,16
1,354260507,0.932277,6404245,6
1,1854878609,1.044891,6406704,29
1,21345287,0.995105,6407886,11
1,1420662697,0.938541,6409170,12
1,589187,0.942176,6409577,1
1,1910837833,0.946829,6417014,100
1,1859890519,0.952484,6418855,20
1,1891896121,1.012133,6419567,4
1,3298416829,0.942176,6420088,1
1,670821719,1.063419,6425214,67
1,1519498769,1.105296,6430327,67
1,372015487,0.985738,6431736,14
1,4072299863,1.031250,6432903,10
1,4141295923,1.027455,6435181,22
1,4280521649,0.868840,6435788,2
1,3229535489,0.872205,6438355,16
1,1503320477,1.024123,6440206,17
1,2024643443,1.098205,6441629,14
1,3704965687,0.984747,6442846,11
1,3674130751,0.889391,6444918,23
1,3379163903,1.007782,6445927,8
1,1093390601,1.004385,6446573,3
1,2489713157,0.895954,6447417,6
1,3169847209,1.006328,6448898,15
1,2347961089,1.018386,6450524,17
1,434185669,0.904632,6452230,18
1,1461578863,0.952997,6454001,19
1,3154361579,1.071652,6460860,92
1,1724668859,0.829745,6461942,9
1,842360683,0.942176,6465188,40
1,3538073941,0.904092,6467727,30
1,303234787,0.821465,6468304,2
1,2733507653,1.054659,6469225,7
1,563972923,0.907327,6469734,1
1,3354295657,1.117160,6470463,4
1,1543898777,0.973777,6474944,58
1,1441571507,0.973777,6476925,22
1,2208058003,0.991172,6479602,32
1,3270845423,0.888841,6483677,52
1,3789333563,1.034559,6484405,4
1,2087975927,0.947859,6486603,25
1,383277439,0.882225,6487533,7
1,2779523909,0.910550,6491248,42
1,3995189689,0.927551,6492965,18
1,2632034567,0.957597,6494147,8
1,408061139,1.043488,6495287,10
1,739884029,1.148198,6496289,8
1,2826104647,0.991172,6496804,1
1,4129723987,1.000488,6501508,61
1,412630523,1.090621,6503211,18
1,1939083301,0.978779,6504409,11
1,2869926379,0.997066,6509753,70
1,1269910199,0.927551,6511741,22
1,3894107641,1.090621,6513516,19
1,2001476921,0.988706,6516065,30
1,838135213,0.970261,6517559,15
1,1579857137,1.025552,6518076,1
1,2642304299,0.970261,6521108,37
1,843575143,0.910550,6521831,4
1,3102469873,0.960652,6522489,3
1,3727972667,0.991172,6526852,56
1,3776000521,1.106621,6527778,7
1,835793549,0.962683,6528770,8
1,2519381723,0.981270,6531172,28
1,2481686983,1.070284,6534405,40
1,2276234267,0.900304,6536626,21
1,3540395483,1.115411,6537861,11
1,1744784557,1.097761,6540481,16
1,449337391,0.922801,6541368,4
1,1283793439,1.040677,6542649,12
1,1168630579,0.935414,6543510,6
1,3168582089,1.000976,6545073,16
1,3970462039,0.960652,6546779,18
1,1861708313,0.969254,6547503,4
1,3143196449,1.044423,6548849,13
1,549780643,0.982762,6550955,24
1,2190481693,0.869402,6551947,8
1,1714742573,0.920682,6552465,1
1,1383475603,0.914830,6553044,2
1,3586070387,0.928078,6555385,27
1,1713930409,0.924387,6559528,53
1,3180242047,0.913227,6561236,18
1,3455756977,0.949404,6565593,56
1,2721285631,0.953509,6566595,8
1,3497519813,1.012133,6567463,6
1,1958060129,0.821465,6568178,4
1,321516907,0.902471,6568755,2
1,2709596497,0.811297,6571844,38
1,527097229,1.136229,6572703,6
1,685824913,0.950945,6573481,5
1,2946629221,1.073928,6575471,22
1,1750895191,0.988706,6577441,22
1,654470177,1.020780,6578007,2
1,2842965061,1.035503,6578930,7
1,1770413573,1.015985,6581126,25
1,367072817,0.975280,6581904,5
1,933462487,0.985738,6582832,7
1,2104267717,1.025552,6584256,14
1,3501089869,0.963190,6587765,44
1,1044419671,0.864897,6590020,26
1,1900817027,0.940620,6590849,2
1,313634899,0.928604,6591431,2
1,2365915547,0.897588,6594528,38
1,4281692677,0.920152,6596257,16
1,3554416441,0.970764,6597202,7
1,3905103253,1.063419,6598822,17
1,2293302491,0.919090,6600231,14
1,3029699111,0.940101,6600741,1
1,109350179,1.140518,6603409,32
1,2731067531,0.928078,6604131,4
1,3188624357,0.961160,6606461,27
1,1083876691,0.919621,6607458,8
1,3366042661,1.000488,6608320,6
1,4117889813,1.007782,6611067,33
1,376435841,1.036916,6611571,1
1,52632023,0.962175,6612763,11
1,2112432859,0.941657,6617959,68
1,2801566189,0.919090,6620923,36
1,1297626773,0.941139,6622068,10
1,17185849,0.852386,6622980,7
1,3300836251,0.988706,6627168,53
1,1311644111,1.025552,6627751,2
1,2221402753,0.961160,6630298,30
1,2985444437,1.047691,6630876,2
1,77862223,1.024123,6633549,32
1,2047770223,1.046758,6634717,10
1,516989303,0.889939,6635857,10
1,1095555863,1.012616,6638300,24
1,294389861,0.923859,6639377,9
1,92390761,0.991172,6640844,15
1,646132979,0.929129,6644538,32
1,3391771219,0.958616,6645618,5
1,3286505933,1.031250,6648797,39
1,3192451363,0.980274,6650771,22
1,3757809547,1.062040,6658927,110
1,3138515183,1.061581,6660085,10
1,3692141741,0.897044,6663445,42
1,1966317109,0.977281,6664446,8
1,6143141,0.902471,6667228,34
1,1995252607,0.993141,6670195,36
1,2645918117,0.884436,6672029,20
1,4139306783,0.936979,6674799,33
1,3955930711,0.899761,6677925,38
1,1137244013,0.903011,6680886,36
1,384317387,0.964709,6681465,2
1,530022433,0.903552,6682527,9
1,2083198631,0.858664,6683255,4
1,151878653,1.031250,6689374,81
1,4074135431,0.970764,6693445,52
1,3519958789,0.906789,6695403,16
1,2740707793,0.911622,6697745,27
1,883338979,0.900304,6698542,5
1,3538811957,0.934370,6703528,63
1,497959069,0.946313,6705093,16
1,2239187059,0.991172,6706934,20
1,442174849,0.962683,6709454,30
1,1161720941,0.935414,6712476,37
1,1348153879,0.944764,6713130,3
1,3701345287,1.039738,6713708,2
1,2658361,1.070284,6714387,4
1,1542766741,0.990679,6715878,15
1,2195997569,1.047691,6717768,21
1,3771830611,0.920152,6718912,10
1,2452840133,0.970764,6726566,103
1,769133231,1.033615,6727491,7
1,926729977,0.916963,6731791,55
1,3140542247,0.960652,6733562,19
1,979221853,1.036916,6735129,16
1,1758841171,0.950432,6735850,4
1,2274186283,1.115848,6742958,91
1,425840689,0.983258,6745890,21
1,1158770839,1.033615,6747893,20
1,2427030937,0.910550,6750077,25
1,3133856587,0.920152,6750873,5
1,3092268317,1.055121,6751934,9
1,629977961,0.994123,6752864,7
1,1027900829,0.983258,6755406,30
1,1609369693,0.862636,6756065,3
1,1665340669,0.915364,6756854,5
1,2005263497,0.998534,6758344,15
1,1093112543,1.077559,6759140,5
1,252702209,0.908940,6759779,3
1,1257328817,1.012133,6760495,4
1,4272832673,0.979277,6762467,22
1,513665539,1.055584,6766882,57
1,3365457187,0.977281,6767390,1
1,3332223229,1.043488,6769107,18
1,1782025009,0.975280,6769614,1
1,4250399969,1.057894,6771184,16
1,1350269189,1.002925,6771973,5
1,583328503,1.029829,6773739,19
1,3436129513,1.027455,6774886,10
1,777777577,1.040677,6776105,11
1,715319551,0.893225,6777043,7
1,3818935763,0.970261,6778326,12
1,1255702003,1.086584,6779130,5
1,2331655133,0.957597,6781532,28
1,3581481359,0.907327,6782187,3
1,2647025191,0.954021,6782699,1
1,1015456201,0.952484,6788616,78
1,3249903551,0.956066,6790812,25
1,2228344423,1.069371,6791462,3
1,2917599791,0.931753,6794707,40
1,91313557,0.910550,6795585,3
1,1994777689,0.961160,6797164,16
1,1036429357,0.893772,6797673,1
1,4051533587,0.956066,6799460,19
1,4186934629,0.946313,6801417,19
1,2014854341,1.025552,6802214,5
1,1728029509,1.020780,6803085,6
1,1484457907,0.862636,6803667,2
1,3248807669,1.022214,6804885,11
1,1467512701,0.902471,6805544,3
1,2895566533,0.935414,6807531,22
1,2324881861,1.005357,6809226,18
1,553948891,1.005842,6812233,37
1,728488441,1.109265,6814849,31
1,2810654317,0.932277,6815781,7
1,1775158001,1.005357,6817406,17
1,4252186937,0.920152,6818147,4
1,1531651697,1.073928,6819635,15
1,3534461419,0.942176,6821342,18
1,2322903899,0.975280,6823534,25
1,2006326681,0.928078,6826077,30
1,918021193,0.994614,6826795,4
1,2713353887,0.988706,6828567,19
1,535293349,1.104412,6830132,16
1,455771431,0.914830,6831331,11
1,1939815439,0.911086,6832196,6
1,3965462791,0.994123,6832705,1
1,3579256843,1.012616,6836843,53
1,2080172387,0.965215,6838488,17
1,1947937709,1.036916,6839000,1
1,391929547,0.962175,6841885,35
1,851035333,0.899761,6843828,17
1,118673417,0.835609,6844751,7
1,3918003017,0.989199,6853521,101
1,3647198069,1.040677,6854712,8
1,3860299693,0.882778,6857479,33
1,223333399,0.950945,6858276,5
1,155481103,1.016466,6859955,18
1,625999373,1.006813,6860752,5
1,334198367,1.151595,6865955,68
1,301529551,0.955044,6866615,3
1,3115576283,0.984747,6869445,34
1,1744273799,0.974780,6870378,7
1,4228298567,0.978779,6871526,10
1,3109792601,0.979277,6874355,34
1,256103219,1.149049,6875834,15
1,824599733,0.970764,6876755,7
1,4085269861,1.054659,6877336,2
1,1913015113,1.087482,6880011,32
1,1129848253,0.947859,6880945,7
1,2236840703,1.048157,6890219,126
1,1620396623,0.888841,6891561,13
1,4169612869,0.960652,6893609,23
1,778182347,0.829745,6894884,12
1,1432664689,1.113220,6895672,5
1,619836403,1.035503,6896751,9
1,994201079,1.031250,6897966,11
1,78297403,1.042083,6901012,26
1,1748552831,0.900304,6902376,13
1,3503521841,0.981270,6903365,8
1,1757594029,1.061581,6904496,10
1,3727532491,0.972272,6906225,16
1,1366475983,1.036916,6907181,7
1,1851721381,0.910550,6907693,1
1,3620678233,0.886090,6908908,11
1,1602312893,0.934370,6916479,102
1,3064522397,1.023646,6918329,20
1,3771849749,1.010685,6919741,14
1,2850417121,1.042083,6921237,15
1,3237680291,0.970764,6923922,32
1,1093542001,1.007782,6924629,4
1,1813639687,0.986233,6925145,1
1,1097007553,1.093303,6925712,2
1,240393019,0.986728,6927605,21
1,4081827773,1.025552,6928626,8
1,623514791,0.893772,6929199,2
1,3093961991,0.867152,6929776,2
1,435386867,0.983258,6931277,15
1,2020419053,0.944247,6932349,9
1,1417088623,0.935414,6933210,6
1,2794950617,0.931753,6936170,36
1,3105132997,0.993141,6937100,7
1,1662737801,0.993141,6938870,19
1,38691803,0.871645,6940071,11
1,4255576343,0.889939,6942827,33
1,2082359449,0.994123,6944030,11
1,240523711,0.919090,6944961,7
1,2933831531,0.923859,6945712,1
1,2259448661,0.919621,6946381,3
1,1338128329,0.811899,6947955,16
1,2082805199,0.999023,6950005,9
1,1588629137,0.927551,6953282,38
1,2499929189,1.031250,6953928,3
1,4059428017,0.969254,6955217,12
1,934573883,0.994123,6958183,36
1,2685636923,0.977780,6959389,11
1,3642572203,0.944764,6960955,16
1,3163885843,0.978779,6963989,37
1,1833549547,0.932277,6964509,1
1,1586409589,0.945797,6967038,30
1,1019909591,0.975280,6969168,24
1,997463407,0.882225,6970104,7
1,2055617639,0.919621,6973540,43
1,464829331,0.916963,6974328,5
1,2142862243,1.000488,6976181,20
1,2746797407,1.020302,6976698,1
1,2037754721,0.872205,6977906,11
1,301167319,1.006813,6978974,9
1,851244619,1.027930,6979699,4
1,2993307523,0.995105,6982880,39
1,1968542887,1.055584,6985164,26
1,2455755233,0.914830,6989692,58
1,3450927511,0.961160,6990209,1
1,2207541337,0.977281,6996230,80
1,3029106253,0.980274,6999187,36
1,2777639467,1.014061,7002521,35
1,4087967711,0.901929,7004338,19
1,3356248109,1.031250,7005325,8
1,1953903389,1.025552,7006200,5
1,3146069617,0.938541,7008813,31
1,2969842927,0.904092,7009740,7
1,3782686519,0.957597,7010612,6
1,4253950661,1.007782,7018324,104
1,483583127,0.904092,7019458,10
1,2752304497,1.048157,7022969,44
1,4110579359,0.899761,7025024,23
1,2261715301,0.900304,7027153,24
1,469501693,1.020780,7028011,6
1,2690920853,0.962175,7029636,17
1,2529544777,0.944764,7032037,28
1,1466063513,1.012616,7033041,8
1,1604668691,1.064337,7036979,50
1,900380279,0.935414,7038066,9
1,2588009327,0.975280,7038649,2
1,968483909,0.985243,7039505,6
1,1894737809,1.037387,7041568,23
1,41378741,0.952484,7042276,4
1,4040995001,0.980274,7042784,1
1,4225461619,1.002438,7044283,15
1,221171857,1.007782,7048560,51
1,4086985841,0.952997,7049302,4
1,4230334327,0.839108,7051869,18
1,3179528867,0.975280,7054106,19
1,4207093907,0.981270,7054868,4
1,2227642189,1.019344,7055935,9
1,1014664487,0.994614,7057566,17
1,2185514041,0.970764,7058482,7
1,854241127,0.942176,7061167,32
1,1219927861,0.973777,7062870,18
1,1572363341,0.931753,7066036,39
1,3624004283,1.006328,7068447,28
1,2581962983,1.111464,7069656,11
1,3339206029,1.082983,7071082,14
1,3577891433,1.033615,7072148,9
1,3808153477,0.969254,7073223,9
1,1362436567,0.965215,7081017,105
1,309398263,0.897588,7083067,23
1,2493225521,1.058356,7086307,40
1,3123576581,1.039738,7088494,25
1,2820024203,0.932277,7089428,7
1,2783269103,0.899761,7091402,22
1,3252308833,1.048157,7094841,43
1,3215255053,0.982762,7097382,30
1,668434861,0.999023,7097893,1
1,2892771823,0.885539,7099669,19
1,3549032537,0.889391,7106099,81
1,1008638201,1.105738,7106760,3
1,934257007,1.006328,7108049,12
1,2537516263,0.867152,7108856,5
1,1614198367,1.028405,7110871,20
1,1319002277,0.981270,7112662,19
1,527832301,0.920152,7119040,85
1,953657233,1.154560,7121807,33
1,1645890221,0.994614,7124711,35
1,1734188359,0.922801,7125790,9
1,2412967211,0.847791,7127012,11
1,1334008631,1.082983,7127807,5
1,3164375813,0.893772,7129363,16
1,896595209,0.946313,7130569,11
1,121969051,1.012133,7131842,10
1,3322542911,0.904092,7133434,16
1,4064961203,0.922801,7134293,6
1,3516301237,0.910550,7135229,7
1,4032482063,0.952997,7135951,4
1,653557447,0.981270,7141193,68
1,245141557,0.919090,7141760,2
1,2851140547,0.888841,7144182,28
1,1225107833,0.910550,7145181,8
1,1105968109,0.920152,7145699,1
1,3154694173,0.848942,7146551,6
1,3010193513,0.997556,7147421,6
1,530196059,1.046758,7148694,12
1,171409873,0.936979,7149328,3
1,911547103,0.955044,7150486,6
1,1986998173,0.956066,7151460,7
1,2312788187,0.993632,7152188,4
1,299001823,1.122828,7153255,9
1,3715366819,1.082983,7156102,18
1,572289149,1.079370,7158049,19
1,2909479523,0.938541,7159206,10
1,3718885039,0.953509,7161474,26
1,16072549,0.950432,7162173,4
1,669618017,0.948889,7163393,11
1,783169529,0.821465,7164953,16
1,2499093407,0.846639,7165962,8
1,1307706143,0.910550,7166618,3
1,4002821521,0.950945,7167824,11
1,1314083501,0.993141,7170431,31
1,550047523,0.919621,7173435,37
1,431640481,0.791804,7178818,71
1,2971862879,0.940101,7181975,39
1,2557486369,1.039268,7183868,21
1,3468995633,0.829745,7184375,1
1,205356077,0.914830,7186085,18
1,357878861,0.994614,7187213,10
1,2932040149,1.022214,7187726,1
1,854097001,0.980274,7189780,23
1,1534986451,0.975280,7190436,3
1,258532279,0.965215,7192556,24
1,1310656643,1.033615,7193214,3
1,325430143,1.027455,7194353,10
1,892742203,0.940101,7196880,30
1,259866251,0.907327,7199292,28
1,3443435903,0.987223,7200857,16
1,2469936199,1.050483,7204862,51
1,2504821027,0.846062,7205438,2
1,3916816399,0.977281,7207741,23
1,389939281,0.885539,7210154,28
1,633758621,0.975280,7213774,43
1,1611832423,1.076198,7214647,6
1,2358030139,0.908940,7216777,24
1,289020841,0.965215,7217625,6
1,1702591151,1.050483,7218355,4
1,3035791247,0.979277,7220065,18
1,1136592451,0.962683,7222251,25
1,4116849007,0.911086,7225153,35
1,3353874607,0.942176,7226715,16
1,3724819871,0.983258,7227368,3
1,812413817,0.934370,7228781,14
1,961581683,0.985738,7230049,12
1,992709199,0.938021,7231262,11
1,2654226493,1.005357,7233656,28
1,2107601567,1.007782,7235824,24
1,983490709,0.955044,7236820,8
1,2810285813,0.982762,7238809,22
1,3641524903,1.031250,7239666,6
1,4271740211,1.002438,7241318,17
1,2276864167,0.962175,7242671,13
1,1209389171,0.895954,7244852,25
1,3819106327,0.988706,7246407,16
1,1913217253,1.014061,7247126,4
1,84559681,0.868840,7247755,3
1,2727418697,1.018386,7250166,28
1,744971933,0.973777,7251721,16
1,753471109,1.106621,7252691,3
1,1485991747,0.895409,7254339,17
1,1670438537,0.969758,7260916,74
1,2909102089,0.964709,7261663,2
1,1919500601,0.925443,7262246,2
1,3931064201,0.860369,7267222,65
1,864476803,0.919621,7268705,15
1,485225479,0.796109,7269631,7
1,3461530661,1.111464,7270556,7
1,1266336661,1.082983,7272953,28
1,1557167929,0.964709,7273474,1
1,3648216991,0.867715,7275894,28
1,1377361907,1.052341,7276548,3
1,2292533423,0.970764,7277890,13
1,2814061997,0.940620,7280166,26
1,3039066157,0.914830,7284788,60
1,4210093609,1.080726,7285859,9
1,2028567067,0.945280,7286870,8
1,3012120169,1.046758,7289953,38
1,860097193,1.078012,7290665,4
1,3548643887,1.063419,7293764,38
1,3970240237,0.903011,7296403,31
1,2532785683,0.887192,7297135,4
1,2092828337,0.804043,7298209,9
1,138661759,1.046758,7299760,16
1,1904340793,1.055584,7301326,16
1,4161695963,0.944764,7303935,31
1,1309562393,0.993141,7305351,14
1,1693108229,0.969254,7306969,17
1,4127540917,1.000488,7307487,1
1,3818272921,1.033615,7308566,6
1,2593101569,0.985738,7309146,1
1,226705561,1.039738,7309708,2
1,4116199427,1.083884,7311328,17
1,1954859371,1.044891,7315139,46
1,2466923651,1.004871,7317888,33
1,2705900111,0.923859,7318818,7
1,3141181583,0.953509,7320950,24
1,3056302531,0.963190,7322313,13
1,4095562789,0.988212,7323030,4
1,734250481,0.932277,7326150,38
1,2263299569,1.012133,7328409,26
1,1300132991,0.895954,7330121,18
1,4162013101,0.975280,7332034,21
1,3354220231,0.975280,7333888,20
1,3165712093,0.991172,7335588,18
1,4251243041,0.793652,7337003,14
1,564089599,0.998534,7338082,9
1,2191081163,0.946313,7339922,20
1,1455300887,0.935414,7343392,43
1,2332530311,0.940101,7347324,49
1,3344236237,0.900304,7347873,1
1,1108318229,1.012616,7350821,36
1,338238331,1.000488,7352665,20
1,2083863373,0.944764,7355750,33
1,3989866537,1.061120,7360119,39
1,3941030909,1.005357,7360991,1
1,1209903941,0.925443,7362984,21
1,3714402149,0.882778,7365246,26
1,1540291811,1.018386,7365837,2
1,3734807309,1.118907,7366348,1
1,1816925563,1.012133,7366927,2
1,2619899137,1.169685,7367925,8
1,1531339493,0.864897,7371167,40
1,3308296703,0.886641,7372237,9
1,1033718359,0.973777,7373733,15
1,591749591,1.031250,7374450,4
1,1398156967,0.882778,7375872,14
1,3254828267,0.993632,7378820,36
1,1631320759,0.921213,7379826,8
1,549477997,0.893772,7384464,60
1,3627699263,0.977281,7385554,9
1,2327961107,1.022214,7389097,44
1,3161837677,0.962175,7390517,14
1,294070477,1.027455,7392896,28
1,3288761533,1.035503,7393608,4
1,1289050859,0.970764,7397507,49
1,3287195959,0.988706,7398378,6
1,461103047,0.984747,7401555,39
1,2574612197,1.137946,7402974,14
1,2132454901,0.980274,7404821,20
1,3456885493,0.970764,7407113,26
1,3183214373,1.020780,7410578,43
1,3949900337,1.036445,7412826,19
1,218964751,0.946313,7417530,61
1,2185269829,0.968750,7418162,2
1,1085262721,0.928078,7419667,15
1,761045297,0.901929,7424651,65
1,1326772277,0.994614,7425521,6
1,1080883649,0.970261,7426514,8
1,1415095261,0.922801,7428492,22
1,2400086287,0.919621,7430326,20
1,1251660401,0.946313,7432922,31
1,725163167,0.913227,7433920,8
1,3300990359,0.964709,7435333,14
1,1073234423,1.036916,7436963,17
1,570445937,0.970261,7440677,47
1,210982927,0.897044,7441879,11
1,1811473133,1.040677,7444485,31
1,2679905923,0.925971,7446044,16
1,1314064337,0.953509,7448523,29
1,1150783189,0.946313,7449451,7
1,3471944089,1.005357,7450937,15
1,2844061877,0.969758,7452567,17
1,310195807,0.938541,7453154,2
1,3443210917,0.908940,7454642,15
1,327980179,1.077106,7455907,12
1,4168099127,1.071652,7458171,22
1,675331369,1.027455,7459463,12
1,3179461423,0.927551,7459981,1
1,597844189,0.988706,7462041,11
1,687458491,0.991172,7462723,1
1,1645357327,0.989199,7463227,1
1,1210842137,1.040677,7464189,4
1,3335063239,0.963190,7465000,4
1,2580999139,1.010685,7465663,3
1,1852659559,0.980772,7466399,4
1,1217508997,0.955044,7470475,52
1,772163263,0.871645,7473789,41
1,757447423,1.015985,7478426,60
1,1653821623,0.940620,7479561,10
1,905737439,1.086584,7481060,15
1,1755399827,1.057433,7483736,32
1,3515649469,1.144365,7484534,5
1,915946393,0.900304,7486295,19
1,3393676771,0.914830,7488895,31
1,715916041,0.965215,7491004,24
1,1784786879,0.864897,7491593,2
1,1068252533,0.928078,7494552,36
1,2449135837,0.958616,7495077,1
1,480768817,1.076198,7497530,29
1,616270649,0.864897,7498886,13
1,766382497,1.024123,7500921,23
1,1740295189,0.919621,7501643,4
1,1509694237,1.015985,7502162,1
1,603196003,0.961160,7503363,11
1,3190855813,1.097316,7514069,147
1,3261697007,1.053732,7515613,11
1,2707561061,1.031723,7518098,29
1,2521937827,0.862070,7518611,1
1,3350686637,0.928078,7519201,2
1,1332528793,0.997556,7521276,21
1,295598071,1.037387,7521875,2
1,3886628483,1.047691,7522599,4
1,2492167393,0.964709,7523460,6
1,1969958227,0.942176,7524045,2
1,1179142123,0.938541,7524909,6
1,2653876717,0.897588,7526131,11
1,1758597773,0.965215,7527261,10
1,2853188719,0.950945,7528394,10
1,860544151,0.962175,7529742,13
1,3809828837,1.010685,7530823,9
1,736216423,1.031250,7532807,22
1,3560727587,0.855246,7535967,39
1,1599543623,1.039738,7536974,8
1,1195044989,0.893772,7537713,4
1,3300222379,1.090621,7539137,14
1,111733529,0.877786,7543188,52
1,1241491661,0.877229,7544818,17
1,3279035791,1.033615,7547773,36
1,2794796843,0.962175,7548634,6
1,1504562399,0.952484,7550695,23
1,4039111183,0.998534,7556180,72
1,1611478697,0.868840,7557733,16
1,1115709739,1.063419,7558803,9
1,3393385187,0.961160,7561620,30
1,2646280411,0.867152,7562440,5
1,872993159,1.109265,7564089,5
1,4153057049,0.944764,7565703,12
1,2086186547,0.928078,7566454,3
1,3834456809,0.927551,7568803,27
1,3337092337,0.974780,7570998,25
1,2732503219,1.084785,7571651,3
1,3758875429,1.067086,7573635,22
1,4060002347,1.018386,7575544,21
1,873088109,0.993141,7576045,1
1,156907307,1.039268,7578094,23
1,84781483,1.120651,7579426,13
1,197918327,0.938541,7580157,4
1,1025465501,0.984747,7584175,51
1,4266844261,1.020780,7584903,4
1,2787936757,0.953509,7586547,17
1,201310321,0.960652,7587124,2
1,1529276087,0.965215,7587780,3
1,508680839,0.878342,7588356,2
1,4287855043,1.025076,7589295,7
1,2099319293,1.044423,7589806,1
1,1359549013,0.893225,7591417,17
1,3582522847,0.960652,7593611,25
1,3529736311,0.832682,7594614,8
1,4250278297,1.097761,7596865,26
1,3666201757,1.029829,7599127,26
1,3567049709,1.018386,7602776,46
1,3211159363,0.872205,7603502,4
1,1883013527,0.940101,7606814,41
1,4055817743,0.973777,7607614,5
1,3185393621,1.048157,7609195,16
1,1936771391,1.034559,7613897,61
1,3523093579,0.911622,7615522,17
1,2616246037,1.106621,7619937,52
1,890233073,0.806468,7622039,21
1,4180645529,0.997066,7622641,2
1,399792163,0.864897,7623214,2
1,2032907291,0.997556,7624083,6
1,2693279531,1.003899,7627717,46
1,2099359519,0.995105,7628453,4
1,854104913,1.025552,7630563,24
1,1983945443,1.007782,7632740,24
1,832800757,0.919090,7633567,5
1,545948279,0.914830,7636024,29
1,1247598629,0.836777,7637171,10
1,1023773521,0.854103,7640874,47
1,2065878323,0.931753,7642220,13
1,3731185621,1.076198,7643165,7
1,612461429,0.946313,7644722,16
1,164816221,0.973777,7645852,10
1,294131459,1.033615,7647670,20
1,677296049,0.965215,7650500,34
1,58551799,0.897588,7651356,6
1,3806619409,0.983258,7652147,5
1,3374273411,1.014061,7653353,11
1,2229815911,1.076198,7655738,28
1,841868971,0.969254,7658992,40
1,3386019509,0.931753,7663538,54
1,1229410991,1.013098,7669814,66
1,671436083,0.985738,7671486,15
1,2722343759,0.914830,7675001,44
1,1379202289,1.044423,7676556,16
1,4024363513,1.036916,7677783,11
1,3241574549,0.931753,7678356,2
1,991663747,0.924387,7680882,30
1,4162327483,0.988706,7681532,3
1,2953400167,1.032197,7685394,49
1,1495043581,1.037387,7686468,9
1,2672334923,0.950945,7688437,22
1,1220074651,0.988706,7689305,6
1,3908363891,0.860369,7690936,17
1,3797264173,0.958616,7691944,8
1,1795996649,1.061581,7692602,3
1,1367340113,0.988212,7693188,2
1,3244593971,0.980274,7696270,38
1,4165988111,0.940101,7697488,11
1,927921707,1.031250,7698002,1
1,4219483409,0.969758,7698853,6
1,2858520593,0.942176,7699775,7
1,3411683819,1.052341,7701680,21
1,3110306471,1.095534,7704207,28
1,1694391047,0.904092,7704722,1
1,2733499519,0.960652,7705380,3
1,1319437397,0.870524,7709303,50
1,1669103327,0.981270,7709965,3
1,604086727,0.975280,7710680,4
1,1511312723,1.089725,7711545,6
1,2645985557,1.012133,7712471,7
1,1780036943,0.826207,7713260,5
1,421417307,0.932277,7715713,29
1,2035815017,0.928078,7717539,20
1,2428176367,0.882225,7718129,2
1,175347013,0.970261,7718626,1
1,204397283,0.871645,7722629,46
1,910333183,0.852959,7724412,17
1,3970224179,0.910550,7726191,19
1,1580026243,0.888841,7728098,21
1,43063957,0.899761,7731241,39
1,2309146313,0.880563,7733486,26
1,2985715781,1.111464,7735473,22
1,2549028491,1.012616,7736197,4
1,1268332691,0.952484,7736921,4
1,459140153,0.962683,7738069,10
1,1184811281,0.983258,7742069,51
1,236810359,0.919090,7744181,24
1,2123257621,1.043020,7744971,5
1,632611891,0.952484,7746460,15
1,2607346373,0.885539,7747605,10
1,2174272669,0.877786,7748388,5
1,3414507529,1.003899,7749027,3
1,588902837,1.058356,7751699,32
1,2841742373,0.965215,7756274,59
1,1716620981,0.970764,7758599,27
1,4134022283,1.063419,7761420,34
1,1768358191,1.039268,7768937,85
1,181766743,1.006813,7770209,7
1,334112783,1.081629,7773495,39
1,1228474087,1.040677,7776581,38
1,4276169021,0.988706,7779749,39
1,2648405689,0.945797,7784591,62
1,3504337457,0.984747,7788127,44
1,2089382417,0.993632,7789188,9
1,3679095031,0.964709,7791450,26
1,1739234449,1.027455,7793562,24
1,351518879,0.885539,7795119,16
1,1659233707,1.058356,7795774,3
1,2422769693,1.000488,7796622,6
1,2031024733,0.928078,7797488,6
1,1039039247,0.910550,7798153,3
1,3642149663,0.895409,7799369,11
1,3306833423,1.046758,7808947,131
1,4013203639,0.945280,7811154,25
1,3923551381,0.924387,7812638,15
1,205468897,0.889939,7813557,7
1,3538625627,1.020302,7814348,5
1,4221101281,0.954533,7815209,6
1,3545839757,1.023646,7815718,1
1,3468293407,0.872205,7816942,11
1,622352879,1.050483,7825560,108
1,2046717437,0.952484,7827810,23
1,285095359,0.988706,7829257,14
1,3560774977,1.042083,7830041,5
1,3427391353,0.919621,7832107,23
1,1598954477,0.877786,7834800,32
1,2061903901,0.946313,7836979,25
1,2817983017,1.036916,7841043,52
1,808096799,0.935414,7841831,5
1,2152037689,0.957597,7842754,7
1,898263811,0.990186,7843545,5
1,3330788051,1.007782,7844266,4
1,2189518301,0.957597,7846304,23
1,2180400479,0.984747,7846956,3
1,2757588103,0.977281,7847614,3
1,1468984117,1.020302,7850237,31
1,558904331,0.979277,7854099,49
1,2686197317,1.025552,7855365,12
1,1417611301,0.970764,7856011,3
1,3000605513,0.970261,7857913,21
1,2327238799,1.055584,7858427,1
1,4041537869,0.962683,7859847,14
1,1795487717,1.068458,7860502,3
1,783807499,0.982762,7862476,22
1,1237636331,0.911622,7863963,15
1,1778354353,0.977281,7864759,5
1,676322077,0.893772,7866741,22
1,3303247637,0.829745,7868096,8
1,1008087137,0.880563,7870274,25
1,812170013,0.954533,7872388,24
1,2982565477,0.807073,7873392,8
1,1129993957,1.012616,7877558,32
1,2518827721,1.036916,7879450,20
1,1705491103,0.981270,7880527,9
1,2444997853,0.980274,7881258,4
1,2591395759,0.921213,7882063,5
1,1513738879,0.868840,7887248,68
1,3627292511,0.827978,7889368,24
1,891435301,1.012616,7891129,19
1,1482412567,0.941657,7892406,12
1,4063347719,1.035503,7895863,43
1,3627504241,0.983258,7896371,1
1,4017556937,0.911622,7898577,25
1,1561251631,0.912693,7903093,58
1,4010703881,0.862070,7904171,9
1,3943696993,0.960652,7904740,2
1,3549991927,0.978779,7905751,8
1,2472721061,1.013098,7906408,3
1,2979104341,1.156250,7910324,50
1,2133943741,0.969254,7911960,17
1,2100985597,0.852386,7914660,32
1,144679903,0.902471,7919230,59
1,3084279733,0.891584,7921284,23
1,1564810019,0.940620,7922628,13
1,3625393627,0.897588,7925258,31
1,3739091599,0.862070,7929521,50
1,390241699,1.090621,7931090,16
1,3289018153,1.020302,7934502,40
1,2306084941,1.076652,7935298,5
1,3117536363,0.928078,7936578,12
1,1626549959,0.965215,7938552,22
1,1724841863,0.928078,7939283,4
1,2879001781,1.036445,7941414,24
1,3134031871,0.977281,7943829,28
1,623299463,0.920682,7945032,11
1,1299660617,0.950432,7946675,17
1,3673386863,0.997556,7948828,24
1,4169053367,0.969254,7949905,9
1,2464414913,0.957597,7951890,22
1,187824589,0.919621,7954345,29
1,529109773,0.928078,7958341,51
1,3808643737,0.899761,7959063,4
1,2700437269,1.021258,7960281,11
1,3483339947,0.867715,7961704,14
1,235446983,1.036916,7962616,7
1,2520834961,0.954533,7964857,26
1,3352167751,0.877786,7967677,34
1,157360711,0.928078,7968942,12
1,776017129,1.083884,7969702,1
1,1723331219,0.984251,7972132,28
1,2052958009,1.020302,7974653,15
1,3349000133,1.012133,7978499,43
1,2574794983,0.833854,7979863,13
1,1433646439,1.012133,7983449,45
1,4092183811,1.025076,7985017,16
1,4219948619,1.061581,7986733,18
1,2882303729,1.014061,7988015,12
1,819718721,0.976281,7989287,12
1,1731226957,0.919090,7991405,24
1,3379338007,0.936979,7996190,62
1,2992329569,0.913227,7996979,5
1,3001939547,0.969254,8001082,52
1,3455178757,0.941657,8005097,51
1,1703304107,0.960652,8007649,30
1,92923711,0.993141,8010107,29
1,3486908273,0.904092,8012583,29
1,4069125499,0.961160,8013110,1
1,971220043,1.021736,8014111,8
1,1791681467,1.008751,8016180,23
1,2880475783,0.944764,8017037,6
1,2859691993,1.054196,8019661,31
1,1965904427,1.014061,8020938,12
1,4254901159,0.919621,8021813,6
1,142382483,1.153290,8023852,23
1,17705881,1.091516,8025938,24
1,1245582179,0.942176,8027944,18
1,217604857,1.086584,8029216,12
1,673300339,0.840271,8031266,23
1,284265419,1.039738,8032429,8
1,788358539,0.901929,8034016,16
1,3145149101,0.946313,8034950,7
1,4168571999,1.005357,8036590,17
1,2581115479,1.044891,8037591,8
1,4239267709,1.000488,8039015,14
1,418398191,0.955044,8041908,35
1,2816449369,1.007782,8042855,7
1,3271101919,0.932277,8048676,77
1,916249079,1.018386,8053122,57
1,2653866151,0.938541,8054958,20
1,2518928507,0.862070,8055548,2
1,2667748649,0.876673,8056266,4
1,3045778187,0.895409,8058107,20
1,1862298413,1.025552,8063297,68
1,845893781,1.079370,8064643,13
1,4173876337,1.055584,8065707,9
1,3794705107,1.090173,8068113,28
1,915040409,1.076198,8069664,16
1,2020604713,0.961160,8071100,14
1,4083160379,0.982762,8073188,19
1,2851359983,0.970764,8076303,24
1,1346233507,0.830333,8076987,1
1,873288701,0.979277,8077499,1
1,159438049,1.027455,8078409,7
1,3039589073,1.100870,8078917,1
1,1354577377,0.969758,8080129,11
1,1045491079,1.004871,8083434,41
1,1915979693,0.955044,8085286,20
1,4047633323,0.882778,8086848,16
1,256911857,1.029354,8087345,1
1,1602243899,0.957597,8088692,13
1,2727868159,1.058356,8090477,19
1,3161417969,0.997556,8091336,6
1,1014520943,0.938541,8093449,24
1,3399636743,0.920682,8100172,90
1,567838517,0.984251,8100675,1
1,808161329,0.980772,8103686,37
1,507263291,0.965215,8104618,7
1,2040020761,1.163407,8105135,1
1,1618547009,0.994123,8105635,1
1,2357946779,0.964709,8107189,16
1,747938701,1.033615,8107973,5
1,365619563,0.978779,8108903,7
1,35973653,0.895409,8110886,22
1,2214224377,0.961160,8113908,37
1,2667542197,1.025076,8120128,81
1,2576207401,1.057433,8122794,32
1,1998605513,0.878342,8123299,1
1,2666112377,0.934370,8124232,7
1,2319119513,0.948889,8125514,12
1,3703009369,0.964709,8126827,6
1,2832879713,0.946313,8130484,40
1,1356153979,1.062959,8131504,6
1,319732789,0.889391,8132180,3
1,1727198467,1.087033,8133835,17
1,535218029,0.928604,8135553,16
1,3637364623,0.978779,8137826,26
1,3399192413,0.929655,8138343,1
1,3845702387,0.934370,8139413,9
1,3235771621,0.970764,8141535,24
1,2919492581,0.973777,8146203,60
1,2971029161,0.970764,8149499,41
1,3797865887,0.895954,8153106,45
1,290762383,1.024123,8155996,35
1,4171501727,1.002438,8157068,9
1,2963948311,0.940101,8159529,29
1,2926768289,0.929655,8160333,5
1,2668771421,0.984747,8161892,16
1,1594712983,0.986233,8162895,8
1,496066607,1.048157,8164369,15
1,189514243,0.928604,8165491,10
1,494717831,0.997066,8166280,5
1,378228271,0.928078,8167413,10
1,3240004067,0.935414,8168966,16
1,1152433283,0.988706,8169688,4
1,4080955199,0.895954,8171551,20
1,982973587,0.994614,8174917,37
1,2275546081,0.913227,8176854,21
1,1345203463,1.061581,8182118,55
1,275711329,0.913227,8183274,8
1,2547583729,0.946313,8185253,22
1,1004801803,1.039738,8186391,10
1,1464095603,1.058356,8187464,9
1,1154096617,0.834439,8193654,82
1,1917685739,0.931753,8194380,4
1,136122521,0.895409,8195007,3
1,1924529947,1.012133,8198322,41
1,229689763,0.904632,8202129,48
1,2414426167,1.076198,8209636,101
1,2686013377,0.958616,8210280,3
1,1978402841,0.888841,8210785,1
1,2304802831,0.923330,8211563,5
1,1469177221,0.932277,8213062,15
1,1466441941,0.978280,8213637,2
1,4138178683,0.977281,8214503,6
1,3430369543,0.821465,8221013,87
1,1852221331,1.005357,8226344,70
1,3969468043,0.999023,8229164,29
1,3612818243,1.106621,8231584,28
1,2391280999,0.947859,8232230,3
1,3922690091,1.018386,8233507,12
1,1596167977,1.070284,8235541,20
1,2242742507,0.922801,8236071,1
1,1593468319,0.969254,8237427,13
1,1106950331,0.993141,8238361,7
1,3950684911,1.057433,8240768,28
1,2191105069,0.982762,8241484,4
1,676092869,0.886090,8243247,19
1,1439363833,0.964709,8244539,12
1,3301084427,0.997556,8246095,16
1,2622236273,0.946313,8247228,10
1,2625421067,0.960652,8250470,40
1,2161146371,1.068914,8250972,1
1,108287573,0.921213,8251552,2
1,1092472169,1.036916,8254927,42
1,832219021,1.053732,8257553,31
1,3945201773,1.010202,8258755,11
1,2541715459,0.977281,8259549,5
1,4136579773,0.934370,8261536,22
1,3235967857,1.027455,8262182,3
1,3646958479,0.962683,8262761,2
1,545581891,0.920152,8263339,2
1,2099052413,1.012616,8263865,1
1,3133228409,0.947859,8268347,58
1,3282104521,0.839689,8274654,84
1,867758033,0.922801,8275174,1
1,190131983,0.941657,8278277,34
1,2499424723,0.927551,8279022,4
1,2602103731,1.050483,8282452,28
1,3648430067,1.072107,8283266,1
1,2301415559,1.024123,8287410,53
1,817091243,0.931753,8291902,58
1,3553101103,1.012133,8294366,29
1,1728651011,0.998534,8295778,14
1,917299657,0.936979,8296979,11
1,1784240357,0.952484,8297905,7
1,3821887973,0.977281,8299121,11
1,3597260123,0.884436,8301865,33
1,2587781353,0.965215,8302376,1
1,2362951361,0.935414,8303023,3
1,1686917753,0.997066,8303674,3
1,648546973,1.035503,8304809,10
1,200883299,1.014061,8310961,82
1,2026176851,0.958616,8312524,16
1,3053511779,0.980274,8313314,5
1,4206338359,0.977780,8314327,8
1,2254900783,1.091068,8315464,10
1,2095999777,0.876115,8317325,20
1,1798268707,0.919621,8318329,8
1,3504748139,0.873324,8320790,29
1,3454897451,1.012133,8321941,10
1,2745815453,0.884436,8322462,1
1,1176121409,0.940101,8323867,14
1,3769018403,0.930180,8325352,15
1,1054799077,0.885539,8326156,5
1,3040449943,1.012616,8326741,2
1,3132744337,0.882778,8327537,5
1,43683457,1.024123,8329004,15
1,4289165897,0.970261,8331276,26
1,3954288497,0.962683,8331929,3
1,1770539467,1.058356,8334321,23
1,2093166193,1.046758,8339257,62
1,1077294461,0.993632,8339779,1
1,379108423,0.984747,8341266,15
1,3831253343,1.083884,8342892,17
1,3865256407,1.035503,8344309,14
1,522497351,1.005357,8345309,7
1,2534406769,0.977281,8345858,1
1,2655802841,0.938541,8346856,8
1,2984487449,1.106621,8348216,13
1,2457754357,1.003899,8349168,7
1,1683223603,1.073928,8350520,13
1,4147257973,1.050483,8352160,17
1,38575013,0.965215,8352930,5
1,2064578809,1.025076,8354159,11
1,3098658881,0.988706,8354732,2
1,1882198823,0.984747,8355805,9
1,602725451,0.944764,8357577,19
1,2908415501,1.015985,8358299,4
1,1064453641,1.073928,8359088,5
1,119104679,0.945280,8359656,2
1,2995040413,0.911622,8365181,73
1,411046697,1.010685,8367842,32
1,2122876771,1.093303,8370033,25
1,1767459139,0.936979,8371957,21
1,3241153301,1.031250,8372671,4
1,11450983,1.086584,8374846,25
1,4112014873,0.862636,8375846,8
1,2307029321,1.024123,8377688,20
1,3834128029,0.900304,8378614,7
1,2360909699,0.904092,8380968,24
1,1128655091,1.058356,8383050,10
1,3152414429,0.857526,8383936,2
1,3193226819,0.975280,8385404,13
1,2704018103,0.876115,8388222,34
1,3849071461,1.005357,8389847,17
1,1373549873,1.095534,8390359,1
1,3608900021,1.072563,8398845,115
1,3764148097,0.954533,8399838,8
1,2303181511,0.987223,8402732,35
1,2364680887,0.868840,8406176,43
1,3313835821,1.035503,8408928,33
1,3630459997,0.997556,8410629,18
1,2824364341,1.004871,8411966,13
1,2929598437,0.970764,8414381,28
1,2881596733,0.931753,8416565,25
1,2414422711,0.889391,8417291,4
1,168023081,0.913227,8418694,14
1,2670673961,1.012133,8420397,18
1,2055742043,0.950945,8424459,52
1,3535810639,1.001951,8425318,6
1,2689566029,1.007782,8427787,29
1,501644827,1.008751,8428932,10
1,3231980783,1.014061,8431048,24
1,1014874897,1.110145,8432187,10
1,145689893,0.975280,8433111,7
1,1876010677,1.027455,8434627,11
1,2597003729,0.993141,8437183,30
1,3680861461,1.022214,8438548,13
1,3379574543,0.868840,8439960,11
1,3405626929,1.061581,8440643,3
1,1864749833,0.952484,8441847,11
1,1202720443,0.880563,8442358,1
1,2669092043,0.965215,8443012,3
1,1871119717,0.970764,8445268,26
1,891795659,0.938541,8452805,101
1,1523984081,0.982762,8454364,16
1,2478168949,0.806468,8454883,1
1,1412666819,0.984747,8455600,4
1,515702689,0.946313,8456886,12
1,3382715201,0.871645,8458707,20
1,3700581487,0.861503,8464113,71
1,2393490721,0.786855,8464688,2
1,3461197001,0.997066,8467019,27
1,4139409721,1.012616,8468094,9
1,730490791,0.885539,8469511,14
1,4011672439,1.045825,8473043,44
1,2787774697,0.872205,8475168,24
1,118046519,1.012616,8480061,64
1,120021571,0.876115,8486320,67
1,1328506679,1.047691,8488005,11
1,2598610997,0.872205,8489660,17
1,3620349739,0.931753,8490180,1
1,2588914607,0.877786,8490979,5
1,2119470503,0.950945,8491492,1
1,3817386869,1.020302,8493891,28
1,354637733,0.955044,8495097,11
1,788617673,0.961160,8496094,8
1,2311124713,1.014061,8496675,2
1,2748845173,0.944764,8497467,5
1,500193311,1.077559,8498388,7
1,2312344561,0.919621,8499114,4
1,2172784597,0.911086,8501708,31
1,1764896249,0.913227,8503263,16
1,970466213,1.032197,8505307,23
1,3651329137,0.961160,8505955,3
1,2938344037,1.090621,8509743,48
1,4086972283,0.954533,8511600,20
1,3621164531,0.970261,8512837,11
1,107379499,1.025076,8513825,8
1,430375727,0.938541,8514467,3
1,833145037,0.903552,8518247,48
1,3550134737,1.004871,8519883,17
1,7408207,1.006813,8521415,16
1,4054473473,0.984747,8522478,9
1,2804009641,1.002925,8523134,3
1,1858241467,0.965215,8524014,6
1,3461493443,1.020302,8525157,10
1,2253185089,1.106179,8526355,11
1,338188073,0.956066,8530431,52
1,2547892393,1.089725,8531862,14
1,2927955893,1.129764,8533144,12
1,2049895669,1.048157,8533662,1
1,2299499731,0.867152,8536149,29
1,485141243,1.032197,8538985,30
1,707187683,1.033615,8540766,19
1,310409383,1.001951,8542173,14
1,4035686437,1.033615,8543273,7
1,251426101,1.037387,8545194,21
1,281121223,1.012616,8547013,20
1,3936620327,0.970261,8547524,1
1,1791028961,0.895409,8548456,7
1,1489138361,0.952484,8548962,1
1,1767704531,0.944247,8549622,3
1,3451127189,0.931753,8552589,36
1,2033306669,0.995105,8553376,5
1,2074461443,1.033615,8554445,9
1,3051754219,0.952997,8556906,29
1,2092559741,0.957597,8558277,13
1,1827681343,0.946313,8558789,1
1,370088909,0.996576,8561459,32
1,3596352239,0.955044,8563244,19
1,1952386817,0.913227,8568534,69
1,3780976301,0.936979,8570241,18
1,1042529321,0.993141,8572556,27
1,725423659,0.973777,8573342,5
1,1107089579,0.970261,8576100,33
1,3401790059,0.988706,8577446,13
1,2751184301,0.994614,8579360,21
1,2812962871,0.913227,8579943,2
1,1634224381,0.936979,8585413,68
1,3792912029,1.047691,8588567,25
1,1424667547,0.867715,8590010,12
1,2124450413,0.957597,8593118,38
1,4251081169,0.969254,8596290,39
1,960681893,1.083884,8597563,12
1,3314718551,0.985738,8598494,7
1,668226217,1.098205,8599767,12
1,3108375707,0.935414,8600694,7
1,137843593,0.987223,8601330,3
1,3533910979,0.802219,8602405,9
1,1895470561,0.960652,8605978,45
1,1697469881,0.993141,8610471,58
1,2951336489,0.938541,8611332,6
1,3359956331,0.963190,8613445,24
1,2268261139,1.012616,8615773,27
1,2200980889,1.070284,8620536,62
1,3990193253,0.882778,8622168,17
1,1320148877,0.910550,8623247,9
1,1883378533,1.037387,8627114,49
1,1688362931,1.025076,8627767,3
1,3520352557,0.969254,8632460,60
1,199113463,0.882225,8636363,49
1,1888512293,0.872205,8637917,16
1,1686513887,0.993632,8638819,2
1,2871420677,0.973777,8639421,2
1,3247799539,0.868840,8644706,66
1,3229437907,0.973777,8646981,26
1,57725119,0.919090,8649378,28
1,3707039747,0.928078,8652332,36
1,3266044009,1.020302,8656326,51
1,1558858349,1.070284,8661375,66
1,3961937773,0.969758,8662726,13
1,4109879713,1.047691,8664493,19
1,999330481,0.910550,8665689,11
1,3586921319,1.012133,8666482,5
1,4173471209,0.908403,8667687,11
1,276665651,0.944764,8669111,14
1,476245387,1.067086,8669896,5
1,762667267,1.005357,8675091,68
1,2284445021,0.889391,8678532,43
1,267782057,1.012616,8680777,26
1,2539197893,1.007782,8682540,19
1,4170286709,0.969254,8687188,55
1,3863464127,0.955044,8690986,34
1,1041301831,0.859233,8693506,26
1,1645902967,0.940620,8695285,19
1,2234058293,0.955044,8696358,9
1,3485437727,1.061120,8699250,35
1,311590159,0.985738,8700458,11
1,1705305191,0.855246,8701601,10
1,3103513223,0.914830,8703028,14
1,325336757,0.854103,8703821,5
1,499271257,0.993632,8707341,44
1,3281221369,1.006813,8707855,1
1,595286639,1.018386,8708370,1
1,1881299549,1.012616,8712720,56
1,712122409,0.953509,8715730,37
1,1207491091,1.086584,8716731,8
1,971823053,0.977281,8717318,2
1,2049438527,0.940620,8718403,9
1,3537441059,0.907865,8720881,29
1,2040029,0.928078,8723183,27
1,3256960807,1.009235,8724736,16
1,2267041723,1.054659,8727417,32
1,3483631387,0.919090,8728845,14
1,1410238103,1.058356,8732211,42
1,2593113923,0.864897,8733211,8
1,188963633,0.977281,8735453,26
1,3393997183,0.919090,8737167,18
1,1813590143,1.086134,8738240,9
1,378163829,1.123697,8739527,12
1,950433529,1.113220,8740672,10
1,628636787,1.073018,8742865,21
1,877046519,0.869402,8743459,2
1,1330305859,0.942176,8745301,20
1,2561215379,0.932277,8745878,2
1,155685239,0.903011,8746992,7
1,1422291257,0.913227,8747931,7
1,2247360653,0.882225,8751178,40
1,739891843,0.913227,8753252,23
1,2753533379,0.973777,8754118,6
1,3790360181,0.936979,8764534,142
1,429230213,0.973777,8767335,34
1,393326377,1.018386,8768129,5
1,1809654239,1.000488,8769071,7
1,3723954673,0.977281,8769935,6
1,2077183793,0.928078,8772207,26
1,2370825931,0.910550,8773352,10
1,3500910449,0.914830,8778827,72
1,1956875923,1.040677,8780535,18
1,2971592149,0.901929,8784965,57
1,1248261977,1.004871,8789651,56
1,3701552731,0.895954,8792601,23
1,3543399077,0.927551,8796185,40
1,396555893,0.954533,8797691,15
1,290851961,1.073928,8802021,56
1,1958490769,1.031250,8802604,2
1,3000075413,0.817294,8804806,25
1,2635563299,0.946313,8805869,9
1,725148913,0.952997,8807087,11
1,1995986129,0.993141,8808641,16
1,453489287,1.073928,8809355,4
1,1368971327,1.014061,8809866,1
1,347603111,1.039738,8810569,4
1,3289858777,0.983258,8811423,6
1,397176847,0.773082,8814571,39
1,3006977509,0.908940,8815225,3
1,559481821,0.948889,8816286,9
1,3152570023,0.927551,8820212,50
1,1069356839,0.941657,8820729,1
1,962084951,1.055121,8823127,28
1,3476562283,1.034559,8823775,3
1,1057162919,0.904092,8824780,8
1,2248297951,0.962175,8827514,33
1,1485395029,0.973777,8830806,41
1,541059509,1.027455,8839031,111
1,1886747419,1.014061,8839762,4
1,1955843633,0.866589,8840417,3
1,4118768777,0.987223,8843268,31
1,2045888813,1.025552,8844863,14
1,1039743629,0.977281,8846363,15
1,371990701,1.062959,8851161,60
1,1014370417,1.040677,8852103,7
1,3767054197,0.970764,8854431,27
1,898329479,0.970764,8856890,29
1,780720593,1.025552,8858095,11
1,1999962563,0.895409,8859870,19
1,1866744749,0.899761,8861090,11
1,27207209,0.970764,8861717,3
1,2383032677,0.961160,8862639,7
1,4110777287,1.044891,8864423,19
1,1038506477,0.895954,8865086,3
1,3138611687,0.868840,8866724,17
1,3241482781,1.012616,8867805,9
1,3268544159,1.154560,8869843,23
1,163276571,0.946313,8871533,18
1,2255449003,0.910550,8873931,28
1,3606627121,0.970764,8876543,31
1,694587529,1.019344,8877737,11
1,510639439,0.983258,8882375,60
1,2125584623,1.047691,8883034,3
1,1176754507,0.952484,8886026,36
1,1276205809,0.956066,8889688,46
1,2257675951,0.889391,8891577,16
1,2244258763,0.993141,8893865,26
1,680365799,0.942176,8895733,6
1,1646471731,0.962683,8900163,54
1,821798371,0.965215,8900831,3
1,687546683,1.005357,8901966,10
1,728664367,0.997066,8904437,29
1,687990431,0.886641,8905779,13
1,2133982091,0.904632,8907627,20
1,15245309,0.917495,8908963,13
1,1510076903,0.938541,8910881,21
1,959248691,0.887192,8911601,4
1,949210729,0.937500,8912460,6
1,1757883151,1.027455,8913185,4
1,2591058781,0.958616,8915371,25
1,1948842127,0.991172,8916716,13
1,3583005913,0.961160,8918898,25
1,1477613381,0.889391,8919612,4
1,295116103,1.068458,8921513,21
1,2748225461,1.099538,8922795,12
1,3786683053,1.016466,8923791,8
1,4291824473,0.964709,8926550,33
1,3610188817,0.878342,8927685,10
1,3474579991,0.960652,8928275,2
1,553021649,1.084785,8930027,19
1,389775143,1.003899,8932928,35
1,2197722437,1.000488,8933724,5
1,2716109317,1.078012,8934504,5
1,3652721771,0.968750,8937242,33
1,1196921041,0.931753,8939780,30
1,926287861,0.975280,8941141,13
1,2581813127,0.946829,8942490,13
1,2142088381,0.923859,8943229,4
1,2656865597,0.938021,8943883,3
1,3351276769,0.904092,8945780,21
1,3706630223,0.938021,8946506,4
1,800847829,1.039268,8947613,5
1,1246630457,1.020302,8948767,10
1,4114657321,1.048157,8950323,16
1,1412450803,1.029829,8954676,53
1,4282290937,1.018386,8955629,7
1,2958547597,0.950432,8956491,6
1,139345267,0.895954,8960195,47
1,2062339913,0.920152,8960993,5
1,3895631813,0.962683,8965192,54
1,3282494671,0.969758,8965916,4
1,2508560713,1.076198,8966630,4
1,435559339,0.907865,8969533,35
1,4115194547,0.893772,8971868,27
1,1022051753,0.888292,8974463,31
1,1170701501,1.027930,8976941,29
1,739369889,1.116723,8978779,20
1,2886205351,0.938541,8980903,24
1,1556132131,0.962175,8982249,13
1,1058336093,0.953509,8983815,16
1,2585254849,1.020780,8984393,2
1,555014099,1.118471,8986165,19
1,1444921651,0.961160,8988697,30
1,4183976521,0.977281,8994885,78
1,591449069,0.785613,8998471,31
1,2656202611,1.012133,9000620,22
1,4199753969,0.878342,9001480,6
1,2169654463,1.031250,9001989,1
1,128866957,0.918559,9003323,13
1,4211055749,0.960652,9012942,131
1,3196483967,1.034559,9014452,15
1,2115161773,1.050483,9014965,1
1,344245511,0.987223,9018410,43
1,2663172271,1.007782,9019902,15
1,2804063501,0.942176,9021037,10
1,3030463757,0.965215,9023163,24
1,828030097,0.878342,9023808,3
1,3135457649,0.855246,9024385,2
1,522893563,1.039738,9025535,10
1,1394826541,1.071652,9026186,3
1,2304110903,0.996576,9026909,4
1,1922309027,0.796722,9028401,15
1,2088371177,0.914830,9030528,24
1,669970417,0.882225,9031609,9
1,1208206999,0.825615,9032184,2
1,4141504261,0.928078,9032907,4
1,2363127763,1.043488,9034331,14
1,1734005051,0.855246,9038058,47
1,2084053787,1.002438,9044378,84
1,1401631927,0.997066,9049436,62
1,409927087,1.000488,9052818,42
1,3846064753,0.997066,9053852,6
1,83556731,0.950432,9057922,52
1,3328967339,1.070284,9061490,45
1,111975593,0.935414,9063385,21
1,3169211729,1.000488,9064181,5
1,2283270419,0.913227,9069183,65
1,796110883,0.936979,9070038,6
1,3657409993,0.995105,9073306,40
1,2074691093,0.977281,9073817,1
1,1224464677,0.912693,9074748,7
1,3027371353,0.942176,9079179,57
1,2098566329,1.015985,9081020,20
1,705644311,0.946313,9081804,5
