agent_id,prime,g,timestamp_us,checked_since
1,2550588793,1.008267,17998500,1
1,2901553049,1.051413,18000615,20
1,2041980443,0.935936,18002171,16
1,4256041633,1.050019,18003104,7
1,3728790721,1.027930,18005913,34
1,2276490119,1.119780,18007198,12
1,2950530529,0.993632,18010168,36
1,1534745657,0.985243,18013192,37
1,274949197,0.997556,18017112,50
1,991605761,0.966732,18019296,25
1,4182913523,0.938541,18020929,17
1,3039902171,0.908940,18023356,28
1,1570434353,0.913227,18025835,29
1,2261798489,0.950432,18028368,30
1,4079821807,1.035503,18030216,20
1,3826217029,0.994614,18032328,24
1,2083924669,1.008267,18033963,17
1,2112501049,0.899761,18035658,18
1,4060034179,0.957087,18036730,9
1,3044325127,0.986233,18037873,10
1,1652355517,1.000488,18041046,39
1,2242104383,0.995105,18041915,6
1,128597429,0.967237,18046971,66
1,3200064061,1.083434,18049445,29
1,552615053,0.990186,18050016,2
1,2015114653,1.062040,18051918,21
1,2621561021,1.099538,18053201,12
1,1762402417,0.961668,18054897,18
1,3593793199,0.982762,18055840,7
1,1657377941,0.955044,18057112,12
1,77227697,0.911622,18058933,20
1,155508923,1.035031,18060968,23
1,1925703161,1.027930,18063240,26
1,2019874579,1.064795,18064168,7
1,3322195231,0.993632,18065317,10
1,2369048849,0.965215,18069053,47
1,1361123573,1.024600,18071095,23
1,2546057333,1.039268,18072514,14
1,4254596263,1.007782,18075641,38
1,1491044267,0.897588,18076712,9
1,3040989517,0.995105,18077570,6
1,127777171,0.980274,18079880,27
1,4184323411,0.973777,18081790,21
1,375520661,1.046292,18084961,39
1,3727703813,0.950945,18087984,33
1,4018879289,0.880563,18088677,1
1,1901943739,1.020780,18089300,2
1,1789921187,0.911622,18093159,49
1,1697508947,1.038798,18095141,22
1,728225429,1.020780,18098444,41
1,2731491043,1.069828,18099455,8
1,4056005029,1.010202,18100882,14
1,59257153,1.022214,18103317,29
1,1745761291,0.880563,18107744,57
1,2315175013,0.885539,18109447,18
1,3687855299,1.010685,18110938,15
1,3706832147,0.931753,18114244,41
1,1355926651,1.043020,18116228,22
1,2214114241,1.035503,18117149,7
1,408005293,1.026028,18118214,9
1,2600748341,0.977281,18122975,62
1,3852845791,0.973777,18124345,13
1,244308607,1.023646,18126533,25
1,4010252219,1.000488,18127124,2
1,1801452091,0.965215,18129882,33
1,3212757203,0.980274,18131035,10
1,2006775313,0.882778,18133014,22
1,4080582683,1.002438,18134428,14
1,2757501301,1.079822,18137307,35
1,1375781929,0.978779,18139554,26
1,4192613759,0.928078,18140847,12
1,2656856039,1.029829,18142841,22
1,3338376253,0.964709,18144558,18
1,2243007997,1.076198,18146475,21
1,2770231253,1.063419,18149247,33
1,155018009,0.993141,18151423,25
1,4166692703,1.076652,18153359,21
1,384463207,0.993632,18155216,20
1,3319530593,1.006328,18156692,15
1,1423869563,1.054659,18158118,14
1,1574849581,0.981270,18158632,1
1,2211558161,1.067086,18159554,7
1,385138181,0.966732,18160771,11
1,683103319,0.993141,18162123,13
1,1887850061,0.995105,18163334,11
1,599691307,0.989199,18164467,10
1,477898783,0.995105,18165528,9
1,1979816941,0.995105,18168073,30
1,2831936113,0.978779,18170754,32
1,1624252919,1.035031,18171261,1
1,3896631721,0.982762,18172748,15
1,2941790021,0.997556,18173885,10
1,2589270641,1.038798,18176969,38
1,3251687003,0.964709,18179447,29
1,3472602949,0.952484,18179965,1
1,1953061373,1.010685,18182444,29
1,3699927197,0.936979,18185041,31
1,1096996393,0.950945,18193191,105
1,1165536947,1.038798,18195838,31
1,2235713507,0.972774,18197947,24
1,590368829,0.895409,18198864,7
1,1311517979,1.024600,18201254,28
1,2185773241,0.921743,18208772,101
1,3826439269,0.908940,18210115,13
1,3005116087,1.070284,18210913,5
1,550063799,0.952484,18215818,64
1,1922309141,1.050483,18216882,9
1,1845458221,0.997556,18218108,11
1,3032972083,1.086584,18220591,29
1,3696365977,0.969254,18221382,5
1,2248304251,0.938541,18222382,8
1,792088601,1.043020,18223860,15
1,755072281,0.965215,18226090,24
1,2624894131,0.997556,18226753,3
1,3626772047,1.009718,18227486,4
1,2528783447,0.927551,18230740,40
1,711529601,1.022214,18231384,3
1,367223371,0.968750,18232727,13
1,3856988173,1.010202,18238913,82
1,3366803989,0.938541,18240625,18
1,2501784797,1.009235,18243320,32
1,3237797881,1.090621,18247409,52
1,1570795091,0.919621,18247990,2
1,1324020293,0.944764,18249282,12
1,3023044481,0.993141,18250635,13
1,2526034031,0.964709,18253804,39
1,2050149733,0.980274,18255011,11
1,1109275889,0.993141,18257193,25
1,3702657589,0.969758,18260011,34
1,1987010513,0.978779,18260877,6
1,3371924329,1.048157,18261950,9
1,729220523,0.936458,18262459,1
1,1408143377,0.936979,18263326,6
1,860892943,1.012133,18264043,4
1,1305251239,1.000976,18264624,2
1,2119075703,1.006813,18266818,25
1,2305654837,1.027930,18269272,29
1,3923019913,1.029354,18269922,3
1,777008387,0.992649,18270914,8
1,915225109,1.000488,18273406,29
1,1829908513,0.990679,18274462,9
1,3994055953,0.982762,18275107,3
1,2496833569,0.938541,18276023,7
1,1893475049,0.997556,18277372,13
1,700885111,0.949404,18282218,63
1,1848626683,1.016466,18283435,11
1,857910073,0.978779,18283940,1
1,3645161503,1.050948,18289490,73
1,860444381,1.063419,18290209,4
1,1452326611,1.043020,18295980,70
1,258314489,1.042083,18297568,16
1,744665633,1.021736,18298423,6
1,994761083,0.965215,18301102,32
1,2113740091,0.970261,18301903,5
1,3814729111,0.982762,18303330,14
1,3971707031,1.006813,18304473,10
1,4174875853,1.034559,18307299,34
1,2309349359,1.011651,18308027,4
1,2787744901,1.035031,18308741,4
1,1466856871,1.022214,18309338,2
1,3267255023,1.042083,18311193,20
1,2810817343,0.958616,18312634,14
1,1251073709,0.964709,18316861,54
1,332823983,1.043020,18318920,23
1,2804777413,1.050948,18320625,18
1,246452741,0.923330,18321471,6
1,4145576317,0.969254,18322343,6
1,1527504941,0.993632,18326136,48
1,2631629459,0.901929,18326722,2
1,562382341,0.925443,18330231,44
1,2610101023,0.908403,18330821,2
1,1296006319,0.916963,18332537,18
1,2850936559,1.020780,18335652,38
1,4094530901,0.895954,18337073,14
1,3234404027,0.959126,18338974,21
1,2394399373,1.024600,18339563,2
1,4275984521,1.000976,18341909,27
1,3403667383,1.022214,18343424,15
1,4108542481,0.927551,18346233,34
1,3056366899,1.038798,18348083,20
1,3110112251,0.894318,18353218,67
1,1760167457,0.938541,18354691,15
1,477606869,0.931753,18356533,20
1,3896862457,1.006328,18359628,38
1,2416175149,1.007782,18360903,12
1,211232831,0.952484,18365130,54
1,1512009173,1.006813,18367129,22
1,3655731691,0.980274,18368129,8
1,3289136233,1.050483,18369701,16
1,1860770537,1.063419,18370214,1
1,257601209,0.913227,18373026,34
1,2305031801,0.955044,18375364,27
1,3027434723,1.006328,18377916,30
1,1461388913,0.982762,18379903,22
1,2655124907,0.982762,18381411,15
1,2809420177,1.050019,18383402,22
1,3810265429,0.951972,18384045,3
1,1610657143,1.038798,18384757,4
1,2746785893,1.000976,18385688,7
1,2414891107,1.026980,18386344,3
1,1145647163,1.036445,18389306,36
1,671467109,0.923859,18389807,1
1,4009112287,1.010685,18391389,16
1,12499121,1.006813,18392509,10
1,3628135673,0.963190,18393087,2
1,365084243,0.948374,18394252,7
1,3280998619,0.952484,18397412,37
1,6776207,1.033615,18402674,69
1,402589567,0.956577,18403541,6
1,3603935123,1.035031,18405105,16
1,1318817561,0.981270,18407217,24
1,3966006043,0.916963,18408775,16
1,441296441,0.944764,18411089,27
1,3940982519,0.952484,18412726,17
1,3094128319,0.995105,18413243,1
1,4029446951,0.989199,18414472,11
1,2775834949,1.063419,18415063,2
1,720148049,0.960143,18415778,4
1,1877643661,0.980772,18417544,19
1,334387309,1.014061,18418764,11
1,2961894301,0.980772,18421938,39
1,1229409241,0.916963,18422863,7
1,694222049,0.908403,18424135,12
1,3206838757,1.026028,18426473,27
1,2324124941,0.965215,18427336,6
1,2895194651,1.021736,18428678,13
1,1287758429,0.980772,18431839,39
1,849348529,1.048623,18433890,23
1,2896579879,0.955044,18435382,15
1,2017649693,1.000976,18436029,3
1,2906903569,0.936458,18437947,21
1,491626441,0.938541,18440410,29
1,3163190237,1.021736,18446315,78
1,1171443193,1.009718,18447525,11
1,2438363003,1.011651,18449932,28
1,1075436209,0.982762,18451966,23
1,3638981663,0.941139,18453735,19
1,4218751861,0.985243,18454959,11
1,445580651,0.995105,18456867,21
1,1054167941,1.048157,18458978,24
1,3399890479,0.919621,18459567,2
1,3016671041,1.029354,18462032,29
1,1130580193,1.004871,18463092,9
1,1400967613,0.994614,18467803,61
1,1528670701,0.969758,18473994,82
1,2948956393,0.995105,18475904,21
1,4284595771,1.005357,18476574,3
1,199962929,0.940620,18477699,10
1,2798968219,1.000488,18478921,11
1,2453596567,0.993141,18480423,15
1,508105151,1.023646,18481486,9
1,3626033447,0.872765,18484576,38
1,4003651019,0.925443,18486017,14
1,1880719271,1.027930,18489037,37
1,678024917,0.971267,18492887,49
1,1086651197,1.000976,18494163,12
1,2995967173,0.936458,18496085,21
1,4045121749,0.978779,18497587,11
1,3626296321,0.897044,18500306,22
1,3649140991,0.956577,18501281,6
1,870370153,0.956577,18503134,20
1,2630835191,0.995105,18504925,19
1,1258171423,1.102642,18507403,29
1,873584209,1.064795,18511297,49
1,1999432163,0.985243,18513495,25
1,3141793489,1.029354,18515818,27
1,956505677,0.885539,18518768,36
1,403495193,0.952484,18520519,19
1,571817327,1.023646,18521384,6
1,1256621879,0.995105,18523926,30
1,327020567,0.955044,18524852,7
1,1746059921,0.993141,18527239,28
1,123650833,0.942694,18527876,3
1,3518450449,1.057894,18528941,9
1,2425876841,0.982762,18533509,59
1,754605157,0.966732,18534438,7
1,3189951593,0.900304,18536418,22
1,199789841,0.993141,18537474,9
1,41839757,1.005357,18539667,25
1,430455803,1.014061,18542057,28
1,2022943961,1.022214,18542915,6
1,4012238939,1.034559,18546877,50
1,559499261,0.910550,18547664,5
1,608048699,1.023646,18553267,74
1,3274957951,0.946313,18556241,36
1,2778312263,1.032197,18558572,27
1,720476563,0.981270,18559297,4
1,3914737829,0.965215,18562824,44
1,1843374571,1.028405,18563835,8
1,3152101571,1.023646,18566797,36
1,1083580031,0.927551,18567725,7
1,91143079,0.941139,18569484,19
1,1705495247,1.034559,18575425,78
1,2054004637,1.052341,18577418,22
1,461679103,1.107503,18578353,7
1,1162862171,1.023646,18583983,74
1,2074526263,1.018386,18586046,23
1,2914468451,0.931229,18587601,16
1,2266206559,0.993632,18588954,13
1,612005629,0.940101,18590317,13
1,1036594711,1.022214,18592011,18
1,1186383787,1.050483,18594207,25
1,3784433879,1.029354,18595697,15
1,3852517021,0.993632,18596770,9
1,2008907077,1.052341,18598004,11
1,2672533477,1.039268,18599079,4
1,489003653,1.000976,18601963,33
1,4059526799,1.022214,18603430,14
1,2086431979,0.931229,18604435,8
1,2072283781,1.014061,18605649,11
1,3605842517,1.035503,18606163,1
1,3899006099,1.063419,18607868,18
1,1792583159,1.000488,18610133,26
1,1684800713,1.038798,18611476,13
1,2234979421,1.008267,18611985,1
1,343618441,0.995105,18613697,18
1,452553557,1.108384,18615200,15
1,1331184223,0.936979,18617672,29
1,212658889,1.000976,18621133,43
1,175495027,0.966732,18621851,4
1,2096984941,0.964709,18623625,19
1,895460603,1.050948,18625556,21
1,3930416461,1.064795,18627338,19
1,3312705943,0.982762,18628071,4
1,3044570489,1.033615,18628734,3
1,2545384657,1.005357,18629875,10
1,1815030853,0.993632,18633600,47
1,272581403,0.925443,18634101,1
1,3171890791,0.941657,18635661,16
1,3871840879,0.923859,18636806,10
1,4182167287,0.977281,18639082,26
1,3708971159,0.956577,18639941,6
1,2695452439,0.965215,18640729,5
1,1767307847,1.006328,18642156,14
1,2915134447,1.076198,18643099,7
1,355177573,0.927551,18644666,16
1,1074000013,0.955044,18645445,5
1,4001854949,1.008267,18646658,11
1,3671464039,1.036445,18647733,9
1,1720149293,0.993632,18649294,16
1,4096454569,1.006328,18650433,10
1,1034973949,1.008267,18651155,4
1,3497018501,1.025552,18654672,44
1,3101013323,0.859801,18656445,19
1,1708574447,0.942176,18658158,18
1,3726390487,1.011651,18661199,37
1,1469336501,1.026028,18662491,12
1,452207663,0.978779,18663416,7
1,1641400909,1.020780,18664135,4
1,1390140511,0.964709,18665280,10
1,4096431761,0.908940,18668594,41
1,3429527209,1.014061,18669892,12
1,2740789543,1.076652,18671165,12
1,1612805239,1.010202,18674550,42
1,1430116217,0.950945,18675840,12
1,3704916053,1.023646,18677188,13
1,3960274789,0.897044,18677851,3
1,3312294509,0.994614,18679365,15
1,661848409,0.950945,18681409,23
1,3535705757,1.094196,18684310,35
1,97174537,0.994614,18685218,7
1,3633037909,0.997556,18687820,31
1,3352094371,1.000976,18689387,16
1,108807899,1.052341,18693549,53
1,1322328559,0.982762,18694629,9
1,27475879,0.941139,18695544,7
1,3941461987,0.992649,18697692,24
1,4114353601,0.969758,18698622,7
1,1894957321,1.099094,18699620,8
1,2047667441,0.955044,18700269,3
1,1248436907,0.928078,18702281,19
1,3971446799,1.050948,18704067,18
1,3351841573,0.995105,18704744,3
1,3898897127,0.997556,18707490,33
1,43851151,1.000976,18709397,21
1,3691745873,0.972774,18710747,13
1,569926979,1.011651,18714669,50
1,595793689,0.980772,18716499,20
1,665240423,0.994614,18721351,63
1,956424127,1.062500,18722360,8
1,2709085063,1.008267,18724751,28
1,3851886083,1.038798,18727925,39
1,2274673897,1.006813,18730187,26
1,3917730629,0.954021,18732042,20
1,621292141,0.964709,18732890,6
1,391286387,0.965215,18733606,4
1,2060797553,0.993632,18735666,23
1,4139596493,1.039268,18737307,17
1,3096251621,1.038798,18739137,20
1,4068899089,0.940620,18739851,4
1,3934543339,0.978280,18741132,12
1,896691359,0.882778,18743461,27
1,606768137,1.035503,18745004,16
1,1561347131,1.054659,18746700,18
1,4276880891,0.993141,18747297,2
1,3500730859,1.023646,18748930,17
1,405198341,0.982762,18749643,4
1,3551858753,0.972774,18750283,3
1,2680635799,0.936458,18752544,26
1,1379737847,0.988706,18753541,8
1,622571137,0.981270,18754043,1
1,153862561,0.993632,18755522,15
1,648157441,0.980274,18757272,19
1,75400837,1.033615,18758193,7
1,3812298013,0.978779,18761864,46
1,185090813,1.040677,18767394,73
1,1473639491,0.904092,18768901,15
1,571505621,0.995105,18773873,65
1,3668812309,0.872765,18776893,37
1,2128647973,0.966732,18780264,42
1,3546419267,0.989199,18782603,27
1,1360038397,0.882778,18783942,13
1,331747127,0.952484,18785295,13
1,3463640753,0.941139,18787487,25
1,832781111,1.081178,18790037,30
1,2413610891,0.969758,18790762,4
1,1102539643,1.014061,18795684,64
1,2547026947,0.964709,18796336,3
1,3456886723,0.887192,18799851,44
1,3554139317,1.014061,18802874,37
1,329422259,0.992649,18805084,19
1,432108029,1.023646,18806573,14
1,4146616471,0.886641,18808209,17
1,792579157,0.980274,18809837,17
1,1752681289,1.010685,18810418,2
1,4004765417,1.008267,18811295,6
1,3097049413,0.952484,18812221,7
1,1968635267,1.050019,18814198,22
1,1822694329,1.009718,18814715,1
1,1223610991,1.020302,18819073,56
1,2118815561,0.969254,18823642,59
1,3472148887,1.087482,18824578,7
1,927231931,0.911086,18827894,41
1,2858135809,1.006813,18830915,37
1,1996885477,0.980772,18832269,13
1,167473679,1.083434,18832989,4
1,1821258529,0.980274,18835456,29
1,728880707,1.054659,18836460,8
1,3219276589,0.913227,18838241,19
1,3020705059,0.882778,18840277,23
1,3198448159,1.020780,18842964,32
1,3137509633,0.936979,18843534,2
1,4002550753,0.997556,18846843,41
1,567352417,0.882225,18848663,20
1,653025827,1.010685,18850419,19
1,3961312321,0.911622,18851758,13
1,148027903,0.994614,18857026,69
1,2938236901,0.942176,18858667,17
1,3091422899,0.993632,18859597,7
1,1071051601,0.977281,18861104,15
1,1743738907,1.008267,18861690,2
1,2212096153,1.018386,18863537,20
1,2625693871,0.980772,18866791,40
1,2906172859,1.042083,18867447,3
1,3930426631,0.938541,18869157,18
1,2127717677,0.931229,18870166,8
1,3670397593,1.035031,18871386,11
1,2778540539,1.021736,18879493,110
1,6871283,1.063419,18884392,64
1,851191829,0.972774,18885740,13
1,3105636899,0.903552,18888636,35
1,3587493523,1.009718,18890410,19
1,2087001121,0.985243,18890986,2
1,3869868971,0.908403,18891718,4
1,3358272149,0.966732,18893626,21
1,1106375173,1.064795,18895889,26
1,1875855017,1.026028,18896543,3
1,3448511221,0.923859,18897408,6
1,442789013,1.075291,18899386,22
1,816138779,0.969254,18900236,6
1,1358430629,1.050019,18903670,43
1,3686987303,0.964709,18904257,2
1,1506037583,0.924916,18908005,42
1,2097000019,1.062500,18908634,2
1,3812546027,1.095534,18914054,71
1,2414222483,0.964709,18915052,8
1,2901115993,0.993632,18916195,10
1,4122291143,0.866589,18917421,11
1,3406486147,0.952484,18919189,19
1,3702329063,0.978280,18920913,18
1,3242561177,0.952484,18922058,10
1,1547404307,1.073928,18922704,3
1,973561529,1.048623,18923837,10
1,1521586541,1.039268,18924355,1
1,2870684347,1.000488,18925844,15
1,1743473111,0.966732,18927983,24
1,36271117,1.094196,18929396,14
1,1068316427,1.063419,18930683,12
1,1205594683,0.973777,18932746,23
1,406535083,0.952484,18934659,21
1,1896337691,0.970764,18935167,1
1,2599601141,1.022214,18936663,15
1,1482765617,1.023646,18937651,8
1,2466595361,1.023646,18939262,17
1,227587991,0.981270,18939982,4
1,683114021,0.965215,18941341,13
1,66332729,0.993632,18944411,38
1,425847313,0.916963,18945418,8
1,242864789,0.913227,18946975,16
1,3580910131,1.078012,18949233,26
1,287661511,0.911622,18949738,1
1,3938098393,0.975280,18951019,12
1,1329913177,0.993632,18953297,26
1,236519653,1.108384,18955042,19
1,273090383,1.005357,18955750,4
1,800888849,1.026028,18957027,12
1,2171154509,1.014061,18958315,12
1,2666292841,1.079822,18959036,4
1,3079505353,1.023646,18964973,79
1,2917132087,0.938541,18966549,16
1,975976501,1.095534,18968816,26
1,2137734097,1.091516,18970669,20
1,561833417,0.949404,18971470,5
1,447685487,0.993141,18973229,19
1,4200145637,0.891584,18973809,2
1,3060962287,0.969758,18976292,29
1,43245667,0.969254,18978397,24
1,2257889533,0.981270,18979692,12
1,3007424813,0.944764,18980625,7
1,2263181477,0.952484,18982043,14
1,3843638971,0.924916,18983119,9
1,2942950079,0.982762,18985747,31
1,3314367701,0.944764,18987470,18
1,3418200271,1.052341,18990075,31
1,1632041209,1.057894,18991281,11
1,2892540307,0.997556,18992007,4
1,2322782653,0.987223,18995450,43
1,217757411,0.993632,18997790,27
1,1185034871,1.079370,18998717,7
1,3329615411,1.008267,19002374,46
1,3902586239,0.936979,19003319,7
1,1286691377,1.006328,19004598,12
1,306206863,0.990679,19009484,60
1,1245741983,1.038798,19018085,116
1,494945651,0.969758,19019172,9
1,2528215423,0.993632,19020943,19
1,2705476517,0.981270,19022569,17
1,4203529373,1.025552,19023498,7
1,541258789,1.036445,19026222,33
1,1741566439,0.965215,19028964,33
1,381317243,0.997556,19033925,65
1,1963816609,0.965215,19036980,37
1,3633259381,1.023646,19038818,20
1,3322352947,0.997556,19040663,20
1,1743149393,0.936979,19041661,8
1,2446965133,0.967237,19045454,48
1,1960867409,1.054659,19047499,23
1,1258072429,0.908940,19051701,54
1,2482387007,0.995105,19052495,5
1,4137239021,0.952484,19053219,4
1,2834639471,1.000976,19054706,15
1,2351853211,0.923330,19055637,7
1,3775526159,0.982762,19060906,69
1,2215617179,0.993141,19062256,13
1,3796669991,1.035031,19063889,17
1,1016758829,0.966732,19064400,1
1,1227803443,1.063419,19065681,12
1,1381286717,1.035031,19066893,11
1,1643627411,0.988706,19068800,21
1,1143617479,1.008267,19070493,18
1,2279708537,1.006328,19072814,27
1,178594303,0.990679,19075481,32
1,551637941,0.948374,19078015,30
1,570737929,0.952484,19078925,7
1,1883389153,0.992649,19079844,7
1,1803873853,0.978280,19081056,11
1,2574325931,0.956577,19083094,23
1,2896263289,0.868840,19084507,14
1,30461063,0.982762,19085274,5
1,3514462667,0.995105,19085796,1
1,4257390547,0.938541,19086524,4
1,2891900969,1.023646,19089678,39
1,1385890699,0.993141,19091373,18
1,3797882897,1.023646,19092640,12
1,1408683779,0.957087,19094199,16
1,2404015657,0.982762,19094922,4
1,4049429089,0.965215,19096208,12
1,2951735713,0.993632,19097705,15
1,3385180229,0.853531,19100958,40
1,2359586857,0.955044,19102155,11
1,3564309841,1.018386,19105724,45
1,3814711289,1.006328,19106813,9
1,1102359289,0.981270,19107821,8
1,1107328249,0.891584,19114665,86
1,3200088191,0.982762,19122482,105
1,515650787,1.121958,19125989,44
1,2656328069,0.993632,19127485,15
1,1300276933,0.982762,19128129,3
1,120161059,0.971267,19132214,52
1,2188067561,1.006328,19136568,56
1,1615742783,1.018386,19137427,6
1,67858793,1.024600,19138896,15
1,978866753,0.950945,19139468,2
1,1046014817,1.083434,19139975,1
1,792195847,1.079370,19141615,17
1,2832006743,1.023646,19142132,1
1,1525151123,1.035031,19143000,6
1,1138267973,0.980274,19143720,4
1,1495613113,1.043020,19145134,14
1,822545903,0.951972,19148722,45
1,3836344157,0.993141,19149796,9
1,3745156231,0.996086,19153587,48
1,3342262939,1.011651,19154103,1
1,2209388453,1.035031,19160194,81
1,3553474019,0.972774,19162954,33
1,2254616047,0.949404,19166983,51
1,871341811,0.936979,19167511,1
1,1388305669,1.079822,19168730,11
1,1152837383,1.010202,19170304,16
1,707349593,1.051877,19172195,21
1,1230520043,0.992649,19173354,10
1,2623548181,0.923330,19174971,17
1,55791761,1.006813,19177479,30
1,3698565469,0.942176,19180790,41
1,2166608747,0.985243,19181439,3
1,447482291,0.995105,19183134,18
1,3556699819,1.000488,19185553,28
1,3697086049,0.995105,19194331,119
1,3307880159,1.008267,19197707,42
1,2544791,0.936979,19199376,18
1,2745976319,1.036445,19201145,19
1,3364593299,1.010685,19203126,22
1,1303874813,1.038798,19204564,14
1,1291609369,0.931229,19205497,7
1,688916617,1.008267,19209367,49
1,2120978023,0.871645,19210726,13
1,1305504089,0.972774,19213665,32
1,4157878531,1.005357,19217903,52
1,4029942113,1.010685,19222432,58
1,120433801,0.980274,19223066,3
1,3902656441,0.955044,19223582,1
1,2048336431,1.035031,19224378,5
1,4189772603,0.952484,19225446,7
1,4024719103,1.026028,19227729,26
1,3792886693,1.061581,19228592,6
1,3810425867,1.095534,19229592,8
1,3773681603,1.024600,19230736,10
1,416475677,1.017426,19231447,4
1,1240550789,0.972774,19232165,4
1,3205019743,1.052341,19234015,20
1,108811181,1.018386,19234516,1
1,1020823537,1.020302,19238860,56
1,2750529721,1.069828,19242106,40
1,2416312133,1.036445,19246675,59
1,2700149813,1.022214,19249056,28
1,2338734163,0.973777,19249561,1
1,3292953871,0.952484,19253149,45
1,2880444059,1.010202,19253658,1
1,3461272027,1.008267,19255498,20
1,3898611133,1.026028,19260197,61
1,1847105101,1.023646,19261699,15
1,1297935731,0.944764,19262292,2
1,2707336487,0.908940,19265178,35
1,1730883881,1.029829,19268211,37
1,1713927373,1.064795,19268720,1
1,3767164969,1.054659,19269914,11
1,508220131,1.000488,19271620,18
1,1801989557,0.980274,19272486,6
1,3799163939,1.048157,19273201,4
1,4123640671,0.895954,19275479,26
1,2332856143,0.938541,19277463,22
1,774534823,1.034559,19278670,11
1,1164799379,1.052341,19280939,26
1,763923869,0.973276,19284229,41
1,3476475361,0.931229,19285382,10
1,3715505671,1.010202,19286454,9
1,4190634337,0.966732,19287024,2
1,781700791,0.966732,19289437,28
1,3812077429,1.020302,19295927,86
1,326118167,1.029829,19300621,61
1,3139588847,0.986233,19301135,1
1,2111695507,1.007782,19301933,5
1,3148645627,0.915897,19302588,3
1,4155270697,1.026028,19303383,5
1,1011652669,0.995105,19303889,1
1,670552717,0.993632,19304751,6
1,3500049227,1.039268,19306789,23
1,3346896277,1.022214,19310395,45
1,3204492691,0.982762,19310975,2
1,3503552357,1.027930,19314221,40
1,1519537813,0.972272,19316196,18
1,2612712449,1.035031,19317082,4
1,230290787,1.046292,19318110,8
1,2620171387,1.050019,19320301,25
1,2121504841,1.011651,19321577,12
1,451620577,1.042552,19322639,9
1,3216220391,1.036445,19325954,41
1,3512392837,0.993141,19336253,141
1,3501634679,0.927551,19338373,24
1,1728371201,0.993141,19343482,67
1,1782342053,1.008267,19345875,28
1,353096771,0.966732,19346722,6
1,323775857,0.942176,19347640,7
1,2865931619,0.993632,19348778,10
1,1784384843,1.078012,19351809,37
1,2254468817,1.022214,19352803,8
1,2243689717,1.022214,19354437,17
1,3217521607,1.006813,19357000,30
1,305392739,1.070284,19359944,36
1,1851991151,1.050483,19361850,21
1,1480378181,1.054659,19366918,66
1,3773851363,0.964709,19367853,7
1,1336924021,1.010685,19368445,2
1,3982653901,0.941139,19369587,10
1,1019266357,1.008267,19370931,13
1,1825418201,0.881117,19371725,5
1,2332113281,1.052341,19374598,35
1,599343629,1.061581,19375449,6
1,2944202533,0.946313,19377509,23
1,1457995129,0.993141,19379146,17
1,1984747759,0.982762,19381419,26
1,1067458439,1.006328,19385026,45
1,2946615109,0.982762,19386513,15
1,2545154243,1.008267,19388033,15
1,3886633493,1.029354,19390153,24
1,3797338777,0.971267,19391914,19
1,1690550759,0.993141,19394240,27
1,403869569,0.965215,19395221,8
1,1419829793,0.980274,19399073,49
1,1421938351,1.014061,19399719,3
1,937148489,0.980772,19400371,3
1,3915104593,0.966732,19401434,9
1,2091467233,1.063419,19401940,1
1,3706742603,0.913227,19407349,71
1,1704914639,0.952484,19410029,32
1,3687685229,0.982762,19412010,22
1,2200205471,0.982762,19415886,49
1,2038408643,0.966732,19417449,16
1,2082917987,0.965215,19419655,20
1,1794311069,0.988706,19420419,4
1,1576003109,1.052341,19424077,46
1,4164626749,1.020780,19424590,1
1,84904823,1.008267,19427549,36
1,1265518889,1.050019,19429106,16
1,2785472819,0.982762,19434908,77
1,2659072001,1.052341,19436549,17
1,2159165707,0.924916,19437889,13
1,1671096877,0.977281,19438541,3
1,137931751,0.995105,19439113,2
1,175415711,0.972774,19440388,12
1,1259702167,1.063419,19448460,109
1,1114453903,0.995105,19448974,1
1,3912394111,0.927551,19450134,10
1,3197117191,0.988706,19451625,15
1,1154830867,1.035503,19452622,8
1,2637086731,0.993632,19457183,59
1,1422969193,0.960652,19462503,70
1,738986249,0.901929,19463133,3
1,4224606469,0.966732,19463853,4
1,478012357,0.993632,19467260,42
1,393028879,0.908940,19470143,35
1,1814735491,1.017426,19474970,63
1,3218951447,0.882778,19477028,23
1,2146707359,0.997556,19479592,30
1,1389330659,1.018386,19480238,3
1,4075576279,1.076198,19481803,16
1,2577025949,1.050948,19483634,20
1,789782251,0.977281,19484425,5
1,2243830507,0.956577,19487116,32
1,283866503,0.973777,19488272,10
1,3228425401,1.002925,19489977,18
1,1381982027,0.931229,19494841,63
1,3409883767,0.980274,19497414,30
1,622702771,0.923859,19498622,11
1,603175561,0.978779,19505699,95
1,618654493,0.941139,19506358,3
1,1918501313,0.891584,19506928,2
1,2110576189,0.955044,19509337,28
1,1443648523,1.044891,19509910,2
1,29364091,1.010685,19511174,12
1,207906067,0.993632,19512945,19
1,890131219,1.051877,19514215,12
1,1879790531,0.959126,19516182,22
1,3822644129,0.967237,19518108,21
1,2934725753,1.063419,19519245,10
1,965508847,0.948374,19522208,32
1,350412899,1.062959,19525758,35
1,2327309987,0.951972,19528635,33
1,3033301223,1.014061,19531307,32
1,2343450479,1.011651,19533097,19
1,946938997,1.043020,19533958,6
1,3935927293,0.992649,19534826,6
1,2170478161,1.054659,19537993,39
1,1815401057,1.021736,19542775,62
1,3537484081,0.995105,19543362,2
1,3237713723,1.029829,19544784,14
1,2264693719,1.036445,19545584,5
1,3688135559,1.036445,19548470,35
1,2400828061,0.942176,19549409,7
1,255934451,0.938541,19551664,26
1,3169120309,0.956577,19553776,24
1,3111318607,0.960143,19555005,11
1,3155621171,1.025076,19556008,8
1,4193883829,1.079822,19557084,9
1,813904963,0.981270,19559824,33
1,2518036867,0.980274,19561811,22
1,92685217,0.997556,19563760,22
1,508213091,1.027930,19565325,16
1,4213251467,1.076652,19572063,90
1,4022716211,0.966732,19572792,4
1,2470570489,1.017426,19573379,2
1,2954241047,0.941139,19575635,26
1,856051123,1.008267,19577058,14
1,3542386723,0.993632,19578619,16
1,2791767989,1.008267,19581524,35
1,22221847,0.931229,19582149,3
1,3423234553,1.051877,19583908,19
1,854519837,1.091963,19584913,8
1,362093747,1.006813,19587093,25
1,2330599027,0.967237,19587952,6
1,198269353,1.021736,19588520,2
1,2258501563,1.000488,19590027,15
1,1953613423,0.972774,19596615,88
1,1081973201,1.004871,19597404,5
1,2575690133,0.965215,19598053,3
1,3591354523,0.936979,19599493,14
1,3866032981,0.924916,19600013,1
1,1615294081,0.972774,19602475,29
1,2392436833,1.008267,19603469,8
1,4037089057,1.036916,19605983,30
1,2262836201,0.978779,19608035,23
1,963599993,0.993632,19611273,40
1,3426971819,0.964709,19613188,21
1,1625952103,0.944764,19613705,1
1,3255179419,1.023646,19615259,16
1,1907506361,0.931229,19617943,32
1,3521042197,0.978779,19619780,20
1,4155012049,1.054659,19621201,14
1,4127924483,0.969758,19622060,6
1,1878341357,1.050483,19623397,8
1,333182701,1.011651,19623997,2
1,1385344633,1.036445,19627698,44
1,2052046813,1.035031,19630197,29
1,3349138207,0.996086,19631567,13
1,3059811299,0.960143,19633409,20
1,1372095727,1.079822,19634126,4
1,4147928947,1.034559,19636463,27
1,215215837,0.969254,19637599,10
1,1706087641,0.913227,19640265,32
1,693669617,0.895409,19641410,10
1,27795829,1.048157,19643811,27
1,3881164951,1.005357,19644358,1
1,2558293187,0.801000,19646352,22
1,4114686143,1.050948,19649792,43
1,947352871,0.895954,19650582,5
1,289229747,0.966732,19653745,39
1,901656991,0.955044,19655444,18
1,3574730297,0.995105,19656372,7
1,2769362471,0.950945,19658560,25
1,1123343773,0.940620,19659424,6
1,1927448707,0.950945,19660148,4
1,46997879,1.035503,19662617,29
1,3345147019,1.010685,19665651,37
1,4188615887,0.995105,19667848,25
1,933356689,0.997066,19668568,4
1,4293201109,0.993632,19672664,52
1,4284641111,0.982762,19673185,1
1,2210822983,0.938541,19675239,23
1,2299257593,1.006813,19678960,47
1,4117178447,0.980274,19681146,25
1,4246207337,1.006813,19684399,40
1,107687101,1.052341,19685735,13
1,1941145897,1.034559,19687855,24
1,3078162041,1.048623,19688576,4
1,3285864563,1.042083,19690627,23
1,1671730969,1.021736,19691485,6
1,2750768323,1.021736,19694404,35
1,753011069,0.993632,19695617,11
1,773721161,0.988706,19696474,6
1,3509761481,0.972774,19698394,21
1,1846734053,1.010685,19699047,3
1,1635609793,0.981270,19701105,23
1,2569822061,0.941139,19702871,19
1,261556783,1.046292,19704976,24
1,551831369,0.993632,19706394,14
1,2274188029,1.022214,19708947,30
1,1549212109,0.928078,19712124,39
1,4185473099,0.963190,19714403,26
1,2131907213,0.995105,19715619,11
1,2643462301,1.048157,19716192,2
1,3716552897,1.000488,19720965,62
1,1121099249,0.985243,19721973,8
1,3093315499,0.964709,19729105,90
1,2305043437,0.995105,19729871,4
1,3151397113,0.855246,19730590,4
1,1432298479,0.889391,19731325,4
1,2292703643,1.050483,19733523,25
1,1909585921,1.048623,19736183,32
1,2299906951,0.889391,19737895,18
1,316750373,0.954021,19738402,1
1,3852101837,1.008267,19739540,10
1,397474417,0.973777,19740676,10
1,1006265551,0.956577,19741263,2
1,77883017,0.965215,19742461,11
1,2441381609,0.997556,19742964,1
1,2871233551,0.997556,19747512,59
1,3439309703,1.008267,19748937,14
1,1683194707,0.990679,19753136,54
1,2040532393,0.981270,19753639,1
1,648588251,0.993141,19754151,1
1,4021233781,1.035503,19755992,20
1,89578267,0.963190,19756988,8
1,4138706239,0.993141,19759478,29
1,3090649789,1.008267,19760905,14
1,1440386803,0.981270,19761497,2
1,3590467,1.121958,19768347,92
1,4110427649,0.995105,19769754,14
1,3422512273,1.000976,19772219,29
1,1121473513,0.948374,19773091,6
1,3556377899,0.922801,19773674,2
1,1969718903,0.966732,19774536,6
1,3995555803,1.052341,19777428,35
1,2530398023,0.995105,19779701,26
1,3216866251,0.944764,19783507,48
1,736656983,0.923330,19788911,71
1,1193249311,0.965215,19792846,50
1,528006559,1.010685,19793780,7
1,3843243323,0.941139,19800297,87
1,206255009,1.023646,19801354,9
1,4227137983,1.078012,19805306,50
1,1870884601,0.931229,19806873,16
1,1496454217,0.981270,19807929,9
1,2983640027,0.985243,19808798,6
1,3814511683,1.038798,19809603,5
1,1801992497,1.038798,19811720,24
1,1952673449,1.011651,19814256,30
1,3610419961,1.038798,19820118,77
1,716009603,1.023646,19821180,9
1,250701881,1.066628,19823155,22
1,1060211573,0.949404,19825129,22
1,4064834509,0.894318,19825709,2
1,1513848103,0.910550,19833066,93
1,1978702637,1.062959,19836909,48
1,500750651,0.971267,19839249,27
1,4234087607,0.982762,19841925,32
1,2374494209,1.064795,19842569,3
1,1255117229,1.006813,19846034,43
1,2190070979,0.913227,19847443,14
1,3410094473,1.050948,19849132,18
1,3977198573,1.046292,19850078,7
1,1956858551,1.069828,19854654,59
1,449238761,1.035031,19856625,22
1,4283033569,0.872765,19857564,7
1,1700162833,0.982762,19860328,33
1,234739097,0.986233,19861184,6
1,474236837,0.980274,19865319,53
1,3332707663,1.018386,19866247,7
1,4261432523,0.981270,19867521,12
1,2919292583,1.010202,19868727,11
1,1824822227,0.940620,19869864,10
1,540056291,1.010202,19876499,88
1,173950333,0.894864,19877707,11
1,920013007,0.923330,19878425,4
1,1894473389,0.999023,19879365,7
1,2087572129,1.079370,19880440,9
1,1616792533,0.938541,19881786,13
1,3627780677,1.067086,19882301,1
1,4153826477,1.078012,19884143,20
1,4160522911,1.000976,19884735,2
1,1455175651,0.910550,19885461,4
1,1287444569,1.015985,19887299,20
1,686021503,0.982762,19888790,15
1,3236845813,0.993632,19891192,28
1,630464221,1.005357,19892757,16
1,3445873771,1.020302,19895585,34
1,3722763893,1.023646,19896390,5
1,4059381281,0.972774,19896901,1
1,3869151763,0.981270,19901182,55
1,2998774963,0.958616,19901846,3
1,12363569,0.966732,19902747,7
1,1913969917,0.940101,19906066,41
1,1409691989,0.985243,19907195,10
1,907710169,0.966732,19908971,19
1,4153239821,1.052341,19911394,28
1,968442313,1.000488,19912872,15
1,1932484549,0.966732,19915073,25
1,1376532923,1.038798,19915929,6
1,1379883223,0.965215,19916940,8
1,2742255083,0.985243,19917531,2
1,4225698859,1.059739,19918048,1
1,1025545853,0.980274,19920097,23
1,3834108023,1.020780,19922367,26
1,558972907,0.886641,19923575,11
1,1010090359,1.023646,19924500,7
1,4205949247,1.008267,19926082,16
1,641710907,0.966732,19926739,3
1,4111883861,0.979277,19931797,62
1,2592266353,1.029354,19934485,30
1,1966393243,0.993632,19935584,9
1,368127713,1.018386,19936437,6
1,414098771,0.960143,19938263,20
1,1994961937,0.937500,19940665,28
1,2157309857,1.008267,19941172,1
1,2949650113,0.980772,19943572,28
1,531122183,1.011651,19945891,27
1,2924168563,0.966732,19946613,4
1,3027004283,0.916963,19947477,6
1,3599680807,0.895409,19949528,23
1,2771546867,0.958616,19950874,13
1,2438649767,1.059278,19951945,9
1,1421441389,0.936979,19955410,43
1,4186604557,0.982762,19955916,1
1,2622646547,1.094196,19958041,24
1,3902895757,1.039738,19958970,7
1,3585770701,1.029354,19960948,22
1,2336565053,0.922801,19963199,26
1,3192090389,0.969254,19963718,1
1,31519069,1.010202,19964558,6
1,1387172797,0.966732,19965705,10
1,989816323,1.026028,19968389,32
1,1386246923,1.057894,19970026,17
1,601325539,0.969758,19971170,10
1,3181061203,1.009718,19973081,21
1,1951704409,0.953509,19973863,5
1,2550742111,1.006328,19977032,39
1,3214830299,0.996086,19978536,15
1,237978877,0.978779,19979598,9
1,2342917249,0.980274,19980584,8
1,2857343089,0.981270,19981580,8
1,2275578733,0.980274,19982648,9
1,1205685209,1.050483,19986939,55
1,2384002451,1.010685,19987730,5
1,2976059327,1.050948,19989932,25
1,691000963,0.882778,19994764,63
1,3284126273,0.919621,19996609,20
1,2446985137,0.956577,19998091,15
1,2538382877,0.995105,19999653,16
1,2282850121,0.992649,20000997,13
1,2686887803,0.953509,20005014,51
1,3624434549,0.986233,20009443,57
1,2816098921,1.038798,20014223,62
1,2071033931,0.949404,20014948,4
1,3162978011,1.006328,20016509,16
1,614948657,0.999023,20017709,11
1,2603461327,1.033615,20018783,9
1,3243929201,1.005357,20019863,9
1,2344918297,1.039268,20021631,19
1,376041443,0.977281,20024030,28
1,3106513763,0.994614,20025037,8
1,4061004221,1.010685,20031346,84
1,1350652169,0.954021,20032902,12
1,3879946781,0.997556,20034464,14
1,2113047883,1.052341,20037174,32
1,3949497109,1.014061,20039375,25
1,4166146639,1.039268,20040166,5
1,3663910667,1.068000,20041589,14
1,2384960861,1.046758,20042319,4
1,1779769339,0.978280,20044028,18
1,4199743979,1.050483,20044957,7
1,3076476737,1.006328,20047071,24
1,2812163903,1.024600,20051498,57
1,485093951,0.972774,20052294,5
1,1918073873,0.995105,20053706,14
1,2258280053,0.978280,20054706,8
1,2846975113,0.931229,20057100,28
1,1934108447,1.064795,20058037,7
1,1432422809,0.980274,20058679,3
1,3533734481,1.000976,20060428,19
1,2982249227,1.017426,20061919,15
1,2971819229,1.006813,20063137,11
1,3771812489,0.859801,20063917,5
1,139473407,1.008267,20065335,14
1,698763749,0.997556,20066260,7
1,32945767,0.894318,20067543,12
1,3487148053,0.894864,20068836,12
1,796459583,1.008267,20069418,2
1,25823321,0.995105,20070464,9
1,4239025057,0.995105,20073785,41
1,1856193413,1.018386,20076114,27
1,4124618483,0.897044,20076773,3
1,3657971281,0.938541,20084576,105
1,927948781,0.981270,20087262,32
1,595597369,0.985243,20088529,12
1,1500025003,0.985243,20090635,24
1,3171154793,1.014061,20091785,10
1,2321049229,1.091516,20092709,7
1,2692837673,0.999023,20099496,91
1,2157791731,1.040677,20100773,12
1,540522253,1.022214,20101629,6
1,1219059617,1.017426,20102709,9
1,2415515593,0.986233,20104565,20
1,1964019793,0.950945,20106115,16
1,2712465949,1.000976,20108575,29
1,289691323,0.936458,20109496,7
1,3042809813,1.034559,20114281,62
1,887141789,0.985243,20116483,25
1,1713248983,0.966732,20117559,9
1,3649062919,1.059739,20119597,23
1,2750264989,0.993632,20122310,32
1,1309735327,1.093303,20122823,1
1,2464827857,1.036445,20123404,2
1,1922788709,1.004871,20124823,14
1,1415397329,0.922801,20128488,46
1,1917991199,1.090621,20128998,1
1,169321157,1.034559,20129569,2
1,2174608081,1.062040,20133367,48
1,3388590157,0.965215,20133949,2
1,4084949039,0.992649,20135391,10
1,1483807111,1.032197,20135975,2
1,2421479783,0.929655,20137136,8
1,4064356903,0.954021,20138379,11
1,3616926791,0.980274,20138897,1
1,3870913261,1.052341,20142560,46
1,2427312821,1.046292,20143074,1
1,1313721137,1.029354,20146473,42
1,1036801637,1.050948,20149995,44
1,1490957407,0.964709,20150935,7
1,1673410369,1.035031,20153336,28
1,2845772257,1.078012,20154123,5
1,1641568361,1.029354,20155192,9
1,3008942873,1.093303,20156762,16
1,1144208083,1.090621,20157272,1
1,1767890977,0.944764,20158485,11
1,2839030811,0.981270,20163113,60
1,2461548989,0.972774,20165011,21
1,3816346081,0.988706,20168465,43
1,2918466259,1.000488,20169116,3
1,2755075963,1.021736,20169841,4
1,840918151,0.993141,20171677,20
1,1421716139,0.958616,20172469,5
1,925813961,0.965721,20173184,4
1,884828311,1.034559,20174258,9
1,4044735413,0.997556,20175612,13
1,464968781,1.040677,20176338,4
1,1244480623,0.935936,20177829,15
1,1148862241,1.028405,20180232,28
1,704156647,1.035031,20181511,12
1,1122840053,1.018386,20182511,8
1,1019507113,1.040677,20184065,16
1,2675983159,0.993632,20186468,28
1,1293077047,1.054659,20187122,3
1,3054737473,0.908940,20188044,7
1,4133361787,0.972774,20189468,14
1,3140150287,1.039738,20189982,1
1,1071757153,0.944764,20190501,1
1,3105581903,1.070284,20191088,2
1,529672813,1.002925,20191804,4
1,1273531249,0.971267,20193774,22
1,297727159,1.029354,20200773,94
1,1536811439,1.046292,20201850,9
1,3528401567,0.994614,20203137,12
1,1697532481,1.078012,20204201,9
1,2439000541,1.035031,20205270,9
1,1895213899,0.971267,20206422,10
1,3031219141,1.026028,20207704,12
1,3225803069,0.993632,20209766,23
1,1009767271,0.965215,20211188,14
1,786225137,0.977281,20211779,2
1,1269741943,0.978280,20212998,11
1,4081861549,1.133647,20215465,29
1,886118407,1.127168,20216591,10
1,2442215441,1.020780,20217717,10
1,411261659,0.950945,20218299,2
1,1390777013,0.936458,20218810,1
1,2675364589,1.064337,20220236,14
1,587818501,0.982762,20224171,50
1,3856592563,1.076652,20224911,4
1,940301189,0.993632,20229324,55
1,2594945693,0.977281,20233494,53
1,1600064107,0.966732,20235282,19
1,629205821,1.040677,20236215,7
1,1484702231,0.923330,20236796,2
1,2569117631,0.996086,20238371,12
1,3582496481,0.919090,20239674,10
1,4034260561,0.911086,20246140,86
1,4193946803,0.993632,20246867,4
1,1932015661,1.038798,20252398,73
1,315852577,0.938541,20255280,35
1,1734610613,0.913227,20256839,16
1,2469537437,1.022214,20259372,30
1,637290971,1.017426,20260658,12
1,879612407,1.057894,20261318,3
1,1143032659,0.942176,20261822,1
1,131994557,0.997556,20263655,20
1,4082947499,1.005357,20266261,31
1,269792701,1.052341,20267334,9
1,778426699,1.062959,20268267,7
1,2511350119,1.036445,20271849,45
1,2445160717,0.911622,20273691,20
1,2898179861,0.885539,20275126,14
1,3435402473,1.052341,20276602,15
1,42329431,1.017426,20277932,13
1,430514009,1.020302,20279413,15
1,1595354833,1.023646,20282021,31
1,3359078293,0.992649,20285113,38
1,920303971,1.067086,20286739,17
1,1159807421,0.950945,20289768,37
1,2824587707,1.017906,20295591,77
1,2624760077,1.008267,20296175,2
1,4102883299,0.993632,20297739,16
1,3968264557,1.048623,20298399,3
1,3339778913,1.039268,20302186,48
1,1011540589,0.982762,20307238,66
1,2666722691,0.928078,20311454,54
1,2625759407,1.016946,20314345,35
1,2098791241,1.029354,20317366,37
1,808585957,0.952484,20318003,3
1,3342482453,1.035031,20318513,1
1,3797557369,0.966732,20320070,16
1,2958748019,0.924916,20322130,23
1,3862099411,0.962175,20322785,3
1,3203553629,0.913227,20326936,53
1,2541252163,1.024123,20328006,9
1,3327886103,0.980274,20330203,25
1,3476767037,0.925443,20330873,3
1,54443689,1.023646,20332079,11
1,1206398399,0.942176,20333718,17
1,113843453,0.923859,20335966,26
1,775492937,1.023646,20337998,23
1,2383246571,0.980274,20339703,14
1,3445520581,1.137517,20342125,26
1,451069049,1.038798,20344429,26
1,1649837269,0.966732,20345215,5
1,2387567587,1.000976,20347477,26
1,2575562579,0.995105,20352543,66
1,60999509,1.023646,20353107,2
1,3306989321,0.888841,20354518,14
1,1271641103,1.035031,20356021,15
1,3785293073,0.895954,20357376,13
1,812512693,0.950945,20358313,7
1,217596623,0.993141,20359093,5
1,2649269537,0.996086,20362251,39
1,1517326847,1.004871,20363462,11
1,1855706057,0.899761,20365238,19
1,117910757,0.938541,20365735,1
1,4248802277,0.965215,20367525,19
1,3498805697,0.978779,20368238,4
1,3921829057,1.046758,20371911,46
1,3366519281,1.019823,20372766,6
1,3451672709,0.994614,20375384,31
1,170769583,0.965215,20376028,3
1,1678070011,0.958616,20377510,15
1,190041587,0.879453,20378088,2
1,3053421859,1.023646,20381615,44
1,4094852609,1.023646,20384504,35
1,3710052373,0.980274,20385918,14
1,4058956777,0.982762,20388535,31
1,25348859,1.008267,20389793,12
1,3703559099,0.954021,20390597,5
1,3066073639,0.980772,20391390,5
1,3900942191,0.941139,20393171,19
1,4008627719,0.966732,20399641,86
1,2779221853,0.913227,20400303,3
1,3287817959,1.023646,20401737,14
1,2222978447,1.002925,20403589,20
1,3162450127,0.911622,20407658,52
1,2434210357,0.950945,20408789,10
1,2796490189,0.928078,20409310,1
1,1735383367,1.023646,20411517,25
1,1574893571,1.073018,20412869,13
1,797506223,1.054659,20415208,27
1,3224889691,1.050948,20416639,14
1,1089502559,1.036916,20420096,43
1,3636554927,0.998534,20421659,16
1,3569017217,1.010685,20423003,13
1,25363567,0.936979,20423630,3
1,2405948023,1.048623,20425197,16
1,3035747839,0.967237,20426214,8
1,3679206361,0.981270,20428748,30
1,1414372723,1.011651,20433249,58
1,1558095491,0.950432,20434326,9
1,231122687,0.916963,20436100,19
1,1949152213,0.933847,20436613,1
1,966487103,0.966732,20437894,12
1,1837436389,1.074382,20439810,21
1,1046995897,0.969254,20440463,3
1,1677078157,0.969758,20441610,10
1,111196207,1.022214,20443631,17
1,3072563863,1.022214,20444971,12
1,229071103,1.104854,20445626,3
1,2949548741,1.059278,20449771,53
1,2760574753,1.008267,20452033,26
1,2017584727,0.881117,20453728,18
1,343535431,1.055584,20454386,3
1,2405835137,0.997556,20457341,36
1,1335916273,1.090621,20462742,71
1,108514093,0.977281,20464855,24
1,2234082209,1.022214,20465703,6
1,289426471,0.940101,20466615,7
1,3239509381,0.981270,20468450,20
1,3949044611,0.978779,20469797,13
1,231042277,1.023646,20476589,91
1,242719601,1.006813,20477937,13
1,1370464549,0.988706,20478723,5
1,3024114437,0.993141,20479919,11
1,1531135499,0.971267,20480919,8
1,1260216889,1.014061,20482196,12
1,2082641983,1.038798,20483271,9
1,2889396131,1.042083,20484846,16
1,1649534321,0.978779,20487594,33
1,3518467313,1.066628,20488593,8
1,3823010641,0.936979,20490493,21
1,3044791279,1.052341,20491443,7
1,1261681357,0.980772,20492167,4
1,1418925877,0.993141,20492821,3
1,785787259,1.026028,20495990,39
1,3051830137,1.057894,20496516,1
1,3515917247,0.936979,20500165,46
1,779905829,0.993141,20501518,13
1,4064207747,0.951972,20502242,4
1,355210159,1.067086,20503440,11
1,1816757197,1.050483,20505070,17
1,431942741,1.021736,20508235,39
1,1524178177,0.954021,20509712,15
1,3235945397,1.091963,20510498,5
1,623913529,1.050483,20511204,4
1,588104819,0.981270,20513039,20
1,4052268679,1.006328,20514663,17
1,1622109271,0.972774,20515245,2
1,1186353661,1.004871,20516176,7
1,713188093,0.995105,20518082,21
1,2592129037,1.036445,20519068,8
1,3462287089,0.952484,20520768,18
1,3416518229,1.005357,20522260,15
1,823742671,0.941139,20524443,25
1,2390459077,0.981270,20529792,70
1,1101298103,1.035503,20532679,35
1,2012048527,0.965215,20533201,1
1,472497959,1.055584,20534002,5
1,1181126579,1.078012,20535573,16
1,2188474609,1.046292,20539790,54
1,1760855923,1.006813,20543651,49
1,4035750997,0.993141,20544518,2
1,2459258639,0.993632,20548258,37
1,3870216139,1.050948,20549400,8
1,4139450383,1.027930,20552016,31
1,192479779,0.936979,20552513,1
1,2768890807,1.010685,20553724,11
1,1503599297,1.014061,20555273,16
1,3917053781,1.010685,20556363,9
1,1269036697,0.952484,20557227,6
1,1619246593,0.944764,20559186,22
1,3758776627,0.921743,20561448,26
1,4222082881,1.046292,20564966,44
1,3856551173,0.965215,20566521,16
1,549682349,1.042083,20568559,23
1,974747927,1.023646,20572090,44
1,3249693611,1.000976,20573303,11
1,3085854281,1.006813,20576268,36
1,3079666507,1.029354,20577779,15
1,1302916691,1.035503,20581077,41
1,2807029213,0.972774,20584409,41
1,3680399449,0.882225,20585415,8
1,4256513731,0.929129,20586776,13
1,166493759,1.090621,20587925,10
1,4219672913,1.026028,20590672,33
1,1484609641,1.039268,20591181,1
1,3593724779,0.950945,20592827,17
1,4132148719,1.040677,20593772,7
1,3631411529,0.993632,20594421,3
1,1436649953,0.985243,20597870,43
1,4190894891,1.005357,20599518,17
1,648062419,1.014061,20600377,6
1,1790539279,0.977281,20601875,15
1,522543499,1.026028,20604187,27
1,2641098851,0.901929,20605415,11
1,1757669603,1.006813,20608157,33
1,2728137449,1.023646,20611102,36
1,4070938519,1.101313,20611828,4
1,4264879807,1.010685,20614165,27
1,759664121,1.011651,20616075,21
1,3153763643,0.901929,20619326,40
1,2423714981,0.969254,20623834,58
1,2479794547,1.044891,20624771,7
1,1182761501,0.965215,20628634,49
1,469548487,1.014061,20629637,8
1,2716544009,0.988706,20631278,17
1,432781147,1.081178,20632362,9
1,1125766913,1.050483,20634975,31
1,1617147947,0.938541,20635487,1
1,3839024617,0.993141,20639630,53
1,608562473,0.965215,20642397,32
1,16408981,1.050483,20644375,22
1,4168135441,0.940620,20645310,7
1,156173099,1.040677,20648943,39
1,372440099,1.067086,20649711,4
1,2405635007,0.981270,20651002,12
1,4085956057,0.942176,20656824,77
1,1330878727,0.960143,20657342,1
1,2207680037,1.035031,20659880,30
1,3793030453,1.011651,20661220,13
1,2091625031,0.949404,20661734,1
1,3442246667,0.924916,20665331,45
1,1131556081,0.989199,20667088,19
1,4180374193,1.010202,20667811,4
1,985389421,0.965215,20669165,13
1,3821635903,0.925443,20670034,6
1,385186741,1.031250,20671180,10
1,2480243429,1.005357,20671766,2
1,2185589671,1.050019,20672352,2
1,2470334431,1.091963,20675403,37
1,2505005513,0.944764,20675982,2
1,2898233251,1.040677,20678538,30
1,1813311107,0.980274,20680231,18
1,1527722617,1.055584,20681089,6
1,2969560487,0.981767,20682385,12
1,2956948613,0.997556,20683243,6
1,3870234877,1.019823,20684604,13
1,1422346271,0.985243,20685877,12
1,1857297163,0.954021,20686876,8
1,2769270061,0.887192,20687527,3
1,1998969839,0.967237,20689859,27
1,2060975029,1.062959,20691220,13
1,1161949007,1.052341,20693346,24
1,487716829,0.971267,20695741,28
1,3229407641,1.036445,20696397,3
1,1490209117,0.913227,20698580,25
1,2710040909,1.050948,20701745,39
1,514139477,0.900304,20703154,14
1,3782540257,1.026028,20705269,24
1,3460663543,1.026028,20710255,65
1,3281109067,0.993141,20716638,85
1,3598637699,1.022214,20719605,36
1,1242905791,0.981270,20723542,50
1,2744007769,0.965215,20728535,65
1,2282251859,0.956577,20730787,26
1,2996185831,0.908940,20732840,23
1,2582802253,1.035031,20738657,76
1,131191537,1.002925,20739853,11
1,426906401,0.981270,20740624,5
1,21031229,0.955044,20741958,13
1,3746414653,0.965215,20742820,6
1,399017369,1.034559,20743530,4
1,2105756039,0.908940,20745225,18
1,2090418487,0.921213,20746780,16
1,3619955359,0.969758,20748196,14
1,1176315781,0.982762,20748778,2
1,2746522213,0.882778,20749843,7
1,3224344853,0.916963,20751690,20
1,1871698709,1.050948,20752704,8
1,3496097743,1.029354,20753774,9
1,803095159,0.965721,20757927,53
1,2080976377,1.035031,20759627,18
1,2929571279,0.867152,20760708,9
1,929850653,1.024600,20761426,4
1,2450702231,0.978280,20763610,25
1,290550811,1.102642,20765920,27
1,2192857783,1.075291,20766853,7
1,3072098059,1.046292,20768276,14
1,26035739,1.026028,20771364,38
1,3872717533,1.059739,20773138,19
1,3521255539,1.034559,20775124,20
1,2839964311,0.993141,20778513,42
1,3172417921,0.978779,20780060,16
1,69842723,1.010685,20784242,54
1,2929491883,0.978280,20784903,3
1,1279108687,0.982762,20786603,18
1,1768222499,0.988706,20787331,4
1,4167444487,1.064795,20787838,1
1,569068823,0.997556,20788632,5
1,1996452551,1.062959,20790268,17
1,538185961,0.980274,20796208,79
1,2563624579,1.066628,20796723,1
1,977595719,0.999023,20797719,8
1,1032136613,0.935936,20798505,5
1,653099429,0.952484,20801320,34
1,910553933,1.022214,20801831,1
1,429164237,1.076652,20802341,1
1,599713249,1.020780,20804734,28
1,2866281283,1.095534,20806304,16
1,1157746067,0.981270,20807435,10
1,3805665991,0.889391,20810116,32
1,601616959,1.035503,20812377,26
1,2755849111,1.000976,20814002,17
1,3569546417,0.990679,20815225,11
1,2065972511,0.965215,20820562,70
1,959827093,0.980274,20823941,42
1,3797607683,0.938541,20827113,39
1,2870832337,0.994614,20827693,2
1,1342166039,1.000488,20830663,36
1,2828484991,0.997556,20831392,4
1,2054445083,0.913227,20832180,5
1,1569422189,0.993632,20833760,16
1,1846810373,0.978779,20837419,46
1,2622718937,1.036445,20838904,15
1,2814557749,0.969758,20840749,20
1,3360857603,0.913227,20843776,37
1,896598883,0.955044,20845060,12
1,311997071,1.010202,20846768,18
1,2223887879,1.014061,20848878,24
1,3951164611,1.054659,20851132,26
1,2376228251,1.026028,20852768,14
1,3783619379,0.965215,20855761,36
1,1316775767,0.978779,20856918,10
1,3207263947,1.022214,20859192,26
1,2887869251,1.023646,20861104,21
1,924404981,1.010202,20861891,5
1,4145299241,0.993632,20862751,6
1,1222057553,0.972272,20863615,6
1,240448339,0.858664,20865790,25
1,3632135959,0.971267,20867009,11
1,3142944359,0.922801,20869345,27
1,133740367,0.993141,20872022,32
1,874942087,0.826207,20875278,40
1,3771208139,0.995105,20875997,4
1,2242867547,0.982762,20876657,3
1,889225861,1.020780,20879872,40
1,2807028121,1.046758,20883334,43
1,3491769481,0.980274,20885568,26
1,3633066977,1.014061,20886560,8
1,3026779489,0.953509,20887492,7
1,486436141,1.024123,20888002,1
1,3601524923,1.010685,20889081,9
1,894549179,1.020780,20889668,2
1,132587639,1.024600,20890394,4
1,664168403,1.024600,20891047,3
1,3998770063,0.966732,20892681,17
1,1395906283,1.005357,20893415,4
1,3014065357,1.010685,20895548,24
1,1524181573,1.000976,20897393,20
1,970321357,0.950432,20898194,5
1,910120259,0.956577,20899137,7
1,1612694009,1.042083,20899647,1
1,2320971593,1.032197,20901693,23
1,3300785941,1.000976,20904034,27
1,2144101943,1.062959,20906946,35
1,1960490783,1.023646,20907464,1
1,3887246501,0.993632,20910205,33
1,3493650917,0.981270,20910935,4
1,608457749,1.032197,20912201,12
1,1198072973,1.029354,20913415,11
1,1690117843,1.043020,20913927,1
1,2972931187,1.070284,20915292,13
1,2229989273,0.925443,20915804,1
1,1737747653,1.079370,20918767,36
1,1147427711,0.995105,20921236,29
1,1875883157,0.881117,20925759,58
1,403954121,0.938541,20928090,27
1,3932441753,0.977281,20929930,20
1,3351134777,1.023646,20930439,1
1,3051614179,0.980772,20932512,23
1,956429791,0.924387,20935116,31
1,2729302733,0.972774,20938710,45
1,227949331,0.993141,20939561,6
1,2870283161,1.010685,20941459,21
1,1947484237,1.008267,20942237,5
1,275703643,1.011651,20943233,8
1,350251709,0.944764,20943738,1
1,18985163,0.969758,20945489,19
1,2970533281,1.048157,20946905,14
1,517006507,1.046758,20948480,16
1,1817116487,1.000976,20949138,3
1,249722761,0.897588,20958325,120
1,22724887,1.038798,20961317,36
1,1229527081,0.969254,20962652,13
1,440830193,1.093303,20963368,4
1,888625253,0.944764,20964227,6
1,1572346231,1.019823,20967767,44
1,1461716467,0.944764,20968414,3
1,1991531447,1.014061,20971315,35
1,1774003967,0.986233,20972043,4
1,1119940417,0.993632,20973036,8
1,2828327363,0.969254,20976763,47
1,2416398539,0.965215,20977343,2
1,3277496531,0.990679,20978834,15
1,1288356031,0.982762,20980672,20
1,1234322101,0.954021,20982439,19
1,1039251749,0.992649,20986160,47
1,1193512471,0.973777,20987441,12
1,2937391537,0.966732,20989780,27
1,3610463189,0.954021,20990990,11
1,210343823,0.965215,20991987,8
1,2825235977,0.944764,20992569,2
1,2062559747,0.813101,20993982,14
1,1625837767,0.971267,20994704,4
1,2241334019,0.915897,20995481,5
1,3035497391,1.021736,20996350,6
1,966915979,0.910550,20996932,2
1,884704267,0.995105,20998132,11
1,3997047071,1.015505,20999978,20
1,3706158913,0.969758,21003944,50
1,928255831,0.927551,21008093,53
1,1447119811,0.978280,21010770,32
1,569786213,0.995105,21013996,40
1,1403256971,1.016946,21015478,15
1,2056285487,0.980772,21017605,24
1,342415583,0.964709,21019154,16
1,1055972249,0.942176,21020509,13
1,637733123,0.990679,21021421,7
1,3566692307,0.980772,21022564,10
1,1725091409,0.948374,21023420,6
1,1834977587,1.029354,21026927,44
1,3308799397,0.949404,21028762,20
1,3843687649,0.972272,21030046,12
1,2015907133,1.078012,21030901,6
1,3564319471,0.981767,21032964,23
1,833893523,1.036445,21034791,20
1,2097396461,0.988706,21035794,8
1,3730698949,0.950432,21038748,36
1,1343290243,0.969758,21040434,18
1,2278016981,1.022214,21041090,3
1,1874884663,0.982762,21043349,26
1,3223003291,0.995105,21045530,25
1,1402441379,0.993141,21046816,12
1,1629597803,1.097316,21047875,9
1,1559094371,0.988706,21050004,24
1,4230573901,1.064795,21050520,1
1,2498173453,0.969758,21052004,15
1,1414267093,1.006328,21052920,7
1,1250396473,1.043020,21057888,60
1,148108559,0.897044,21061087,39
1,1776308263,0.985243,21062010,7
1,2431800401,1.032197,21062582,2
1,3234346933,1.010685,21063307,4
1,3604108873,0.978779,21063955,3
1,4246916551,0.990186,21065587,17
1,1181592221,1.029354,21066519,7
1,3190349203,0.994614,21068913,28
1,4115496523,0.982762,21072796,49
1,830961101,0.977780,21074282,15
1,2119660343,0.965215,21075795,15
1,2443080239,0.925443,21076517,4
1,3882259763,0.911622,21077657,10
1,879257531,0.986233,21078586,7
1,1486340519,1.046292,21079236,3
1,4146729793,1.026028,21080576,13
1,793990853,1.051877,21082488,21
1,3539845877,0.990679,21088166,75
1,71235719,0.965215,21089158,8
1,199051451,1.054659,21090519,13
1,2075804849,0.970261,21091662,10
1,2710351277,1.111464,21092866,11
1,1093775021,0.964709,21095185,27
1,2570609801,1.000976,21099196,51
1,129993029,1.006813,21100338,10
1,2090635109,1.035031,21102047,18
1,1758098393,0.866589,21102559,1
1,411620093,0.965215,21103621,9
1,668350103,0.941139,21104699,9
1,3988226279,1.014061,21105843,10
1,1077519307,0.997556,21107550,18
1,1438475329,1.168432,21108194,3
1,4229039203,1.173436,21108913,4
1,3872211611,1.081178,21111242,27
1,270716549,0.929655,21114045,34
1,3540088919,0.954021,21114555,1
1,1337209231,1.029829,21115276,4
1,2939076631,0.925443,21117184,21
1,1761419809,0.925443,21118809,17
1,2448882263,0.923330,21123179,56
1,1818867889,0.954021,21123696,1
1,1374673423,0.972774,21125259,16
1,2136645331,0.993141,21129685,57
1,3905275727,0.997556,21133362,46
1,261658591,1.029354,21135749,28
1,3693874411,1.052341,21137100,13
1,2851427927,1.000488,21138319,11
1,311927431,0.988212,21138822,1
1,36535069,1.009718,21141065,26
1,2098001111,0.901929,21142492,14
1,1424779913,1.027930,21145781,41
1,3897627329,1.008267,21150184,57
1,4210443763,1.035503,21152338,24
1,732274633,1.038798,21154405,23
1,2347577597,1.028405,21155684,12
1,2462844271,1.054659,21157026,13
1,1796904127,0.927551,21159421,24
1,2121473021,0.950432,21160090,3
1,1725375973,1.008267,21161021,7
1,2017932859,1.020302,21162214,9
1,2488207759,1.008267,21166502,55
1,1001881717,0.941139,21169581,38
1,1597487029,0.978779,21174167,59
1,4155859249,1.091963,21175522,13
1,4085779259,0.929655,21177704,25
1,4004694283,0.985243,21178577,6
1,1842445867,0.993141,21181192,31
1,683733749,0.995105,21181774,2
1,2753304733,0.935936,21182355,2
1,3930820139,0.928078,21183145,5
1,4234561897,0.949404,21186023,35
1,492483833,1.050483,21188073,23
1,1584786037,0.928078,21189427,13
1,2889306551,1.009235,21191054,17
1,346476467,0.986233,21193232,25
1,3669973661,1.042083,21196345,38
1,3213481273,1.032197,21196929,2
1,3810331033,0.982762,21198833,21
1,2214404827,1.020780,21199846,8
1,1565189069,1.027930,21201127,12
1,3780018817,1.050483,21202889,19
1,4075965911,1.052341,21204943,23
1,3593081347,0.956577,21206426,15
1,3047160581,0.998534,21210566,53
1,4156565087,0.997556,21211295,4
1,2232589181,1.026028,21212579,12
1,1085935973,0.966732,21213499,7
1,3425141303,1.014061,21215120,17
1,274109389,0.927551,21220381,69
1,1675079249,0.919621,21222430,23
1,4037172229,0.924387,21222934,1
1,3107311751,0.940620,21226665,46
1,2588350927,1.042083,21227338,3
1,2482339339,1.022214,21228272,7
1,2424865441,1.057894,21235197,93
1,2741317043,0.931753,21239494,55
1,2771043697,0.993632,21244117,60
1,4228006907,1.079370,21247718,45
1,3211527139,1.068458,21248796,9
1,2687061137,1.098650,21254185,71
1,2314841701,0.923859,21255358,10
1,3542721641,0.965721,21257331,22
1,1919795279,1.043488,21258483,10
1,3426246431,1.057894,21259631,10
1,887424091,1.035031,21260134,1
1,2641570423,0.960143,21261683,12
1,1004940407,0.978280,21263160,13
1,1452999397,0.993632,21265091,21
1,3664859411,0.944764,21267200,24
1,312476207,1.008267,21269517,27
1,1965789503,1.010685,21273524,51
1,3400948099,1.010685,21274520,8
1,1837165087,0.938541,21275317,5
1,3950146777,0.986233,21277232,21
1,2895769553,1.030776,21278092,6
1,3120516193,0.980274,21279871,19
1,2423061181,0.862636,21280802,7
1,3785033831,0.950945,21284168,42
1,4169732561,0.966732,21284819,3
1,812156669,0.951972,21285400,2
1,927271277,0.993141,21287802,28
1,52220411,0.936458,21289135,13
1,216492643,1.039268,21290055,7
1,1338392933,0.952484,21292858,34
1,1947898669,0.968750,21294485,17
1,1892471111,0.925443,21295833,13
1,241246657,1.034559,21299611,48
1,3208957877,1.043020,21300269,3
1,2227779299,1.095534,21302327,23
1,850383767,0.993141,21306752,57
1,857231671,0.965215,21309202,29
1,2123312039,1.040677,21310215,8
1,1732661081,1.087482,21310723,1
1,721727177,1.032197,21314567,49
1,2653221163,1.000488,21315148,2
1,1839749489,0.889391,21316277,10
1,1767311629,1.034559,21317624,13
1,3127591849,1.017426,21319949,27
1,2425950671,1.022214,21324777,63
1,1640775779,0.941139,21326548,19
1,4170098371,0.964709,21327129,2
1,3789770597,0.993141,21328420,12
1,2239447373,1.038798,21330750,27
1,364010561,0.997556,21331245,1
1,769789409,1.083434,21332321,9
1,3123673699,0.925443,21335133,34
1,2965947949,0.988706,21335780,3
1,2057075407,0.993632,21337553,19
1,2404029497,0.966732,21341972,57
1,1511752819,1.036445,21348275,84
1,679552529,1.083434,21350931,32
1,2599281449,0.969254,21352991,23
1,3731485987,1.087482,21353655,3
1,3492063299,0.996086,21358147,58
1,181213,0.966732,21364118,77
1,3741166537,1.015505,21366125,20
1,2074675157,1.044891,21368764,31
1,3850269263,1.005357,21369426,3
1,2923029143,1.023646,21370366,7
1,557796823,1.032197,21371227,6
1,1673550787,0.924387,21372375,10
1,306721609,1.011651,21372870,1
1,1860338581,1.026028,21375762,35
1,803219257,1.022214,21376553,5
1,1225612951,0.923330,21381949,71
1,1668823301,1.048157,21382666,4
1,2643809953,0.915897,21383171,1
1,1397252651,0.980772,21383684,1
1,1347810091,0.993141,21385105,14
1,3814718569,1.006328,21387230,24
1,2329535759,1.024123,21389997,33
1,3944818837,1.023646,21390507,1
1,702265199,1.070284,21392991,29
1,1255533673,1.091963,21397425,57
1,711818729,1.022214,21405195,105
1,2878598449,1.068458,21406837,17
1,1755143827,1.006813,21407699,6
1,2231699443,1.010685,21408206,1
1,4092381959,1.062959,21411318,38
1,769700851,0.993632,21412178,6
1,648307837,0.944764,21414925,33
1,2800325093,0.982762,21416636,18
1,1811729327,1.012133,21417228,2
1,4240178609,0.978779,21420055,34
1,884288963,0.952484,21421748,18
1,798539363,0.986233,21423722,22
1,1984060487,1.046292,21425634,21
1,3852377743,1.048157,21428936,41
1,2928675179,0.973276,21429998,9
1,2572668239,0.995105,21434432,57
1,1645274167,1.006813,21434936,1
1,2860939013,0.941139,21435583,3
1,2196474109,0.978280,21436096,1
1,3536265919,0.980274,21438071,22
1,3346091503,0.964709,21438728,3
1,1739061721,1.023646,21439953,11
1,2785193647,0.952997,21443254,41
1,3528438181,0.882225,21446140,35
1,1490541223,0.936979,21448471,27
1,902130491,0.931753,21449611,10
1,768052189,1.000488,21455857,83
1,2668267631,1.072107,21457975,24
1,2727075887,1.023646,21460182,25
1,3637458571,0.963190,21462319,24
1,1241294051,0.980274,21462972,3
1,1128368851,1.093303,21463693,4
1,3349885183,0.960143,21466423,29
1,2910136763,0.997556,21466950,1
1,1585379927,0.993141,21469012,21
1,2660565601,1.055584,21469957,7
1,1716177739,1.050948,21471720,19
1,3895476503,1.026028,21475517,48
1,3335285081,1.039268,21476512,8
1,3061346543,1.105296,21477167,3
1,1680686281,1.011651,21477821,3
1,4160070679,0.899761,21479389,16
1,252758689,1.102642,21480230,6
1,943803571,0.952484,21481011,5
1,3743092733,1.039268,21482648,17
1,3584909171,1.050948,21484714,23
1,136633031,1.097761,21487180,29
1,3703475267,0.978280,21489581,28
1,1987543897,0.969254,21491089,15
1,1903685813,0.968750,21491951,6
1,205968001,1.038798,21492651,4
1,496106231,1.026028,21495049,28
1,2941667297,0.997066,21497311,26
1,2127941363,0.937500,21498599,12
1,3544620007,0.929129,21500445,20
1,88958629,0.940620,21501706,12
1,1726379009,0.910550,21503679,22
1,1332503083,0.925443,21504338,3
1,3025909181,0.923330,21504856,1
1,3671208713,0.889391,21506283,14
1,3610896671,0.995105,21507782,15
1,297542083,1.132786,21509965,25
1,722522533,0.980274,21513602,46
1,1555634681,1.000976,21514475,6
1,2992568069,1.057894,21518202,47
1,1859988593,1.057894,21520536,27
1,4153906271,0.997556,21521959,14
1,227062783,0.944764,21523725,19
1,1392574739,0.938541,21525273,16
1,335926861,0.982762,21525781,1
1,657587743,1.043488,21526302,1
1,74960467,0.981270,21527013,4
1,2019134983,1.035031,21528913,21
1,783741923,0.982762,21536010,95
1,1349346811,1.014061,21536526,1
1,2552729801,1.027930,21537592,9
1,433978003,0.958616,21539636,23
1,754640647,0.960143,21540148,1
1,1493037239,0.885539,21543326,39
1,2384171843,0.969758,21545112,19
1,474999809,1.006328,21547073,22
1,2567718143,1.043488,21550435,42
1,1455445483,0.995105,21559346,121
1,3391355917,0.961668,21561531,25
1,2346824773,0.998534,21562874,13
1,2963317199,0.973777,21563519,3
1,3763499261,1.028405,21564863,13
1,710182141,0.953509,21565437,2
1,1170361051,1.021736,21568746,37
1,2778178639,0.910550,21569698,7
1,3904952189,1.048623,21570840,10
1,894240367,1.010202,21572375,6
1,779187659,1.023646,21575469,36
1,1143737449,1.010685,21577800,27
1,1674870581,1.014061,21578873,9
1,1767920057,1.019823,21583494,60
1,2601700589,0.964709,21584841,13
1,3101506517,0.995105,21588224,42
1,2169673777,0.956577,21591519,41
1,180747167,1.018386,21600548,123
1,307093411,0.965215,21601127,2
1,3289357543,0.972774,21601710,2
1,2633621477,1.054659,21603152,14
1,292899517,0.993632,21604509,13
1,1738348127,0.993141,21606069,16
1,1682634029,0.982762,21607766,18
1,412058957,1.075291,21608268,1
1,850792627,1.081178,21609127,6
1,3855699443,0.952484,21609643,1
1,3216826021,0.913227,21610589,7
1,733549903,1.010685,21613560,36
1,442607647,1.063419,21614202,3
1,1257204061,1.080274,21615283,9
1,4030500311,1.052341,21616639,13
1,1635991453,1.033615,21618472,20
1,3781751579,0.913227,21619410,7
1,1518520711,0.981270,21622717,41
1,4271640199,0.960143,21624352,17
1,1515319249,1.104854,21624867,1
1,2870122517,0.962175,21627401,30
1,2855945861,0.969254,21632021,60
1,2783028811,1.005357,21632601,2
1,4104868897,0.949404,21634222,17
1,2196139013,0.981270,21636257,23
1,3874491757,1.017426,21638098,20
1,1573391147,1.006813,21638746,3
1,4049684159,0.956577,21639336,2
1,160826261,0.999023,21640185,6
1,3291029299,1.014061,21641535,13
1,831990151,0.910550,21642182,3
1,1657083251,0.966732,21645405,38
1,2410311023,1.023646,21646380,7
1,3534461597,0.884436,21646964,2
1,2955009227,1.014061,21648661,18
1,2150287631,0.988212,21649311,3
1,3188250337,1.064337,21650801,15
1,92931253,1.005357,21652755,22
1,1065753763,0.972774,21655651,35
1,1916934113,1.042083,21656303,3
1,775037833,0.944764,21658266,22
1,582791267,0.972774,21659412,10
1,1550654297,0.999023,21662372,36
1,2911078069,0.995105,21665949,45
1,2460943789,1.095088,21667369,14
1,1000087343,0.978779,21668093,4
1,3995719913,1.026028,21671339,36
1,1987945781,0.988212,21672593,9
1,1563739291,1.022214,21674241,17
1,3580425083,0.997556,21674833,2
1,756399239,0.980274,21676467,17
1,717304981,1.067086,21678872,28
1,3423409883,1.036445,21679939,9
1,3764641151,1.026028,21681370,14
1,881122673,0.996576,21682297,7
1,1278250751,1.000488,21683017,4
1,2937655649,1.011651,21684217,11
1,2203410413,0.895409,21688279,52
1,2925729739,1.022214,21688869,2
1,3243231689,1.039268,21691333,29
1,3424351237,0.913227,21694769,43
1,1066731517,0.965215,21696536,19
1,2856771997,1.023646,21698030,15
1,3831335059,1.000976,21699593,16
1,2996445017,1.050948,21706342,90
1,2609029487,0.993632,21706993,3
1,3540207911,0.993632,21707994,8
1,4224050107,1.005357,21709431,14
1,2081549947,0.960143,21710086,3
1,787665167,0.980772,21714297,54
1,1375454209,0.965215,21717249,36
1,1021656761,1.024600,21719239,22
1,643138439,1.002438,21720577,13
1,69704203,1.018386,21721697,10
1,3169216937,0.966732,21723757,23
1,3060997627,1.002925,21724354,2
1,1337721613,0.908940,21725679,12
1,521631443,0.950945,21728241,30
1,2753740777,0.964709,21729449,11
1,2034765883,0.956577,21730440,8
1,2147932597,1.014061,21731434,8
1,460304459,0.977281,21733911,29
1,1831719059,0.987223,21734498,2
1,247332583,0.941139,21736495,22
1,135961841,0.978779,21737347,6
1,2288212627,0.938541,21738415,9
1,3011093489,0.954021,21739279,6
1,1476239137,1.039268,21739869,2
1,3448784201,0.971267,21740511,3
1,4068820193,1.022214,21742690,25
1,512837543,1.006813,21747740,66
1,1809672889,0.866589,21749718,22
1,313334551,0.993141,21751067,13
1,1003480537,1.010685,21756468,71
1,4151041907,0.981270,21760002,44
1,4017067363,0.924387,21763798,48
1,3304413089,1.012133,21764726,7
1,2494342931,1.039268,21765514,5
1,3067876243,1.054659,21766381,6
1,3080134483,0.966732,21768297,21
1,1012241281,0.950945,21769292,8
1,3984958847,1.039268,21771702,28
1,2585143567,0.982762,21773467,15
1,379228141,0.938541,21775013,14
1,2612298589,1.081178,21775835,5
1,2156208361,1.036445,21781493,75
1,3757544137,0.993632,21782296,5
1,2783724157,0.913227,21785741,43
1,117589117,0.981767,21787781,23
1,2364340963,1.018386,21789692,21
1,1718331479,1.023646,21790204,1
1,1481710183,0.952484,21790995,5
1,1431787013,1.050948,21793955,36
1,2729626157,1.006813,21794891,7
1,3009208547,0.969758,21796803,21
1,2549899661,1.024600,21800534,47
1,876786023,0.921743,21805572,66
1,2825364107,1.064795,21812310,90
1,2344241117,0.988706,21815274,36
1,596545171,1.026980,21817874,31
1,221362363,1.036445,21819846,22
1,1567504067,1.042552,21820854,8
1,515377939,0.984251,21821494,3
1,322715359,1.070284,21822564,9
1,3082360819,1.040677,21826193,45
1,249243427,0.993632,21827053,6
1,3380969491,1.018386,21830919,49
1,486260011,1.017426,21832281,13
1,122622307,1.022214,21832854,2
1,3926201791,0.931229,21835545,32
1,3482800481,0.993141,21836193,3
1,2995102637,0.806468,21836780,2
1,4942177,0.993141,21837259,1
1,830300641,1.023646,21837979,4
1,776350187,1.052341,21843818,77
1,4208069231,0.935936,21846491,32
1,3280504757,0.895409,21847626,10
1,3272771129,0.993632,21848200,2
1,1918787281,1.023646,21849769,16
1,2281750729,1.124132,21851515,19
1,1734190033,0.941657,21854253,33
1,1829526403,0.978779,21855734,15
1,2891266291,1.025552,21856247,1
1,439957321,1.023646,21857029,5
1,924841613,0.956577,21858241,11
1,2766868499,1.005357,21860277,23
1,2898223687,1.068458,21861007,4
1,4194008617,1.062959,21861942,7
1,121413659,0.997066,21862576,3
1,3444944911,0.936979,21863588,8
1,2295613181,1.068000,21864584,8
1,2281899251,0.923330,21866552,22
1,2962914203,0.916963,21868272,18
1,2750120861,0.916963,21869142,6
1,1213681471,0.995105,21871188,23
1,2422462639,1.000976,21873724,30
1,2522814187,1.051877,21874449,4
1,2219675977,1.022214,21875089,3
1,2170260713,0.964709,21881347,77
1,2344025357,0.910550,21882036,3
1,1471710463,0.977281,21882831,5
1,602060783,0.969758,21883355,1
1,2580962471,1.022214,21884077,4
1,3527696923,0.965215,21887086,37
1,4009730237,0.941139,21887956,6
1,2636091527,0.959126,21889650,18
1,117972403,0.981270,21890492,6
1,3479600771,1.014061,21891706,11
1,1369199917,1.018386,21894735,37
1,1269347423,1.011651,21897062,27
1,1307661451,0.942176,21899553,29
1,2179065043,0.978779,21900062,1
1,129985103,1.055584,21900640,2
1,1519315079,0.992649,21902612,22
1,1091472167,0.956577,21903534,7
1,3760963399,1.034559,21904882,13
1,3441035177,1.062959,21907057,25
1,635987059,0.992649,21907911,6
1,864237767,1.012133,21909762,20
1,3563281207,0.938541,21912656,35
1,2980893667,0.982762,21914989,27
1,1929029633,1.042083,21917325,27
1,1466188439,1.026028,21919087,19
1,2085921007,1.010202,21919670,2
1,541424167,1.048157,21920798,10
1,3547451473,1.079822,21922557,19
1,3285244063,1.006813,21923630,9
1,3097861463,0.940101,21927085,43
1,3342247637,1.008267,21929839,33
1,3590271277,0.993632,21931888,23
1,2844076517,0.936458,21936160,55
1,2372447261,1.010685,21941779,74
1,4039426939,1.048623,21942431,3
1,1802470409,1.032197,21943216,5
1,3781369489,1.009718,21944631,14
1,801618331,1.042552,21945634,8
1,3739697993,1.010202,21946990,13
1,964454599,1.010202,21948975,22
1,852672137,1.010685,21949836,6
1,3731343491,0.952484,21951811,22
1,1963379773,1.099094,21952330,1
1,3342427943,1.033615,21953958,17
1,2959802591,0.840271,21956006,23
1,1051375513,0.907327,21959193,39
1,50729461,1.008267,21962348,39
1,2995802081,0.993632,21963972,17
1,2769809093,0.913227,21964840,6
1,445992539,0.993632,21965417,2
1,311905403,0.988706,21967463,23
1,1966643941,0.950432,21969158,18
1,291198631,1.064337,21972415,40
1,4211145401,0.982762,21973206,5
1,3545489429,0.952484,21974137,7
1,2264847553,1.039268,21974785,3
1,3191022421,1.000976,21976773,22
1,58350781,0.994614,21980756,45
1,461278123,0.933847,21981438,3
1,3542934977,1.064795,21983413,22
1,2681650987,0.980274,21984640,11
1,3688042469,0.964709,21985576,7
1,262963373,0.982762,21986909,13
1,2031943289,0.963190,21988131,11
1,3170979667,0.968750,21988712,2
1,1976344729,0.982762,21993403,61
1,2051630531,1.006813,21995028,17
1,1116061021,1.048623,21995893,6
1,2705408369,1.005357,21997158,12
1,1074335569,0.936979,21998443,12
1,1346325191,0.944764,22002383,50
1,617349827,0.969254,22003384,8
1,96885557,1.006813,22009616,83
1,1546032473,1.111464,22011392,19
1,551974469,1.026028,22012661,12
1,1547520367,0.995105,22013454,5
1,2641117753,1.079822,22014029,2
1,1497310601,0.993141,22015034,8
1,1998101687,0.981270,22015687,3
1,3591100651,1.063419,22017331,17
1,2806887053,0.925443,22018052,4
1,963730891,0.951972,22018844,5
1,1573824631,1.006813,22019985,10
1,2433203063,0.982762,22023189,39
1,4169947801,0.988706,22026727,44
1,1526957771,0.995105,22028000,12
1,80061983,0.960652,22028501,1
1,4258749317,1.010685,22029305,5
1,3420005929,1.044891,22029814,1
1,4193019227,1.029829,22032358,30
1,2010692623,1.029354,22034982,31
1,3276881969,0.966732,22037656,32
1,2575581683,0.960143,22040763,38
1,1029994151,0.963190,22041907,10
1,1525525961,1.021736,22042777,6
1,394472857,0.938541,22043280,1
1,2904535343,1.046758,22044223,7
1,3093722651,0.952484,22044949,4
1,2103169967,0.993141,22045472,1
1,2658655163,0.961668,22046067,2
1,4044881707,1.039738,22046587,1
1,1680479771,1.028405,22048218,17
1,3186943769,0.972774,22049640,14
1,731923931,1.004871,22051203,16
1,816039577,0.923859,22051713,1
1,3620763227,0.993632,22054672,36
1,1072556803,0.997066,22056654,22
1,744320249,0.949404,22057442,5
1,2679500357,0.993141,22061443,51
1,3945440683,0.916963,22062097,3
1,1973421937,0.913227,22062671,2
1,2561571899,0.911622,22063749,9
1,2954789969,1.027930,22066209,29
1,1480994927,1.008267,22066787,2
1,334059449,0.988706,22068355,16
1,1542043421,0.997556,22069014,3
1,3981533359,0.972774,22070017,8
1,2309891887,0.950945,22074338,55
1,419580437,1.000976,22079167,63
1,1090295267,0.985243,22080625,11
1,233682863,0.978280,22082415,17
1,4016807437,1.000976,22091495,123
1,1370814353,0.972774,22092702,11
1,3478356481,1.011651,22094256,16
1,3847171387,1.022214,22096803,30
1,371417573,0.936979,22097381,2
1,1072273711,0.897044,22100470,38
1,2825950973,0.993141,22101414,7
1,3465069739,0.965215,22102062,3
1,2952574267,1.008267,22104954,35
1,2731300709,1.006813,22106090,10
1,3930550187,1.026028,22107030,7
1,3842367569,0.993141,22109349,27
1,1024797343,1.038798,22109859,1
1,1503887669,0.993141,22110574,4
1,4023543509,0.964709,22113944,42
1,4265628167,0.993632,22116189,26
1,521081983,0.884436,22117557,13
1,3360664301,0.997556,22118358,5
1,508662937,0.985243,22119413,9
1,1417153277,1.029354,22119923,1
1,3213211739,0.887192,22121777,20
1,4115897321,1.095534,22122503,4
1,2066937109,1.024600,22126437,50
1,3546149897,0.981270,22128558,24
1,278066917,0.978280,22129898,13
1,2280565327,0.913227,22131268,13
1,4264998347,1.052341,22134822,44
1,2204204941,1.033615,22135622,5
1,2669503513,1.050948,22138992,42
1,1753867949,0.993141,22139649,3
1,758980597,0.995105,22142191,30
1,2119616339,0.978779,22143133,7
1,2618344207,0.948374,22145665,30
1,1378282489,0.985243,22147156,15
1,112388417,1.014061,22148483,13
1,1415780089,0.993632,22151380,35
1,3132947999,0.978280,22152329,7
1,2857384441,1.057894,22153952,17
1,4176620179,0.996576,22156565,31
1,3567560371,0.972774,22157703,10
1,530649107,1.026028,22159959,26
1,2306480257,1.131060,22161989,23
1,2720177797,0.966732,22166292,55
1,1878045349,1.010685,22168490,25
1,2262594293,1.020302,22169364,6
1,247740739,0.936458,22171132,19
1,4147501559,0.955044,22171657,1
1,23215513,0.983258,22174028,28
1,4106477251,1.046292,22176425,28
1,2365818493,1.014061,22178623,25
1,1535907089,0.981270,22180668,23
1,1070412961,1.055584,22183779,35
1,2172123649,1.057894,22187707,48
1,2554058753,0.964709,22188437,4
1,3255467227,1.093303,22189579,10
1,1973658671,1.052341,22190092,1
1,4130803637,1.052341,22192244,24
1,2191068379,1.016466,22194768,30
1,3846320131,1.026028,22197782,37
1,1358800579,0.988212,22200256,29
1,3756520123,0.960143,22200790,1
1,713316067,0.928078,22203333,30
1,53356603,1.048623,22207253,50
1,2151237593,1.023646,22209923,32
1,2803786109,1.022214,22213730,48
1,4189022531,1.022214,22214454,4
1,193063309,0.971267,22218244,48
1,2018411669,0.966732,22219236,8
1,3222550547,0.944764,22220300,9
1,3752088911,1.012133,22222703,28
1,663242953,1.016466,22225540,33
1,4233048847,0.969758,22226209,3
1,1878986237,0.998534,22227989,19
1,4280055457,0.952484,22232631,60
1,4049499763,0.980772,22236707,52
1,654936383,0.868840,22237560,6
1,807707933,0.867152,22238409,6
1,2388454357,1.008267,22242075,46
1,1185632381,1.038798,22242941,6
1,2011139807,0.966732,22245924,36
1,3904135211,0.982762,22249092,39
1,4150826269,0.956577,22253938,63
1,2794491901,0.949404,22258299,56
1,12979123,0.988706,22260051,19
1,4107831109,1.146496,22260908,6
1,3373046923,0.942176,22261639,4
1,44524013,0.964709,22262275,3
1,2812069801,0.995105,22263081,5
1,2583529607,1.078012,22264301,11
1,634522711,0.908940,22266969,32
1,2211983047,0.923859,22267696,4
1,336145763,0.964709,22268754,9
1,903586141,0.966732,22273398,60
1,316970299,0.965215,22276368,36
1,3378792323,0.995105,22277432,9
1,505004701,1.006813,22278839,14
1,1743730091,0.941139,22279430,2
1,3629794477,1.026028,22281354,21
1,3641555887,1.007782,22282298,7
1,1463042947,1.036445,22285261,32
1,3591917531,0.868840,22287363,21
1,3178726073,0.936458,22289021,17
1,1072267759,1.064795,22291137,24
1,423386423,1.008267,22292133,8
1,1392547339,0.993141,22296465,56
1,2890661489,0.950945,22298379,21
1,3557195701,1.035031,22298894,1
1,3530056289,1.033615,22302113,40
1,3449938189,1.048157,22303817,18
1,935296711,0.963190,22307687,49
1,2052326063,1.057894,22312880,68
1,637317781,1.081178,22313878,8
1,3680557147,1.139661,22314531,3
1,2514242803,1.131060,22315330,5
1,2712526039,0.993632,22316959,17
1,2247420239,0.965215,22317893,7
1,516612289,0.980772,22319019,10
1,3877616503,1.009718,22319891,6
1,1452433,0.960143,22321682,20
1,1918388569,0.911622,22322881,11
1,2565047923,0.992649,22323671,5
1,3168645707,1.006813,22325719,23
1,609792577,1.085235,22328386,32
1,2659806397,1.067086,22329736,13
1,3244554673,1.023646,22333049,41
1,3207414811,1.050948,22334334,12
1,1446549277,1.027930,22335337,8
1,1778611567,0.853531,22336128,5
1,2939076017,0.995105,22339032,35
1,3288397223,1.021736,22340513,15
1,1874963369,1.076652,22341863,13
1,105233351,0.897044,22342434,2
1,2376599539,1.062040,22343241,5
1,236137061,0.925443,22345554,27
1,2169241567,1.084334,22347126,16
1,257331829,1.059278,22347630,1
1,3370532701,1.023646,22350510,35
1,2550472097,1.051877,22352685,25
1,3783522683,1.010685,22353767,9
1,2628666179,0.993141,22354625,6
1,791806199,0.936979,22355414,5
1,3124105541,1.038798,22356689,12
1,3331085663,0.966732,22360777,52
1,1454868847,0.988706,22361433,3
1,4190256907,1.016946,22362018,2
1,3987015343,0.993141,22364277,26
1,1632265487,1.022214,22366187,21
1,892651157,0.995105,22367621,14
1,4017604627,1.026028,22368981,13
1,3159970259,0.952484,22369500,1
1,4268832493,0.901929,22370785,12
1,2260618463,1.067086,22371928,10
1,3624310871,0.908940,22373902,22
1,1629611491,0.996086,22374835,7
1,4122698737,1.021736,22377730,35
1,3488120903,0.965215,22379508,19
1,2337455101,1.076652,22381920,28
1,585246043,0.938541,22383551,17
1,3028184231,0.965215,22384421,6
1,3451219643,1.008267,22386125,18
1,523886159,0.963190,22387813,14
1,3814792939,0.978779,22388488,3
1,1919233609,0.982762,22391725,38
1,421853183,1.079370,22392338,2
1,2075969069,0.978779,22392922,2
1,2879437307,0.982762,22393720,5
1,806641189,0.982762,22394296,2
1,494226017,0.951972,22394939,3
1,1255071793,1.023646,22395653,4
1,4123613621,1.040677,22396167,1
1,1595909243,1.079822,22396762,2
1,425540839,1.093750,22399783,37
1,1365871543,1.035031,22400643,6
1,3770358587,1.019823,22401435,5
1,305676353,0.966732,22403318,21
1,2935283303,1.020302,22404676,13
1,3582751849,1.010685,22406026,13
1,3895213661,0.950945,22406609,2
1,1796923571,1.050483,22407121,1
1,1000108099,1.002925,22409028,21
1,2046584801,0.997556,22410039,8
1,667716523,0.969254,22410966,7
1,3877280951,0.910550,22411622,3
1,3813426871,1.009718,22413399,19
1,2090527567,1.022214,22414056,3
1,3291291533,0.924916,22415054,8
1,444025229,0.938541,22415709,3
1,3561630253,1.008267,22416492,5
1,508273567,1.033615,22417357,6
1,1038418049,1.038798,22418981,17
1,4178286443,1.050948,22420616,17
1,4153135201,1.050948,22421268,3
1,3857429431,0.986233,22422016,4
1,2000708011,1.014061,22423090,9
1,888304003,0.971267,22425065,22
1,2974945709,1.050019,22427594,30
1,3518256473,1.021736,22431162,45
1,45627853,0.955044,22440472,127
1,342898607,0.936979,22441675,11
1,1777136183,0.923330,22442261,2
1,1149880097,1.010685,22445925,46
1,1720309013,1.097761,22448955,37
1,1403220571,0.964709,22450998,23
1,351028669,1.014061,22453040,23
1,240782897,0.972774,22454024,8
1,859031351,0.954021,22455307,12
1,1367022253,1.034559,22456386,9
1,3631939951,1.008267,22457036,3
1,2036685499,1.050019,22458526,15
1,3103390691,0.935936,22459620,9
1,4115093153,1.108384,22460202,2
1,692767837,0.965215,22461070,6
1,769648613,0.955044,22464237,39
1,453043139,0.995105,22465431,11
1,3020003837,1.014061,22469282,49
1,3778624433,0.978280,22469869,2
1,823269593,0.981270,22470437,2
1,1966388377,0.973276,22470946,1
1,1104305557,0.988706,22471664,4
1,270166927,1.029829,22472167,1
1,3630163181,0.954021,22473040,6
1,2857230941,0.955044,22473693,3
1,1027786693,0.952484,22475599,21
1,4171920629,0.960143,22476602,8
1,607442813,1.052341,22478226,17
1,2087437823,1.020302,22480626,28
1,169260851,0.982762,22481479,6
1,1951143449,1.022214,22484010,30
1,2501541191,1.020302,22486486,29
1,3612392291,1.014061,22487001,1
1,3982674649,0.995105,22488294,12
1,2142189451,0.982762,22488887,2
1,365406161,0.938541,22493050,48
1,1598745859,1.018386,22495890,34
1,2570170241,1.000976,22498973,38
1,294368203,0.977281,22501087,24
1,3083243203,0.982762,22502020,7
1,2563665199,0.928078,22504562,30
1,1490528477,0.955044,22505701,10
1,117922643,0.941139,22508428,33
1,2888539627,0.913227,22511428,36
1,2286076577,0.938541,22512134,4
1,2711530951,0.963190,22512789,3
1,1812196093,0.941139,22514357,16
1,3865669663,0.978280,22515842,15
1,2040960239,1.014061,22516706,6
1,2613148547,0.972774,22517498,5
1,3700054249,0.994614,22519120,17
1,1144970201,1.010202,22522009,35
1,1992499351,1.083434,22525234,40
1,183557749,0.997556,22526725,15
1,1506921077,1.006813,22531916,68
1,1711909099,0.978779,22532639,4
1,2463816359,0.985243,22533155,1
1,1635672769,1.098650,22536536,42
1,1157691181,1.081178,22537252,4
1,2455630831,1.067086,22540499,40
1,2990858147,0.965215,22541570,9
1,161489179,0.993141,22542061,1
1,2976801913,0.922801,22544106,23
1,2426653597,0.995105,22547985,49
1,1602448153,1.021736,22549415,14
1,3713207461,0.993141,22550843,14
1,1500874069,0.921743,22552123,12
1,771152653,0.966732,22553262,10
1,69406213,0.965215,22555236,22
1,3206768009,0.966732,22556997,19
1,2212870417,0.908403,22558983,22
1,704167069,0.940101,22559780,5
1,4134306727,0.978779,22560503,4
1,2979548447,1.020780,22565065,59
1,862649387,0.924916,22567742,32
1,1778510039,1.073018,22568613,6
1,364407457,1.070284,22570158,16
1,3678692051,0.986233,22573406,40
1,2184182081,1.024123,22574406,8
1,145449839,0.969254,22580263,78
1,278758849,0.993632,22581953,18
1,3787061749,0.981270,22582822,6
1,3219682567,0.960652,22583894,9
1,97157903,0.969254,22586635,33
1,3121739261,1.059739,22587153,1
1,816992053,1.034559,22589191,23
1,3927845609,1.050019,22591974,33
1,1645553579,0.942176,22593341,11
1,4162146931,1.006328,22594137,5
1,114929351,1.038798,22595134,8
1,2701350811,0.978779,22597610,19
1,1605376951,0.923330,22598818,9
1,686270203,0.894318,22600860,23
1,716963903,0.936458,22603037,25
1,1805456137,1.014061,22603543,1
1,2765445833,1.014061,22606155,31
1,1380080963,1.036916,22607216,9
1,3752271511,1.026028,22610935,47
1,1506839417,1.031250,22611653,4
1,1303339571,0.990679,22612311,3
1,871513099,1.038798,22613036,4
1,359267309,0.971267,22615916,35
1,1479836167,0.997066,22617474,16
1,2474504741,0.988706,22620077,31
1,2623875347,0.969758,22620653,2
1,287779549,1.029829,22621226,2
1,1061145647,1.018386,22624190,36
1,2771975909,0.965215,22629912,75
1,2232347393,1.067086,22633409,44
1,94388719,0.952484,22634182,5
1,288731171,0.881117,22636009,20
1,1291084163,0.993632,22638341,27
1,3743659477,0.938541,22639138,5
1,2588186057,1.038798,22640899,19
1,2209277513,0.982762,22641971,9
1,2394479707,1.037387,22646579,58
1,2943809069,1.111464,22649916,41
1,220191277,0.950432,22655258,70
1,1200020813,1.033615,22656682,14
1,1537375181,1.010202,22657199,1
1,6055703,0.990186,22658809,17
1,2479711951,0.938021,22660228,14
1,2669373263,1.036445,22661234,8
1,736147253,0.986233,22663135,21
1,166190077,0.969254,22664067,7
1,3263801531,0.969254,22672414,113
1,3077552591,0.949404,22678037,74
1,550249207,0.881117,22679664,17
1,637342619,0.936979,22680328,3
1,3864493987,1.035031,22681543,11
1,2356380049,0.982762,22690085,116
1,1493203163,0.951972,22691496,14
1,4109380733,1.124132,22697002,65
1,3252489881,0.982762,22698597,16
1,1182948059,0.997556,22700364,19
1,2528833201,0.924916,22702211,20
1,4220703899,0.965215,22703982,19
1,2809690951,1.119343,22708489,58
1,1922114237,1.026028,22713177,61
1,555741281,1.010202,22717405,54
1,2350849331,1.011651,22719099,18
1,2277281471,1.020302,22719757,3
1,3234446071,0.997556,22720766,8
1,3667737587,1.022214,22721706,7
1,4181459231,0.923330,22722845,10
1,3085074247,0.981270,22724825,22
1,1373345429,1.011651,22725840,8
1,994361623,0.881117,22726572,4
1,512248829,0.997556,22727912,13
1,4177426237,1.033615,22729142,11
1,3371969143,0.940101,22733422,55
1,2635890601,1.093750,22736785,42
1,3414007853,1.021736,22738489,18
1,3961505479,0.966732,22740127,17
1,93913109,0.980274,22742770,32
1,1486353439,0.978779,22743495,4
1,362030393,0.982762,22744968,15
1,3410535367,0.940620,22746604,17
1,406334909,0.915897,22747664,9
1,3920344453,0.936458,22749721,23
1,13041367,1.050483,22751336,17
1,1299541667,0.967237,22756117,62
1,450350269,1.029354,22757409,12
1,3366553037,0.921743,22758415,8
1,4032679069,1.005357,22759069,3
1,732453017,0.964709,22762774,47
1,1161494287,1.029354,22766214,43
1,122490209,0.966732,22766985,5
1,1387149769,1.050019,22767499,1
1,783410233,0.913227,22770953,43
1,983326759,1.042083,22771874,7
1,2913772517,0.993632,22779942,109
1,98970577,0.988706,22780441,1
1,1048378693,0.988706,22781931,15
1,3177366721,0.982762,22784261,27
1,468456091,0.981270,22784773,1
1,3586717367,0.913227,22794966,139
1,3390899789,1.022214,22797552,27
1,530361707,0.895954,22798817,10
1,3181388897,1.029354,22803730,64
1,375750923,0.968750,22807517,48
1,280832653,1.027930,22810531,37
1,2665874579,1.042083,0,20
1,3210137221,0.997556,3234,36
1,3598986427,1.022214,7442,54
1,1108604317,0.988706,13327,78
1,3733285421,0.981270,15518,25
1,944169097,0.949404,17563,23
1,658869571,1.002925,21080,38
1,718213373,1.000488,21830,4
1,1542545869,1.010685,23399,16
1,2018123747,0.923330,25810,28
1,329697239,0.995105,28411,31
1,920194573,0.992649,29125,4
1,2191185793,1.044891,29702,2
1,226624817,0.992649,30399,4
1,1830990709,0.882778,31343,7
1,3158055013,1.040677,32832,15
1,3783371983,1.020302,33829,8
1,730217039,1.050483,34686,6
1,85945259,1.052341,36649,22
1,3911863297,0.993141,39732,38
1,3871536913,1.005357,41992,26
1,2883474247,1.008267,42939,7
1,3466361963,0.989199,44507,16
1,2303771203,0.964709,49133,60
1,1876222303,0.942176,50076,7
1,1644603643,0.980274,57176,95
1,1778395369,0.919090,58315,10
1,2914889063,0.940620,59827,15
1,1320858067,0.995105,60341,1
1,575238607,0.889391,61058,4
1,2980887289,0.977281,62482,14
1,918836467,1.006813,64041,16
1,3858555487,1.000976,66664,31
1,3853841737,1.005357,69826,39
1,1012034731,0.997066,71170,13
1,2987283307,0.910550,75623,57
1,1117462033,1.018386,78013,28
1,3677610329,1.029829,79583,16
1,577408003,1.040677,80583,8
1,1362544301,0.952484,81095,1
1,1290511877,0.965215,82590,15
1,1214880773,0.995105,83585,8
1,1731774223,1.034559,86547,36
1,1518611329,1.029354,87047,1
1,1855389763,1.022214,87830,5
1,3026459771,0.901929,89112,12
1,1898141813,0.981270,89626,1
1,2718271027,0.966732,90755,10
1,3572637637,1.014061,94758,51
1,2200174087,1.038798,95340,2
1,4074937831,1.064795,96137,5
1,3711057991,1.086584,98322,25
1,2077085093,1.046292,99964,17
1,293796673,1.008267,104011,52
1,2280465179,0.969758,104948,7
1,2710721957,1.014061,105669,4
1,4012295977,1.093750,106543,6
1,651658927,0.952997,107332,5
1,432769223,0.969254,108323,8
1,1414936097,0.954533,109033,4
1,3958596637,0.990679,110313,12
1,880733323,1.006813,114305,51
1,488190491,1.005357,116345,23
1,4234620569,1.040677,117637,12
1,1784260649,1.161727,122671,62
1,2731078193,0.886641,123820,10
1,3466955003,0.868840,125354,5
1,3940225759,0.897588,126039,2
1,3094224433,1.000976,131099,66
1,1822034321,1.020780,132309,11
1,1221612653,1.121958,136014,47
1,2261299967,1.067086,138371,27
1,1720642013,1.000488,141355,36
1,2468291411,1.011651,143123,19
1,3080439281,1.012133,143919,5
1,1130822059,1.022214,146402,29
1,837881411,0.981270,147672,12
1,5047447,0.982762,150320,32
1,518678879,1.022214,151605,12
1,4265589001,1.139233,152261,3
1,3513773479,0.946313,152992,4
1,1288301519,0.980274,153586,2
1,2058355001,0.997556,155971,28
1,1069854473,0.942176,156757,5
1,1397637383,0.965215,157959,11
1,482169847,0.930180,159170,11
1,1578721241,0.965721,160317,10
1,75403667,0.935936,161379,9
1,4080696379,0.977281,161905,1
1,4057959967,1.023646,164043,24
1,3431738731,1.064795,164762,4
1,3557766073,0.980772,165966,11
1,3028570301,1.022214,167592,17
1,2706536893,0.936979,171040,43
1,1425077897,0.942176,176858,77
1,2545851727,1.014061,177379,1
1,212288099,0.895954,181876,58
1,3668471501,0.982762,183997,24
1,3385615271,0.929655,185624,17
1,3846090373,0.942176,186418,5
1,2406679159,0.969758,187287,6
1,4232961877,0.958616,188293,8
1,4067841769,0.969254,189435,10
1,730147499,1.023646,190436,8
1,750313661,0.999023,191921,15
1,753881837,0.988706,192435,1
1,2115656843,1.064795,196297,49
1,1592197787,0.950945,198067,19
1,4678741,1.019823,198829,5
1,2343877087,1.022214,200955,24
1,3969111269,0.963190,203704,33
1,877155589,0.980274,204757,9
1,2141139073,0.967237,206174,14
1,2491424297,1.079370,207938,19
1,1986463711,0.993632,210495,30
1,1225958311,1.022214,214590,52
1,799618861,1.006813,215937,13
1,498024677,1.005357,217069,10
1,2151531313,1.009718,218280,11
1,3408095459,0.969254,219068,5
1,2787545989,0.993141,221313,26
1,473098573,0.993632,223278,22
1,2226710413,1.006328,224132,2
1,1558968223,0.941139,225897,16
1,1533065579,0.936979,227351,14
1,3516923441,1.066628,228154,5
1,1434836999,1.023646,229361,11
1,1201354309,0.982762,233512,53
1,3737193553,1.036445,234780,12
1,948678281,0.951972,238157,42
1,2427622987,0.994614,242017,49
1,3551413087,1.023646,243026,8
1,2687689397,1.022214,244721,18
1,2644204709,1.011651,246627,21
1,3423122981,1.036445,247341,4
1,1858745873,0.965215,248483,10
1,616718101,0.954021,249266,5
1,4240018499,1.018386,251818,30
1,3958927579,1.023646,253309,15
1,568643291,1.068458,253820,1
1,207168499,0.998534,256286,29
1,2048269831,0.921743,257923,17
1,3382168759,1.006813,258858,7
1,734080847,0.969254,260439,16
1,95135407,0.951972,263389,36
1,2933091431,0.970261,265383,22
1,948375097,0.993141,268410,37
1,521883763,1.022214,270738,27
1,1019007793,1.006328,273347,31
1,3247917481,0.965215,275884,30
1,1077463333,0.942176,276385,1
1,2797171319,0.936979,277324,7
1,2001251617,1.081178,279433,24
1,1430299957,1.091963,281618,25
1,3801539179,0.966732,282826,11
1,1334060543,1.004871,283688,6
1,1235367281,0.964709,285729,23
1,3470311877,1.042083,287645,21
1,2540111347,0.980274,288436,5
1,424248529,1.081178,290355,21
1,4000091521,1.014061,290942,2
1,2514572713,1.021736,293077,24
1,2023369697,0.976781,293593,1
1,3937902139,1.062959,295511,21
1,255646067,0.972774,298327,34
1,1917588667,0.965215,298905,2
1,1048770241,0.950945,300400,15
1,190723177,1.014061,303054,32
1,2915859131,0.931753,305820,33
1,3001386943,0.973777,307894,23
1,3973745239,0.978280,308562,3
1,1172178797,0.938541,309420,6
1,3268594019,0.923859,311466,23
1,1699820897,0.897044,312884,14
1,2705641163,0.908940,317238,56
1,923517701,0.964709,317741,1
1,1950136841,0.982762,320496,33
1,1072427179,1.168432,321443,7
1,51843661,0.973777,324173,33
1,2887054343,1.048623,325313,10
1,1791689917,0.952484,327351,19
1,1857869201,0.980274,330432,36
1,1090622677,1.022214,331162,4
1,1589855879,1.062959,332376,11
1,3140615237,1.046292,334654,26
1,1215956047,1.006328,340195,73
1,353050099,1.007782,341823,17
1,3107287247,0.932277,342616,5
1,3493243067,0.980772,343128,1
1,4075317871,0.978779,344409,12
1,1872845701,0.995105,345208,5
1,2536725251,0.923859,345795,2
1,4182480821,0.929655,346869,9
1,3520758337,0.980274,350601,47
1,1792323343,0.977780,352025,14
1,2174293621,0.969254,353296,12
1,1020992641,0.990679,354148,6
1,637541063,0.952484,354786,3
1,2319910909,1.022214,357234,27
1,2255757481,1.006813,360157,35
1,1529019761,1.026028,361025,6
1,2469072157,0.998534,361671,3
1,1073264233,0.913227,362681,8
1,1138535887,0.897588,366836,53
1,3112213487,1.018386,367498,3
1,3602616883,0.971267,368993,15
1,2482536887,0.954021,369513,1
1,2659294999,0.868840,371705,25
1,2409437057,1.011651,381276,131
1,984791131,1.039268,382136,6
1,1343548313,0.993632,382990,6
1,3128404031,1.008267,384566,16
1,575087813,0.924916,388272,47
1,1634965877,1.035031,388923,3
1,701488747,1.005357,391943,37
1,3644090803,1.050948,394555,31
1,1915996751,1.094196,397096,30
1,3252395929,1.018386,397895,5
1,3979999571,1.036916,403010,67
1,2294380001,1.021736,407781,62
1,159852059,0.964709,412684,64
1,2207542819,0.969254,413958,12
1,3140286031,0.942176,415542,16
1,1625281703,1.026028,417172,17
1,3289617889,0.993632,421900,61
1,2912486933,1.008267,423039,10
1,3926686123,1.006813,425729,32
1,1789887079,0.964709,426596,6
1,157256843,0.996576,427447,6
1,192565861,0.963190,428735,8
1,4233871493,1.038798,430274,14
1,346067203,0.950945,430793,1
1,2769821179,0.969254,434238,43
1,455092753,0.938541,436477,26
1,2286253181,0.995105,437480,8
1,2455531909,0.965215,438482,8
1,274471807,1.051877,438990,1
1,3498835117,1.022214,443774,62
1,103712771,1.085235,446503,33
1,2918814959,1.057894,448564,23
1,1327500953,1.029354,449068,1
1,3863772317,1.036445,450006,7
1,2742756139,0.913227,450656,3
1,1596499277,1.037387,451236,2
1,1465638253,0.997556,452176,7
1,2313469009,1.008267,452900,4
1,582490081,0.997556,453752,6
1,2873020897,0.997556,458133,56
1,922941389,1.050948,459769,17
1,2654637679,1.029354,460703,7
1,2992327463,0.925443,462329,17
1,1038611653,1.062959,466420,52
1,3544616833,0.928078,468971,30
1,1930367363,0.931229,470885,21
1,869751823,0.965215,471397,1
1,843168827,0.949404,472259,6
1,2232400837,0.941139,474390,24
1,3201229099,1.108384,475477,9
1,3807864329,1.048623,476758,12
1,2569709543,1.035503,478039,12
1,1033777607,0.950432,478691,3
1,3330298871,0.993141,481936,40
1,552431819,0.969758,483766,20
1,2552473669,0.891036,484339,2
1,3101431433,1.017426,484843,1
1,110132959,0.973777,485977,10
1,2236747537,0.966732,486825,6
1,4039955071,1.107503,488177,13
1,319196483,1.006813,489108,7
1,4205121407,0.994614,491315,25
1,113192537,0.997556,492945,17
1,3859004507,0.997066,494168,11
1,4127437859,0.882778,495796,17
1,19936141,0.993632,499135,42
1,3151902251,0.982762,499723,2
1,1702077007,0.963190,502409,32
1,1728798937,0.931753,503683,12
1,1602611279,0.908403,506235,30
1,245846831,0.993141,507228,8
1,3852470887,0.882778,507802,2
1,280157159,0.980274,508945,10
1,1541007049,0.967237,510023,9
1,1512577711,1.026028,510810,5
1,1368518863,1.087482,513696,35
1,3571901089,0.959126,514558,6
1,2632484861,1.043488,516824,26
1,2986235563,0.993632,517411,2
1,3197913359,0.936458,518063,3
1,2820557287,0.936979,519412,13
1,2897809381,1.021736,520970,16
1,42690133,1.014061,522660,18
1,2452429669,1.035031,525548,35
1,3790234661,1.009718,528784,40
1,1034707651,0.923859,530692,21
1,2096141657,0.972272,531973,8
1,4137845477,0.964709,534963,34
1,2891487233,0.966732,536041,9
1,3224716777,1.027930,536554,1
1,1578430979,0.886641,540076,44
1,3692013449,0.993632,540724,3
1,1920933401,1.006328,541655,7
1,2097586289,1.035031,546200,59
1,289011979,1.006813,549071,35
1,3849291599,1.023646,551611,30
1,180241661,0.938541,554343,33
1,1322348017,1.000488,556183,20
1,1738032817,1.104412,557676,15
1,970794859,1.006813,558469,5
1,3787591463,1.005357,560455,22
1,2648405191,0.989199,565867,71
1,3627550543,1.050948,566931,9
1,2373831883,0.985243,568569,17
1,3037660937,1.008267,573202,60
1,9668431,0.996086,576764,45
1,1535796547,0.940620,577979,11
1,4046429311,1.038798,582796,62
1,1853524237,1.029354,585955,39
1,3039027547,1.064795,587232,12
1,3259003277,1.026980,588987,19
1,3432499099,0.993632,589781,5
1,4227271099,1.050948,593526,47
1,508299391,1.014061,594030,1
1,2023895243,1.018386,596016,22
1,3540247159,0.965215,598504,29
1,3247961803,1.023646,600204,18
1,2028071263,0.960652,606412,82
1,388379989,0.954021,607410,8
1,1647389137,1.011651,609733,27
1,121190963,0.966732,610233,1
1,1924998799,1.014061,612982,33
1,3827477239,1.040677,613502,1
1,1172137409,1.078012,616109,31
1,349366229,1.091516,617736,17
1,2139939059,0.995105,620499,33
1,125888003,1.068458,622312,20
1,2626561781,1.000488,624714,28
1,3353985751,1.062959,626413,18
1,1674065047,0.938541,628312,21
1,392725811,0.897588,629369,9
1,1710965579,0.903552,630448,9
1,3877801043,0.969758,631945,15
1,3008843129,1.064795,635317,36
1,59636821,0.973777,637375,23
1,448829221,0.921743,638515,10
1,3617931937,0.994614,640136,17
1,737650421,0.995105,640793,3
1,3236424689,0.963190,642073,12
1,2581571189,0.995105,645047,36
1,1887087439,1.050019,646136,9
1,2198017901,1.010202,650073,50
1,3663028111,0.964709,650660,2
1,2399250839,0.985243,651170,1
1,2140538921,1.042083,651682,1
1,4116599449,1.062959,655844,53
1,3518945929,1.022214,657402,16
1,660588893,0.980772,658550,10
1,1431327949,1.042552,659056,1
1,2922883307,1.050948,659643,2
1,4132266247,0.986233,662459,34
1,4002107797,0.982762,664659,25
1,3536170483,1.050483,666706,23
1,534789481,0.960143,667905,11
1,1492376927,0.955044,668503,2
1,2615576611,0.970261,670768,26
1,1129779401,0.940620,673997,40
1,1212469579,0.993141,680544,87
1,518089633,0.996086,683222,32
1,4225415347,1.057894,685135,21
1,1400741941,0.913227,686967,20
1,625946873,0.995105,690007,37
1,623976161,1.026028,695334,70
1,138986399,1.036445,695832,1
1,3068620201,0.996086,697045,11
1,1797235969,0.952484,697691,3
1,2124588671,1.119343,698627,7
1,4292220007,0.978779,701806,39
1,392451347,0.988212,703154,13
1,563759761,1.079370,704077,7
1,2004291169,0.982762,709676,74
1,2127155533,1.033615,711304,17
1,4205376671,0.951972,713508,25
1,69364703,1.006813,714215,4
1,1216771487,1.005357,714867,3
1,237319981,0.971267,717194,27
1,4059795241,0.881117,719456,26
1,727209037,0.973777,720597,10
1,4110766663,0.981270,721244,3
1,1863476819,1.087033,722451,11
1,3176390317,1.108825,728239,76
1,270521821,0.944764,730000,19
1,3448563263,0.944764,733536,44
1,2199751837,0.936458,734747,11
1,2612938243,0.895409,743038,107
1,1617309871,1.033615,744967,21
1,2526637523,1.074382,747100,24
1,3553436059,1.076652,750213,38
1,2079385619,1.052341,750797,2
1,244730491,1.101313,752880,23
1,3276364207,1.063419,753675,5
1,4192804177,0.997556,754187,1
1,3627316123,0.975280,755334,10
1,1637910103,1.023646,758973,46
1,91846771,1.064795,760170,11
1,2594215571,1.023646,763197,37
1,2113760611,0.965215,763719,1
1,3144205381,1.020780,764436,4
1,4082030273,1.050948,765654,11
1,341343347,1.050948,767971,27
1,1041831979,0.954533,769526,16
1,4245526771,0.950432,773542,50
1,2168332217,1.129764,774637,9
1,3105825343,1.023646,775360,4
1,3882401101,0.925443,776649,12
1,4196492903,1.021736,778294,17
1,3265295653,1.010685,779077,5
1,2091322141,1.019823,779799,4
1,3756716071,1.087482,787910,110
1,1852144057,0.955044,789681,19
1,19641019,1.000488,791575,21
1,65926621,1.002925,793135,16
1,332925787,0.997556,797201,52
1,1171507903,1.022214,798345,10
1,2906796703,1.042083,799629,12
1,1963740139,1.068458,807217,102
1,960330271,0.928078,810601,42
1,3064546577,1.026980,812786,25
1,2437303093,1.000488,813917,10
1,146861263,0.977281,814565,3
1,1427759167,0.938541,815773,11
1,3440851157,1.023646,816701,7
1,930039101,0.901929,819310,31
1,4289142223,0.901929,820391,9
1,2157021709,0.950945,820895,1
1,2298177073,1.022214,823583,32
1,3458471759,1.074382,824651,9
1,3378771917,0.965721,828257,45
1,2553223207,0.952484,830524,26
1,2345684773,1.032197,834948,57
1,2067819641,0.936979,837909,36
1,1437866959,0.919621,838852,3
1,4030069,1.009718,839899,7
1,1918217047,1.042552,842175,26
1,2209842707,0.995105,843602,14
1,1516010429,0.969254,844547,7
1,737384701,1.027930,846820,26
1,1623000661,0.931753,847393,2
1,965421019,1.029354,851399,51
1,2500269991,0.982762,851980,2
1,3439606019,0.982762,853318,13
1,1356597601,0.901929,855076,19
1,4045601683,0.879453,858316,40
1,2771494889,0.985243,859675,13
1,4281642649,0.993141,862570,35
1,1764182323,0.897588,864759,25
1,2378227123,0.969254,865274,1
1,3370502237,1.010202,869633,56
1,482923477,0.913227,871605,22
1,3082359659,1.006328,872190,2
1,1130684189,1.054659,873970,19
1,4041257131,1.039268,875948,22
1,1376812093,0.966732,877435,15
1,381650447,1.062040,878516,9
1,2088327937,1.036445,880064,16
1,1740117689,0.970261,881341,12
1,1655730029,1.063419,882897,16
1,3690880021,1.035031,883701,5
1,3137365277,0.938541,884694,8
1,24669259,1.074382,885185,1
1,3865262251,0.966732,889296,52
1,4044347257,1.050019,891219,21
1,3010636753,1.006813,895373,53
1,2950860529,1.032197,897572,25
1,390459269,0.938541,898846,12
1,2288438881,1.012133,902645,48
1,2697611009,0.985243,903144,1
1,2590876529,0.997556,905339,25
1,481019239,1.036445,906550,11
1,3616977061,0.941139,909298,33
1,2271351757,0.884436,911200,21
1,532636849,1.020780,913104,21
1,2028423541,1.052341,915310,25
1,340672933,1.057894,916295,8
1,260954321,0.990679,917073,5
1,1189289909,1.005357,918919,20
1,149386177,0.993141,919568,3
1,1768503073,0.903552,920699,10
1,3535401187,1.040677,922050,13
1,640572109,0.923859,924101,23
1,2363375243,0.952484,926524,28
1,1720985099,0.963190,927098,2
1,1741937749,0.996086,934585,100
1,105395923,0.993632,935802,11
1,830514133,1.005357,938668,35
1,1553986957,1.036445,939891,11
1,475487041,1.078917,944368,52
1,1587880913,0.958616,945748,13
1,603196981,0.965215,946540,5
1,2925193847,0.913227,947556,8
1,3132347293,1.021736,950169,31
1,2265470407,0.911622,953967,48
1,931463311,0.903552,954747,5
1,3925897627,1.042083,957069,27
1,2383733111,1.029354,957588,1
1,2546700973,1.008267,958104,1
1,342203479,0.994614,960231,24
1,4026149227,1.025552,961725,15
1,896077001,1.023646,962784,9
1,3884373329,0.958616,964204,14
1,1160623427,0.936458,966741,30
1,1975234343,0.882778,967478,4
1,367107817,1.021736,971560,52
1,3236670979,1.000976,973043,15
1,2456502241,0.986233,974466,14
1,2005213967,0.975280,977423,36
1,3024785969,1.025552,978134,4
1,1865849519,1.070284,982003,49
1,724978217,0.923330,985777,48
1,3672355567,0.958616,988255,29
1,3187736693,1.064795,990015,19
1,2635622749,0.996086,994845,62
1,3592626413,1.008267,995423,2
1,1747349473,1.004871,995931,1
1,4213220867,0.952484,996583,3
1,1119271091,1.010202,999402,34
1,1931996293,0.969254,1001673,26
1,1073147279,1.023646,1003596,21
1,1545572569,1.008267,1007543,50
1,2847964057,0.969758,1008190,3
1,193272367,0.969758,1009811,17
1,1418221403,0.928078,1011438,17
1,265827547,1.011651,1015083,46
1,3852227843,1.017426,1015739,3
1,3112722269,1.035031,1017233,15
1,3387626791,0.993141,1023764,87
1,449804539,0.980772,1024836,9
1,2657177899,0.982762,1025692,6
1,2512927873,0.986233,1027246,16
1,309558043,1.010685,1028381,10
1,2359401839,0.899761,1031068,32
1,3992912269,0.913227,1033555,29
1,513371087,0.981270,1036793,40
1,464800811,1.033615,1039457,32
1,2945430947,1.008267,1040821,13
1,2784753053,0.955044,1042614,19
1,41665831,1.004871,1044724,20
1,3268412233,0.993632,1046226,15
1,990310429,0.993632,1046876,3
1,2380288787,1.064795,1048719,20
1,380226599,1.021736,1051597,35
1,2654350943,0.916963,1052391,5
1,541029121,1.038798,1055417,37
1,3795878683,0.927551,1057944,30
1,765136661,0.911622,1060508,30
1,3993454873,0.914296,1063033,30
1,568818139,0.970261,1066692,46
1,2099477483,0.969254,1067630,7
1,3232106201,1.021736,1069038,14
1,2407342759,1.059739,1072068,37
1,609592187,0.993141,1073575,15
1,2909494649,1.000976,1078905,70
1,2142584909,1.000976,1081654,33
1,828023243,0.981270,1082723,9
1,999635431,1.023646,1084352,17
1,3221265977,0.995105,1086610,26
1,677271337,1.064795,1088018,14
1,466882987,0.965215,1089363,13
1,3760340861,1.022214,1090089,4
1,259936667,1.024123,1092283,25
1,1168574903,0.936458,1095603,41
1,2833930031,1.018386,1097443,20
1,61439113,1.029354,1099961,30
1,4096754807,0.982762,1100481,1
1,440466739,0.978280,1101549,9
1,3458547641,0.931229,1103662,24
1,1062445193,0.970261,1104807,10
1,2523293447,1.020780,1105318,1
1,352977857,1.070740,1108115,34
1,3023657141,1.022214,1110297,25
1,2476779883,1.091963,1111225,7
1,3131884559,1.009718,1112646,14
1,3673914583,1.026028,1113309,3
1,748844519,1.035503,1114603,12
1,4061182351,0.981270,1115612,8
1,327561361,0.930180,1119465,49
1,2292456707,1.067086,1122158,32
1,3956545157,1.006813,1123232,9
1,1761024563,0.997556,1124598,13
1,1171519033,0.938541,1131132,87
1,3156484217,1.068000,1132618,15
1,3411131741,0.936979,1133205,2
1,2844616417,0.993141,1133782,2
1,1829969357,0.969254,1135692,21
1,218781763,1.038798,1141349,75
1,1375409323,1.011651,1142215,6
1,3646902491,0.995105,1143296,9
1,3625529483,0.938541,1147150,45
1,2936025067,0.922801,1153595,75
1,1329541379,0.972774,1155338,17
1,4145970991,0.978779,1156005,3
1,3905017621,0.955044,1156876,6
1,2578526281,0.973777,1157378,1
1,348020611,1.026028,1158948,16
1,356607541,1.039268,1160845,21
1,1876328297,0.928078,1163737,35
1,3696088321,0.950945,1165990,26
1,1623194299,0.993141,1167139,10
1,1577643311,0.969254,1167861,4
1,1023748049,0.994614,1171293,43
1,2741784271,0.965215,1171877,2
1,468662347,1.038798,1173854,22
1,3844529417,0.936979,1174640,5
1,176424821,1.042083,1175624,8
1,748444153,0.938541,1176486,6
1,4002196447,0.903011,1177843,13
1,3389764981,0.951972,1178635,5
1,3681989827,1.022214,1180551,21
1,1355234731,0.919621,1181900,13
1,1873184449,1.024600,1185138,40
1,2080923521,1.050948,1186130,8
1,336823871,1.010685,1186632,1
1,2186084597,1.010685,1188948,27
1,2982611147,0.982762,1191768,34
1,4274079919,0.950945,1192283,1
1,2563496591,0.997556,1192798,1
1,2304921109,1.048623,1198200,71
1,785282807,0.981270,1198719,1
1,216715243,0.995105,1202789,52
1,3621437353,1.035503,1203937,10
1,2554701091,1.076652,1211569,103
1,2883882811,0.959126,1212086,1
1,4014898529,0.964709,1213743,17
1,3222476197,0.938541,1215429,18
1,2643700327,0.854103,1217210,19
1,1874337851,0.924916,1219678,29
1,1918329583,1.050948,1221795,24
1,1094279377,1.004871,1222785,8
1,2159785109,1.006328,1223851,9
1,2948628251,0.969254,1224584,4
1,574967623,0.995105,1226898,27
1,1506860917,1.050948,1227912,8
1,3585446923,0.965215,1232979,66
1,3054351281,1.000976,1239858,92
1,2997216221,0.993141,1241497,17
1,1649387053,1.048623,1243608,24
1,2280805363,0.969758,1245864,26
1,2445306607,0.897588,1248124,21
1,2090808961,0.901929,1250887,31
1,222089573,0.971267,1256036,67
1,3761565491,0.969758,1256560,1
1,1951756657,0.952997,1259252,32
1,3030551179,0.994614,1260669,14
1,2248447379,0.951972,1261382,4
1,4026847379,0.995105,1262100,4
1,3122515243,0.996576,1263327,11
1,1447940393,0.949404,1264041,4
1,85871453,1.057894,1269775,76
1,1870276537,0.923859,1270361,2
1,1702429319,1.010202,1271362,8
1,1922550691,1.052341,1272301,7
1,2823661,1.039268,1274591,27
1,90136337,1.006813,1276762,25
1,1073913361,0.969758,1279977,40
1,2858254277,0.968750,1282665,32
1,3225496993,1.136229,1283727,9
1,2981327039,1.079370,1284392,3
1,1152584591,1.023646,1288607,54
1,3454549843,0.980274,1289333,4
1,1178956147,1.006813,1290608,12
1,1757376499,0.952484,1291133,1
1,1933652953,0.944764,1292766,17
1,224215697,0.940101,1294444,18
1,3197049487,1.069828,1295107,3
1,492304559,0.992649,1295837,4
1,1565061917,0.950945,1299717,49
1,1088867743,1.048157,1302187,29
1,2901183317,0.921743,1303325,10
1,1292237909,1.023646,1304539,11
1,3793477451,1.093750,1306387,20
1,1937058881,0.940620,1307040,3
1,1616429849,1.057894,1309846,34
1,1087421549,1.006328,1312240,28
1,2547241537,0.993632,1314070,20
1,592034489,0.967237,1314788,4
1,3232906997,1.037387,1315724,7
1,3185389523,1.070284,1317376,17
1,1263623159,1.010685,1318319,7
1,3056640073,0.965215,1319167,6
1,3063619903,1.110145,1319757,2
1,1080479597,0.993632,1321598,20
1,2996169103,0.969254,1322956,13
1,1950443603,0.966732,1326741,48
1,2199428711,0.960143,1328716,22
1,3451419091,1.063419,1333007,55
1,3785538517,0.901929,1334705,18
1,2359377571,1.039738,1336263,16
1,2734547143,0.908940,1340142,49
1,2109094723,1.032197,1341147,8
1,2456555891,0.982762,1342215,9
1,3319489417,0.958616,1343771,16
1,4149445133,1.010202,1345125,13
1,2064193613,0.982762,1345631,1
1,1265014879,1.022214,1348462,34
1,843592423,0.995105,1351294,30
1,95968549,1.050483,1352541,9
1,314557879,0.982762,1353563,8
1,1223586307,0.960143,1354576,8
1,609921919,0.931229,1356674,22
1,3245860451,0.938021,1358053,13
1,2226895273,0.944764,1358921,6
1,1326707363,0.944764,1360061,10
1,3163840759,0.993141,1363504,43
1,2486608997,1.022214,1371541,109
1,4177443019,0.981270,1374098,30
1,2526832309,0.948889,1374756,3
1,1061908381,1.011651,1376117,13
1,2325773707,0.969254,1379212,38
1,1760127883,0.944764,1379725,1
1,3753087697,0.965215,1380724,8
1,2720011759,0.982762,1381857,10
1,2918297887,0.999023,1383700,20
1,3006493549,1.043020,1385402,18
1,1883584189,0.929129,1385912,1
1,3052598371,1.022214,1386862,7
1,3240400279,1.070284,1391711,63
1,2089905127,0.938021,1395520,48
1,3117346483,1.022214,1396042,1
1,3397925497,1.035503,1398152,24
1,192581401,0.978779,1400812,32
1,2064502459,1.023646,1401681,6
1,505108841,1.023646,1402186,1
1,4024485239,1.095534,1405165,36
1,1158947539,1.014061,1405744,2
1,344408381,1.000488,1408435,32
1,1309606241,0.881117,1411161,33
1,3780747647,0.928078,1412378,11
1,1822443529,1.018386,1414002,17
1,1433492477,1.035503,1418999,65
1,257877979,1.026980,1421815,34
1,4247547503,1.005357,1423806,22
1,1096045507,0.997556,1424955,10
1,404437127,0.986233,1425688,4
1,901097101,1.024600,1434522,120
1,347408683,0.910550,1436273,19
1,790142081,0.990679,1442513,83
1,634516919,0.927551,1447077,59
1,1851774493,0.931229,1447805,4
1,1371277483,0.936979,1450342,30
1,3529203107,0.998534,1453336,33
1,3777201229,1.032197,1454412,7
1,1276917227,0.965215,1455590,10
1,3925516409,0.965215,1457009,14
1,2838799787,0.995105,1458502,15
1,1582114307,0.923330,1459504,8
1,1442057501,1.054659,1461058,16
1,402359701,1.005357,1462486,14
1,2730513301,0.949404,1464952,29
1,2803609727,1.035031,1466658,18
1,1572995591,0.938541,1467369,4
1,82217339,1.000976,1470039,32
1,2454355213,0.981767,1471667,17
1,765263159,1.052341,1476450,62
1,2942221729,0.928078,1478792,27
1,1975873469,1.038798,1480016,11
1,2931722609,1.052341,1481996,22
1,677075153,1.046292,1483967,22
1,3726974711,1.032197,1484973,8
1,1114812571,1.018386,1486333,13
1,897850013,0.993141,1489269,36
1,3909812653,0.986233,1490970,18
1,4218119743,0.913227,1491700,4
1,3457184053,1.115411,1492414,4
1,2809103663,0.942176,1493697,12
1,932529973,1.039268,1495751,23
1,184221689,0.995105,1497028,12
1,2020667969,0.966732,1498089,9
1,2096555653,0.966732,1501206,38
1,355718533,1.029829,1501710,1
1,2673061271,1.027930,1503898,25
1,1946045611,0.971267,1505056,10
1,2023799081,1.020780,1505568,1
1,9422227,1.024600,1507313,19
1,124739633,1.008267,1509059,19
1,226319441,1.050948,1511170,24
1,848046293,0.936979,1512800,17
1,368131331,0.983258,1513792,8
1,3232455419,0.997556,1514375,2
1,3572533997,1.011651,1516912,30
1,1193560129,0.954021,1517689,5
1,2903823121,0.931753,1518404,4
1,3939088333,0.995105,1519973,16
1,3781717853,0.993632,1520695,4
1,3910585213,0.993632,1522338,17
1,3526801501,1.024600,1523133,5
1,3470760011,1.042552,1523789,3
1,1826108153,1.059739,1524299,1
1,3500402089,1.033615,1526492,25
1,211626823,0.978280,1532638,82
1,2497153297,1.034559,1533281,3
1,3237861811,1.017426,1536324,37
1,1703655887,0.969254,1541673,70
1,2946341767,0.936979,1542332,3
1,633180941,1.010685,1543466,10
1,2719572769,0.952484,1544315,6
1,2132809387,1.034559,1548603,55
1,2034689759,1.079370,1549191,2
1,2276238161,1.020302,1550810,17
1,1194706607,1.000488,1552721,21
1,3930740377,0.998534,1553995,12
1,3374734499,0.950945,1555512,12
1,3066621581,0.929129,1557706,25
1,3714371317,1.051877,1563389,75
1,4231207601,1.006813,1564184,5
1,552601597,0.963190,1565329,10
1,2743507567,1.010202,1567460,24
1,2788539301,0.931229,1571896,57
1,3623852173,0.975280,1573122,11
1,2002657949,1.117160,1574194,9
1,993169687,1.095534,1577560,42
1,1452431819,1.022214,1581105,43
1,1002641291,0.982762,1584707,45
1,182257241,1.042552,1585275,2
1,74219011,0.950945,1586200,7
1,3153162797,0.965721,1588818,31
1,2371082411,1.014061,1590742,21
1,2895774443,0.995105,1591670,7
1,871990991,0.978779,1597086,71
1,3019633879,0.919621,1598255,10
1,158300939,1.038798,1601499,40
1,2678918503,0.993632,1602016,1
1,3801689263,0.986233,1604213,25
1,3848860003,0.910550,1605700,15
1,2881227047,0.993632,1606565,6
1,2939555123,0.944764,1607642,9
1,565652467,0.989199,1608780,10
1,4177039147,0.941139,1610340,16
1,2095083391,0.944764,1611418,9
1,3267558233,0.995105,1613118,18
1,2212654573,1.023646,1613703,2
1,3194440391,1.006813,1614220,1
1,1919836687,0.953509,1616609,28
1,3239102389,1.076198,1617324,4
1,3326160557,1.064795,1619157,20
1,4019136353,1.035031,1620160,8
1,3978406931,1.010685,1621720,16
1,3148867669,1.024600,1622595,6
1,211708993,0.965215,1623364,5
1,34970779,1.068458,1624215,6
1,2105002073,1.083434,1626192,22
1,546896353,0.936458,1626904,4
1,1918788353,0.950945,1630432,44
1,1748753371,1.043488,1633612,39
1,3347253083,0.981270,1638025,57
1,362872651,0.941139,1639715,18
1,66100007,0.894864,1641334,17
1,453571777,0.903552,1645192,49
1,2674065577,0.971267,1647369,25
1,3163999961,1.050019,1651116,47
1,2600520191,1.057433,1652541,14
1,2073539773,0.966732,1654941,28
1,2442186781,1.020780,1656009,9
1,817463743,0.983258,1657142,10
1,3975410693,1.023646,1658565,10
1,247061117,1.029354,1660993,27
1,186666143,1.021736,1662411,14
1,2473682399,0.973276,1663773,13
1,1648465459,1.064795,1664912,10
1,3006466429,0.923859,1665570,3
1,3911143373,1.021736,1666783,11
1,455482369,1.000488,1668389,17
1,1960985261,0.993141,1674156,76
1,2063184523,1.038798,1676844,32
1,2925984907,1.022214,1677849,8
1,102322091,1.022214,1681074,40
1,1238083097,1.000976,1684225,39
1,2016579377,1.027930,1687517,41
1,3091933153,1.054659,1689276,19
1,492826471,0.997556,1690629,13
1,2353183201,0.982762,1692110,15
1,362289119,0.938541,1693670,16
1,166837003,1.021736,1695015,13
1,1810080413,0.871085,1695745,4
1,4144709773,0.955044,1698435,32
1,3054158389,0.965215,1699010,2
1,2915515639,0.997556,1700586,16
1,2504519111,0.994614,1703707,38
1,1795803773,1.035031,1704290,2
1,1671366617,0.966732,1705920,17
1,3577342399,0.931753,1707206,12
1,1711856369,0.895954,1707715,1
1,2581944403,1.008267,1711146,43
1,3421728599,1.035031,1712580,14
1,964370129,0.978779,1713652,9
1,1260530119,1.006328,1714438,5
1,1578113137,0.995105,1718220,48
1,1134449339,0.995105,1719707,15
1,1718331859,1.005357,1720918,11
1,2881444361,0.895409,1722126,11
1,61471873,0.952484,1722965,6
1,3298047791,0.965215,1725701,33
1,3592251907,0.981270,1727115,14
1,1024552147,1.051877,1733277,82
1,1850593981,0.982762,1735196,21
1,1863136087,1.010202,1736972,19
1,113952679,0.950945,1738101,10
1,131121997,0.995105,1738814,4
1,242659447,0.911622,1740999,25
1,796900589,1.069828,1741731,4
1,1517071009,1.050948,1742865,10
1,541860481,0.982762,1743509,3
1,1392842239,0.969758,1744866,13
1,3405935503,0.908403,1746767,21
1,1093302439,1.035503,1747414,3
1,139164071,0.971267,1750915,44
1,848134201,1.022214,1753646,33
1,3578541151,1.054659,1755699,23
1,1442395961,0.980772,1760649,61
1,1462693123,1.036445,1762987,25
1,1800096943,0.910550,1763534,1
1,3668287057,1.036445,1764047,1
1,3641379031,1.021736,1766097,23
1,4039956667,0.952484,1766895,5
1,2378673733,1.000976,1769028,24
1,2246099587,0.873324,1769950,7
1,237364091,1.038798,1771652,18
1,828980171,0.994614,1772234,2
1,3662566123,0.960652,1776814,59
1,3859089457,0.965215,1777890,9
1,1741917293,0.982762,1779167,12
1,2679560071,1.062959,1780669,15
1,3177434119,0.966732,1783073,28
1,1436094139,0.981270,1787839,62
1,1519592749,1.008267,1788632,5
1,1876275353,0.966732,1789216,2
1,617182219,0.972774,1790901,18
1,2277064277,0.995105,1795386,58
1,124891457,0.997556,1797218,20
1,1102463423,0.993632,1797798,2
1,2321944621,0.980274,1801082,41
1,4162216717,0.910550,1801805,4
1,592747499,1.036445,1802741,7
1,2565978209,1.023646,1803250,1
1,3148105711,1.036445,1811283,108
1,3503185981,0.964709,1813739,29
1,27802487,1.032197,1814303,2
1,3092128421,0.971267,1815641,13
1,4247856443,1.050483,1817782,24
1,3526272037,1.023646,1819330,16
1,2112233231,0.941139,1824597,69
1,1991435441,0.993141,1828596,51
1,2567855569,1.005357,1834857,83
1,3501135361,1.050948,1846289,157
1,1365230879,0.900304,1849176,35
1,1260557453,1.008267,1849826,3
1,677407631,1.035031,1852281,29
1,2301167041,1.048623,1854876,31
1,817554541,0.999023,1857105,25
1,3464324159,0.977780,1862429,66
1,2334328669,0.990679,1864598,23
1,1675104133,1.016466,1868362,47
1,52697069,0.982762,1869358,8
1,1242740641,0.997556,1870644,12
1,367008739,0.949404,1872683,23
1,1931194799,1.035031,1875227,30
1,283884397,0.993141,1876781,16
1,492959977,1.036445,1877913,10
1,112126603,0.980772,1879256,13
1,679415903,1.050483,1882347,38
1,1793308967,0.908403,1884135,19
1,1703628683,0.960143,1884857,4
1,3717429557,1.026028,1885928,9
1,3770740723,0.911086,1886444,1
1,2424765599,0.982762,1889264,34
1,2965287503,0.966732,1892025,33
1,3649302197,0.988706,1892960,7
1,543398633,0.995105,1895781,34
1,2641288619,0.955044,1897277,15
1,1740377557,0.972774,1898070,5
1,449814419,1.034559,1899001,7
1,915589733,0.982762,1902293,41
1,1188393119,1.042083,1904490,25
1,1178473753,0.988706,1910301,77
1,42140099,0.997556,1911064,5
1,3599217851,1.091963,1912833,19
1,760560299,1.062040,1913570,4
1,3254391557,1.005357,1914290,4
1,3043720313,1.036445,1915779,15
1,956937613,0.952484,1917398,17
1,1783047727,0.977281,1918675,12
1,196815169,1.017906,1919245,2
1,603035417,1.050948,1920246,8
1,235534219,0.964709,1922289,23
1,357512867,1.008267,1922797,1
1,2554828883,0.952484,1926581,48
1,2135098643,1.038798,1930512,50
1,370612909,0.982762,1931085,2
1,2561476261,1.036916,1931875,5
1,3274689877,0.897588,1932884,8
1,1404563893,0.969758,1933891,8
1,1619688487,0.982762,1935234,13
1,142391633,1.050483,1941120,78
1,837560783,1.018386,1941838,4
1,1649200871,1.091963,1943547,18
1,2681595467,0.927551,1945458,21
1,3113217209,0.993141,1946260,5
1,2194267199,1.057894,1950074,48
1,3939057307,1.048157,1951502,14
1,1470915587,1.050483,1954311,34
1,1541708059,0.966732,1955934,17
1,3653790521,0.978779,1960793,63
1,372010537,0.993632,1963102,27
1,850009483,1.027930,1963617,1
1,3308852891,1.006813,1968722,60
1,3187336699,1.040677,1969348,2
1,957803839,1.020302,1970366,8
1,350329783,0.958616,1971646,12
1,2733541753,0.938541,1972367,4
1,2721110459,0.923859,1973520,10
1,2454614177,1.050483,1974092,2
1,50606513,1.093303,1978279,54
1,511863263,1.018386,1979774,15
1,1419844123,0.952484,1980625,6
1,321206393,0.927551,1982732,24
1,3240287801,0.936979,1983525,5
1,171994931,1.068458,1984023,1
1,1307486933,1.035503,1987259,40
1,2445526337,1.020780,1989292,23
1,1392874009,0.995105,1992156,35
1,2610569041,1.036916,1993649,15
1,395885837,0.910550,1995338,18
1,447846209,0.970261,1997648,27
1,1265459893,1.016466,1998926,12
1,1659897539,1.024600,1999638,4
1,3179809001,0.910550,2001954,27
1,1734240479,0.986233,2004629,32
1,3940685753,0.993141,2007455,34
1,2476080337,0.929655,2008184,4
1,88139089,0.938541,2010139,22
1,1047108617,1.011651,2019989,135
1,3263791777,1.026028,2023006,37
1,2848576459,1.047691,2023599,2
1,2250417067,1.036916,2025712,24
1,3365541409,1.000488,2027254,16
1,3245514929,0.966732,2029803,30
1,4143619897,1.006813,2031942,24
1,436737001,0.965215,2032654,4
1,3602651149,1.035031,2034206,16
1,1909814581,1.022214,2035069,6
1,207628801,0.916963,2037012,22
1,1143030313,0.995105,2039479,29
1,4028775167,0.965215,2044329,63
1,3501657703,0.903552,2045399,9
1,2276414221,1.006328,2047022,17
1,296229979,1.119780,2050174,39
1,2066150809,0.944764,2053847,46
1,1361976823,1.000488,2055340,15
1,709083941,1.043020,2056961,17
1,1431945413,0.951972,2057677,4
1,3437623877,0.936979,2059164,15
1,1379122403,0.969254,2061857,32
1,1124149303,0.901929,2062929,9
1,3663266251,1.125000,2063584,3
1,2135801053,1.118034,2065077,15
1,3813661097,1.008267,2065730,3
1,2284474303,1.000976,2066243,1
1,863049497,0.993632,2067168,3
1,1208241917,0.949404,2073444,81
1,497082263,1.010685,2075176,18
1,133341589,1.014061,2077217,23
1,1690139461,1.038798,2077733,1
1,1828348331,0.995105,2078747,8
1,370397821,1.022214,2082253,44
1,2683996963,0.873324,2083758,15
1,2867843567,1.006813,2084566,5
1,3871275851,0.910550,2087106,30
1,1279985561,0.997556,2089637,30
1,208991351,1.005357,2090839,11
1,504927067,0.969254,2092667,20
1,3147321421,0.965215,2093384,4
1,1441410301,0.936979,2094817,14
1,3754894523,0.949404,2095614,5
1,3055065331,1.008267,2096125,1
1,3249833429,1.010202,2096842,4
1,2977593001,1.023646,2097843,8
1,3702422107,0.960143,2100181,27
1,2629665397,0.997556,2103350,39
1,338973307,0.997556,2105622,26
1,3844003903,0.997556,2106279,3
1,2949731053,0.965215,2114494,111
1,2011797167,0.936458,2116423,21
1,2044742639,0.969254,2117929,15
1,420802493,1.040677,2119066,10
1,3349667969,0.980772,2119859,5
1,694166149,1.021736,2120423,2
1,945228761,0.940101,2121832,14
1,3872770277,1.006813,2122493,3
1,4282790713,1.006813,2123709,11
1,2871881263,0.969254,2125626,21
1,1044310087,0.913227,2127538,21
1,1218732157,0.938541,2130640,38
1,3829720607,0.927551,2131152,1
1,1808969263,1.010685,2132581,14
1,1068165023,0.973777,2133727,10
1,487783243,0.969254,2137025,41
1,212626331,0.955044,2138227,11
1,1916101763,1.091516,2139429,11
1,3505691291,0.988706,2141195,19
1,79931147,1.038798,2142248,9
1,1557285179,1.017906,2143108,6
1,2437845313,0.965721,2147732,60
1,3727808197,0.997556,2148386,3
1,1801160707,0.982762,2150580,25
1,2373488027,0.995105,2151519,7
1,1540450607,0.910550,2152312,5
1,3124476367,1.064795,2152834,1
1,2569973093,0.965215,2153493,3
1,3539069161,0.928078,2157147,46
1,3670887887,0.980772,2158158,8
1,2632872091,1.029354,2160912,33
1,1049391143,1.050483,2162885,22
1,205522663,0.986233,2164282,14
1,795430819,0.936979,2165004,4
1,931655339,1.050948,2165730,4
1,4257655133,1.040677,2168057,27
1,3404868737,1.010685,2168627,2
1,2207353817,1.025552,2169133,1
1,3914019883,0.901929,2170283,6
1,200100331,0.922801,2171281,8
1,2191338463,0.982762,2172499,11
1,1253118281,0.884436,2177428,53
1,3394120903,0.908403,2181191,47
1,1993426571,0.862070,2182258,9
1,3046503589,0.988706,2185776,44
1,2330839739,1.074382,2187076,12
1,2994074977,0.940620,2187731,3
1,3116902721,0.969254,2190682,36
1,2580597989,1.022214,2194784,52
1,557793521,1.046292,2197041,26
1,191375819,0.925443,2200615,45
1,43298231,1.054659,2205438,63
1,3349433267,1.026028,2210492,66
1,639320063,1.059739,2212481,22
1,2940481267,1.043020,2213272,5
1,3775071319,0.952484,2214609,13
1,2321458463,0.923859,2216730,24
1,2851208803,0.901929,2217318,2
1,170096309,0.923330,2218168,6
1,4170774847,0.950945,2219750,16
1,159450647,0.994614,2221145,14
1,4104194593,1.044423,2221993,6
1,931631677,0.972774,2224035,23
1,2140502401,0.969254,2225102,9
1,3612844427,0.978779,2225692,2
1,350836547,0.955044,2228640,36
1,2698203073,0.965215,2229425,5
1,2767137641,0.997556,2229936,1
1,2439041863,1.011651,2231355,14
1,2103409519,0.969758,2232794,14
1,104856979,0.969758,2236737,50
1,1592760943,0.982762,2238942,25
1,3312049051,1.048623,2240093,10
1,3921763999,1.027930,2242530,28
1,2462830147,0.963190,2243952,14
1,503489827,0.960143,2244807,6
1,4118256047,1.124132,2247771,36
1,2753019587,0.897044,2248424,3
1,1145570323,1.006328,2251429,37
1,1682824961,0.969254,2255416,51
1,1438476509,1.000976,2256572,10
1,150966967,0.965215,2261076,58
1,1100632877,0.958616,2262000,7
1,1685293553,0.858664,2263412,14
1,2184556013,1.022214,2264691,12
1,2704089859,0.954021,2266169,15
1,2406076991,1.029354,2267876,18
1,171349219,1.048623,2268939,9
1,3472826207,1.021736,2269952,8
1,33659629,1.118471,2272019,19
1,497155427,0.985243,2272818,5
1,1399043831,0.895954,2274496,15
1,1429777883,0.936458,2277402,35
1,4045830143,0.958616,2277927,1
1,1874395421,0.952484,2280599,32
1,116942561,0.993141,2281236,3
1,2405222437,1.032197,2281814,2
1,2261643767,0.980274,2283601,19
1,1365707159,1.034559,2286340,33
1,1694991301,1.081178,2287963,17
1,3953350367,1.044891,2288974,8
1,174191561,0.997556,2290593,17
1,2362751063,1.000976,2291105,1
1,1861224461,0.936458,2292732,17
1,3241038707,0.996086,2294007,12
1,341574053,1.010685,2296031,23
1,3553188967,0.960143,2298024,22
1,1787583509,1.010685,2302156,53
1,3886179419,0.949404,2302746,2
1,4273496441,0.950432,2304024,12
1,308171443,0.950945,2305509,15
1,4190372513,1.028405,2306288,5
1,2786435173,0.972774,2308183,21
1,2140534001,1.067086,2309888,18
1,2164219921,1.033615,2310879,8
1,659398321,0.911622,2314195,41
1,510015509,0.903552,2317706,44
1,2506193693,0.862070,2318218,1
1,3891810851,0.891036,2318731,1
1,2626616777,0.899761,2320854,24
1,1593050149,1.000976,2322759,21
1,4090145077,1.109265,2326820,51
1,1015189859,1.051877,2330884,52
1,757906609,0.881117,2331539,3
1,3054869273,0.993632,2332325,5
1,2791383169,0.881117,2334423,24
1,3264849589,0.923859,2335495,9
1,980507443,0.978280,2337544,23
1,3704848529,1.024600,2338672,10
1,421771417,0.964709,2339807,10
1,223391723,1.006328,2342216,28
1,807943777,1.039268,2350813,117
1,2418012101,0.965721,2351820,8
1,2447204327,1.014061,2358145,82
1,1042961779,0.895409,2358829,3
1,2192142019,0.931229,2361647,34
1,1371618449,0.978779,2362291,3
1,817718777,0.944764,2364758,29
1,494886299,0.980274,2368914,53
1,4206624839,0.982762,2369630,4
1,82254793,0.996086,2371680,23
1,554976127,0.901929,2373646,22
1,2115227267,0.913227,2374684,4
1,1019788417,1.023646,2375864,8
1,4118903287,1.023646,2376476,2
1,104344309,1.035031,2378091,17
1,235584829,0.995105,2379661,16
1,1709509253,1.006813,2381907,26
1,4116606751,0.993141,2382505,2
1,2309164087,0.900304,2384264,19
1,677300489,0.978779,2391598,99
1,2613031451,1.038798,2392820,11
1,3099541691,1.023646,2395647,34
1,2070510961,0.969254,2397972,27
1,3931385503,0.959126,2399460,15
1,2645534093,0.980772,2400555,9
1,733758227,0.908940,2403790,40
1,296128123,0.910550,2407311,44
1,1055446943,0.908940,2408177,6
1,433681769,1.010685,2409883,18
1,610909991,0.956066,2411300,14
1,428341363,1.010685,2411809,1
1,1033939657,1.008267,2413508,18
1,818755159,1.022214,2414651,10
1,3622145629,1.042083,2415309,3
1,2188414001,1.023646,2419379,52
1,2039604641,1.076652,2421857,29
1,2460885827,0.993141,2422850,8
1,2263170913,1.017426,2426035,39
1,3794857109,0.955044,2427449,14
1,351732137,1.093303,2428869,14
1,3498662537,0.982762,2430214,13
1,1692947189,0.965721,2432054,20
1,3042715201,1.011651,2433807,19
1,1812982541,0.954021,2434320,1
1,3911320109,1.046292,2437488,39
1,115835207,1.066628,2437984,1
1,1214591467,1.027930,2440937,36
1,3394257899,0.966732,2443184,26
1,3833087939,0.870524,2447365,53
1,1807918339,1.066628,2449511,24
1,211792631,0.936979,2450021,1
1,369658781,1.042083,2450528,1
1,4040889031,1.034559,2451742,11
1,1311977483,0.936979,2452325,2
1,359786387,0.996576,2454791,29
1,3878380607,0.982762,2456002,11
1,1790311189,0.944764,2456656,3
1,1856242939,0.952484,2457932,12
1,1594072199,0.990679,2458721,5
1,255494483,0.981767,2460696,22
1,1853519867,1.029829,2462627,21
1,1848152113,0.973276,2464171,16
1,3848867149,0.952484,2468464,55
1,3000867269,0.923330,2469680,11
1,833892547,1.010685,2471806,24
1,2099712931,1.006813,2472458,3
1,2181330721,0.940620,2474706,26
1,2825641681,0.978280,2475704,8
1,1155739817,1.054659,2477306,13
1,490382339,1.010202,2478954,15
1,799837289,1.015985,2480175,11
1,3689520937,1.021736,2482448,26
1,4249745749,1.066628,2483045,2
1,1524162203,0.997066,2485799,33
1,4006054139,0.882778,2486318,1
1,4149206657,0.985243,2490676,56
1,3874367801,1.090173,2492926,26
1,2676948803,0.966732,2495265,27
1,684429617,0.940620,2496252,8
1,1791534707,0.931753,2497885,17
1,775520741,1.021736,2500061,25
1,2745036251,1.006328,2500859,5
1,959210027,0.965215,2501780,7
1,2163035177,1.083434,2502420,3
1,2638489213,0.882225,2505798,42
1,3137018321,0.980274,2506311,1
1,1924095911,0.969758,2506901,2
1,1746208759,0.964709,2507775,6
1,3685512041,1.010685,2508288,1
1,2439107837,1.029354,2511259,36
1,3626033969,0.972774,2513294,23
1,2676816407,1.055584,2514159,6
1,2691994219,1.027930,2518088,50
1,3560633819,0.982762,2518753,3
1,3481337053,0.919090,2521225,29
1,3381906037,0.938541,2525023,48
1,3966500611,1.037387,2525682,3
1,1595880311,1.046758,2526488,5
1,1393231303,0.982762,2528315,20
1,393477769,1.006813,2529174,6
1,4157997709,0.993141,2530536,13
1,2524472969,0.946313,2531738,11
1,3872392471,0.977281,2532245,1
1,2706456139,0.960652,2535563,41
1,3279457793,0.993632,2536069,1
1,2640134023,1.069828,2537142,9
1,2489310611,0.942176,2538291,10
1,119849897,1.010685,2539419,10
1,377827019,1.051413,2543419,51
1,3411268961,0.936979,2544000,2
1,3890159107,1.009718,2544522,1
1,2912603609,0.980274,2545678,10
1,1045380359,1.006328,2546607,7
1,229353697,1.035031,2547104,1
1,1277604217,0.986233,2548312,11
1,3222847723,0.940620,2550766,29
1,1841696677,0.882778,2556438,75
1,1519767539,0.997556,2561514,66
1,2308331297,0.897044,2566984,72
1,2294402723,1.024600,2569161,25
1,163100479,1.098650,2573315,53
1,1778918321,1.054659,2575291,22
1,571812589,1.052341,2579779,54
1,735941081,1.024600,2580932,10
1,3930277249,1.050948,2585849,49
1,4265808473,0.954533,2586784,5
1,3113306563,0.966732,2590391,42
1,1936454347,1.108384,2593919,44
1,3848535247,1.020302,2597791,49
1,181150127,1.016946,2598984,11
1,2134453147,0.951972,2601602,31
1,2772831587,0.908940,2605404,48
1,4037179501,1.014061,2608278,35
1,3632458301,0.995105,2612868,59
1,3079273433,1.054659,2613616,4
1,197065529,0.954021,2616508,35
1,2643538111,0.993141,2617655,10
1,2913715957,0.936979,2619425,19
1,1109508427,1.035031,2626334,93
1,242074451,1.010202,2630275,50
1,1742706349,0.944764,2632047,19
1,4033275431,0.978280,2635067,37
1,1588074641,0.964709,2637447,28
1,720485903,1.029354,2639219,19
1,3415034377,1.034559,2641395,25
1,1808883721,1.022214,2642322,7
1,1442034457,0.935936,2643322,8
1,2593359737,0.982762,2643972,3
1,2866608649,1.014061,2646247,26
1,69746581,1.037387,2646821,2
1,1708293557,0.921743,2648613,19
1,3686501213,1.048157,2651714,38
1,566095111,1.008267,2653339,17
1,2203942361,1.008267,2655664,27
1,253971827,1.008267,2658132,29
1,1537679587,0.995105,2659130,8
1,270220201,0.952484,2661787,32
1,688168951,0.931229,2662582,5
1,3260276969,0.993141,2664489,21
1,1161723751,1.018386,2665635,10
1,1080258859,1.032197,2666627,8
1,1657070773,0.950432,2667135,1
1,256356677,0.936458,2668818,18
1,4007528323,0.980274,2669332,1
1,1943565773,1.036916,2670334,8
1,2192499539,0.901929,2671478,10
1,1709571313,1.011651,2673664,25
1,1587795073,1.038798,2676062,28
1,3497649163,0.965215,2679232,39
1,1754577443,0.889939,2681202,22
1,247364759,0.944764,2683141,15
1,2884312243,0.969254,2685515,27
1,165809801,1.010202,2686287,5
1,1948825019,0.965215,2687358,9
1,328286701,1.057894,2691992,60
1,2729961613,1.040677,2696761,62
1,1431053219,0.966732,2697684,7
1,2119345211,1.023646,2698267,2
1,3887929537,0.944764,2700934,32
1,139990469,0.997066,2703875,36
1,3537352501,1.023646,2706432,30
1,1027157741,0.948374,2708140,18
1,3445850077,0.908940,2709428,12
1,4223615653,0.997556,2713921,58
1,1062223951,1.036445,2716163,26
1,2369328439,0.954021,2716958,5
1,2116970041,0.965215,2718590,17
1,1023271019,0.950945,2719453,6
1,2798021729,0.969758,2720314,6
1,272683291,0.969254,2721804,15
1,946669267,0.921743,2723710,21
1,1456905613,1.022214,2725489,19
1,4109796307,1.021736,2729077,45
1,4033090409,1.048623,2730764,18
1,2723351791,1.052341,2731275,1
1,1833568669,0.941139,2732273,8
1,97746749,0.924916,2733346,9
1,4126716413,1.050019,2734996,17
1,2722561783,0.942176,2740826,77
1,576595787,1.022214,2744651,48
1,4264516727,0.993632,2745173,1
1,3901815517,0.952484,2747162,22
1,888922913,0.913227,2748025,6
1,47950417,0.929655,2748793,5
1,3509092879,0.993141,2754314,73
1,3186080243,0.952484,2755965,17
1,3850650191,0.985243,2756479,1
1,806257867,0.980274,2757049,2
1,553992997,1.036916,2759424,28
1,3768889057,0.982762,2760138,4
1,1696173389,0.996086,2760785,3
1,4245527051,0.982762,2764370,45
1,539865059,0.993632,2766417,23
1,1888824347,0.952484,2769298,35
1,3443340319,0.993141,2772047,33
1,1537516891,0.867152,2772824,4
1,2751937403,0.978779,2773352,1
1,2698980211,1.035503,2776455,38
1,2740084937,1.008267,2777312,6
1,2660097823,1.026028,2777902,2
1,2875730629,1.051877,2779877,22
1,1728880507,1.023646,2781026,10
1,124635439,1.074382,2781807,5
1,2303510597,1.038798,2782735,7
1,2735425547,0.952484,2785062,23
1,1240505719,1.006328,2787414,27
1,2942558651,0.985243,2788092,3
1,2611927553,0.993141,2789797,18
1,3321805759,1.029829,2790461,3
1,3915605047,1.054659,2790981,1
1,2961017557,0.923859,2792622,17
1,62338637,0.978779,2796682,52
1,2565020977,1.034559,2797604,7
1,3417470921,1.014061,2803707,81
1,2148258019,1.000976,2806095,28
1,487465079,1.027930,2807230,10
1,1561449859,0.980772,2808783,16
1,2193273419,0.921743,2810337,16
1,3829604539,1.038798,2813013,32
1,290416319,1.021736,2813810,5
1,524171159,0.944764,2814462,3
1,1599643427,0.908403,2815478,8
1,3325642961,0.938541,2816119,3
1,3488226461,1.034559,2817052,7
1,687470983,0.940101,2818128,9
1,852859153,0.993141,2819881,19
1,2633628427,0.978779,2820546,3
1,1071399701,1.052341,2821334,5
1,2534669899,0.901929,2822977,17
1,2034019321,0.995105,2823980,8
1,3363236389,0.995105,2825397,14
1,2337647357,0.997556,2827097,18
1,1788839641,1.036445,2828173,9
1,2032601567,0.993632,2829743,16
1,2171535481,1.046758,2830245,1
1,1157205097,0.895409,2831100,6
1,135624763,0.993632,2833907,34
1,901837049,1.029829,2835875,22
1,1601002213,0.993141,2837444,16
1,1700153927,1.029354,2840479,37
1,2853541849,0.954021,2841131,3
1,688638059,1.039268,2842268,10
1,1420908689,1.023646,2847248,65
1,2943172403,0.978779,2850350,38
1,2918601593,0.982762,2851645,12
1,55879223,0.919621,2853540,21
1,936719557,1.042552,2856232,32
1,1917178909,1.038798,2860491,54
1,4174445167,0.930180,2862122,17
1,4023369199,0.950432,2863069,7
1,1644169117,1.011651,2864681,17
1,3495932381,0.993632,2865963,12
1,1608071351,0.871085,2866692,4
1,3098621683,0.951972,2868259,16
1,1464641599,0.993632,2870858,31
1,1236108749,1.084785,2872409,16
1,290634209,1.029354,2873326,7
1,1821322487,0.955044,2880191,92
1,3810861193,1.011651,2881386,11
1,1052648813,0.884436,2883657,26
1,1999499389,0.965215,2885360,18
1,4174652011,0.975280,2886497,6
1,3958939189,0.936979,2887812,10
1,3362466287,1.033615,2888417,2
1,3248569069,0.977281,2892006,45
1,3532188529,1.036445,2892520,1
1,1282429333,0.972774,2899387,92
1,3667034801,0.910550,2901017,17
1,2717693989,0.927551,2906091,66
1,2853151181,0.972774,2907306,11
1,1405297567,1.036445,2909280,22
1,305567921,1.036445,2912303,37
1,816426439,0.997556,2912952,3
1,3152685131,0.993632,2913605,3
1,4187982257,1.017426,2915024,14
1,1195186081,1.035031,2916521,15
1,2802737363,0.978779,2919684,39
1,449632783,0.964709,2922138,29
1,4221904273,0.954021,2922788,3
1,2983873957,1.014061,2926673,49
1,1434608501,0.985243,2927601,7
1,171634433,1.062040,2931735,53
1,683869751,0.882778,2932377,3
1,3148144799,1.038798,2933246,6
1,1761635647,0.952484,2936337,38
1,1476147269,0.880563,2937197,6
1,889218461,1.064795,2937769,2
1,734197957,0.966732,2946947,125
1,619117591,0.995105,2947536,2
1,1379010797,0.910550,2948388,6
1,2792231681,0.913227,2949313,7
1,2365973189,1.050948,2950031,4
1,543350317,1.033615,2954828,62
1,1310189077,1.035031,2957154,27
1,1559078431,1.038798,2958095,7
1,5238353,0.908940,2959839,19
1,138919559,1.067086,2961056,11
1,685682243,1.076652,2961984,7
1,2986226927,0.950945,2963972,22
1,3236631011,0.980274,2965174,11
1,2416657003,0.951972,2967228,23
1,2403690001,1.026028,2968430,11
1,549864449,1.006328,2970389,22
1,29726813,1.026028,2971232,6
1,1893566891,0.969758,2972371,10
1,1457270933,1.019823,2975881,44
1,3627566221,1.050019,2976736,6
1,4172350591,0.940101,2977534,5
1,1152534041,0.950945,2981097,45
1,2511615031,0.966732,2981615,1
1,2577603277,1.091963,2983592,22
1,3329310319,0.993632,2985442,20
1,461069677,1.010202,2988822,38
1,2356244413,0.952484,2990271,12
1,2144147563,0.982762,2994597,55
1,1130333891,0.995105,2998614,51
1,3317545481,0.952484,3002477,49
1,3883767287,1.033142,3004615,24
1,1212446353,1.052341,3005679,9
1,1222297393,1.000976,3011279,74
1,3127426451,1.038798,3011793,1
1,2672517677,0.985243,3013279,15
1,3508416809,0.989199,3016365,38
1,2627963293,0.966732,3017090,4
1,1736220851,1.038798,3021394,55
1,4118169529,1.029354,3024974,45
1,1315138757,0.971267,3025624,3
1,653572027,0.960143,3028939,41
1,3504921949,0.988706,3031547,31
1,2014150793,0.977281,3032046,1
1,1478785403,1.052341,3036565,58
1,360312103,0.997556,3038893,27
1,518655133,0.977281,3041158,26
1,2410924141,1.006813,3042168,8
1,866045549,1.018386,3044784,31
1,2832843863,1.023646,3045782,8
1,1528315849,0.995105,3047556,19
1,1390959121,1.050948,3048131,2
1,1597760959,1.017426,3049213,9
1,744582577,1.160044,3052731,44
1,2902621231,1.081178,3054076,13
1,815558879,1.039268,3056880,34
1,3067347181,0.995105,3058157,12
1,2017184531,1.050019,3058955,5
1,3874726049,1.055584,3060653,18
1,267746741,1.042083,3064451,48
1,875900677,1.016946,3065102,3
1,794443633,1.000976,3067587,29
1,480557543,1.074382,3071587,51
1,2896071001,1.044423,3073096,15
1,1224629729,0.987223,3075232,24
1,2379287291,1.022214,3075744,1
1,2189629139,0.966732,3076805,9
1,2157650567,0.936458,3080328,44
1,828263957,0.963190,3082373,23
1,3839497037,0.964709,3083307,7
1,2960077147,1.026028,3084240,7
1,661808263,0.985243,3086069,20
1,2962882669,0.993632,3086711,3
1,2140976237,0.952484,3088778,23
1,2217496313,0.978280,3089773,8
1,1810086133,0.985243,3092988,34
1,1323682369,1.048623,3094365,13
1,4070364899,1.147773,3095238,6
1,2253315179,1.119343,3096657,14
1,3028009669,1.074382,3097240,2
1,3348766763,0.972774,3097884,3
1,4052847727,0.895409,3099031,10
1,632316281,0.998534,3099537,1
1,2881793081,1.023646,3100395,6
1,3540351539,0.899761,3104750,56
1,1128003707,0.981270,3108958,54
1,852755537,1.024600,3110022,9
1,3045996241,1.010202,3111515,15
1,3219610417,0.978779,3116350,63
1,2860148573,0.919621,3117152,5
1,3415188149,0.880563,3118153,8
1,437784469,1.020780,3118800,3
1,1305046969,1.008267,3120159,13
1,3132457943,1.087482,3120752,2
1,3967526053,1.024600,3123162,28
1,2774077379,0.971267,3124026,6
1,2630825947,1.008267,3126287,26
1,1868124673,0.981270,3131959,75
1,3206551343,0.982762,3133307,13
1,113858897,1.023646,3134775,15
1,2745506507,1.068000,3135355,2
1,2692509923,0.966732,3137054,18
1,165970403,0.969758,3143508,86
1,3509772923,1.000976,3144516,8
1,215958359,1.029829,3145232,4
1,21081923,0.936979,3146625,14
1,1587447629,0.973777,3149239,31
1,3984765143,0.985243,3149820,2
1,320757127,1.052341,3157020,97
1,947125693,0.968750,3160749,47
1,2784679663,0.941139,3163933,39
1,950379289,0.895409,3164718,5
1,3629323609,0.990679,3165989,12
1,1157560319,1.064795,3167077,9
1,686678329,1.090621,3168137,9
1,6921247,0.993141,3168968,6
1,3188672309,1.027930,3170676,18
1,935527987,0.940620,3171948,12
1,1894335043,1.038798,3177072,67
1,285806083,1.050483,3178269,11
1,2488094261,1.014061,3179548,12
1,1392456313,1.064795,3180203,3
1,3639991529,1.008267,3183861,46
1,2687594359,1.051877,3184861,8
1,625804849,0.904092,3186897,23
1,1928921947,1.050948,3189913,37
1,1465830533,0.964709,3191482,16
1,108747437,0.966732,3193166,18
1,2294085623,1.010685,3195511,21
1,898168001,0.995105,3199207,46
1,2357632547,0.911622,3201455,26
1,2752796819,0.936979,3202527,9
1,187761337,0.993632,3203369,6
1,3246953291,0.950945,3204715,13
1,1298997937,1.050948,3207462,33
1,3870538691,1.000488,3212029,59
1,3769140743,1.008267,3213096,9
1,1911031649,0.842012,3214718,17
1,1796253001,0.941139,3217238,30
1,1334911397,0.977281,3217883,3
1,210422341,0.981270,3218448,2
1,155858239,1.010685,3223277,63
1,2441058371,0.963190,3223998,4
1,2007522527,1.026980,3224594,2
1,2224364399,1.054659,3225536,7
1,3571992029,1.023646,3227248,18
1,2685149953,1.010685,3227741,1
1,90387887,1.000976,3228675,7
1,1761092891,0.936979,3229740,9
1,2254773203,0.955044,3231946,25
1,945960607,0.969254,3234766,34
1,584425271,0.982762,3235350,2
1,32196473,1.036916,3236338,8
1,2989224523,0.965215,3237971,17
1,1668885509,0.997556,3239103,10
1,3703409197,1.035031,3243315,54
1,631805021,1.039268,3244445,10
1,1894422539,0.952484,3245873,14
1,1218979187,1.024600,3246524,3
1,1853554229,0.993632,3247324,5
1,481588109,0.995105,3248743,14
1,1376814113,0.971267,3249586,6
1,1063196819,0.965215,3251352,19
1,1194171967,0.929655,3253909,30
1,2131546847,1.035031,3255751,20
1,4221283433,0.916963,3258446,32
1,2736882287,0.965215,3258960,1
1,2680962617,0.993632,3259551,2
1,2402456809,0.997556,3262847,41
1,2420245991,0.985243,3266426,45
1,937536827,0.952484,3272112,75
1,2317508311,0.940620,3273952,20
1,4001900389,0.965215,3277383,43
1,378100561,0.941139,3277960,2
1,3401325181,0.993632,3278550,2
1,1894858373,1.061581,3280454,21
1,1079244967,0.923859,3280972,1
1,3340311647,1.035031,3282318,13
1,3203628023,0.973777,3283124,5
1,2787593467,0.968750,3287827,61
1,75403763,0.853531,3289377,16
1,4178265919,0.897044,3291576,25
1,3974090387,0.950432,3292799,11
1,287153887,0.965721,3300016,91
1,3437233997,1.035031,3302015,22
1,565777453,1.040677,3303716,18
1,4178664703,0.965721,3306126,28
1,1245802603,1.050483,3306980,6
1,1691611063,1.032197,3307507,1
1,51154043,1.000976,3309252,19
1,4236491929,0.970261,3310320,9
1,2888614903,0.952484,3313707,42
1,4140123539,0.911086,3315478,19
1,2985591487,1.052341,3317179,18
1,1367536481,0.966732,3321038,49
1,3174033073,0.929655,3323998,36
1,2643372269,0.994614,3325069,9
1,2916594029,0.923330,3325866,5
1,550896041,0.936979,3326576,4
1,578196947,0.910550,3327711,10
1,155229769,1.052341,3329950,26
1,3201459803,1.029354,3330467,1
1,2650349291,1.026028,3333431,36
1,3669530789,0.897044,3333941,1
1,2742555083,0.982762,3335435,15
1,318947801,0.999023,3336625,11
1,1490023307,0.944764,3339306,32
1,3898449521,1.070284,3341210,21
1,261175903,1.050948,3342621,14
1,299898551,1.014061,3344029,14
1,3364902119,0.880563,3345998,22
1,872833121,1.051413,3346840,6
1,114337987,1.115411,3349143,27
1,39065009,1.099094,3350811,18
1,1741543919,1.073018,3353078,26
1,982073269,1.052341,3354353,12
1,3908538691,0.940620,3356146,18
1,3085976557,1.014061,3358422,26
1,2986010563,0.931753,3361893,43
1,1608306347,1.002925,3362833,7
1,1922050027,0.978280,3364386,16
1,236135101,1.052341,3365309,7
1,1550970821,1.052341,3366599,12
1,2302052869,0.965215,3370101,44
1,2719416829,0.938541,3372369,26
1,2784303589,0.924916,3373724,13
1,135739381,0.972774,3375132,14
1,3897657061,0.942176,3375987,6
1,2627630933,1.024600,3383355,99
1,525561313,0.995105,3388346,65
1,1162426943,1.036445,3389705,13
1,3047993083,0.913227,3390365,3
1,334968301,0.936458,3392710,27
1,150711283,0.993632,3393359,3
1,3240310951,0.867152,3394151,5
1,2387863669,0.971267,3394872,4
1,265497527,1.010202,3399818,58
1,323011303,1.009718,3403132,41
1,3173543171,1.022214,3406650,44
1,2114854921,0.938541,3408679,23
1,4123002199,1.062040,3410440,19
1,3143116651,0.911086,3411725,12
1,479573879,1.014061,3416416,61
1,2799254947,0.927551,3417426,8
1,494366941,0.951972,3418008,2
1,1671281327,0.965215,3419366,13
1,3011950489,0.990679,3420587,11
1,516826561,1.093750,3421160,2
1,1623473419,1.008267,3423977,34
1,3970055363,0.911622,3426926,36
1,252871733,0.978280,3428965,23
1,4268946433,0.997556,3431019,23
1,1463167003,0.949404,3431889,6
1,93267179,1.026028,3432806,7
1,2830584187,0.938541,3433321,1
1,2907903563,0.936979,3434534,11
1,834352513,0.940101,3435315,5
1,1966537819,1.062959,3436042,4
1,1970492149,1.010202,3439423,42
1,634473967,0.927551,3441548,24
1,4290850679,1.038798,3444236,32
1,935339029,1.042083,3445590,13
1,3124565369,0.942176,3447284,18
1,1225145189,0.997556,3451641,56
1,2637114049,0.977281,3453730,23
1,2054907973,0.996086,3454243,1
1,3527163527,1.005357,3454756,1
1,3968139893,0.995105,3456861,24
1,2248353851,1.008267,3457641,5
1,991096367,1.079370,3458709,9
1,3194624341,0.982762,3460333,17
1,70296943,0.923330,3460829,1
1,1148598229,0.960652,3461412,2
1,1802121067,0.938541,3461928,1
1,2724846127,0.916963,3465862,50
1,1120302247,0.992649,3466588,4
1,1680456367,0.980274,3468435,20
1,1706252089,1.035031,3470966,30
1,2458620809,1.035503,3471750,5
1,653433211,1.057894,3474494,33
1,1591322651,1.050948,3475571,9
1,944015663,1.000976,3479360,48
1,3417515141,0.952484,3482451,38
1,480725743,0.965215,3483108,3
1,1074565241,0.966732,3484301,11
1,2531598917,0.897044,3488151,49
1,2861397941,0.966732,3488668,1
1,2637708553,0.895409,3489173,1
1,860016347,1.022214,3489899,4
1,164510263,0.952484,3493614,47
1,2717955281,0.944764,3496353,33
1,739532251,1.079822,3497704,13
1,3934291859,1.035031,3505517,100
1,3041814991,0.966732,3506975,14
1,2592888359,1.008267,3511047,52
1,3965042737,0.992649,3511561,1
1,2421773633,0.964709,3513252,18
1,3191028569,1.010685,3514257,8
1,1766438279,0.973777,3517783,44
1,1625214289,0.997556,3519266,15
1,2516626267,0.944764,3522018,33
1,348858317,0.993141,3529396,99
1,2463245173,1.029354,3530389,8
1,3645732743,1.091963,3531818,14
1,138159997,1.004871,3534069,26
1,3403835011,0.978779,3535488,14
1,3918546493,0.995105,3536417,7
1,1813823519,1.038798,3536924,1
1,2566438859,0.950945,3537931,8
1,3257756023,0.982762,3540184,26
1,2229780373,0.990186,3540844,3
1,3786597611,1.026028,3541428,2
1,2176177981,0.992649,3543848,28
1,1977271123,1.014061,3548203,56
1,3140327171,0.985243,3548856,3
1,578246353,1.018386,3549779,7
1,1763026693,1.027930,3550996,11
1,4008210839,0.959126,3552368,13
1,1090225319,1.033142,3554418,23
1,1989992261,1.010685,3557461,37
1,2374761377,1.064337,3559173,18
1,2638091947,0.993632,3563956,62
1,1781445857,0.980772,3565300,13
1,2516139589,0.990679,3568327,37
1,2579061931,0.995105,3569327,8
1,3474949087,1.034559,3570968,17
1,2542466429,0.929129,3571564,2
1,1248379633,1.052341,3572831,12
1,1370841551,0.982762,3573345,1
1,3608801813,0.955044,3575273,21
1,2524732871,1.010685,3577117,20
1,1177652353,1.002438,3577687,2
1,1976194057,1.104854,3580363,32
1,1214827381,1.111464,3582347,22
1,2649076553,0.995105,3584197,20
1,407912209,1.021736,3586432,26
1,2678695079,1.043020,3589172,33
1,1106201363,1.104412,3590676,15
1,1585840577,0.942176,3596225,73
1,326704787,0.948374,3598085,20
1,2522881609,0.936458,3599916,20
1,1421861501,0.949404,3601198,12
1,1523000111,1.063419,3601779,2
1,2639617073,1.020780,3603123,9
1,824011889,1.034559,3604327,11
1,2992201133,0.996086,3605691,13
1,4245435937,1.064795,3608316,20
1,19353773,1.010685,3608928,1
1,1124678263,0.942176,3609934,8
1,3345441833,1.029829,3611625,18
1,1225420717,1.061581,3612902,12
1,2928102941,1.050483,3613692,5
1,1761379219,1.021736,3614557,6
1,406065113,1.023646,3615481,7
1,3727457549,1.073018,3615995,1
1,1491118261,0.981270,3616857,6
1,2418690311,0.952484,3617706,6
1,3424031053,1.011651,3619684,22
1,3017515643,0.965215,3620760,9
1,171027491,1.048623,3625227,58
1,1919140807,0.977281,3626714,15
1,3910807531,0.951972,3627788,9
1,3097109153,0.900304,3628636,6
1,985082551,0.936458,3630055,14
1,867791011,0.936979,3631485,14
1,2423035271,0.956577,3632759,12
1,3251938603,0.901929,3633483,4
1,2370710557,1.004871,3634564,9
1,4193128949,1.050948,3635506,7
1,251082011,0.956577,3636432,7
1,3256582739,0.951972,3647555,153
1,2160906427,1.038798,3648687,10
1,3118112201,1.023646,3649838,10
1,3341995901,0.969254,3650357,1
1,604381979,0.964709,3652404,23
1,2205268081,0.966732,3653680,12
1,3283893289,1.022214,3655586,21
1,4101742033,0.944764,3656450,6
1,1144692011,1.018386,3658308,20
1,3166078379,1.067086,3659030,4
1,1829499533,1.006813,3660525,15
1,1108891913,1.052341,3663986,43
1,4042264001,1.006813,3665261,12
1,3650255783,0.949404,3668288,37
1,1841645089,1.067086,3668934,3
1,456405671,1.008267,3670064,10
1,109602929,1.036445,3670619,2
1,1335820319,1.021736,3671484,6
1,1759796459,0.969254,3674030,30
1,900404459,0.966732,3674766,4
1,1208932111,0.931753,3679574,62
1,3328371479,0.993141,3680512,7
1,1340194831,0.965215,3682699,25
1,3490931947,0.889939,3683773,9
1,3432893131,1.010202,3686243,29
1,3217556347,1.042083,3687815,16
1,3540183653,0.919621,3689089,12
1,92819249,1.023646,3690146,9
1,30748153,0.921743,3691203,9
1,3300149849,0.978280,3692971,19
1,3512391191,0.964709,3694319,13
1,814321763,1.014061,3695445,10
1,2504668319,1.005357,3696657,11
1,1411792553,1.063419,3699332,32
1,3704366467,1.079822,3699841,1
1,73647853,1.068000,3704235,57
1,196392689,0.977281,3704807,2
1,1003543139,0.963190,3709224,50
1,2837823671,0.966732,3709911,3
1,779189363,0.988706,3711056,10
1,2318098219,0.955044,3711638,2
1,3765217501,1.057894,3712994,13
1,639133337,0.993632,3713634,3
1,3836283911,0.993632,3714139,1
1,3838479907,1.020780,3715274,10
1,422907229,0.995105,3716335,9
1,278437661,1.004871,3721875,73
1,1821620863,0.982762,3722464,2
1,3487672127,0.969254,3723688,11
1,3963593131,0.978280,3724622,7
1,70405207,0.960652,3726305,18
1,3542129737,1.048623,3729069,33
1,846036973,0.965215,3729595,1
1,690995663,1.050019,3730243,3
1,1835980753,0.965721,3732222,22
1,2428452997,0.978280,3734907,32
1,1486980731,0.993141,3735980,9
1,2274690137,1.104854,3736488,1
1,2800895917,1.039268,3740903,57
1,3927376393,0.967237,3743016,24
1,2382327053,0.933847,3745635,31
1,1040996573,0.988706,3746699,9
1,2573939227,0.910550,3755537,120
1,3591910057,1.023646,3757596,23
1,2363596973,0.938541,3758882,12
1,2365722061,0.997556,3759387,1
1,2876246311,1.094196,3759901,1
1,798535349,1.063419,3760634,4
1,2234663183,1.034559,3761415,5
1,3077771713,0.969254,3763175,19
1,4082824037,1.004871,3764889,18
1,127649983,0.966732,3767626,33
1,2912011561,0.971267,3768618,8
1,4031939141,1.004871,3770874,26
1,507463751,1.002438,3771449,2
1,2047067989,1.039268,3778982,100
1,2921287049,1.052341,3781479,29
1,1992121267,0.950945,3782284,5
1,851228449,0.895954,3784603,27
1,2327585093,0.973777,3785735,10
1,110276011,1.055584,3787013,12
1,4231205483,1.046292,3788514,15
1,51914747,1.022214,3789291,5
1,2630209207,0.986233,3790297,8
1,1897152469,0.923859,3794022,47
1,296945521,0.977281,3794800,5
1,102590027,0.940101,3795994,11
1,926528909,0.964709,3800579,59
1,2375421247,1.014061,3802344,19
1,657238697,0.908940,3804248,21
1,1749560017,0.872765,3808310,48
1,531970669,0.910550,3812789,56
1,2190210371,0.985243,3815344,30
1,3098612311,0.995105,3816354,8
1,3616903139,1.079822,3819844,43
1,4185780211,0.880563,3820721,6
1,1356151129,1.052341,3821228,1
1,2845824563,1.077559,3823278,23
1,520931039,0.993141,3823788,1
1,774124103,0.923859,3825822,23
1,1972731821,1.036916,3829620,48
1,487532053,1.018386,3832289,32
1,1238810569,1.006813,3834890,31
1,3199411471,0.948374,3838050,39
1,3769915483,0.944764,3838766,4
1,1317536837,1.057894,3840454,18
1,3436008491,0.936979,3842438,22
1,1218821039,0.980274,3843587,10
1,336821299,1.008267,3844230,3
1,484323211,1.020780,3844810,2
1,558533531,0.937500,3845740,7
1,432345847,0.972774,3846747,8
1,2607469873,1.006328,3847464,4
1,3579671299,0.923859,3848610,10
1,1898233009,0.960143,3852607,51
1,812579737,0.936458,3855017,28
1,2135655029,0.990679,3861258,82
1,2345022611,0.982762,3862614,13
1,2909839879,0.995105,3864804,25
1,3216374219,1.020780,3866465,17
1,371543383,1.012133,3868605,24
1,761979373,1.059278,3870787,25
1,1863004201,0.995105,3871291,1
1,251664319,0.966732,3872278,8
1,2331997247,0.997066,3875101,34
1,2688653213,0.938541,3876596,15
1,325494227,1.052341,3878432,20
1,16578097,1.011651,3880031,17
1,2001675749,0.952484,3880825,5
1,1876241429,0.952484,3882452,17
1,886884391,1.070740,3883667,11
1,1292168531,0.996086,3884315,3
1,52455209,0.858096,3885011,4
1,1809716369,1.020780,3885527,1
1,852436703,0.959126,3886321,5
1,1826686331,1.000488,3891654,70
1,2128248323,0.965721,3892450,5
1,1047537899,0.978280,3894225,19
1,988169129,1.014061,3897098,35
1,1223534297,0.993632,3897617,1
1,4195334879,0.938541,3899755,24
1,1480523393,0.906250,3904607,63
1,3503217449,0.936979,3905185,2
1,1274760689,0.923859,3907801,31
1,2968413793,0.994614,3908591,5
1,2395830761,1.011651,3910437,16
1,1565280161,1.057894,3912569,22
1,3982191403,0.951972,3914801,25
1,3691653391,1.048623,3915593,5
1,3913890287,1.042083,3916109,1
1,982538957,0.990679,3917312,11
1,2814797263,0.964709,3919445,24
1,2103934621,0.970261,3921091,17
1,62628847,1.062959,3922230,10
1,1686238387,0.952484,3922738,1
1,4205337691,0.942176,3925361,31
1,802637021,0.894864,3932031,89
1,3180279293,1.033142,3934942,35
1,4133349131,0.908940,3936652,18
1,3120374549,0.964709,3939183,30
1,621634129,0.986233,3940731,16
1,8381981,0.940620,3941291,2
1,2907744221,1.042083,3941875,2
1,1561192859,0.954021,3943651,19
1,3548052023,0.981270,3945147,15
1,1331089321,1.070284,3951386,83
1,602033911,0.993141,3957828,86
1,3876973019,0.946313,3959890,23
1,2998420307,1.022214,3960608,4
1,4035830947,0.993632,3961257,3
1,3580092433,1.098650,3961908,3
1,2007223919,0.982762,3965422,44
1,3490576321,0.993632,3967177,19
1,2295982307,1.032197,3969162,22
1,3474660593,1.083434,3969818,3
1,191826043,0.993632,3971018,11
1,1716672773,1.023646,3973336,27
1,778934999,0.908403,3975950,31
1,1317456869,0.990186,3978135,25
1,2175432431,0.923330,3980464,27
1,118016281,0.908403,3982979,30
1,2345844419,0.936979,3984489,15
1,3496781423,1.014061,3990536,80
1,598129199,1.064795,3991396,6
1,2342044477,0.973777,3993724,27
1,2179818367,0.941139,3994728,8
1,1457979463,0.994614,3998244,44
1,489777419,0.933847,4001327,38
1,2539998931,1.029354,4002816,15
1,1098094061,0.977281,4004648,20
1,751050197,0.929655,4006412,19
1,3102482791,0.977780,4007340,7
1,1169413471,0.952484,4008559,11
1,3651294233,0.999023,4009968,14
1,3684620281,1.050483,4012853,31
1,2808719453,1.014061,4013935,9
1,3508772143,1.070284,4015237,10
1,2262486593,0.903552,4017297,23
1,3209791661,1.038798,4018300,8
1,2230711331,0.967237,4018881,2
1,1443528587,1.000488,4022459,45
1,1376119769,0.881117,4023539,9
1,2516416571,0.949404,4028048,58
1,2621935741,0.941139,4031489,43
1,2577867473,1.023646,4031996,1
1,3736663919,0.951972,4033354,13
1,2598752509,1.034559,4034781,14
1,1211545537,1.033615,4037603,34
1,3817413499,1.002925,4038402,5
1,718330289,0.997066,4038977,2
1,4244490839,0.978779,4042942,50
1,4147712183,0.997556,4043457,1
1,3183407209,0.952484,4048449,65
1,4188446707,0.982762,4049612,10
1,1205521987,0.969758,4050126,1
1,65861527,0.973777,4051327,11
1,3355363157,0.977281,4055504,53
1,3236798989,0.965215,4058590,38
1,3639932669,0.944764,4062454,49
1,3696862571,1.115848,4065788,41
1,832349407,0.994614,4071258,72
1,4018255343,0.911622,4078208,93
1,2771290363,1.022214,4081649,43
1,1927544669,0.936458,4084832,39
1,4144921223,0.944764,4087372,30
1,2237265881,0.993141,4090414,37
1,1179393949,0.952997,4092038,17
1,330983561,0.923330,4097763,76
1,1762411493,1.048623,4103920,82
1,3217743341,1.006813,4106903,36
1,3690854429,0.965721,4107426,1
1,551725001,0.936979,4109736,27
1,2212493431,0.980772,4110962,11
1,2735106463,0.988706,4114547,45
1,4126078661,1.006813,4116106,12
1,2562746653,1.021736,4116757,3
1,668705501,0.996086,4117486,4
1,734165741,1.026028,4120078,29
1,956047951,1.086584,4121034,7
1,247716551,0.966732,4122531,15
1,3792922867,0.936979,4123673,10
1,3636509029,0.969254,4124741,9
1,3570795859,0.973276,4126018,12
1,872492459,1.020780,4129486,43
1,2225828897,0.993141,4130278,5
1,3890038309,1.023646,4130863,2
1,11327947,0.925443,4134650,48
1,1127577301,1.022214,4135163,1
1,1743035759,1.035031,4136385,11
1,1958622899,0.928078,4139147,33
1,4027349803,0.936979,4140075,7
1,3286451029,1.024600,4141699,17
1,1645986341,1.147773,4142626,7
1,990901843,0.891036,4144115,15
1,2831919943,0.965215,4144907,5
1,579610609,1.000488,4145685,5
1,4194129383,1.067086,4146905,11
1,1451968183,1.002438,4147496,2
1,755781973,0.958616,4148135,3
1,4092676037,0.952484,4148928,5
1,579867779,1.038798,4151792,35
1,1283298157,1.029354,4155651,49
1,2000478083,0.965721,4156378,4
1,2529469577,0.936979,4157663,12
1,353686591,0.985243,4161062,42
1,1060142653,0.894864,4161992,7
1,2103959531,1.010202,4162798,5
1,2541817871,0.965215,4163857,9
1,2427890893,0.964709,4165415,16
1,3628778849,1.054659,4167181,19
1,2681057371,1.026028,4168261,9
1,550160879,1.090621,4169755,15
1,4014135869,0.993141,4170340,2
1,3372269123,0.944764,4171053,4
1,889342859,0.956577,4172883,20
1,3276402847,0.914830,4175274,28
1,523056907,0.966732,4176483,11
1,1997556467,0.949404,4177064,2
1,2402892977,1.021736,4180854,48
1,2077636063,0.969758,4181654,5
1,2928120487,0.867152,4182376,4
1,250362439,1.035031,4185414,37
1,700798801,1.062959,4188920,44
1,2036375893,0.969254,4190756,20
1,2256116347,1.017426,4192037,12
1,2575200179,0.952484,4193184,10
1,3388093381,1.066628,4193913,4
1,1086633887,0.952484,4194571,3
1,3797918821,0.965215,4195779,11
1,495114313,0.966732,4196903,10
1,3193408121,1.051413,4198321,14
1,2697675257,1.011651,4200920,31
1,2706146461,1.023646,4201703,5
1,1089350401,1.002438,4203805,24
1,3984954013,1.083434,4206859,37
1,2180634383,1.009718,4207446,2
1,399465461,1.006328,4208539,9
1,1835895377,0.995105,4209046,1
1,1024813157,0.963190,4210109,9
1,843384823,1.027930,4210965,6
1,442965571,1.017426,4212097,10
1,2350043587,0.995105,4212611,1
1,801875513,1.002925,4213888,12
1,2824332701,0.966732,4215377,15
1,835679851,0.938541,4216607,11
1,118730489,0.913227,4217537,3
1,592314343,1.020780,4221757,52
1,2349024619,1.010685,4224596,34
1,2350497703,1.008267,4226172,16
1,382917277,0.980772,4227459,12
1,3742043423,1.095534,4228048,2
1,2451680783,0.956577,4231000,36
1,739027,0.969254,4231827,7
1,3648414673,1.008267,4234027,25
1,3480376337,1.035031,4234742,4
1,1086712313,1.022214,4235390,3
1,3383764057,1.034559,4236186,5
1,3161792323,0.995105,4237478,12
1,2887378771,0.950432,4239675,25
1,3543932719,0.981270,4241025,13
1,789764473,0.966732,4241604,2
1,4169613691,0.995105,4248744,96
1,3395397953,1.008267,4250789,23
1,1560133013,1.024600,4252283,15
1,2567612953,0.954021,4255024,33
1,3352055339,0.993632,4256163,10
1,21419267,0.964709,4259727,45
1,4186409041,0.964709,4264346,60
1,889656919,0.862070,4268011,46
1,2001429697,1.006813,4268667,3
1,3753717307,0.966732,4271353,32
1,509284511,1.022214,4273895,30
1,3003044351,0.950945,4274698,5
1,4214248211,1.011651,4275493,5
1,1049231609,0.980274,4276900,14
1,3673458697,1.035031,4277406,1
1,212000699,1.023646,4278548,10
1,470296349,0.982762,4280923,28
1,561987157,0.997556,4281436,1
1,961345471,0.965721,4282859,14
1,2085313277,1.022214,4288092,68
1,4282152211,0.921213,4288974,6
1,89895149,1.036916,4292838,49
1,267823519,0.936979,4293496,3
1,2937169199,0.981270,4294357,6
1,3480802753,1.018386,4295507,10
1,900977431,0.981270,4296019,1
1,995855149,0.985243,4297857,20
1,54653311,1.017426,4300445,31
1,4192180361,1.023646,4301104,3
1,1223536273,0.993141,4301757,3
1,4116705997,1.027930,4303670,21
1,3770555099,0.993141,4308170,58
1,1953884221,1.006813,4308762,2
1,3714196559,1.014061,4310182,14
1,176633539,1.029354,4312296,24
1,2975515139,0.980274,4312872,2
1,1926522539,0.985243,4313809,7
1,2253285973,1.014061,4314387,2
1,2580978643,0.995105,4315611,11
1,76068907,0.993632,4317286,18
1,3643232339,1.038798,4318294,8
1,833709137,0.942176,4323150,58
1,4114769101,1.062959,4323907,4
1,3679317307,0.969758,4324917,8
1,2587698709,1.036916,4326406,15
1,3225593167,0.952484,4327328,7
1,2307976217,0.922801,4328318,8
1,1262735567,0.995105,4328829,1
1,3927871681,0.978280,4333805,65
1,3160546553,0.955044,4335873,23
1,2453804179,0.941139,4337571,18
1,4114843027,1.052341,4338506,7
1,143141329,0.997556,4339135,3
1,3014769113,0.952484,4340694,16
1,576752599,1.006813,4342034,13
1,3580614287,1.035031,4342900,6
1,814027751,0.921743,4343891,8
1,279809183,0.995105,4344466,2
1,1119171401,0.995105,4345046,2
1,2584601527,0.973276,4345841,5
1,1412249849,0.980772,4346631,5
1,682811599,0.965215,4347205,2
1,4282930909,0.882778,4348211,8
1,1133419109,0.871085,4350050,20
1,1448821219,1.018386,4351893,20
1,2846717327,0.994614,4352410,1
1,3222601637,0.913227,4353130,4
1,434795759,1.027930,4354268,10
1,483896657,0.993632,4358526,53
1,810414221,1.005357,4361972,43
1,3707709097,0.982762,4364112,24
1,3046623439,1.010202,4365195,9
1,2853964411,0.982762,4366132,7
1,1869328049,1.032197,4367909,19
1,919424203,1.155828,4369254,13
1,4171771181,1.050948,4369973,4
1,2948260537,0.997556,4371541,16
1,2713842403,0.954021,4372053,1
1,2149592101,1.033615,4373249,11
1,3017523211,0.881117,4375952,32
1,653597627,0.995105,4377442,15
1,1970443207,1.039268,4378112,3
1,363974851,0.993141,4382453,56
1,4250488063,0.993141,4384728,26
1,3780007937,0.960143,4386912,25
1,2742357139,1.020780,4390487,45
1,2218492847,1.108384,4391208,4
1,2362146421,1.010685,4391935,4
1,517971781,0.954021,4393500,16
1,867871363,0.996086,4395817,27
1,4057124623,0.954021,4396403,2
1,2593822573,0.941139,4398955,30
1,437780351,1.011651,4399892,7
1,3403527937,1.008267,4406603,90
1,76922449,0.993141,4409004,28
1,2036740457,0.894864,4409793,5
1,592784653,1.023646,4411624,20
1,100135403,0.967237,4412627,8
1,1937608483,1.070740,4413421,5
1,478561351,1.101313,4414827,14
1,2119745291,1.064795,4417027,25
1,692130511,0.981270,4421168,53
1,3098461199,1.014061,4423121,17
1,2721978089,0.982762,4424088,5
1,1374174079,1.020302,4428121,51
1,3880216591,0.908940,4430312,25
1,1927974229,0.919621,4432924,31
1,3153376339,1.070284,4436528,45
1,3795193907,0.969254,4437450,7
1,2215845271,0.919621,4438312,6
1,1185108949,0.995105,4438961,3
1,2784752011,1.006813,4439621,3
1,3601661083,0.936458,4441840,25
1,981346477,1.035503,4442421,2
1,2743761473,1.054659,4443838,14
1,3869145439,1.019823,4446460,31
1,2312769127,1.005357,4449783,41
1,2200127159,1.014061,4450508,4
1,2738973829,0.977281,4453332,34
1,757545973,0.923859,4454402,9
1,599767303,0.911622,4454915,1
1,2853231341,0.927551,4455636,4
1,2295807691,0.942694,4456776,10
1,386981627,0.978779,4465296,116
1,3361257587,0.931229,4470062,62
1,3387948743,0.977281,4471922,20
1,1022283623,0.925443,4475805,49
1,4149613619,0.933847,4476387,2
1,2245541663,0.910550,4478303,21
1,2460410237,1.061581,4480902,31
1,2088297433,1.090621,4482464,16
1,3689404811,0.966732,4483904,14
1,1244102053,1.036445,4486024,24
1,2221731319,0.923859,4487384,13
1,953210239,0.978779,4489231,20
1,1759641337,1.024600,4490098,6
1,3783969811,0.981270,4492787,32
1,573568817,1.008267,4493864,9
1,687995767,0.936979,4494592,4
1,3628761041,1.052341,4495597,8
1,26113511,1.043020,4496587,8
1,1321031819,1.032197,4497101,1
1,3662659211,0.980274,4498258,10
1,656381279,0.966732,4499545,12
1,1949816359,0.971267,4502093,30
1,1733703847,1.064795,4503656,16
1,1945725773,1.067086,4509402,76
1,1692917189,1.022214,4510759,13
1,2229455717,0.978779,4512668,21
1,3093718829,0.965215,4513320,3
1,1117340659,0.980274,4514108,5
1,1709767909,0.986233,4516098,22
1,2834620753,0.977281,4518419,27
1,1246503163,1.006813,4519621,11
1,1131340843,0.952484,4520133,1
1,3124215973,0.978779,4521061,7
1,2580049939,1.000488,4521573,1
1,4255533553,1.038798,4522367,5
1,2710956751,0.913227,4529856,95
1,1568453443,1.039268,4532835,36
1,1897817897,0.921743,4533900,9
1,2759555069,1.018386,4535326,14
1,1148180219,0.993632,4537527,25
1,422034203,0.969758,4542092,59
1,239546107,0.938541,4543656,16
1,1366080817,0.911622,4544373,4
1,1394328751,1.052341,4545949,16
1,769688903,1.035031,4546530,2
1,1726906891,0.954021,4548512,22
1,1332114389,1.059739,4549307,5
1,76999421,0.936458,4549810,1
1,1546689593,1.040677,4551223,14
1,2603580097,1.042083,4555297,52
1,3113734121,1.026028,4556529,11
1,705208219,1.090621,4559561,37
1,3269907461,0.952484,4560421,6
1,3902928599,0.997066,4561215,5
1,3195246937,1.000976,4563899,32
1,2770242899,1.006813,4567350,43
1,4032734471,1.026028,4570797,43
1,1386298189,1.008267,4572141,13
1,3259343729,0.993141,4575926,48
1,3302050667,0.970261,4577486,16
1,1940604703,1.035031,4578767,12
1,1145247491,0.993632,4581637,35
1,3555228353,1.006328,4583331,18
1,1744101907,0.772450,4584547,11
1,834412829,0.978280,4586940,28
1,252982369,0.993632,4587432,1
1,3847626917,0.995105,4592598,68
1,3348335539,0.960652,4593183,2
1,467635081,0.885539,4594194,8
1,2086242377,0.875558,4594976,5
1,3617669791,1.010685,4595496,1
1,1778238919,0.982762,4596990,15
1,3009655829,1.035031,4597850,6
1,2719967147,0.963190,4599559,18
1,1875165937,0.944764,4601606,23
1,2234156527,1.026028,4602953,13
1,2975027743,1.063419,4604515,16
1,1293192013,0.994614,4606627,24
1,1061884367,0.982762,4608260,17
1,429249551,1.010685,4609181,7
1,1319500573,0.950432,4611401,25
1,1673971217,0.931753,4612738,13
1,354575563,1.023646,4614287,16
1,3697885823,1.064795,4615288,8
1,506310373,1.033615,4616840,16
1,197525231,1.046292,4618266,14
1,764328743,1.035031,4619900,17
1,813588389,0.936458,4620625,4
1,344871743,0.868840,4625836,68
1,3790073459,1.048623,4627203,9
1,1959798689,1.000488,4628339,10
1,87880547,0.951972,4628915,2
1,197993881,1.048157,4631017,14
1,2384192519,0.993632,4631657,1
1,3072907283,0.941139,4635829,53
1,1608728227,1.036445,4638245,28
1,2599236113,0.925443,4640504,26
1,580597933,0.839108,4641586,9
1,3217132519,0.995105,4642870,12
1,3458094929,0.988706,4643935,9
1,3117151207,1.050948,4647381,43
1,2975739743,1.067086,4648749,13
1,3590530127,1.040677,4649399,3
1,533529719,0.910550,4652972,45
1,3579631481,1.054659,4653641,3
1,2590229491,0.966732,4655756,24
1,1867773779,0.938541,4656765,8
1,31849001,1.035031,4657543,5
1,166261969,1.048157,4658044,1
1,2947209893,0.840851,4662325,55
1,4136778259,1.086584,4663537,11
1,57814843,1.106179,4664530,8
1,2083360883,0.938541,4665388,6
1,4221199247,1.048623,4666053,3
1,211461529,1.017426,4667040,8
1,669820747,1.043020,4667969,7
1,3388129541,0.954021,4668685,4
1,2968417033,1.039268,4672748,52
1,2187241513,1.036445,4674017,12
1,3795873989,1.008267,4677198,39
1,2453211811,1.027930,4677703,1
1,3589295057,1.046292,4679897,25
1,1874973871,1.035031,4681819,21
1,999185009,0.941139,4686178,56
1,3836281601,0.965215,4688433,26
1,2302030091,0.993141,4690130,18
1,2751814181,0.978779,4691188,9
1,1153186127,0.997066,4693925,33
1,2025533959,0.929655,4695061,10
1,1086374297,0.960143,4695905,6
1,1491344047,0.995105,4696416,1
1,2256036173,1.036445,4697063,3
1,2847074119,0.941139,4698489,14
1,2278984511,0.993632,4699214,4
1,2348415781,0.995105,4700785,16
1,2192875043,1.009718,4702059,12
1,2236190569,0.999023,4703546,15
1,1248947017,0.982762,4704750,11
1,708784073,0.993632,4706589,20
1,1390041817,0.985243,4709411,34
1,106298839,1.042083,4711532,24
1,2656126201,1.120651,4712389,6
1,1547845627,0.993632,4714530,24
1,3922795967,0.966732,4717499,36
1,3610761779,1.050019,4718299,5
1,346815067,0.973777,4718879,2
1,876248827,0.993141,4720599,18
1,682147589,0.941139,4724447,49
1,1945420709,0.980274,4726719,26
1,3871718197,1.057894,4728417,18
1,1205131643,0.928078,4729684,7
1,1405048873,1.000976,4731015,10
1,1108554247,0.969254,4734844,48
1,2545756459,0.982762,4736683,20
1,348212881,0.998534,4737598,7
1,2358353633,1.064795,4738947,13
1,1207168411,0.923859,4741214,26
1,2699505707,1.036916,4742416,11
1,599325581,1.036916,4745527,38
1,3117170347,1.017426,4746956,14
1,1827964913,0.996086,4747543,2
1,515765749,1.006813,4751610,52
1,1823075273,1.020302,4752610,8
1,413248721,0.901929,4753451,6
1,2702759783,0.936979,4754039,2
1,439939007,1.022214,4759587,73
1,767287517,0.981270,4761571,22
1,52714423,0.993632,4763181,17
1,2541820511,1.011651,4763767,2
1,2772293863,1.000488,4764634,6
1,1559831197,0.988706,4765633,8
1,476426113,1.000976,4768591,36
1,2712356197,0.911622,4769313,4
1,2958014431,0.990679,4770607,12
1,1619166119,0.965215,4772014,14
1,232473919,0.969254,4773741,17
1,3157015157,0.982762,4774983,11
1,3628434037,1.006328,4778420,43
1,2277168407,1.054659,4779283,6
1,1811705977,1.008267,4781902,31
1,1854617783,1.027930,4782980,9
1,3254062177,1.000976,4783620,3
1,293890451,1.064795,4784604,8
1,1041776261,1.006813,4789392,62
1,607765001,0.950945,4789892,1
1,4055309173,0.973777,4793123,40
1,442193627,1.029354,4794122,8
1,677379539,1.093303,4795336,11
1,937649917,0.936979,4797608,26
1,1971043979,1.051877,4798755,10
1,3913075741,0.978779,4799757,8
1,1830885473,1.020780,4800683,7
1,3789408451,1.050019,4801482,5
1,3083634007,1.004871,4803678,25
1,745453861,0.895409,4804890,11
1,1518980083,0.980274,4806598,18
1,2157399047,0.965215,4809497,35
1,3645921247,0.928078,4811155,17
1,2650127951,1.018386,4812242,9
1,2168586397,1.023646,4814482,26
1,199626013,0.924916,4816166,18
1,88640599,0.955044,4816944,5
1,1568416261,1.062040,4818013,9
1,3936444151,0.873324,4821753,47
1,3830471651,1.006328,4825468,47
1,1707104863,1.021736,4829064,45
1,1410802669,1.036445,4830002,7
1,2042807729,1.018386,4834175,47
1,2051574361,1.014061,4838559,56
1,3963956599,0.952484,4839074,1
1,3884095511,1.070284,4840563,15
1,989127653,1.033615,4843104,30
1,325526713,1.009718,4844522,14
1,4100082643,1.054659,4845103,2
1,2797053209,0.866589,4848215,38
1,1457096167,0.882778,4850193,22
1,694551409,0.985243,4850903,4
1,1528628929,0.999023,4856277,70
1,451985207,0.949404,4857091,5
1,545113799,0.938541,4858164,9
1,3633614311,0.940620,4858961,5
1,1748139689,0.960143,4860026,9
1,4166678237,1.008267,4860614,2
1,2789721241,1.062500,4861610,8
1,1028452517,1.028405,4865180,45
1,2652029491,0.938541,4865695,1
1,140549263,0.993632,4867235,16
1,3710054273,1.006813,4867821,2
1,179719283,0.970261,4868821,8
1,1387929757,0.894864,4870093,12
1,2770792181,1.052341,4871034,7
1,645398531,0.998534,4871534,1
1,3404490913,1.023646,4873156,17
1,2802165059,1.057894,4876175,37
1,655410113,0.997556,4877798,17
1,67594739,0.951972,4878580,5
1,131476403,0.938541,4880208,17
1,2331596627,0.993632,4880861,3
1,587397047,1.018386,4881373,1
1,1142629471,1.091963,4881887,1
1,1598322163,0.966732,4884630,33
1,136271893,0.870524,4888258,46
1,1842256219,0.971267,4890529,26
1,3367369081,0.954021,4891609,9
1,1224563287,1.035503,4892125,1
1,129906247,0.940101,4892698,2
1,519185267,1.050483,4895435,33
1,2134204097,0.895409,4897553,24
1,317870611,0.923330,4899802,26
1,2717953313,0.944764,4901415,17
1,4079987251,0.969254,4902906,15
1,3827355253,1.026028,4907945,66
1,396921713,1.051413,4908664,4
1,1303457963,1.042083,4912543,49
1,1547757137,0.973276,4913325,5
1,981580879,1.006813,4915242,21
1,2235689639,0.915897,4916041,5
1,1938812417,1.055584,4917456,14
1,2747479457,0.980772,4918943,15
1,3631661359,1.036445,4920592,17
1,3893300093,0.995105,4922702,24
1,2242422701,1.006328,4924972,26
1,1454760011,0.990186,4927857,35
1,1467930889,0.941139,4928594,4
1,3609621143,0.997066,4930230,17
1,2131934347,0.944764,4931372,10
1,102502861,1.038798,4932429,9
1,2700373931,0.996576,4934936,26
1,605307557,0.997556,4935584,3
1,697219921,0.993141,4936722,8
1,2736232951,0.948889,4938927,25
1,289922189,1.000976,4940612,18
1,3491298763,0.950945,4941752,10
1,2117379013,0.993141,4942549,5
1,829758749,0.938541,4943405,6
