agent_id,prime,g,timestamp_us,checked_since
1,314526689,0.919621,0,81
1,2738934857,1.076198,1817,16
1,2527981259,1.076198,3661,20
1,1866202033,0.936979,5156,15
1,1610778517,1.098205,6288,10
1,3135252509,1.012616,6934,3
1,685923559,1.064795,7519,2
1,1491605419,1.039738,8724,11
1,696622691,0.884436,9649,7
1,1013412097,0.853531,10151,1
1,3340035989,0.954021,12771,31
1,2131632109,0.946313,13715,7
1,1665433157,0.938541,14723,8
1,1904794063,0.994123,16636,21
1,330045299,1.007782,17354,4
1,1706963053,0.985738,19705,27
1,1463339993,0.997066,20500,5
1,584718031,1.007782,22685,25
1,3235791623,0.956066,27319,60
1,488101483,0.914830,30131,34
1,3962645431,0.920682,31209,9
1,3752955091,1.086584,32364,10
1,3235890407,1.025552,32949,2
1,686067191,0.852959,33738,5
1,2930378149,0.942176,37454,47
1,1937927107,0.877229,42721,69
1,1008839159,0.950432,43789,9
1,1130420581,0.982762,44853,9
1,1116214069,0.855246,45991,10
1,153568201,0.962683,48927,36
1,2716111157,0.942176,51951,37
1,2358534029,1.004871,52672,4
1,1709157581,0.924387,53266,2
1,3868170899,0.942176,54138,6
1,4269612649,0.936979,54801,3
1,168441547,1.064337,58719,50
1,3253409333,0.886641,61594,35
1,239628833,0.913227,64956,36
1,2395261313,0.997556,66395,14
1,3946884367,0.944764,70688,55
1,1727473201,0.957597,73357,32
1,2197487899,0.919621,74436,9
1,123610453,0.978779,75631,11
1,628382773,0.912693,76490,6
1,3127527463,0.962683,77424,7
1,2025334499,0.945280,78852,14
1,2696342291,0.989199,81182,27
1,4071407959,1.004871,82111,7
1,1372650449,0.960652,83047,7
1,3392496467,1.010685,84949,21
1,166924727,1.000488,87270,27
1,2165908909,0.980274,88825,16
1,417896429,1.012616,89820,8
1,2565929579,0.994614,92799,36
1,359140373,0.964709,93365,2
1,310536851,1.039268,97284,50
1,702779159,0.862070,97932,3
1,3640212467,0.973777,98885,7
1,2240630237,0.970261,103252,56
1,2097526139,0.895954,106851,45
1,501612197,0.846639,109534,32
1,1050227249,0.931753,114630,67
1,201219113,1.055121,115348,4
1,3100233239,0.986233,119294,50
1,3599595743,0.885539,120161,6
1,774280337,0.994614,120663,1
1,1909192841,0.902471,121800,10
1,1641701287,0.884436,122527,4
1,3609447091,1.073018,125546,37
1,2994485357,0.886090,127380,20
1,293513851,0.961160,128315,7
1,3698404091,1.054659,129111,5
1,4250185837,0.946829,130536,14
1,2795233739,1.050483,132873,27
1,821962381,0.893772,133520,3
1,3558542951,0.960652,134796,12
1,593791931,0.829745,136423,17
1,1239197483,0.973777,138481,23
1,495023993,0.965215,140734,26
1,3351890167,0.952484,142303,16
1,206497441,0.965215,149500,97
1,2791675189,0.965215,151542,23
1,596156569,0.946313,153856,27
1,2949787343,1.029829,155938,23
1,485835121,0.857526,158807,35
1,1960069253,0.885539,160703,21
1,3623367283,0.970261,164310,45
1,608079343,0.962175,166217,17
1,3981543983,1.012616,167160,7
1,2251143857,0.983258,167738,2
1,781974269,0.903552,172190,44
1,731194267,0.968750,173393,9
1,2620868527,0.950945,176151,30
1,2176073699,0.855246,178788,31
1,1302035353,0.942176,179929,10
1,2951658317,1.072563,180807,6
1,1760501669,1.048157,182790,22
1,1742143111,0.942176,183589,5
1,833514557,0.934370,186500,35
1,1489659599,0.975280,187152,3
1,21435941,0.956066,189107,22
1,2907512141,0.936979,190181,9
1,3785937377,1.007782,190969,5
1,2774918977,0.919621,191546,2
1,2618221061,1.003899,193239,18
1,1088021771,1.076198,194249,8
1,564518863,1.015985,195112,6
1,2911892911,0.872205,197667,30
1,3231663493,0.899761,202144,58
1,2721735091,0.889939,203505,13
1,3541053379,0.962175,206540,37
1,53963431,0.981270,207110,2
1,3437147299,0.935414,207909,5
1,3522970993,0.875000,208845,7
1,1386570499,0.908940,210687,20
1,554375111,0.977281,213087,28
1,550669451,0.886090,214566,15
1,1522486481,1.048157,216202,17
1,3879925549,0.848367,217291,9
1,2111743747,0.962175,220049,31
1,2045210507,0.902471,222263,25
1,2357414821,0.912693,224510,26
1,1612182749,1.027455,225093,2
1,1616378537,0.950945,227286,25
1,2876410679,1.063419,228010,4
1,1225749947,1.027455,228735,4
1,2594500913,0.877786,230704,22
1,2880969733,1.047691,232188,15
1,248818897,0.963190,233590,14
1,1945206139,0.920682,234880,12
1,1412534491,0.964709,235665,5
1,1665594547,0.969254,236874,11
1,3842960189,0.928078,238721,20
1,2945482223,1.012133,241754,37
1,3256938493,1.044423,243668,21
1,4260093169,0.991172,244961,12
1,2533480427,0.946313,245685,4
1,757681429,0.941139,247024,13
1,3594930869,1.078012,252011,65
1,3571588087,0.970261,255326,41
1,590135419,1.005357,256457,10
1,3141663017,0.975280,257812,13
1,2873533693,1.031250,258536,4
1,1201150271,1.012616,259331,5
1,2912381599,0.897044,261730,28
1,2774362861,1.064795,263086,13
1,1392839611,0.964709,264852,19
1,1738098449,0.962683,265713,6
1,166910561,1.040677,266434,4
1,414143441,0.946313,268218,15
1,209736349,0.984747,268876,1
1,3983623967,1.000488,271023,24
1,2869738073,0.919621,272026,8
1,1967900563,0.991172,274438,28
1,2119444949,1.023646,276360,21
1,1523603843,0.978779,276868,1
1,2254854607,1.042083,277381,1
1,125258641,0.936979,278020,3
1,271633547,0.984747,279143,10
1,4232184661,0.928078,282938,48
1,2987985037,0.885539,283859,7
1,3779711821,0.811297,286052,25
1,908926477,0.942176,287539,15
1,2803519073,0.957597,288260,4
1,3310782539,1.003899,292050,48
1,2190085621,1.073928,293810,19
1,2155894067,0.999023,294461,3
1,2652429823,1.018386,295469,8
1,4217025977,0.914830,296204,4
1,2950073963,0.988706,297085,6
1,1491721769,0.944764,299683,31
1,3749510573,0.946313,301754,23
1,2765621449,1.007782,306649,64
1,3948832703,1.078012,307669,8
1,1606538903,1.012616,313141,72
1,2136739229,1.012616,313664,1
1,3226528399,0.923330,314943,12
1,3548764073,0.957597,316010,9
1,4174850039,0.911622,316672,3
1,1163879777,0.948889,320193,44
1,918355547,1.054659,321277,9
1,1550019853,1.020302,325616,56
1,1300334753,0.962683,327088,15
1,135920329,1.033615,328562,15
1,1586959057,0.977281,329634,9
1,2537990687,0.997556,333238,45
1,2136824923,1.004871,334464,11
1,1676931637,0.952484,337221,33
1,2814937579,1.012133,338785,16
1,55765691,0.920152,343845,66
1,2795708269,0.982762,345060,11
1,2513145823,0.973777,347259,25
1,186857977,1.029829,348388,10
1,1553835499,0.988706,350725,27
1,2806608019,0.946829,351373,3
1,2997816313,0.850666,356244,63
1,2235558539,0.970261,361432,68
1,2128439857,0.946313,363623,25
1,3282222043,1.012133,366318,32
1,1141973117,0.911622,368430,24
1,4276971467,0.946313,372136,41
1,277373917,1.154560,373578,14
1,3616594043,1.036445,375232,17
1,2701369049,1.018386,376865,17
1,3485757871,1.106621,378148,12
1,2875205117,0.911622,380135,22
1,458594273,0.910550,381134,8
1,970314197,0.974780,384163,37
1,862342603,0.916963,384822,3
1,3518539501,0.980772,386448,17
1,476060701,1.050483,390101,46
1,3984517697,0.965215,393352,40
1,694067467,1.031250,394559,11
1,173592061,0.954021,398241,46
1,1588718849,1.044891,398888,3
1,2165900717,1.068458,400591,18
1,1670910733,1.068458,401726,10
1,2655477593,0.928078,405468,47
1,526851257,0.985738,406271,5
1,1281313763,1.024123,408600,27
1,3010094963,1.063419,409117,1
1,1376274827,0.872205,409903,5
1,3813110797,0.982762,411399,15
1,2963847343,0.872205,412188,5
1,705497917,0.899761,413387,11
1,1478966809,0.962175,415237,20
1,260483647,0.996576,419383,53
1,2505055783,0.977281,419960,2
1,3564527801,1.129764,421719,19
1,2143544723,1.046292,422655,7
1,2494224583,0.956066,423870,11
1,3830600129,0.962683,428066,54
1,2959176263,0.920152,429199,10
1,3008995537,0.982762,434943,76
1,952520117,0.899761,435450,1
1,870317593,0.895409,437565,23
1,2754629957,1.063419,438570,8
1,2849884967,0.893772,441896,41
1,2567938969,1.025552,445562,46
1,2096853769,0.884436,446361,5
1,3487845821,0.913227,446949,2
1,2201674417,1.005357,449342,28
1,3315134353,1.058356,450347,8
1,17861219,0.973777,451400,9
1,475505717,0.982762,456463,66
1,4176534919,1.039268,458383,21
1,4225797293,0.970261,463015,60
1,1405106929,0.964709,464009,8
1,2791051859,0.944247,465709,18
1,2307147907,0.970261,466209,1
1,234203383,1.082983,467213,8
1,2702243773,0.988706,470104,35
1,1265034509,1.000488,472494,24
1,1506834163,0.954533,474310,17
1,813529511,0.962683,475757,14
1,1918867007,0.981270,477528,19
1,3313055063,1.061581,478809,12
1,1394560261,1.004871,479665,6
1,3927624559,0.938541,480460,5
1,3536046691,0.860369,481597,10
1,3020025181,1.078012,482943,13
1,1630920779,0.981270,483728,5
1,1524846287,0.938541,487957,54
1,2177424797,0.984747,488746,5
1,1066948513,0.977281,494913,82
1,2602281889,0.988706,496350,14
1,651974159,0.914830,499528,39
1,450908287,1.004871,500519,8
1,1257582397,0.932277,501881,13
1,1464636611,1.013098,504495,31
1,910188569,0.977281,507092,31
1,2175175909,0.970261,511093,51
1,2034805217,0.928078,513061,22
1,3816184963,1.026028,514408,13
1,2408509171,0.935414,515069,3
1,230627407,1.035031,517956,35
1,2415353357,0.899761,520638,32
1,187721393,0.913227,521203,2
1,2891710357,0.963190,521730,1
1,1043118347,0.962175,523005,12
1,1456028923,1.061120,523870,6
1,953473823,1.136229,527245,42
1,3458317211,1.015985,528947,18
1,2791988669,0.893772,529672,4
1,140446193,1.068458,530247,2
1,1714613779,0.919090,531455,11
1,2795805053,0.869402,532733,12
1,1971200837,0.984747,533800,9
1,1899122171,0.942176,536058,26
1,1510373561,1.105296,537826,19
1,3926139907,0.997556,540771,36
1,1958838067,1.003899,541363,2
1,4144909577,0.975280,543545,25
1,3034300831,0.982762,546365,34
1,3997121489,1.104854,547369,8
1,2465227357,0.921743,548434,9
1,190912067,1.115411,549348,7
1,2290022473,0.907327,551612,26
1,3133473859,1.012616,554141,30
1,1219591939,1.034559,555566,14
1,1893310217,0.932277,558880,41
1,2696969659,0.910550,565615,90
1,4227396883,0.984747,566205,2
1,1921167289,0.935414,566723,1
1,2103738757,0.946313,567438,4
1,3458007017,0.970261,569438,22
1,3525953407,0.938021,571849,28
1,3873648013,0.889391,572996,10
1,3590296169,0.827978,578773,70
1,3904483799,0.853531,580783,22
1,3684552853,0.965215,583273,29
1,2500922287,0.962175,584132,6
1,1561232047,1.042552,587378,40
1,3754898177,0.911622,589914,30
1,2400710251,1.037387,590658,4
1,3077805359,1.027455,592784,24
1,615204179,0.947859,594122,13
1,3329883961,0.999023,595491,13
1,380618003,1.124132,596137,3
1,4272548723,1.012133,598414,26
1,3925242019,0.963190,600124,18
1,180340451,1.027455,602104,22
1,3193351243,0.988706,605002,35
1,2802333119,0.911622,607469,29
1,3390848873,0.925443,609928,29
1,1437873149,1.045825,612616,32
1,2153893127,0.982762,613119,1
1,324599081,0.973777,616997,49
1,3232958257,1.070284,617987,8
1,923507401,1.061120,618493,1
1,2626695023,0.927551,620472,22
1,3332668189,0.773714,626913,86
1,1736130323,0.866589,632188,69
1,1962781109,0.919621,635906,47
1,2914875259,0.969758,636708,5
1,507267493,1.044891,637422,4
1,3237779711,1.033615,638988,16
1,3150205967,0.938541,641390,28
1,2464306907,1.127168,641903,1
1,2883855721,1.009718,644435,30
1,6979703,0.885539,648278,49
1,2225797927,1.033615,653067,62
1,82293349,0.888841,660836,105
1,3413521369,0.936458,661498,3
1,1662024883,0.957597,664881,42
1,2931180061,1.012133,665530,3
1,3893344603,0.910550,671781,83
1,2444051611,1.078012,673270,15
1,2322918457,0.920152,674128,6
1,3646654523,0.974780,676277,24
1,2599501687,0.944764,680411,47
1,216464921,0.931753,681780,13
1,2898329737,0.914830,682693,7
1,3664884733,0.853531,695478,176
1,2413143119,1.062959,698780,41
1,577575169,0.954533,701452,32
1,1030034909,1.025552,705392,50
1,2415664397,0.913227,708569,39
1,1119247897,0.919621,712872,55
1,3347887859,0.980772,714440,16
1,443259697,1.098205,715362,7
1,827807473,0.997556,717059,18
1,2529865061,0.961160,724155,95
1,1245778873,0.964709,726134,22
1,4262009951,1.020302,732326,82
1,3239933093,1.020780,733258,7
1,686869021,0.940101,734111,6
1,399410311,0.969254,736992,35
1,852669709,0.963190,737917,7
1,1508617261,1.086584,740553,31
1,1950206213,0.944764,741131,2
1,2275404623,0.877786,742643,15
1,3804838399,0.922801,750443,105
1,130730207,1.005357,751084,3
1,3477589123,0.835024,751806,4
1,3804202651,0.914830,753441,17
1,3848519513,0.952484,755489,23
1,23236613,0.928078,766954,158
1,524484817,0.935414,769813,35
1,1623151219,0.934370,771865,23
1,2114080099,0.965215,774984,38
1,2351273909,0.977281,776475,15
1,1427137457,0.899761,778438,22
1,620687773,0.904092,783460,60
1,3413491597,0.941657,784932,14
1,4144238621,1.070284,785721,5
1,2432851541,0.927551,787281,16
1,1895294651,0.944764,788575,12
1,3844498027,1.055584,790129,16
1,2729285459,0.965215,790650,1
1,1615532587,0.897588,794437,48
1,3218124017,0.993632,798249,48
1,1461593113,0.997556,799317,9
1,2950274273,0.942176,808776,129
1,1871667617,1.031250,809496,4
1,2260239271,0.919621,811408,21
1,2127910123,0.935414,812135,4
1,1953516913,1.033615,813137,8
1,1113621251,1.003899,815325,25
1,1297412789,1.029829,818646,41
1,2708286661,0.944764,819501,6
1,3468779,1.006328,820272,5
1,2935828457,0.970764,822330,23
1,3960547823,0.928078,825288,36
1,1860785809,1.003899,826566,12
1,1096056047,0.986728,830075,44
1,45704833,1.024123,832251,25
1,1601329963,0.965215,834306,23
1,1139969599,0.922801,835376,9
1,4128877933,0.969254,837099,18
1,780840607,1.046758,844691,102
1,680223701,0.902471,845683,8
1,2903634361,0.970764,847253,16
1,3554951837,0.961160,849787,30
1,3273482323,1.055584,852174,28
1,1536312937,0.988706,853318,10
1,133607701,0.913227,854655,13
1,4128123829,1.042083,857054,28
1,997171649,1.002438,858051,8
1,1106190161,0.891584,860867,34
1,1854639119,0.929655,865441,59
1,395652529,1.048157,867353,21
1,1833543277,0.907327,870135,33
1,676946609,0.973777,870713,2
1,2364260993,0.929655,871992,12
1,1042184783,0.864897,873916,21
1,4265485867,1.031250,876333,28
1,1253980103,0.960652,876987,3
1,3761932849,1.100870,877906,7
1,1427270729,1.055121,879951,23
1,648428689,1.013098,881717,15
1,3490485709,0.991172,882788,9
1,1993923103,0.841432,883597,4
1,2560075813,0.952484,885445,20
1,26228647,0.949404,887766,27
1,2918854973,0.927551,888499,4
1,2903326301,0.950945,889221,4
1,1019291473,0.853531,895676,86
1,2740820321,1.024123,897157,15
1,2906987249,0.983258,899283,24
1,909580751,0.914830,901821,30
1,2794024229,0.888841,902747,7
1,3420646529,0.904092,904594,20
1,2794301431,1.027455,907305,32
1,4257611551,0.970261,907833,1
1,3746383247,0.997066,909475,17
1,3633443267,1.047691,910403,7
1,31606499,0.962683,912846,29
1,4054251041,1.078012,913502,3
1,3708062147,1.025552,916323,34
1,1534414261,1.004871,918161,20
1,3410792597,0.928078,919439,12
1,3223760489,0.962683,920238,5
1,2399412293,0.975280,922345,24
1,3617872781,1.031250,923354,8
1,3258012133,0.910550,927632,55
1,1996384963,0.945280,928220,2
1,2765059211,0.857526,928740,1
1,3168617867,0.934370,930859,24
1,1507850489,0.962175,932084,11
1,35282999,1.050483,933136,9
1,61895401,0.947859,933637,1
1,1719578503,1.004871,934302,3
1,1898462521,1.052341,937180,35
1,213221117,0.938021,938179,8
1,257929823,1.033615,941682,44
1,1629919583,0.927551,943867,25
1,3816822853,0.952484,944505,3
1,2283997717,0.932277,946262,19
1,1564445189,1.018386,946772,1
1,1857538399,0.995105,947716,7
1,3921738329,1.020302,948792,9
1,2722838957,1.069371,951263,29
1,2652715459,1.042552,952339,9
1,3911179819,0.944247,956284,50
1,556102201,0.925443,957418,10
1,3581941897,0.907327,958195,5
1,350156903,0.984747,959358,10
1,2610479281,1.035503,961539,25
1,3864540007,0.934370,963316,19
1,1513771643,0.977281,963968,3
1,491381797,1.076198,966777,34
1,3438662749,1.007782,968408,17
1,2345974291,0.942176,973611,68
1,838822081,1.022214,975928,27
1,2471670793,1.046758,979087,39
1,790501357,1.027455,981000,21
1,3726549529,0.988706,982635,17
1,3599847287,0.993141,983642,8
1,3428111579,0.957597,985352,16
1,3981175873,0.985738,986609,9
1,2407976167,0.985738,987620,8
1,688400491,0.970261,988607,8
1,145114447,1.012616,989592,8
1,3275683849,1.027455,990248,3
1,3691602641,0.913227,991516,12
1,2257509887,1.000488,994204,32
1,3191079473,1.236647,994712,1
1,3365620409,1.029829,998861,53
1,3592806527,0.853531,1000223,13
1,714900343,0.877786,1001300,9
1,2302850663,0.962683,1004978,46
1,3255542573,0.886090,1005762,5
1,339220621,0.984747,1008989,40
1,4031214937,0.895954,1009706,4
1,3568356073,1.034559,1011338,17
1,2183370817,1.113220,1013222,21
1,651695491,0.862070,1014223,8
1,2875387349,0.919621,1015588,13
1,4121938393,0.962683,1017784,25
1,1698727967,1.025552,1019539,19
1,1822497751,0.934370,1020052,1
1,2088671419,0.880563,1021474,14
1,3335336227,0.929655,1023730,26
1,2560832231,0.836777,1026614,35
1,1524474467,0.908940,1027968,13
1,592736527,0.895409,1029951,22
1,2289659159,1.127168,1030463,1
1,1310512211,1.089725,1036580,81
1,881051957,0.977281,1037234,3
1,2955332801,0.961160,1041101,49
1,130218797,0.843750,1042864,19
1,2790632333,0.934370,1044361,15
1,3311055893,0.952997,1045913,16
1,2274539779,1.024123,1046568,3
1,1177025441,0.914830,1049943,42
1,1769686063,0.818488,1054154,54
1,22236329,1.016466,1057509,42
1,2274994399,1.018386,1060196,32
1,1563686191,0.962683,1061557,13
1,2574000071,0.862070,1062072,1
1,364697471,0.862070,1064272,25
1,1639681429,0.925971,1066268,22
1,669753827,0.973777,1067345,9
1,2509465879,1.090173,1067926,2
1,601038259,0.962175,1074689,90
1,481420007,1.070284,1076170,15
1,2665199371,0.938541,1078296,24
1,1652121071,0.965215,1080995,32
1,1444871977,0.938541,1084033,37
1,3689978099,0.948889,1087733,43
1,2864313703,1.043020,1088814,7
1,1893159809,1.020302,1091290,29
1,2864539753,0.981270,1094314,37
1,4274168771,1.036916,1095453,10
1,2035462801,1.029829,1096313,6
1,4224212527,0.838525,1097039,4
1,47660101,0.904092,1098238,11
1,902159513,0.962683,1099517,12
1,2066135237,1.029829,1101428,21
1,1459471973,0.946313,1102503,9
1,810398821,0.977281,1104954,29
1,3035608423,0.889391,1107785,34
1,717906323,0.928078,1110315,30
1,1939542487,0.996576,1113002,32
1,1912750789,0.822059,1113786,5
1,3737278231,1.007782,1115570,19
1,1598218607,0.941657,1116791,11
1,2308619393,0.886090,1117853,9
1,3425355113,1.012133,1119565,18
1,768702371,0.962683,1125462,78
1,2575067591,0.946313,1126534,9
1,3760461907,1.013098,1127530,8
1,1739102279,0.957597,1135290,105
1,4091104387,0.935414,1136778,15
1,3806436983,0.934370,1138138,13
1,1779703,1.035503,1139262,10
1,2116677151,0.928078,1139991,4
1,2996991449,0.977281,1141205,11
1,1686931289,1.061120,1144025,34
1,3655266829,0.988706,1145933,21
1,593902033,0.934370,1147631,18
1,2293864421,0.980274,1148636,8
1,1781895131,1.002438,1149153,1
1,1783558219,0.911622,1149881,4
1,3201135023,0.946313,1153909,51
1,3156506029,0.962175,1158778,63
1,1956442781,0.893772,1159989,11
1,715443907,1.050483,1165452,72
1,586197277,0.997556,1168264,34
1,3322949921,0.844329,1170089,20
1,378540733,0.927551,1173022,36
1,526733159,1.057433,1173533,1
1,1179310637,0.947859,1174877,13
1,96631607,1.020302,1176704,20
1,35553253,0.910550,1178043,13
1,3400165091,0.910550,1183448,71
1,1174283107,1.090621,1185360,21
1,411853061,1.002438,1186549,11
1,4178686979,0.963190,1187196,3
1,88730947,0.973777,1188396,11
1,3707148493,0.970764,1190370,19
1,662951231,0.928604,1193305,25
1,4294311017,0.978779,1195300,20
1,3497111143,1.036916,1196796,15
1,3321480937,0.920152,1201444,60
1,1780362343,0.997556,1203354,21
1,1746040609,0.965215,1204637,12
1,1987169477,0.950945,1205148,1
1,2126839511,0.999023,1205883,4
1,2825601859,0.981270,1207016,10
1,2926815371,0.946829,1209141,24
1,1671104429,1.020780,1211612,29
1,644487511,0.795495,1213577,22
1,3910121179,1.004871,1214312,4
1,3612077503,1.035503,1219151,61
1,2569688929,1.050483,1220723,16
1,2856790843,0.950945,1223617,35
1,3609805897,0.981270,1226797,39
1,1057658033,0.960652,1227859,9
1,3549108187,1.068458,1228381,1
1,3551820869,0.928078,1230777,28
1,2882090569,0.891584,1231425,3
1,1700888087,0.946313,1232302,6
1,2496325369,0.893772,1233310,8
1,2921169389,1.037387,1235213,21
1,63719413,0.962683,1236764,16
1,1459711717,0.988706,1237281,1
1,1190435963,0.946313,1238214,7
1,3031337531,1.048157,1239083,6
1,2494139699,1.013098,1239939,6
1,516059639,0.960652,1243111,39
1,203992837,0.868840,1243822,4
1,656101123,0.970261,1245998,25
1,2561364889,0.961160,1249726,47
1,2632851511,1.006328,1251084,13
1,3331755529,0.919621,1253824,33
1,2559488299,0.962175,1256427,31
1,84176737,0.945797,1257205,5
1,1483737887,0.903552,1258219,8
1,4044135673,0.964709,1259231,8
1,3657519661,0.935414,1265746,87
1,1005004661,1.031250,1273108,99
1,3131738003,0.860369,1273834,4
1,705004373,0.975280,1275029,11
1,997932851,0.969254,1275686,3
1,257053879,1.031250,1277386,18
1,525806401,1.127168,1278025,3
1,563889883,0.985738,1278950,7
1,3505830761,1.036445,1282178,40
1,100573727,0.888841,1284977,34
1,3623178877,1.071652,1287103,24
1,1245639217,1.046758,1290773,46
1,184294081,0.931753,1292515,15
1,149801497,0.970764,1293700,8
1,2877159563,1.025552,1296279,30
1,1147043089,0.925971,1301702,71
1,2836715657,1.039738,1302420,4
1,1411005203,0.895409,1303205,5
1,4108407461,0.913227,1304000,5
1,2914604657,0.928604,1304581,2
1,2808209773,1.043020,1305999,14
1,1602296833,1.000488,1307270,12
1,4014753653,0.904092,1312603,70
1,1678366127,0.969254,1314933,27
1,275623001,0.924387,1316205,12
1,3257464307,0.944764,1318612,28
1,2003547649,1.000488,1321286,32
1,2399428531,1.027455,1323000,18
1,3778500139,1.004871,1323651,3
1,3961588417,1.062959,1325343,18
1,692091067,1.005357,1326196,6
1,2554560917,0.884436,1326777,2
1,3154952653,1.025552,1327427,3
1,4005103547,1.121958,1328991,16
1,31118909,1.164665,1330274,12
1,2316124729,1.104854,1331198,7
1,1449499297,0.984747,1332546,13
1,677258677,0.818488,1334721,25
1,746101613,0.886641,1335440,4
1,135347327,0.932277,1339918,58
1,3961339829,0.994614,1340512,2
1,312396949,0.938541,1342143,17
1,3572601779,0.920152,1345101,36
1,1311484597,1.080726,1345760,3
1,3303676807,0.889391,1348775,37
1,159528521,0.877229,1349340,2
1,3190261241,0.912693,1350203,6
1,720202267,1.020302,1350861,3
1,75104801,0.877786,1351975,10
1,3122214163,1.025552,1359747,105
1,2596346609,0.930180,1365192,72
1,1738266911,1.000488,1366212,8
1,537567007,0.984747,1367071,6
1,3263874253,0.984747,1369187,24
1,72039301,0.970261,1369959,5
1,2139839987,0.903011,1370900,7
1,811540571,0.932277,1371891,8
1,882369083,0.938021,1373098,11
1,1890632459,0.910014,1375980,35
1,3732531749,0.981270,1377468,15
1,3565582591,0.906789,1378340,6
1,4051409797,1.014061,1381253,35
1,1098353807,0.902471,1381903,3
1,3142771117,0.964709,1383044,10
1,2844262193,0.914830,1385521,29
1,2181351083,0.914830,1387421,21
1,1171090891,0.997556,1388291,6
1,368010887,0.919621,1389080,5
1,3958098889,1.073928,1390994,21
1,1019856389,0.952997,1394349,37
1,3029956753,1.063419,1395703,11
1,918711587,0.844907,1396855,10
1,3919753951,0.988706,1398214,13
1,2757218887,0.988706,1399854,17
1,116147611,1.047691,1401201,13
1,3625350007,0.933847,1405577,56
1,2912764013,1.040677,1406304,4
1,2140483231,0.931753,1408146,20
1,2054865623,0.906789,1408807,3
1,2439817409,0.990186,1410850,23
1,1556005613,0.862070,1411442,2
1,3742960477,0.913227,1412024,2
1,3239676967,0.942176,1414840,34
1,167676239,1.015985,1418637,48
1,3009699401,1.029829,1422729,52
1,1861416331,0.853531,1424014,12
1,624799979,0.904092,1424738,4
1,2137799429,1.037387,1426861,24
1,3157451833,0.846062,1428922,23
1,131670529,0.971267,1433838,64
1,2609387653,0.910550,1434346,1
1,2155324201,0.934370,1435627,12
1,3224227049,0.895409,1437693,23
1,937373407,0.975280,1438441,4
1,2083194277,1.027455,1441320,35
1,727106867,0.878342,1443785,29
1,781299611,0.988706,1445283,15
1,2437290991,1.019823,1449436,53
1,4286420629,1.055584,1450241,5
1,131172073,0.995105,1451442,11
1,2400493591,1.050483,1453512,23
1,3657182989,0.897588,1457504,51
1,3583103389,0.919090,1458793,12
1,1452729283,0.960652,1459514,4
1,4021478353,1.014061,1462272,33
1,221091463,1.050483,1463469,11
1,4196361727,0.978779,1464141,3
1,29268277,0.954533,1471624,101
1,2657891239,0.913227,1474101,29
1,2624830193,0.895409,1475182,9
1,4221716797,0.923330,1476329,10
1,1666449073,0.954533,1477271,7
1,430924853,0.919621,1477845,2
1,2944986607,0.919090,1481188,41
1,2051893219,0.984747,1482061,6
1,3615964543,0.938541,1484675,31
1,318245407,0.981270,1485733,9
1,1781274751,1.064337,1487085,13
1,4190442559,0.950945,1488301,11
1,40226513,0.988706,1491650,42
1,2685579697,1.070284,1494187,30
1,2861057477,1.057433,1496217,19
1,3386562001,0.982762,1497809,14
1,1435197487,1.014061,1502931,67
1,2565617779,0.895409,1504150,11
1,2976966467,1.013098,1504941,5
1,2165224441,1.002438,1506778,20
1,925846211,0.889391,1507501,4
1,1421937949,0.984747,1510744,40
1,131877763,0.969758,1512216,15
1,1778224031,0.893772,1514205,22
1,89902517,0.931753,1522533,113
1,3789820207,0.946829,1525360,34
1,3432621107,1.111464,1526008,3
1,2310672319,0.955044,1529659,46
1,3600028319,1.007782,1532540,35
1,1256656991,1.047691,1535981,43
1,534802091,0.984747,1536978,8
1,2786893897,0.928078,1537902,7
1,907054549,0.942176,1538893,8
1,3892543013,0.895409,1540244,13
1,468304307,1.017906,1541518,12
1,3321677587,0.886641,1542450,7
1,372313093,0.944764,1544143,18
1,3330642389,1.032197,1547095,36
1,1436098819,0.914830,1550189,38
1,1744103279,0.980274,1551616,14
1,753165547,0.927551,1557072,72
1,3233609581,1.076198,1557728,3
1,2809462433,1.075745,1558247,1
1,3973684093,1.002438,1558974,4
1,125403701,0.910550,1561992,37
1,1809284467,0.827388,1565446,43
1,1461160403,0.994614,1566097,3
1,3710945369,0.938541,1567721,17
1,106887661,0.897588,1568645,7
1,3858844883,0.988706,1569297,3
1,1525694239,0.962175,1572207,35
1,241535759,0.988706,1573133,7
1,1792060951,0.927551,1576031,35
1,588748051,0.964203,1578289,26
1,724031137,1.091068,1579144,6
1,1977279173,0.852959,1579804,3
1,2952176441,1.054659,1580327,1
1,171419173,1.061581,1582922,31
1,225043867,0.944247,1583575,3
1,3724591229,1.058356,1584498,7
1,650025203,0.946313,1589357,63
1,3656730769,0.918559,1590075,4
1,528333149,0.848367,1592057,22
1,3716360069,0.932277,1594460,28
1,717740929,0.970764,1598596,49
1,2429644843,1.063419,1600840,24
1,2796122207,0.957597,1601872,8
1,3252959791,0.955044,1602660,5
1,697144363,1.000488,1604491,20
1,1916975791,0.950945,1607934,43
1,860644987,1.055584,1609453,15
1,4225312843,1.132786,1610323,6
1,655219597,0.952484,1612787,29
1,4266723737,1.061581,1613783,8
1,716091583,0.897588,1615353,16
1,896965561,0.940101,1617274,21
1,2586765761,0.836777,1624154,92
1,2062383497,1.035503,1625304,10
1,1716798077,0.969254,1627074,19
1,2066066693,1.048157,1628071,8
1,2215695991,0.928078,1628789,4
1,2138517257,1.009718,1629310,1
1,665139407,1.047691,1630526,11
1,2537711881,1.018386,1634046,44
1,3522305459,0.957597,1635186,10
1,1729313771,0.942176,1636397,11
1,4120162769,0.981270,1638645,26
1,2368317929,1.047691,1639855,11
1,3718913843,0.929655,1641081,11
1,2761185803,1.005357,1641655,2
1,2067488273,0.970261,1644551,35
1,653267579,0.919621,1645823,12
1,1559821421,0.965215,1647462,17
1,3596981207,0.867715,1647978,1
1,3486673951,0.964709,1649121,10
1,1051396771,0.975280,1649776,3
1,2556309659,0.921213,1650565,5
1,752926717,0.839689,1651989,14
1,1368900551,1.014061,1652503,1
1,2538790313,0.844329,1653990,15
1,4245521759,1.055121,1655133,10
1,1206332993,0.901929,1656769,17
1,1394973353,0.965215,1657282,1
1,3784266019,0.919621,1659675,28
1,2573420519,0.964709,1662074,28
1,2894854961,1.050483,1662728,3
1,1752863087,0.919621,1664006,12
1,2710662523,1.068458,1667386,42
1,2491100713,0.928078,1671380,51
1,2516583533,0.973777,1672781,14
1,193971541,1.017906,1675440,32
1,1703883359,0.872205,1677215,19
1,3696897487,0.871645,1678156,7
1,1338295507,0.984747,1686291,110
1,4053087061,0.983258,1690029,47
1,2592162103,1.027455,1693555,44
1,1918622231,1.018386,1694487,7
1,149737573,0.965215,1700015,73
1,3412845913,0.885539,1701019,4
1,924659773,0.973777,1702181,10
1,1457796149,0.934370,1702876,1
1,2655043199,0.977281,1703471,2
1,3246610391,0.988706,1709052,73
1,1010024887,0.981270,1709700,3
1,340552183,0.860369,1710562,6
1,3745438139,0.962683,1711302,4
1,3751422887,0.925971,1712167,6
1,4208402101,0.931753,1712826,3
1,2373577567,1.047691,1715876,37
1,2822273327,1.002925,1718056,25
1,3441998771,1.024123,1725623,102
1,3084823801,0.970764,1728663,37
1,3363200003,0.964709,1730424,19
1,2923322137,0.907327,1732478,23
1,4111791721,0.895409,1733276,5
1,1382116873,0.934370,1734204,7
1,4034984089,0.994123,1735349,10
1,3457404989,0.923330,1736000,3
1,3963339539,1.025076,1736512,1
1,179927533,1.020302,1737312,5
1,1705626919,1.002925,1740682,42
1,311959937,0.950945,1741381,4
1,3089325409,0.878342,1742445,9
1,1416079087,0.910550,1747083,60
1,3762617377,1.025552,1749551,29
1,1517744131,1.055584,1750061,1
1,1255047137,0.960652,1750933,6
1,2807985881,1.043488,1759082,110
1,3719442967,0.878342,1761751,32
1,1445045999,1.000488,1763865,24
1,2615864617,1.044891,1767529,46
1,1511078419,1.029829,1768804,12
1,3006228107,0.964709,1770362,16
1,1262090227,0.946313,1770885,1
1,3494441617,1.066628,1771597,4
1,1497537697,0.994614,1772514,7
1,1135401613,0.987223,1773373,6
1,119387869,0.955044,1774019,3
1,3618259213,0.965215,1775153,10
1,2728365503,0.948889,1776506,13
1,1628255351,1.012616,1781056,59
1,1502782007,0.938541,1782121,9
1,65080399,0.940101,1783038,7
1,2070317281,1.012133,1784457,14
1,3221457949,0.969758,1786083,17
1,2885483113,1.005357,1788419,27
1,1398289313,0.932277,1789346,7
1,3894459139,1.031250,1791591,26
1,406426729,1.039738,1792157,2
1,344482349,1.008751,1793140,8
1,3251926373,1.012133,1795472,27
1,3504008561,1.005357,1796270,5
1,45472747,0.961160,1800623,56
1,2872839857,1.007782,1801970,13
1,2523888407,0.880563,1802698,4
1,3619348727,1.073018,1803577,2
1,2712099443,0.938541,1805861,24
1,2177562503,0.846639,1808569,32
1,143297969,0.868840,1809969,14
1,3720579227,0.918559,1812734,33
1,2576243837,0.877786,1813527,5
1,2830910527,1.089725,1817268,47
1,2800875241,0.902471,1817923,3
1,379380601,0.902471,1822207,55
1,3983997847,0.984747,1822879,3
1,3378522379,0.982762,1825399,30
1,108526703,0.980274,1826117,4
1,1845509789,0.979277,1826633,1
1,2285359333,0.919621,1829867,40
1,2055581533,0.993141,1832205,27
1,930258409,0.961160,1834273,23
1,2518302301,0.882778,1835766,15
1,1216927597,0.970261,1836907,10
1,3153356573,0.916963,1838545,17
1,1485516091,0.880563,1839272,4
1,2350741291,0.908940,1844800,73
1,2701957381,0.891584,1846974,25
1,2553641131,0.936979,1847973,8
1,269243327,0.910550,1849388,14
1,3848852759,0.932277,1850111,4
1,805792243,0.973777,1853428,41
1,185520889,0.895409,1854417,8
1,2644891999,0.990186,1856342,21
1,1371808667,1.019344,1858379,23
1,2874428273,0.935414,1859096,4
1,3705798823,0.946313,1861418,27
1,800845621,0.918559,1862988,16
1,2241730913,0.919621,1864491,15
1,905549189,0.977281,1866268,19
1,3301937719,1.029829,1867408,10
1,1508459503,1.061581,1870151,33
1,1623492089,1.002438,1871141,8
1,1746157433,1.047691,1872213,9
1,3587660159,0.927551,1874065,20
1,1293299197,0.988706,1880373,84
1,1227809417,1.007782,1883108,33
1,3536363081,0.946313,1888145,66
1,1265926483,1.073928,1889914,19
1,3259752619,1.079370,1891404,15
1,2195901209,0.957597,1894138,33
1,2657438207,1.086584,1900966,91
1,3174899593,0.968750,1901548,2
1,4073824109,0.921743,1904719,39
1,270063793,1.012616,1911027,79
1,4009942283,0.903011,1912061,8
1,3000255809,0.965215,1915212,39
1,404677309,0.843750,1915863,3
1,3232087471,0.904092,1917995,24
1,2748622243,0.952484,1918923,7
1,2029076579,0.898132,1919923,8
1,2616613789,0.932277,1921918,22
1,1878232637,0.980274,1924747,34
1,1903037233,1.003899,1925670,7
1,3935203763,0.978779,1928131,29
1,3328068131,0.920152,1928787,3
1,1654416689,0.988706,1929918,10
1,2033077979,1.046758,1933950,51
1,710278193,1.018386,1936470,30
1,2121394229,0.993141,1937055,2
1,3607113247,1.140946,1938274,11
1,291356609,1.063419,1940258,22
1,809273603,0.895409,1941453,11
1,1218430139,0.990679,1943989,30
1,1006812329,1.058356,1952458,115
1,2640710297,1.043488,1954518,23
1,1259418133,0.965215,1960468,79
1,4209377567,0.880563,1960980,1
1,2620594913,0.947859,1961488,1
1,2613042557,0.970261,1963136,17
1,2773605931,0.988706,1964640,15
1,2674258963,0.914830,1966407,19
1,2189099581,1.031250,1967268,6
1,1757050307,0.913227,1969597,27
1,2683601309,0.897588,1973960,56
1,2245674187,1.002438,1974608,3
1,279663313,1.076652,1978189,45
1,1642973603,0.921743,1979266,9
1,101944789,1.035974,1983180,50
1,2039589533,0.910550,1986056,35
1,3432356063,0.880563,1986641,2
1,1143315821,1.050483,1987582,7
1,3713439703,0.997066,1988799,11
1,2643866947,0.974780,1989379,2
1,4018646761,1.012616,1996118,90
1,3088728917,0.919621,1997819,18
1,1733937001,0.944764,1999722,21
1,569119933,0.822059,2002601,35
1,1776393497,0.944764,2005442,34
1,3794175457,1.055121,2009272,45
1,848954807,0.932277,2010091,3
1,1859993419,0.977281,2011194,9
1,4037867129,0.988212,2012482,12
1,1334180131,0.888841,2014693,25
1,3080623211,1.044891,2016956,26
1,4035269383,1.004871,2018027,9
1,909346103,0.962683,2018952,7
1,4220878163,1.091516,2024838,78
1,4040457101,0.938541,2028426,45
1,2604114509,0.962175,2036475,109
1,1285018451,0.997066,2037345,6
1,417321929,0.891584,2038132,5
1,2369527627,0.914830,2040191,23
1,2769209519,0.965215,2041607,14
1,1816552807,1.025076,2043170,16
1,2149689743,0.970261,2043674,1
1,3357563941,0.919621,2045080,14
1,1071596441,0.920152,2046574,15
1,2834476363,1.042552,2048625,23
1,288658157,1.040677,2051561,36
1,1330519511,0.968750,2052781,11
1,1004988821,1.031250,2057082,55
1,2666897657,0.935414,2058641,16
1,3856900777,0.927551,2059638,8
1,782330401,0.982762,2060287,3
1,474131291,0.994614,2061286,8
1,1976562493,0.988706,2064623,41
1,2725704131,0.981270,2065502,6
1,1660335749,0.988706,2066222,4
1,3552430579,0.985738,2066960,4
1,3320684333,0.931753,2068798,20
1,2019214261,0.944247,2069317,1
1,2440515989,0.920152,2072471,39
1,3349052093,0.891584,2073361,6
1,2531921923,0.942176,2074559,11
1,505152209,0.853531,2075125,2
1,605701417,1.055584,2076186,9
1,1384805923,0.940620,2077042,6
1,1053326803,1.044891,2080142,38
1,365523601,0.805256,2081003,6
1,3475453879,0.952484,2082365,13
1,2698022309,1.025076,2083425,9
1,2397311341,0.962175,2084211,5
1,3510649699,0.987223,2085489,12
1,2624192479,1.020302,2086015,1
1,1835604007,0.957087,2086664,3
1,2449816849,1.033615,2087718,9
1,1673554661,1.039738,2089702,22
1,1758641603,1.036916,2090569,6
1,799877033,0.955044,2092611,23
1,2827557883,0.954533,2093340,4
1,2775678637,0.988212,2102021,117
1,158181637,0.942176,2105527,44
1,641005283,0.893772,2106177,3
1,2309788711,0.993632,2107103,7
1,2898303403,0.936979,2110851,44
1,1832103527,0.938541,2112039,8
1,993024047,1.020780,2115067,37
1,1315556953,0.934370,2117358,26
1,3389275151,0.970764,2118978,17
1,172087637,0.981270,2119823,6
1,841806599,0.931753,2121583,19
1,1835942191,1.000488,2122870,12
1,3050728789,1.033615,2123873,8
1,789553957,0.940101,2126355,29
1,1595285591,0.927551,2128699,27
1,2450403407,0.956066,2130549,20
1,2316498817,0.970764,2132245,18
1,1791103421,0.997556,2137080,63
1,2836350553,0.868840,2138769,18
1,1053717463,1.055584,2139857,9
1,2352536297,0.997066,2144991,67
1,2327212711,0.935414,2146896,21
1,2229137731,0.936979,2147408,1
1,3649603927,0.988706,2148614,11
1,3088134911,1.029829,2149405,5
1,3741012229,1.140946,2149919,1
1,3349835143,1.086134,2156021,81
1,4026970063,0.970764,2157307,12
1,3064231711,0.957597,2158451,10
1,3698985449,0.957597,2159100,3
1,2707814479,1.013098,2160455,13
1,1674086647,1.004871,2163772,41
1,2459934931,1.100870,2165403,17
1,2376387509,1.078012,2169894,58
1,739850357,0.950945,2170956,9
1,2192717381,0.947859,2173699,33
1,1299566977,0.977281,2180363,89
1,1850589469,1.093303,2182196,20
1,255158257,0.862070,2183270,9
1,3300437737,1.126301,2184406,10
1,3390938197,0.899761,2188623,54
1,3034834879,0.925443,2189703,9
1,2533602103,0.798558,2191477,19
1,1230819311,0.982762,2192623,10
1,1131331507,0.911086,2194395,19
1,83763961,0.984747,2195868,15
1,3274684793,1.052341,2197579,18
1,2788082261,0.796722,2198855,12
1,1668625219,0.938021,2201336,29
1,964440773,1.025552,2203805,29
1,1548799207,0.946313,2206355,30
1,427112173,1.027455,2207707,13
1,1110493051,1.004871,2210723,37
1,1998934943,0.919621,2212359,17
1,73672693,1.083884,2213389,5
1,955523831,0.895409,2218931,62
1,1376226311,1.031250,2219702,3
1,2867030659,0.936979,2220212,1
1,1443801133,0.975280,2221499,12
1,38471977,1.047691,2222473,8
1,275438719,0.970764,2223337,6
1,3320130769,0.998534,2225165,20
1,978160627,0.988706,2226240,9
1,2671110199,0.983258,2228505,26
1,4148435171,0.928078,2230406,21
1,484354229,0.898132,2233293,35
1,1862699851,0.998534,2234151,6
1,2461480367,0.954021,2235513,13
1,3671999743,0.938541,2239263,47
1,1232372213,1.132786,2239979,4
1,4204115233,0.991172,2241279,12
1,4034688793,1.078012,2241791,1
1,2227390229,0.919621,2242641,6
1,1863295751,0.925971,2243240,2
1,2967165017,0.938541,2245004,19
1,169139563,0.938541,2245714,4
1,579726439,1.043488,2246850,10
1,2680800403,0.946829,2247585,4
1,1077533411,1.039738,2249436,20
1,953713567,0.862636,2251615,25
1,2445084883,1.020302,2252269,3
1,2639517479,0.944764,2253621,13
1,366477599,0.886090,2256304,32
1,4153439683,0.938021,2257376,9
1,2658339121,1.000488,2258505,10
1,1726173887,0.996576,2260777,26
1,2826951329,0.928078,2262062,12
1,3936991439,1.007782,2262997,7
1,3006859489,1.068458,2268321,70
1,1777935793,0.927551,2269950,17
1,1672766743,1.013098,2271019,9
1,1811487361,1.036445,2272571,16
1,1868456021,1.106621,2276364,48
1,3268343909,1.050483,2278361,22
1,280967017,0.965215,2283402,66
1,3904285039,0.946313,2285317,21
1,3119865401,1.000488,2291007,75
1,3142006627,0.945280,2293558,30
1,694930723,0.997556,2295409,20
1,2504790397,0.888841,2300964,73
1,1599617783,0.956066,2304902,50
1,2297143619,0.901929,2307174,26
1,1269164509,1.025552,2309167,22
1,563932813,0.928078,2311423,26
1,1899460103,0.977281,2312430,8
1,3540915211,0.991172,2316443,47
1,4149684619,1.111464,2317649,8
1,5029417,1.091068,2319198,16
1,3447062609,1.044891,2321397,25
1,741968993,1.012133,2323785,28
1,448730179,0.895954,2325062,12
1,3826471241,1.055121,2326546,15
1,76546273,0.954533,2329204,32
1,1743083207,0.942176,2329937,4
1,3023124427,0.927551,2330662,4
1,3395498413,0.983258,2335641,65
1,3323404801,1.073928,2340180,59
1,3199714547,0.932277,2342796,31
1,3607581001,0.962683,2343309,1
1,1327961009,0.811297,2346198,35
1,72570193,0.888841,2347115,7
1,1141691737,1.043488,2347832,4
1,1866271919,0.895954,2348695,6
1,2354238169,1.062959,2350881,25
1,469788763,1.053732,2357084,83
1,771486511,0.881117,2358308,11
1,1375374667,0.984747,2359516,11
1,2294740207,0.982762,2362485,36
1,382004759,1.076198,2363549,9
1,1796812301,1.018386,2364341,5
1,2099153759,1.025076,2365703,13
1,4194127261,0.993141,2366925,11
1,2004513991,0.919621,2367590,3
1,2009903873,0.997556,2370610,37
1,813413087,0.973777,2371341,4
1,2486530363,0.988706,2373321,22
1,897060821,1.039268,2375308,22
1,2941289947,0.938541,2378055,33
1,952652021,0.954533,2378912,6
1,1013490983,0.868840,2380202,12
1,3277864883,0.963190,2381209,8
1,157928909,1.002925,2383117,21
1,911362999,1.012616,2388043,64
1,2392308871,0.913227,2388699,3
1,3887917037,0.962175,2390002,12
1,1944085291,1.036916,2390931,7
1,4052286827,0.927551,2392503,16
1,965765881,0.843750,2393720,11
1,1006640203,0.955044,2395413,18
1,890278681,0.944764,2400043,60
1,705677897,0.988706,2400545,1
1,463943903,1.004871,2402657,24
1,782278589,0.984747,2403448,5
1,3716116043,0.825615,2404734,12
1,3395685367,0.952484,2405256,1
1,2441764261,0.871645,2409519,55
1,3942671429,0.970764,2410369,6
1,186092653,1.000488,2411789,14
1,2853248777,0.889391,2412300,1
1,985229099,0.931753,2413311,8
1,392455681,1.006813,2415553,26
1,2936747851,1.012133,2418719,35
1,390562223,1.054196,2419518,1
1,3224479469,1.018386,2420741,11
1,135394601,1.034559,2421567,4
1,2421774133,0.988212,2423236,17
1,638427329,1.050483,2423733,1
1,4119911591,0.872205,2425504,19
1,4162891321,0.942176,2428385,32
1,434894497,0.877786,2428966,2
1,4098322213,0.907327,2432784,48
1,3229114873,0.970764,2433709,7
1,4188502133,1.025552,2440320,87
1,515844449,1.036916,2441894,16
1,3256723343,0.965215,2442624,4
1,1836410881,0.931753,2443963,13
1,1016922733,0.987223,2448379,57
1,3887170051,0.974780,2451345,36
1,2260557413,0.919090,2453737,28
1,3905869151,0.884436,2457834,52
1,429736103,0.960652,2458545,4
1,1490362931,1.037387,2459268,4
1,3627328973,0.988706,2461743,29
1,4177045021,1.020780,2463374,17
1,3657949171,0.818488,2465994,31
1,91065503,0.907865,2468313,27
1,3908001437,0.895954,2469743,14
1,2662511611,0.946313,2473296,44
1,963803353,0.957597,2473805,1
1,880884143,1.043488,2475355,16
1,3953295943,0.922801,2476004,3
1,1043484307,0.970261,2482606,88
1,669170399,0.913227,2483401,5
1,528226631,0.977281,2490016,88
1,923760209,1.019344,2494981,65
1,2005025357,0.970764,2496809,20
1,1110006913,0.950945,2497517,4
1,1198887589,1.036916,2501677,53
1,2837256551,0.950945,2503243,16
1,1378817981,0.922801,2506276,37
1,1097007607,1.050483,2506783,1
1,2915775059,0.882225,2508129,13
1,325784801,1.035503,2512122,51
1,3278714797,0.938541,2513757,17
1,1434937109,1.127168,2514623,6
1,4135861339,0.975280,2515136,1
1,1373177723,0.984747,2516984,20
1,2778262339,0.928078,2520745,43
1,4093055567,0.964709,2523373,29
1,2565264937,0.878342,2524743,13
1,1012200461,0.919621,2525461,4
1,268110671,0.984747,2526325,6
1,411838607,1.036916,2527256,7
1,1105049719,0.987223,2528607,13
1,1016007683,0.862070,2529108,1
1,13933471,1.020780,2529606,1
1,78406621,1.025552,2532010,28
1,1072742729,1.003899,2536986,65
1,3884957327,1.019344,2538413,14
1,2143008821,1.004871,2543162,61
1,783416131,1.068458,2543676,1
1,1937328737,0.962683,2546632,36
1,409718539,0.811899,2547631,8
1,2810138909,0.999023,2548571,7
1,1429673431,0.904092,2551173,31
1,4201591567,0.925971,2552386,11
1,1916286347,1.024123,2553250,6
1,1775927519,0.970261,2553833,2
1,2231693033,0.920152,2554757,7
1,819802211,0.996576,2556654,21
1,764215157,0.958616,2557936,12
1,4257386921,0.904092,2558520,2
1,1333355389,0.964709,2561130,31
1,3631926101,0.988706,2561722,2
1,99296573,0.730208,2562502,5
1,4003167737,0.919621,2563721,11
1,656074273,0.993141,2564433,4
1,2584726213,1.025552,2569072,60
1,824881243,0.910550,2570766,18
1,1652624513,0.922801,2574341,45
1,537506377,1.067086,2577897,45
1,2495066411,1.031250,2581021,38
1,1571071561,0.940101,2582084,9
1,3958204381,1.099094,2583790,18
1,2982140809,0.950945,2584316,1
1,744990683,1.073018,2587989,46
1,105464207,0.977281,2589386,14
1,906046753,0.942176,2590647,12
1,2091025033,0.904632,2593464,34
1,3338079803,0.942176,2594814,13
1,4111526977,1.100870,2595596,5
1,3989284183,1.013098,2596602,8
1,2108967347,0.927551,2602731,81
1,5860363,1.007782,2605255,30
1,3507114341,0.963190,2605760,1
1,3028400351,1.002925,2609834,52
1,750344197,0.970764,2610614,5
1,976023263,1.004871,2612451,20
1,1593593081,0.938021,2614239,19
1,1805271367,0.981270,2614747,1
1,1263387149,0.981270,2615531,5
1,4122129367,1.047691,2616608,9
1,1915875419,0.955044,2620749,53
1,2905128607,0.972272,2624108,36
1,2133481733,1.169685,2625291,10
1,2876788693,0.838525,2626094,5
1,3181894949,1.047691,2626681,2
1,3463105781,0.928604,2627344,3
1,2959294451,1.012133,2628146,5
1,3049765871,0.988706,2629240,9
1,3265651591,1.001951,2630656,14
1,3111835949,1.018386,2633572,35
1,1674633349,0.880563,2634494,7
1,10866131,1.012616,2635122,3
1,2296126303,0.952484,2635781,3
1,3152231899,1.031250,2636928,10
1,3995275511,0.997066,2637446,1
1,859928723,0.970261,2638369,7
1,508184647,1.070740,2640885,30
1,4131312541,0.984747,2642796,21
1,3596761661,0.998534,2643663,6
1,2456923493,0.969254,2644250,2
1,423870011,0.905711,2646295,23
1,4223084263,1.020780,2646955,3
1,115993169,0.921743,2647452,1
1,1742398253,1.004871,2647967,1
1,3738051553,0.946313,2649593,17
1,2909769679,1.025552,2650395,5
1,1019971529,1.002438,2651043,3
1,745123201,0.942176,2652657,17
1,2134857859,1.027455,2654711,23
1,2805509321,0.919621,2655359,3
1,3621795253,0.955044,2656574,11
1,349906099,1.006328,2663080,87
1,3421562399,0.927551,2665766,32
1,243122513,0.986233,2668524,33
1,934313243,1.004871,2669325,5
1,1020882077,0.854103,2670045,4
1,1419923573,0.931753,2672010,22
1,3486763381,0.970261,2673575,16
1,4092932551,1.028405,2677884,55
1,2744415887,0.988706,2680011,24
1,1168008659,1.093303,2681786,19
1,1017879721,0.919621,2683349,16
1,2534038159,1.012616,2684424,9
1,3493393117,0.872205,2688082,46
1,2759575909,1.044423,2689781,18
1,896727593,0.910550,2693074,41
1,3226218757,0.888841,2693781,4
1,2500176853,0.957597,2694927,10
1,4156262923,0.986233,2699176,54
1,3638646133,1.025552,2700176,8
1,1558405727,1.005842,2700692,1
1,4273751497,1.036916,2701282,2
1,3650613691,0.957597,2702941,17
1,2907907,1.025552,2703419,1
1,934699897,0.981270,2704773,13
1,3555252971,0.864897,2705300,1
1,1252366637,0.988706,2706240,7
1,561336067,1.025076,2707718,15
1,2836674691,0.921743,2708220,1
1,1061458711,1.068458,2710619,28
1,1112376787,1.063419,2718003,99
1,1081611371,1.058356,2718715,4
1,107505469,1.050483,2719435,4
1,2105165221,0.928078,2723659,54
1,3977936507,0.916963,2725754,20
1,2100340049,0.984747,2726749,6
1,2835211343,0.825615,2729516,33
1,156505091,0.942176,2730572,9
1,1256855053,0.974780,2731077,1
1,2869245307,0.953509,2732569,15
1,2900747569,0.944764,2734065,15
1,3581735821,0.938541,2734724,3
1,2683403143,0.973777,2736219,15
1,589585277,0.984747,2737297,9
1,395195081,1.025552,2741628,56
1,2963032873,0.995105,2742627,8
1,4220280853,1.029829,2744406,19
1,434766223,0.907865,2747567,39
1,1610933881,0.946313,2748697,10
1,4255084217,0.954533,2749365,3
1,2102047201,1.015985,2750708,13
1,3662128369,1.057894,2751983,12
1,1239920191,0.988212,2753825,20
1,2289348949,0.907327,2754903,9
1,197856707,1.005842,2758403,44
1,3243536141,1.012616,2760529,24
1,1555088599,1.004871,2761806,12
1,2960642411,0.913227,2763302,15
1,547973791,0.988706,2764088,5
1,2554464067,0.989199,2765297,11
1,2753469157,0.860369,2766087,5
1,3759234833,0.953509,2769647,45
1,2250661949,0.925443,2774135,58
1,2559291349,0.994614,2780033,78
1,1976653139,1.089725,2782157,24
1,961918031,0.970261,2783786,17
1,1316361467,0.938021,2784308,1
1,3917428891,1.118907,2784826,1
1,2407303957,0.965215,2786451,17
1,1451367293,0.969254,2789957,44
1,2644581337,1.040677,2792638,32
1,2431376279,0.931753,2793928,12
1,1883252087,0.957597,2795786,20
1,744872039,0.950432,2797546,19
1,602908651,1.078012,2798907,13
1,2474852329,1.027455,2799428,1
1,2281721633,0.965215,2799993,2
1,2810258621,0.965215,2800500,1
1,494834771,0.955044,2801495,8
1,1378769659,1.097761,2802150,3
1,2087050873,0.852386,2804350,25
1,2465970779,0.962175,2805711,13
1,2600704597,1.002925,2807620,21
1,2050523399,1.036916,2808485,6
1,3259146953,0.902471,2810665,25
1,577654163,1.035503,2811171,1
1,1334402689,0.935414,2812019,6
1,49308863,0.944247,2814268,26
1,347677469,0.955044,2817141,35
1,2923863563,0.893772,2818776,17
1,2285665829,0.952484,2820197,14
1,910359161,0.981270,2822664,29
1,3424926853,0.952484,2824366,18
1,2319552919,1.042552,2825572,11
1,1867694249,0.978779,2826217,3
1,993137641,1.036916,2828398,21
1,156988561,0.928078,2829417,7
1,124525861,0.899761,2833762,56
1,3990777019,1.025552,2838206,57
1,1534136207,0.962175,2838728,1
1,2230390423,1.004871,2839655,7
1,2432470097,1.012133,2840646,8
1,4132827623,0.895954,2841794,10
1,2478644789,1.078012,2844403,31
1,2512564303,1.000488,2845268,6
1,1303988971,0.970261,2848008,33
1,956476447,0.965215,2850349,27
1,2963439293,0.946829,2852343,22
1,4043735341,0.944247,2852987,3
1,1937273579,0.905711,2856365,42
1,420372217,0.886090,2856872,1
1,3624121153,1.080726,2859194,27
1,3751832789,0.970764,2865946,90
1,3378808403,0.938541,2867706,19
1,1654612009,0.965215,2868286,2
1,1454244163,0.997066,2868930,3
1,3325925363,0.969758,2871208,26
1,2846881021,0.928078,2872996,19
1,17247211,0.922801,2874464,15
1,731577661,0.877786,2875398,7
1,3625790191,0.938541,2877581,25
1,448343281,0.946829,2879683,24
1,3522066101,0.846639,2880619,7
1,1627208447,1.012133,2881835,11
1,3082079789,0.888292,2882359,1
1,1585147033,0.853531,2884127,19
1,405624313,0.952484,2885350,11
1,3612720989,0.964709,2886221,6
1,2762532359,0.946829,2892176,79
1,1189257911,0.922801,2893598,14
1,2815383551,1.015985,2895446,20
1,2333285047,0.922801,2897300,20
1,3366320341,0.931753,2898508,11
1,999840557,0.950945,2900839,27
1,672133633,0.988212,2902256,14
1,1939566199,0.982762,2903055,5
1,2850736621,1.008267,2903990,7
1,4292539477,0.869402,2906401,28
1,1964594119,0.876115,2907827,14
1,3171756461,0.965215,2909949,24
1,2122097563,1.014061,2911164,11
1,2274953767,0.911622,2911669,1
1,973833361,1.104854,2912722,9
1,377648819,0.977281,2913576,6
1,4122900293,0.878342,2916884,41
1,4031770741,0.908940,2917955,9
1,2333155753,0.938541,2918734,5
1,520604863,1.000976,2920087,13
1,524541481,1.104854,2923139,37
1,3903486203,0.906789,2926330,39
1,1137742061,0.995105,2927260,7
1,1815708889,0.927551,2928670,14
1,2480330521,0.919621,2929969,9
1,1758526729,1.129764,2931445,13
1,3227857783,0.854103,2937495,80
1,2042739851,0.956066,2938499,8
1,687013361,0.962175,2941397,35
1,3756214613,0.970764,2945189,48
1,2288233939,1.043020,2947667,29
1,2588630267,0.919621,2954357,89
1,2844130721,0.919621,2957584,40
1,3772975301,0.929655,2958576,8
1,1959706183,1.007782,2959308,4
1,2038866139,0.905711,2966672,99
1,654951901,0.955044,2967528,6
1,255521729,0.919621,2968322,5
1,2394433859,0.962683,2969873,16
1,3244079771,0.997066,2971151,12
1,3331923103,0.872205,2975497,56
1,3221075881,1.012616,2979938,57
1,243761423,1.076652,2980508,2
1,1992317003,0.952484,2982407,21
1,2270162533,0.994614,2983481,9
1,1557867023,0.988706,2984774,12
1,2439133331,1.058356,2986536,19
1,2420215451,1.043488,2988247,18
1,3983766551,1.063419,2989806,16
1,313098983,0.928078,2990447,3
1,3792482159,1.035031,2990963,1
1,3130901303,0.934370,2992175,11
1,1939358107,0.977281,2995192,37
1,3258505967,1.068458,2995708,1
1,3661801153,0.947859,2999082,42
1,401542679,0.950945,3007360,112
1,3446652163,0.860369,3009973,31
1,3799677977,0.898675,3011536,16
1,720514819,0.838525,3012808,12
1,3950536171,0.942176,3013465,3
1,639180013,0.938541,3014946,15
1,4079897191,0.991172,3020638,75
1,1049369869,0.934370,3021211,2
1,2527938643,1.003899,3022356,10
1,404192611,0.913227,3022864,1
1,3651298291,0.950945,3024302,14
1,1714386559,0.922801,3025034,4
1,3302820247,0.975280,3030564,73
1,2199737149,0.928078,3032989,25
1,827976797,1.046758,3035658,30
1,3627666671,0.999023,3036196,1
1,4042689331,0.946313,3037069,6
1,298922447,0.998534,3040248,39
1,3938203943,0.895954,3040902,3
1,4112932277,0.895954,3041975,9
1,2679513917,0.934370,3043398,14
1,3578427961,1.025552,3047546,53
1,2762057891,0.997066,3050504,36
1,4092915791,0.955044,3052351,20
1,757113457,1.005357,3053619,12
1,316363273,0.981270,3054952,13
1,766842677,0.891584,3056855,21
1,141706043,1.058356,3058056,11
1,969772681,0.988706,3060659,31
1,1582090189,0.988706,3062294,17
1,1271143037,0.946829,3062805,1
1,508785371,0.920152,3063523,4
1,3245132953,0.940101,3064519,8
1,1536683789,0.944764,3067549,37
1,1559451143,1.042552,3068906,13
1,3886176793,0.961160,3070676,19
1,2891226319,0.934370,3072662,22
1,1125185531,0.955044,3073596,7
1,299045849,0.998534,3074933,13
1,2100839723,0.995105,3076428,15
1,2155076509,0.953509,3077080,3
1,1120217171,1.025552,3079115,23
1,794434763,0.920682,3082782,46
1,1510715359,1.012616,3085674,35
1,2124196649,0.973777,3086394,4
1,1182442103,1.078012,3087116,4
1,245685707,0.946313,3087628,1
1,3370277683,0.957597,3089266,17
1,1045942087,0.877229,3093847,59
1,741633961,0.919090,3095972,24
1,4266192989,0.997556,3096556,2
1,1826488451,0.864897,3097546,8
1,1801128403,1.057894,3100236,32
1,440773967,0.928078,3102701,29
1,2098561657,0.946829,3103774,9
1,882325519,0.911086,3105119,13
1,659169221,1.063419,3106619,15
1,791265857,0.962175,3107188,2
1,1354085419,0.893772,3111344,53
1,2625765361,1.012616,3114726,42
1,577316693,0.852959,3118025,41
1,3724203233,1.000488,3118681,3
1,751277981,0.993141,3121636,36
1,3738175183,1.018386,3124167,30
1,3817709837,0.948889,3125024,6
1,281358673,0.970764,3125586,2
1,3472658927,0.918559,3127380,19
1,178028197,1.055584,3130886,44
1,3921724049,0.919090,3131460,2
1,1265454059,0.968750,3132544,9
1,3874481437,0.962683,3137691,62
1,643133951,1.013098,3139571,20
1,454192699,0.944247,3140428,6
1,4266169529,0.993141,3141010,2
1,1044429679,0.922801,3142568,16
1,1124797109,1.004871,3143988,14
1,4225009343,0.954533,3149594,74
1,2412275309,0.994123,3150252,3
1,2997908087,0.935414,3151113,6
1,4234676023,0.978779,3153509,28
1,4005581249,0.981270,3154154,3
1,2236225723,0.987223,3156539,28
1,206145677,0.944764,3157798,12
1,1368361823,1.062959,3160362,30
1,1422879329,1.013098,3162468,24
1,1658660581,1.018386,3163465,8
1,2362227583,1.090621,3163985,1
1,3267924521,0.835024,3169521,73
1,4195058093,0.974780,3171569,23
1,4233971089,1.000488,3172994,14
1,110976367,0.888841,3175032,23
1,3060656147,0.973777,3176598,16
1,2912925247,0.942176,3177887,12
1,1278975199,1.027455,3180149,26
1,1165598663,0.942176,3185390,68
1,2919402329,0.988706,3186451,9
1,1346583629,0.862070,3187444,8
1,3691083691,0.914830,3190001,30
1,3021079427,0.913227,3190641,3
1,2092402513,1.025552,3192615,22
1,3959002433,0.988706,3193684,9
1,1277177947,1.068458,3195436,19
1,662132707,0.975280,3196440,8
1,1186091827,0.962175,3196950,1
1,3260031347,1.106621,3198019,9
1,465365921,0.913227,3199085,9
1,2736793627,1.024123,3200489,14
1,1698837061,0.955044,3204485,51
1,2487968633,1.076198,3206186,18
1,1293469217,0.899761,3208509,27
1,1046253119,0.938541,3210067,16
1,3319620431,0.922801,3213932,49
1,1441506097,0.886090,3216479,30
1,2282689261,0.862636,3218618,23
1,2080504093,1.061581,3220055,14
1,386766173,0.984747,3226363,84
1,3489856717,0.904092,3227090,4
1,3866136089,0.952484,3229058,22
1,667229909,0.942176,3231447,28
1,4159863889,1.054659,3232034,2
1,1756941161,0.937500,3234992,36
1,3098633569,0.987223,3235777,5
1,375744899,0.868840,3237577,16
1,1017302929,0.846062,3239285,18
1,2238039673,1.095980,3244645,58
1,1880081627,0.880563,3248035,40
1,1803225283,1.002925,3248894,6
1,2960535707,1.052341,3249541,3
1,4156572653,1.050483,3252364,34
1,2216502647,0.827978,3253081,4
1,1654969259,0.928078,3255060,22
1,1904216579,0.961160,3258344,41
1,2575978793,0.970261,3261243,35
1,3353956621,1.090621,3261892,3
1,2956928279,1.019344,3268423,87
1,4123014823,1.024123,3269075,3
1,3536605493,1.032197,3269583,1
1,3597503573,0.948889,3273811,54
1,3231199247,1.047691,3274519,4
1,102943909,0.898675,3277179,32
1,1860822419,0.924387,3277836,3
1,77311573,0.895954,3278413,2
1,4140460213,1.025076,3281339,35
1,1669483121,1.097761,3283331,22
1,2147839769,0.970261,3284528,11
1,2471582863,0.936979,3286093,16
1,3448470947,0.904632,3286610,1
1,979925503,1.012133,3287823,11
1,3386168351,1.054659,3288894,9
1,1452845777,1.027455,3290443,16
1,1606640683,0.988706,3290957,1
1,215917519,0.861503,3292793,20
1,3442472051,1.089725,3294007,11
1,1233583969,0.908940,3295074,9
1,3809278813,1.019344,3296651,16
1,1628098639,1.061120,3297435,5
1,1892276039,1.093303,3299353,21
1,1902965353,1.036916,3300358,8
1,4013152573,0.932277,3303176,34
1,3684080359,0.950945,3304622,14
1,2479826749,0.965215,3306180,16
1,3771502121,1.052341,3308773,31
1,3503370877,1.012616,3311316,30
1,3212785879,0.969758,3313022,18
1,1609636031,0.973777,3316898,49
1,2014099831,0.955044,3319150,26
1,2854590247,1.031250,3320568,14
1,782293751,0.952484,3326323,76
1,2597948797,0.962175,3328726,28
1,3378194569,0.942176,3329307,2
1,2281162523,1.000488,3334378,66
1,1117320599,1.018386,3338455,52
1,951793819,0.961160,3339477,4
1,1177534927,1.020302,3340481,8
1,101747759,0.985738,3343588,38
1,2450382953,1.012133,3345022,14
1,1504443023,1.104854,3345960,7
1,2300913533,0.931753,3347512,16
1,1328758187,0.965215,3351977,57
1,2222389181,0.970261,3352844,6
1,3683606881,1.016466,3354196,13
1,213819241,0.927551,3355059,6
1,902210513,1.033615,3356685,17
1,1041116071,0.928078,3359845,39
1,3646980373,0.970261,3360355,1
1,83659841,1.069828,3362381,23
1,1753691087,0.965215,3363590,11
1,1884416987,1.043488,3364814,11
1,6973007,0.936979,3366549,19
1,3611809417,0.961160,3367279,4
1,85410697,0.928078,3368465,11
1,3163841077,0.999023,3370157,18
1,2173974013,1.025552,3372683,30
1,695125559,0.925443,3373269,2
1,2465097511,0.971267,3375452,25
1,1585276177,0.950945,3377011,16
1,2221406063,1.020302,3379284,26
1,2306281951,0.977281,3383537,54
1,1912697821,0.944247,3385162,17
1,1602722293,0.902471,3386096,7
1,926720203,0.897044,3388216,24
1,1411345319,0.872205,3390129,21
1,378967609,0.913227,3391126,8
1,2439187277,0.964709,3392341,11
1,1091046647,1.040677,3393053,4
1,3981052709,0.903011,3395244,25
1,2329506121,0.971267,3397848,31
1,3732837707,1.024123,3400460,31
1,688272433,0.919621,3403329,35
1,2179991927,0.904092,3404671,13
1,1612335493,0.975280,3408023,42
1,1934738777,0.986233,3410071,23
1,1402234507,0.932277,3411068,8
1,888600697,1.103970,3420032,122
1,1461987677,1.091516,3421792,19
1,2005203857,0.944764,3429436,103
1,1848475597,0.954533,3431764,27
1,2991296057,0.984747,3433751,22
1,77295193,0.920152,3435434,18
1,1681553849,0.946313,3436233,5
1,4071876727,1.003899,3440286,50
1,834534203,0.952484,3442516,21
1,2386029083,1.019344,3443889,11
1,4014613201,1.039738,3445675,19
1,4191855209,1.025552,3446394,4
1,1387474817,1.002438,3448442,23
1,369662113,1.039738,3452152,47
1,3015115913,1.013098,3453781,17
1,80525273,1.002438,3454629,6
1,3276676609,1.061581,3456399,19
1,3798881971,0.965215,3457964,16
1,2613765731,0.987223,3459523,16
1,2104436381,0.961160,3460111,2
1,580569497,0.877786,3463270,39
1,3204753241,0.952484,3464823,16
1,1558299499,0.907327,3470927,81
1,436239799,1.105738,3471578,3
1,4294588499,0.975280,3472166,2
1,1949078783,0.867152,3473515,13
1,1996758667,0.902471,3479480,79
1,2403866879,1.069828,3482846,42
1,159539837,0.855246,3487768,64
1,1599166571,0.938541,3488916,10
1,585737063,1.012133,3489641,4
1,1997823007,0.846639,3491684,23
1,2340110363,0.931753,3494359,32
1,3645289981,1.019344,3495154,5
1,4187155373,0.862070,3496236,9
1,727549847,1.086584,3496817,2
1,1481401219,0.827978,3500740,50
1,142389407,0.957597,3504045,41
1,2849550259,0.960652,3506238,25
1,3750972307,0.887192,3506823,2
1,3176994637,0.969758,3508665,20
1,331122859,0.995105,3509516,6
1,2477248903,1.033615,3510587,9
1,1377741241,0.962175,3512643,23
1,3761052403,0.910550,3514127,15
1,1453615661,1.083884,3514851,4
1,3882600851,0.965215,3516141,12
1,1108007009,0.907865,3519163,37
1,710905523,1.072563,3519954,5
1,2446254439,1.058356,3520955,8
1,4104812527,1.070284,3525675,61
1,466319083,1.012616,3526608,7
1,101426219,0.994614,3529837,40
1,2473767199,0.893225,3530780,7
1,4192430677,0.954533,3531505,4
1,2664734603,1.020302,3534486,36
1,2244886183,0.703646,3537437,36
1,2649921871,0.988706,3542210,62
1,2756713807,0.920152,3543354,10
1,3045321613,1.012616,3544223,2
1,913628153,0.965215,3547094,33
1,642691519,0.882225,3549034,21
1,3896089051,0.938541,3550546,15
1,2849672633,0.899761,3551964,14
1,1461764897,0.962175,3555201,40
1,4066497583,0.919621,3556769,16
1,94128757,0.910550,3557829,9
1,608755111,0.914830,3558342,1
1,622325281,0.960652,3559269,7
1,2477755381,0.940101,3559997,4
1,2193094447,0.996576,3563098,38
1,94520513,0.910550,3566800,47
1,3197380423,1.004871,3568638,20
1,1748152663,0.836777,3569495,6
1,2182142231,0.927551,3571471,22
1,3487216111,0.974780,3572832,13
1,1738516181,0.957597,3573915,9
1,1615434559,0.946313,3576807,35
1,1284412891,1.034559,3581029,54
1,3477419489,1.035503,3582793,19
1,3085115141,0.950945,3583586,5
1,1885880501,0.988212,3588659,66
1,2035337671,0.922801,3590428,19
1,3542703733,0.919621,3591232,5
1,3930804989,0.886090,3592026,5
1,4136230207,0.942176,3592686,3
1,2630036273,0.826207,3599394,90
1,664942013,0.962683,3600459,9
1,2562789409,1.027455,3600955,1
1,559337033,1.031250,3602083,10
1,484643671,0.965215,3603076,8
1,2707037323,0.960652,3603999,7
1,752064073,0.942176,3605419,14
1,3696040267,0.922801,3607745,27
1,4045653077,0.904632,3608808,9
1,171311507,0.931753,3610839,23
1,862666159,0.928078,3613265,28
1,2068066423,1.040677,3614824,16
1,1995519431,0.826207,3617990,39
1,53409011,1.046758,3619118,10
1,2552018929,0.977281,3620270,10
1,1499232913,0.980274,3620850,2
1,812999387,1.007782,3621506,3
1,3686464703,0.904092,3623703,25
1,373594889,1.031250,3624841,10
1,805178683,1.029829,3625364,1
1,2674202767,0.927551,3627066,18
1,3027009901,0.936979,3629320,26
1,2110273643,0.994614,3630677,13
1,153896543,0.971267,3632430,19
1,2442757741,0.852959,3633077,3
1,2136080417,0.934370,3635527,29
1,2391212387,0.919090,3637561,23
1,1059014687,1.006813,3642499,64
1,3557726927,0.927551,3643917,14
1,1996645397,1.007782,3645959,23
1,3411099463,0.886090,3647501,12
1,173600771,0.852386,3648381,4
1,4264010393,0.975280,3649962,16
1,3053159737,1.003899,3651250,12
1,4052315903,0.815499,3652333,9
1,3439834457,0.860369,3652845,1
1,1891840661,1.044891,3653496,3
1,2609350999,0.955044,3654373,6
1,3733553543,0.934370,3654882,1
1,3390145349,0.868840,3656657,19
1,83649901,0.928078,3661136,58
1,9949613,0.915364,3662117,8
1,822658163,0.854103,3662625,1
1,343605841,0.938541,3663266,3
1,3126891643,0.970764,3666720,43
1,1409591419,0.911086,3667302,2
1,2278964759,0.979277,3668374,9
1,2409071341,0.927551,3669027,3
1,1055230559,0.965215,3670445,14
1,901585129,0.922801,3672204,19
1,3267420103,0.970261,3675738,44
1,3433390769,0.868840,3676452,4
1,310348469,0.877229,3677378,7
1,2661443467,0.950945,3677961,2
1,2695717049,1.068458,3679925,22
1,1679816057,1.000488,3680864,7
1,2864224763,0.931753,3682780,21
1,583827941,0.965215,3683560,5
1,4246086613,1.005357,3684072,1
1,1356926903,0.977281,3684722,3
1,2974162111,0.952484,3686497,19
1,1558863017,1.004871,3688891,28
1,3159952009,0.852959,3691221,27
1,551111419,0.948374,3692306,9
1,1841474777,0.938541,3693650,13
1,1080244001,0.965215,3694928,12
1,1959125171,1.054196,3696003,9
1,3267973091,0.928078,3697846,20
1,2267170811,0.897588,3699347,15
1,3643097789,0.938541,3700292,7
1,1097466217,0.962683,3702328,23
1,2064804221,0.977281,3703478,10
1,1917383177,0.899761,3704544,9
1,1907455703,0.912693,3706036,15
1,1900359683,0.928078,3706675,3
1,2313915833,0.934370,3707619,7
1,1683118069,1.034559,3708133,1
1,1796824259,0.997556,3708937,5
1,4209911137,1.031250,3712384,43
1,4189418029,1.179248,3713107,4
1,3402672523,0.921743,3714743,17
1,3226742111,0.940101,3715878,10
1,2800176593,0.868840,3720219,55
1,1781447677,1.093303,3721942,18
1,2962053163,0.942176,3728449,87
1,2936554811,0.934370,3730495,23
1,1254657667,0.970261,3736388,78
1,270029069,0.922801,3737235,6
1,53873779,0.880563,3738423,11
1,1092075833,1.073928,3741239,34
1,3056750287,1.035974,3745609,56
1,2032698529,1.023646,3747500,21
1,2959377913,0.978779,3752956,66
1,1193835967,0.927551,3754279,12
1,2327739871,0.914830,3759339,66
1,3565183667,1.056047,3761585,26
1,278384641,0.946313,3762216,3
1,694809649,0.936979,3763634,14
1,2722875643,0.987223,3767261,45
1,2705301619,0.910550,3768192,7
1,4017114373,0.994614,3768772,2
1,1989799439,0.977281,3769297,1
1,748520117,0.889391,3770218,7
1,1262183339,1.047691,3771315,9
1,4193052307,0.898675,3772530,11
1,657864763,0.895409,3773534,8
1,2067571579,1.036916,3774193,3
1,4032393031,1.031250,3779404,68
1,3465800873,0.839689,3781669,26
1,1736813437,1.081629,3782951,12
1,3734914123,0.916963,3784714,19
1,1148189983,0.950945,3785721,8
1,227531053,0.952484,3786852,10
1,226784557,0.995105,3787572,4
1,1697260223,1.020780,3791640,52
1,2184232027,0.984747,3792781,10
1,2554124929,0.877786,3793853,9
1,1139966279,1.029829,3796730,35
1,854889851,0.853531,3799271,30
1,3674023567,0.901929,3800068,5
1,3192748021,0.936979,3801495,14
1,1370953007,1.067086,3803565,23
1,2244862129,1.127168,3805540,22
1,286070437,1.025552,3809049,44
1,779283031,0.970261,3809839,5
1,3403084981,1.090621,3810850,8
1,3489643799,1.044891,3812010,10
1,1642938041,1.055584,3814288,26
1,3167103031,0.981270,3816755,29
1,3745500749,0.993632,3821191,57
1,2486304449,0.991172,3823163,22
1,1076877719,0.854103,3824372,11
1,489512207,0.982762,3825436,9
1,2774651977,0.960652,3826298,6
1,4231208689,0.946829,3833053,90
1,2196296497,0.957597,3833559,1
1,2300396611,0.984747,3834201,3
1,2877662791,0.899761,3836874,32
1,1102485331,1.050483,3838220,13
1,3041587477,1.098205,3839441,11
1,328664143,0.904092,3840220,5
1,3178365023,0.910550,3842685,29
1,484651159,0.919090,3843466,5
1,72844103,1.106621,3845357,21
1,424231061,1.106621,3847806,29
1,3772641893,0.956577,3850625,34
1,1323174289,0.965215,3853040,23
1,2701916351,0.920152,3854290,11
1,4130573353,1.046758,3857858,45
1,3916546187,0.988706,3862915,66
1,2055901891,0.978779,3866234,41
1,3494068519,0.991172,3869386,39
1,219237107,0.914830,3872337,36
1,2097715937,0.954533,3873052,4
1,2905574743,1.033615,3874618,16
1,652584949,1.000488,3875828,11
1,1400454553,1.055584,3878078,26
1,1640384269,1.047691,3878864,5
1,2513784179,0.867152,3880857,22
1,204718351,0.852386,3886334,72
1,2114495533,0.988706,3887820,15
1,4027710653,0.928078,3889934,24
1,3349544819,1.004871,3891160,11
1,3455067689,1.050483,3891736,2
1,3497346569,1.033142,3893494,19
1,3164819347,0.986233,3894079,2
1,2072375309,1.012133,3894589,1
1,2793892349,0.947859,3895601,8
1,4019320379,0.962683,3896538,7
1,3651873607,0.957597,3898036,15
1,15922297,0.970764,3900133,24
1,3334321387,1.057433,3900660,1
1,2820957787,0.962175,3907100,86
1,178069277,0.882225,3910697,45
1,3585378211,1.037387,3911565,6
1,3043953161,1.160465,3913768,25
1,3011192831,1.036916,3915759,22
1,1768451171,1.039738,3916408,3
1,2113048687,0.993632,3919884,43
1,3252071411,0.981270,3922077,25
1,380823077,0.913227,3923907,20
1,1879601861,1.009718,3925667,19
1,3822221947,1.035503,3926604,7
1,1356534217,1.027455,3927254,3
1,2379129449,0.935414,3928947,18
1,413187653,0.980274,3929864,7
1,2187180199,0.982762,3933039,39
1,4221143041,1.058356,3935560,30
1,4128283,0.904092,3940516,65
1,2361816887,0.855246,3942708,25
1,2156116337,0.903552,3944673,22
1,649303841,0.844329,3945799,10
1,3407400257,0.977281,3949238,43
1,811526987,0.994614,3951563,27
1,3689238457,1.078012,3953130,16
1,2876147503,0.980274,3954147,4
1,1048169093,1.025552,3956466,25
1,1985784029,0.928604,3959450,36
1,2139423751,1.069371,3960790,13
1,1133755969,1.040677,3961508,4
1,1095233171,0.957597,3962236,4
1,1009457473,1.010685,3969234,94
1,1798214749,1.047691,3969955,4
1,3579113159,0.946313,3972917,36
1,835839377,1.078012,3973914,8
1,3244314103,1.018386,3975832,21
1,2719055611,0.897588,3976353,1
1,550773989,1.007782,3980416,52
1,159955349,0.946313,3983666,40
1,1873978819,0.961160,3984753,9
1,1292903369,0.936979,3988887,53
1,2332365199,0.911086,3989669,5
1,399202163,0.954533,3991783,24
1,1608107519,0.942176,3993011,11
1,1635668347,1.077559,3993874,6
1,3496358143,1.031250,3996840,36
1,2389008161,0.961160,3997421,2
1,2118149377,0.898675,3998417,8
1,298979987,1.025552,3999125,4
1,4182481063,0.995105,4000362,11
1,597414203,1.002925,4002339,22
1,1105100281,0.911086,4002857,1
1,2317269299,1.004871,4009456,88
1,910770853,0.993141,4013165,47
1,3658727629,0.919090,4015629,29
1,3244465171,1.068458,4017533,21
1,3831931091,1.031250,4019243,18
1,62531057,1.012616,4020578,13
1,825238331,0.981270,4023184,31
1,3980299933,0.961160,4026207,37
1,408997217,0.984747,4027340,10
1,3308768653,0.899761,4028203,6
1,2568064129,0.889939,4029761,16
1,4281157807,0.911622,4030487,4
1,1963123537,0.944764,4033997,44
1,480700153,1.018386,4038011,51
1,3308161517,0.984747,4039568,16
1,1724833283,1.018386,4040847,12
1,4150270721,0.882225,4042123,12
1,477066199,0.931753,4043409,12
1,558755179,0.934370,4043921,1
1,376971299,1.050483,4044911,8
1,358309909,1.018386,4045974,9
1,1800407197,1.019823,4049638,46
1,13533929,0.946313,4053270,46
1,1138562111,0.855246,4054409,10
1,2125619711,1.063419,4054930,1
1,252382379,1.067086,4056204,8
1,2837171083,0.964709,4057362,10
1,3548458663,0.961160,4058159,3
1,786692821,0.953509,4059101,7
1,3962043499,0.895954,4060671,16
1,3327105851,0.955044,4061265,2
1,773149801,0.962683,4062047,5
1,1477537379,0.862070,4062973,7
1,1675564427,1.039268,4063626,3
1,163134563,0.891584,4064274,3
1,1304426843,1.044891,4064867,2
1,3518405603,0.934370,4068179,41
1,952311959,0.957597,4069106,7
1,1953000593,0.973777,4071009,21
1,192343103,1.014061,4072646,17
1,1481124343,0.996576,4075897,40
1,4195043813,0.914830,4079427,44
1,538700081,1.012133,4081879,29
1,1208140337,0.971267,4082663,5
1,3011817007,1.128467,4084503,20
1,1958621681,0.887192,4085014,1
1,1893193903,0.936979,4086302,12
1,1506376853,0.942176,4093723,100
1,1667951633,0.988706,4094788,9
1,3046481083,1.027455,4095721,7
1,810124723,0.928078,4097198,15
1,3022389871,0.932277,4098697,15
1,2459475841,0.984747,4100263,16
1,1728324739,0.970764,4102582,27
1,1707296249,0.957597,4103672,9
1,3821957959,0.954533,4105998,27
1,106370119,0.978779,4106493,1
1,1873889791,1.020302,4109607,38
1,1622702251,0.962175,4111091,15
1,2423141411,0.928078,4112779,18
1,893498201,0.942176,4113423,3
1,2113828039,1.007782,4114154,4
1,1037790527,0.960652,4116831,32
1,2863903513,0.919621,4119783,36
1,3289372367,0.913227,4120717,7
1,817493009,0.965215,4121296,2
1,563113093,0.860369,4123398,24
1,2120263753,0.922801,4125713,27
1,2353319147,0.922801,4126640,7
1,3755623507,0.987223,4127299,3
1,4186778257,0.935414,4128432,10
1,2079108377,0.920152,4129713,12
1,3965608057,1.007782,4134759,66
1,532111771,0.957597,4135548,5
1,4148206213,1.042552,4136196,3
1,1008661253,0.891584,4137059,6
1,1708117387,0.928604,4139452,28
1,2258591609,1.098205,4141243,19
1,147683639,0.969254,4142581,13
1,937291871,1.020302,4146870,55
1,3115189789,0.862636,4150321,43
1,4148897563,0.884436,4151879,16
1,1403485679,0.899761,4155550,46
1,2923280531,1.109265,4158921,38
1,7638901,1.063419,4164498,72
1,2011760753,0.942176,4165511,8
1,3825565937,0.913227,4166011,1
1,3328789649,0.996576,4167140,10
1,2039088901,0.893772,4168208,9
1,836301379,1.035503,4169911,18
1,1829659981,0.919621,4170566,3
1,2520517361,0.965215,4171699,10
1,3536379871,1.019344,4172644,7
1,1562724313,1.007782,4175621,36
1,785737619,0.993141,4176353,4
1,3842534237,0.984747,4176933,2
1,922568551,0.975280,4178857,21
1,1547626027,1.087033,4180146,12
1,2882247923,0.768648,4180670,1
1,1817146801,0.957597,4184667,51
1,1908975727,0.994614,4185952,12
1,1904078233,1.012616,4186886,7
1,2121450671,0.957597,4187969,9
1,1606343593,0.907865,4194080,81
1,597532693,0.970764,4194928,6
1,877105969,1.044891,4196977,23
1,3544943327,0.946829,4198128,10
1,2527463339,1.020302,4203353,68
1,1978155793,0.922801,4209313,79
1,2694372353,0.975280,4209883,2
1,1401565721,0.957597,4210664,5
1,1269525151,1.031250,4212365,18
1,695503843,1.035503,4213915,16
1,1778857343,0.914830,4216041,24
1,3563670589,0.997556,4216906,6
1,4272520397,1.020302,4221064,52
1,2024271187,0.934370,4222855,19
1,781686131,0.981270,4224000,10
1,621426163,0.973777,4225139,10
1,573632179,1.007782,4225723,2
1,2476826089,0.982762,4231775,80
1,2413156043,0.945280,4237172,71
1,2977312691,0.913227,4240206,37
1,3369844157,0.934370,4242348,24
1,2123345141,1.029829,4245055,32
1,1773535583,0.891584,4247797,33
1,1185548473,0.910550,4251416,45
1,2468816521,1.085235,4252616,11
1,993890273,0.960652,4255639,37
1,729809089,1.064337,4258320,32
1,462584503,0.932277,4260153,20
1,3718822699,0.936458,4261185,5
1,882363043,0.935414,4262750,16
1,418452217,0.920152,4265039,17
1,1933583779,0.988706,4265898,4
1,1266907123,0.955044,4267953,23
1,4083896099,0.946313,4270487,30
1,714982207,0.997556,4270999,1
1,1706497391,0.977281,4271863,6
1,223543807,0.925971,4272368,1
1,2508438649,1.004871,4278617,83
1,1266164453,1.115848,4280108,15
1,2201939981,0.964709,4282172,23
1,2723162401,0.942176,4282872,4
1,3840016979,1.020302,4283941,9
1,768079531,0.988706,4284597,3
1,34213391,0.927551,4285990,14
1,3996708943,0.902471,4287837,20
1,1952140367,1.000488,4293031,68
1,4264221191,1.018386,4293686,3
1,3643606853,1.083884,4295028,13
1,2934532379,0.970764,4296028,8
1,2957224499,1.000488,4298633,31
1,793417187,0.920682,4299358,4
1,3952131583,0.835609,4301066,18
1,2623032899,0.912693,4303050,22
1,4244853419,1.019344,4304474,14
1,4257139561,0.910550,4305071,2
1,1229863399,0.997556,4306211,10
1,734384317,1.070284,4306796,2
1,2369552099,0.920152,4308573,19
1,657545909,0.924387,4309222,3
1,1392872347,0.948374,4310856,17
1,508672067,0.914830,4313877,37
1,2152920167,1.061581,4315080,11
1,759067637,0.994614,4315952,6
1,2920562647,0.950945,4317093,10
1,4025120459,0.937500,4317755,3
1,3310563169,0.884436,4318610,6
1,1000724719,1.012616,4319273,3
1,282004843,0.864897,4321037,19
1,2988405191,1.003899,4324432,42
1,126028963,0.997556,4325204,5
1,1780668541,1.086584,4326354,10
1,2182719359,0.994614,4327215,6
1,3888174583,0.970764,4329982,33
1,2878853981,1.005357,4330849,6
1,1316589899,0.962175,4333453,31
1,432189629,0.970261,4336333,35
1,258093761,0.977281,4343830,101
1,1592928131,0.988706,4346235,28
1,154809121,1.037387,4347293,9
1,53760533,0.878342,4349877,31
1,2435747723,1.008751,4350458,2
1,790731437,0.927551,4351732,12
1,589730381,0.946313,4354956,40
1,217799237,0.995105,4358052,38
1,405086287,0.938541,4360154,24
1,1486754537,1.029829,4361217,9
1,315791053,0.942176,4366668,65
1,1481259907,0.944764,4367285,2
1,4082312891,1.119343,4368794,15
1,3558721343,0.981270,4370434,17
1,2842832371,1.005357,4371644,11
1,1542612959,0.977281,4372740,9
1,2806290659,0.920152,4374237,15
1,3510966731,0.954533,4377966,47
1,3636295687,0.994614,4379451,15
1,488435737,0.938541,4381280,20
1,3236856209,0.848367,4385911,60
1,3499187309,0.919621,4391025,67
1,1378773857,0.922801,4393922,35
1,2059493389,0.983258,4395198,12
1,2489419861,0.997066,4396473,12
1,3990047111,1.104854,4399074,31
1,2735471611,0.994614,4401629,30
1,1171427351,1.009718,4403613,22
1,931595003,0.886090,4404828,11
1,3038507701,0.960652,4406805,22
1,2966652313,0.993141,4408425,17
1,2448627917,1.019344,4411544,38
1,4114091053,1.019344,4412538,8
1,2075441219,0.981270,4413121,2
1,1238272457,1.043488,4413703,2
1,2809557977,1.019823,4414296,2
1,335111851,1.022214,4414875,2
1,1165423601,0.928078,4416015,10
1,3987031343,0.913227,4417155,10
1,177379039,0.994614,4418850,18
1,3657490223,0.922801,4420415,16
1,1164129097,0.954533,4420989,2
1,2456733889,0.928078,4422332,13
1,3936035849,1.016466,4424157,20
1,3682106737,0.794267,4425369,11
1,285552187,0.938541,4429870,58
1,2111942117,0.907865,4434157,55
1,762000487,1.058356,4435224,9
1,3653660533,0.953509,4437139,21
1,3148730509,0.985738,4438680,14
1,4046248903,1.007782,4439825,10
1,1761098441,0.970764,4442500,32
1,4120821589,1.072107,4445120,31
1,3794359141,0.821465,4446338,11
1,372727559,0.899761,4447680,13
1,3793695949,0.944764,4449930,26
1,177824039,0.870524,4451345,14
1,595914973,0.918559,4454573,40
1,1071919943,0.962683,4456344,19
1,3770057873,0.970261,4456847,1
1,781047797,1.044423,4457787,7
1,3993431131,0.946313,4459845,23
1,3521165957,0.988706,4460359,1
1,3524127913,0.993632,4462470,24
1,4224850169,0.935414,4463408,7
1,1925019991,0.970764,4464901,15
1,1895557067,0.995105,4465920,4
1,1596282211,1.089725,4467317,11
1,2813967749,0.928078,4468125,5
1,3284160049,0.991172,4474467,84
1,1318040611,0.946313,4475262,5
1,84560171,0.928078,4477423,25
1,996433909,0.910550,4478294,6
1,1207474781,0.921743,4479233,7
1,2607759691,0.921743,4480239,8
1,371972333,0.935414,4481026,5
1,295339459,0.984747,4481743,4
1,1009788893,1.031250,4482389,3
1,603356141,0.994614,4483758,13
1,3653309117,1.003899,4487281,44
1,1562303629,0.901929,4489277,22
1,1660735697,0.965215,4490690,14
1,1691104007,0.944764,4491685,8
1,1404045289,0.829745,4496372,61
1,2251415189,0.900304,4497726,13
1,2990334241,1.027455,4498510,5
1,1444036501,0.976781,4501339,34
1,2154397381,1.061581,4507563,83
1,1394860697,0.977281,4508494,7
1,526732667,1.020780,4509292,5
1,2121782863,0.988706,4512916,45
1,2924565827,0.927551,4513572,3
1,1557180413,0.920682,4516328,33
1,2456438261,0.981270,4520965,60
1,461250113,0.919621,4522239,12
1,525737123,1.025552,4524921,32
1,2830720663,0.962683,4530822,78
1,3932707673,1.000488,4531542,4
1,180734591,1.039268,4532117,2
1,4266479617,1.003899,4534320,25
1,2096055877,1.002438,4535113,5
1,1472326873,0.900304,4536190,9
1,4023501719,1.012133,4540470,55
1,1761797759,1.003899,4540982,1
1,2746327277,0.997556,4542049,9
1,3483944603,0.838525,4544791,33
1,1952074441,0.981270,4546776,22
1,940907423,1.062959,4548191,14
1,2144570399,1.076198,4548708,1
1,535452217,0.997556,4549357,3
1,2343241603,1.061581,4552164,34
1,4263643361,0.975280,4552875,4
1,1765988351,1.004871,4554661,19
1,2617587571,0.945280,4555451,5
1,3385422091,0.947859,4562065,88
1,3759345281,1.055584,4562848,5
1,3935905789,0.957597,4564361,15
1,342537071,0.934370,4566280,21
1,1206440579,0.932277,4570057,42
1,1429069501,1.044891,4571110,8
1,2142462269,0.925443,4574418,41
1,2464834081,1.017906,4577713,41
1,2758706141,0.889391,4579345,17
1,1128805663,1.069828,4580563,11
1,1526486641,1.090173,4581639,9
1,607172707,1.021736,4583401,19
1,2433954541,0.908940,4586073,32
1,3665750233,0.898132,4586800,4
1,2881034323,0.902471,4587519,4
1,3870401461,0.973777,4588173,3
1,634283233,1.007782,4588887,4
1,1281697829,0.984747,4592589,47
1,321768257,0.877229,4595471,35
1,1305536069,0.816098,4597099,17
1,755969299,1.040677,4598460,13
1,3787635571,0.997556,4600997,30
1,924407501,0.970261,4606397,71
1,2188327487,0.910550,4608093,18
1,270530863,0.970261,4608601,1
1,3555318379,0.988706,4609816,11
1,2036747149,0.988706,4613400,45
1,652477951,0.970261,4614885,15
1,2280527243,0.993632,4617846,36
1,3652233769,1.053732,4618499,3
1,971248801,0.977281,4619625,10
1,288865219,0.968750,4621107,15
1,3030153527,0.891584,4622966,20
1,3321326251,1.017906,4623832,6
1,3194493763,1.047691,4625108,12
1,4155949087,0.955044,4626339,11
1,4147330819,0.950945,4627214,6
1,2761308947,0.907327,4628564,13
1,733012201,1.013098,4629070,1
1,3334662977,0.986233,4631115,23
1,1142510981,0.971267,4634704,45
1,811626397,0.871645,4636187,15
1,4253048341,0.973777,4637330,10
1,1288090763,0.965215,4639997,32
1,3332221549,0.893772,4640649,3
1,1197564307,1.090621,4641574,7
1,1470421189,0.878342,4646617,66
1,2741323421,0.980274,4647341,4
1,3346547623,0.944764,4653318,79
1,3354129671,1.007782,4654332,8
1,1421272357,1.045825,4655965,17
1,3439644667,0.955044,4657689,18
1,3770693293,0.946313,4660840,39
1,1534835567,1.007782,4661928,9
1,3416347939,1.176761,4665171,40
1,2738212439,0.994614,4667232,23
1,40513237,0.910550,4671326,49
1,820768939,0.993141,4672797,13
1,2453449543,0.962175,4675567,33
1,4171069229,0.942176,4677345,19
1,2294457587,0.904092,4678827,15
1,1352548399,0.919621,4681216,28
1,3972972589,0.971267,4682498,12
1,775565611,1.110145,4685522,37
1,2294799053,1.027930,4686453,7
1,2230215181,0.964709,4688222,19
1,1856155109,1.004871,4688881,3
1,881828281,1.012133,4689386,1
1,533559337,1.061581,4692842,43
1,1602454709,0.965215,4695515,32
1,1815544117,0.918559,4699017,44
1,3404252171,0.877786,4699594,2
1,3584048759,0.975280,4701152,16
1,438729847,0.928078,4702635,15
1,3380601509,1.018386,4703221,2
1,3587667367,0.960652,4704444,11
1,631510751,0.962175,4705579,10
1,3199189187,0.942176,4706095,1
1,1459483681,0.903011,4707164,9
1,2145135841,1.046758,4708165,8
1,3446189987,1.010685,4709939,19
1,2527911097,0.919621,4712196,26
1,1335452423,1.083884,4713493,12
1,2683221341,1.018386,4714788,12
1,1553229907,0.965215,4718286,43
1,963351601,0.988706,4719361,9
1,1234650493,0.982762,4721065,18
1,2621455231,0.948889,4723966,35
1,2557900721,0.963190,4726847,35
1,389104459,0.931753,4727705,6
1,571728407,0.970261,4733351,74
1,3786033743,0.950945,4734632,12
1,2602174831,0.889391,4739771,67
1,1038110387,1.006813,4741268,15
1,3438762851,0.931753,4741787,1
1,2161250293,0.954533,4742573,5
1,1371982849,0.907865,4743981,14
1,1842159523,0.946313,4746932,36
1,1028049301,0.903552,4751300,56
1,3357943781,0.953509,4754606,41
1,2885544887,0.997556,4755489,6
1,3595193947,0.997066,4756140,3
1,4231811669,0.935414,4757233,9
1,599914577,0.985738,4761159,50
1,3252337499,1.127168,4762093,7
1,1633896937,1.061581,4766217,53
1,4015519127,0.983258,4772335,81
1,731496793,0.891584,4774164,16
1,4081811873,0.982762,4776022,18
1,3843993781,0.986233,4779206,39
1,1027014913,0.995105,4781662,29
1,1756828223,0.878342,4782383,4
1,3526240441,0.813101,4783030,3
1,2511978401,0.923859,4784170,10
1,191301959,0.899761,4787332,39
1,2885997953,0.991172,4789020,18
1,3257757431,0.970764,4791311,26
1,3750440711,0.965215,4793158,20
1,2280975163,0.970261,4795077,21
1,2745334847,0.895409,4795950,6
1,2648488573,0.997066,4800020,52
1,1913247251,0.994614,4801308,12
1,1417970237,1.005357,4802581,12
1,1012304693,1.027455,4803506,7
1,2971567253,0.906789,4804708,11
1,1973824693,0.994123,4806053,13
1,1617820423,0.984747,4808382,27
1,426250621,0.973777,4810213,20
1,3363340601,0.990679,4810725,1
1,2871638137,0.895954,4813683,36
1,588958423,1.033615,4815942,26
1,2672203931,0.902471,4816665,4
1,1375920691,0.988706,4819123,29
1,2098005913,0.954533,4821526,28
1,1267281721,0.922801,4822454,7
1,1764763397,1.050483,4825331,35
1,1720205567,0.957597,4826814,15
1,3779683517,1.025076,4827546,4
1,960721739,1.020302,4828193,3
1,737165449,0.970261,4830084,21
1,2438177513,0.970764,4830732,3
1,1812304391,0.988706,4831998,12
1,2616576371,0.870524,4835021,37
1,2799337183,1.027455,4835684,3
1,2850120599,0.848942,4839752,52
1,1078954787,0.877786,4842066,27
1,1325946571,0.931753,4842716,3
1,519130981,0.925971,4843711,8
1,1151879737,1.033615,4844837,10
1,3960357437,0.973777,4846395,16
1,1050330199,1.033615,4851504,67
1,4042381229,1.015985,4853630,24
1,947229973,0.978779,4856306,32
1,2368352153,1.007782,4857858,16
1,1752614753,1.025076,4858374,1
1,1556079199,0.957597,4858972,2
1,3856530311,0.922801,4861033,23
1,3114771493,0.998534,4862607,16
1,3053957371,1.025076,4865213,31
1,4244339321,0.960652,4866370,10
1,2045023451,0.860369,4867998,17
1,2021680181,0.957597,4868569,2
1,2941753669,0.970764,4870057,15
1,2575607977,0.997556,4872792,33
1,1706241293,1.018386,4874691,21
1,3668005571,0.997066,4879980,64
1,2597716687,0.969758,4883653,46
1,4243784201,0.904092,4888703,66
1,1100590553,1.025552,4891311,31
1,3386572303,0.962175,4896442,67
1,1129058269,1.070284,4899906,43
1,270233147,0.950945,4900550,3
1,408388049,0.929655,4902539,22
1,1229910091,0.946313,4903624,9
1,944676511,1.004871,4904761,10
1,832858853,0.969758,4906944,25
1,476153387,1.012133,4907444,1
1,397514981,0.978779,4909702,26
1,3766335047,0.988706,4910293,2
1,479248193,1.017906,4910932,3
1,3838561561,1.040677,4911521,2
1,1306791131,1.032197,4912875,13
1,3923757401,0.893772,4916192,41
1,2588987581,0.970764,4918103,21
1,2743195283,0.969758,4923666,73
1,2468192567,1.050483,4932888,126
1,3860207363,1.012616,4933812,7
1,1234613777,0.997066,4934875,9
1,466460243,0.973777,4935594,4
1,1580237327,0.973777,4937352,19
1,2549679763,0.984747,4940166,34
1,3012385487,0.895409,4941526,13
1,881579551,0.988706,4943011,15
1,585192389,0.868840,4944003,8
1,3809662139,0.922801,4947315,41
1,4085186051,0.948889,4948532,11
1,277879831,0.928078,4950695,25
1,2816055247,0.969758,4951217,1
1,1984519451,0.919621,4951806,2
1,992977043,0.944764,4952592,5
1,2497389409,0.922801,4954011,14
1,2626660639,0.970764,4954805,5
1,2733097097,1.053732,4957468,32
1,1791642409,0.982762,4959868,28
1,3012962431,0.928604,4962753,35
1,4292035607,1.018386,4967592,63
1,1578223261,0.877786,4971458,49
1,647342203,0.931753,4973866,28
1,3850215307,0.957597,4976688,34
1,3711682939,1.097761,4978977,22
1,2626211233,0.877786,4981945,34
1,3747913681,1.027455,4983722,19
1,54483071,0.997556,4985138,14
1,1087884929,0.957597,4987605,29
1,559642249,0.946313,4990846,40
1,2578076159,0.862636,4993594,33
1,3720260191,1.052341,4998509,64
1,3305235317,1.068914,5001400,35
1,306867263,0.913227,5002404,8
1,1874603369,1.073928,5004031,17
1,3291107803,0.899761,5005243,11
1,913524049,1.073928,5006787,16
1,3412319501,1.020302,5007718,7
1,2281491193,0.886090,5008584,6
1,590457353,1.176761,5013763,68
1,1625187119,1.018386,5016800,37
1,2202591371,0.977281,5017651,6
1,2690753189,0.942176,5019207,16
1,399768989,0.977281,5020216,8
1,1070419151,0.940620,5021573,13
1,1873588583,0.897588,5022089,1
1,398925341,0.994123,5024006,21
1,805125229,1.020302,5026061,23
1,3228936553,0.950432,5026709,3
1,443232809,1.076198,5029304,31
1,1563463969,1.055121,5030639,13
1,2725750021,0.908940,5031218,2
1,412724947,0.994614,5032982,19
1,3609322663,0.922801,5035026,23
1,2948915899,0.922801,5035544,1
1,502190023,0.954533,5036346,5
1,4122312109,1.050483,5039520,39
1,1537237349,0.860369,5040026,1
1,3106259447,0.929655,5042287,26
1,2613312517,0.922801,5045039,33
1,2903408251,0.772450,5046533,15
1,833777939,1.093303,5050332,48
1,409189631,0.885539,5053360,37
1,2013797623,0.997556,5054294,7
1,3024995227,0.931753,5056705,28
1,368741141,0.893772,5057288,2
1,1132446509,0.982762,5058571,12
1,813386831,1.070284,5060192,17
1,997836869,0.986728,5060768,2
1,1694188919,0.891584,5064723,50
1,1429479823,1.039738,5065237,1
1,3834657107,0.885539,5067779,30
1,2821973971,0.973777,5068573,5
1,3802242383,1.004871,5070359,19
1,2138687011,0.990186,5071643,12
1,2520173231,1.086584,5072367,4
1,2869061717,0.952484,5074908,30
1,2241903089,0.923330,5076545,17
1,1172828791,0.880563,5079507,36
1,4215242341,0.963190,5081854,21
1,2763209777,0.955044,5084276,28
1,1704472331,1.020780,5084786,1
1,2923611127,0.936979,5086622,20
1,3931325087,1.012133,5087203,2
1,477890953,0.984747,5088896,18
1,2665407551,0.891584,5089627,4
1,2766584209,1.007782,5091544,21
1,1757418581,0.962683,5092112,2
1,2121268637,0.903552,5093688,16
1,2230743923,0.969758,5094620,7
1,181619159,0.991172,5095749,10
1,2121532183,0.957597,5098353,31
1,3005258077,0.960652,5098931,2
1,3819695819,0.946313,5100438,15
1,644267573,0.885539,5101783,13
1,2914815791,1.013098,5102859,9
1,1203497611,0.950945,5103730,6
1,4032549853,0.960652,5104666,7
1,2126153567,0.941657,5105465,5
1,1652817109,0.911622,5107306,20
1,2081803363,0.999023,5108581,12
1,1976039563,0.975280,5109524,7
1,1653098011,1.133647,5113089,45
1,2712110957,1.010685,5115619,30
1,662659951,0.882225,5116284,3
1,2228238659,0.837360,5117627,13
1,2782514407,0.811297,5118430,5
1,3721819243,0.962683,5120580,24
1,2166848459,0.993141,5122013,14
1,3845473447,1.039268,5122941,7
1,3837870709,1.091068,5125118,25
1,1762569619,0.922801,5127043,21
1,3448165547,1.024123,5129366,27
1,3811834409,0.984747,5130645,12
1,1112913589,0.995105,5131513,6
1,2947905167,0.895954,5132104,2
1,1311718259,0.970764,5132907,5
1,827997787,0.950945,5133418,1
1,1286711131,0.993141,5137014,45
1,629128651,0.931753,5137742,4
1,2769453563,1.013098,5138746,8
1,862154341,0.914830,5141303,30
1,3799553447,0.944247,5146354,66
1,3107303033,0.960652,5151352,65
1,2904729439,0.922801,5153405,23
1,3335196941,0.985738,5154344,7
1,2063509661,0.970764,5156113,19
1,2375530561,0.952484,5156904,5
1,208776067,0.934370,5157961,9
1,2647773521,0.900304,5160785,34
1,864311401,0.964709,5164777,51
1,3781662979,1.063419,5165643,6
1,3239452639,1.039268,5166784,10
1,4137954809,0.965215,5168072,12
1,538741939,0.841432,5169414,13
1,4013687309,0.855816,5171207,19
1,573766981,1.006813,5174268,37
1,1479449771,0.983258,5180784,87
1,3128812559,0.978779,5183421,28
1,3705862967,0.932277,5186237,32
1,1593762589,1.033615,5189146,35
1,2974745951,0.981270,5193164,51
1,4075324241,0.911622,5194781,17
1,2778154487,0.938541,5195715,7
1,3048711839,1.113220,5196872,10
1,219720623,0.970261,5197515,3
1,4180462081,0.978779,5201582,52
1,2594482771,0.901929,5202308,4
1,1580341237,0.918559,5206732,57
1,839676983,1.040677,5207864,10
1,2093602051,1.012133,5208723,6
1,2722943959,0.970764,5209314,2
1,773963591,0.927551,5211845,30
1,2146240339,0.911086,5213837,22
1,2314485083,0.861503,5214916,9
1,3717992683,0.977281,5216688,19
1,4214668201,0.910550,5217621,7
1,3282862127,1.039268,5221144,43
1,1078613311,0.963190,5225022,49
1,1291887323,1.111464,5226223,11
1,3655824617,0.997556,5228574,27
1,2749155743,0.961160,5229509,7
1,3207487007,0.870524,5230030,1
1,1235808869,0.994614,5231311,12
1,3181761151,1.000488,5232666,13
1,470514677,1.027455,5233802,10
1,1700702957,1.072563,5234458,3
1,3102549071,1.054659,5235944,15
1,3117902633,0.927551,5239203,40
1,2672047687,0.922801,5241401,25
1,3110713033,0.919090,5243174,19
1,1818801539,1.007782,5246052,35
1,3896425961,0.982762,5248028,22
1,1002048031,0.969254,5250566,30
1,41134019,0.985738,5252389,20
1,443099651,1.037387,5253164,5
1,1860778819,0.902471,5254027,6
1,3729998477,0.997556,5254605,2
1,1556218991,1.178419,5256432,20
1,3606195653,0.946313,5257718,12
1,2619100559,0.977281,5258367,3
1,1333032179,0.919621,5259315,7
1,353563997,0.952484,5259821,1
1,4000835459,0.919090,5263201,42
1,4018282063,0.937500,5265771,30
1,640686901,0.895409,5268750,36
1,490270721,0.977281,5269526,5
1,3625803227,1.046292,5270461,7
1,1745516303,0.965215,5271325,6
1,586160437,0.868840,5274191,35
1,461945551,0.916963,5275749,16
1,4007963887,0.860369,5276755,8
1,3000706463,0.980274,5279939,39
1,485723299,0.983258,5282892,36
1,1838553799,0.935414,5285534,28
1,2520019031,0.910550,5286769,11
1,299419529,0.940620,5287834,9
1,1773736763,1.012133,5289415,6
1,627817577,0.969254,5292640,38
1,2276800079,0.983258,5295047,28
1,1088151667,0.987223,5295905,6
1,560266559,0.882225,5296558,3
1,4015309279,1.057433,5302978,85
1,138608551,1.015985,5303762,5
1,3292920889,1.050483,5305593,20
1,422390207,0.960652,5309729,53
1,2249541923,0.970261,5312196,29
1,287526179,0.962175,5314246,23
1,1022342473,0.982762,5315733,15
1,3913656041,1.055584,5316944,11
1,453589627,1.036916,5318147,11
1,646262161,0.920152,5322555,57
1,199459319,0.938541,5324172,17
1,3165702341,1.025552,5326211,23
1,237884707,0.974780,5327299,9
1,365444923,0.997556,5328713,14
1,3162917089,0.897588,5329636,7
1,2765142167,0.953509,5330426,5
1,1529810323,1.061120,5332411,22
1,1587803507,1.036445,5333974,16
1,4251824267,0.994123,5336021,23
1,4187825071,0.934370,5337166,10
1,1409278183,0.870524,5338666,15
1,2219942521,0.853531,5339587,7
1,3062659399,0.988706,5342769,39
1,2639023027,1.003899,5345455,32
1,3877019021,0.920682,5351411,79
1,2338395299,0.922801,5352889,15
1,2759234617,0.859233,5358494,74
1,2744659397,0.825024,5360745,26
1,206737379,1.040677,5367901,96
1,2968569299,1.025076,5369265,13
1,2093142173,0.862070,5371260,22
1,2793132607,1.005842,5373614,27
1,4281208501,0.910550,5375453,20
1,1700122871,0.962175,5376324,6
1,661573519,1.002438,5377752,14
1,3337766477,0.984747,5384427,89
1,3603866089,0.839689,5388466,47
1,2862630083,1.010685,5389236,4
1,2076065029,1.047691,5391518,26
1,2078278331,1.048157,5392811,12
1,4078636867,0.997066,5395689,35
1,3658330463,1.076198,5397665,22
1,867845351,1.090621,5398383,4
1,899394239,0.929655,5399596,11
1,1229683267,0.893772,5401010,14
1,1960104737,0.977281,5402850,20
1,36580067,0.988706,5404810,22
1,546312139,0.938541,5407839,37
1,1512815911,0.931753,5411008,39
1,3800418463,0.982762,5412083,9
1,1880322163,0.899761,5412868,5
1,1834759259,0.893225,5414360,15
1,1329428783,0.897588,5414881,1
1,91913531,0.988706,5418378,44
1,403773871,0.948889,5418949,2
1,1470118171,0.927551,5420092,10
1,1660972801,0.961160,5420591,1
1,4187996963,0.952484,5421108,1
1,418902787,0.870524,5423223,24
1,687148439,1.015985,5425772,30
1,3293982749,0.910550,5428020,26
1,3617250101,0.916963,5429730,18
1,3576146261,1.007782,5431011,12
1,1932095707,0.977281,5432503,15
1,690771007,0.852386,5433848,13
1,3455468881,0.980772,5436331,29
1,4170780433,0.982762,5438068,18
1,2186700811,0.838525,5442516,57
1,4112821403,0.846062,5443315,5
1,2263607897,0.889939,5444116,5
1,2677175117,1.002925,5444845,4
1,2749279037,0.988706,5446691,20
1,1444521487,0.960652,5452159,72
1,3802489837,0.910550,5452883,4
1,1954272371,0.991172,5453747,6
1,1529485193,0.946313,5455583,20
1,807809531,0.882778,5456089,1
1,3465237899,0.952997,5456881,5
1,4022037653,1.058356,5457540,3
1,1527165979,0.882778,5458333,5
1,3023548001,1.061581,5461210,35
1,2328339557,0.962683,5462843,17
1,1883896543,0.938541,5464967,24
1,1242427441,0.969758,5465890,7
1,3077643677,1.004871,5467172,12
1,1839329369,1.056047,5469003,20
1,3559057163,0.962175,5469728,4
1,2301915061,0.961160,5472131,28
1,3788381081,0.931753,5473495,13
1,624245249,0.935414,5474903,14
1,1298917309,1.061581,5475702,5
1,189917239,0.904092,5476488,5
1,258609007,1.044423,5478964,29
1,4163404283,1.073928,5480934,22
1,377061739,0.862070,5483534,31
1,3400785749,0.985738,5488736,68
1,1125258517,0.997556,5498558,128
1,1265000173,1.025552,5499606,8
1,1130893991,0.957597,5503269,46
1,698096429,1.078012,5506770,44
1,2678211961,1.054659,5509533,33
1,1625631107,0.973777,5510664,10
1,21098543,0.922801,5512127,15
1,4153847897,0.919621,5513564,14
1,630224659,0.969758,5515057,15
1,3818484367,0.942176,5518918,49
1,130102591,1.012133,5520557,17
1,4103015069,0.970764,5523791,40
1,776988397,1.012616,5524448,3
1,1458009073,1.070284,5525522,9
1,104184299,0.975280,5528474,36
1,2499529429,0.988706,5529200,4
1,2556842531,0.927551,5529711,1
1,2393461963,0.945280,5532796,38
1,4009563431,0.997556,5535284,29
1,965900371,0.925971,5537960,32
1,2217067399,0.928078,5540769,34
1,581295409,1.047691,5543179,28
1,2035346359,0.988212,5543765,2
1,1620938183,0.970261,5546375,31
1,2484958613,0.911086,5547094,4
1,2315526251,0.922801,5549691,31
1,2864741491,0.938541,5550411,4
1,2696737669,0.940101,5551062,3
1,3359017147,1.031250,5552343,12
1,3164859991,0.988706,5554813,29
1,3928940473,0.953509,5558393,45
1,3824486287,1.031250,5559118,4
1,4208145743,0.960652,5563475,56
1,2406546677,1.061581,5564411,7
1,1334405437,0.954021,5564925,1
1,3761359883,0.972272,5565436,1
1,1948741997,0.977281,5567138,18
1,1186840049,0.962175,5568364,11
1,3912526073,0.919621,5569708,13
1,3961002911,0.962175,5570985,12
1,2126142407,1.028405,5571716,4
1,1365720607,0.965215,5572647,7
1,2823973783,0.925443,5574496,20
1,4111841311,0.877786,5575149,3
1,2272855603,0.965215,5575874,4
1,671833601,1.035503,5580846,65
1,79587869,0.931753,5581351,1
1,67142419,0.919621,5584006,32
1,2453303291,0.944247,5586003,22
1,657640999,0.938021,5588814,34
1,2445677237,0.984747,5589391,2
1,733612709,0.966732,5589895,1
1,2895044287,1.068458,5591390,15
1,357547129,1.035503,5593164,15
1,726497641,0.956066,5594320,8
1,326527967,0.981270,5595426,9
1,201833347,0.946313,5595996,2
1,1291936421,0.988212,5596986,8
1,461444587,0.914830,5598187,11
1,2048551027,0.938021,5601410,40
1,3236901413,0.927551,5603116,18
1,1301838401,0.848367,5606424,41
1,4139987851,1.113220,5608474,23
1,1502644879,1.012133,5609049,2
1,2158217431,0.997556,5612633,45
1,3631559753,0.869402,5613785,10
1,4230188293,1.031250,5615222,14
1,1333890949,1.025552,5618941,47
1,262741663,0.970261,5620782,20
1,2501200211,0.893772,5626214,71
1,4227105739,0.903552,5627574,13
1,620014117,0.955044,5632888,70
1,3975147829,0.910550,5633547,3
1,2888723239,0.934370,5634964,14
1,644068063,0.888841,5636868,21
1,2061105133,0.942176,5643461,88
1,2753862203,0.981270,5644524,9
1,1339443367,0.986728,5646792,26
1,3681474221,0.965215,5649409,31
1,2353839811,1.027455,5653065,46
1,2208950759,0.947859,5653582,1
1,1451920021,0.885539,5656117,30
1,1280342803,1.055584,5656771,3
1,1929586313,1.004871,5657629,6
1,4064831299,1.033615,5659117,15
1,3755775887,0.923330,5660628,15
1,3650623453,0.969254,5662828,25
1,2101766999,0.904092,5664178,13
1,497469941,0.935414,5665523,13
1,1899875941,0.925971,5666253,4
1,3769844051,0.898675,5669354,38
1,2686091129,0.975280,5671887,30
1,3669100187,0.996576,5672682,5
1,1454958761,1.015985,5673607,7
1,242443177,0.952997,5674455,6
1,164107121,1.018386,5677452,37
1,2959047607,1.003899,5680490,37
1,2098542731,0.984251,5681634,10
1,597423899,1.093303,5682150,1
1,3060736267,0.992649,5682799,3
1,2298182561,0.919090,5684918,24
1,3583745953,0.930180,5685439,1
1,3476648831,0.962175,5688621,39
1,1120413667,0.984747,5689129,1
1,2719870943,1.105296,5689657,1
1,890476619,0.988706,5692468,34
1,1227071107,0.904092,5696320,43
1,646514977,1.046758,5699924,45
1,2365693807,0.982762,5702258,27
1,1803475409,0.820275,5702773,1
1,3963235141,0.904092,5704541,19
1,73630441,0.977281,5708804,55
1,3829669663,1.033615,5709675,6
1,2061682169,0.997556,5710267,2
1,1058336333,1.015985,5716327,80
1,106509461,1.000488,5717378,9
1,4286144911,0.970261,5718976,16
1,2736692579,0.954533,5720139,10
1,2725914341,0.878342,5722413,26
1,2695475551,1.063419,5723064,3
1,3324565967,1.044891,5723925,6
1,1970229449,0.910550,5724862,7
1,1218441337,0.915364,5725514,3
1,2167544969,1.054659,5727692,25
1,1405885177,0.973777,5731659,50
1,26736701,0.983258,5732574,7
1,1937106901,0.961160,5734148,16
1,25550431,1.027455,5735836,18
1,2827805429,0.990186,5736910,9
1,542180267,0.919621,5737485,2
1,669114791,1.007782,5738552,9
1,2854475891,1.013098,5739348,5
1,2530293673,1.004871,5740919,16
1,187448753,0.935414,5745259,56
1,3575442467,0.868840,5746050,5
1,633832093,1.005357,5746693,3
1,728731763,0.919621,5748324,17
1,2923489753,0.889391,5749389,9
1,411466687,1.082983,5750387,8
1,3875086559,1.021736,5751328,7
1,271393481,0.878342,5753212,21
1,996890663,0.973777,5754077,6
1,453353291,0.983258,5754584,1
1,1802853373,0.929655,5760093,72
1,4283961523,0.975280,5761161,9
1,3568648583,0.929655,5762643,15
1,2959760009,0.895409,5766002,42
1,2047708753,1.084785,5766856,6
1,452846021,0.927551,5768493,17
1,1712217119,0.965215,5769143,3
1,4008588839,0.968750,5772034,35
1,1054828799,1.036916,5773529,15
1,2479012031,0.984747,5776278,33
1,683592517,1.005357,5777574,12
1,533025413,0.970764,5779051,15
1,3194692421,1.020302,5780266,11
1,1215698461,1.073018,5783841,45
1,3935604979,0.985738,5785340,15
1,4020848243,0.952997,5786350,8
1,1043996627,1.009235,5787362,8
1,1386025561,1.039738,5790599,40
1,3619655381,0.911622,5791747,10
1,87668051,0.848367,5792455,4
1,4108116847,1.021736,5793881,14
1,1337625857,0.846062,5795359,15
1,1251807157,1.037387,5796294,7
1,1224598181,0.954533,5797416,6
1,3319505083,0.925971,5798725,10
1,3023979583,0.994614,5799344,2
1,2178077201,1.023646,5800694,13
1,114718949,0.935414,5806509,77
1,898293713,0.987223,5807722,11
1,1059486251,1.097761,5811520,48
1,1014600827,1.027455,5812799,12
1,2600655899,0.954533,5814288,15
1,1931989219,0.919621,5814939,3
1,3797405033,0.950945,5816150,11
1,3060736951,0.950945,5817992,20
1,875438569,0.990186,5820945,36
1,1214833897,1.025552,5822005,9
1,3492871271,0.864897,5825044,37
1,443061343,1.078012,5826601,16
1,4240515121,0.938541,5828300,18
1,1286356847,0.921743,5828957,3
1,2895988813,0.983258,5831701,33
1,3684964967,0.957597,5832638,7
1,3464670823,1.044423,5833709,9
1,1175955031,0.904092,5834636,7
1,2952989737,0.944764,5835344,4
1,2638055501,0.918559,5838166,34
1,74501243,0.899761,5839776,17
1,1222604503,1.036916,5841278,15
1,2729509357,1.005842,5848257,93
1,3774485083,0.962683,5850235,22
1,1135243873,0.949404,5852696,29
1,504550933,1.047691,5853769,9
1,2468587931,0.945280,5859327,73
1,1156214291,1.012616,5862910,45
1,2508613223,1.024123,5863706,5
1,3479353991,0.868840,5867710,51
1,3217255747,0.901929,5869965,26
1,2393111569,0.970764,5871446,15
1,891005771,0.914830,5872932,15
1,2148984427,0.988706,5874211,12
1,2323882459,0.977281,5875985,19
1,2336111447,0.970261,5877274,12
1,3713533039,0.928078,5878200,7
1,3422270417,0.955044,5878728,1
1,2699176763,0.906789,5879312,2
1,3404172437,0.984251,5880668,13
1,1104473443,0.950945,5882014,13
1,4085948387,0.997556,5883305,12
1,1397526373,0.997556,5884660,13
1,3354461333,0.889391,5886072,14
1,1607263507,0.982762,5886934,6
1,1685705387,0.895409,5887593,3
1,1421609237,0.922801,5888459,6
1,1357366393,0.786234,5890712,26
1,3646711597,0.994614,5895128,57
1,3270858103,1.043488,5896645,15
1,2909844479,0.922801,5898150,15
1,1985249221,1.019344,5900369,22
1,3270601921,0.984747,5901503,8
1,628260977,0.897588,5902721,11
1,1218360973,0.984747,5906729,51
1,2733993649,0.965215,5907248,1
1,3868696207,0.969254,5914534,98
1,2546774597,0.914830,5916791,26
1,3119990749,1.068458,5917382,2
1,895665937,0.893772,5920044,32
1,1611044059,0.919621,5922234,25
1,2760925633,1.062959,5929758,101
1,1074487679,0.978779,5932789,37
1,68357453,0.903552,5933419,3
1,2739383797,1.007782,5934290,6
1,442196243,0.872205,5936819,30
1,2915495449,0.946313,5938931,24
1,3464774723,0.910550,5940357,14
1,1276171607,0.970764,5941911,16
1,2904736843,1.032197,5943272,13
1,77003317,0.977281,5946067,34
1,2249202239,0.965215,5949987,50
1,185616631,1.070284,5952021,23
1,505386331,0.946313,5953645,17
1,53551669,1.039738,5955611,22
1,2183087077,0.802219,5956537,7
1,91713823,1.054659,5958432,21
1,2401021223,0.928078,5959717,12
1,223100309,1.064337,5960922,11
1,2152056887,0.927551,5962198,12
1,2611115141,0.940101,5962784,2
1,3176950753,0.961160,5963436,3
1,1336477019,1.047691,5966178,33
1,3813627211,1.055584,5966693,1
1,951269063,0.927551,5968039,13
1,2684319587,1.007782,5969816,19
1,966720973,0.950945,5976195,85
1,2984423371,0.990186,5977282,9
1,4092999877,0.940101,5979346,23
1,498031649,0.986233,5980544,11
1,2223014593,1.027455,5981107,2
1,2247493739,0.910550,5983709,31
1,1146513391,0.944764,5984302,2
1,2107873687,0.903011,5987330,37
1,3124662773,0.997556,5988542,11
1,2702826251,1.047691,5989817,12
1,2369966059,0.902471,5990403,2
1,3181663861,1.018386,5991195,5
1,1764439933,0.981270,5993805,31
1,2466485303,0.908940,5996398,31
1,853451113,0.966732,5997334,7
1,3520467103,1.076198,5997920,2
1,1961058773,0.899761,5999137,11
1,2388943729,1.040677,6001333,25
1,2460689249,1.071652,6003507,19
1,1715332153,1.037387,6005314,19
1,1563243301,1.083884,6006172,6
1,2574688003,0.919621,6007250,9
1,564701383,0.912693,6009572,27
1,2004108179,1.000488,6019959,142
1,768553691,0.919621,6020760,5
1,2620739197,0.928078,6025257,58
1,2856858899,1.047691,6029034,48
1,3378394417,0.970261,6029541,1
1,2075348179,1.127168,6030275,4
1,1679444141,0.977281,6031474,11
1,4031162089,0.946829,6034633,39
1,727576279,0.994614,6035862,11
1,3960995497,1.132786,6036659,5
1,3850916141,0.981270,6040933,55
1,1499065391,1.047691,6046964,80
1,1853310779,0.962175,6048253,12
1,3500003879,0.980772,6048764,1
1,2887283141,0.934370,6049277,1
1,1908388103,0.962175,6053359,52
1,911237861,0.942176,6055393,23
1,348182243,0.952484,6056105,4
1,633127213,0.919090,6057259,10
1,1259420479,1.090621,6058745,15
1,2934757717,1.046758,6062112,42
1,3118092007,0.962175,6062924,5
1,551060113,0.904092,6067219,55
1,3987292831,1.033615,6069897,32
1,4217600731,0.895954,6072249,27
1,1253654251,0.843750,6074158,21
1,649563307,0.907327,6074737,2
1,2404209221,0.975280,6075662,7
1,4077595213,0.970764,6078055,28
1,1480799863,0.965215,6078914,6
1,534616921,0.994614,6083918,65
1,4293744053,1.027455,6087660,47
1,2472144827,1.003899,6089926,26
1,3541145753,1.100870,6090578,3
1,2220471511,1.109265,6092132,16
1,1776653953,1.013098,6093062,7
1,2735371381,0.895954,6094822,19
1,2238014551,0.919621,6099957,67
1,1810779379,0.957597,6101737,19
1,355650803,0.947859,6102938,11
1,3436810001,1.050483,6103447,1
1,2402666689,1.083884,6105094,14
1,2962658057,0.946313,6107474,26
1,656926909,1.012133,6110049,30
1,4241600471,0.875558,6110781,4
1,97452787,0.994614,6115390,60
1,1959499601,0.950945,6117365,22
1,634467913,0.922801,6118006,3
1,109867259,1.027930,6120042,23
1,3748869629,0.973777,6122520,29
1,1782082661,0.965215,6129443,93
1,1901284633,0.928604,6131063,17
1,681342923,0.994614,6132200,10
1,3507675373,0.886090,6135250,37
1,2946953969,0.895954,6137442,25
1,3232151941,0.983258,6139130,18
1,3085482373,1.054659,6140085,7
1,1890798583,1.047691,6142489,28
1,3445969201,0.928078,6143976,15
1,600420019,0.886090,6147685,47
1,773197099,1.050483,6149372,18
1,2134920353,0.903552,6153231,49
1,1650700063,0.931753,6154372,10
1,58638787,0.899761,6155147,5
1,70501759,0.993141,6156698,16
1,2651881831,1.033615,6158530,20
1,1453482101,0.931753,6159602,9
1,2297858131,1.027455,6161648,23
1,1094513569,0.952484,6163197,16
1,1266362879,0.899761,6164004,5
1,734377297,0.956577,6167019,37
1,645761309,0.998534,6167806,5
1,1877555153,0.891584,6168616,5
1,2628746639,0.977281,6170262,17
1,4127929411,0.952484,6172164,21
1,2188346821,0.941657,6173996,20
1,213765091,1.021258,6175200,11
1,4200378859,1.062959,6176421,11
1,1091111711,0.956066,6178536,24
1,988943359,1.021258,6186177,103
1,105728929,0.993632,6188063,21
1,2599151021,0.927551,6189980,21
1,3127031081,0.983258,6190909,7
1,2562181283,0.944764,6192539,17
1,2602356271,1.097316,6198293,76
1,1199057207,0.997066,6199777,15
1,2361663569,1.033615,6202254,29
1,2847508649,1.000488,6203665,14
1,285297707,0.884436,6204787,10
1,3803811289,1.036916,6207319,26
1,84270727,0.871645,6209380,21
1,3843603551,0.987223,6209925,1
1,2781511039,0.961160,6213660,47
1,3972817517,0.952997,6215358,18
1,3938639953,0.993141,6217951,31
1,852131597,0.888841,6221020,36
1,439339,0.936979,6224874,50
1,868187347,0.957597,6226158,12
1,2690605531,0.919090,6227792,17
1,774133543,0.925443,6228508,4
1,3490830467,1.055584,6230541,23
1,3152547617,0.935414,6231189,3
1,2710222769,0.981270,6231907,4
1,2917724473,1.042552,6233332,14
1,1007136241,0.952484,6237618,55
1,1539497471,0.913227,6238837,11
1,3595535981,0.984747,6241333,29
1,463940027,0.999023,6242399,9
1,1869985489,0.955044,6243124,4
1,715250209,0.982762,6244405,12
1,4124591951,0.895409,6247669,40
1,2881463111,1.012616,6248535,6
1,2883077909,0.988706,6250576,23
1,2670839053,1.027455,6251365,5
1,2409857687,0.950945,6252648,12
1,3725192089,0.927551,6253440,5
1,956832619,0.829745,6254013,2
1,112869431,0.907865,6254787,5
1,1545634901,1.004871,6257460,32
1,1484305639,0.878342,6261182,47
1,1865726519,0.872205,6261775,2
1,3082141177,0.982762,6266004,54
1,4099653053,0.995105,6266527,1
1,2550726131,0.877786,6268245,18
1,3125003293,0.897588,6269520,12
1,476626741,0.990186,6272276,33
1,876576257,0.827978,6274382,24
1,585887749,0.918559,6278307,50
1,3754383851,0.823246,6280718,28
1,777208127,0.904092,6281434,4
1,1377004939,1.040677,6283499,23
1,255707531,0.969254,6287797,55
1,1594604617,1.042552,6288376,2
1,497373497,1.039738,6289309,7
1,1831772543,0.964709,6290661,13
1,488052613,1.093303,6292221,16
1,3233508319,0.931753,6293165,7
1,30375049,0.944764,6294562,14
1,1922971487,0.982762,6295296,4
1,265607131,0.902471,6296718,14
1,3796705711,0.994614,6299410,32
1,633318709,0.970764,6300357,7
1,842672309,0.961160,6301146,5
1,3121564697,0.936979,6303188,23
1,2174681231,0.922801,6304806,17
1,1378597109,0.938021,6308190,42
1,3244671737,0.820275,6311144,32
1,2188919471,0.981270,6312007,6
1,2064045619,0.919621,6313768,7
1,902698001,0.893772,6314365,2
1,2180945447,0.970261,6317257,35
1,3295891777,0.980274,6317899,3
1,857801761,1.054659,6319503,17
1,2996661971,0.895954,6320306,5
1,2907192103,0.984747,6322985,32
1,2389724179,0.988706,6324602,17
1,3161710313,0.838525,6325400,5
1,2166849371,1.012616,6326418,8
1,1087233163,0.855246,6327979,16
1,3032056249,0.960652,6329405,14
1,487289161,0.857526,6330268,6
1,66132809,0.886641,6331809,16
1,3284889353,0.953509,6334482,32
1,3036554393,0.888841,6335062,2
1,4059153209,0.911086,6341340,83
1,1771803569,0.952997,6342542,11
1,97753543,1.053732,6343183,3
1,1102883849,0.895409,6343687,1
1,1195296191,0.947859,6344562,6
1,3493556719,0.954533,6347619,37
1,1486039253,1.027455,6348195,2
1,3075935591,1.084785,6349206,8
1,2569944623,0.973777,6350150,7
1,965698207,0.910550,6350942,5
1,3385583059,0.906789,6353761,34
1,585569767,1.031250,6359996,83
1,836815261,1.193243,6360779,5
1,750853,0.944764,6362103,14
1,823945229,1.055584,6362750,3
1,3696781771,0.970764,6364174,14
1,2889727229,0.988706,6365043,6
1,1477283281,0.886090,6366106,9
1,1967618309,0.860369,6366972,6
1,2872565147,0.938021,6367841,6
1,200588893,1.003899,6368920,9
1,150979729,0.935414,6371106,25
1,2787734249,0.993141,6372180,9
1,163310023,0.895954,6373733,16
1,3132642949,0.938021,6374319,2
1,3513209591,0.942176,6374975,3
1,2856612349,0.965215,6376268,12
1,2372573429,1.033615,6377544,12
1,2227143647,1.043488,6379453,21
1,4020579127,0.938541,6380111,3
1,203803753,0.864332,6381449,13
1,2209840747,1.072563,6382873,14
1,4181848687,1.037387,6384301,14
1,2715413917,0.956066,6387962,46
1,3098677229,0.920152,6389734,19
1,2603711057,0.988706,6390251,1
1,3646253971,0.928078,6390905,3
1,1154998007,0.991172,6394631,47
1,3849043591,0.981270,6395654,8
1,513029971,1.040677,6396438,5
1,3327309731,0.947859,6397437,8
1,2238514087,0.934370,6398300,6
1,404328299,0.862070,6399222,7
1,1397406937,0.887192,6401208,22
1,1045160999,0.997556,6401865,3
1,293894611,0.895409,6405998,53
1,2761465919,0.905711,6412193,78
1,153590221,1.027930,6413283,7
1,1302969793,1.012616,6416820,44
1,2940784507,0.844329,6417829,8
1,3105381121,0.954533,6420288,29
1,1656842059,0.957597,6422052,19
1,1370331491,0.970764,6425152,38
1,1220604919,0.995105,6427683,30
1,1212767447,1.044891,6429931,26
1,373157717,0.997556,6431359,14
1,3546663433,0.871645,6436845,72
1,1256244007,1.043488,6437451,1
1,3571574351,0.935414,6438062,2
1,3700821791,1.013098,6438578,1
1,1332723173,0.877229,6439316,4
1,4159154137,0.920152,6440125,5
1,669992993,1.055584,6440706,2
1,1051570951,0.940101,6442271,16
1,2341296577,0.832095,6443538,12
1,1206498089,1.020302,6444891,13
1,1937195707,0.936979,6445616,4
1,33676961,0.946313,6446250,3
1,622998767,0.928078,6450034,48
1,3175524529,1.115848,6451376,13
1,67291097,1.012133,6452912,16
1,2381157797,0.997556,6453433,1
1,2058152839,1.033615,6454874,14
1,3392840287,0.982762,6456639,19
1,840842669,0.920152,6458354,18
1,3311327293,0.938541,6459006,3
1,3818797453,0.927551,6461195,25
1,1651068899,0.928078,6465477,55
1,170203717,0.957597,6466667,11
1,164490481,0.886090,6467728,9
1,1529358053,0.989693,6468864,10
1,2295298459,1.025552,6469936,9
1,2081844251,0.982762,6474357,57
1,574290383,1.080726,6476057,18
1,2663003263,0.927551,6476992,7
1,2418561839,0.914830,6479374,28
1,2404203127,1.012616,6481217,20
1,1575651541,1.037387,6482430,11
1,3701734447,0.877786,6483512,9
1,294281591,1.063419,6484708,11
1,1346694581,0.980274,6486678,22
1,1866492307,1.070284,6489030,27
1,2055991009,0.944764,6489685,3
1,1282536337,1.067086,6492567,35
1,3982659997,1.031250,6493657,9
1,2494203703,0.919621,6496750,38
1,910169941,0.798558,6498166,14
1,2677728173,0.946313,6499381,11
1,764091067,1.078012,6500171,5
1,3326944613,0.993141,6505573,71
1,1709385361,0.997066,6506845,12
1,926549951,0.919621,6508347,15
1,1731384803,0.974780,6508931,2
1,2379979451,0.970261,6509458,1
1,178372651,0.942176,6510021,2
1,2221710859,0.965215,6510818,5
1,2499927887,1.000488,6512095,12
1,2852322763,0.977281,6512888,5
1,398986513,0.889391,6518483,68
1,247378121,1.004871,6522655,53
1,1629359671,1.015985,6524356,18
1,4172060341,0.848367,6525008,3
1,1917936287,1.048157,6527193,25
1,305362261,0.904092,6528880,18
1,1305906263,1.042552,6530366,15
1,2610756469,0.988706,6531944,16
1,1178869051,1.013098,6535172,40
1,1875980863,0.982762,6537851,32
1,253045129,0.985738,6540101,26
1,1260201307,1.005357,6541259,10
1,654321193,1.035503,6541753,1
1,2882799137,0.964709,6544628,35
1,615521681,0.979277,6545341,4
1,424509721,0.993632,6551780,86
1,3357323891,0.860369,6552358,2
1,3215306719,0.997556,6552885,1
1,2918791061,1.036916,6554679,19
1,1933617173,0.946313,6555808,10
1,388480307,0.981270,6557223,14
1,396418441,0.928078,6558847,17
1,2817699803,0.886641,6560923,23
1,993724981,0.965215,6565144,54
1,148109419,0.957597,6567197,23
1,2470961,0.913227,6571265,52
1,294098737,1.005357,6573863,31
1,2147172481,0.985738,6576965,38
1,997404347,0.981270,6580216,40
1,126888341,1.127168,6583787,45
1,2115027877,0.982762,6584641,6
1,2257860043,1.012616,6585359,4
1,2417643577,0.886090,6587963,31
1,1181588351,1.068458,6590992,37
1,3922216603,1.007782,6592203,11
1,2206854191,0.984747,6593912,18
1,2962311721,0.955044,6599808,78
1,466467329,0.988706,6600728,7
1,1646597287,0.942176,6602560,20
1,2544988591,1.017906,6605943,42
1,651380707,1.004871,6606881,7
1,3807137153,1.027455,6608235,13
1,426591337,0.904632,6609716,15
1,2599754371,1.018386,6610513,5
1,3708904643,0.811297,6613463,36
1,2066650517,1.012616,6613977,1
1,3436035703,1.050483,6617105,35
1,524249057,0.903011,6619271,22
1,264475637,0.860369,6620082,5
1,604837847,0.970261,6620728,3
1,1041275717,1.040677,6625978,69
1,223627247,0.946313,6626692,4
1,295797407,0.846062,6627827,10
1,4016459521,0.908940,6629517,18
1,3720776167,1.035503,6631852,27
1,1639359923,0.935414,6632511,3
1,1360660303,1.089725,6642118,131
1,3415567949,0.936979,6644046,21
1,330507173,1.032197,6644551,1
1,513977423,0.895409,6645821,12
1,637511473,0.946313,6647931,24
1,3540266071,0.993632,6650398,29
1,1404890689,0.903011,6651475,9
1,290120431,1.046758,6654213,33
1,4121361173,0.907865,6660914,89
1,2027994989,0.961160,6661645,4
1,1008897847,1.090621,6663343,18
1,448077961,0.970261,6665459,24
1,868398413,0.919621,6667913,29
1,39968129,0.969254,6671406,44
1,285881249,0.884436,6672325,7
1,2578948313,0.978779,6678210,78
1,397232497,0.975280,6679560,13
1,204998051,0.994614,6681521,22
1,1873033159,1.018386,6684129,31
1,2726232617,1.028405,6685892,19
1,3484471451,0.878342,6692822,93
1,3666535603,0.957597,6693821,8
1,1194463307,1.018386,6694394,2
1,3775715569,1.025552,6696223,20
1,1166516347,0.835609,6701426,68
1,3670086907,0.870524,6702216,5
1,4229620861,0.997066,6703868,17
1,205796483,1.037387,6705686,20
1,526191119,1.012133,6706609,7
1,2097898703,0.970261,6710482,49
1,1305402101,0.978779,6712269,19
1,3530136809,0.955044,6714874,31
1,1527610421,1.156250,6716505,17
1,459887717,0.868840,6720724,48
1,3862880783,0.969758,6721360,2
1,410008279,1.046758,6722771,14
1,150146959,0.981767,6724117,13
1,3854714077,0.973777,6725477,13
1,1004214307,1.005357,6732051,88
1,1592578693,1.007782,6736907,63
1,4072866221,1.025076,6737492,2
1,2925469051,1.007782,6738220,4
1,1791392579,0.975280,6741544,41
1,2730381109,0.935414,6743934,28
1,2739397013,1.054659,6744522,2
1,1676006753,0.965215,6745589,9
1,831380071,0.922801,6746100,1
1,362355073,1.052341,6748294,25
1,4269361799,0.942176,6748811,1
1,439031539,0.997066,6750917,24
1,1815965183,1.013098,6754523,45
1,3149787737,0.993141,6756865,27
1,2501636909,1.018386,6757450,2
1,3965628659,0.931753,6759098,17
1,1080906719,1.007782,6759898,5
1,1941305549,1.043488,6763629,47
1,3166706143,0.862070,6766813,39
1,1074944681,0.962175,6767937,10
1,3052204993,0.919090,6771531,45
1,2248679339,0.974780,6772252,4
1,1209668027,1.073928,6773607,13
1,3827998469,1.005357,6775159,16
1,4092133973,0.998534,6776364,11
1,122779751,0.936979,6777908,16
1,1918851661,0.991172,6778499,2
1,956918663,1.093303,6779702,11
1,2674449341,0.957597,6780855,10
1,3555139403,0.997066,6784594,47
1,1184983321,0.910550,6786210,17
1,56912227,1.127168,6789426,40
1,221582087,1.031250,6791120,18
1,377961209,0.997066,6791634,1
1,3827028691,0.997556,6793412,19
1,2550449621,0.944764,6794823,14
1,3367766767,1.000488,6798831,51
1,1023058303,0.970261,6799766,7
1,2645371559,0.957597,6800635,6
1,2669674669,0.954533,6803514,35
1,4005514609,0.931753,6807180,46
1,2064416699,0.936979,6808270,9
1,162576877,0.942176,6810026,19
1,3142972487,0.997066,6812504,29
1,334434703,0.993632,6814126,17
1,4232474999,0.938541,6815351,11
1,559625161,0.970764,6817045,18
1,4152309797,0.987223,6821828,58
1,1713555199,1.012616,6823590,17
1,1679330377,0.895954,6824261,3
1,1048060499,1.039268,6824770,1
1,3263278883,0.908940,6827396,31
1,1073867057,0.920152,6828863,15
1,1986640727,1.012616,6832809,50
1,3580127857,1.004871,6833944,10
1,3925443449,1.061581,6835231,12
1,1242231233,0.918559,6837141,21
1,2502801289,0.992649,6837727,2
1,1934143027,0.935414,6839288,16
1,1845640441,0.956066,6842163,35
1,3271672069,1.020302,6844347,25
1,1646754001,0.877786,6845700,13
1,692887297,1.029829,6850459,62
1,3364960493,1.031250,6851330,6
1,33715537,0.904632,6852859,16
1,4157447963,0.947859,6854507,17
1,3526264649,0.798558,6857463,36
1,508975403,0.928078,6858255,5
1,131876341,1.024123,6859523,12
1,10618651,0.868840,6861466,22
1,3090935831,0.997556,6862336,6
1,2838602771,0.925971,6866539,54
1,1813718971,0.969758,6871869,70
1,3554103131,1.004871,6872674,5
1,2385828883,0.978779,6875910,40
1,1920277343,0.962175,6876641,4
1,1285939943,1.052341,6879679,37
1,1037587709,1.025552,6880775,9
1,2174628067,0.945280,6883377,31
1,3059021341,0.886090,6890256,92
1,2046991801,0.922801,6891122,6
1,1395801493,1.025552,6893181,23
1,3364039997,0.974780,6895150,22
1,1177846379,1.033615,6898384,40
1,791223383,0.919090,6903353,65
1,39018823,0.980274,6905178,20
1,143707589,1.073928,6906307,10
1,3139403303,0.946829,6908717,28
1,4101218291,0.942176,6913011,55
1,3056893963,0.970261,6914000,8
1,35976979,1.076198,6914495,1
1,4103783449,0.862070,6915774,12
1,1234131713,1.140090,6918793,37
1,3512207467,0.931753,6920702,21
1,3757714757,0.895954,6921713,8
1,1274388859,0.876115,6922647,7
1,1086603299,0.957597,6923523,3
1,3155571521,0.927551,6925418,19
1,1965266291,0.830333,6929322,49
1,280250753,0.940101,6932964,46
1,3998924617,1.020780,6934253,12
1,3626525387,0.963190,6936012,19
1,2583746969,1.050483,6937906,21
1,1986668419,0.919621,6938765,6
1,859297661,0.957597,6939700,7
1,1082807447,0.956577,6940706,8
1,1844262247,1.043488,6941659,7
1,608790467,0.910550,6944047,28
1,3775465469,0.921213,6944557,1
1,3096846827,0.925971,6946055,15
1,3264910783,0.938541,6947612,16
1,2289906131,0.931753,6949445,20
1,3225409723,1.078012,6950448,8
1,3922093507,0.955044,6951247,5
1,1723800503,0.903011,6953373,24
1,2370771829,0.942176,6956777,42
1,4199133319,1.004871,6957358,2
1,3105635009,1.040677,6959047,18
1,4188598021,0.927551,6967484,114
1,1738728841,0.997066,6969322,20
1,4026673139,1.022214,6970595,12
1,315784957,1.031250,6972361,19
1,2683513307,1.010685,6976869,58
1,3210427789,0.904092,6979975,38
1,1002262607,0.957597,6980903,7
1,665483543,0.862636,6982952,23
1,2246186351,0.983258,6985771,34
1,835223581,0.997066,6986831,9
1,1397797559,1.039738,6988323,15
1,2466743519,1.034559,6989947,17
1,1817477213,1.014061,6997341,99
1,584465747,0.995105,6999319,22
1,1570165027,1.018386,6999900,2
1,1462860247,0.941657,7000696,5
1,575787049,0.956066,7006345,75
1,72969541,0.945280,7007958,17
1,558687379,0.868840,7010219,26
1,3941148361,0.954533,7012776,30
1,2307802579,1.004871,7014051,12
1,1914306007,0.895409,7017582,44
1,3343624423,0.872205,7020127,30
1,818783881,1.064337,7021902,19
1,1062493391,0.974780,7023192,12
1,2539358449,1.044891,7024058,6
1,3897235073,0.975280,7025767,14
1,2224456813,0.974780,7026909,10
1,2730922409,1.012133,7028493,14
1,2109055673,0.838525,7031414,35
1,1336634371,0.997066,7032623,11
1,2210940191,0.988706,7033477,6
1,1311699853,0.997556,7036017,30
1,1428739633,1.048157,7038759,33
1,938233573,0.886090,7039968,11
1,155751803,1.003899,7041512,16
1,2394522259,0.882778,7042370,6
1,505698341,0.878342,7046928,59
1,3422631593,0.981270,7047438,1
1,3470109371,1.040677,7048723,12
1,4152473053,1.070284,7050297,16
1,1233332053,0.994614,7051150,6
1,24411767,1.048157,7052000,6
1,4057977739,1.012616,7052807,5
1,2231982869,0.982762,7053805,8
1,2966845691,1.061581,7060125,84
1,3274398811,1.067086,7062041,21
1,1793928469,1.000488,7063178,10
1,1870415273,0.978779,7064457,12
1,166204349,1.003899,7065725,12
1,35915687,0.974780,7067337,17
1,3704628019,1.012133,7068964,17
1,429859753,0.954533,7069607,3
1,128805109,1.046758,7070325,4
1,2936925349,0.904092,7072455,24
1,1220240731,0.932277,7073387,7
1,582670303,0.927551,7073903,1
1,981993427,0.902471,7076638,33
1,3630900463,1.078012,7078475,20
1,2248682921,0.948889,7079608,10
1,4035670673,1.053732,7080115,1
1,3792486331,1.039738,7081057,7
1,104955911,0.988706,7084184,39
1,1404331717,0.942176,7085599,14
1,135248369,1.020780,7088394,34
1,1950459367,1.012133,7089461,9
1,429821849,1.020780,7091081,17
1,2210162083,0.927551,7091593,1
1,2684618341,0.862070,7093294,18
1,832701461,0.957597,7094625,13
1,1851648233,0.974780,7100662,80
1,2902613377,0.907327,7103556,35
1,3539207891,0.940101,7104283,4
1,3609355549,0.919621,7105209,7
1,1435003877,0.860369,7107820,31
1,4136492279,0.968750,7110220,28
1,2960785753,0.928078,7111910,18
1,3494316197,0.950945,7113469,16
1,2318545381,0.864332,7113974,1
1,3635433979,0.927551,7116370,28
1,897045551,0.914830,7117788,14
1,3138026743,0.970261,7120061,26
1,4221501367,1.008751,7121301,11
1,106476613,1.012133,7125154,49
1,2767945801,1.029829,7126633,15
1,1956141287,1.007782,7132102,66
1,367611061,0.988706,7133206,9
1,144545393,0.904092,7133715,1
1,2599676719,1.076198,7136280,30
1,1484540039,0.910550,7137629,13
1,321735481,1.161727,7139122,15
1,1299925843,0.889391,7142015,35
1,992368747,1.106621,7142941,7
1,1603633679,0.924387,7143799,6
1,3532894303,0.921213,7144939,10
1,3439359673,0.983258,7145517,2
1,1883457253,0.906789,7146790,12
1,3528128089,0.987223,7148073,12
1,225028079,0.919090,7148653,2
1,648975707,0.944247,7149310,3
1,2181949501,0.888841,7151139,20
1,3122917723,1.057433,7154180,37
1,2373408589,0.969254,7155824,17
1,1602730333,0.902471,7159686,49
1,3563906257,0.927551,7162002,27
1,1334782171,0.997556,7162657,3
1,3937519217,1.033615,7164356,18
1,2248091641,0.928604,7165087,4
1,1864033499,1.006328,7166244,10
1,3238229507,1.025076,7166746,1
1,3403253771,0.946313,7168101,13
1,1573549963,1.006328,7168764,3
1,3465880949,0.970261,7170266,15
1,2861227969,0.938021,7171059,5
1,108442163,1.000488,7178193,96
1,3458702537,0.911622,7178913,4
1,3406684759,0.862070,7181119,25
1,2418762209,0.944247,7181628,1
1,4278320617,1.079370,7186827,68
1,2526614429,1.012616,7189430,31
1,734759731,1.048157,7190651,11
1,3500654879,0.927551,7191163,1
1,2733644131,0.984747,7194498,41
1,3679465177,0.919621,7196201,18
1,1509390319,0.920152,7197013,5
1,2182565677,0.938021,7198294,12
1,4193123477,1.039738,7199580,12
1,1444043981,1.016466,7200235,3
1,3284870359,1.058356,7203537,41
1,3954088451,0.945280,7206450,35
1,3235693817,0.886090,7209747,41
1,1908654947,0.970261,7210607,6
1,3878015347,0.935414,7212798,25
1,2468800171,0.908940,7214024,11
1,2640924263,0.998534,7216449,28
1,2865398243,0.977281,7217444,8
1,727961123,0.937500,7223307,76
1,355288301,0.994123,7224175,6
1,78995857,1.025076,7224875,4
1,1201749511,0.997556,7228755,49
1,319296541,1.016466,7233372,54
1,704275393,1.006328,7234677,12
1,651747409,0.975280,7237342,32
1,3870321391,0.993632,7238283,7
1,1535688949,1.078012,7240006,18
1,29748343,0.927551,7240641,3
1,2462152489,0.872205,7242616,22
1,2586820871,0.827978,7248010,71
1,4243279631,0.978779,7249645,17
1,4285994413,0.887192,7251495,20
1,725154481,0.934370,7253335,20
1,3885966001,1.022214,7255388,23
1,269782081,0.891584,7260485,67
1,3469205599,0.910550,7261697,11
1,2050541189,0.920152,7263116,14
1,139081757,0.944764,7265494,28
1,1068062161,1.052341,7271055,73
1,3859043761,0.864332,7271977,7
1,765611381,0.927551,7272764,5
1,3899784671,0.964709,7275790,37
1,1370159753,0.987223,7276925,10
1,4240593691,0.910550,7278001,9
1,2872121179,0.927551,7279842,20
1,793106087,0.970261,7281058,11
1,1797041369,1.083884,7283517,29
1,3261329111,1.025552,7284809,12
1,819656587,0.904632,7289025,54
1,3709950037,0.880563,7291494,29
1,4280773603,0.927551,7292370,6
1,236420867,0.942176,7295185,34
1,2185038787,0.833854,7296110,7
1,3934585517,0.928078,7296760,3
1,626467379,1.004871,7298105,13
1,731605663,0.928604,7300782,32
1,2205428509,0.993141,7301577,5
1,2136736187,0.848942,7302308,4
1,302570621,0.899761,7303935,17
1,3084032219,0.877786,7304528,2
1,3871954921,1.020780,7306501,22
1,2494909427,0.970261,7310006,44
1,69350867,1.018386,7310640,3
1,40639087,0.984747,7311553,7
1,3411198419,1.004871,7314235,32
1,2606621903,1.050483,7315248,8
1,482477771,0.907865,7319668,57
1,1823459993,0.977281,7321502,20
1,3611158043,1.086584,7322020,1
1,1776084001,0.977281,7323308,12
1,339891569,1.027455,7324431,10
1,1953052441,0.931753,7325078,3
1,2291853211,0.957597,7325871,5
1,3048512977,0.954533,7327851,22
1,228816703,0.786855,7329352,15
1,1350224549,0.878342,7332371,37
1,2252281859,1.012133,7334415,19
1,1030151579,0.938541,7336848,18
1,4221567271,0.974780,7340768,48
1,851285657,0.997556,7342131,13
1,594341519,1.097761,7344608,29
1,3636174589,0.860369,7345895,12
1,1037040703,1.005357,7348370,29
1,3116126857,1.005357,7351464,38
1,568503563,1.007782,7352943,15
1,287565283,0.919621,7354707,19
1,1152298409,1.061581,7355292,2
1,234249811,1.019344,7357749,29
1,795792113,1.055584,7358268,1
1,3040042267,1.075745,7359492,11
1,2132628227,0.965215,7362392,35
1,3035686837,1.050483,7363394,8
1,2737538443,1.128467,7364599,11
1,4171424167,0.997066,7367069,29
1,2594381551,0.970764,7371715,60
1,1168715683,1.036916,7375105,42
1,98165549,1.056971,7376317,11
1,3495319013,0.982762,7378378,23
1,3327044009,0.984747,7380008,17
1,278426353,1.079370,7380506,1
1,3672395137,0.877786,7383178,32
1,1406047933,0.981270,7383833,3
1,3566404487,0.813101,7385736,21
1,1117054747,0.919621,7386323,2
1,4175416181,0.965215,7387679,13
1,892798769,0.914830,7390416,33
1,192555439,1.086134,7391347,7
1,2573825699,1.055121,7394399,37
1,4209801373,0.925971,7395473,9
1,1641421963,0.877786,7396404,7
1,1594534441,0.904092,7397190,5
1,1679910559,0.942176,7399320,24
1,1649575717,0.942176,7400729,14
1,2912112587,0.900304,7401953,11
1,1104332287,0.891584,7402539,2
1,1618877291,0.980274,7403469,7
1,1107634043,0.876115,7405994,30
1,2818895329,0.868840,7407543,16
1,1040012131,0.829745,7408276,4
1,95331667,0.932277,7410534,26
1,515776057,0.922801,7411531,8
1,3113251019,1.017906,7415978,57
1,2003160287,1.091068,7416846,6
1,3380299487,1.007782,7419257,28
1,1493410603,0.944764,7419972,4
1,2914406197,0.952484,7422253,26
1,1773912509,0.925443,7423118,6
1,2827002469,0.919621,7425516,28
1,2255050579,0.867152,7427216,18
1,880528367,1.068458,7434788,102
1,93266773,0.950945,7437888,30
1,3256046251,1.073928,7441392,43
1,2658947927,0.878342,7442270,6
1,1149395263,0.827978,7444939,32
1,383364277,0.965215,7447550,31
1,884648659,0.853531,7448979,14
1,2870481359,1.095534,7450124,10
1,846516851,1.033615,7452516,28
1,709357091,0.925443,7454293,19
1,2047845311,0.904092,7458241,50
1,1578932143,0.970261,7461694,43
1,1278641137,0.946313,7462408,4
1,2496795373,0.921743,7464250,20
1,2113792003,0.970764,7466025,19
1,2031228503,0.942176,7467313,12
1,831210287,0.934370,7467819,1
1,1449563449,0.965215,7469370,16
1,3398237539,0.977281,7476159,91
1,694554583,0.877786,7478479,27
1,622761973,0.969254,7480808,27
1,766909931,0.889391,7483067,26
1,2475202073,0.935414,7483780,4
1,3911923877,0.898132,7485194,14
1,1499484739,1.089725,7487375,25
1,909261043,0.927551,7488649,12
1,2301061549,0.919621,7489369,4
1,1124087891,0.969254,7489868,1
1,2726012389,0.963190,7492196,27
1,523730513,0.864332,7495224,37
1,3210213703,0.984747,7496798,16
1,3732702851,1.004871,7497518,4
1,191430527,0.886090,7499640,24
1,1595833067,1.027455,7500439,5
1,2066052341,1.055121,7501721,12
1,125544841,0.905711,7505310,45
1,2231135609,0.913227,7506031,4
1,655328353,0.962683,7507503,15
1,1335695903,0.876673,7508644,10
1,233013167,0.970261,7509157,1
1,320344499,0.927551,7510004,6
1,876821821,1.024123,7510929,7
1,560205397,0.946313,7512001,9
1,1644757589,0.860369,7518429,86
1,861075151,0.826207,7521248,34
1,3162077293,0.878342,7522536,12
1,2203512679,0.864897,7524098,16
1,955002331,0.911622,7524619,1
1,4007474747,0.919621,7527576,36
1,3732810937,1.020302,7528725,10
1,1272056083,1.015985,7529926,11
1,3860235623,0.884436,7533025,38
1,1904407783,0.923859,7534651,17
1,1742728301,0.946313,7535592,7
1,4075930121,1.027455,7536100,1
1,3153443899,1.040677,7538349,21
1,2693926117,0.827388,7539016,3
1,462582047,0.942176,7540594,14
1,3806266543,0.907327,7541129,1
1,1483182791,0.934370,7541862,4
1,3767437699,0.927551,7542995,10
1,3472244801,0.936979,7544836,20
1,876035471,0.942176,7545843,8
1,1487675999,0.891584,7548399,30
1,863821817,0.956066,7548919,1
1,1296055081,0.835609,7549707,5
1,3798377851,1.076198,7554849,67
1,2951425109,0.902471,7559011,53
1,2158041839,1.014061,7559655,3
1,70154473,0.872205,7561688,23
1,3154204727,1.032197,7563246,16
1,2116147703,1.116723,7565582,27
1,1285180213,0.862070,7567348,19
1,333224719,0.965215,7568560,11
1,3029793127,0.940101,7571397,34
1,1198563151,0.868840,7571980,2
1,1520501579,1.076198,7572981,8
1,248964197,0.970764,7574186,11
1,3609978103,1.004871,7577994,48
1,3627893593,1.078012,7580538,30
1,1569987773,0.910550,7581194,3
1,2288479019,0.946313,7581922,4
1,1252173583,0.962175,7582576,3
1,3065975569,1.039268,7583505,7
1,3693391903,0.888841,7585891,28
1,2076867389,1.021736,7588298,28
1,1742407253,1.054659,7589660,13
1,2056811381,0.910550,7590174,1
1,2551783243,0.877786,7592148,22
1,3540531541,0.910550,7592656,1
1,1778627047,0.927551,7594846,25
1,2370707333,0.880563,7595778,7
1,2115636233,0.911622,7599867,52
1,3512305787,1.093303,7602550,32
1,2079732167,0.991172,7603355,5
1,1835294837,1.050483,7605754,28
1,142215103,1.014061,7607168,14
1,2000596699,1.062959,7611593,57
1,2071856981,1.063419,7614972,42
1,2784714833,0.997066,7616663,18
1,4280251487,1.012133,7617605,7
1,1008962741,1.055584,7619502,21
1,3395109283,0.932277,7622029,30
1,3832646483,0.934370,7624773,33
1,2860038373,0.899761,7626544,19
1,3469725731,0.898132,7633484,93
1,1273801831,1.111464,7635333,20
1,75386239,0.974279,7638134,34
1,1494627569,1.067086,7638858,4
1,546972493,0.977281,7642504,40
1,332183771,0.965215,7643608,9
1,3044102407,0.991172,7644880,12
1,725229949,0.957597,7647424,30
1,3895549561,1.064337,7648635,11
1,896026067,0.938541,7649493,6
1,864901187,0.993141,7651117,17
1,1053013397,0.988706,7652193,9
1,1622148113,1.137517,7654518,27
1,694368133,0.913227,7655929,14
1,3125202673,0.946313,7657988,23
1,767155927,0.899761,7661296,41
1,4267687049,0.981270,7662023,4
1,503352721,1.069371,7662723,4
1,181454557,1.012133,7664552,20
1,738664973,0.836193,7666997,29
1,3845073151,1.114973,7669331,27
1,2914674943,0.922801,7670965,17
1,3737053213,0.955044,7672822,20
1,1952397017,0.928078,7673824,8
1,2456081707,0.970261,7675862,23
1,3343433453,1.016946,7676730,6
1,741610543,0.952484,7681231,58
1,1671017441,1.012616,7682021,5
1,1050333511,1.027455,7683575,16
1,2294731457,0.965215,7684216,3
1,2273478281,0.868840,7687597,42
1,1266869911,0.950945,7692089,58
1,2767694467,0.895409,7692603,1
1,3152057371,0.965215,7693409,5
1,883058773,1.020780,7694335,7
1,3667080709,0.903011,7695267,7
1,3749579021,0.969758,7696978,18
1,4056070849,1.066628,7698598,17
1,388348567,0.910550,7699528,7
1,190618627,0.954533,7702258,33
1,1945099181,0.868840,7704452,25
1,4099825337,1.113220,7706863,28
1,1771585247,0.910550,7711020,53
1,3371232979,0.938541,7712510,15
1,1769387497,1.070740,7713650,10
1,3584447639,0.969758,7714720,9
1,2502942493,0.938021,7717743,37
1,1551602779,1.044423,7719823,23
1,4173952729,0.904632,7721555,18
1,2196589229,0.991172,7722970,14
1,1965607229,0.962175,7723620,3
1,3011005511,0.982762,7725521,21
1,1433206051,0.948889,7726253,4
1,3751172917,0.952997,7726909,3
1,2682410233,0.876115,7728272,13
1,2501327009,0.950945,7732558,55
1,1545792827,0.970764,7733636,9
1,1378510381,0.862070,7734994,13
1,2496555409,1.034559,7736771,19
1,961166677,1.007782,7737564,5
1,2107079621,1.006328,7740183,31
1,2644647503,0.984747,7741258,9
1,2877849971,0.910550,7741973,4
1,3197428141,0.919621,7743108,6
1,2309596921,1.050483,7745938,32
1,2671325483,0.885539,7746469,1
1,840102167,1.005357,7748580,24
1,4185141659,0.989199,7756784,111
1,4071580391,0.964709,7765276,115
1,3820423681,1.070284,7767176,21
1,62030893,1.070284,7767876,4
1,1385177041,0.999023,7769572,18
1,4191718637,0.996576,7771903,27
1,2378552681,1.002925,7772763,6
1,3714001901,1.007782,7775368,31
1,3086241349,1.004871,7777848,29
1,2009108929,0.928078,7779337,15
1,2663728261,1.027455,7780537,11
1,678458191,0.802827,7781531,8
1,1506538549,0.941657,7783304,19
1,280536667,1.027455,7785622,27
1,2499970271,1.090621,7786199,2
1,1471835411,1.086584,7786722,1
1,2042914777,0.977281,7788416,18
1,3900475897,0.938541,7791329,35
1,628820581,0.997556,7794128,34
1,2060870213,0.938541,7795359,11
1,2150591227,0.904092,7796784,14
1,2423709989,0.975280,7797717,7
1,3992533043,0.961160,7800328,31
1,321873857,1.031250,7803489,39
1,1144562591,0.914830,7806994,44
1,688558357,1.033615,7808744,19
1,1808832559,0.977281,7810026,12
1,2536213607,0.942176,7811373,13
1,1219239667,0.870524,7814339,36
1,2140842661,1.042552,7817929,45
1,251662211,1.015985,7818500,2
1,2549409307,0.946313,7820416,21
1,3626744347,0.853531,7820999,2
1,768461417,0.970764,7821578,2
1,995754233,0.996576,7823972,28
1,3476004971,0.956066,7824696,4
1,2152629883,0.877786,7825481,5
1,721737113,1.025552,7827376,21
1,1100699231,1.040677,7834328,93
1,3514703567,0.988706,7835612,12
1,2492649659,0.977281,7837263,17
1,1745451203,0.969758,7839096,20
1,3516463297,0.886090,7843031,50
1,3905667137,0.938021,7843685,3
1,3262082189,0.981270,7844474,5
1,2210568853,0.969254,7846215,16
1,1726596239,1.025552,7847288,7
1,1975123679,0.978779,7848802,15
1,1872829423,0.934370,7851409,31
1,3597374723,0.950945,7852198,5
1,3944070877,1.012133,7854411,25
1,1668580391,1.006328,7856261,20
1,2252691799,0.978779,7856771,1
1,1581251897,0.984747,7858837,23
1,444611369,1.057433,7859835,8
1,885023137,1.039738,7862208,28
1,624567491,1.004871,7863837,17
1,2121722683,1.006328,7866107,26
1,2315986807,0.998534,7868571,29
1,1869138569,0.877786,7869220,3
1,646669339,0.925971,7872100,35
1,1114425661,0.910550,7875063,36
1,946867213,0.946829,7880241,68
1,3559352627,0.928078,7887004,90
1,637903537,0.913227,7888199,11
1,1611174791,1.034559,7889338,10
1,766600103,1.068458,7891316,22
1,2092272551,0.928078,7894072,33
1,3126343261,0.940101,7894863,5
1,3015736019,1.058356,7896149,12
1,257879227,0.962683,7898410,26
1,170931203,0.977281,7908921,144
1,1336513309,0.970764,7909439,1
1,509239117,1.020302,7910991,16
1,3470062033,0.895409,7912617,17
1,1602892771,0.919090,7914870,26
1,4093311389,1.055584,7915534,3
1,3234553523,0.985738,7918780,40
1,3637919477,0.970764,7919441,3
1,2747222851,0.997066,7920651,11
1,4130651873,0.948889,7922500,20
1,4155359503,1.090621,7928448,79
1,2214604061,0.868840,7930833,28
1,1609930351,0.954021,7936096,69
1,499449701,1.048157,7936607,1
1,4193908877,1.031250,7938867,26
1,3143265823,1.035503,7941198,27
1,3979458347,0.977281,7942835,17
1,888554153,0.901929,7946218,42
1,1989565759,1.004871,7946814,2
1,691440509,0.934370,7947982,7
1,1696827283,0.860369,7949032,7
1,4046141233,0.902471,7949770,4
1,3671064577,0.902471,7950481,4
1,271981679,1.020780,7952588,24
1,314491369,0.891584,7954711,24
1,2983114291,1.004871,7955365,3
1,1628576377,0.925971,7956353,8
1,1174297669,0.989199,7957214,6
1,2256293971,1.002438,7957729,1
1,4018370969,0.877786,7959076,13
1,2358237767,0.877229,7960077,8
1,26834503,0.988706,7961688,17
1,2612373497,0.907327,7962557,6
1,1715544871,0.938541,7963201,3
1,149200003,0.970764,7964053,6
1,1424795689,1.027455,7966388,27
1,357938843,1.004871,7966965,2
1,657914681,1.039738,7968949,22
1,247014389,0.921743,7970011,9
1,1604054677,0.952484,7971322,12
1,763296181,0.970261,7974769,43
1,148301287,0.965215,7975561,5
1,1072154233,0.988706,7976298,4
1,3808559707,0.888841,7977640,13
1,3680866243,0.877786,7978232,2
1,3861081109,0.919621,7978810,2
1,309740917,0.895954,7979321,1
1,2523162251,0.962175,7980324,8
1,1635927659,0.961160,7980978,3
1,2295180967,0.966732,7981491,1
1,3088267747,0.986233,7982288,5
1,3793565873,0.880563,7983289,8
1,2690997311,1.042552,7984147,6
1,3861726007,0.953509,7985359,11
1,2477458979,0.984747,7986562,11
1,3764598791,0.922801,7987634,9
1,3077876377,0.960652,7988922,12
1,989221511,0.891584,7989996,9
1,1110587983,0.922801,7991351,13
1,1202023019,0.913227,7992636,12
1,3723132071,0.938541,7997076,57
1,4065347329,0.868840,7998973,21
1,3352563323,1.062959,8000392,14
1,4146859253,1.010685,8001045,3
1,506997739,0.950945,8003236,25
1,3699510757,0.910550,8004161,7
1,884767313,0.928078,8007344,39
1,4009512439,0.942176,8008495,10
1,981037877,1.039738,8010339,20
1,3541937621,0.931753,8013439,38
1,2005910653,1.036916,8014374,7
1,3567849713,1.020302,8014877,1
1,1740166391,1.004871,8019371,58
1,2967396247,0.938541,8022813,43
1,3343667203,1.063419,8028536,76
1,388221599,0.977281,8029261,4
1,1563309733,0.982762,8030546,12
1,3065112749,0.853531,8031130,2
1,302883001,0.919621,8037429,84
1,2843413357,0.928078,8038924,15
1,2783230027,0.922801,8040706,19
1,2539218161,1.062959,8041844,10
1,1443368539,1.050483,8042564,4
1,552213787,0.973777,8043139,2
1,2135977573,0.991172,8044146,8
1,1368079121,0.925443,8048430,55
1,2615579933,1.058356,8052812,50
1,977436217,0.848367,8054617,19
1,1955804297,0.893772,8056514,21
1,2430154061,0.910550,8058620,24
1,3338807561,0.977281,8059694,9
1,541990021,0.946313,8061380,18
1,2289312757,0.987223,8064473,38
1,2454854141,1.031250,8065191,4
1,3209831021,0.990186,8069597,57
1,155815369,0.983258,8072072,29
1,2473108103,0.964709,8073494,14
1,461660999,0.993632,8074281,5
1,323322733,0.962175,8077785,44
1,3934022033,0.932277,8079964,25
1,2142571511,0.848942,8081258,12
1,3922489997,1.048157,8081909,3
1,3328782307,0.928078,8083404,15
1,127973933,0.907865,8084880,15
1,451460291,0.957597,8086169,12
1,139348483,0.920682,8088191,23
1,4199941607,0.965215,8089269,9
1,3655964237,1.031250,8090059,5
1,2107149563,1.004871,8093572,44
1,3618088283,0.880563,8094787,11
1,2852327923,0.984747,8097536,33
1,3052519567,0.993632,8098333,5
1,555504673,0.979277,8098894,2
1,3169416287,0.911622,8101652,33
1,741601373,0.913227,8102925,12
1,2022901141,0.923330,8104352,14
1,40226201,1.002438,8106320,22
1,4131464663,1.012133,8106901,2
1,1532577869,1.020780,8108660,19
1,3376610609,1.024123,8109586,7
1,210445093,0.981270,8111908,27
1,3816064237,1.035031,8114404,29
1,3303475969,0.988706,8115115,4
1,2751922153,0.955044,8115982,6
1,3244042033,0.946313,8117335,13
1,106893833,0.903011,8118526,11
1,1190945893,0.946313,8122250,47
1,2061777283,0.860369,8125199,36
1,385166407,0.952484,8125991,5
1,3261864887,0.945280,8128104,24
1,2366291779,1.058356,8129326,11
1,238699207,1.053732,8131357,23
1,2030206547,1.063419,8132147,5
1,389856503,1.070284,8135727,45
1,2364172457,0.844329,8138888,39
1,1047329783,0.880563,8139481,2
1,3250391657,0.934370,8140547,9
1,336336419,1.036916,8142723,25
1,2646515917,0.957597,8144213,15
1,517341373,0.854103,8146271,23
1,669809999,0.977281,8149656,42
1,3673372433,0.934370,8160917,149
1,703589461,0.984747,8161816,6
1,1070409551,0.946313,8163320,15
1,1804047053,1.090621,8164675,13
1,2950074971,0.952484,8166165,15
1,379705241,0.836777,8167023,6
1,3596867971,0.868840,8167744,4
1,3438810113,0.903552,8168252,1
1,1040400107,1.016466,8170024,19
1,1111712141,0.962175,8171639,17
1,341328343,0.958616,8173392,19
1,994615429,0.962175,8175297,21
1,1974268649,1.002925,8176092,5
1,2806204721,0.877786,8179053,36
1,2140571357,0.864897,8180197,10
1,378627257,0.954533,8183415,40
1,3744355421,0.931753,8186306,35
1,2535711923,0.888841,8186820,1
1,1692580297,0.878342,8189711,35
1,2005262059,0.964709,8190927,11
1,658888123,0.954021,8192510,16
1,3836807621,0.942176,8193512,8
1,1063429063,0.970764,8195850,27
1,2587638433,1.033615,8197778,21
1,2459152613,0.960652,8198634,6
1,1292473577,1.068458,8199700,9
1,956570393,0.988706,8200198,1
1,56539621,0.911622,8202933,33
1,2404569911,0.961160,8204091,10
1,2871860137,0.965215,8206217,24
1,1040874649,1.020780,8209104,35
1,3199977757,0.996576,8209769,3
1,2779394369,0.950432,8210697,7
1,3824439571,0.900304,8211709,8
1,2658806789,0.885539,8212494,5
1,3872850031,0.903011,8214281,19
1,1073627173,0.902471,8215980,18
1,3295900271,0.899761,8218622,30
1,3517861667,0.928078,8219995,13
1,764459083,0.857526,8220640,3
1,3092564159,1.044891,8222126,15
1,314333189,1.054659,8222840,4
1,2813748053,1.132354,8224542,18
1,123133207,0.973777,8226793,26
1,2178499637,0.931753,8227854,9
1,2962982039,0.921213,8228509,3
1,1527365681,0.995105,8231598,38
1,2073499751,0.962175,8233579,22
1,3997362563,0.891584,8235989,28
1,2703383017,0.988706,8237051,9
1,2485346989,0.938541,8240019,36
1,3465344249,0.891584,8240814,5
1,279313393,0.871645,8243201,28
1,2444526251,0.888841,8246016,34
1,1544412391,0.783746,8247655,17
1,1234007603,1.113220,8249215,16
1,3741343241,0.940101,8249936,4
1,1842001003,1.004871,8252482,30
1,2090191639,0.988706,8254039,16
1,31557637,0.977281,8256097,18
1,1597263047,0.997066,8257428,12
1,3630799933,0.997066,8259404,22
1,2255091677,0.920152,8262085,32
1,2585224247,0.862070,8262874,5
1,42285029,0.882778,8264487,17
1,4088312611,0.978779,8270812,84
1,722163427,0.962683,8271459,3
1,1415726681,0.954533,8273433,22
1,1955654461,0.982762,8274084,3
1,977631517,0.910550,8278008,50
1,3251941487,1.061581,8279497,15
1,158573381,0.888841,8287553,109
1,1888152671,0.985738,8289538,22
1,1683996833,0.934370,8290739,11
1,1123747783,0.904092,8292365,17
1,753551207,1.066628,8293919,16
1,2685801187,0.981270,8297429,44
1,4093490407,0.965215,8298580,10
1,3232954303,1.020302,8301894,41
1,1381146059,1.005357,8303796,21
1,3801946789,1.002438,8304654,6
1,1216470077,1.029829,8308020,42
1,712461637,1.116723,8310616,31
1,1762234811,0.957597,8314399,48
1,390606991,0.970261,8317205,34
1,2629659757,0.952484,8318778,16
1,1608702349,1.076198,8319434,3
1,703605437,1.024123,8321269,20
1,971410373,0.885539,8323325,23
1,4085063687,0.997066,8324329,8
1,4213838561,1.039738,8325044,4
1,188391449,0.964709,8327346,27
1,4419581,0.888292,8329304,22
1,1061437159,1.010685,8330028,4
1,2279248451,1.052341,8331522,15
1,851236387,0.981270,8332031,1
1,2762496973,0.988706,8334497,29
1,430225661,0.993141,8335494,8
1,826193623,0.922801,8337893,28
1,4038560321,0.838525,8338472,2
1,1554169061,0.919621,8340656,25
1,396601537,0.964709,8342697,23
1,1436858821,1.024123,8350541,106
1,1704304187,1.018386,8352378,20
1,3805867267,0.984747,8354013,17
1,1982071879,0.970764,8355211,11
1,298964131,0.988706,8361425,69
1,2002768477,1.003899,8365022,43
1,1873872857,0.946313,8369012,51
1,2721798071,0.980772,8370851,20
1,530210381,0.877786,8375190,55
1,132081221,0.970261,8378904,47
1,1531823173,1.002438,8379831,7
1,3991863671,0.854103,8380556,4
1,2527857461,1.002438,8381280,4
1,3406949863,0.904632,8381935,3
1,3348485711,0.988706,8387345,71
1,3888972937,0.910550,8388199,6
1,2509104671,0.965215,8390267,23
1,2946994147,1.010685,8391281,8
1,1790753813,1.048157,8392845,16
1,2405369567,0.938541,8394553,18
1,1619302991,0.965215,8395058,1
1,2368060111,0.973777,8397052,22
1,2381809127,0.897588,8402752,75
1,1859461489,1.054659,8403607,6
1,4063219367,0.932277,8406003,28
1,2440211479,0.969758,8407355,13
1,2031192083,0.946313,8407997,3
1,1604124623,0.971267,8411177,39
1,3113966099,0.965215,8412322,10
1,4017910109,1.050483,8413050,4
1,3473511101,1.073928,8414049,8
1,2772329491,0.988706,8414835,5
1,3692674879,0.977281,8415572,4
1,1176953941,1.068458,8416149,2
1,3312179443,1.051877,8417782,17
1,4064347087,0.961160,8420888,38
1,2904374227,1.086584,8421613,4
1,2653361521,1.012616,8422267,3
1,3059597581,1.104854,8425359,38
1,3471684641,1.095980,8428098,33
1,665417261,0.935414,8431619,44
1,3455233381,0.997066,8432761,10
1,1294762009,0.993632,8434511,19
1,1723779443,0.885539,8438444,49
1,4208462749,0.995105,8441569,38
1,640722857,1.020780,8442491,7
1,3077581097,0.922801,8443632,10
1,3097787701,1.018386,8445338,18
1,157118113,0.868840,8447792,29
1,2200927319,1.000488,8450269,29
1,3321093379,1.012133,8452176,21
1,4186750397,0.908403,8453390,11
1,1875464879,0.922801,8454051,3
1,2392237633,0.928078,8454626,2
1,1118272091,1.084785,8455417,5
1,17564819,1.007782,8456323,7
1,3458743469,0.952997,8457962,17
1,46603093,0.858664,8458528,2
1,2798806301,0.938541,8459038,1
1,3189340223,0.952997,8460111,4
1,2312003557,0.942176,8462419,24
1,1413926597,0.904092,8462958,1
1,3554368507,0.956066,8464596,17
1,3389741323,0.993141,8465530,7
1,3369978701,0.934370,8467032,15
1,414860513,0.938541,8471380,56
1,775620119,0.965215,8473091,18
1,100032983,0.981270,8474301,11
1,2992734929,1.031250,8474943,3
1,2143323757,1.004871,8475731,5
1,3000147781,1.039268,8477430,18
1,1129023113,0.920152,8480655,40
1,136860601,1.093303,8482059,14
1,566702677,1.005842,8483746,18
1,2842364843,0.940620,8485589,20
1,3224170709,1.063419,8487563,22
1,3674322721,0.897044,8489538,22
1,85753147,0.988706,8491299,19
1,45215353,0.936979,8492076,5
1,1938693037,0.984747,8493430,13
1,2983806041,1.027930,8494147,4
1,1312928689,1.042083,8495911,19
1,1309188709,1.010685,8496977,9
1,4147810939,0.889939,8497496,1
1,2892707359,0.928078,8500322,34
1,4253822471,0.940101,8502161,20
1,23667313,0.931753,8504676,30
1,142423087,0.986233,8506430,19
1,2968620917,0.970261,8507431,8
1,44265883,1.014061,8513259,77
1,3981274981,0.970764,8514129,6
1,345044473,0.987223,8515628,15
1,2300860391,0.955044,8517049,14
1,483888689,0.993141,8521326,55
1,4244181911,0.970764,8522830,15
1,2959675751,0.991172,8523405,2
1,954549139,0.928604,8524120,4
1,2569457983,0.988706,8524850,4
1,2666784511,1.021258,8526220,13
1,218934707,1.055121,8527495,12
1,3934617811,0.978779,8529760,26
1,3381796193,0.902471,8531324,16
1,3752341891,0.999023,8535104,48
1,974996527,1.012133,8537709,31
1,2151398423,0.930180,8542269,59
1,3414745357,0.889391,8543273,8
1,4125277427,0.988706,8544080,5
1,1619340509,0.930180,8551632,102
1,3617658601,0.919621,8552288,3
1,211526123,0.984747,8554672,28
1,3204141071,0.946313,8555537,6
1,1340529301,0.984747,8556473,7
1,343804871,1.012133,8560422,50
1,2236352051,0.978779,8561904,11
1,289140559,0.893772,8563585,15
1,838957417,0.877229,8564452,6
1,1013407741,0.908940,8566716,26
1,2199711347,1.031250,8567717,8
1,1383331723,0.955044,8570042,27
1,44072579,0.932277,8570534,1
1,1969278281,1.013098,8574060,44
1,4050075797,0.988706,8575288,11
1,1648880657,1.055584,8576630,13
1,76152443,1.083884,8579652,37
1,3443191463,1.089725,8582199,30
1,350951287,0.996576,8582995,5
1,1366228433,0.893225,8587624,60
1,909253819,1.018386,8588758,10
1,153513133,1.029354,8592257,44
1,2000234771,1.055584,8592979,4
1,1284889,1.005842,8594710,19
1,1630178419,0.984747,8595216,1
1,2878757753,0.962683,8596083,6
1,1682025803,0.973777,8596937,6
1,2694495253,1.109265,8598079,10
1,1961863751,0.950945,8601382,41
1,159114419,0.855246,8602445,9
1,2892467863,0.988706,8603316,6
1,1258244209,0.919090,8604035,4
1,3201623449,0.980274,8606012,22
1,2668884979,0.922801,8606604,2
1,1279018549,1.032197,8611918,70
1,1704000761,0.855246,8612715,5
1,2332782037,0.897588,8614203,15
1,852907733,0.950945,8616470,26
1,2845849157,1.039268,8617530,9
1,143287471,0.932277,8621040,44
1,648440123,0.872205,8621758,4
1,918935033,0.897588,8622835,9
1,2877314101,0.913227,8625527,32
1,481435883,0.962683,8627210,18
1,1729015307,0.962175,8627797,2
1,3505113841,0.889391,8628798,8
1,3377789689,0.970261,8631686,35
1,4273339517,0.984747,8632495,5
1,939558887,0.910550,8634538,23
1,2395882297,0.927551,8637070,30
1,1171656019,0.899761,8638629,16
1,3279543437,1.004871,8642640,51
1,3071919371,1.002438,8643852,11
1,4291501787,0.931753,8645774,21
1,1963786843,0.942176,8646979,11
1,3031693649,0.946313,8648399,14
1,2958663571,0.895954,8650589,25
1,3206245199,1.063419,8652368,19
1,1719032663,1.070284,8654972,31
1,1922369389,0.836193,8658210,40
1,1983045503,0.852386,8658741,1
1,3358344949,0.895409,8659456,4
1,418621279,0.927551,8663245,48
1,4080711079,1.040677,8664290,5
1,2404421819,1.031250,8665094,5
1,839947463,1.018386,8665821,2
1,1666386433,0.897588,8667269,14
1,3289582669,0.944247,8669388,24
1,1329418439,0.965215,8671092,18
1,696450121,0.911622,8671667,2
1,3481181731,1.044423,8672263,2
1,2398853003,0.887192,8674250,22
1,2049114853,0.911086,8676912,32
1,4007195923,0.904092,8682545,74
1,3518537051,0.997066,8683479,7
1,3998218739,0.942176,8684699,11
1,3983873681,0.942176,8685282,2
1,1069840879,1.004871,8686573,12
1,343275701,1.027455,8688755,25
1,1645052701,1.019823,8689744,8
1,3386631449,0.981270,8690954,11
1,3346038463,0.973777,8697348,85
1,352043617,0.970764,8698546,11
1,2098788379,0.993141,8700612,23
1,708989887,0.961160,8701955,13
1,2521829851,1.047691,8702740,5
1,2659575311,0.961160,8705144,28
1,4137079153,0.946313,8705872,4
1,4285452547,0.957597,8709452,45
1,116793823,0.923330,8711838,28
1,189667871,0.948889,8714320,29
1,1535525857,0.922801,8718032,47
1,1159286003,0.997066,8719029,8
1,2277270277,0.862636,8721021,22
1,188873899,0.994614,8722923,21
1,276614101,0.993141,8725745,34
1,3811865257,0.955044,8727310,16
1,2928341467,1.042552,8729365,23
1,2238932681,0.942176,8730500,10
1,52217309,0.954533,8731282,5
1,2033417629,0.925443,8736113,62
1,2115795697,0.889391,8737538,14
1,987480317,0.981270,8739165,17
1,832480111,0.903011,8739964,5
1,1060438543,1.035503,8743557,45
1,86917877,0.934370,8746662,38
1,3702454603,1.027455,8748016,13
1,3804358729,1.027455,8748871,6
1,756181541,0.970764,8749652,5
1,1271171491,0.997556,8750575,7
1,1592164447,1.033615,8753661,38
1,1157520491,0.884436,8755081,14
1,510407537,0.981270,8756698,17
1,3828941647,1.078012,8758958,26
1,254442343,0.936979,8759882,7
1,2813204789,0.904092,8761180,12
1,3153808453,0.940101,8761835,3
1,244652869,0.877786,8762411,2
1,1077603427,0.838525,8767021,56
1,2271078913,1.019344,8767836,5
1,3539983477,0.988706,8771040,37
1,1282788511,0.877229,8771921,6
1,1052614427,0.965215,8777887,79
1,2647356277,1.005357,8778683,5
1,777378607,1.027455,8779824,10
1,2154318769,0.919621,8782837,37
1,4246227893,0.968750,8787564,61
1,2544544549,0.960652,8789270,18
1,3789843509,0.920152,8789781,1
1,3927839563,1.146496,8790726,7
1,1694211461,1.036916,8791727,8
1,645817841,1.037387,8793162,14
1,785806501,0.957597,8793811,3
1,2921323087,0.962175,8794401,2
1,3484056067,0.887192,8795053,3
1,712010833,0.852386,8796177,10
1,1075128517,1.014061,8800737,59
1,2235192173,1.062959,8801593,6
1,2748802139,0.957597,8806149,59
1,2610017731,0.983258,8809656,44
1,872906953,0.994614,8810569,7
1,3044559209,1.012133,8812122,16
1,2898605729,0.970261,8815211,38
1,3467334587,0.942176,8817288,23
1,1708741123,1.025552,8818213,7
1,2160006713,0.946829,8819290,9
1,3865152541,1.005842,8820425,10
1,1755527681,0.965215,8822391,22
1,3996166747,0.977281,8823258,6
1,3201372173,0.927551,8826001,33
1,1353235073,0.977281,8826501,1
1,34529653,0.952997,8827064,2
1,2753220199,0.911086,8828210,10
1,4086956143,0.946313,8829004,5
1,1357162363,0.946313,8830777,19
1,3342666749,0.953509,8834384,45
1,1974097733,0.960652,8837548,39
1,1226242499,0.929655,8838825,12
1,3177788501,0.956066,8841006,25
1,3298232123,0.997556,8842155,10
1,3258532271,0.887192,8843366,11
1,4286463673,1.028405,8844315,7
1,1446124483,0.970764,8846564,26
1,1442031781,0.786855,8849106,30
1,1077892129,0.952484,8850321,11
1,1537089611,1.000488,8851387,9
1,2433378851,0.928604,8853581,25
1,1292223607,0.946313,8855003,14
1,4087679027,0.956577,8855585,2
1,3194375761,1.100870,8856581,8
1,3757502789,0.997066,8862279,75
1,2805215471,1.007782,8863285,8
1,2834824067,0.994123,8863805,1
1,1818999547,0.993632,8866980,39
1,2443913309,0.914830,8870605,40
1,4091009843,0.950945,8872981,27
1,2919877711,0.934370,8874605,17
1,3473948237,0.984747,8876087,15
1,196356847,0.960652,8880645,59
1,80794247,0.839689,8883720,38
1,1456460191,1.008751,8884519,5
1,2256500903,0.970764,8886155,17
1,2619462959,0.876115,8887848,18
1,2314844023,0.970261,8888654,5
1,3206915111,0.910550,8889446,5
1,3225453613,0.844329,8892328,35
1,2348681201,0.973777,8893120,5
1,954224153,0.931753,8895163,23
1,2620304131,0.970261,8897288,24
1,1518149819,0.961160,8898296,8
1,2005930093,0.970261,8899296,8
1,3463450801,0.911622,8899867,2
1,2865333137,0.919621,8900371,1
1,1685444261,0.911086,8901880,15
1,2217424039,1.012133,8903783,21
1,1385805079,1.015985,8904642,6
1,1798531321,0.946313,8908856,54
1,3288875159,0.882225,8913198,56
1,281554279,0.982762,8913845,3
1,4158026393,0.962683,8915482,17
1,295422581,1.027455,8918711,40
1,3526171391,0.910550,8919304,2
1,431469721,1.069828,8919882,2
1,3120473231,0.922801,8921791,21
1,3361907317,1.104854,8923759,22
1,1724696621,0.944247,8929931,82
1,274309219,1.003899,8930926,8
1,870205223,0.938541,8932981,23
1,3355574279,0.986233,8934603,17
1,3252871051,0.910550,8935334,4
1,589536901,0.997066,8937994,32
1,1620842071,0.970764,8940248,26
1,2483066491,1.076198,8942145,21
1,182044769,0.977281,8943001,6
1,3147549527,1.063419,8943662,3
1,3590193311,1.032197,8948706,66
1,3675815041,0.977281,8949356,3
1,3595961851,0.975280,8950431,9
1,736710307,1.018386,8953888,43
1,3197501311,0.985738,8956932,37
1,75936713,0.987223,8958068,10
1,2880530903,0.910550,8958585,1
1,1401574819,0.946829,8959512,7
1,2784732809,1.020302,8960242,4
1,248690929,0.991172,8960954,4
1,486390629,1.042552,8961606,3
1,3669317731,0.875558,8965055,43
1,2729044711,1.020302,8966356,12
1,1431608663,1.050483,8968194,20
1,2151308207,1.113220,8970521,27
1,3702522377,1.014543,8972034,12
1,2090282461,0.994614,8973934,19
1,2943708127,1.004871,8976231,26
1,2179012601,1.025552,8979320,38
1,497332853,1.086584,8980661,13
1,994648279,1.072563,8981724,9
1,2071282373,0.902471,8983426,18
1,2731713371,0.864897,8988272,63
1,3271575737,0.852386,8993047,62
1,1207767871,0.950945,8996714,46
1,3704679301,0.922801,8998478,19
1,2252151487,0.902471,8999278,5
1,153952199,1.029354,9000130,6
1,2916410243,1.057433,9001575,14
1,1049499877,0.935414,9002501,7
1,75235703,1.037387,9002997,1
1,4276943023,0.956066,9007380,56
1,2555202583,0.942176,9008445,9
1,3632469563,0.931753,9010420,22
1,4197978979,1.006328,9012058,17
1,391528349,1.040677,9015775,47
1,1787215237,1.020302,9017060,12
1,3409981297,0.948889,9017980,7
1,938422139,0.904632,9018852,6
1,181450501,1.018386,9019564,4
1,3340104017,1.005842,9021123,16
1,352399121,0.983258,9022042,7
1,393673523,0.922801,9022904,6
1,289858301,1.003899,9024462,16
1,2327877007,1.012133,9026781,27
1,2399869051,0.942176,9027923,10
1,1282889651,0.904632,9028735,5
1,2235926731,0.936979,9029796,9
1,3563270063,0.957597,9031790,22
1,2836605799,1.050483,9035459,46
1,1838923013,0.899761,9038060,31
1,171791707,0.945280,9039745,18
1,1096212973,0.897588,9045403,75
1,1185846839,1.079370,9045916,1
1,4035608009,0.876115,9048251,27
1,1756933319,0.931753,9052272,51
1,1292265697,0.888841,9054093,20
1,2611680917,0.998534,9054605,1
1,1286298059,0.981270,9059740,67
1,1468583639,0.913227,9064041,55
1,1617868871,0.897588,9064757,4
1,487667717,1.002438,9066366,17
1,1091057789,0.997556,9067356,8
1,515070431,0.946313,9068219,6
1,297458923,0.973777,9071209,36
1,2826087703,1.029829,9076608,67
1,2485043581,0.957597,9077721,7
1,658633477,1.020780,9078522,5
1,1831287077,0.934370,9079034,1
1,1337332669,1.086584,9085094,80
1,3196664827,0.962175,9086518,14
1,1020681301,1.012133,9088427,21
1,1660508441,1.099094,9089634,11
1,1902067157,0.899761,9090921,12
1,1168740917,0.887192,9095083,53
1,2805218789,1.012133,9095665,2
1,33037313,0.987223,9097545,21
1,539164771,0.997066,9098525,8
1,1384817191,0.977281,9101543,37
1,2259282899,1.052341,9103466,21
1,356853061,1.001951,9106953,44
1,915185549,0.897588,9107950,8
1,595652509,0.982762,9108945,8
1,528046513,0.931753,9111692,33
1,2004633803,1.104412,9113410,18
1,1895487599,0.940620,9115258,20
1,1435584613,0.957597,9116735,15
1,3135833653,0.903011,9118850,24
1,939611117,0.963190,9120124,12
1,1891283377,0.922801,9121272,10
1,2896178861,1.039738,9124563,41
1,1193300527,0.988706,9127369,34
1,107976403,1.054196,9129194,20
1,1453826243,0.913227,9130133,7
1,101678737,1.047691,9133804,46
1,1753155533,1.076198,9134665,6
1,1175058631,0.931753,9135730,9
1,925419371,0.965215,9136317,2
1,4021837439,0.946313,9137538,11
1,713754863,0.969758,9140631,38
1,1532702219,0.977281,9141360,4
1,2479628009,0.846639,9142714,13
1,1283122613,0.986233,9143369,3
1,1878456043,1.098205,9148001,60
1,2560898059,0.986728,9149768,19
1,1894172711,0.952484,9151187,14
1,3581310701,0.919090,9152617,14
1,466582843,0.978779,9158574,79
1,1902895691,0.925971,9167145,116
