agent_id,prime,g,timestamp_us,checked_since
0,3262124807,0.884988,0,14
0,2855336483,1.111903,1906,17
0,2483699041,0.956577,2412,1
0,1300944571,0.825615,7754,65
0,2258053219,0.814900,10221,15
0,2836521671,1.070740,13312,32
0,428671879,1.082983,18295,65
0,4123835929,0.970764,19022,4
0,3170149597,1.032197,22316,41
0,639790961,0.694566,23099,5
0,600449953,0.997556,24849,19
0,3658962253,0.873883,25778,7
0,3066491081,0.793652,27340,16
0,932721523,0.975280,28129,5
0,979395187,0.860369,31205,38
0,57507421,1.100870,33027,20
0,566779091,1.000000,34642,17
0,2452128823,0.927551,37089,29
0,2889484021,0.955044,38509,14
0,2406168701,1.016466,39315,5
0,1063704419,1.004385,39832,1
0,2126773213,1.069828,42032,25
0,854752733,0.964709,42972,7
0,3697569893,1.012616,46197,40
0,2511335543,1.032197,48093,18
0,1085598713,0.939581,49050,7
0,2943766013,0.993141,51032,22
0,2297463617,0.983258,51738,4
0,1374560527,0.906789,53015,12
0,1501693673,0.906789,53795,5
0,3897059029,1.101313,55219,14
0,1240369693,0.864897,56084,6
0,3338894137,0.818488,56951,6
0,3099422113,1.035974,60172,40
0,1918202281,0.978779,60751,2
0,4093719761,0.880563,61532,5
0,1467319921,1.160465,62596,9
0,151614751,1.077106,63369,2
0,351367571,1.189554,65356,22
0,1855188007,0.958107,68561,37
0,972969359,0.969254,69590,8
0,2828072909,0.786855,71090,15
0,574820707,1.039268,71588,1
0,2384867767,0.888841,72176,2
0,628590073,1.004871,74928,33
0,1427508053,1.037387,77456,30
0,1993862821,1.097761,78609,10
0,250657093,0.938021,80160,16
0,2935987721,0.972774,81023,6
0,1230437177,1.064337,82229,11
0,1360062857,0.938541,89842,103
0,325238273,0.908940,90828,8
0,1530600319,0.817294,92392,16
0,273793867,0.844329,93793,14
0,2524697891,0.954021,95426,17
0,3845779591,0.913227,99712,55
0,2515895869,1.040677,100929,11
0,4026291809,1.099538,102624,18
0,1240205651,0.848367,104528,21
0,1946803907,0.971267,105457,7
0,827230007,0.978779,106104,3
0,847185421,0.915364,107096,8
0,4188841271,0.841432,109974,24
0,1773737221,0.958107,110796,4
0,3644986739,1.019344,119113,100
0,3874839061,0.969758,120041,5
0,533921891,0.894864,121654,17
0,2881047797,0.972774,123212,16
0,3051158543,1.050019,130517,98
0,3855932963,1.047225,131456,7
0,3324591493,1.043020,133014,16
0,1220496197,1.031250,135337,27
0,456261709,1.125868,137359,23
0,320823427,0.839108,146796,129
0,1557889241,0.878342,147944,10
0,1915287239,0.916963,149509,16
0,619049731,0.827388,150788,12
0,1172234053,1.160044,155718,64
0,2725990451,0.970764,157407,18
0,356193613,1.255068,157917,1
0,2228131681,0.930180,161690,48
0,4013191619,1.004871,163270,11
0,114013063,0.975280,163950,3
0,502091329,0.950432,166333,28
0,3473599609,0.906789,168724,25
0,1824361093,0.925443,171132,28
0,2292614963,0.864897,173177,23
0,1506981529,1.003899,175082,21
0,2666789329,1.074382,175598,1
0,2779669091,0.813101,176390,5
0,1640996701,0.938021,176983,2
0,3774003011,1.004385,179047,23
0,670621267,0.997556,179630,2
0,654588367,1.054196,182431,34
0,874682279,0.879453,186013,45
0,3983326021,0.906789,187093,9
0,1941130717,1.001951,188096,8
0,1741505749,0.938021,191406,41
0,591846253,1.062500,191923,1
0,2418139949,0.883883,192773,6
0,1502295709,0.822059,195038,26
0,460611323,0.833854,196529,15
0,4081788593,1.001951,197871,13
0,37993481,1.002438,199984,24
0,852209713,0.880008,201677,18
0,1556534143,0.942176,203238,16
0,3367176133,0.827388,203814,2
0,663261773,0.824432,204671,6
0,1467388127,0.862070,208137,43
0,254164531,1.098205,208849,4
0,1277342509,0.858096,209993,10
0,999546049,1.140518,211740,14
0,1771476319,0.863202,212289,1
0,3666976289,1.188322,215046,20
0,1788310387,0.899761,216903,13
0,3407509661,0.986728,218553,17
0,3287982407,0.955044,222339,47
0,100678973,0.760987,231826,129
0,3150314701,0.932801,234592,33
0,979541803,0.907327,239836,69
0,2338507547,1.016466,241459,17
0,3698998939,0.880563,244570,38
0,1427125361,0.766103,247307,33
0,3954331151,1.035974,248100,5
0,4242002701,0.973777,248828,4
0,94675667,0.873883,249810,8
0,3395345351,0.921743,253324,44
0,2268213307,1.014061,254812,15
0,147136183,1.095980,257468,32
0,204945623,0.808886,259154,18
0,3519075569,0.981270,259662,1
0,3100397749,1.047225,262273,31
0,1942839209,0.771818,263561,12
0,1005338233,0.721462,265115,16
0,239699749,1.088828,269391,50
0,53190121,1.162987,272863,43
0,4054026007,0.730208,274012,7
0,3316536283,0.969758,275810,19
0,392824697,0.888841,276949,10
0,637873403,0.817294,277954,8
0,2956955851,0.913227,278959,8
0,1162560991,0.919621,280029,9
0,504409729,1.068458,282483,29
0,2147508397,0.969254,283956,15
0,1236231587,0.848367,285372,14
0,3395526853,0.760345,287338,22
0,1077610267,1.033615,288473,10
0,3107700737,0.972774,288983,1
0,4164377881,0.753248,290329,13
0,2760902387,0.945797,292014,18
0,2264181653,1.070284,294492,29
0,3330253613,0.971267,295016,1
0,2908294381,0.877786,295597,2
0,1761030983,1.033615,298014,28
0,2199081041,0.851240,298584,2
0,1962608887,0.897044,302258,46
0,591280843,1.100870,303463,11
0,3756659407,1.035503,317274,174
0,385075001,0.793652,318228,5
0,4283221949,1.119343,319240,8
0,2373336677,0.910550,324748,72
0,3045454117,1.038798,326232,15
0,3249525607,1.070284,326818,2
0,3922915933,0.852959,330326,44
0,1960413109,0.875558,332160,20
0,1777610033,1.035503,334126,22
0,248468183,0.958107,337551,43
0,345558557,0.895409,340214,32
0,2905597039,0.894864,340878,3
0,544073603,1.068458,345374,58
0,3484501039,0.635075,346304,7
0,3046106879,1.131923,347178,6
0,4130830399,0.969758,348740,16
0,2358898261,0.886090,354481,76
0,764284267,1.200586,355977,15
0,3545028371,0.839108,359361,42
0,4245117859,0.866589,360856,15
0,1987925201,1.008267,361864,8
0,919407953,0.787475,362583,4
0,2699414579,0.950432,364982,28
0,373516511,0.786234,366329,13
0,3425422573,0.827978,368748,24
0,264031561,0.888841,373578,60
0,2147471681,0.822059,374394,5
0,4244417059,0.892679,376794,28
0,3462191209,0.987223,378088,12
0,3831265271,0.913227,380918,34
0,1248006581,0.985738,381494,2
0,3268753907,1.063419,382507,8
0,3665190787,0.971267,383316,5
0,2640658577,0.946313,387379,52
0,570925499,1.129332,388788,14
0,1436989711,0.950432,389656,6
0,3181470631,1.035974,390240,2
0,1440751721,0.886090,393739,44
0,292507183,0.883883,396346,31
0,3433169599,1.064795,402432,81
0,2896749109,1.163407,403015,2
0,2730422551,0.902471,410717,104
0,3699696239,0.906789,412342,17
0,4067722163,0.973777,414243,21
0,4006499479,0.993632,415793,11
0,1356259547,1.002438,416400,2
0,3193118113,0.889391,418371,22
0,3305438273,1.021736,423934,60
0,2201828969,0.932277,424853,5
0,3170726959,0.963190,427966,38
0,17435599,1.094643,429011,9
0,2441228233,1.043488,429870,6
0,1757860003,0.829745,432333,29
0,1613120813,0.908940,433961,17
0,232302583,0.910550,435235,12
0,875252269,0.902471,438741,44
0,846155693,0.743461,443925,68
0,1609671733,0.888841,444439,1
0,3529642177,0.789333,445078,3
0,1958733697,0.796109,450689,74
0,1394264941,1.008267,451555,6
0,1342512719,0.972774,452478,7
0,4291634579,1.037387,455947,43
0,3247338833,0.791804,458264,27
0,141561103,1.003899,461207,36
0,916757167,1.000488,461787,2
0,911024383,1.198143,466364,59
0,2779969457,0.738188,469038,32
0,1223102597,0.981767,470304,12
0,955962361,0.877786,471453,10
0,1535195063,1.019344,473238,15
0,2283568411,0.952484,475641,28
0,624977303,1.019344,477257,17
0,3182263493,1.111464,480525,38
0,3902437787,1.037387,481609,9
0,1887055277,0.969254,482816,11
0,2415432757,0.940101,483676,6
0,878923117,0.939581,485235,16
0,1027280693,0.914830,485962,4
0,3408885391,0.976781,486689,4
0,2624082871,1.002438,487271,2
0,514914091,0.969254,490786,44
0,4065097111,0.877786,491654,6
0,218222717,0.969758,493403,19
0,150121967,1.095534,495094,18
0,1160299397,0.876115,496430,13
0,1104889999,0.932277,497712,12
0,2901194273,0.877229,499684,22
0,2734914499,0.756482,501528,20
0,1836804769,0.889391,503086,16
0,3892120187,1.012616,503745,3
0,1100494433,0.877229,505226,15
0,2269632943,0.914830,505882,3
0,3205856317,0.942694,509463,45
0,2063231171,0.906789,510396,7
0,1144724821,0.877786,512661,26
0,2194562297,0.876115,513380,4
0,2092103753,0.812500,514240,6
0,3683260843,1.032197,518045,44
0,4288938733,0.908403,522492,43
0,2558098057,0.993632,525106,29
0,2772673997,1.142657,526451,13
0,2672382329,1.094196,527308,6
0,4199094703,0.852959,530000,32
0,1108388231,1.125434,534397,57
0,189899669,1.133647,535798,14
0,3331514581,0.950945,538758,36
0,3112612751,0.938541,541856,38
0,342411631,1.130628,544384,30
0,3103728821,1.137517,548121,46
0,3687693677,0.889391,549025,6
0,3157145077,1.006328,551485,29
0,3374996903,0.971267,552346,6
0,3847598707,0.960652,554390,23
0,1491293107,0.899761,556159,19
0,814855159,0.811899,559032,35
0,1513653619,0.877786,561089,23
0,2074764799,0.844329,562864,19
0,315733757,1.081629,563798,7
0,3300717913,0.920152,566837,37
0,573039499,0.753896,567622,5
0,3997099759,0.760987,569403,19
0,3543668923,0.988212,570190,5
0,2565737963,1.168432,572627,23
0,3151641043,0.846639,576742,51
0,2907491779,0.787475,578123,11
0,581215241,0.973777,579614,15
0,3399942463,1.040677,580264,3
0,2446677517,0.950432,580988,4
0,1572022531,0.829745,582052,9
0,568723849,1.094196,582620,2
0,2439762043,0.688210,583342,4
0,2880990247,0.942694,584341,8
0,1628668409,0.824432,587145,34
0,3860747419,0.908940,587866,4
0,662820511,0.969254,588593,4
0,2842060999,0.877229,591213,31
0,4091217121,0.884436,593876,32
0,2930225821,0.751301,594964,9
0,433324069,0.971267,597195,26
0,1722335383,1.101313,601827,60
0,1893910537,0.827978,605132,41
0,4268203613,0.875558,606141,8
0,2229011341,0.919621,607693,16
0,161889149,1.003899,609241,16
0,911300473,0.944247,610236,8
0,1316876411,1.166760,613492,40
0,2251054453,0.752600,614070,2
0,2068034789,0.973276,614659,2
0,1349035747,0.891036,615520,6
0,3192034799,0.751301,617519,22
0,2990277599,0.844329,622707,62
0,922691467,0.913227,624578,6
0,1399496909,0.940101,626871,20
0,999232811,1.056047,629713,34
0,3155462423,0.975280,631353,17
0,2749059119,1.142229,632567,11
0,1915792633,0.775605,634057,15
0,4019366713,1.070740,636808,33
0,3971746859,0.946829,637959,10
0,1705391783,1.101313,639811,20
0,3508577243,0.781875,640877,9
0,218272291,0.781875,643063,25
0,899989133,1.001951,645726,32
0,3617167087,1.178005,647779,23
0,2160677903,0.919621,648637,6
0,396883807,0.852959,650067,14
0,2355989599,1.132354,652543,29
0,2522129999,0.915364,654728,25
0,192220199,1.035974,658373,46
0,2879204017,0.851240,661128,33
0,2778146543,1.046292,667454,84
0,3852130483,0.786234,667976,1
0,3016130261,1.071652,668634,3
0,24096689,1.004871,669266,3
0,4196987981,0.938021,670682,14
0,3708916987,1.101313,672952,26
0,3350653279,1.048623,674318,13
0,2147047429,1.055584,675041,4
0,2106735331,0.914830,675556,1
0,2674112629,0.930180,680440,59
0,3453334211,0.958616,681247,5
0,2853564047,0.934370,682000,2
0,3299433377,1.001951,682874,6
0,1593170771,0.884436,683542,3
0,3417160069,0.864332,685969,28
0,1502201521,1.038798,686543,2
0,1691171413,1.039268,687262,4
0,1881803467,1.039738,691540,55
0,2599732039,1.021736,693308,19
0,2779963807,1.067086,694311,8
0,3792460261,0.693863,697431,38
0,74308337,1.055584,698077,3
0,2616193439,0.915364,702034,50
0,3676202501,1.075745,704983,36
0,2610485281,1.106621,705845,6
0,3196325819,0.902471,707204,13
0,3253016621,1.156672,708487,12
0,3126439471,1.043488,709505,8
0,4267266473,1.070740,710511,8
0,1512231689,0.914830,711647,10
0,80839007,0.987223,715936,55
0,3648758573,1.033615,717494,16
0,491113661,0.796722,719601,24
0,2352483869,1.037387,721079,15
0,551789339,0.784369,725706,55
0,2540810011,1.187500,731497,57
0,2877972463,0.956066,733326,19
0,3039201211,0.718750,737319,51
0,2271564767,0.956577,737835,1
0,2333524421,1.035974,738630,5
0,1270311857,0.952484,739771,10
0,413915759,0.799169,742789,37
0,4005381311,1.066628,744581,19
0,4282545733,1.228725,745240,3
0,20401951,1.015505,746572,13
0,3843680809,0.925971,749963,42
0,3116665633,0.820275,755906,79
0,2274218987,0.787475,756841,7
0,3107375099,1.095534,757779,7
0,1592526917,1.023646,759980,25
0,2735372333,1.275138,762229,26
0,183281257,1.064795,763076,6
0,1200075841,0.958107,764012,7
0,1929021827,1.070740,767378,42
0,188566111,1.076198,769708,27
0,510008479,0.970764,770563,6
0,613559677,0.846639,771425,6
0,1627543031,1.050483,771942,1
0,142984403,0.950432,772647,4
0,3621717823,1.074382,780839,107
0,674750651,0.906789,782057,11
0,3749421551,0.952484,783275,11
0,737714587,0.849517,784272,8
0,1491042253,0.827978,786236,19
0,2172694093,1.017426,787105,6
0,4079411899,1.003899,797244,139
0,2605829783,1.113658,799092,20
0,3398491807,1.160044,801558,29
0,4177947127,0.820275,803325,19
0,322809341,1.101756,811383,109
0,2615410879,0.880008,818389,94
0,1088476349,0.817294,819521,10
0,1616505577,0.806468,820034,1
0,2067049541,0.854103,820967,7
0,105256759,0.940101,821465,1
0,4272003053,0.939581,822750,12
0,158522537,0.880563,823320,2
0,439526099,0.801610,824378,9
0,2154099683,0.920152,825315,3
0,2050881487,1.008751,826771,14
0,2222431531,1.007782,832747,65
0,1427964431,0.879453,834523,17
0,3953921123,0.880563,835313,5
0,129044009,1.095980,837828,30
0,3437560487,0.940101,839802,22
0,4026649709,0.869402,840525,4
0,1788701687,0.806468,842804,26
0,2490206491,0.834439,843597,5
0,1996085363,1.075745,844329,4
0,1096650301,0.976781,845395,9
0,1534535693,1.123263,848385,36
0,318331049,0.914830,851902,44
0,1511925113,0.852386,852480,2
0,3530873573,0.940101,853064,2
0,266829239,1.064337,856440,42
0,1217588621,1.228725,857365,7
0,758995117,1.077106,858851,15
0,1667541133,0.804043,861094,26
0,3856153813,1.093750,864325,40
0,342354487,0.862070,866164,20
0,450527303,1.088828,866872,4
0,42916787,1.035974,869141,26
0,2305133869,1.044891,869859,4
0,2237164973,0.927551,870731,6
0,3812932583,0.882225,872089,13
0,2804669323,0.873883,874630,30
0,3726180509,0.960652,876064,14
0,3518771293,1.019823,879086,37
0,1673454919,0.915364,881078,15
0,2966700067,1.035974,882166,9
0,3580056071,1.129332,885643,41
0,1216146049,1.099538,886306,3
0,1376925601,0.985738,886807,1
0,461889331,0.940101,887601,5
0,3654912343,0.815499,888324,4
0,1848680819,1.111464,890301,22
0,2535093229,0.884436,891235,7
0,1005860881,0.963190,892503,12
0,3049791161,0.906789,895755,40
0,147551881,1.146496,897167,14
0,2874543053,0.915364,897894,4
0,2872818023,1.033142,899386,15
0,3603299171,0.937500,900878,15
0,3801647743,0.910550,902802,21
0,4196331121,0.973777,903683,6
0,169912321,0.971267,905988,27
0,3822956029,0.853531,910566,59
0,3621984859,1.104854,911228,3
0,20499071,1.008267,913189,22
0,676938883,1.067086,916985,48
0,190300013,1.035503,917567,2
0,3698240813,0.969254,918708,10
0,734612537,0.852959,919281,2
0,4033282723,0.911622,920559,12
0,2814934249,0.938541,921142,2
0,2611640803,0.721462,922921,19
0,3065342593,0.766740,925243,27
0,3300283631,1.035031,925904,3
0,2107996493,0.882225,928282,23
0,2330544911,0.700167,929166,6
0,4277735689,0.864897,930096,7
0,1710370297,0.815499,933030,22
0,3860314441,1.035974,935604,28
0,2308739819,1.014061,937725,24
0,3083425589,0.924387,938798,9
0,3101409071,1.119343,941072,26
0,820328563,0.975280,942831,19
0,1977282323,1.025552,946706,49
0,781432801,1.007782,948258,16
0,1790833643,0.911086,949267,8
0,1115422571,1.008267,951248,22
0,2134561703,0.991172,951770,1
0,1374278617,0.956066,953896,24
0,1977631067,0.968750,957758,49
0,1969092091,0.827978,959488,18
0,2243562593,0.855246,961516,23
0,715652647,0.888841,962038,1
0,1463529913,1.101756,964933,35
0,3280598093,1.012133,966487,16
0,2211165403,0.886090,967767,12
0,4115565719,0.791804,969261,15
0,2324173373,0.693159,969984,4
0,1574142529,0.597848,970556,2
0,3261050719,0.877786,973664,38
0,4095660523,0.863202,977184,44
0,3317299619,0.827388,978275,9
0,2524889219,1.069828,981163,35
0,3334046887,0.908940,983112,17
0,3033021389,1.109705,984200,9
0,1486014139,0.975280,985413,11
0,571210793,0.846062,989582,51
0,3442102613,1.095980,991030,14
0,3870834103,0.925971,994189,39
0,388515371,0.839108,994828,3
0,2639492017,1.002438,995756,7
0,2441862737,0.911086,996613,6
0,1657351909,1.035974,998107,15
0,3893902379,0.944247,999588,15
0,3000818983,0.815499,1000113,1
0,4239282557,0.938021,1002654,30
0,3039675623,0.882225,1004077,14
0,3154654879,0.945797,1006741,32
0,2711709571,0.846062,1009264,30
0,1245007823,0.987223,1012161,35
0,2147068369,1.098205,1013098,7
0,90549883,0.975280,1017428,56
0,2833524493,0.942176,1020964,44
0,2017334401,0.983258,1021891,7
0,3636198521,0.773714,1026952,66
0,3608916253,0.866589,1030051,34
0,699649589,0.975280,1033156,38
0,3000261023,0.975280,1033814,3
0,50387531,0.879453,1038350,59
0,2468266289,0.908940,1040315,22
0,1067331469,0.942176,1042230,21
0,3256824539,0.848367,1044756,30
0,3217492429,0.972774,1045272,1
0,2146906343,1.001951,1045863,2
0,232881137,1.035503,1047415,16
0,1954652351,0.888841,1048360,5
0,1503245203,0.813101,1049317,7
0,1282279639,0.981270,1050732,14
0,3887034259,0.975280,1051602,6
0,3761504143,1.194878,1052825,11
0,714506497,0.893772,1053952,10
0,2578794473,0.902471,1055517,14
0,1036427071,0.862070,1056322,5
0,897635261,0.906789,1056977,3
0,495307403,0.975280,1060823,49
0,652639289,1.000976,1061332,1
0,875949637,0.968750,1065673,56
0,2564276291,1.009718,1066527,6
0,2845419139,1.068458,1068432,21
0,24344513,0.907327,1071956,44
0,3262567667,1.002438,1072819,6
0,1061471149,0.942694,1077943,67
0,1607867977,0.970764,1078525,2
0,3460674299,0.921743,1081277,33
0,4095060577,0.832682,1083742,29
0,897808117,0.796722,1085372,17
0,1493052031,1.117160,1086173,5
0,2571944849,0.848942,1092577,85
0,936278221,0.999023,1094139,16
0,2056407811,1.000976,1103095,122
0,2580983303,1.037387,1109104,80
0,617661059,0.978779,1110298,11
0,4053919459,0.778746,1114809,58
0,2395866367,1.002438,1115324,1
0,2765563841,0.791804,1120488,68
0,1475170003,0.854103,1121988,15
0,1957431097,0.997556,1124243,26
0,2566447253,0.978779,1124968,4
0,2356104593,0.797334,1125755,5
0,393707459,0.915364,1126550,5
0,2250027047,1.008267,1127412,6
0,276797839,0.947859,1128756,13
0,3196574833,0.941657,1130670,21
0,4262265719,0.981767,1131896,11
0,3088275503,0.688919,1139037,75
0,761544779,0.849517,1140352,10
0,762103567,0.892679,1141141,5
0,3580032293,0.833854,1145000,49
0,1294539949,0.946829,1145855,6
0,3922074713,0.940620,1149014,39
0,1921416499,0.950945,1152466,43
0,1753028819,0.871645,1152984,1
0,2904358967,0.818488,1153767,5
0,3024616697,0.969254,1156943,39
0,522361613,1.225542,1157940,8
0,973453997,0.839108,1160550,31
0,1634262611,0.766740,1164476,50
0,198005629,1.000976,1165330,6
0,3672754433,1.223548,1166045,4
0,2168886443,0.799169,1169554,44
0,266916271,1.031250,1171591,23
0,3091062157,1.052341,1172321,4
0,2020435237,1.064795,1173531,11
0,3945228451,0.880563,1174530,8
0,2459929993,1.136229,1176576,23
0,3697809421,0.975280,1179172,31
0,4158363631,0.975280,1180604,14
0,1471332307,0.789333,1183373,33
0,3173862059,0.915897,1185556,25
0,806719873,1.046292,1186965,14
0,3749649193,0.832682,1188619,13
0,3898297517,0.846639,1189216,2
0,1228529083,1.067086,1191980,33
0,4224732641,0.897044,1192560,2
0,1796403599,1.000488,1194032,12
0,2286558877,0.981270,1196160,24
0,3983470339,0.834439,1197027,6
0,4274737213,0.848942,1198453,14
0,2919216569,0.908940,1199114,3
0,3425568481,0.844329,1204701,74
0,803205197,1.004385,1206257,16
0,154303327,0.849517,1208298,23
0,247477913,0.884436,1209627,13
0,1513301269,0.969254,1211175,16
0,2078787811,0.829745,1213091,21
0,837965827,0.760345,1216096,37
0,3296413123,0.876115,1220587,58
0,84311663,0.724164,1221938,13
0,3764310587,0.908940,1222452,1
0,2602155691,0.888841,1225004,30
0,801235949,0.849517,1226838,20
0,504254771,0.911622,1230198,42
0,730595891,0.983258,1231894,18
0,2877969803,0.932801,1233099,11
0,4021966243,0.970764,1235545,24
0,3074503519,1.073928,1237259,18
0,342503459,0.843171,1238687,2
0,3899778601,0.907327,1242752,48
0,2480463331,1.102642,1246139,42
0,2101909003,1.022214,1246787,3
0,2817578021,0.872765,1247306,1
0,898869809,0.919621,1248226,7
0,4139440861,0.975280,1250012,19
0,4095781477,0.940101,1251636,17
0,567836111,0.956577,1254869,40
0,71667163,0.875558,1255792,7
0,3325853053,0.952484,1257566,19
0,1287444869,1.069371,1259403,20
0,1511633173,0.942176,1260048,3
0,2099997509,0.976781,1261819,19
0,1211442461,0.932801,1262323,1
0,65060651,0.956066,1264079,19
0,4118898283,0.973276,1266407,27
0,997400377,0.981270,1267474,9
0,2818616057,1.035503,1268698,11
0,4061184287,0.973276,1270325,17
0,4230225101,1.027930,1271397,9
0,3538481381,0.761629,1274436,37
0,353857643,0.877786,1275705,12
0,3933815297,0.977780,1277403,18
0,154607813,0.940101,1278522,10
0,3222962861,0.969758,1280076,16
0,839648569,1.064795,1282863,34
0,505923491,1.066170,1283586,4
0,3077913229,0.855246,1289577,75
0,3454013039,1.032197,1290390,5
0,2702023579,0.968750,1300929,142
0,3093198379,0.902471,1306088,67
0,3768935747,0.827388,1308831,33
0,411123679,0.895409,1310528,18
0,3607475023,0.854103,1311251,4
0,1626022037,0.884988,1313294,23
0,1334681633,0.813701,1315329,23
0,3278712869,0.846639,1318069,33
0,1905848081,0.849517,1319203,10
0,246283409,1.035974,1321520,27
0,6332477,1.006328,1324376,35
0,172020481,0.844329,1327600,40
0,3153948059,1.012133,1328333,4
0,3894779561,0.876115,1333848,73
0,1196517689,0.911086,1334564,4
0,632277047,0.903552,1336202,17
0,2906894101,0.873324,1337189,3
0,3430799213,0.955044,1338500,12
0,1890102301,1.012616,1341338,21
0,3536681177,1.047225,1342163,3
0,3354793511,1.048623,1344006,20
0,2799587939,0.894864,1345213,11
0,3653584729,0.843750,1348781,45
0,2804474521,1.038798,1349432,3
0,4078428643,0.851240,1351552,24
0,2912678317,0.997556,1352912,13
0,2944896307,0.753248,1353705,5
0,1650846227,0.939581,1355464,19
0,2582889103,0.923330,1357027,16
0,773283661,0.877786,1357893,6
0,1527954157,0.791187,1358753,6
0,2924621773,0.906789,1359899,10
0,2760096607,0.969758,1361178,12
0,2273649359,1.009718,1367272,81
0,3324560387,0.753248,1369579,27
0,877317523,1.025076,1370162,2
0,2551217243,0.981767,1373408,40
0,1857041491,0.868840,1375793,28
0,1507072393,0.848367,1377920,24
0,1077720947,0.734209,1380236,27
0,2944111949,0.913227,1385422,68
0,2399158283,0.880563,1386544,10
0,2533436831,0.904092,1387611,9
0,3384684203,1.125868,1390765,39
0,1052488783,1.033615,1397382,83
0,2399884517,0.981270,1397928,1
0,500541917,0.858664,1398855,7
0,185357353,0.973777,1403626,62
0,3469980743,0.813101,1404558,7
0,1851260113,1.016466,1405423,6
0,3724807787,0.978779,1411391,79
0,4084351163,1.039268,1412679,12
0,625016351,0.946313,1413189,1
0,1218585547,1.085235,1417404,54
0,421585121,0.939581,1420901,44
0,3693200447,0.970764,1422106,11
0,4225718993,0.851240,1423258,10
0,2214030151,1.048157,1427397,53
0,713814601,0.815499,1428042,3
0,193765799,0.877229,1428897,6
0,4057708643,1.062959,1430526,17
0,3518517031,0.945797,1433616,38
0,2948914849,0.766740,1435032,14
0,153242377,1.061581,1435731,4
0,1915820821,0.884436,1436940,11
0,2987240999,0.776234,1440003,33
0,2660267609,1.004871,1443907,37
0,2765561719,1.016466,1444763,2
0,3159884071,1.019344,1448444,46
0,433752283,0.877229,1452360,50
0,306932081,0.884988,1453420,9
0,72622273,1.169268,1455779,28
0,2369823713,1.002438,1456567,5
0,3324958001,1.000488,1458344,19
0,3832109569,0.858096,1460112,18
0,1961379793,1.147347,1461198,9
0,2884510933,0.908403,1462840,17
0,3665877643,1.035031,1464262,14
0,2444052269,0.673871,1467140,35
0,3204362123,0.995105,1468991,20
0,631732589,0.983258,1471117,24
0,789182861,1.066628,1472055,7
0,4059574301,0.970764,1472704,3
0,1436239769,0.860369,1476166,43
0,1697135887,0.983258,1478707,30
0,1238408207,0.983258,1479214,1
0,676998941,0.942694,1479722,1
0,2248115627,0.973777,1480448,4
0,2674386733,0.850666,1483077,31
0,3944270587,0.836193,1484934,20
0,1078878253,1.130628,1485434,1
0,4062745033,1.012133,1487204,19
0,2645603357,0.869402,1489535,27
0,888129491,0.915364,1491521,22
0,2410714469,0.891036,1492450,7
0,3814073441,0.888841,1496481,46
0,3974197441,0.939581,1501472,62
0,2380285543,0.786855,1502921,14
0,1305472271,0.989199,1505392,29
0,1342724431,0.983258,1506817,14
0,1010498519,0.876115,1510772,50
0,1712275373,1.006328,1514092,41
0,823091473,0.791804,1515147,9
0,3122718041,0.970764,1516148,8
0,625245359,0.849517,1517568,14
0,4218952019,1.068458,1519062,15
0,3228563609,0.947859,1519575,1
0,1862953447,0.784369,1520938,13
0,3792038179,1.033615,1523461,30
0,1572780683,0.920152,1525241,19
0,1362858779,0.907327,1527156,21
0,136145957,0.796722,1527937,5
0,1001178811,1.031723,1529840,21
0,396253241,0.956577,1531896,23
0,1440946561,0.877786,1532747,6
0,1560868931,0.946313,1533532,5
0,393901471,0.846639,1535369,20
0,2359942763,0.880563,1537147,19
0,3534070843,0.846062,1537728,2
0,491087899,1.014061,1538862,10
0,3114790121,0.964709,1539666,5
0,1508629757,0.950432,1540891,11
0,3763788311,1.069828,1542118,7
0,3823428913,0.766740,1543572,14
0,1509717533,0.787475,1544936,13
0,4052102843,0.844329,1550284,51
0,1857337127,1.068914,1550883,1
0,2171297813,1.059739,1551740,6
0,3501471863,1.261277,1552534,5
0,1005100193,0.750651,1557308,62
0,2604549487,1.066170,1557900,2
0,262082753,1.160044,1560280,28
0,2783859107,1.064795,1562041,19
0,1518319927,0.970764,1563395,13
0,2613855793,0.939581,1564109,4
0,1479135781,0.921213,1564681,2
0,4151712223,0.882225,1565342,3
0,2413942169,1.057894,1567460,24
0,3470075893,0.976781,1574197,90
0,2564108999,0.956577,1575333,10
0,1830515723,1.027930,1576122,5
0,2469365411,0.891036,1579073,36
0,871540333,0.888841,1580072,8
0,1279202627,1.129332,1581419,13
0,1411328059,0.848367,1585489,52
0,3070354901,0.940101,1586697,11
0,484855577,0.911622,1587339,3
0,3733827641,1.160465,1589955,31
0,3734615149,0.942694,1591792,20
0,4271582669,1.131060,1592527,4
0,3797775143,0.675318,1594517,22
0,2819730481,1.110145,1596702,25
0,2237354183,1.070740,1597495,5
0,1492884083,0.782499,1600894,36
0,2772711511,0.877786,1602406,15
0,2438602273,1.035031,1603459,9
0,3966760429,0.932801,1604773,10
0,874838123,1.033615,1607752,36
0,1218302593,0.945797,1608257,1
0,1269573203,1.000976,1610025,19
0,750707939,0.969758,1611233,11
0,1510897159,0.950432,1612230,8
0,2448443993,1.111464,1613568,13
0,662059523,0.690335,1614778,11
0,2242483253,1.012133,1618730,50
0,1784469299,0.942176,1621450,32
0,79708289,0.846639,1623130,18
0,820322441,1.095534,1624181,9
0,555864017,0.972774,1625105,7
0,1507438741,0.853531,1626033,7
0,1026354683,0.872205,1627811,19
0,624577549,1.014061,1633126,70
0,3580642579,1.035031,1635163,23
0,1949294869,0.969254,1635812,3
0,803489359,0.946313,1637850,23
0,945781279,0.750000,1638643,5
0,3825237151,0.884436,1639933,12
0,1668451951,0.883883,1641282,13
0,2478676919,0.813701,1644405,33
0,770748371,0.877786,1645099,3
0,1364426813,0.944247,1646438,13
0,2880873857,0.815499,1650236,33
0,981865051,0.904092,1651325,7
0,1629408569,0.913227,1652114,5
0,1009432877,0.897588,1653178,9
0,4156851311,0.825615,1655160,22
0,1448613007,0.842012,1656709,16
0,1552170229,1.054659,1657565,6
0,3144502469,1.217548,1661585,51
0,1993108477,1.133647,1664695,38
0,3418236691,1.009718,1666330,17
0,2468373221,1.161307,1667953,17
0,2802318611,1.125000,1671607,46
0,2831292973,0.827978,1673161,16
0,1962949843,0.897588,1674849,18
0,3858991469,0.880563,1677175,27
0,4248201491,0.817294,1681036,49
0,2609937541,0.925443,1683427,28
0,2238176957,0.907327,1684508,9
0,1619757899,1.032197,1685160,3
0,1822710151,1.008267,1685808,3
0,1819654409,0.985738,1688417,31
0,2560047247,0.978779,1690752,27
0,4119177971,1.074382,1691484,4
0,3669508693,1.070740,1692130,3
0,4177302403,0.720107,1695729,45
0,1346459617,1.062500,1696581,6
0,2863072711,0.811297,1699597,37
0,820153007,0.915364,1702002,24
0,2924171959,1.043488,1703647,17
0,13096801,0.851240,1706404,31
0,2745927739,1.115411,1707225,5
0,1879457441,0.875558,1708718,15
0,3483657043,0.877229,1710064,13
0,4032404801,0.911622,1715591,73
0,3852619021,0.970764,1720780,68
0,3072305417,0.940101,1721437,3
0,846020183,0.945797,1723765,27
0,364541459,0.793652,1724910,10
0,3964075153,1.079370,1726256,13
0,152408393,0.813701,1731292,66
0,1897891601,0.753248,1732014,4
0,351384269,0.939581,1732729,4
0,347028001,0.938021,1740712,108
0,1139456189,0.938021,1742971,26
0,1107868403,0.883883,1744311,13
0,3210451471,1.102642,1747990,42
0,74379479,0.799169,1748861,6
0,1327908809,0.952484,1752932,39
0,4072568641,0.940101,1754590,15
0,514627319,0.855246,1755456,6
0,2395984907,1.070740,1757161,18
0,2891801849,0.844329,1758238,9
0,1850637367,0.880563,1761984,47
0,2420637607,0.902471,1763405,14
0,3259657697,0.906789,1770235,92
0,4144888457,0.827978,1772917,32
0,4149747601,0.977281,1776006,38
0,90593099,0.879453,1777410,14
0,1917726301,1.136229,1779450,23
0,2464559063,0.916963,1779974,1
0,1235776081,1.019344,1782154,25
0,4174492277,0.944247,1783160,8
0,3600188621,0.983258,1786476,41
0,3863738677,1.000488,1787547,9
0,4051625257,0.983258,1788408,6
0,210523727,0.783746,1790308,21
0,205684151,1.130628,1791516,11
0,2922118937,0.818488,1795813,55
0,388003333,1.040677,1797284,15
0,3798570059,0.688919,1799901,31
0,3322107449,0.968750,1811758,157
0,2591873071,1.077106,1815726,50
0,2388989731,0.851240,1819163,43
0,3997298699,0.843750,1821972,34
0,296674201,0.751301,1823032,9
0,2790942881,1.140518,1824169,10
0,179513669,0.883883,1827245,38
0,1826317189,0.947859,1827826,2
0,519046063,1.067086,1829032,11
0,4281950747,0.916963,1831939,35
0,1274975831,1.033615,1832458,1
0,3298094531,0.910550,1833317,6
0,3477805547,1.109705,1835300,22
0,3114425593,0.829745,1843645,113
0,1153584947,0.978779,1844570,7
0,2255657387,0.846639,1846825,26
0,3637129289,1.037387,1847605,5
0,3452811407,0.880008,1848122,1
0,1264472437,1.014061,1850088,17
0,3266690591,1.256623,1850634,1
0,3947173723,0.766103,1853213,17
0,3175974713,0.793652,1855339,19
0,1072264819,1.164665,1856095,4
0,2521443217,0.846639,1857724,17
0,3796802099,0.855246,1858860,10
0,708393073,0.786855,1860765,21
0,1245212473,0.940101,1862118,13
0,393898441,0.792420,1862701,2
0,4093536157,1.000488,1865752,37
0,1173535637,0.805862,1866406,3
0,3127699021,1.082983,1868449,23
0,990908407,0.942694,1869032,2
0,3710255489,0.711238,1870072,8
0,580989413,1.035974,1871602,15
0,542587,0.973777,1872148,3
0,715163569,1.048623,1873696,16
0,1514094893,1.106621,1874207,1
0,4032804703,0.796722,1875494,12
0,3861535883,1.132786,1876630,10
0,1973444699,1.071652,1877276,3
0,1294866427,0.783746,1878765,15
0,2060983549,0.851240,1883159,56
0,723045289,1.129332,1885261,24
0,2783418739,0.761629,1886334,9
0,1457672873,0.940101,1888311,22
0,3442461947,1.005842,1891202,35
0,3108568499,0.975280,1892005,5
0,3873125987,1.015505,1892730,4
0,599524829,0.924387,1894639,21
0,2782084183,0.975280,1897668,37
0,882527083,0.946313,1898246,2
0,569737543,1.105296,1900285,23
0,325769603,0.844907,1901276,8
0,2065653127,0.893772,1902837,16
0,453804893,0.940101,1904172,13
0,1994929591,1.055584,1907390,35
0,1903883753,0.947859,1908079,3
0,1638444251,0.988706,1909292,11
0,3743682983,0.877229,1910613,10
0,1480340879,0.817294,1913115,29
0,32487193,1.064795,1913966,6
0,3331820711,0.970764,1918726,62
0,1700487571,0.986728,1921075,27
0,3191426857,0.844907,1927576,87
0,2050860341,1.035031,1928652,9
0,3187073873,0.851240,1929517,6
0,2847125923,0.969254,1930668,10
0,4099706851,0.880563,1932023,13
0,511848677,1.012616,1934750,33
0,2362681733,0.972774,1936241,15
0,2693573083,0.942694,1936827,2
0,3470742161,0.942176,1938946,24
0,3629616917,1.095980,1939955,8
0,2086368071,0.940101,1940473,1
0,3950204849,1.054196,1942240,19
0,3330189469,0.942176,1943032,5
0,421723501,0.799169,1944235,11
0,2555474069,0.981270,1947673,43
0,3575658049,0.938541,1948743,9
0,3731474311,0.963190,1950307,16
0,2630219611,0.796722,1954443,48
0,321870473,0.977281,1956201,5
0,1540618237,0.880008,1963213,92
0,1684288513,0.784369,1963791,2
0,3182098043,0.991172,1966769,36
0,1965175337,0.916963,1968468,18
0,1724230481,0.975280,1969116,3
0,1646931427,0.827388,1969625,1
0,1619157823,0.938541,1975084,72
0,1096620991,0.835609,1979862,62
0,3468134693,1.063419,1981353,15
0,1458991757,1.017906,1982293,7
0,990967843,0.705724,1982798,1
0,45443773,1.023646,1984770,22
0,1000681093,0.987223,1985353,2
0,3182101721,0.921743,1986278,7
0,863329763,0.696672,1988062,19
0,4008865297,0.877786,1988852,5
0,2087344321,0.753248,1990978,24
0,2895896407,1.017426,1991708,4
0,4218481009,0.670966,1992639,7
0,1132817473,1.003899,1995637,37
0,3389329091,0.722139,1996419,5
0,1310290987,0.831508,1999594,39
0,2224383397,0.946313,2000177,2
0,2027659279,0.920152,2000827,3
0,2344834529,0.844329,2003566,33
0,2597068913,1.213933,2004906,13
0,3273792407,0.784369,2010504,69
0,3862189687,0.973777,2011811,12
0,1939044619,0.873883,2013583,19
0,2069796301,0.902471,2016975,40
0,2917600481,0.921743,2018609,17
0,4223624341,1.070284,2019130,1
0,3726470273,0.787475,2021377,26
0,4096405109,0.945797,2022028,3
0,2883029701,0.791804,2024648,31
0,2437526881,0.846639,2025640,8
0,1195832861,0.888841,2030694,66
0,2539560389,1.094196,2031913,11
0,196695979,0.872205,2036313,57
0,2451526537,1.016466,2036822,1
0,896227483,0.891036,2037333,1
0,3015277211,0.855246,2039737,28
0,3822853163,0.729539,2040250,1
0,3053121607,0.822653,2040913,3
0,4150010731,0.822653,2044139,40
0,1853793341,1.012616,2045627,15
0,2182713877,0.787475,2046476,6
0,2233599413,0.844329,2048333,18
0,3331954061,1.006328,2050578,25
0,2956447817,1.064337,2052276,18
0,2157229441,0.908940,2053471,11
0,1361577067,1.095980,2058308,44
0,3939922267,0.848942,2059487,8
0,677160553,0.864897,2062427,36
0,199242179,0.824432,2065526,38
0,1617103049,0.995105,2068769,40
0,94019473,0.936979,2069914,10
0,2711691791,0.836193,2070764,6
0,2418858691,1.079370,2071764,8
0,221364461,1.181729,2072695,7
0,153731749,0.916963,2073468,5
0,514896937,0.751301,2074038,2
0,2293333219,0.993632,2075811,19
0,2571417449,0.860369,2078486,32
0,3732009649,1.128467,2079487,8
0,2067513757,0.864897,2080419,7
0,4244392457,0.950945,2083091,32
0,1502612341,0.921743,2084708,17
0,1636269599,0.925971,2088091,42
0,2412559439,1.054659,2089372,12
0,2273023693,0.846062,2090168,5
0,118771483,0.813101,2091228,9
0,2790185413,0.727528,2093859,31
0,1740667211,0.823246,2099615,76
0,255051487,0.970764,2101036,14
0,2579184929,0.831508,2101544,1
0,1680389663,0.902471,2103103,16
0,3142415581,0.722139,2106540,43
0,3511078247,0.971267,2113654,89
0,2235809011,0.888841,2118608,61
0,3908349059,0.981270,2122416,48
0,2905423363,0.973777,2124739,27
0,659343127,0.977281,2126154,14
0,1557403411,1.074382,2128622,29
0,3716703703,0.964709,2129415,5
0,3034413149,0.968750,2130278,6
0,3013877969,0.940101,2130991,4
0,1418327839,0.793652,2131715,4
0,1024285391,0.983258,2132367,3
0,411448253,0.983258,2135243,35
0,1535683783,0.849517,2136310,9
0,3434367281,0.854103,2138067,19
0,2899856731,0.919621,2139004,7
0,460635803,0.908940,2139516,1
0,2225052241,0.946313,2142405,35
0,3197397779,0.820275,2145367,36
0,2324993549,0.822653,2146509,10
0,1536071309,1.101756,2148436,21
0,3973815529,0.813101,2149650,11
0,794306483,0.939581,2151277,17
0,2258187263,0.879453,2152911,17
0,2926862641,0.981270,2153489,2
0,554520751,1.012616,2155381,21
0,1586526259,0.855246,2157572,21
0,1096193947,0.882225,2158676,9
0,3119758277,1.012616,2159267,2
0,3665157989,1.012133,2165928,72
0,129601559,0.904092,2169360,42
0,2279141299,1.225143,2171909,30
0,2466123923,1.000000,2173320,14
0,2939655293,0.745429,2175094,19
0,265033651,0.903552,2176504,14
0,3468068231,0.720107,2177511,8
0,2793077629,0.818488,2178528,8
0,1977668683,0.889391,2180157,17
0,602871701,0.877229,2185479,70
0,21203467,0.908940,2186172,4
0,960705007,1.125434,2186899,4
0,978402059,0.863202,2188390,15
0,4201216753,0.907327,2190440,23
0,429877901,0.877229,2191103,3
0,3134145503,1.097761,2192456,13
0,1238839457,1.223947,2193307,6
0,625202993,0.827978,2194020,4
0,2624756747,1.055584,2194807,5
0,2193202799,0.863202,2198337,44
0,3396975727,1.133647,2199273,7
0,4090432979,0.984747,2200417,10
0,2415465379,0.978779,2202050,17
0,2414897279,0.940620,2203123,9
0,3012212129,0.914830,2203920,5
0,657509113,0.864897,2204494,2
0,2932528463,1.099538,2205580,9
0,2287317323,0.735538,2206234,3
0,311402423,0.989199,2207380,10
0,2788891813,0.974780,2211432,52
0,3507781093,0.963190,2213198,14
0,2578469437,0.753248,2213908,1
0,4246024249,1.064795,2215954,23
0,414606389,0.963190,2218337,28
0,1222631621,0.940101,2219445,7
0,3941573249,1.033615,2221791,27
0,2896316083,1.035974,2222724,7
0,4076108467,0.941657,2223660,7
0,3189983603,1.012133,2224312,3
0,3939877159,0.784369,2225450,10
0,1855935049,0.932801,2226446,8
0,3150512419,0.908940,2227021,2
0,203049347,1.035503,2228071,9
0,3073572773,0.753248,2229510,14
0,2434620833,0.888841,2230508,8
0,4177217669,1.009718,2233278,33
0,2620015691,0.938541,2233929,3
0,1435206413,0.822653,2235984,23
0,525301981,1.099538,2241069,66
0,2126688643,1.125434,2242345,12
0,547887239,0.937500,2242841,1
0,2317157803,1.035974,2250847,108
0,1628303779,0.915364,2251565,4
0,1099160299,0.889391,2254720,39
0,3355418533,0.732211,2255961,11
0,1001610971,1.064795,2257591,17
0,3738487681,0.919621,2259049,10
0,2471646811,1.070284,2262903,34
0,948732053,0.977780,2267964,64
0,841030829,0.775605,2268473,1
0,3642432401,1.043020,2271990,44
0,322725301,1.035974,2274238,26
0,772863167,1.126735,2280012,76
0,2888530327,0.867152,2281089,9
0,546880651,1.070284,2281732,3
0,56729951,0.935936,2282303,2
0,1382331451,1.009718,2282812,1
0,2547722497,0.637377,2286176,42
0,2314511399,1.169685,2286755,2
0,4153116679,1.094196,2287691,7
0,2062698683,0.879453,2289039,13
0,1149404383,0.824432,2293594,59
0,500053469,0.858664,2294182,2
0,2443908781,1.132354,2295603,14
0,3815553359,1.100870,2296537,7
0,4256732951,0.813701,2298314,19
0,886800613,0.975280,2299173,6
0,4235727919,1.220752,2300519,13
0,888695123,0.940620,2303976,43
0,2633118977,1.009718,2305175,11
0,3539287469,0.879453,2307227,23
0,2240210729,0.897044,2308153,7
0,74053453,0.984747,2309564,14
0,440115779,0.908403,2310344,5
0,2389463743,1.064337,2311004,3
0,1698047501,1.220752,2315500,53
0,3324473753,1.004871,2316946,14
0,1354961123,0.913227,2319637,30
0,1614313969,1.031723,2322035,28
0,2622993221,0.882225,2322902,6
0,3244267963,0.910550,2324879,22
0,749883461,1.032197,2325595,4
0,1279881373,0.827388,2329732,53
0,2986727347,0.908940,2330524,5
0,812219203,0.944247,2332011,15
0,1697751383,1.044891,2332590,2
0,3848991259,1.025552,2333391,5
0,253179739,0.906789,2344358,151
0,1970727593,0.973276,2345369,8
0,2643237281,1.069828,2345875,1
0,1629855653,1.097316,2347434,16
0,631919683,0.753248,2348009,2
0,1223644217,0.705724,2348943,7
0,453839509,0.932801,2350700,19
0,3647713571,1.219151,2351422,4
0,3104065729,0.813701,2354089,32
0,3758544511,0.942694,2355373,12
0,2470727299,0.907327,2357406,23
0,1167271337,0.827388,2358047,3
0,1137454313,1.284295,2361379,37
0,1111450381,0.844907,2363519,24
0,3575563841,0.973276,2365686,12
0,1661767321,0.727528,2367076,10
0,867577033,1.017426,2369001,21
0,506740529,0.813101,2373756,62
0,2058926011,0.876673,2375903,24
0,2273172191,1.086134,2376707,5
0,2777153503,1.054659,2378279,16
0,1711240901,0.805862,2379017,4
0,3321209681,0.968750,2379530,1
0,2649094073,1.157938,2382008,29
0,1692869729,0.947859,2383563,16
0,257266001,0.877229,2385105,16
0,879522823,0.843750,2387068,22
0,3599569873,1.024123,2389797,33
0,3879080369,1.072563,2390451,3
0,642223339,0.977281,2392935,29
0,2029724581,0.911622,2395905,36
0,439026347,0.813701,2396544,3
0,337460731,1.064795,2397124,2
0,227879011,1.098205,2397761,3
0,1173751457,1.111903,2399880,24
0,3587297503,1.046292,2401595,18
0,344274037,1.040677,2404048,29
0,953752757,0.976781,2404988,7
0,3401800279,0.875558,2405638,3
0,669666211,0.983258,2406495,6
0,1526447963,1.050483,2407237,4
0,1872619337,1.091516,2408519,12
0,710974559,0.844907,2413295,62
0,2397756733,0.950432,2414661,13
0,2307965801,0.970261,2415602,4
0,3673149283,0.884988,2417001,12
0,1092602551,0.844907,2417595,2
0,458582983,0.818488,2418112,1
0,1665982033,0.972774,2419177,9
0,1458655013,0.691042,2425643,83
0,737492617,0.908940,2426590,7
0,15387797,0.813101,2427362,5
0,3523208539,0.730876,2428941,16
0,4028235521,1.008267,2429659,4
0,1737682019,0.981270,2430451,5
0,232278271,0.877786,2434848,57
0,104530753,0.989199,2435408,2
0,390349361,0.911622,2436532,10
0,518614927,1.016466,2439088,30
0,3935387779,0.867152,2441961,35
0,831738199,0.981270,2443231,12
0,3293925751,0.884436,2445148,21
0,1484910313,0.993632,2447903,33
0,2599122641,0.818488,2449254,13
0,3555213631,1.004871,2450681,14
0,3613133371,1.002438,2452166,15
0,4001164231,0.939581,2454032,20
0,2938084571,0.876115,2454907,6
0,1150913917,0.913227,2456187,12
0,1945945571,1.017906,2457262,9
0,1618887383,0.871645,2457842,2
0,3893260421,1.095980,2459392,16
0,313183733,0.938021,2460386,8
0,3954348089,0.906789,2461598,11
0,3922844113,1.094196,2463565,17
0,802121189,0.727528,2464531,7
0,19815611,0.930180,2465860,13
0,1252028891,0.665852,2472074,70
0,4179795467,1.095980,2473440,11
0,2863878197,1.255068,2474020,2
0,3268620727,0.919621,2477047,37
0,4065949477,1.002438,2477770,4
0,1276793899,0.743461,2479534,19
0,848509889,0.944247,2486123,88
0,1004744057,1.064337,2486634,1
0,1757441377,1.101756,2487768,10
0,2048087203,1.284295,2491764,51
0,1817648431,0.948374,2492987,11
0,1743614329,0.760345,2494701,18
0,1565291291,1.101313,2497794,38
0,2341449283,1.202618,2498315,1
0,1846234003,1.064795,2501125,34
0,2168299823,0.855246,2502399,12
0,379772273,1.119343,2503739,13
0,2001097477,1.085235,2505369,17
0,369175867,0.911086,2507610,26
0,3864379283,0.914830,2510701,38
0,341844479,0.974780,2512383,18
0,78495203,0.973777,2513026,3
0,1800616297,0.975280,2513960,7
0,1594807397,0.915897,2515304,13
0,2271981521,0.755837,2517419,24
0,2884446263,1.008267,2518673,7
0,3491042257,1.004385,2520594,21
0,2027225801,0.871085,2522080,15
0,3308436473,1.006328,2523779,15
0,3741762113,0.815499,2527868,52
0,1049521159,0.880563,2529849,22
0,4012720709,0.827388,2531053,11
0,832355371,1.105296,2531986,7
0,3446506549,0.956577,2533330,13
0,3121894513,0.946313,2534181,6
0,996940057,1.001951,2534754,2
0,3667868803,1.129332,2537213,29
0,934321837,1.131923,2537794,2
0,3177966397,0.902471,2538669,6
0,502968187,0.814900,2540031,13
0,373904717,0.891036,2540747,4
0,1054754821,0.988706,2548526,104
0,2558638063,0.844329,2549486,7
0,1789368239,0.938541,2550010,1
0,815862013,0.841432,2550650,3
0,3041840887,0.789333,2552082,14
0,2635261907,0.908403,2553648,16
0,1335407993,1.009718,2554160,1
0,3449123191,0.729539,2556483,27
0,3613299421,0.796722,2557139,3
0,3154293851,0.846062,2559523,28
0,2279663489,0.950432,2563870,56
0,2674559677,0.875000,2565372,15
0,513432883,0.811899,2567891,26
0,4067649731,0.981767,2570267,14
0,454686107,1.002438,2571415,8
0,226531607,0.848367,2573666,20
0,2747541127,1.094643,2578654,65
0,4226998247,0.833854,2579955,12
0,2354681117,0.824432,2583454,44
0,2021262847,0.674595,2584803,13
0,201377831,0.846062,2585796,8
0,3063053089,1.100870,2587994,25
0,507360331,0.938541,2591362,42
0,3753188743,0.829745,2592935,16
0,2356176259,0.907327,2594830,21
0,3542558863,1.094643,2595618,5
0,134187233,0.908940,2596536,7
0,724600307,0.973777,2597181,3
0,3469150813,0.997556,2598966,19
0,1488576611,1.052341,2600743,19
0,1358670217,0.827388,2603194,29
0,4048324211,0.969758,2603989,5
0,2594396149,1.006328,2605760,19
0,1211950627,0.889391,2607802,23
0,2919305887,0.829745,2609228,14
0,3678383087,0.885539,2615042,77
0,1934493521,1.068458,2618262,40
0,848423813,0.946313,2620296,23
0,2758979617,1.039738,2620866,2
0,2598369953,0.911086,2622164,10
0,2158682681,1.088828,2623261,6
0,2549283547,0.701561,2624024,3
0,118718389,0.852386,2625653,17
0,682691657,0.882225,2628165,30
0,3200097827,0.987223,2629471,10
0,2323484623,0.911622,2630014,1
0,125249933,0.877786,2631288,12
0,48758531,0.813701,2632145,6
0,2108880079,1.033142,2633223,9
0,2833928473,0.952484,2635124,21
0,241572647,1.016466,2636529,14
0,3410961391,1.033615,2637192,3
0,1661840813,1.035974,2638121,7
0,3002054443,0.920152,2641635,44
0,560452183,0.908403,2642352,4
0,48742787,0.987223,2644444,24
0,338150251,0.892679,2645643,11
0,2069151839,0.844329,2646781,10
0,1901310199,1.004871,2648004,11
0,1322934097,1.037387,2649775,19
0,1870615753,0.842012,2651133,13
0,802363091,0.846639,2652132,8
0,2707988587,1.202618,2653402,12
0,3277585511,1.033615,2655659,26
0,2409189241,1.095980,2657423,19
0,46507289,0.854103,2658330,7
0,2030100979,0.977780,2659742,14
0,4000197917,0.938021,2661022,12
0,908666777,1.102642,2661802,5
0,2243325983,0.983258,2667829,80
0,35376793,0.835024,2669465,14
0,2694254713,0.866589,2670902,14
0,4155157141,0.976781,2673609,18
0,983916569,1.039268,2676516,33
0,113333527,0.984747,2677157,3
0,2076834953,1.073018,2681599,57
0,867862669,1.040677,2684003,28
0,563227471,0.882225,2687438,43
0,365405707,0.906789,2688081,3
0,647567387,0.981767,2692829,62
0,1549699733,1.008267,2694866,23
0,335300597,0.971267,2696157,12
0,3163778837,1.107944,2697368,11
0,1649980217,0.738188,2698790,14
0,1820030431,1.012616,2699390,2
0,2815262741,0.973276,2701229,20
0,2689461209,0.803435,2702163,7
0,2143005443,0.913227,2702967,5
0,2936368943,0.983258,2705301,27
0,1713344839,0.894864,2706507,11
0,519625387,0.958107,2707234,4
0,3777964973,0.969254,2707963,4
0,597500009,1.050483,2708880,7
0,2644752247,1.098650,2712327,43
0,3610416787,0.759060,2713187,6
0,4254693811,0.969254,2713847,3
0,3198570241,1.040677,2716786,36
0,3126939509,0.738188,2717307,1
0,3532835633,0.738188,2719151,20
0,1815634427,0.827388,2720158,8
0,2887433611,0.877229,2720741,2
0,1319531159,0.813101,2723546,27
0,2581600843,0.908940,2726270,32
0,299590339,0.813701,2726924,3
0,1148423999,0.886090,2727439,1
0,1532843321,1.107944,2728162,4
0,1413676549,0.938021,2732673,56
0,216257429,1.125434,2733975,12
0,379364861,1.017426,2735115,10
0,2887868629,1.037387,2737288,25
0,3213507419,1.006328,2738380,9
0,620012231,0.817294,2738894,1
0,2987413589,0.911086,2739464,2
0,2614716053,0.946313,2742410,36
0,1180472941,0.993632,2744249,20
0,3342661547,0.938541,2744917,3
0,1266275707,0.805862,2745789,6
0,1538028269,0.945797,2747147,13
0,186468017,0.851240,2748058,7
0,1246988983,0.891036,2749829,19
0,3323231231,0.908940,2751112,12
0,364969207,1.001951,2753156,23
0,2707617607,0.851240,2753954,5
0,177320879,0.911622,2755500,16
0,1163496091,1.017426,2757128,17
0,336658877,0.954021,2760069,36
0,4159893373,0.969758,2762544,29
0,736939897,0.950945,2763544,8
0,1202591977,0.971267,2765529,22
0,1449653147,0.846639,2766397,6
0,3478894681,0.975280,2767469,9
0,3289618679,0.907327,2768188,4
0,1471394927,1.043488,2768993,5
0,439026503,0.927551,2771734,29
0,3527902423,0.748697,2773310,16
0,967341181,0.738188,2775461,11
0,4144683089,0.732211,2779712,52
0,4152826519,1.033615,2780854,10
0,3263353087,1.003899,2781372,1
0,20554253,1.043488,2782831,15
0,3404023487,0.990186,2783625,5
0,3629085827,1.064337,2785247,17
0,1262633587,0.981767,2786732,15
0,1011296977,0.853531,2788776,23
0,1193899211,1.064337,2789503,4
0,729510763,1.235067,2790945,14
0,3269080649,1.050483,2793504,30
0,3738218567,0.758416,2794230,4
0,3278888051,1.054659,2795938,18
0,1394012381,0.954021,2796670,4
0,2513558573,0.827978,2800616,50
0,2350279721,0.981270,2801189,2
0,696907313,0.691042,2807010,77
0,3502248583,0.932277,2808351,13
0,251358791,0.595392,2809068,4
0,3802883197,0.730208,2813280,54
0,781769761,1.039268,2816159,35
0,2657003743,1.010685,2819247,38
0,2287405391,0.940101,2821080,20
0,2418148729,0.906789,2822149,9
0,1206223327,0.813701,2824477,27
0,3607408769,0.880563,2828524,46
0,1867845281,1.114973,2829129,2
0,1921201459,0.973276,2831053,19
0,991607741,0.970764,2833329,26
0,2193451763,0.906789,2834620,12
0,3016227857,1.146496,2835272,3
0,1634470361,0.958107,2836833,16
0,3435559649,0.848942,2839429,31
0,934238969,0.939581,2840022,2
0,276400753,1.000488,2840589,2
0,3417295423,0.799169,2842374,19
0,4058126717,1.012616,2843582,11
0,216703633,0.758416,2845544,22
0,3532335013,1.023646,2847373,20
0,3487591529,1.098205,2853392,80
0,4141981157,1.038798,2856593,39
0,1450211407,0.944247,2857806,11
0,3102688013,0.968750,2860208,28
0,2119072667,1.017426,2860867,3
0,4294196839,1.044891,2863350,29
0,371188151,0.869402,2865122,19
0,2274883253,0.973777,2865850,4
0,3835152599,0.969758,2866504,3
0,2139496039,1.031723,2867315,5
0,2782684193,0.920152,2869218,21
0,2078095937,0.829745,2870027,5
0,1137378317,1.039738,2871854,20
0,2221965719,0.944247,2875400,40
0,1207012399,1.004385,2877309,6
0,3782298173,1.119343,2878090,1
0,4110829769,0.805862,2879694,16
0,663044119,1.084785,2881462,19
0,863433257,0.933847,2884473,37
0,4257645407,0.984747,2885408,7
0,240761699,0.848367,2886401,8
0,2357478457,1.097761,2890448,52
0,4230732787,0.944764,2891734,12
0,1929759761,1.074382,2893991,26
0,1832889419,0.911622,2896463,29
0,2075285833,1.128899,2897322,6
0,352518437,0.758416,2899693,28
0,2923916531,1.156672,2900210,1
0,4214724607,0.993141,2902923,32
0,3405812041,0.973276,2903422,1
0,2088347419,0.786234,2904077,3
0,1890348289,1.202618,2904577,1
0,2993275009,1.050019,2905226,3
0,2254030711,0.897044,2908384,39
0,3404108689,0.880563,2913230,63
0,2656244471,0.866589,2916387,39
0,3494084969,0.756482,2917860,15
0,457454341,1.081178,2921450,45
0,763442179,1.071652,2922088,3
0,2245478173,0.919621,2923643,16
0,805777639,1.012616,2927608,46
0,3898703509,0.858096,2931870,53
0,1883711647,0.925443,2933273,11
0,2381955341,1.002438,2936588,41
0,451646113,0.844907,2937236,3
0,2476101157,1.000488,2937959,4
0,2254880099,1.002438,2941403,43
0,1648229357,0.793652,2943953,30
0,2563945597,1.078917,2945023,9
0,2645230697,0.814900,2950080,66
0,3212651797,0.975280,2950598,1
0,3693916211,0.725512,2951666,9
0,3456455689,0.859233,2954406,33
0,227200273,0.843750,2956292,21
0,3421784213,0.813101,2956799,1
0,957432433,1.006328,2957513,4
0,4023195307,0.760345,2959288,19
0,3019657493,0.907327,2960015,4
0,1351914437,1.074382,2961011,8
0,3659826931,0.932801,2964241,40
0,364458119,1.048623,2964967,4
0,3654747809,1.131923,2965970,8
0,1477132663,1.138804,2966754,5
0,1920001081,1.035974,2968521,19
0,3570954059,0.814900,2969108,2
0,534938003,0.907327,2970166,9
0,248552267,1.063419,2970738,2
0,162047059,0.940101,2974027,41
0,3383619719,0.849517,2976300,22
0,748469741,1.259728,2982919,70
0,685670599,1.073928,2984866,19
0,3650700197,0.797334,2985730,6
0,1147253441,0.910550,2986511,5
0,3309146111,1.204241,2987041,1
0,1157618753,0.924387,2988109,9
0,2456238769,0.908403,2991765,46
0,816165209,1.039268,2992484,4
0,3317272411,0.830333,2993071,2
0,177974567,0.906789,2993644,2
0,2976539651,1.190785,2996660,37
0,3562180597,1.062959,3000731,52
0,964411999,0.976781,3001454,4
0,2933908247,1.035974,3002044,2
0,585291683,0.880563,3003386,13
0,2479663159,0.820870,3005224,20
0,3018733009,1.088828,3006438,11
0,2836565807,0.899761,3008830,28
0,9660689,1.029354,3011399,31
0,2277739691,0.791804,3014212,34
0,2531046541,1.146496,3015010,5
0,2166602033,1.019823,3017327,27
0,899138657,0.921743,3018176,6
0,3268354421,0.873324,3024615,86
0,1722206753,0.852959,3028901,55
0,163902929,1.191605,3030021,10
0,4070415743,1.095534,3033602,40
0,827690879,1.000000,3034406,5
0,88162801,1.098205,3034902,1
0,2291800837,1.095980,3036098,11
0,2107668929,0.877786,3037580,15
0,160759373,0.915364,3038495,4
0,693227471,0.987223,3040283,19
0,765673333,0.791804,3041364,9
0,1015980997,0.822653,3042298,7
0,2102212577,0.848367,3044696,28
0,1718893499,0.950432,3045351,3
0,1367636381,0.960652,3046984,17
0,794776601,1.063419,3049736,31
0,1147697977,0.820275,3050837,9
0,2681981569,1.003899,3052741,21
0,187264657,0.846639,3056871,53
0,573363071,1.007782,3057736,6
0,2593902719,1.008267,3058954,11
0,515790083,1.014061,3060857,21
0,3135727459,0.973777,3065151,55
0,2331128617,0.818488,3069415,55
0,1946690737,1.038798,3073007,45
0,3532565359,0.880563,3073662,3
0,1188757117,0.938541,3077185,44
0,1567469539,0.958616,3078520,8
0,4288334093,1.005842,3081934,29
0,3478252597,0.978779,3082833,3
0,3515632597,0.968750,3084108,10
0,2959968377,0.973777,3084975,6
0,3492607259,0.827978,3085487,1
0,3774442099,0.940101,3086695,11
0,2824718851,0.974780,3087974,12
0,2083360751,1.125434,3090462,29
0,572580823,0.913227,3092081,17
0,3930551591,0.988706,3095183,38
0,4194562633,0.880008,3095831,3
0,2099789467,0.851240,3098573,33
0,1083805511,0.984747,3099087,1
0,187607111,0.882225,3105591,87
0,299613403,0.766103,3106953,13
0,2200741129,1.160044,3110034,38
0,3307773803,0.653267,3113767,47
0,1220355443,0.911622,3114354,2
0,2647559767,0.891036,3115079,4
0,1656222301,1.070740,3119862,62
0,2411955571,1.071652,3120523,3
0,2301057613,0.859233,3122220,18
0,3450591139,0.960652,3123510,12
0,1804444121,0.860369,3124591,9
0,3020324501,0.746083,3125392,5
0,3967631363,1.109705,3126397,8
0,3509850691,1.161727,3127802,14
0,4035007033,1.007782,3131719,50
0,1676269741,0.877786,3132652,7
0,3884785501,1.000000,3134589,17
0,2190015727,0.815499,3135260,3
0,505571267,0.750651,3137016,19
0,2023788853,0.889391,3139287,24
0,3927457873,0.945797,3140430,10
0,3598005401,0.781875,3141502,9
0,3189791959,0.981270,3142438,7
0,1441721807,0.871645,3144698,26
0,1414641079,0.814900,3145349,3
0,3614886713,1.064795,3146073,4
0,1433701111,0.938021,3149530,43
0,885506221,0.993632,3150035,1
0,3939693517,0.820275,3151187,10
0,941332481,0.883883,3152387,11
0,185478977,1.043020,3153508,10
0,1292884343,0.836193,3156918,42
0,2593076867,0.712610,3158476,16
0,1770963473,0.975280,3159672,11
0,3298923011,0.907327,3161641,22
0,527004889,0.939581,3163626,22
0,943434787,0.969254,3166291,32
0,1535329651,1.129332,3169740,43
0,4169316971,0.955044,3173595,49
0,1106376499,1.004385,3174118,1
0,2465708857,0.906789,3177788,46
0,3506215637,1.098205,3178447,3
0,2578218809,1.050019,3181166,28
0,1781312893,0.915364,3183169,22
0,507580091,0.846062,3188891,63
0,936100339,0.964709,3189951,7
0,737155841,1.006328,3190867,7
0,332437207,0.690335,3192568,18
0,4168570181,1.095980,3195102,30
0,2190550379,0.991172,3198477,42
0,556296721,0.699470,3199387,7
0,1839761269,1.189554,3200316,7
0,2855231737,0.829745,3202362,23
0,2391442147,0.862070,3204910,30
0,2067965063,0.862070,3209274,56
0,3383338741,0.906789,3210214,7
0,3861446473,0.963190,3210728,1
0,2844475729,0.784369,3211438,4
0,3448998103,1.016466,3213410,22
0,2466815699,0.877786,3215731,27
0,1546075331,0.988706,3217639,21
0,1639750319,0.817891,3221295,46
0,31646903,0.884988,3225071,48
0,410122121,1.133647,3226063,8
0,2382646093,1.033615,3229414,42
0,3895325773,0.981767,3233835,57
0,3673357099,0.702951,3234704,6
0,53717689,1.160465,3235750,4
0,3998607467,0.999023,3238098,27
0,4203797947,0.762910,3239526,14
0,3179138437,1.048623,3241234,15
0,2354757259,0.908940,3241831,2
0,3859752821,1.133647,3243040,11
0,2704766257,1.102642,3245499,29
0,3127215053,0.969758,3247338,20
0,197700487,0.863202,3249369,23
0,107095067,1.004871,3250555,11
0,4123608653,0.813701,3253018,29
0,640792931,1.004385,3253949,7
0,2184720991,0.787475,3256360,28
0,3669424487,1.004385,3258565,25
0,3837554689,1.016466,3260210,17
0,3748055809,1.033615,3261764,16
0,3064219267,1.048623,3263598,20
0,1249714049,0.958616,3269408,77
0,3239252647,0.915364,3270746,13
0,4260119033,0.971267,3271541,5
0,829963051,0.876115,3272398,6
0,3263204513,0.906789,3272969,2
0,854038981,0.950432,3276008,37
0,2133089723,0.813101,3281012,65
0,1476052541,0.975280,3282163,10
0,1302373861,1.244519,3283197,4
0,2107953893,1.024123,3284283,9
0,3250424087,0.982762,3284793,1
0,3448282909,1.000976,3288549,34
0,2041262147,1.015505,3289356,3
0,4260564863,0.820275,3292047,32
0,4039333873,0.969254,3293896,20
0,3206507719,0.786234,3295119,11
0,270483971,1.075745,3297156,23
0,2670702313,0.836193,3298653,15
0,3328985831,1.037387,3302585,50
0,943419361,0.911086,3304156,16
0,1473900569,1.282773,3305449,12
0,3470562833,0.973777,3306513,9
0,3815903339,0.877229,3307584,9
0,1054939273,0.969758,3309489,21
0,3548640913,0.952484,3310487,8
0,1973678381,1.014061,3311770,12
0,602307703,1.038798,3313265,15
0,2497426493,1.000488,3316166,35
0,2569291709,1.017426,3317232,9
0,856611131,0.815499,3319919,32
0,3504242389,1.220351,3321276,13
0,2131485397,0.914296,3322139,6
0,658416259,0.983258,3332430,141
0,895482113,0.989199,3332942,1
0,1134903047,0.952484,3333958,8
0,3507095147,0.947859,3334879,7
0,2870497261,0.995105,3340372,67
0,3511857697,0.897588,3341112,4
0,2613570611,0.956577,3342744,14
0,2184914947,1.017906,3344446,18
0,1566262039,0.864332,3345519,9
0,1476711259,1.064795,3352664,96
0,3084549877,0.915364,3353754,9
0,1473230351,0.908403,3354412,3
0,1039091549,1.069828,3357646,40
0,2797675841,0.970764,3360732,38
0,3107615923,0.876115,3364665,50
0,1386710639,0.925971,3367073,28
0,1894897357,0.942694,3369325,26
0,2135741381,0.813101,3370050,4
0,3201518921,0.987223,3370632,2
0,728613031,1.035031,3371627,8
0,876011573,0.978779,3374719,38
0,1174301833,0.978779,3379006,55
0,2427718801,0.908403,3383895,64
0,1115577899,0.889391,3385619,14
0,1419073151,0.670966,3386162,1
0,1067412839,1.141374,3387516,13
0,639569729,0.781875,3389633,11
0,2810703251,0.891036,3393049,40
0,358079471,1.052341,3394062,8
0,3322677419,1.197736,3394918,6
0,2340520657,1.000976,3395420,1
0,2615961221,0.928078,3396989,16
0,1450737269,0.942694,3398756,19
0,3282830249,0.947859,3401004,26
0,829499137,0.884436,3402627,17
0,152444693,1.070284,3403125,1
0,1676142263,0.889391,3405522,28
0,1852873549,1.039268,3406799,12
0,922918781,0.971267,3411871,66
0,3797143949,1.040677,3412875,8
0,2414645249,1.003899,3413801,7
0,1148534713,0.940101,3416549,33
0,1957081807,1.012133,3417904,13
0,713222453,0.844907,3420775,35
0,1414616237,1.078012,3422407,17
0,2753179411,1.000976,3428012,74
0,2687732987,0.972774,3432871,62
0,461905231,0.908403,3435238,27
0,810278179,0.938541,3441233,75
0,791602921,1.122393,3444071,34
0,627070531,0.724164,3445936,18
0,2272655579,1.002438,3448143,25
0,1361330863,1.104854,3448787,3
0,2712394429,0.958107,3450575,19
0,891104813,1.127168,3451299,4
0,3130743799,1.033615,3453992,32
0,1121790409,1.000488,3455896,21
0,1232707771,1.100870,3458490,31
0,1081690367,1.008751,3460814,27
0,301047431,1.043020,3461669,6
0,3292064779,1.043020,3464069,28
0,2553271703,0.969254,3465209,10
0,582512683,0.910550,3466830,17
0,3481466647,0.971267,3469028,25
0,1029690293,0.849517,3469685,3
0,3476426663,0.784369,3470618,7
0,3238768241,0.993141,3471263,3
0,3825548113,0.950432,3475131,49
0,2085373399,0.921743,3476616,15
0,4129222883,0.815499,3482701,81
0,3579563857,1.012133,3484614,21
0,3983948651,1.052341,3488556,46
0,3821148193,1.044891,3489852,12
0,425565541,0.950432,3492463,18
0,1335394367,1.012133,3495155,30
0,17019109,1.095534,3496903,19
0,1566055433,0.946313,3498379,15
0,2043332939,0.944247,3499942,16
0,644611937,0.921743,3503447,44
0,2758944581,0.977281,3505693,26
0,1955968297,0.986728,3506985,12
0,3479476699,1.002438,3509873,35
0,2581922053,0.906789,3510660,5
0,3473756893,0.725512,3512146,15
0,316721939,0.983258,3515620,42
0,2173904851,0.781875,3516408,5
0,1297863257,0.770552,3517968,16
0,3712909231,1.128467,3518840,6
0,1698624647,1.216745,3519703,6
0,2865162301,1.088828,3520493,5
0,2250323177,0.938021,3523431,36
0,2021345659,0.776234,3524024,2
0,4273461553,0.891584,3525237,11
0,4121569363,1.192833,3528392,39
0,153605687,0.975280,3531400,37
0,2899273703,0.880008,3533879,29
0,4006660373,0.849517,3538123,54
0,2759799719,1.166760,3540532,28
0,1566403057,1.033615,3542670,20
0,663980293,1.033142,3545356,32
0,989536343,0.791187,3546282,7
0,1748390737,0.942694,3547708,12
0,978533849,1.147773,3551527,48
0,1863826553,0.938021,3552279,4
0,1046767781,1.095534,3552930,3
0,3556717303,1.071652,3554923,22
0,1637599177,0.814900,3555640,4
0,4108959083,0.787475,3557912,26
0,1165522573,0.814900,3560579,32
0,2041098413,0.971267,3561867,12
0,1714847773,1.068458,3565305,43
0,1639503923,0.823246,3566718,14
0,80555303,1.031250,3567494,5
0,1334417531,0.844329,3570312,34
0,1035179399,0.981767,3571172,6
0,1526078171,0.843750,3573287,24
0,603047461,1.033142,3574076,5
0,3990743321,1.004385,3576205,24
0,3346772203,0.906250,3576725,1
0,1790482453,0.880563,3577366,3
0,208425109,1.033615,3578990,17
0,436155221,1.000976,3581735,33
0,59648627,0.882225,3583141,14
0,3519906623,0.942694,3586095,36
0,1775010043,1.127168,3589266,39
0,2253237169,0.789333,3591737,25
0,641319421,1.014061,3592542,5
0,3310294199,0.854103,3594202,5
0,1174273361,1.055121,3595487,8
0,914109809,0.932801,3597479,21
0,306204049,1.188322,3598742,12
0,3545321501,0.971267,3599387,3
0,1278038833,1.125434,3602826,43
0,62917801,1.012133,3604350,16
0,2126042213,0.946313,3606681,27
0,3900505327,0.886090,3608801,24
0,1249917373,0.852959,3610152,13
0,919803949,1.012133,3611294,10
0,233663669,1.039268,3614790,44
0,2429011021,1.080274,3615304,1
0,3713575519,0.995105,3621113,75
0,2665115461,1.123697,3622437,12
0,3113986831,0.956577,3624018,16
0,1321794431,1.191605,3625948,21
0,4290774977,0.970764,3627569,17
0,1520519339,0.721462,3629550,22
0,3912291293,0.977281,3633211,46
0,1521109817,1.104854,3634833,17
0,1272628013,0.721462,3636040,11
0,3306990523,0.846639,3638786,33
0,3489729121,0.738188,3640196,14
0,2676745297,0.915364,3642096,21
0,3910248281,1.031250,3642813,4
0,3668805743,1.131060,3643959,10
0,1186607137,0.985738,3645406,10
0,1853629243,0.927551,3646529,9
0,4176664501,0.855816,3651182,58
0,704778407,0.761629,3654281,38
0,1755423781,0.827388,3654853,2
0,3681918839,1.067086,3655871,8
0,2032581451,0.939581,3659454,45
0,3733511399,1.040677,3660404,7
0,590795987,0.871645,3661893,15
0,1252039463,1.095980,3662479,2
0,658625273,0.940101,3663056,2
0,3948353147,0.940101,3663852,5
0,3447863917,0.934370,3667998,53
0,3147205379,0.822059,3669483,15
0,2310233099,0.938541,3670408,7
0,463386523,0.964709,3674375,50
0,919536557,0.875558,3676065,18
0,3162403799,0.971267,3676657,2
0,1475786593,0.947859,3678356,18
0,1980870301,0.911622,3679153,5
0,140772713,1.002438,3680205,9
0,2093916199,0.823246,3681763,16
0,3531040831,0.813101,3684449,32
0,3341497777,0.817294,3685513,9
0,1723905259,0.906789,3687848,27
0,4290071939,1.002438,3688998,10
0,1494619949,1.078012,3689784,5
0,3964747819,0.981767,3696411,70
0,2709427243,0.786234,3701901,66
0,1997200367,1.033615,3702591,3
0,2686493273,1.152867,3703095,1
0,1380468941,0.808886,3704571,15
0,2536672871,0.753248,3706828,26
0,4224625151,0.940101,3712036,68
0,1768289417,0.978779,3713733,18
0,884654983,1.131923,3714380,3
0,4104405793,0.853531,3717175,34
0,1373274887,1.187911,3717682,1
0,3681713767,0.916963,3718271,2
0,2998312741,1.149898,3719272,8
0,1486193897,0.884436,3720194,7
0,108210743,0.753248,3722846,32
0,1791407087,1.222750,3725186,27
0,2126403439,1.008267,3726406,11
0,1505762861,0.942694,3728300,21
0,3473427611,1.048623,3728955,3
0,1903474637,0.855246,3729902,7
0,3676947751,0.876115,3731318,14
0,701312221,1.035031,3733725,28
0,3302284369,1.095534,3735975,26
0,3667934791,0.914830,3737805,20
0,2880175381,0.945797,3739666,20
0,2424597283,0.853531,3744219,59
0,1016710861,0.827388,3748087,49
0,684612041,0.981767,3750948,29
0,2492689343,1.075745,3752182,11
0,4064192333,0.880563,3753750,16
0,3376758013,0.849517,3754263,1
0,639673781,0.786855,3759550,67
0,1923096521,0.844907,3760779,11
0,3532807097,0.782499,3763728,36
0,1695564797,1.085235,3765008,12
0,1968655069,0.829745,3766374,13
0,1850368697,0.888841,3766882,1
0,3426933649,0.923330,3768022,10
0,2715193667,0.914830,3769085,9
0,1073632003,0.753248,3771000,21
0,1993434673,0.971267,3771578,2
0,3215386463,1.125434,3772598,8
0,2778069251,0.942694,3775547,36
0,675049381,0.952484,3776821,12
0,2898787121,0.938021,3778317,15
0,1772463923,1.004871,3778906,2
0,2470422547,1.035031,3781157,26
0,1204147493,1.033142,3781953,5
0,821438531,0.846062,3783502,16
0,2423536267,0.941657,3789179,75
0,3280689779,1.068458,3791645,29
0,408948313,0.972774,3793252,17
0,646813837,0.883883,3794183,7
0,2964746831,1.044891,3796795,27
0,2604251443,0.729539,3800982,53
0,4287914599,0.688919,3802123,10
0,407227511,0.906789,3804030,21
0,2884946843,0.893772,3805954,21
0,3709116193,0.981270,3808911,36
0,2272230143,1.064795,3810984,23
0,4224392021,0.983258,3812126,10
0,355204099,0.694566,3813121,8
0,2948970187,0.940620,3814197,9
0,2076985873,1.084785,3815687,15
0,2432228419,0.911086,3819835,53
0,2628217871,0.938541,3821586,18
0,1713663071,0.791804,3823651,23
0,1569902143,0.947859,3826530,35
0,4074821099,0.908940,3827186,3
0,641775403,1.032197,3830903,47
0,1415804543,1.064795,3833035,24
0,10796623,0.815499,3834363,13
0,1187359721,1.017906,3835029,3
0,1758632059,0.907327,3840545,73
0,3882492701,0.938021,3842308,19
0,856134413,1.012133,3844146,20
0,3776953003,0.783746,3844732,2
0,314011783,0.866589,3847124,28
0,1604030881,0.822059,3847920,5
0,4036644481,0.977281,3850516,31
0,2813147093,1.039268,3852443,21
0,1366792079,0.753248,3853029,2
0,3135731069,0.978779,3855718,32
0,2195849141,0.969758,3859164,43
0,2589484031,0.899761,3861349,25
0,2371494989,0.950432,3866599,69
0,3554115073,1.040677,3870188,45
0,572738321,0.849517,3871446,12
0,378654251,0.908940,3872090,3
0,2940332951,1.033615,3872608,1
0,2068332137,0.964709,3874107,15
0,2277734863,0.817891,3874624,1
0,3871272151,1.075745,3879406,62
0,2126983039,1.004385,3881459,23
0,1222002083,0.969758,3882453,8
0,604558589,0.889391,3884285,20
0,2101209281,0.907327,3888012,47
0,1743024733,1.008267,3889938,21
0,3313223699,1.167178,3895469,73
0,2475491911,0.969254,3895981,1
0,1410151931,1.069828,3896771,5
0,4108018417,0.911622,3897912,6
0,98301661,0.911086,3898631,4
0,2415058123,1.106179,3899998,13
0,1140257981,0.969254,3902346,13
0,3306529027,0.848367,3904978,28
0,511502549,0.938541,3905696,4
0,184670873,0.981767,3908714,37
0,3402780959,1.055121,3911248,30
0,3165093571,0.853531,3912184,7
0,3683482547,0.818488,3913823,17
0,3635191601,0.872205,3915452,17
0,2733402349,0.884988,3916381,7
0,3941023609,0.968750,3919068,32
0,3022145309,0.910550,3922291,40
0,3517801717,0.792420,3926716,57
0,3321649069,0.989199,3927511,5
0,4125149087,1.064795,3929780,26
0,3463838011,1.077106,3930447,3
0,2838728873,1.070284,3931657,11
0,2535400267,0.760987,3933142,15
0,4224071459,0.802219,3935125,22
0,214074307,1.033615,3936107,8
0,3963172777,0.925971,3937522,14
0,1121562553,0.846062,3938524,8
0,1925090371,0.866589,3939382,6
0,1460327837,0.776863,3940799,14
0,2077929977,1.003899,3941742,7
0,1384354357,0.934370,3942948,11
0,2622111797,0.925971,3944564,17
0,3739952171,0.974279,3945079,1
0,689474479,0.781875,3946565,15
0,2851958869,0.846639,3948536,22
0,1701559417,0.906789,3949605,9
0,2363002073,1.073928,3950808,11
0,693428353,1.008751,3954038,36
0,3567421787,0.877786,3957010,36
0,2004856297,1.001951,3958447,11
0,1380734227,1.104854,3959380,7
0,1160292451,1.008751,3959883,1
0,68147789,0.911086,3961437,16
0,1573338017,1.066628,3963767,27
0,480279979,0.941657,3964989,11
0,2641894217,0.911622,3967177,25
0,4134289589,1.068458,3968174,8
0,1469580473,0.944247,3972523,56
0,4180983749,0.823246,3973320,5
0,629413313,0.863202,3974877,16
0,3436043953,1.144365,3977299,28
0,3715729421,0.938541,3979696,28
0,1659768283,0.853531,3982100,28
0,1029342341,1.008267,3983939,20
0,4241655629,0.920152,3985233,12
0,4014359449,1.004385,3986440,11
0,3508405333,0.983258,3987013,2
0,3562282601,0.789333,3990406,42
0,2294323909,0.813701,3992897,29
0,2781408893,0.815499,3993622,4
0,2360506937,0.938021,3998519,64
0,3036489013,0.952484,4000759,21
0,3101308571,0.915364,4002090,12
0,2600874511,1.061581,4005157,24
0,3415383149,0.919621,4011644,84
0,2025714059,1.002438,4013065,14
0,1695820589,0.806468,4017610,59
0,2064605161,1.106621,4021199,45
0,2437150297,0.899761,4021707,1
0,53496019,1.256623,4022822,10
0,2217354809,1.080726,4025758,36
0,2041811393,0.803435,4026549,5
0,970509623,1.055584,4027340,5
0,4236493999,0.950945,4030718,42
0,1680453877,1.097316,4032908,25
0,2547173347,0.799169,4034330,14
0,674693479,0.973777,4037826,44
0,525260641,1.017906,4041959,53
0,3713158913,0.983258,4044924,36
0,590822591,0.884436,4047251,27
0,1165947919,0.882225,4052104,61
0,2911738129,1.130628,4054555,23
0,3034048313,1.191605,4057341,33
0,3483030253,1.039268,4058565,11
0,4234406051,0.756482,4059332,2
0,4249069421,0.946313,4063274,50
0,3090198197,0.791187,4064424,10
0,680409127,0.915364,4066187,19
0,562901783,0.843750,4067874,18
0,660030089,0.958107,4068383,1
0,856119787,0.736201,4069873,15
0,1617646159,0.879453,4071163,12
0,2688684877,0.864332,4072774,17
0,3511469963,1.008267,4074757,22
0,1289992003,0.947859,4076520,19
0,3441779683,1.094196,4077245,4
0,3002167043,0.781875,4081677,57
0,2041187971,0.973777,4082463,5
0,951362059,0.832682,4083817,13
0,3233993171,0.893772,4085575,19
0,853183141,1.038798,4086227,3
0,779044451,0.813701,4086736,1
0,1723741457,1.135799,4091223,58
0,3362464579,1.012133,4093626,28
0,642433097,0.973777,4096359,33
0,2101458599,0.971267,4096951,2
0,158790389,1.160465,4097459,1
0,4184024111,0.910550,4101387,50
0,2438117707,1.154137,4102915,12
0,3119887867,0.815499,4104226,12
0,248187167,1.008267,4111818,84
0,3231340991,0.844329,4113011,8
0,501177181,0.972774,4114020,8
0,4003848923,1.020780,4115304,12
0,3845745887,1.000976,4116587,12
0,2149330861,0.860369,4119700,38
0,2430963749,1.077106,4120410,4
0,1870516721,1.005357,4124054,46
0,2801219257,1.066628,4124848,5
0,1167501857,0.719429,4127017,25
0,3163826483,0.806468,4132095,66
0,1810931869,1.170520,4136573,58
0,469211429,1.019344,4137089,1
0,2580367213,1.009718,4146177,124
0,1663427741,0.883883,4147035,6
0,509674877,0.791187,4147815,5
0,2970759931,0.719429,4149437,17
0,2644265639,0.751301,4150575,10
0,2663763191,0.946313,4153324,33
0,234361003,0.897588,4154866,16
0,3423830563,1.000976,4156288,14
0,572955883,0.820275,4156942,3
0,4135857443,1.133647,4158415,10
0,1891799341,0.978779,4160742,27
0,4053102017,0.778746,4161532,5
0,2431711553,1.079370,4164389,32
0,1477340803,0.939581,4164986,2
0,2490631991,1.006328,4167029,23
0,9909499,0.981767,4167797,5
0,474076781,0.976781,4170127,27
0,588079799,0.846639,4172788,32
0,1039041919,0.877229,4180385,102
0,682711157,0.848942,4180965,2
0,1489396973,0.872205,4182378,14
0,3936484241,0.940101,4187987,74
0,148856987,0.735538,4190712,33
0,14090563,1.130628,4196278,74
0,3521193653,0.817891,4197777,15
0,4141321439,0.786855,4202363,59
0,1186290769,0.699470,4204508,20
0,3261641179,0.942694,4210174,57
0,1566659209,0.820275,4211345,8
0,1341124429,1.009718,4212218,6
0,4109812697,0.873324,4213574,13
0,252188009,1.108825,4215403,20
0,411846013,1.095980,4216182,5
0,1848387319,0.987223,4217044,6
0,2248969337,0.897588,4218173,10
0,2251041053,1.037387,4220360,25
0,1925748047,1.094643,4221781,14
0,2397313823,1.215139,4225723,50
0,497784901,1.222750,4229225,44
0,2216046149,1.091963,4230287,9
0,300869057,0.946313,4230863,2
0,3741794291,1.039268,4232025,10
0,1100296741,0.971267,4233500,15
0,2291636747,0.818488,4234641,10
0,2308343123,0.950945,4238292,46
0,499123831,0.882225,4239709,14
0,1552089491,0.942694,4240489,5
0,3100275821,1.031723,4241488,8
0,3431807681,0.971267,4242480,8
0,3856090327,1.066628,4243691,11
0,1023675827,0.984747,4245724,23
0,4107139307,0.919621,4246383,3
0,1933389377,0.895409,4249691,41
0,2930369773,0.963190,4254871,68
0,1395467789,0.941657,4255801,7
0,3361245337,0.925971,4257362,16
0,1175196359,0.907327,4257941,2
0,706771691,1.037387,4259428,15
0,1185600557,0.944247,4260013,2
0,1119016771,0.771818,4260843,2
0,3549480689,1.204241,4261991,10
0,2569705763,0.982762,4264937,36
0,1866643063,1.137517,4266556,14
0,2227531121,0.786855,4269798,40
0,1283326897,1.132354,4273167,42
0,105037267,1.000488,4273876,4
0,678459407,1.032197,4276962,38
0,4188930689,0.889391,4278934,22
0,2168383667,0.784369,4280418,15
0,1812117473,0.977281,4281502,9
0,2751423049,0.891036,4282232,4
0,491129021,1.073928,4285945,47
0,4078683409,0.784369,4287020,9
0,1971843869,1.035974,4287959,7
0,2255429549,1.115848,4291621,46
0,1366304549,0.855246,4294845,40
0,3351375007,0.946313,4295710,6
0,370160209,0.832682,4297111,14
0,375998071,1.043488,4298804,18
0,1956749947,1.164665,4301620,34
0,1009131749,1.002438,4302679,9
0,1551500861,1.067086,4304718,23
0,2776483279,0.942176,4305447,4
0,2305484351,1.225940,4306310,6
0,2989752119,0.864332,4307307,3
0,3729834571,1.047225,4314026,77
0,2748700277,0.875558,4314781,2
0,22782541,1.120651,4318001,40
0,2062506683,0.796722,4319844,20
0,2888454923,1.047225,4320351,1
0,3545593657,1.012133,4322463,24
0,1688991869,0.923330,4322989,1
0,3689584417,1.067086,4324620,17
0,3850749853,0.897588,4325629,8
0,3681115619,1.012133,4328747,38
0,239782969,0.884988,4331329,31
0,160723357,1.160465,4332245,7
0,1730036299,0.998534,4334718,29
0,247976803,0.979277,4335224,1
0,1587354781,0.940101,4337510,25
0,1979535263,0.959126,4340518,36
0,3047359043,1.091963,4342772,26
0,1818421613,0.914830,4343570,5
0,3878210261,1.050483,4348769,68
0,1184120759,0.945280,4350273,15
0,778023187,0.860369,4352382,24
0,58774817,0.973276,4354404,23
0,1445818987,0.880008,4356323,21
0,788412017,0.831508,4363691,95
0,1691448349,1.052341,4366452,30
0,146281459,0.974780,4367041,2
0,403552129,0.846639,4367967,7
0,3365909003,1.097761,4370585,31
0,2639318771,1.064337,4372787,25
0,1298131139,1.017906,4374985,25
0,2386983149,0.848942,4383948,122
0,1268692049,1.000000,4384732,5
0,1497093583,0.888841,4385952,11
0,552191611,0.908940,4387780,20
0,914762957,0.877229,4388579,5
0,3358080697,0.853531,4390430,20
0,2937922223,0.877786,4393744,41
0,2249726683,1.077106,4394599,6
0,2985092051,0.848942,4397560,36
0,1237344623,0.944247,4398831,12
0,2263480223,1.133647,4399770,7
0,110430121,0.841432,4401390,17
0,3676279897,0.873324,4403367,22
0,864834287,0.916963,4404858,15
0,892773709,0.855246,4405442,2
0,1987907213,0.815499,4406095,3
0,40666291,1.212323,4411054,61
0,1132973927,1.219551,4413425,13
0,2717790811,0.968750,4416882,39
0,4203767629,0.914830,4417683,5
0,427785661,1.111464,4418408,4
0,2044819013,0.942176,4419339,7
0,2023827257,1.095980,4419924,2
0,1860599407,1.098205,4421314,13
0,288036461,0.827978,4422164,6
0,3068090917,1.048623,4423236,9
0,1595363087,0.882225,4424031,5
0,2671869203,0.944247,4424614,2
0,977081057,1.101313,4425400,5
0,1114672939,0.831508,4426185,5
0,2147931619,1.064337,4427039,6
0,437889289,1.077106,4431363,56
0,2763922841,0.954021,4433544,25
0,848287031,1.054659,4437682,53
0,2206297703,1.161727,4438677,8
0,3309734599,0.753248,4444155,72
0,2094966421,0.822653,4445300,10
0,3152742517,0.976781,4447687,28
0,838481731,0.913227,4449657,22
0,1192123109,1.192833,4450600,7
0,3005856877,0.950432,4451332,4
0,3095499059,0.879453,4453018,18
0,4215661579,0.913227,4454506,15
0,1076847197,1.050483,4455854,13
0,1001547319,0.920152,4456443,2
0,4001555867,1.186677,4457167,4
0,1891121081,0.824432,4458105,7
0,3234359657,0.849517,4459788,18
0,1148618741,0.815499,4463510,47
0,2289983723,1.132786,4466101,26
0,1452484513,0.796722,4467100,8
0,3736459981,0.937500,4471410,53
0,2335168597,0.820275,4472294,6
0,1771620139,0.791804,4473296,8
0,2767186501,0.813701,4474717,14
0,2078939873,0.913227,4475940,11
0,4242576841,0.880563,4476520,2
0,4100936113,1.130628,4479546,37
0,2060941759,0.815499,4481044,15
0,1645075891,0.940101,4484801,47
0,1452452747,0.880563,4486721,21
0,1594836097,1.012133,4488771,23
0,3727451771,0.927551,4490197,14
0,1790895737,1.064795,4490785,2
0,1493404153,0.969758,4491369,2
0,1934278963,1.039738,4492574,11
0,3500582689,1.035031,4493364,5
0,449981491,0.882225,4494361,8
0,2331507571,0.846062,4495239,6
0,2986793191,1.033142,4497696,29
0,2387083967,0.977780,4498479,5
0,725477993,1.032197,4498998,1
0,3304957577,1.017426,4502809,48
0,890943083,1.044891,4504018,11
0,13409401,1.157094,4505407,14
0,286123199,0.940101,4506545,10
0,3402507683,0.877786,4508528,22
0,1783270067,0.950432,4509592,9
0,3032242211,1.014061,4511626,18
0,2234334383,1.191605,4512795,10
0,487211657,1.201399,4515735,22
0,2931088943,0.792420,4516626,4
0,2163243881,1.080274,4517346,4
0,3856463489,1.035031,4520657,40
0,2761543711,0.851240,4521531,6
0,3877430209,0.910550,4522459,7
0,3867071993,0.942694,4524236,19
0,237531397,1.081178,4525849,17
0,2810795791,1.130628,4529834,51
0,485109389,0.985738,4530756,7
0,4063344643,0.843171,4532106,13
0,1735622579,0.836193,4533679,16
0,438397121,1.000976,4534590,7
0,812832173,0.849517,4536223,17
0,1954499059,1.132354,4536743,1
0,1094940229,1.006328,4542780,80
0,1181875967,1.077559,4544222,14
0,2187692431,1.086584,4544798,2
0,114607061,0.882225,4546631,20
0,3589327873,0.876115,4549650,36
0,3295970687,0.858664,4551656,22
0,1409940617,1.178005,4552300,3
0,3456980053,1.039268,4553016,4
0,4294661297,0.983258,4554164,10
0,2401182877,0.987223,4556066,21
0,3347369287,1.035974,4556717,3
0,2399574643,1.023646,4558413,18
0,2440473311,0.988706,4560738,27
0,2558441521,1.082983,4564458,47
0,3349922383,0.960652,4565182,4
0,2568636779,1.065712,4568710,40
0,1581917593,0.864332,4570570,20
0,2189846063,0.911086,4579222,115
0,264648011,0.942694,4580155,7
0,3549623267,0.914830,4581312,10
0,923567299,0.884436,4582445,10
0,18800077,1.101313,4583288,6
0,162022897,0.969758,4584706,14
0,142406713,0.973777,4585345,3
0,1876609187,0.911086,4590801,72
0,3814256077,0.879453,4591955,10
0,4030164473,0.913227,4592680,4
0,2944512083,0.880008,4595135,29
0,1587471089,1.043488,4596412,12
0,154764767,0.945797,4597125,4
0,1401111919,1.070284,4597704,2
0,3859550813,0.820275,4598557,6
0,1748928497,0.846062,4607267,118
0,2161202717,0.920152,4607770,1
0,2467001213,1.035974,4608709,7
0,1214276423,0.950945,4609699,8
0,1554324133,0.811297,4610208,1
0,952801867,0.920152,4612873,32
0,2898724183,0.942694,4613529,3
0,1210278941,0.940101,4619453,61
0,722443723,0.884988,4622945,36
0,933971299,1.111464,4625517,30
0,1407113053,0.972774,4627233,18
0,1807764493,1.002438,4628364,10
0,4127954717,0.981270,4629021,3
0,3074843683,1.222350,4630294,12
0,2009477671,1.091516,4634506,54
0,3644443259,0.975280,4635307,5
0,3793518241,1.038798,4635816,1
0,2877408211,1.073928,4636969,10
0,1069288547,0.908940,4638035,9
0,3637132861,1.069371,4640369,27
0,3789992441,1.121958,4640891,1
0,2894488789,0.884436,4642579,18
0,917501383,0.940101,4645916,41
0,685611877,0.766740,4647329,14
0,1843555849,1.016466,4648617,12
0,3224797747,0.688919,4649891,12
0,1397392771,0.693863,4652203,27
0,2909720353,1.129332,4655022,34
0,4171354709,0.911622,4657343,27
0,3100732027,0.942694,4658830,15
0,433565477,1.140090,4660173,13
0,2582664881,0.942694,4661938,19
0,14566031,0.942694,4662424,1
0,1136034727,0.981270,4663281,6
0,217648153,1.024123,4664054,5
0,2390632297,1.157094,4664990,7
0,820072807,0.945797,4665918,7
0,3114879913,0.988706,4667776,19
0,1556804113,0.842012,4668847,9
0,700768349,0.940101,4671739,29
0,4200889817,1.064337,4674805,37
0,2144451341,0.784369,4676721,18
0,1548950747,0.969254,4679005,26
0,4068535351,0.973777,4681410,28
0,1133643583,0.952484,4682267,6
0,1944026197,0.911086,4682933,3
0,951551803,1.068458,4684347,14
0,4222357939,0.970764,4685007,3
0,486058037,0.817294,4686206,11
0,1875153557,1.030776,4686854,3
0,784542527,0.783746,4688206,13
0,2001594643,0.877786,4691513,41
0,3808676233,0.927551,4693156,17
0,3546165373,1.098205,4693809,3
0,922651949,0.824432,4694323,1
0,1107577759,1.038798,4696568,26
0,3163651697,0.938541,4697712,10
0,614709181,0.818488,4705949,112
0,3669380177,0.971267,4708197,26
0,2070698701,0.923330,4709139,7
0,986837881,0.888841,4709792,3
0,1602673421,0.963190,4711287,15
0,2020746977,0.815499,4718783,96
0,439143203,0.928078,4723332,45
0,1619519689,1.038328,4728776,69
0,2989428077,0.920152,4730207,14
0,2807658283,1.031723,4731141,7
0,4040728663,1.079370,4733538,28
0,3414712453,0.950432,4734458,7
0,1630965859,0.980772,4735657,11
0,2347892819,1.059739,4738127,29
0,1176394957,0.906789,4739902,19
0,4245117211,0.916963,4740624,4
0,1863028709,0.746738,4742807,25
0,22033651,0.884436,4744975,25
0,1670957917,1.003899,4747366,28
0,336181621,0.978779,4749403,23
0,3445795723,0.970764,4750403,8
0,2597479223,1.048157,4753076,32
0,874459459,1.078012,4754004,7
0,2609412343,0.969758,4755367,13
0,1596591671,1.033615,4757270,21
0,2728988657,1.022214,4758265,8
0,648086071,1.008751,4761769,44
0,4254543409,0.950945,4763468,18
0,282142583,0.751301,4764666,11
0,2887540937,0.782499,4766859,25
0,628848347,1.039738,4769815,36
0,2834208061,0.911086,4771883,19
0,258897491,0.803435,4772487,2
0,1321404503,1.158360,4773557,9
0,4209896723,0.751301,4775609,23
0,1738781699,0.877786,4778489,33
0,3984092969,1.043020,4779517,8
0,3934670683,0.919621,4781792,26
0,863617721,1.081178,4784808,37
0,693863473,0.919621,4787129,27
0,3151656059,0.923330,4794448,98
0,1887403891,1.001951,4795465,8
0,2619431407,1.000488,4796255,5
0,709005307,0.849517,4798434,25
0,3748488437,0.920152,4802847,57
0,3728454419,0.889391,4803781,7
0,2918706859,0.843750,4806415,31
0,1487336033,0.937500,4807473,9
0,3975123391,0.752600,4808548,9
0,3551179663,0.920152,4811357,34
0,648125351,1.073928,4816264,64
0,17116613,1.004871,4817306,9
0,2289803041,1.075745,4819111,15
0,3300212191,1.066170,4821621,29
0,1637085343,0.813101,4824765,25
0,1638401689,0.688919,4827015,25
0,1707511459,0.829745,4829711,32
0,2829263681,0.793652,4830867,9
0,1402475483,0.668049,4835548,60
0,2849552701,1.070740,4836617,9
0,2813819083,0.855246,4838045,14
0,1000112573,0.774345,4838554,1
0,3692966777,1.071652,4840109,16
0,2587676621,0.891036,4840911,5
0,3223831043,1.044891,4842253,13
0,870405397,0.993632,4844991,33
0,3264770023,0.938021,4846268,12
0,2515910209,1.013098,4848599,27
0,3846534229,0.891036,4850582,22
0,2590783207,0.688210,4851103,1
0,3308039981,0.983258,4855644,59
0,2447853533,1.094196,4856299,3
0,1145932721,0.880563,4859442,39
0,306486809,0.814900,4860147,4
0,796600691,0.864332,4860946,5
0,1543054259,0.793652,4861671,4
0,3283811563,0.936979,4862470,5
0,1971685609,0.867152,4864943,29
0,1681263061,0.718750,4866428,15
0,2588675291,0.942176,4867567,10
0,1041570527,0.995105,4869128,16
0,1266783521,0.722139,4869770,3
0,475360903,1.025552,4871395,17
0,587607047,0.806468,4874626,36
0,2599419877,1.074382,4879555,61
0,1112411137,0.888841,4880360,5
0,2278585339,0.844907,4883819,43
0,157636763,0.853531,4884598,5
0,2123816327,0.977780,4885468,6
0,4155194059,1.132354,4886408,7
0,556585699,0.977780,4887468,9
0,3413252963,0.771818,4888328,6
0,1768448089,1.064795,4888831,1
0,4084142609,0.940101,4891083,26
0,579062947,0.910550,4896062,65
0,647572903,0.906789,4897753,18
0,2391312397,0.852959,4900754,37
0,1946512213,0.984747,4902790,23
0,3192369541,0.848942,4903379,2
0,3346722271,0.843171,4904389,8
0,423210089,0.938021,4906286,21
0,1287680143,0.851240,4906791,1
0,2887876471,0.880008,4907957,10
0,3950873189,0.919090,4912512,59
0,3249782597,0.889391,4915119,31
0,2153743213,0.956577,4916531,14
0,970116467,0.970764,4921597,62
0,2032033063,1.006328,4922419,5
0,4148887957,0.942694,4926891,43
0,2147561707,0.880563,4929700,32
0,2098875529,1.004871,4931115,14
0,1931558623,1.037387,4933651,30
0,4232412629,0.973276,4934168,1
0,1317920297,0.877786,4934816,3
0,1165424011,0.924387,4935610,5
0,1125552163,0.913227,4936666,9
0,1961736793,0.981270,4940665,51
0,2077979287,0.781250,4941326,3
0,2450467003,0.970764,4944640,41
0,4221555599,1.040677,4945235,2
0,680433389,1.050019,4948246,37
0,3471270437,0.981270,4950158,21
0,347339731,1.082983,4951020,6
0,2027352293,0.897044,4951743,4
0,880715543,1.009718,4952672,7
0,932833091,0.941657,4954783,24
0,2293191071,1.040677,4955303,1
0,3689013329,0.872205,4955956,3
0,1561353511,1.183381,4957784,20
0,321746423,0.792420,4959431,17
0,990858619,0.853531,4960373,7
0,3092197429,0.956066,4962068,18
0,4160139959,0.848367,4963286,11
0,2885749213,0.940101,4963789,1
0,508668047,1.037387,4965426,17
0,1657298491,0.974279,4967125,18
0,2391308869,1.061581,4968188,9
0,43849471,1.156672,4969176,8
0,2667760229,1.025076,4970178,8
0,1701557023,0.938021,4971251,9
0,1108824221,0.768648,4972449,11
0,390527581,0.884436,4976518,48
0,2160911861,0.730208,4978852,27
0,2553230767,0.950432,4982696,46
0,2555469451,1.095980,4983292,2
0,1568516933,0.846639,4987439,53
0,4148049109,0.852959,4990179,33
0,278335853,0.889391,4991234,9
0,3024097807,0.942176,4992159,7
0,4249814563,0.911622,4993575,14
0,4118061637,0.888841,4994521,7
0,3919371871,0.956066,4995398,6
0,238101763,0.971267,4996517,10
0,1304790503,0.978779,4998443,21
0,1986626959,1.009718,5000630,25
0,3991484297,1.100870,5003859,40
0,1300613753,0.941657,5005348,15
0,3915432797,0.970764,5006207,6
0,2530756817,0.880563,5007543,13
0,1015092431,0.805862,5008881,13
0,2467597133,1.007782,5009672,5
0,222677501,0.841432,5010456,5
0,1335521171,0.858096,5014456,51
0,567241289,0.970764,5015871,14
0,1052715253,1.063419,5018342,29
0,323307053,0.782499,5019189,6
0,1261583503,1.064795,5023847,56
0,4139913331,1.156250,5024531,3
0,3192674267,1.003899,5025327,5
0,188546153,0.818488,5025910,2
0,1960637059,1.031723,5028674,19
0,136751711,1.037387,5032194,42
0,1159750541,1.035503,5033878,18
0,3072198949,1.035974,5034670,5
0,3794425997,1.164665,5036854,25
0,257406683,0.817294,5039117,26
0,1779121343,0.805862,5043870,62
0,155881763,0.657736,5045070,11
0,147976321,1.173020,5045631,2
0,1334881069,0.977780,5046427,5
0,1577631193,1.170103,5047640,11
0,2418822779,0.804043,5050592,34
0,1179876617,0.938541,5052120,15
0,2321150597,0.781875,5054372,26
0,4058875687,0.973777,5057536,39
0,2898025211,0.793652,5058263,4
0,1294150763,0.806468,5059675,14
0,653392037,0.766103,5061998,27
0,522854947,1.033615,5063756,19
0,841607581,0.970764,5064542,5
0,1497863321,0.945280,5066506,22
0,1444955689,1.125434,5069457,36
0,377779663,0.938021,5071642,25
0,2954847821,0.871085,5072709,9
0,3428013577,0.992649,5075029,27
0,3210503761,0.827388,5076603,16
0,601983259,1.068458,5078141,12
0,1471116047,0.902471,5079725,15
0,2522237279,1.104854,5082338,31
0,224384423,0.877786,5084554,23
0,3304261111,1.001951,5085370,5
0,2737679887,0.972774,5088254,35
0,2805239293,0.846639,5089674,14
0,228282823,1.101313,5090733,9
0,954877207,0.791804,5092288,16
0,1418017219,0.944247,5094540,26
0,1361331263,0.915364,5096790,26
0,1307222333,1.004871,5097656,6
0,851884069,1.000976,5098647,8
0,4015424423,1.054659,5099234,2
0,900495613,0.911086,5100172,7
0,3731932279,1.040677,5101801,17
0,3131259947,0.925971,5102460,3
0,3576327779,0.781250,5105339,35
0,2874884251,0.877229,5110225,64
0,2926394707,0.846062,5113247,37
0,1299543239,0.844329,5115227,22
0,3023896013,1.130628,5116026,5
0,3518524453,0.938021,5117936,21
0,183605647,0.952484,5119906,22
0,4139343919,0.812500,5126262,80
0,4249358147,0.910550,5128751,29
0,2980350959,0.745429,5130178,2
0,176135737,1.019823,5133643,40
0,4063567117,1.075745,5134660,8
0,2325816457,1.102642,5135297,3
0,203327669,0.958616,5138182,35
0,173510273,0.866589,5138750,2
0,2029118587,1.104854,5140672,21
0,3889295419,0.913227,5141189,1
0,4063743083,0.952484,5142609,14
0,2033402297,0.990186,5143681,9
0,3594718937,0.911622,5147175,44
0,1116854443,1.015505,5151586,57
0,1152891959,0.775605,5152956,13
0,4113818977,0.908940,5157713,62
0,3457324909,0.975280,5160460,33
0,3575969543,1.019823,5161667,11
0,674110319,0.850092,5162384,4
0,1501942459,1.161727,5166515,53
0,4041768727,0.787475,5167109,2
0,1947574313,1.017906,5170262,39
0,3753779569,1.035974,5171474,11
0,2594564149,0.734209,5175619,53
0,3220831387,1.033615,5178381,33
0,2695887833,0.906789,5179664,12
0,722712359,0.988706,5181507,14
0,1189014899,0.996576,5185622,51
0,3885180359,0.944247,5191021,68
0,951597401,0.976781,5192949,21
0,1172183249,1.048157,5195751,34
0,2057895029,0.866589,5196266,1
0,2850877481,0.884988,5196991,4
0,1013011063,0.942694,5197638,3
0,2446373893,0.912157,5198419,5
0,3153409631,0.955044,5204265,77
0,846217349,0.911086,5206081,20
0,2120064799,0.969254,5207791,18
0,1593064189,0.950945,5212671,63
0,4089975163,1.043488,5213253,2
0,4011478409,0.947859,5215018,19
0,3776268659,0.916963,5215954,7
0,4160720969,0.987223,5217953,22
0,3664402733,1.070284,5220414,29
0,3603132661,0.867152,5222190,19
0,1110255791,1.002438,5222914,4
0,4121001679,0.942176,5223643,4
0,4170767467,0.945797,5224644,8
0,1085026021,0.945797,5225498,6
0,1658608979,0.888841,5226642,10
0,1452408593,1.019823,5229296,27
0,3682190311,0.993632,5229980,3
0,1410957463,1.257788,5234107,37
0,1787367629,0.921213,5235695,14
0,3224523403,0.891584,5238709,37
0,320718403,0.955044,5240322,17
0,2233999037,0.930180,5240977,3
0,2512122421,1.188322,5241633,3
0,2675942207,0.863202,5242782,10
0,2855532283,0.738188,5246096,41
0,2573246999,0.981270,5247088,8
0,455939593,1.064795,5256310,126
0,2153337167,1.167596,5256891,2
0,1558869749,0.942694,5259439,30
0,3033501907,0.727528,5261550,24
0,816840439,1.123697,5263183,17
0,1480828417,0.955044,5263820,3
0,4280229931,1.027930,5265099,12
0,1744602487,1.016466,5265826,4
0,846402019,0.683225,5267317,15
0,1307301511,0.981767,5269864,30
0,782441773,0.939581,5271358,15
0,5060257,0.835024,5274632,41
0,1253813227,0.825615,5276971,27
0,3214370987,0.858664,5282621,74
0,802213273,1.002438,5284803,19
0,685027991,0.923330,5286454,17
0,2075326619,0.665852,5287530,9
0,167619293,0.919621,5288811,12
0,3005990639,0.771818,5291360,28
0,1754651603,0.986728,5292867,15
0,816221633,0.851240,5293445,2
0,2735577149,1.038798,5294037,2
0,852358363,0.883883,5294622,2
0,4022909131,0.782499,5295485,6
0,3626731079,1.064795,5298155,32
0,2004350687,0.956577,5299384,11
0,437734337,0.971267,5299962,2
0,1571905477,0.833854,5300548,2
0,1080370673,0.781875,5305329,62
0,3022749239,1.101756,5306123,5
0,2304293963,0.882225,5307119,8
0,3661559617,0.906789,5311629,58
0,3971082653,1.073928,5312772,10
0,664915057,1.016466,5314046,12
0,2236952911,0.956577,5315256,11
0,470645701,0.950432,5316735,15
0,2190119419,0.913227,5318433,18
0,861699101,1.009718,5325670,97
0,3037997119,1.125434,5326386,4
0,51221509,0.843750,5327845,15
0,291024457,0.883883,5329589,19
0,725090623,0.897588,5330099,1
0,901881887,1.106621,5331292,6
0,648203419,0.873883,5332587,12
0,2259021179,1.102642,5333112,1
0,3390742703,0.908403,5335426,13
0,1644385447,0.940620,5336874,12
0,1403811271,0.940101,5337975,9
0,984382561,1.040677,5339802,20
0,3405547921,1.080726,5340539,4
0,3494946043,0.822653,5342230,18
0,2158425457,1.067086,5343434,11
0,3214377209,1.142229,5345631,25
0,2803916977,1.107503,5347173,16
0,2877343289,0.745429,5349343,25
0,1622175439,1.019344,5349931,2
0,2704061257,0.950432,5350644,4
0,93675733,1.022214,5354554,50
0,2759431811,0.907327,5356736,25
0,3344060513,0.784369,5358562,20
0,886102103,1.033615,5359984,14
0,153082417,0.973777,5361476,15
0,4238558263,1.175100,5364982,44
0,3787233991,0.916963,5367588,31
0,1476842897,1.255068,5368794,11
0,2010426079,0.829745,5369669,6
0,452521813,0.990186,5370951,12
0,2984163079,1.108825,5372372,14
0,3908368283,0.878342,5373676,12
0,1705615649,0.913227,5374960,12
0,26744099,1.108825,5375515,2
0,113775449,0.873324,5377063,16
0,781668203,0.974279,5379337,26
0,843080243,0.911622,5382422,38
0,2092432183,0.836777,5384059,17
0,2534550017,1.032197,5385481,11
0,2677029721,0.977281,5386558,9
0,705849301,1.163407,5389013,29
0,687498107,1.054659,5389804,5
0,1803733187,1.016466,5391726,20
0,3216865849,0.846639,5394264,29
0,2127380681,0.985738,5397068,34
0,3546621899,0.921743,5397583,1
0,1057708999,0.880563,5399375,17
0,3308371483,0.911086,5400460,9
0,1611007939,1.007782,5402845,28
0,1181315131,0.831508,5404688,20
0,2376061409,1.016466,5405410,4
0,1204126933,1.136229,5405994,2
0,1018549459,0.942694,5407981,22
0,3942508393,1.121958,5408574,2
0,290773781,0.781875,5411792,40
0,4169894867,0.942694,5413784,22
0,942851113,1.090173,5414427,3
0,1542913033,1.031723,5415575,10
0,496180337,0.827978,5416293,4
0,51327937,0.872205,5417552,12
0,2325395489,0.820275,5418196,3
0,4092440351,0.906789,5420319,24
0,2614465459,0.973777,5422441,24
0,2136779803,0.886090,5423445,8
0,3015077627,0.853531,5426052,31
0,2891999023,0.760345,5426772,4
0,442232269,0.877229,5427360,2
0,2348841797,0.983258,5430579,40
0,1278683957,0.956577,5432417,20
0,3925009511,0.977780,5434955,25
0,980603633,1.004385,5437969,23
0,1466653633,0.877786,5439319,10
0,512453783,0.858664,5442244,29
0,1509083879,1.065712,5443328,9
0,3684752119,0.997556,5443854,1
0,3993248317,0.766740,5444713,6
0,776111789,0.955044,5447728,37
0,284041181,0.919621,5448307,2
0,4281642199,1.088828,5448973,3
0,3971403437,0.869402,5452632,46
0,3555813139,1.075745,5453563,7
0,3714015883,1.187911,5457929,56
0,830432431,0.908403,5458863,7
0,2495816467,1.038798,5459582,4
0,830698679,0.953509,5462548,36
0,945427823,0.977281,5467654,67
0,2109200239,0.665852,5469500,20
0,2248559903,0.940101,5470430,7
0,3991027421,0.952484,5472922,29
0,2040118967,0.938021,5474561,17
0,3932323763,0.971267,5475774,11
0,691608769,0.725512,5478166,28
0,2599542269,1.199365,5481627,43
0,1416773807,0.974780,5482134,1
0,3888494657,0.949404,5486055,50
0,884359823,0.984747,5487325,12
0,4100812609,1.035503,5491179,49
0,842828683,0.946313,5492178,8
0,2571382439,0.977281,5501525,117
0,2398550909,1.074382,5502441,6
0,1545434581,0.938541,5508595,82
0,1574355617,1.239408,5513869,69
0,2902443239,1.012616,5516842,36
0,4239188101,0.863202,5517700,6
0,3037779013,0.846639,5518692,8
0,1972761829,0.758416,5522622,50
0,2769446083,0.880563,5523898,12
0,1169377843,0.860369,5525109,11
0,2877801637,0.927551,5526314,11
0,602766691,1.017426,5527600,12
0,1385064169,1.002438,5530764,39
0,1846126981,1.013098,5536057,65
0,570176879,0.864897,5537013,7
0,3651603413,0.908403,5542798,63
0,1541815841,0.761629,5544893,21
0,3353578951,1.085235,5545689,5
0,780771689,0.950945,5546192,1
0,1526887907,0.978779,5546988,5
0,2513189153,0.970764,5550834,48
0,1544407729,0.903552,5553448,31
0,52940731,0.984747,5553959,1
0,1928056733,1.065712,5556015,23
0,3947167271,0.921213,5557792,19
0,600443317,0.892679,5560882,38
0,3324111911,0.913227,5561607,4
0,1207806713,1.161727,5562404,5
0,3592263109,0.967237,5564596,25
0,539778013,0.948889,5565109,1
0,4062849407,1.043488,5566741,17
0,350377763,1.012616,5568641,21
0,2948677097,0.913227,5569849,11
0,2079394211,0.735538,5571979,24
0,3239610721,0.916963,5572618,3
0,2106323519,1.119343,5573632,8
0,2094295711,1.140518,5579385,76
0,1929456107,0.724838,5580309,7
0,2245979641,0.727528,5584892,59
0,1923640483,0.952484,5586167,12
0,1868599091,1.043020,5588762,31
0,368614271,1.195695,5590361,13
0,1119621799,0.820275,5592762,28
0,893072753,0.942694,5596671,48
0,3196420477,0.983258,5599478,33
0,2708728493,0.888841,5600789,12
0,4274987183,0.884436,5601314,1
0,1363504819,0.919621,5601825,1
0,1330966963,0.975280,5602933,7
0,152607379,0.755190,5603453,1
0,1971854461,0.753248,5605778,27
0,3267365389,0.907327,5607672,21
0,3128666867,0.954021,5610284,31
0,851439487,0.820275,5611434,10
0,963381709,0.986728,5612707,12
0,371229139,0.886090,5614332,17
0,3675123769,1.094196,5615468,10
0,3057687323,0.864332,5617088,17
0,1453317893,0.908940,5618024,7
0,1332442759,0.888841,5619236,11
0,3200264699,0.971267,5621812,30
0,4087750571,0.908940,5624809,21
0,2391818843,1.039738,5625688,4
0,117541297,0.938021,5627576,21
0,357583777,0.978779,5629674,24
0,2668456589,0.970764,5631157,15
0,1854282007,1.217146,5637396,83
0,4168027063,0.736201,5638911,15
0,2249894267,0.858664,5639929,8
0,3741454831,1.007782,5640719,5
0,1413183377,0.973276,5644870,42
0,1856511077,1.063419,5648343,42
0,1489147357,0.938541,5650403,23
0,2517288913,0.985738,5652091,18
0,1329360803,1.108825,5656610,52
0,2995632329,0.938541,5657698,8
0,4254930497,1.031250,5658559,6
0,3807011953,0.973777,5660529,22
0,808273637,1.142657,5663549,37
0,3525116633,0.908940,5665743,25
0,3389397523,0.975280,5666667,7
0,607272973,0.880008,5668505,20
0,1571728121,1.101313,5669375,6
0,1632659533,0.707797,5672385,37
0,2879472361,1.038798,5677083,61
0,2121769499,1.002438,5677738,3
0,2477284321,1.000000,5682437,61
0,935659171,1.043020,5685454,37
0,1518649133,0.858096,5686105,3
0,869747927,0.944247,5689899,48
0,3193071451,0.969254,5690624,4
0,2507200649,0.694566,5692047,14
0,3955327837,0.882225,5693682,17
0,1366319897,1.040677,5694187,1
0,777428293,0.844907,5696788,31
0,3498041831,1.033615,5700248,43
0,417178057,0.946313,5701652,14
0,3564531127,0.688919,5702171,1
0,2451117037,1.142229,5703796,11
0,1352846371,1.098650,5704834,8
0,370609013,0.876115,5706471,17
0,2865659257,1.095980,5709543,35
0,1341740591,1.068458,5710081,1
0,3526164337,0.844329,5710671,2
0,3078474713,0.906789,5714059,42
0,974588051,0.940101,5715255,11
0,2427466553,0.978779,5717018,19
0,2046536123,1.008751,5719211,25
0,2258633023,0.854103,5721800,31
0,3435173639,0.877229,5723502,18
0,2920912607,0.880008,5724862,13
0,1319781481,0.975280,5728639,48
0,3866036563,0.981270,5729568,7
0,972869983,0.946313,5734981,71
0,1147018931,0.848367,5736679,18
0,4137510463,0.753248,5737478,5
0,648670079,1.062959,5738274,5
0,520116563,0.919621,5741385,33
0,889223249,1.019344,5748580,79
0,321889783,0.698072,5751869,38
0,2556799067,0.987223,5755940,52
0,1160577799,0.849517,5756789,6
0,2176211909,0.864897,5766953,139
0,3892789679,1.064337,5770101,39
0,2471341567,0.875558,5774318,54
0,568576231,0.988706,5775173,6
0,3408287899,0.928078,5777150,22
0,717492731,1.205861,5779193,23
0,1543635427,0.940101,5781312,24
0,2933033693,0.873883,5782104,5
0,3686688757,0.973777,5782767,3
0,1718659351,0.956577,5786711,50
0,542823319,0.875558,5787495,5
0,4231794997,1.132354,5788235,4
0,2095277453,1.098205,5788820,2
0,3984011873,0.947859,5790165,13
0,3718245857,1.115848,5791172,8
0,64104421,0.962683,5792712,16
0,3805718561,0.995105,5794896,25
0,1884743603,0.907327,5795411,1
0,1365949517,0.970764,5795998,2
0,1281858859,1.049554,5797288,9
0,2261907787,0.973777,5798021,3
0,1098234451,1.016466,5802154,53
0,3459067471,0.844907,5803975,17
0,279566629,0.858096,5806664,32
0,3695634601,1.070284,5807242,2
0,121588661,0.906789,5814095,92
0,1182776561,1.046292,5815166,9
0,2148331877,1.194470,5817634,29
0,192814117,0.877786,5818276,3
0,2572491133,0.844907,5820744,29
0,690140291,0.820275,5823694,36
0,125754907,1.074382,5825175,15
0,2301170147,0.719429,5826027,6
0,1574186113,0.846062,5826531,1
0,2966539073,0.860369,5827456,7
0,4032765931,0.971267,5828254,5
0,1295307613,1.002438,5829602,13
0,2058463447,0.875558,5830394,5
0,445650229,0.986728,5833609,40
0,668343007,0.817891,5836932,41
0,4179986281,0.827388,5840572,46
0,3097064473,0.950432,5841642,9
0,2413617203,1.082983,5842226,2
0,1624463221,1.044891,5845309,35
0,2450494103,0.977281,5848660,28
0,1965958769,0.958616,5849752,7
0,3115595669,0.882225,5851794,23
0,75638197,0.693863,5852928,10
0,499784777,0.842012,5853637,4
0,2083763411,0.848942,5854368,4
0,2319813641,0.908940,5856615,26
0,4214678453,0.831508,5859583,36
0,16758173,0.880563,5862811,40
0,1445371927,0.884988,5863385,2
0,1924379917,0.914830,5865158,19
0,3420914723,1.140518,5866229,9
0,1217459531,0.783746,5868415,25
0,892273111,1.191605,5868929,1
0,285624389,0.867152,5869490,2
0,1567168093,1.119343,5874458,65
0,1611770129,0.846639,5875093,3
0,3062564599,1.003899,5877066,22
0,738618107,1.039268,5878695,17
0,455231297,1.002438,5880578,21
0,2568611179,1.002438,5883605,37
0,1061166439,1.079370,5885855,26
0,3469930991,0.958616,5887570,18
0,498402703,1.149898,5891998,57
0,2978778767,0.778746,5892648,3
0,2644640279,0.813701,5893153,1
0,2822511019,1.027930,5896033,35
0,668611841,1.046292,5896669,3
0,2416003243,0.753248,5903196,80
0,4082504837,0.877786,5903741,1
0,3566496343,0.817891,5905434,18
0,3877902949,0.889391,5907201,19
0,818888381,0.879453,5908619,14
0,1843091527,0.950432,5909907,12
0,2102730859,1.002438,5912033,24
0,142455541,0.972272,5916101,52
0,1098144847,0.883883,5918140,23
0,1652757133,1.035974,5918711,2
0,2663960483,0.784369,5920061,13
0,3314341873,1.035974,5924613,59
0,557776223,1.064795,5925270,3
0,2596707103,0.973777,5926688,14
0,1808768263,0.820275,5928594,21
0,1389596927,0.913227,5929324,4
0,1807333609,0.915897,5937577,112
0,3656597089,0.843750,5938517,7
0,1017917819,0.972774,5940156,17
0,3302064737,1.000488,5941703,16
0,2869874269,1.048623,5942497,5
0,2168630377,0.968750,5944255,19
0,3834000091,0.839108,5946655,24
0,1064511857,1.054659,5949474,21
0,3963489287,0.981767,5952394,29
0,2456755247,0.947859,5953268,6
0,3362894429,1.012616,5959018,76
0,3410049977,1.164665,5960089,9
0,402809227,0.950945,5960583,1
0,3654621907,0.885539,5961799,11
0,2798672377,0.983258,5964210,28
0,2536310603,0.867152,5966743,30
0,947163563,0.836777,5967527,5
0,1683508711,0.913227,5968038,1
0,1682254727,0.889391,5969865,20
0,106553329,0.978779,5970377,1
0,2203544593,1.253511,5971091,4
0,2404569227,0.863202,5973482,28
0,482840879,1.238620,5974475,8
0,968988463,0.839108,5976445,22
0,448564927,1.073928,5977443,8
0,2874853061,0.805862,5978790,13
0,958271201,1.075745,5980149,13
0,2038584313,1.133217,5980869,4
0,3439734839,1.039268,5982290,7
0,3997249349,0.855246,5983878,15
0,2236728961,1.000976,5985933,23
0,316392497,1.079370,5989077,39
0,3555284989,0.893772,5991577,29
0,932439197,0.923330,5994597,37
0,712738891,0.940620,5997009,28
0,932793047,1.078917,6000739,47
0,1347997661,1.054659,6006279,73
0,4198077293,0.831508,6008414,24
0,1327140049,0.862070,6009415,8
0,484597357,1.070284,6012292,35
0,346489021,0.791804,6013492,11
0,247324967,0.760987,6016575,38
0,1898196271,1.095534,6019184,31
0,126267389,1.104854,6019692,1
0,2384062979,0.981270,6020270,2
0,973237523,0.791804,6020841,2
0,1303522559,0.990679,6022261,14
0,1473060497,0.891584,6025070,34
0,4130559409,1.107503,6027749,32
0,60616243,0.950432,6028949,11
0,50061091,0.906789,6029523,2
0,466435927,0.950432,6035273,66
0,204420001,0.895409,6037494,25
0,2536797299,0.784369,6038452,5
0,1257350443,1.094196,6039890,14
0,2508329917,1.035031,6042358,29
0,2555711003,0.848942,6043636,12
0,813693929,0.880563,6046028,28
0,3369762881,1.090173,6051917,56
0,2459866133,0.942694,6054626,30
0,625704383,0.963190,6057719,38
0,4001986301,0.940101,6058448,4
0,907038793,0.768648,6060556,24
0,109485193,0.880563,6064673,53
0,350863309,1.007782,6065896,11
0,1283474327,0.686078,6067371,15
0,1675227343,0.910550,6070320,36
0,2621466557,1.034559,6075173,63
0,4147565269,0.880563,6076947,19
0,2175665537,0.848942,6078489,16
0,2162680217,0.973777,6081928,43
0,1361314711,0.942694,6084396,29
0,851543009,0.937500,6086997,31
0,4252559587,1.000488,6088210,11
0,1902099679,1.272455,6089497,12
0,931248167,0.931229,6090366,6
0,3592659977,0.820275,6093315,36
0,3934071751,1.194878,6094181,6
0,141648883,1.101313,6095733,16
0,3801255191,0.818488,6096659,7
0,1644803201,0.849517,6097229,2
0,2674487279,0.858096,6098728,15
0,959808169,1.014061,6099856,10
0,2711345003,1.098205,6107135,93
0,2601635497,0.815499,6108179,6
0,2752264303,0.897044,6108767,2
0,1858683143,0.875558,6111236,29
0,1376383171,1.067086,6113408,25
0,1365765673,0.956066,6114684,12
0,3228001993,0.877229,6117276,31
0,2143124957,0.814900,6118498,11
0,2918837101,0.846062,6119938,14
0,835241047,0.941657,6121357,14
0,1426235731,0.910550,6125926,59
0,4281753953,1.073928,6126852,7
0,3634971959,0.963190,6128767,21
0,1744773703,0.853531,6130559,19
0,2505694813,0.950945,6131285,4
0,3396399229,0.987223,6132285,8
0,4206845849,1.128467,6133511,11
0,696388307,1.009718,6134019,1
0,1966742753,0.915364,6135857,20
0,3919340567,0.813101,6136444,2
0,630058057,0.846062,6137383,7
0,58390687,0.781250,6139842,29
0,3588208303,0.942176,6144283,57
0,2245035059,1.019823,6145342,9
0,2655050501,1.075745,6145850,1
0,105823591,1.004385,6147193,13
0,3089565013,0.944247,6152477,65
0,2323373729,0.655506,6154692,9
0,3504975007,0.940101,6156401,14
0,2051031379,0.942176,6157321,7
0,2991932777,0.805862,6159362,23
0,3592929449,0.880008,6161818,29
0,1269976339,1.019823,6162396,2
0,1899586999,0.908940,6165989,45
0,2528205299,0.950945,6166782,5
0,529998197,1.006328,6168066,12
0,229959007,0.941657,6169059,8
0,33058799,0.970764,6170673,17
0,565521581,0.944247,6171249,2
0,609877823,0.858096,6172620,13
0,2286612169,0.724838,6175924,41
0,1915994627,1.064795,6176705,5
0,1148773667,0.817891,6178185,15
0,2099431717,0.827978,6179319,10
0,3100214891,0.938541,6182918,45
0,181179179,0.786234,6183835,7
0,1883199403,0.653267,6184352,1
0,3617318993,1.110145,6185142,5
0,4032492983,0.842012,6185800,3
0,3016596839,1.054659,6186813,8
0,930817871,1.035974,6188650,20
0,2680323647,0.915364,6189796,10
0,3668464739,1.035974,6191292,15
0,2987720779,1.095980,6195774,58
0,2901282217,1.125434,6196931,10
0,2502633277,0.851240,6198142,11
0,2321600321,1.068458,6198787,3
0,1563417169,0.877229,6200087,12
0,2114971213,0.924387,6201092,8
0,481184057,0.848942,6201870,5
0,1071951259,1.191195,6209274,95
0,1934736893,1.038798,6210235,4
0,678566143,0.952484,6213347,38
0,590547163,1.163407,6216229,35
0,2707606987,0.864332,6219104,35
0,97060517,0.916963,6220362,12
0,446026457,0.946829,6221011,3
0,4052673787,1.238620,6221739,4
0,716518919,0.940101,6222533,5
0,3697424407,0.848942,6223672,10
0,3256799807,0.897044,6224184,1
0,3798964907,1.091516,6224770,2
0,3117945553,0.970764,6227090,27
0,1952547607,1.133647,6227595,1
0,684998003,0.993632,6228111,1
0,2512216349,0.981767,6229744,17
0,3157718219,0.849517,6232486,33
0,2047806283,0.952484,6233004,1
0,3985543013,1.035031,6233589,2
0,268445267,0.950945,6234303,4
0,1416500651,1.109705,6236430,24
0,3765732793,0.834439,6238470,23
0,1612131419,0.834439,6240436,22
0,683948521,1.039268,6245004,59
0,3981811609,0.975280,6245798,5
0,1929499289,1.007782,6247499,18
0,2991176693,0.976781,6248022,1
0,1820987611,0.920152,6249430,14
0,795097217,1.043020,6250357,7
0,1532839043,0.975280,6251011,3
0,3014357947,1.068458,6252872,16
0,2796759307,1.064795,6258275,55
0,1846345973,0.977281,6259862,14
0,4001953727,1.037387,6260462,2
0,2068905757,0.970261,6261196,4
0,3489756377,1.054659,6262113,7
0,320870479,0.665852,6263096,8
0,1294022963,0.793652,6264228,10
0,3435697301,1.156672,6265291,9
0,4154125267,0.950945,6265959,3
0,3810377299,0.964709,6267171,11
0,661602017,0.889391,6269160,22
0,3291807791,1.064795,6275386,83
0,1309697413,0.965215,6276307,7
0,2261186549,0.766103,6277953,17
0,1234655237,0.908940,6280842,35
0,4150702537,0.773714,6281426,2
0,2929007527,1.012616,6282016,2
0,3173925269,0.897588,6284618,31
0,1024682671,0.858664,6285201,2
0,2587872649,0.991172,6288859,46
0,2491259273,0.862070,6291187,27
0,1878654311,0.884988,6293183,22
0,316218113,1.063419,6293819,3
0,3329750569,0.973777,6295453,17
0,4278951163,1.127168,6296392,7
0,2389208501,0.880563,6297902,15
0,632216867,1.067086,6299386,15
0,2919151111,0.753248,6302160,33
0,2595282647,1.113658,6303443,12
0,3311627351,0.863202,6304373,7
0,1646860541,1.065254,6305367,8
0,1636922849,0.899761,6307828,25
0,669194441,1.094196,6311820,51
0,1514262793,0.877229,6314960,36
0,3010767731,1.001951,6318926,50
0,3116936059,0.877229,6320206,12
0,1815371969,0.956577,6324427,54
0,2879217667,1.171771,6324942,1
0,263267773,0.753248,6327340,28
0,2815544813,0.916963,6328137,5
0,4182367793,1.035974,6329003,6
0,1979026279,1.115848,6329799,5
0,4063641707,0.814900,6330592,5
0,3612088097,0.834439,6332942,27
0,1218801743,0.783746,6335550,31
0,679155371,1.004385,6337101,16
0,3844724699,0.812500,6345668,116
0,70860943,0.969254,6346364,4
0,882326167,0.932801,6347226,6
0,1553109013,1.062959,6348843,17
0,3122839717,0.822653,6349348,1
0,2892206623,0.760987,6350700,13
0,3295533289,0.913227,6352811,24
0,186837029,0.855246,6353862,9
0,3442417411,1.126301,6356589,28
0,1132681817,1.201399,6357461,6
0,1293496123,1.075745,6359003,1
0,2946734003,0.786855,6361448,27
0,1478032993,0.884436,6363856,28
0,2866876153,1.059278,6364582,4
0,2568201007,0.939581,6366212,17
0,2873739563,0.991172,6374117,107
0,2361244901,0.796109,6377343,40
0,468936733,1.110145,6378337,8
0,1991524303,1.126735,6381167,34
0,4124675729,1.189554,6384459,41
0,1529706847,1.137517,6385118,3
0,2600591687,1.043488,6386953,20
0,3053175067,0.981270,6389075,24
0,1179177577,0.986728,6389932,6
0,1248920627,0.933847,6391685,19
0,3575576309,0.975280,6394166,29
0,2853705181,0.932801,6396639,29
0,2823426761,1.019344,6398389,19
0,3101783437,0.978779,6399456,9
0,1282419793,1.265529,6402257,34
0,664276901,1.000488,6404776,30
0,1973211179,1.142657,6405572,5
0,2048958019,0.730208,6406228,3
0,2434790693,1.033142,6407368,10
0,3551316931,0.820870,6408161,5
0,755025599,0.876673,6410762,25
0,290088419,0.886090,6411660,6
0,4063879363,0.950432,6412451,5
0,757642099,1.105296,6413044,2
0,3133798597,0.954021,6416822,45
0,2143448917,0.791187,6420560,47
0,692712593,0.916963,6421827,12
0,4255627963,1.064795,6422915,9
0,3009457531,0.938021,6425251,27
0,241148249,0.886090,6426245,8
0,3449228551,0.817891,6427103,6
0,919213969,1.094643,6427815,4
0,2024019077,0.822059,6430403,31
0,1880763553,1.007782,6432153,19
0,732855727,0.860369,6432741,2
0,1707500203,0.937500,6433253,1
0,1902202619,1.054196,6433835,2
0,3098763971,1.004871,6437412,45
0,3036661813,0.946313,6440032,31
0,2648899921,0.846639,6441727,18
0,1388479453,0.942176,6442868,10
0,447273721,0.894864,6443381,1
0,317018081,0.942694,6445011,17
0,269490493,1.139661,6446353,13
0,2450969693,0.875558,6448262,21
0,1253280367,1.095980,6450659,28
0,1385547017,0.766740,6451162,1
0,2580357809,0.827978,6453474,27
0,2897694377,0.945797,6454126,3
0,1718111609,1.050483,6457204,33
0,3225729877,0.787475,6458015,5
0,4277561609,1.035974,6462241,38
0,2238650543,0.916963,6463273,6
0,692331539,1.106621,6464614,13
0,4150614487,0.970764,6465214,2
0,2129074201,1.035974,6466435,11
0,2475629087,0.969254,6468479,23
0,3584031173,1.038798,6472832,56
0,4164757099,1.098650,6474048,11
0,1478718193,0.945797,6475826,19
0,1206997963,0.952484,6476564,4
0,2279797987,0.820275,6477136,1
0,1300751567,0.981270,6477938,5
0,339275887,0.804043,6479076,10
0,3958935307,0.919621,6480997,21
0,3228214819,0.921743,6482266,12
0,4051463641,1.010685,6483406,10
0,1114888727,0.894864,6486072,32
0,705914117,1.073928,6486641,2
0,35942219,0.942176,6487552,7
0,2307326653,0.973777,6488968,14
0,1444315007,1.115848,6490046,9
0,1388478193,0.997556,6490555,1
0,3100035647,0.854103,6491140,2
0,2446401679,0.973777,6496026,64
0,3446548009,1.061581,6496813,5
0,4121168239,0.806468,6499280,29
0,2656332097,1.074382,6505090,77
0,1599032587,0.915897,6508523,43
0,2240030861,0.823246,6514221,71
0,3072280313,0.875558,6516020,19
0,498932557,0.852959,6518230,23
0,2731033883,0.817294,6520708,29
0,1793677751,1.079370,6521224,1
0,2387831903,0.987223,6524541,41
0,3547820701,1.002438,6525060,1
0,1931682289,0.913227,6529617,59
0,2174850917,1.001951,6531028,14
0,565872929,0.886090,6532430,14
0,3461343359,1.070284,6533167,4
0,1255345073,0.956577,6535482,27
0,448153709,1.079370,6536543,9
0,2623599053,0.908403,6537055,1
0,3002282827,0.796722,6537847,5
0,2268928369,0.991172,6538356,1
0,1487390011,0.782499,6540352,22
0,2445929753,1.033615,6542744,28
0,4093852771,0.947859,6544804,23
0,911693843,0.923330,6546718,21
0,3614964803,1.067086,6548740,21
0,3175867763,0.906789,6549425,3
0,4016446723,0.945797,6551326,21
0,1914163633,0.915364,6552956,17
0,1397496539,1.161727,6554520,16
0,3441795443,0.719429,6555313,5
0,3711894499,0.846639,6556391,9
0,3567297847,0.985738,6560267,45
0,1562676659,0.858664,6563986,32
0,2413752283,0.949404,6564756,2
0,4232596309,0.880563,6569456,61
0,270496931,1.139233,6570732,12
0,1075876091,1.187089,6571649,7
0,1603625269,0.842012,6574315,32
0,1820762161,0.953509,6575023,4
0,3703600189,1.157094,6576019,8
0,674094893,0.906250,6576668,3
0,4021474333,1.230314,6579560,35
0,2372684317,0.705032,6582586,37
0,2367607807,0.932801,6583323,4
0,2488702571,0.969758,6584252,7
0,977325539,0.783746,6585249,8
0,3943657681,0.830921,6586957,18
0,2694529979,0.846639,6589351,28
0,425132053,0.895409,6592709,42
0,2531997031,1.035503,6594834,24
0,207241907,1.079370,6595894,9
0,4194872377,1.063419,6597721,20
0,3832617329,1.207884,6603644,78
0,2049238987,0.882225,6605062,14
0,3217966841,0.973777,6608026,36
0,280812121,1.067086,6611041,37
0,1843839377,0.848367,6615570,54
0,3214600951,0.786234,6616398,5
0,1296404783,1.043020,6617186,5
0,3440535587,0.938021,6619226,23
0,34944229,1.037387,6620763,13
0,510493673,1.064795,6626429,73
0,3533847281,0.805862,6627302,6
0,1808821967,0.904092,6630113,34
0,1521173077,0.955044,6632641,30
0,2792728577,0.973777,6637676,66
0,2656282969,0.756482,6638672,8
0,4118091737,1.035974,6640300,17
0,213758339,0.911622,6642684,28
0,1526343307,1.000488,6643267,2
0,3067027157,0.969254,6643784,1
0,1408181317,0.915897,6644510,4
0,899876563,0.877229,6647316,34
0,2108242933,1.000000,6652652,70
0,1036012877,0.986728,6654405,19
0,1514355023,0.880563,6655264,6
0,1062476669,1.073928,6656897,17
0,1688158019,0.879453,6658733,20
0,512667037,1.073928,6660571,20
0,1371983071,0.701561,6662127,11
0,4204721791,0.921743,6662743,2
0,3125084159,0.814900,6667092,40
0,3919188773,0.822653,6671004,47
0,3321949769,0.742804,6671719,4
0,3893330689,1.109705,6673051,13
0,2623342333,1.070284,6673772,4
0,3093050027,0.955044,6675263,15
0,3249904967,0.962683,6677936,32
0,3050357419,1.122393,6678724,5
0,861227597,1.009718,6685165,86
0,792054017,0.899761,6688308,39
0,2988772999,0.993141,6690342,23
0,3725504177,0.932801,6691272,7
0,3541790569,0.864897,6691933,3
0,697916951,0.910550,6693695,19
0,3021344257,0.863202,6695161,15
0,3543317881,1.035503,6696589,14
0,2921972353,0.829745,6698011,14
0,1140951709,0.886090,6699700,18
0,161695741,0.724164,6703192,44
0,3284102207,0.911086,6706561,42
0,219175153,0.820275,6708445,21
0,1001349697,0.787475,6710217,19
0,2908199669,1.226737,6711306,9
0,3669715991,0.973276,6715323,51
0,1117857469,0.880008,6716384,9
0,22997431,1.025076,6718233,16
0,496446179,0.784369,6721126,35
0,236347613,1.064337,6722330,11
0,281757731,0.787475,6724432,21
0,2173167317,0.908940,6725021,2
0,4282965509,0.938541,6727576,30
0,2673976831,0.940101,6730076,29
0,2324918671,0.973777,6731227,10
0,2028441391,0.969254,6732936,18
0,1124304037,0.969254,6734200,12
0,2520093349,0.908403,6738231,51
0,85134397,0.755837,6739842,17
0,3723295837,0.930180,6742659,34
0,1623120449,0.970764,6745391,33
0,1190083901,1.047225,6747378,22
0,4045034611,1.012133,6750460,38
0,1213110947,1.031250,6753759,41
0,4135510727,0.848367,6754356,2
0,829852591,1.095980,6755779,14
0,3403164887,0.893772,6758043,26
0,3014830939,0.882225,6758769,4
0,365993149,0.932277,6762563,48
0,3789872561,0.789333,6766436,44
0,1420662559,0.848367,6768892,15
0,3125916809,0.925443,6769933,6
0,331501679,0.984747,6770504,2
0,587108213,1.119343,6772829,27
0,294425897,0.892679,6775281,29
0,2206269971,1.132354,6778014,33
0,4227621529,0.947859,6778810,5
0,2765350213,1.064337,6779808,8
0,2202352037,1.095980,6782824,37
0,2222714003,0.910550,6783477,3
0,728797451,1.044891,6784812,13
0,311062013,0.753248,6785876,9
0,578433419,0.942694,6787789,21
0,3804512627,0.952484,6789993,25
0,2001801127,0.972272,6792661,32
0,2295629753,0.815499,6793514,6
0,2763409049,0.817891,6799679,82
0,1107772279,0.973777,6801159,15
0,2153923313,1.186677,6801728,2
0,1177240591,0.846062,6802511,5
0,1279873643,0.853531,6806104,44
0,1469303443,0.902471,6806812,3
0,3177825103,0.925971,6807893,9
0,2919168509,1.107944,6809326,14
0,465908701,1.218750,6810183,6
0,1732969057,0.978779,6810747,2
0,1237869239,0.919621,6814390,46
0,1639628737,0.977281,6815954,16
0,3205938839,1.050483,6816753,5
0,1495871173,0.970764,6817400,3
0,1249799711,1.085235,6818056,3
0,618349,0.736201,6819793,14
0,2095058509,0.958107,6822502,32
0,44052781,0.787475,6823066,2
0,2696043001,1.055121,6824279,11
0,326347421,0.950945,6825528,9
0,4284768613,0.975280,6829551,51
0,3270662939,1.008751,6830133,2
0,341502839,0.886090,6830643,1
0,3712438117,1.067086,6831646,8
0,1552032959,1.031723,6833970,27
0,1127966933,1.095534,6834974,8
0,1825461973,0.969254,6837662,32
0,285658067,0.797334,6839916,26
0,2715652657,0.993632,6841672,19
0,3529703,0.902471,6842229,2
0,3613029457,1.002438,6844016,19
0,659165729,1.002438,6848913,64
0,3470793709,0.843750,6854651,76
0,3089314931,1.030776,6855367,4
0,3520271551,0.877786,6856090,4
0,3038079041,0.858096,6857703,17
0,3974404747,1.008267,6858286,2
0,124450763,0.786234,6859576,12
0,292022827,1.039738,6862110,30
0,2772907399,0.688919,6862976,6
0,248925059,1.000488,6865168,25
0,1910190901,0.864897,6868001,29
0,3112866401,1.025552,6869444,14
0,786277031,1.128467,6871764,12
0,859074241,0.913227,6874800,35
0,2506593737,0.795495,6875952,10
0,3299423917,0.804043,6876671,4
0,897729337,1.016466,6881146,58
0,3158624669,1.156672,6882012,6
0,1036786577,0.908403,6887133,67
0,3036388811,0.919621,6891638,58
0,2576797493,1.233485,6892500,6
0,3739150487,0.942694,6894279,19
0,1600901213,1.173020,6895358,9
0,135427993,0.891036,6900964,74
0,3388909621,0.844329,6902591,17
0,3334157327,0.802219,6903318,4
0,1189509457,0.977281,6904947,17
0,1481801819,0.983258,6905658,4
0,2633287873,0.985738,6906937,12
0,2756520671,0.782499,6907658,4
0,2101918337,0.969758,6908373,4
0,4087826209,0.950945,6909090,4
0,1721909047,0.908403,6912594,44
0,1285628207,0.944764,6914153,16
0,3237813653,1.043488,6916902,33
0,3347244959,0.915897,6918963,23
0,792543139,0.832682,6928490,123
0,923827061,1.004871,6930438,21
0,3196634437,0.781875,6931512,9
0,3144706141,1.094643,6934926,42
0,566842693,0.987223,6935429,1
0,922070137,0.855246,6936644,11
0,4221382757,0.753248,6938131,15
0,2472324047,1.023646,6940463,27
0,1470769541,1.035503,6943127,32
0,336965749,1.094196,6946492,42
0,1754069699,0.939581,6947845,13
0,3412526339,0.911086,6948566,4
0,3941263247,0.956577,6950977,28
0,2164577117,0.942176,6952599,17
0,3858338119,0.796722,6954716,24
0,2588044091,0.915364,6955643,7
0,2752778489,0.914830,6958166,30
0,1002344207,1.019344,6959739,16
0,2350378301,0.855246,6960464,4
0,1675165949,0.925443,6961058,2
0,240482279,0.858664,6961775,4
0,2723613589,1.099538,6962923,10
0,33422173,0.907327,6966553,46
0,1474235549,1.008267,6969223,27
0,4163706161,0.978779,6970024,5
0,2941696669,0.796722,6973063,25
0,2297236441,0.950945,6975960,30
0,63354191,0.944247,6977663,18
0,648059047,1.035503,6983065,71
0,3643462159,0.985738,6983645,2
0,3120424297,0.884436,6986527,35
0,613235141,0.735538,6989054,30
0,795872537,0.910014,6992127,38
0,944181397,0.971267,6993668,16
0,1827956077,0.778746,6994322,3
0,3354566279,1.078012,6995047,4
0,4208962393,0.864897,6996488,14
0,3122355013,0.971267,7000755,55
0,660397357,0.877786,7002947,25
0,2963198291,0.637377,7004713,19
0,3954603721,0.952484,7008931,54
0,1056261781,1.187911,7011610,32
0,3740749367,1.007782,7012340,4
0,463852273,1.064795,7013905,16
0,655865759,1.180489,7017484,45
0,1757365849,1.037387,7019245,19
0,2831970499,1.125434,7021999,33
0,3943152047,0.677484,7023613,12
0,4203930293,0.946313,7024286,3
0,2360548153,0.860369,7029059,60
0,2936590861,1.105296,7030995,21
0,1536901741,0.858664,7032549,16
0,239152313,0.944247,7033045,1
0,2968255427,0.820275,7036139,38
0,204894289,0.942176,7037604,15
0,1594509601,0.813101,7040123,30
0,2823173971,0.911622,7042786,32
0,1248370399,0.864332,7045629,34
0,2440741157,1.037387,7046991,13
0,3560878969,0.773714,7048285,10
0,1722148867,0.668049,7049863,16
0,3383251427,0.895409,7057014,96
0,693091643,0.942694,7058449,14
0,4171377013,0.938541,7060154,18
0,3700905911,0.910550,7062765,31
0,3265958233,0.908940,7067031,55
0,2148537257,0.787475,7069418,28
0,303277901,0.971267,7070545,10
0,2751014933,0.995105,7071593,4
0,978663901,1.136229,7074228,31
0,4145967643,0.975280,7076804,17
0,1422301949,1.037387,7079223,25
0,1727137501,1.017906,7080309,9
0,3732669679,0.753248,7086502,82
0,1962309301,0.932801,7087305,5
0,704034869,1.070284,7088163,6
0,3509943161,0.751301,7088817,3
0,2953126441,0.820870,7089869,9
0,3228187327,0.908940,7091436,16
0,2760946121,0.793652,7098705,98
0,1919329583,0.787475,7099357,3
0,700114699,1.067086,7099944,2
0,3849698971,1.126735,7103529,45
0,1452674471,1.006328,7105087,16
0,989348671,0.880563,7106644,16
0,1505547577,1.037387,7112547,78
0,4223920787,0.940620,7116981,57
0,2354713523,0.753896,7117836,6
0,797945987,1.161307,7120154,27
0,3774781009,0.913227,7123587,43
0,4787179,0.968750,7124215,3
0,2855199847,0.864897,7129791,70
0,1204547051,0.880563,7130405,2
0,2121618319,0.942176,7132528,24
0,99671977,0.970261,7136552,50
0,3512936863,0.919621,7137562,8
0,207049489,1.073928,7139109,16
0,553667167,1.035974,7139816,4
0,3321820867,1.093303,7140615,5
0,467199329,1.132354,7141745,10
0,525642463,0.976781,7144143,28
0,3451264483,0.969254,7144867,4
0,3455905619,0.911622,7145605,4
0,1919275543,1.035031,7146325,4
0,3087718717,1.129332,7151223,64
0,355742381,1.069828,7153537,27
0,1571228947,0.884988,7155720,25
0,1907897389,1.012133,7158876,39
0,1777347511,0.876115,7160023,10
0,2057923261,0.814900,7162990,36
0,3005986799,1.001951,7164278,12
0,2035913519,0.964203,7167451,39
0,3634756277,1.156250,7169580,24
0,684644327,0.920152,7170586,8
0,2981626853,0.938541,7171238,3
0,3163695419,1.038798,7172655,14
0,1215065857,0.877786,7176271,41
0,2762290931,0.958616,7180781,40
0,2904011557,1.002438,7184340,42
0,1217603489,0.832682,7185606,12
0,1349403059,0.877786,7186600,8
0,191914909,0.877786,7188154,16
0,2255821819,0.894864,7188740,2
0,1766983003,0.993632,7190429,18
0,1585952293,0.955044,7191435,8
0,2948791147,0.934370,7195466,51
0,679390769,1.101313,7196249,5
0,594010679,0.913227,7196976,4
0,1496299327,1.066628,7199102,24
0,4113107171,1.236647,7201432,27
0,2258799611,1.000976,7202586,10
0,3003759193,1.152867,7204011,14
0,3560412007,0.824432,7207113,38
0,3615265063,1.133647,7207628,1
0,261761177,0.995105,7208903,12
0,2459257289,0.947859,7209477,2
0,3316426279,1.070740,7211177,18
0,3803543969,0.880563,7216072,64
0,4235811529,0.936979,7218462,28
0,2879179357,1.078012,7220322,20
0,3654896209,0.705724,7221318,8
0,610494217,0.827978,7222652,13
0,310505413,1.019823,7223649,8
0,3021679517,1.195695,7224509,6
0,2382510523,0.787475,7225163,3
0,251924111,0.784369,7228440,41
0,3948685973,0.850666,7230078,17
0,875355059,1.110145,7232964,29
0,223944131,1.016466,7233696,4
0,916910699,0.846062,7235600,21
0,995859401,0.786855,7237683,21
0,3490414751,0.884988,7238756,9
0,1163914481,0.971267,7239340,2
0,449575369,0.844907,7240335,8
0,1887355891,1.008267,7242173,20
0,1008412807,1.085235,7242963,5
0,1694792833,0.866589,7244169,11
0,488796901,1.073928,7246410,26
0,204568919,0.791187,7247676,12
0,376872827,1.125868,7250088,28
0,1895002463,1.044891,7252010,21
0,1891709419,0.787475,7252943,7
0,2227767637,0.946313,7253653,4
0,2122221949,1.129332,7255298,17
0,3277154381,0.950945,7257264,22
0,621504739,1.038798,7259159,21
0,2601079241,0.911086,7261611,29
0,3225967111,0.843750,7263084,15
0,2668389443,0.858664,7264153,9
0,1444410997,0.925971,7265162,8
0,3680797867,0.866589,7267422,26
0,3524412637,1.017906,7269109,18
0,1504323229,0.952484,7273121,51
0,2305823053,0.827978,7273907,5
0,2942046139,0.899761,7275468,16
0,4033768237,0.799169,7280509,47
0,3683434087,0.850666,7281209,1
0,3441554687,0.875000,7281739,1
0,138811993,0.970764,7289331,103
0,2099466451,1.006328,7291117,19
0,1173678853,0.970764,7291992,6
0,3920200931,0.839108,7292718,4
0,463862761,1.010685,7296929,54
0,2433270727,0.712610,7297434,1
0,4189169071,0.911086,7298519,9
0,1386888521,0.906789,7300705,25
0,4135863631,0.991172,7301702,8
0,1342952701,0.981767,7302640,7
0,3900674879,0.849517,7303307,3
0,2642168537,0.858664,7305721,28
0,2257273769,0.804043,7306780,9
0,3972945443,0.880563,7307648,6
0,2662993897,0.758416,7308163,1
0,3759540761,1.070740,7309575,14
0,3503554199,1.157938,7315021,71
0,1227093607,0.939581,7315882,6
0,1265560039,0.946829,7319679,48
0,1636110793,0.880563,7320874,11
0,3413823851,0.912157,7322949,23
0,4050642347,0.763550,7323963,8
0,862369213,0.913227,7325172,11
0,208177757,0.916963,7327142,22
0,4183164179,1.136229,7327790,3
0,3501213301,1.062959,7328442,3
0,484194791,0.989199,7331711,36
0,4084797419,0.941657,7332523,5
0,208319291,0.817891,7335400,35
0,2573157781,1.074382,7337964,28
0,1313670517,0.969254,7339526,16
0,2195775863,0.876115,7341926,28
0,3163017367,0.823246,7342656,4
0,2755283231,0.895409,7343721,9
0,11651561,1.038798,7344274,2
0,2747046461,1.004871,7345216,7
0,3362017441,0.906789,7348787,45
0,1086715177,1.135799,7350633,20
0,4087525571,0.915364,7351507,6
0,3896639843,0.862070,7352779,12
0,1548872291,0.911086,7354554,19
0,614398597,0.938021,7356474,21
0,1622482093,0.950432,7358370,21
0,1689999169,0.958616,7359087,4
0,3948707293,1.142657,7362345,40
0,1167419849,0.932277,7364033,18
0,3004785097,0.848367,7369426,71
0,2767292191,0.755837,7370155,4
0,1858261927,0.969758,7371092,7
0,538855787,1.035974,7371732,3
0,2511105161,1.000488,7372524,5
0,3684170909,0.876115,7373880,13
0,1179296533,0.942176,7375155,12
0,1591097147,0.945797,7378797,41
0,1192073149,1.050483,7380304,15
0,3424492343,0.916963,7383555,25
0,1684642237,0.907327,7385160,11
0,789054647,1.000976,7387948,28
0,736695229,0.940101,7389312,13
0,2511692749,1.004385,7391359,23
0,2365288687,1.173436,7393491,24
0,502845557,1.067086,7397013,44
0,3771705871,0.836777,7397874,6
0,3640945801,0.820275,7399789,21
0,2202840179,0.691042,7400376,2
0,2605587889,1.039738,7403398,37
0,2210590901,0.932801,7404463,9
0,1197918343,0.938541,7405389,7
0,741261809,1.158360,7406239,6
0,361243427,1.161727,7408489,26
0,187820123,0.945797,7409563,9
0,333189397,0.969254,7410270,4
0,1887043241,0.781875,7411201,7
0,3716020213,0.945797,7413258,23
0,2195674919,1.173020,7415029,19
0,434268283,0.901929,7416167,10
0,2316404197,1.004385,7418485,27
0,1671156079,0.858096,7420328,20
0,817646821,0.958616,7421249,7
0,4161281099,1.033142,7422802,16
0,3088234829,0.978779,7424085,12
0,3668522387,0.914830,7424876,5
0,1663131971,0.983258,7426785,21
0,383822347,1.004871,7427570,5
0,4190325827,0.921743,7430056,29
0,3978204613,1.003899,7434548,58
0,2718590753,1.006328,7435535,8
0,568091753,0.888841,7436178,3
0,2835366691,1.144365,7438857,27
0,472819141,1.002438,7442450,45
0,3868445767,0.973777,7445593,36
0,3809464613,1.006328,7446608,8
0,156214049,0.784369,7453093,87
0,1671831743,1.035974,7453604,1
0,2652671863,0.920152,7454399,5
0,690802759,1.033615,7455614,11
0,2720059343,0.791804,7456820,11
0,3465554177,1.008267,7457386,2
0,642092197,1.039738,7460751,42
0,333808919,0.956577,7461463,4
0,857961337,0.817891,7462319,6
0,3958438411,0.939581,7466663,56
0,1861678057,0.983258,7467463,5
0,1490195437,0.911622,7468046,2
0,4128234037,0.855246,7471984,50
0,3818962181,1.037387,7474091,24
0,3648850927,0.981767,7475376,12
0,1064434909,0.972774,7476879,15
0,2377374451,0.973276,7478310,14
0,3227946307,0.970764,7478968,3
0,3237038219,0.908940,7480733,19
0,1229333561,1.099094,7484006,36
0,2243706947,0.950432,7487988,37
0,1315171633,0.921743,7490066,20
0,2234426269,0.818488,7490795,4
0,2259148967,0.948889,7496002,68
0,2467748377,0.696672,7497004,8
0,1546428979,0.727528,7497859,6
0,885278803,0.894864,7500521,32
0,564347123,0.858096,7501165,3
0,222668357,0.882225,7507791,89
0,4226029693,0.878342,7511674,49
0,3775942007,0.977281,7515121,43
0,731686763,1.094643,7516190,9
0,3586953067,0.981767,7516923,4
0,22378207,1.009718,7517423,1
0,1260675841,0.981270,7519674,26
0,2887456997,1.012616,7521104,14
0,4194942833,0.973276,7524678,45
0,2927435873,0.907327,7525391,4
0,376572451,0.921743,7528255,35
0,406015501,0.961668,7529520,12
0,2768271773,0.889939,7530030,1
0,2418806519,0.860369,7531454,14
0,1125024541,0.655506,7533010,16
0,1398717499,0.715345,7533805,5
0,2039031389,1.105296,7534598,5
0,2976619883,0.940101,7537917,41
0,644489099,1.142229,7539859,19
0,516746291,0.897588,7541291,14
0,2123264309,0.915897,7543833,27
0,2428718911,0.940101,7545904,23
0,4007465729,0.911622,7547813,21
0,3407577347,0.811297,7551922,51
0,3104683583,1.040677,7554179,26
0,2161814861,0.945797,7555036,6
0,2052005671,0.802219,7558991,50
0,1247172197,1.039268,7560485,15
0,1330967401,1.163407,7562740,26
0,3908716543,1.194061,7565280,30
0,1070125307,1.129332,7565862,2
0,1413068291,1.073928,7568971,38
0,2014093031,0.945797,7570249,12
0,2313296039,0.850092,7575356,67
0,710708833,0.877786,7577265,21
0,1232784379,0.919621,7579460,25
0,2331440723,1.063419,7580534,9
0,2306533297,0.696672,7581327,5
0,2645297387,0.941657,7585179,45
0,2842553023,1.025552,7586275,9
0,4180634977,0.911622,7587763,15
0,641310443,1.000976,7589463,18
0,3315474667,1.031723,7590043,2
0,4214327657,1.064337,7590620,2
0,1411345241,0.751951,7593798,39
0,4281859301,1.208692,7596569,33
0,3356606681,0.877786,7600441,49
0,186460711,1.202211,7601567,10
0,2804911867,1.301291,7604177,31
0,401923913,0.882225,7605181,8
0,4230393347,0.886090,7606248,9
0,2984608579,1.116723,7607521,12
0,751688257,0.983258,7609259,17
0,1903288237,0.970764,7610419,10
0,2413491919,1.074382,7611151,4
0,1597450997,1.000488,7612797,17
0,1090109611,1.067086,7618288,72
0,3437850739,1.042552,7620011,18
0,4224234173,1.039738,7621164,9
0,1824124553,1.189144,7621760,2
0,3276939349,0.950945,7626192,57
0,122224363,0.883883,7627053,6
0,718564633,0.738188,7627912,6
0,2292345431,0.970764,7630296,28
0,200251867,0.940101,7631783,15
0,4183705913,1.033615,7632789,8
0,3259406641,0.981767,7635038,26
0,2795341859,1.006328,7635754,4
0,3367958401,0.815499,7636335,2
0,3303744671,0.972774,7638661,27
0,1790963633,0.844329,7639877,11
0,2629662467,0.813101,7641441,16
0,2707110911,1.146070,7642587,10
0,1336496911,0.972272,7644503,21
0,2185455907,0.822653,7646415,21
0,1214493197,0.977281,7649081,32
0,441807409,0.919621,7650216,10
0,3983597461,1.037387,7651228,8
0,1024877389,0.921743,7652777,16
0,1495997149,0.940101,7655245,29
0,1813441327,1.019823,7657319,23
0,1429288199,1.133647,7663549,83
0,287214751,0.823246,7671004,100
0,1432343383,1.043488,7673688,32
0,475696759,1.000488,7675735,23
0,2690173667,1.043020,7676659,7
0,2609577073,0.981767,7677455,5
0,3776477417,0.813701,7678031,2
0,341258147,1.021736,7679383,13
0,2666782243,0.940101,7680390,8
0,1431971089,1.158360,7680900,1
0,4290953137,0.938541,7681569,3
0,389462743,0.940101,7684329,33
0,1343828867,1.000488,7685989,14
0,1882405519,0.993632,7691789,61
0,2837004979,1.062959,7692775,5
0,2632866331,0.879453,7694000,11
0,4192081627,0.925971,7696187,25
0,3334984087,0.851240,7697050,6
0,2817713131,1.220351,7700394,41
0,2346791297,0.970764,7701875,15
0,552874643,0.967237,7702948,9
0,4128754901,0.950432,7703813,6
0,2229820591,1.035974,7705936,24
0,2794217819,0.815499,7706723,5
0,2091746873,0.915897,7708628,21
0,12552079,0.960652,7709329,4
0,1776704273,0.848367,7712566,39
0,36052559,0.860369,7718380,77
0,1240770383,0.752600,7719808,14
0,4244602699,0.756482,7721174,13
0,3934853233,0.850666,7722937,19
0,3110962471,1.063419,7723589,3
0,2880153061,0.969254,7724460,6
0,297064741,1.159624,7726296,20
0,2010661327,0.791804,7728981,32
0,4055760551,1.019344,7733212,54
0,2287503397,0.880563,7734543,13
0,1920877603,0.730208,7735747,11
0,4164714797,1.095088,7736672,7
0,1936448531,1.126301,7738161,15
0,3795866897,0.939581,7739770,17
0,454973447,0.884436,7740280,1
0,3270111953,0.688210,7741782,11
0,4182796873,0.921743,7743703,21
0,3161162171,1.140090,7744218,1
0,2746305967,1.002438,7747334,35
0,446004497,1.033615,7753373,80
0,1250320349,0.942694,7756183,34
0,2415918031,1.035974,7756855,3
0,2827214399,0.942176,7760185,41
0,565310377,0.983258,7763828,46
0,310930759,0.752600,7765163,13
0,1260657031,1.035974,7768308,39
0,1575422627,0.942694,7773479,68
0,2534282521,0.758416,7774128,3
0,1517183249,1.098205,7775048,7
0,3438247531,0.976781,7776753,18
0,637514561,0.976781,7782999,83
0,1208540173,0.927551,7787264,55
0,2815746979,0.866589,7789178,16
0,442911977,0.973276,7792333,26
0,2333470339,0.789333,7793293,5
0,543227701,1.319919,7794429,10
0,816356851,0.836193,7796830,28
0,3355023541,0.813701,7797415,2
0,1366197617,0.811899,7797998,2
0,1191747629,1.125000,7798499,1
0,3268543241,0.846062,7799845,13
0,4280757829,1.038798,7803099,36
0,3126253147,1.042552,7804143,8
0,2890764857,1.102642,7806527,28
0,4028485541,0.823246,7807540,8
0,1803521221,1.064795,7808265,4
0,3007105267,1.019344,7809415,10
0,2255569417,0.946313,7810611,11
0,555004903,0.834439,7813001,28
0,824705351,1.035503,7814053,9
0,1812097523,0.936979,7815048,8
0,233953333,0.884988,7816734,18
0,927985999,1.055584,7823324,88
0,4133647691,1.079370,7825661,27
0,1043571511,0.811899,7826806,10
0,3061337749,1.074382,7828509,18
0,3394946417,0.899761,7829232,4
0,1151782669,1.010202,7829740,1
0,1300290307,0.906789,7831846,24
0,1186466551,1.000976,7832634,5
0,1154281363,0.969254,7833704,9
0,3933393803,1.101313,7834288,2
0,2023163713,0.956066,7834857,2
0,1063422751,0.813101,7836140,12
0,3938189509,1.125434,7839165,37
0,2593794883,1.156672,7839672,1
0,594470089,1.033615,7840248,2
0,3357176231,1.062959,7841809,16
0,785821499,1.101756,7843302,15
0,3424217597,0.879453,7844172,6
0,134732911,0.940101,7845231,9
0,3683749991,1.003899,7846938,18
0,2478458503,1.088828,7848643,18
0,627297227,0.882225,7850543,21
0,4290851839,0.940101,7851345,5
0,788493007,0.910550,7851943,2
0,799294021,0.756482,7852652,4
0,1454365037,1.158360,7854720,19
0,350347427,0.971267,7858167,43
0,1769330819,1.063419,7859648,13
0,2231115331,0.884436,7860383,4
0,1918235747,1.079370,7861800,14
0,3226430107,0.882225,7867213,71
0,2958943297,1.004871,7872870,75
0,2534475833,1.006328,7873446,2
0,3614237707,0.877786,7874793,13
0,4219709531,0.690335,7875732,7
0,2125410517,0.920152,7877436,18
0,2717638873,0.942694,7880674,40
0,499386991,0.851240,7884036,42
0,4221258031,0.946313,7886238,25
0,936508693,1.040677,7888011,19
0,463148443,0.852959,7891958,46
0,417337,1.077559,7893087,11
0,2868003179,0.980772,7896564,29
0,3586181647,0.814900,7897595,6
0,2467871849,1.115848,7898870,12
0,4016507497,0.852959,7902949,52
0,4104273869,0.863202,7905481,30
0,2776266433,0.846639,7908500,37
0,3979479433,1.080726,7910752,26
0,593950493,1.230314,7914599,49
0,1068776717,0.914830,7915878,12
0,121491269,1.142229,7917573,18
0,4199903563,0.793652,7921446,49
0,693742627,0.877229,7922784,13
0,2206771009,0.952484,7923639,6
0,2838073649,1.075745,7926095,29
0,863624407,1.075745,7926820,4
0,2966048161,1.166760,7927673,6
0,1947789787,0.784369,7930062,28
0,1802973281,0.973777,7931127,9
0,4259745901,0.950432,7932754,17
0,1304651981,1.071652,7935211,29
0,1503934919,0.919621,7940391,68
0,44599717,0.891036,7942135,19
0,3065613389,0.721462,7946465,51
0,718506053,1.037387,7947130,3
0,4061242279,0.862070,7949593,29
0,869182771,1.035031,7960660,150
0,900716447,1.125868,7962733,23
0,2459150219,0.978779,7963880,10
0,3443349587,1.009718,7964678,5
0,371474161,0.889391,7966716,23
0,3682828637,1.095534,7967435,4
0,2965272671,1.066628,7968464,8
0,1650147383,1.004385,7969457,8
0,1982189081,1.075745,7971016,16
0,2989175081,0.916963,7972434,14
0,1627278251,1.097316,7975948,44
0,1848841879,0.863202,7979244,41
0,1937570717,0.920152,7980462,11
0,1526855861,1.044891,7983267,34
0,3352805147,0.946313,7983936,3
0,3486842993,1.101313,7984580,3
0,3065178527,1.132786,7995009,139
0,195758611,0.950945,7997565,16
0,850274309,0.977281,7998231,1
0,400262479,0.975280,7999088,6
0,814274983,1.012133,8000622,13
0,2097160679,0.891036,8002184,16
0,4094600057,0.822653,8004593,28
0,1614626077,0.945797,8006155,16
0,1855394447,0.888841,8010022,49
0,1967304307,0.818488,8010534,1
0,1378178273,0.950945,8012572,23
0,3572229901,1.066170,8015263,32
0,3901140757,1.018386,8018209,36
0,4277867417,1.000488,8019214,8
0,2187867431,0.844329,8021107,21
0,3790058089,0.884436,8024976,49
0,1244709769,0.791804,8026587,17
0,2809154147,1.000976,8028154,16
0,3386946107,0.993632,8029573,14
0,2118415987,0.963190,8030945,13
0,1559250677,1.063419,8032437,15
0,3259795991,1.008267,8037388,65
0,948378313,0.924387,8038030,3
0,4009949291,1.071652,8041480,43
0,1791644513,0.988706,8044500,37
0,2893746029,0.741488,8046073,16
0,1035941089,1.161727,8050610,49
0,1606176797,1.037387,8052196,13
0,3744628399,0.914830,8054751,30
0,2848884943,0.852959,8056310,16
0,1846324391,1.098205,8058745,26
0,456579241,1.009718,8061063,27
0,1788190777,0.827388,8062895,20
0,3277278929,0.877786,8063971,9
0,1272409091,0.941657,8067824,49
0,1465369481,1.064795,8068969,10
0,469426877,0.942694,8070599,17
0,4061599247,1.039268,8071881,12
0,129654557,0.877786,8075179,41
0,1767537799,0.985738,8077436,26
0,3331541687,0.948374,8080111,32
0,3679919039,0.942176,8081891,19
0,3578352143,0.911622,8084561,32
0,571793567,1.017906,8087014,29
0,4236035501,0.938541,8089275,26
0,3848377717,0.972774,8090277,8
0,820218173,0.938541,8091199,7
0,2016217771,1.097761,8091777,2
0,3440907461,0.849517,8093330,16
0,2495804189,0.983258,8096981,42
0,3626435287,0.942176,8099550,17
0,1488007327,1.167178,8104542,61
0,10537721,1.163407,8109317,62
0,3690177481,0.908403,8113610,55
0,2054060821,1.069828,8114196,2
0,747101627,0.911622,8114710,1
0,831016297,1.047225,8117367,32
0,4041717079,0.849517,8118026,3
0,3599402887,1.111464,8119371,13
0,1756692307,0.852386,8122684,41
0,625365121,0.981767,8123249,2
0,238138393,1.101313,8124647,14
0,4236666661,1.068458,8127608,36
0,1745692489,1.032197,8128596,8
0,559536127,1.290742,8131205,31
0,1362033611,0.813101,8131939,4
0,2687279527,0.913227,8134411,29
0,3349426117,0.924387,8135201,5
0,2887060417,0.799169,8140219,66
0,3227092927,0.932801,8140732,1
0,1509180941,1.122393,8142571,20
0,3308105443,0.824432,8143094,1
0,1802354441,0.760345,8144513,14
0,3772182283,0.846639,8145243,4
0,1021726339,1.110145,8146939,18
0,1265876561,0.903552,8153390,78
0,2495881589,0.833854,8155449,23
0,263814119,0.884436,8158236,31
0,1806892963,0.942694,8159333,9
0,3794722583,0.908940,8159850,1
0,2972574359,0.970261,8161063,11
0,2217157981,0.824432,8162966,21
0,4156355221,0.954021,8164609,17
0,3781157917,1.226737,8171765,96
0,248212201,0.762910,8174641,35
0,2627201897,1.263984,8176408,19
0,3170241433,0.940101,8179281,35
0,3429858709,1.063419,8180701,14
0,2851444273,0.977281,8183662,36
0,1555046257,0.889391,8184307,3
0,2036715799,0.813101,8185168,6
0,3279034027,0.730208,8186373,11
0,833202541,0.985738,8188431,23
0,3786620491,1.168432,8188952,1
0,2457347927,0.995105,8190157,11
0,3880391453,0.938541,8190736,2
0,2475232439,1.074382,8191731,8
0,2747819471,0.940101,8192383,3
0,2969667937,0.947859,8197213,63
0,3022018907,0.718750,8200153,31
0,2946551359,1.106621,8203819,32
0,3094294877,0.973276,8205482,13
0,1969305557,0.925971,8206358,6
0,3565558303,0.981270,8208479,24
0,3334846121,0.720107,8211328,34
0,1152311813,0.940101,8214263,36
0,1617831841,0.903011,8215601,13
0,3458522621,0.848367,8216755,10
0,3436049371,0.911622,8217554,5
0,3365573377,0.820275,8219175,17
0,1212408871,0.944247,8220098,7
0,86940331,1.064337,8222555,29
0,1869661903,0.758416,8223557,8
0,3822645133,0.877229,8224146,2
0,586168169,0.705032,8226339,25
0,3163745621,0.806468,8227062,4
0,3536916961,0.855246,8230290,40
0,4250361859,0.846639,8232267,22
0,1332360607,0.989199,8235023,33
0,554718497,1.132354,8236227,11
0,893431393,1.150323,8237150,7
0,900620179,0.750651,8238929,19
0,3682776271,0.851240,8240417,15
0,1897384453,0.783746,8243158,33
0,1358537057,1.223947,8243732,2
0,1897576663,0.920152,8246414,32
0,2139467111,1.010685,8247913,15
0,1370617,0.725512,8248610,4
0,4223477047,1.232296,8249547,7
0,853464631,1.189554,8250062,1
0,1948618247,0.858664,8250572,1
0,497887097,1.070284,8253030,29
0,3161828851,1.061581,8253621,2
0,3383429359,1.046292,8254134,1
0,1274944871,0.885539,8256155,14
0,1045770017,0.862070,8259497,40
0,649898917,0.751951,8261007,15
0,1033293307,0.981767,8264489,41
0,2192999587,0.938541,8265366,6
0,4153503973,0.944247,8273466,110
0,664617281,1.007782,8274245,5
0,3063201721,0.907327,8275951,18
0,2789735891,0.907327,8277657,18
0,3278078801,1.064795,8279778,24
0,597348071,0.950945,8285901,81
0,890141011,1.106621,8287669,19
0,2044774483,1.017906,8290708,37
0,231105887,0.731544,8291770,9
0,1671383291,1.038798,8294309,30
0,3664543237,0.938021,8295526,11
0,1052450453,0.970764,8296872,13
0,3004013027,0.752600,8298228,13
0,3958801909,0.753248,8306067,88
0,2843469319,0.832682,8306911,3
0,2228087791,0.846639,8308264,13
0,3738188647,0.977281,8314704,86
0,136869643,1.004871,8315687,8
0,1143916693,0.776234,8316893,11
0,2573420959,1.025076,8317406,1
0,717878257,0.789333,8318625,11
0,1317329369,1.040677,8319206,2
0,4220169851,1.017906,8324115,64
0,2441005339,1.137517,8327409,41
0,1856266729,0.981270,8328057,3
0,487721467,1.037387,8328561,1
0,3762476371,0.863202,8330465,21
0,1296552109,1.125868,8331602,10
0,147003943,0.781250,8333079,15
0,979206727,0.846639,8334416,13
0,3451104823,1.009718,8337234,34
0,97329293,1.127168,8337943,4
0,662377939,0.942694,8339157,11
0,1252994417,1.003899,8340995,20
0,2098112323,0.892679,8342827,20
0,1491903181,0.792420,8348087,69
0,136464637,0.724838,8349210,10
0,360541133,0.757128,8351595,28
0,1358103181,1.073928,8356051,52
0,3486586163,1.009718,8360705,57
0,955591181,0.919621,8361296,2
0,855907147,0.784369,8362496,11
0,2372781403,1.008267,8364755,26
0,2909340647,0.888841,8365823,9
0,1077683441,0.915364,8366956,10
0,479675173,0.799169,8367875,7
0,427950001,0.973777,8371237,42
0,1539289163,0.989199,8374065,34
0,2645576281,1.001951,8375553,15
0,2626876969,0.863202,8376689,10
0,962018609,0.906789,8377198,1
0,899933473,0.970764,8379596,28
0,3853089323,0.852959,8384036,57
0,1841342263,1.000488,8384618,2
0,694753429,0.916963,8388246,46
0,3957480697,0.942176,8390576,27
0,1609320667,0.983258,8395870,69
0,786260407,1.198143,8397863,22
0,3741255967,1.033615,8399440,16
0,1217167979,0.946829,8400922,15
0,1050801727,1.102642,8402273,13
0,3530764469,0.897044,8403253,3
0,2593470403,0.913227,8404281,8
0,2899458857,0.877786,8408003,32
0,1462499299,1.000488,8409678,15
0,2851039501,1.024123,8411378,18
0,24207481,0.820870,8412351,8
0,3865411903,1.016466,8414125,19
0,3434688247,1.004871,8415338,11
0,702202517,0.781875,8418220,35
0,3925357087,0.858096,8419228,8
0,2829685799,0.855246,8420509,12
0,491130817,0.753248,8422845,27
0,365222789,0.786234,8423350,1
0,283852579,0.829745,8425593,26
0,4009775353,0.989199,8427156,16
0,1242129533,0.906789,8427948,5
0,2007584431,1.003899,8429936,22
0,1976637463,1.105296,8432753,34
0,1912756627,0.969254,8436800,52
0,617427911,0.971267,8440313,44
0,499501243,0.722139,8441446,10
0,2084897897,0.696672,8444741,41
0,783377149,0.968750,8446019,12
0,3250314091,0.862070,8451490,72
0,177933143,0.631992,8452132,3
0,3450725587,0.875558,8452649,1
0,2427321971,0.978779,8453305,3
0,1084656631,0.971267,8457593,51
0,1034405419,1.064795,8460274,32
0,1917667267,0.908940,8460855,2
0,3125030669,1.109705,8462417,16
0,3694736063,1.037387,8464450,22
0,120455443,0.956577,8466078,17
0,2857721423,1.064795,8468349,26
0,2712390157,0.846062,8470745,28
0,440526371,0.914830,8471453,4
0,3723555937,1.069371,8472176,4
0,2938226939,0.915364,8472691,1
0,308727521,0.880563,8473192,1
0,3896961121,1.160044,8473909,4
0,4239237809,0.919621,8474422,1
0,497881687,0.950432,8477013,31
0,1217083853,1.077106,8478571,16
0,362268371,0.944247,8479365,5
0,1618316971,0.981270,8480302,7
0,2326998463,1.126735,8481790,15
0,3250981603,1.073928,8482442,3
0,2864601797,0.939581,8485816,42
0,2709830593,0.719429,8487792,22
0,3122958593,1.062959,8489410,17
0,413852951,0.882225,8491727,27
0,2636153053,1.032197,8494535,34
0,1548555971,0.995105,8497476,36
0,237692941,0.940101,8498251,5
0,2517296281,0.677484,8499036,5
0,1218981901,0.843750,8501699,32
0,1792314133,0.906789,8502759,9
0,2122018853,0.969254,8503628,6
0,151811281,1.072563,8506085,24
0,914294111,1.033615,8510345,41
0,864646483,0.882225,8511726,11
0,4181785159,1.032669,8513428,18
0,4003649179,0.942694,8515278,20
0,4014170047,0.822653,8516566,12
0,2886566399,0.983258,8519384,34
0,1771742239,0.631219,8521573,25
0,921403543,0.945797,8523291,18
0,4236306617,0.803435,8527166,49
0,1025733169,1.128899,8528589,14
0,1439673041,0.975280,8529246,3
0,2009382203,0.688210,8530598,13
0,836252749,1.067086,8531174,2
0,3500833031,0.919621,8531683,1
0,1590199007,0.877229,8533029,13
0,3000424043,1.094643,8534032,8
0,357121309,0.925971,8534537,1
0,1626630877,0.971267,8536299,19
0,1207820231,1.178419,8537103,5
0,1786273171,1.203835,8538103,8
0,1639806823,0.888841,8539457,13
0,2537043529,1.167178,8540729,12
0,594477161,1.039268,8541510,5
0,963690121,0.977281,8542648,10
0,2527323451,1.075745,8545734,38
0,1358210047,0.805862,8549464,46
0,4007244467,0.979277,8552173,32
0,2859063013,1.078012,8554078,21
0,1053122251,1.099538,8556058,22
0,2551335361,0.967237,8556830,5
0,3566678483,1.152867,8558246,14
0,4001900471,1.163407,8562162,45
0,1821148831,0.919621,8565400,37
0,1347750233,0.738188,8567798,28
0,1771148777,1.007782,8569848,23
0,3712194197,0.880563,8571132,12
0,1249777981,0.846062,8572834,18
0,1162739203,1.007782,8577383,59
0,3582706753,1.000488,8582443,66
0,64382699,1.070284,8583231,5
0,2750973073,0.946313,8584847,17
0,2368555421,1.071652,8587869,37
0,2688089137,0.889391,8594383,87
0,1865444689,0.818488,8597988,45
0,3840740221,0.877786,8599979,22
0,1212616709,0.866589,8600823,6
0,697118377,0.902471,8603135,27
0,2506640953,1.048623,8603780,3
0,2270097287,0.888841,8604514,4
0,1453044581,0.942694,8605104,2
0,3465452359,0.897044,8607160,23
0,3168198749,1.012133,8608092,2
0,154694467,1.033615,8609569,15
0,483594679,1.001951,8610296,4
0,856096789,0.945797,8613344,23
0,4108042409,0.866589,8614320,6
0,1509602429,0.860369,8615255,7
0,2203282129,0.858096,8616040,5
0,2618293283,1.031250,8616768,4
0,1836027773,0.973777,8619325,30
0,2032251149,0.897044,8621679,26
0,1017694703,1.004871,8625412,47
0,1187741311,0.940101,8627330,21
0,3397467781,0.903552,8627982,3
0,387420283,0.960652,8629391,14
0,1530850127,1.000976,8631028,17
0,2912265991,0.827388,8631819,5
0,3504050339,0.822653,8633247,14
0,2184245779,0.938021,8635703,29
0,3861209323,0.946313,8636421,4
0,3851051509,0.884436,8637626,11
0,142784077,0.766103,8638191,2
0,3680532409,1.070740,8646176,108
0,1180772267,1.173020,8649402,40
0,925571939,0.818488,8651452,23
0,3833977811,1.157094,8655036,45
0,3120523663,0.843750,8656671,17
0,550139383,0.970764,8657251,2
0,1836708371,1.105296,8660070,34
0,1586775013,0.908403,8660860,5
0,1704842423,1.019823,8664351,38
0,4243624633,1.007782,8665729,13
0,3421757611,0.884988,8666248,1
0,3871224221,0.975280,8671706,69
0,1649723797,0.973777,8676752,66
0,1067143717,1.095980,8681129,56
0,2647832819,0.975280,8681647,1
0,3597277133,0.954021,8682509,6
0,336714607,0.877786,8683510,8
0,1105674893,0.753248,8688753,69
0,3634740533,1.163407,8689824,9
0,3256651141,1.062500,8691727,21
0,2225975681,0.848367,8692299,2
0,3163413991,1.101756,8693793,15
0,647742451,0.836777,8694382,2
0,2401433819,1.037387,8695384,8
0,3776718877,0.940620,8697283,21
0,770377169,0.950945,8700638,42
0,67476421,1.164665,8703094,29
0,175623323,1.002438,8706677,45
0,3609809003,1.064795,8707883,11
0,3015592211,1.152867,8717251,108
0,998269669,0.908940,8717938,1
0,229528097,0.776234,8721378,43
0,615994403,0.946313,8726023,60
0,270725447,1.094196,8728123,24
0,107548877,0.626561,8728899,5
0,129876581,0.903552,8733662,62
0,118017937,0.927551,8735626,22
0,3591886007,0.756482,8737184,16
0,848226019,1.063419,8738320,10
0,4063588237,0.818488,8740659,27
0,715967011,0.977281,8743084,28
0,1931505913,0.981270,8745123,23
0,2894619349,0.820275,8745768,3
0,2204402527,0.944247,8748368,31
0,838620599,0.925971,8749230,6
0,3692243557,0.940101,8750650,14
0,877610561,1.188322,8755814,68
0,863828843,0.880563,8757376,16
0,3365038433,1.095980,8758087,4
0,2552674097,1.178419,8758959,6
0,1731175609,1.126735,8764563,70
0,1618992847,1.050483,8766987,28
0,4062004249,0.919621,8767839,6
0,1688037301,0.873883,8768771,7
0,2996318839,0.973777,8770958,22
0,1222700077,1.032197,8771476,1
0,2516970091,0.848942,8773517,23
0,3897323141,0.911622,8774950,14
0,1858347409,0.985738,8783962,123
0,320791969,1.006328,8784533,2
0,179785079,0.781875,8785968,14
0,4063884889,0.884436,8788085,24
0,2139460837,0.945797,8788876,5
0,3962836301,1.095980,8790224,13
0,1593620029,0.750651,8794027,48
0,1423596061,0.952484,8795588,16
0,1646768659,0.981767,8798750,39
0,1903737449,1.095980,8799401,3
0,4040964779,0.910550,8801799,28
0,2747863483,0.921743,8802456,3
0,3767751473,0.908403,8804862,28
0,3275589467,1.189554,8805592,4
0,2522579509,1.033142,8810089,58
0,1816338203,1.004871,8812618,25
0,3789998269,0.940101,8817027,43
0,1540528471,0.883883,8819381,25
0,3187982221,0.938021,8820173,5
0,2627042689,0.631219,8824367,54
0,116341411,1.063419,8828273,50
0,2389385707,1.004385,8830245,22
0,3417762217,0.899761,8831245,8
0,589281283,0.923330,8833707,29
0,2138734193,0.995105,8837247,44
0,3945657137,0.893772,8838665,14
0,1935829319,0.941657,8840174,15
0,617963309,0.822059,8842516,27
0,376515701,0.614760,8843582,9
0,2089885027,0.950945,8844377,5
0,3917263673,1.070284,8845803,14
0,2823469393,1.019823,8847707,21
0,4103614843,0.827388,8850812,38
0,2607002557,1.062959,8851818,8
0,3200641627,0.604346,8853448,17
0,3563150021,0.915364,8855206,19
0,3303703159,0.770552,8856984,19
0,314937527,0.899761,8857556,2
0,3330772717,0.746083,8858419,6
0,1178442647,1.043020,8860824,28
0,3608958319,1.067086,8862039,11
0,4167034537,0.981270,8867532,68
0,1104466379,1.130628,8868193,3
0,1607340727,0.789333,8868848,3
0,942905057,0.848367,8869630,5
0,2788014641,0.846639,8874637,63
0,2519032909,1.074382,8876824,25
0,3785252311,1.127168,8879299,29
0,376264129,0.995105,8880009,4
0,1868903999,0.985738,8881450,14
0,376104329,0.969758,8883620,25
0,3562742567,1.003899,8884409,5
0,1846782271,1.010685,8885271,6
0,83744729,0.853531,8885924,3
0,2468919191,0.981270,8887550,17
0,3603309779,0.925971,8888908,13
0,1628056709,0.834439,8892050,39
0,2713682329,1.064795,8897444,71
0,930373459,0.876115,8899294,20
0,3804097571,0.877786,8899956,3
0,2578583099,0.958616,8903304,41
0,2434550213,0.944247,8908127,63
0,2349687973,0.983258,8912051,50
0,4206035579,1.127168,8912773,4
0,1776422303,1.098205,8914744,17
0,3687527873,0.956577,8915926,10
0,37713059,0.910550,8917694,19
0,2657708527,0.908940,8919758,8
0,1288468081,0.923330,8920396,2
0,3262676917,0.864332,8922164,19
0,2122428821,0.911622,8922743,2
0,676460987,0.914830,8924783,23
0,4019304031,0.858096,8925448,3
0,2475548921,1.085235,8926168,4
0,1806843497,1.066170,8928418,26
0,2319158687,0.846639,8929706,12
0,2327561669,0.934370,8932592,35
0,2361424231,1.068458,8933108,1
0,446937401,0.882225,8934862,19
0,3987369073,0.877786,8936074,11
0,2120420413,0.989199,8941835,76
0,951519227,0.811899,8945107,39
0,3038193443,0.997556,8946738,17
0,2816578627,1.025552,8949345,31
0,816347033,0.971267,8951113,19
0,3673743023,0.820275,8953798,32
0,1891895329,0.879453,8955560,19
0,2182854523,0.977281,8957397,20
0,3719719559,0.920152,8963231,77
0,4267482883,0.973777,8964102,6
0,2602972091,1.040677,8965110,8
0,1398248053,1.008267,8965976,6
0,3583459499,0.915364,8968021,23
0,944428109,0.946313,8970013,18
0,3593144941,0.745429,8971675,17
0,4060075277,1.024123,8975452,45
0,4050847271,1.040677,8980800,70
0,2670543397,0.938021,8983333,30
0,3660477329,0.752600,8983990,3
0,1857778661,1.059739,8985345,13
0,3683489203,0.971267,8985941,2
0,1058837419,0.941657,8991143,68
0,795573341,0.844907,8992634,15
0,3880232639,0.947859,8996375,47
0,1187844191,0.939581,8997579,11
0,4161236533,1.067086,8998585,8
0,1316846459,0.945797,8999464,6
0,671889619,0.753248,9004003,59
0,2391577607,0.958616,9005412,14
0,2133453089,0.952484,9006200,5
0,1956391699,0.947859,9006848,3
0,3120844157,1.132354,9008000,10
0,484990609,0.971267,9012691,61
0,3507816751,0.864332,9015922,40
0,2887216901,0.975280,9017598,13
0,3014052341,1.158360,9021369,34
0,316361543,0.761629,9024437,35
0,587006801,0.822653,9025846,14
0,447919601,1.062500,9026897,8
0,3016600651,1.039268,9027504,2
0,1970137843,0.919621,9028519,8
0,3927526639,0.888841,9030783,26
0,3527767261,1.202618,9032553,19
0,27776207,0.934370,9033537,8
0,2236306927,1.043020,9036783,40
0,2658013073,1.263211,9038149,13
0,2454392797,1.024123,9038662,1
0,2936840741,0.911622,9039587,7
0,1317816529,1.032197,9044272,61
0,1887178343,0.977281,9045972,18
0,63158059,0.950432,9049115,36
0,3466946489,0.836193,9052540,42
0,763756199,0.907327,9055071,30
0,3861293707,1.167178,9059298,54
0,872261413,1.021736,9060368,9
0,434412709,0.820275,9062616,26
0,3504826727,1.025552,9063339,4
0,1621116407,1.052341,9065167,20
0,3416450311,0.854103,9065678,1
0,1285643767,1.105296,9066681,8
0,470397401,0.791187,9070083,42
0,1842755419,0.927551,9070956,6
0,1764946199,0.854675,9072467,12
0,2338125089,0.981767,9073712,11
0,1840607189,0.822653,9075067,13
0,2649549769,1.109705,9079277,51
0,3277188767,0.911086,9082323,37
0,846545597,0.971267,9083246,7
0,2749740967,1.032197,9084183,7
0,2026701577,0.877786,9087128,36
0,2546440397,0.882225,9087852,4
0,1332757453,0.942176,9088364,1
0,1656403523,0.817294,9089087,4
0,863948191,1.105296,9090025,7
0,1261759867,0.846639,9091379,13
0,613685671,1.033615,9092164,5
0,549898199,0.978779,9094763,31
0,3839881093,1.084785,9096897,24
0,4068822391,0.946313,9097411,1
0,3722853929,0.846062,9099672,26
0,525337559,0.969254,9101219,16
0,4246706423,1.002438,9102166,7
0,3442690457,1.008267,9102745,2
0,4168763407,0.846639,9105072,27
0,2201591419,0.972774,9107743,32
0,4091620679,1.033615,9109515,19
0,2137042003,0.848942,9111016,15
0,1915553797,0.827978,9111515,1
0,413984299,1.001951,9112027,1
0,2717862247,0.842012,9112898,6
0,2659786097,0.820275,9117591,61
0,4047797431,0.952484,9120698,34
0,1619805757,0.886090,9123509,21
0,2299435669,1.032197,9124313,1
0,2183036831,1.031723,9126680,27
0,3775944413,0.882225,9127399,4
0,2305890683,1.128467,9130837,43
0,3173389697,0.942694,9132669,20
0,795563903,1.021736,9133335,3
0,924762673,0.916963,9137290,50
0,3882270047,0.981270,9137960,3
0,783604433,1.009718,9139164,11
0,69216919,1.029354,9140071,7
0,889486181,1.001951,9140716,3
0,1467831173,1.038798,9141943,11
0,2854850083,0.946313,9143016,9
0,2785424557,0.878342,9145411,28
0,714140123,0.880563,9148151,33
0,356050033,0.958107,9149213,9
0,1097573713,1.074382,9150483,12
0,1751149747,0.699470,9151199,4
0,1241077483,0.827978,9153394,25
0,3852600077,0.921743,9154592,11
0,3506462087,0.955044,9157610,37
0,4111543327,1.030776,9159024,14
0,1086855503,1.047225,9160152,10
0,3044854699,1.039268,9161312,10
0,416477443,0.834439,9162723,14
0,73399873,1.015505,9163293,2
0,288117617,0.978779,9165336,23
0,1531623607,1.055121,9168145,34
0,400326737,0.855246,9169619,15
0,3734842751,0.942694,9171115,15
0,418100951,1.033615,9172323,11
0,196927567,0.944247,9173175,6
0,1984145543,0.915364,9177059,43
0,4255649003,0.832682,9178236,10
0,190371451,1.125868,9182535,53
0,3343885891,1.095534,9184114,16
0,784007009,0.969254,9184981,6
0,2644881923,1.007782,9187157,25
0,1646561233,0.833854,9189121,22
0,4146263749,1.075745,9189777,3
0,424821809,0.863202,9191270,15
0,2614128977,0.738188,9192404,10
0,3453493451,0.864897,9194373,22
0,972141559,0.985738,9200111,76
0,3922317089,0.919621,9201110,8
0,3583521871,1.008751,9201621,1
0,1909149833,1.070284,9202203,2
0,3039698023,0.844329,9203904,18
0,1669559699,0.882225,9204554,3
0,115934341,1.071652,9205742,11
0,2779280297,0.712610,9208137,28
0,4126467649,0.852959,9209065,7
0,628772503,0.942694,9212014,36
0,4178595887,0.858664,9214406,28
0,4050523577,1.079370,9215472,9
0,859276057,0.945797,9217865,28
0,1207865003,0.822653,9219234,13
0,3349304381,1.099538,9220092,6
0,3431289283,0.916963,9222045,17
0,2577004961,1.142657,9230055,93
0,66612037,0.882225,9231699,15
0,3418077997,0.875558,9232359,3
0,2953335071,0.979277,9232862,1
0,3553202953,0.993632,9234708,20
0,26769971,0.889939,9235337,3
0,904244597,0.901929,9236823,15
0,1829858983,0.913227,9237823,8
0,2171742127,1.094196,9238750,7
0,1548706651,1.008751,9239751,8
0,3925484389,0.973777,9241653,21
0,1246218241,1.006328,9242429,5
0,1652144551,0.851240,9244411,22
0,2595981301,1.002438,9246319,21
0,214036721,0.668779,9247235,7
0,1449006527,1.078012,9251807,59
0,3255164581,0.977281,9252388,2
0,4197320129,0.877786,9253807,14
0,490118689,0.813101,9257189,42
0,2871891433,1.040677,9257988,5
0,2026105139,0.907327,9261650,46
0,2127454331,0.762910,9262167,1
0,43390231,1.107944,9263705,16
0,545599667,1.043488,9264414,4
0,4193723467,1.062959,9265978,16
0,3586087363,0.786855,9267746,19
0,2331707783,1.102642,9268464,4
0,120202861,0.956577,9271261,34
0,1804922303,0.899761,9274084,34
0,3659278573,1.101313,9275849,19
0,4059260903,0.843750,9278658,32
0,3712020527,1.012133,9282226,42
0,2307905689,0.824432,9283311,9
0,3772086419,0.973276,9286069,33
0,2037160861,0.921743,9289161,38
0,806927603,1.012133,9289877,4
0,4273264469,0.940101,9290543,3
0,129227479,0.908940,9291329,5
0,3460469477,1.033615,9292047,4
0,2078137319,0.851240,9292853,5
0,3450954323,0.940101,9294135,12
0,4192019567,0.997556,9295007,6
0,2830415261,1.043020,9298752,47
0,393120961,0.973276,9301352,31
0,2793308069,0.849517,9302706,13
0,352328021,0.942694,9303687,8
0,2552443913,0.921743,9306711,37
0,3434002813,0.981767,9308133,14
0,1261179607,0.972774,9310464,27
0,2281194841,0.913227,9311181,4
0,1859611513,1.127168,9313722,30
0,1539332321,1.031723,9314858,10
0,3982266317,0.916963,9316218,13
0,1679739857,1.097316,9316797,2
0,1074079627,0.884436,9317514,4
0,3302477411,1.016466,9321967,57
0,1732903589,1.111464,9325146,35
0,3394580617,1.033615,9325741,2
0,2834162413,1.012616,9330410,47
0,284921137,0.981270,9331084,1
0,303091273,1.189554,9332139,9
0,2432868923,0.952484,9332643,1
0,1551080711,1.016466,9333789,10
0,2385369199,1.125868,9338094,55
0,2979116603,1.116723,9339301,11
0,28976947,1.171354,9340209,7
0,3322655341,0.950945,9342456,26
0,90056401,1.191195,9344279,20
0,2618799037,0.938541,9344864,2
0,1274357429,1.250391,9349782,64
0,2031591197,0.735538,9353378,45
0,3609014821,0.941657,9354097,4
0,355584839,0.863202,9354672,2
0,4110909277,1.032197,9356814,23
0,315862709,1.239408,9358294,15
0,201133441,1.119343,9360331,23
0,774325289,1.006328,9360906,2
0,1845725621,0.877229,9361553,3
0,2437630021,1.201399,9362193,3
0,1777707949,0.944247,9363614,14
0,1248003563,0.851240,9366345,33
0,614669621,1.035974,9368949,31
0,2328472163,0.693159,9372456,44
0,2935413673,0.969758,9374027,16
0,82932859,0.789333,9375224,11
0,1883766383,0.969758,9379679,52
0,1338312083,1.002438,9381256,16
0,4283541923,0.784369,9387120,75
0,2507313143,0.893772,9389260,24
0,1577602777,0.836193,9391254,22
0,2686337987,0.981767,9392037,5
0,3799018387,1.163407,9392618,2
0,123525481,0.846639,9395989,42
0,2006439079,0.858096,9397829,20
0,1212331223,0.897044,9398763,7
0,2104075823,0.804043,9404646,78
0,2988203327,0.938541,9405439,5
0,844733341,1.031250,9407061,17
0,4202865959,0.956066,9408404,13
0,353185291,1.104854,9411563,39
0,2865095503,0.781250,9412705,10
0,3744878197,0.875558,9413220,1
0,3109411651,0.971267,9414854,17
0,2659199371,0.813701,9415852,8
0,2072834201,0.846639,9416432,2
0,3154174693,1.104854,9417848,14
0,64823531,1.098205,9419666,20
0,3623392991,0.945797,9421863,25
0,316257937,0.977281,9422859,8
0,3312956767,0.973777,9423388,1
0,1133152973,0.940101,9424032,3
0,397306103,0.942176,9425794,19
0,2760605179,1.227135,9426719,2
0,2502951289,0.908403,9428845,24
0,2285835743,1.101313,9431699,21
0,3258502123,0.938541,9432381,1
0,3124272089,0.753248,9432968,2
0,1491255307,0.657736,9434026,9
0,3574799777,1.012133,9437393,42
0,766322189,1.002438,9438016,2
0,4206279821,0.758416,9440493,29
0,2264673317,0.876115,9446796,84
0,1296198613,1.012133,9451644,63
0,4064594927,1.129332,9455181,44
0,247171559,0.940101,9456523,13
0,2456904493,1.091068,9458647,24
0,929340473,1.002438,9459934,12
0,1402368971,1.159624,9460798,6
0,1208765057,0.829745,9461509,4
0,2680779193,0.787475,9465187,46
