agent_id,prime,g,timestamp_us,checked_since
1,1437134119,0.988706,0,5
1,947284409,0.956066,1276,8
1,533360389,0.907327,3193,21
1,3413662673,0.938541,3713,1
1,42415693,0.985738,5265,16
1,118554043,0.895409,5769,1
1,2108318249,1.006328,6344,2
1,1502486387,0.981270,6999,3
1,1029947773,0.960652,8349,13
1,1997698847,1.035503,10043,13
1,1404977417,0.972272,11546,15
1,2612878033,0.975280,23535,151
1,2171054429,0.991172,25865,25
1,1930121939,1.014061,28128,26
1,1738371511,0.947859,29936,19
1,741668801,0.936979,31066,10
1,1359522683,0.950945,33748,32
1,2364831379,0.955044,35236,15
1,3053196337,1.099538,36927,18
1,2895683501,0.848942,38485,16
1,3784961849,1.017906,40198,18
1,849836599,0.938541,41560,13
1,3087297247,1.069828,46385,63
1,4027448339,1.077559,48231,20
1,3451402817,1.012133,48808,2
1,3829681969,1.006328,49383,2
1,2450225891,0.997066,53388,51
1,2843533279,0.960652,54826,14
1,3942617929,0.982762,56733,21
1,65867023,0.960652,60166,43
1,3035368837,0.886641,61647,15
1,49922203,1.054196,66755,61
1,3392972237,0.997556,67363,2
1,3694536409,0.981270,68710,13
1,611273329,0.978779,69213,1
1,41454191,1.129764,69854,3
1,1311077071,0.860369,70367,1
1,2906670947,0.922801,72653,24
1,252941839,0.868840,73170,1
1,1273754411,0.843750,74873,18
1,1448874871,1.005357,76219,13
1,2151211511,0.984747,77013,5
1,1013930641,0.945280,78585,16
1,4220402401,0.940101,80018,14
1,341612903,0.944764,81497,15
1,900502619,1.020780,82649,10
1,1644769613,0.878342,84573,21
1,1760171251,1.046758,85920,13
1,2832208867,0.941657,87617,18
1,1127486219,0.899761,88329,4
1,3827646829,0.988706,88975,3
1,2622563257,0.961160,90806,20
1,3072968851,0.957597,92788,22
1,124292081,0.920682,94833,23
1,3473791963,1.012616,96894,23
1,1800802057,0.994614,99210,27
1,1033608473,0.944764,100779,16
1,469001033,0.922801,102260,15
1,1514301211,1.046758,108476,83
1,2288738779,0.952484,109057,2
1,1522529153,0.944764,109580,1
1,509847103,0.936979,110298,4
1,2362279399,0.872205,111158,6
1,4165194809,0.927551,113290,20
1,3008074369,0.981270,114927,17
1,1809239867,0.894318,116570,3
1,3401057377,0.970764,117265,2
1,2165051171,1.067086,118645,12
1,1515478807,1.090621,119583,7
1,1524482693,0.946313,122623,37
1,4265672771,1.046758,124724,24
1,1539915967,0.900304,127686,36
1,2444124479,1.064795,128756,9
1,2120524271,0.839689,130321,16
1,2324807773,0.946829,134246,50
1,3985121779,1.020302,135599,13
1,313868033,0.984251,136236,3
1,2845105541,0.897588,139128,35
1,3422793811,1.016466,140631,15
1,3576748873,0.970764,142622,22
1,3984648779,0.957597,144178,16
1,184321213,0.940101,145028,6
1,586446823,1.027455,147165,24
1,2470987751,0.888292,149068,21
1,2353599343,1.040677,149925,6
1,2550258037,0.999023,153144,40
1,2956542587,1.025552,154081,7
1,46205953,0.895409,155462,14
1,1182261461,0.977281,155976,1
1,2965572319,1.070284,156849,6
1,2484693131,0.972272,159102,26
1,2604794317,0.897588,167788,113
1,2952063313,0.914830,169439,17
1,2897406331,0.938541,170312,6
1,1097338549,0.997556,171930,17
1,319791827,1.031250,173709,16
1,1490529959,0.925443,175351,17
1,596482357,0.944764,175926,2
1,1531188749,0.911086,177196,12
1,1335435503,0.938021,178411,11
1,2369964251,0.952484,180946,30
1,1751461729,0.893772,181877,7
1,2807044759,0.928078,183012,10
1,206435377,1.058356,185880,35
1,2443787909,1.148198,186605,4
1,2737569577,1.003899,189432,34
1,1355654879,0.987223,192531,38
1,1178733431,1.035503,195757,40
1,2470622797,0.985738,196620,6
1,2666075129,0.887192,201683,66
1,2389628929,0.940101,203169,15
1,1198995851,0.952484,204171,8
1,928244299,1.027455,205109,7
1,2968055383,1.035503,206807,18
1,2726795437,0.897588,207608,5
1,2645019683,1.027455,213493,78
1,1572632563,0.913227,217315,44
1,693613367,0.899761,218860,2
1,1105029313,0.878342,219558,2
1,3539131229,0.958616,221398,20
1,3858433939,0.906789,221920,1
1,1961369581,0.868840,228302,85
1,130501037,0.941657,229081,5
1,1811425771,0.925443,232734,46
1,3522552073,1.116723,233314,2
1,2595740339,0.864332,236697,42
1,1708148017,1.012133,238667,22
1,4126408799,0.910550,240030,13
1,3876059581,0.902471,240626,2
1,505992329,0.982762,242948,27
1,1863944149,0.903552,243461,1
1,1030494193,0.988212,243968,1
1,1349357981,1.017906,246665,32
1,699518399,0.941657,247806,10
1,4031463973,0.940620,249501,18
1,3133747109,0.895954,250385,6
1,3262079059,0.961160,252015,17
1,3302495377,0.857526,253702,18
1,3990379343,0.977281,254430,4
1,2858080523,1.052341,255925,15
1,3577188031,0.779373,256864,7
1,4182295451,0.817294,257447,2
1,869203859,1.118907,259668,25
1,3541551239,0.995105,261920,26
1,303389509,0.935414,263745,20
1,3268526857,1.012616,264387,3
1,2893006141,0.962175,266024,17
1,3586282873,0.938541,270950,60
1,819726163,0.923330,272593,17
1,3066063059,1.013098,273527,7
1,3607547077,0.974780,274905,11
1,1633956539,1.028405,275709,5
1,1463513929,0.928078,276733,8
1,3534884321,1.014061,277307,2
1,1470173657,0.848367,278657,13
1,2340927107,0.895409,279655,8
1,2707798421,1.000488,280236,2
1,1190041673,1.106621,280811,2
1,837362719,1.040677,281534,4
1,1427241727,0.927551,284286,33
1,3922418611,0.796109,286992,32
1,2998120529,0.994614,290778,48
1,3803286007,0.975280,292063,12
1,3719886421,1.014543,296423,56
1,3665268407,0.929655,296951,1
1,3102510269,0.973777,298656,18
1,245404981,1.063419,301380,33
1,3260487701,0.993141,303837,29
1,155254261,0.946313,306435,31
1,60588989,1.064337,307711,12
1,2948263469,0.880563,310189,29
1,2705143121,0.973777,311814,17
1,1963793873,1.035503,312539,4
1,3347963137,0.970261,313464,7
1,332405797,0.950945,314311,6
1,225581593,1.025552,315363,9
1,2802117949,1.050483,321835,64
1,1641746263,0.952997,324147,24
1,325320557,1.031723,326881,32
1,3411166469,0.922801,327943,9
1,3460579937,0.990679,334893,93
1,903807319,1.005357,335402,1
1,468691277,1.029354,344308,121
1,1210364261,1.193243,345302,8
1,3257322661,0.887192,346992,18
1,2403936727,1.040677,347505,1
1,1013452849,0.928078,349330,20
1,1572861361,0.919621,351182,20
1,1190786299,0.931753,352747,16
1,1203323279,1.076198,354735,22
1,640240753,0.994614,356725,20
1,854194603,0.990186,359352,31
1,2664485563,1.119780,359869,1
1,1666114591,0.942176,360939,9
1,1053325241,1.043488,362720,19
1,4069269551,0.954533,365330,31
1,1337218943,0.928604,369491,53
1,1540582661,1.013098,371061,16
1,1470988577,0.935414,374401,38
1,3177733397,0.929655,375522,8
1,3634440787,1.087033,376682,9
1,3034252189,1.027455,377479,5
1,2125438423,0.960652,378855,13
1,3338746373,0.971267,379843,8
1,1151740169,0.984747,381488,15
1,4021869151,0.997556,385798,55
1,3213746033,0.978779,391080,69
1,1308245119,0.869402,393695,31
1,2303829317,1.070284,394202,1
1,1140535441,1.000488,395064,6
1,293895241,0.893772,396118,9
1,1784013397,1.036916,397352,11
1,2096291339,0.961160,398716,13
1,915624049,0.956066,404791,81
1,3681345287,1.078012,405937,10
1,2815352077,0.974780,407079,10
1,1261591367,0.984747,408426,13
1,2554355591,1.006328,409078,3
1,2566695977,0.961160,410849,19
1,3488672503,1.025552,413540,32
1,1461770753,0.938541,415178,17
1,39192239,1.042552,415811,3
1,1448747227,0.910550,417580,19
1,4252758379,0.963190,418453,6
1,3188782579,1.048157,421648,35
1,2040907259,1.025552,425376,31
1,2195884751,1.027455,427067,14
1,1929198619,1.025076,428926,20
1,461591839,0.986233,430629,18
1,437921753,1.115848,431410,5
1,1712055617,0.841432,433801,28
1,501968689,0.904092,435648,20
1,2223828863,1.105296,438399,33
1,1516700693,1.046758,439821,14
1,424552039,0.927551,443052,40
1,2469833021,0.895409,444412,13
1,3798633413,0.850666,445351,7
1,3958912663,0.937500,446571,11
1,3940432939,0.950945,448693,24
1,3903987653,0.932277,449831,10
1,3745716463,0.970764,451118,12
1,3443207701,0.907865,452542,14
1,1093193639,0.913227,454859,27
1,2827548179,0.864897,460333,72
1,1668214711,1.000488,462665,27
1,4290730597,0.853531,463677,8
1,241005187,1.022214,464874,11
1,759943829,0.978779,465797,7
1,2723258411,1.077106,466649,6
1,2675173093,1.008751,468639,22
1,97454431,1.035503,469566,7
1,1609409147,0.975280,470296,4
1,3027056561,1.076198,475477,68
1,2129386879,0.975280,477771,20
1,1013296069,1.031250,478303,1
1,290357047,0.999023,478854,1
1,2635235777,0.886090,479639,5
1,3091837391,0.934370,480361,4
1,1257925309,0.886090,481366,8
1,1187101067,1.033615,481945,2
1,2615745133,0.913227,483293,13
1,3861441187,0.899761,484668,11
1,2071015997,0.974279,486098,14
1,2881084421,1.128467,490605,58
1,1517275651,0.944764,497142,87
1,2403625111,0.919090,498144,8
1,480954289,0.997066,499347,11
1,400512689,0.903011,500848,15
1,3171900871,0.882778,502425,16
1,583497731,0.964709,503075,3
1,972282247,0.920152,505552,29
1,2569353263,0.885539,507869,27
1,2269204957,1.020302,509778,21
1,1291044607,1.025552,511278,15
1,1601547061,1.029829,512150,6
1,3471170981,1.027455,513156,8
1,1270831501,0.986233,514021,6
1,257146523,1.086584,514810,5
1,4195182143,0.895409,520632,77
1,1506018113,0.991172,526643,63
1,708950441,0.910550,529908,35
1,1999562113,0.991172,531907,22
1,312143107,1.067086,534078,25
1,2497224659,1.078012,539276,68
1,208535531,0.866589,540566,12
1,3655153361,1.025552,541430,6
1,82942247,0.895954,542907,15
1,1671089597,0.960652,544623,18
1,1828362083,0.991172,545347,4
1,529648129,0.944764,546402,9
1,3496689997,1.005357,549707,41
1,2181818311,1.005842,550359,3
1,44108123,0.941657,551057,4
1,907030123,0.944764,557983,93
1,561991693,0.974780,562207,54
1,467402713,1.064337,563433,11
1,1919689817,0.911086,564286,6
1,784063081,0.922801,572655,112
1,1304505803,0.977281,575281,31
1,998678003,0.936979,577761,29
1,534137641,0.997556,584921,90
1,1388152147,1.097761,586018,9
1,1183216589,1.027455,590582,59
1,3993274121,1.005842,591647,9
1,2972773807,1.010685,592303,3
1,1109505037,0.911622,596596,55
1,2660642813,0.904092,599920,41
1,125075969,0.955044,600758,6
1,578906087,0.901929,601962,11
1,3594134359,0.921743,605060,38
1,1871629741,1.006328,606911,20
1,3507886663,1.025552,608815,21
1,382999577,0.956066,615673,92
1,3233548753,0.953509,616671,8
1,1749131359,0.946313,618505,20
1,3794460763,0.975280,620002,15
1,2331564563,0.818488,621836,20
1,4177604611,1.013098,629060,79
1,1277692301,0.903011,631630,28
1,3231702479,1.116723,634655,37
1,265240397,1.023646,635374,4
1,1764016151,0.907327,636433,9
1,737877601,1.104854,639412,36
1,313298071,0.970764,641536,24
1,1823798699,0.910550,643607,23
1,3874974463,0.904092,644969,13
1,1596601927,0.903011,645970,8
1,3726388571,0.932277,648432,29
1,4210400059,0.897588,653430,65
1,1402820303,0.966732,654926,15
1,2809088671,0.889939,655654,4
1,467518969,0.902471,656374,4
1,3709405639,1.024123,657231,6
1,1014117409,0.908940,658635,14
1,1442007901,0.884436,659501,6
1,3055989259,0.871085,660225,4
1,2385542491,1.025552,666799,87
1,2185695901,1.100870,673052,83
1,1380287693,0.988706,677341,55
1,4170858563,1.040677,679750,24
1,3611720947,1.048157,681694,21
1,3878354561,0.975280,683608,21
1,2697292139,1.055121,685818,24
1,123098863,0.928078,688009,25
1,4053018601,1.031250,688799,5
1,1339922747,0.911622,693304,58
1,1183753211,0.868840,694166,6
1,3380740897,0.921213,698355,54
1,4187853701,1.007782,702019,46
1,3678753877,1.100870,702606,2
1,2118372761,1.046758,703257,3
1,1146229969,0.942176,706819,45
1,1413955951,0.988706,709146,27
1,908875211,1.048157,709725,2
1,2968199669,1.067086,711211,15
1,2494060279,0.954533,712010,5
1,1278804223,0.897044,713777,19
1,3807312077,0.954533,715420,17
1,1397340947,0.993141,716148,4
1,1502675887,0.937500,717213,9
1,2435400953,0.862070,718418,11
1,3914542939,0.893772,722782,56
1,426554741,1.005842,727785,61
1,3097050503,1.002438,728872,9
1,89348639,1.069371,734167,54
1,1347116983,1.003899,735488,10
1,1319775011,0.875558,738544,37
1,3843278573,0.920152,742192,45
1,4181161969,0.962683,743129,6
1,2555712161,0.946313,745521,28
1,3692576161,0.988706,746027,1
1,2483205377,1.039738,746663,3
1,3830449043,0.941657,748581,21
1,3228329327,0.914830,749591,8
1,524583139,1.037387,750594,8
1,2485446881,0.982762,751591,8
1,216414761,0.913227,753081,15
1,1065905963,1.035503,755130,23
1,3634356997,1.120651,755929,5
1,1982499481,1.040677,759645,47
1,1260504229,1.140518,762608,36
1,2378509619,0.983258,766054,43
1,1087611671,0.993632,767062,8
1,4041425873,1.103970,768476,14
1,2233855781,1.138804,771223,33
1,3288872303,1.089725,771939,4
1,3586218941,0.978779,773081,10
1,591640051,0.956066,774080,8
1,4067865101,1.097761,775079,8
1,1909207243,1.035031,777914,34
1,1665526729,1.136229,778426,1
1,658331771,0.981270,779296,6
1,83864717,1.111464,785121,73
1,1686016009,1.055584,786352,11
1,2997588457,0.942176,787443,7
1,1933403683,0.970764,788113,3
1,2540817211,1.002438,789396,12
1,2261661811,1.035031,792905,44
1,3130476967,0.853531,794190,12
1,327175027,0.938541,795617,14
1,1978262261,0.944247,796562,7
1,835632151,0.950945,797281,4
1,876904481,1.042083,799024,19
1,1865125651,0.982762,800381,13
1,3316725847,0.970764,801456,9
1,30117259,1.081629,804046,31
1,4199509997,0.981270,805831,19
1,145869961,0.910550,807515,18
1,3296947261,0.961160,810126,31
1,995075267,1.015985,810991,6
1,1115463061,0.988706,811780,5
1,2277643831,0.886090,812428,3
1,2698611911,0.954533,812942,1
1,1606280363,0.830333,814861,21
1,3067785131,0.931753,817688,34
1,753113363,0.928078,820219,30
1,1566221249,1.047691,821654,14
1,1590720839,0.938541,822312,3
1,3721089133,0.904092,824645,27
1,1353923693,0.957597,825227,2
1,4290519731,0.988706,828483,40
1,2427238579,0.954533,834138,56
1,1867764097,0.897588,835036,4
1,3899721349,1.058356,836237,11
1,3304556707,0.935414,836956,4
1,3583844281,0.950945,837618,3
1,3243364507,1.005357,838271,3
1,1853175347,0.889391,839063,5
1,219155473,0.982762,839896,6
1,3876717671,1.123697,842713,34
1,2975543567,0.946313,843641,7
1,1387141111,1.040677,844928,12
1,792541039,1.007782,846650,18
1,3254416961,0.952484,848760,24
1,2469518069,0.997066,850247,15
1,3298076741,0.923859,850819,2
1,2053200953,0.970764,852660,20
1,2404063163,0.778746,854220,16
1,3840496447,0.864897,854881,3
1,1407773201,0.983258,855530,3
1,1336347079,0.868840,856121,2
1,45447509,0.944764,857627,14
1,2130779897,1.021258,859901,26
1,3630721121,1.007782,862007,24
1,607089937,0.934370,862587,2
1,1957977031,1.016466,864223,17
1,2846693471,0.869402,870878,89
1,2321694257,1.022214,872501,17
1,3535306847,0.978779,875535,37
1,1942087379,1.050483,876955,14
1,3367392467,0.853531,878664,18
1,3071184983,1.100870,881277,31
1,2344676687,0.818488,881931,3
1,2342753813,0.958616,884376,22
1,1629196409,0.862070,885398,8
1,4248203221,0.969254,892027,86
1,3750505529,0.987223,893682,17
1,3756991213,1.034559,894273,2
1,2301815381,0.961160,895756,15
1,284583029,0.942176,897458,18
1,1335770897,1.007782,899578,24
1,237432823,1.006328,900091,1
1,1882622257,1.015985,903953,49
1,3573631843,0.895954,907242,41
1,233077913,0.980274,908169,7
1,2163261827,0.982762,910772,31
1,1336325449,0.952484,912402,17
1,766117519,0.944764,914724,27
1,2274279083,1.007782,916860,24
1,1107458519,0.997556,918481,17
1,799992143,1.007782,919716,11
1,1349260483,0.975280,921330,17
1,112675489,1.039268,923636,27
1,2192008969,0.913227,925488,20
1,673591453,0.981270,926840,13
1,1449443551,0.918559,929179,27
1,177479879,0.956066,932902,43
1,369431059,0.932277,933845,7
1,3902851973,0.934370,937242,24
1,3177747641,0.942176,938362,7
1,2465646569,0.822059,939862,15
1,2040026777,0.942176,940650,5
1,1878630697,0.997556,942005,13
1,3175168531,0.938541,942930,7
1,2965683449,1.023646,943791,6
1,734987171,0.835024,944715,7
1,1162167101,0.982762,947936,40
1,2833379203,0.783746,949145,11
1,4206415657,0.832095,951417,26
1,3904381297,0.931753,952006,2
1,973627999,0.956066,952793,5
1,1980745133,1.005357,953665,6
1,1573899917,0.944764,955097,14
1,3332614321,1.061581,955952,6
1,1424865263,1.019344,956754,5
1,1009464949,0.884436,957474,4
1,149140049,0.988706,958038,2
1,1491128201,0.968750,961212,39
1,2034342209,1.043488,963678,29
1,789136069,1.058356,965159,15
1,2951567063,1.061120,967862,32
1,3647860823,1.005842,969995,24
1,2687796613,1.012133,978399,114
1,986389163,0.889391,978917,1
1,1858464011,0.978779,980704,19
1,2195543087,0.929655,982755,23
1,2825027761,0.987223,983253,1
1,1249556159,0.977281,983912,3
1,3829096897,0.919621,985685,19
1,1065930713,0.993141,987759,20
1,1987490441,0.846639,988851,9
1,598367449,0.911622,989844,8
1,1483935043,0.986233,992586,30
1,884907169,1.006328,994515,21
1,166751539,0.957597,995366,6
1,848799703,0.903011,997154,19
1,1148400101,0.970764,1000169,37
1,1880005271,0.910550,1003682,44
1,1645556249,0.885539,1009214,73
1,2155841531,0.969254,1010717,15
1,3534570233,0.880563,1013677,36
1,2933969827,0.954533,1014330,3
1,436410497,0.965215,1015592,12
1,4103460203,1.094196,1016110,1
1,1626846721,1.018386,1020311,54
1,1677099289,0.886090,1021860,16
1,4132652197,0.970764,1023900,23
1,4081285441,0.902471,1025102,11
1,936051407,0.970261,1028333,40
1,3186147673,0.935414,1030238,21
1,1560867313,0.904092,1031234,8
1,1273620203,1.031250,1032380,10
1,3023142191,0.957597,1033390,8
1,597082099,1.000488,1034373,2
1,437537071,0.998534,1035294,7
1,1867823,0.929655,1036625,13
1,1474003777,1.050483,1045057,100
1,639284843,0.878342,1047027,20
1,1036835879,1.115848,1048027,8
1,1104417311,0.922801,1049087,9
1,3569860661,1.166760,1054149,66
1,786954907,0.971267,1056984,34
1,2169716573,1.064337,1057782,5
1,132972041,1.006813,1059769,22
1,126888551,0.994614,1060890,10
1,3093441101,0.921213,1064977,52
1,3052008137,1.044423,1067326,27
1,4251240589,0.844907,1068609,12
1,2508525193,1.005357,1070234,17
1,1992182617,0.906789,1070957,4
1,2280410771,0.973777,1074097,38
1,1576304321,1.064337,1076447,27
1,2209840001,1.002925,1077375,7
1,3888199967,0.931229,1078864,15
1,3100761581,1.000488,1079799,7
1,4048208971,0.901929,1080599,5
1,1572225541,1.057433,1081176,2
1,2018919899,1.012616,1082460,12
1,1755426061,0.900304,1083668,11
1,1400217649,0.885539,1087812,53
1,2032798501,0.961160,1089014,11
1,3526262261,0.919621,1091196,20
1,1614969133,0.882225,1092958,18
1,3067918697,0.945797,1094176,11
1,3325128977,0.944764,1094959,5
1,1769542069,1.035503,1095545,2
1,445091683,0.938021,1097993,26
1,2183356841,0.913227,1100049,23
1,712823789,0.884436,1100781,4
1,2037459751,0.948889,1101852,9
1,1810674221,0.969254,1103905,23
1,1408860529,0.961160,1104691,5
1,2218263133,1.002438,1105330,3
1,61031053,0.991172,1106239,7
1,3702005599,0.931753,1107868,17
1,1581430759,1.087033,1109645,19
1,3204155693,0.908940,1110796,10
1,2413466983,0.907865,1111313,1
1,1750866769,1.033615,1114969,46
1,1170377921,1.025076,1116027,9
1,3017969137,0.932277,1117244,11
1,461674769,0.950945,1123625,85
1,3975521047,1.033142,1124496,6
1,18327431,0.963190,1129883,71
1,610106657,0.927551,1130945,9
1,450950509,0.941657,1132721,19
1,2535485789,0.955044,1134899,25
1,628115393,1.052341,1135543,3
1,3966337321,0.963190,1137333,15
1,2380542193,0.970764,1140147,34
1,2191585639,0.970764,1141143,8
1,67930241,0.948374,1146114,65
1,2844834697,0.995105,1147320,11
1,1600316183,0.970261,1148948,17
1,47915899,0.957597,1149797,6
1,3075879883,0.956066,1155080,69
1,1414205857,0.981270,1156347,12
1,2331580171,0.954533,1159594,40
1,4256687147,1.054196,1160811,11
1,4237324631,1.105296,1164671,47
1,2243816959,0.977281,1166038,13
1,3794453657,0.928078,1167533,15
1,582005287,0.869402,1168107,2
1,4273789109,0.885539,1169392,12
1,1032897641,0.942176,1171716,27
1,2859912421,0.964709,1173065,13
1,2428308479,1.061581,1175458,28
1,1845042761,0.936979,1176179,4
1,2526242357,0.913227,1177455,12
1,2387790127,0.904092,1181342,49
1,2353337953,0.970764,1184985,46
1,2822540857,0.988706,1188080,38
1,462809533,0.973777,1194240,82
1,2977671293,0.981270,1195798,16
1,1342895221,1.213933,1198339,30
1,3551410019,1.031250,1199343,8
1,741707303,0.982762,1201310,22
1,550111537,1.033615,1207677,85
1,3765643829,1.020302,1209655,22
1,3853860859,0.975280,1211849,25
1,2756717921,0.886090,1214722,35
1,390824267,0.984747,1217328,31
1,790613777,1.035503,1220143,34
1,3631543477,1.111464,1220871,4
1,1649596369,0.928078,1222501,17
1,3180935881,0.903011,1223366,6
1,2658381629,0.965215,1225418,23
1,3370911497,0.942176,1226132,4
1,1900077631,0.942176,1227206,9
1,80396507,1.032197,1229725,30
1,663683411,0.981270,1231776,23
1,1458640181,1.035503,1233131,13
1,2088307439,0.910550,1233932,5
1,939795149,0.923330,1234499,2
1,2385256801,0.829745,1235419,7
1,2485998679,1.003899,1236709,12
1,546397213,0.970261,1245682,105
1,1454646887,0.846639,1247989,24
1,145441321,1.007782,1251274,41
1,1044381257,1.069371,1255101,48
1,3701897627,0.964709,1256669,16
1,397778159,0.919621,1258995,27
1,3228262591,0.960652,1260688,18
1,1789234457,1.020302,1263881,39
1,1200071167,1.086584,1266497,31
1,4263531359,0.944764,1270860,56
1,696162613,1.034559,1271719,6
1,1471280557,1.029829,1273352,17
1,2120584601,0.904092,1274279,7
1,3414417571,1.078012,1276666,28
1,1678089967,0.979277,1278301,17
1,2058340853,1.050019,1280281,22
1,981199567,0.930180,1281160,6
1,637399229,1.086584,1285793,60
1,1715731091,1.078012,1286794,8
1,2805608171,0.877786,1287728,7
1,2047646849,0.970764,1289701,22
1,1878271051,0.888841,1290700,8
1,643487909,1.093303,1292337,17
1,4156495069,0.994614,1293840,10
1,3406880453,0.988706,1298202,49
1,370788617,0.937500,1299278,9
1,1482109933,1.055584,1300348,9
1,3912230951,0.981270,1301497,7
1,2275243193,0.985738,1303787,26
1,1571966969,0.867152,1305632,20
1,2484746909,0.925971,1306973,13
1,245209511,0.871645,1309715,33
1,3346745539,1.055584,1310443,4
1,850494949,0.970764,1311366,7
1,2593855541,1.053732,1313474,24
1,2023739867,0.995105,1314340,6
1,3075263579,0.907327,1316117,19
1,3325774987,0.928078,1319224,38
1,825234209,0.984747,1321388,25
1,2707788079,1.017906,1325560,53
1,3982481669,1.031250,1332577,94
1,1417299913,0.960652,1333153,2
1,2909422547,0.887192,1337385,54
1,2632329137,0.920152,1339299,21
1,148831157,0.954533,1340308,8
1,3452236871,0.901929,1342894,26
1,461896163,0.973777,1346171,25
1,1019179751,0.967237,1346870,1
1,4183383517,0.889939,1348765,19
1,411233419,1.127601,1350659,21
1,2823530033,1.037387,1351648,8
1,147215177,0.913227,1352571,7
1,882166217,1.076198,1355941,42
1,214290137,1.000488,1358456,27
1,2086782263,1.061120,1359062,2
1,2258476943,0.855246,1359650,2
1,3956361109,1.025552,1360302,3
1,3181106549,0.919621,1371197,149
1,2223030079,0.958616,1372063,6
1,4163531431,1.036445,1374624,30
1,33654953,0.957597,1376985,28
1,301057819,1.021258,1378549,16
1,3177747227,1.043488,1380176,17
1,2505239417,0.977281,1381531,13
1,2069707163,1.080726,1382466,7
1,838226177,0.969254,1383241,5
1,163329599,0.877786,1384720,15
1,1518606997,0.897044,1386840,24
1,2295314101,0.880563,1387572,4
1,147736201,0.983258,1389609,23
1,509489567,1.018386,1390612,8
1,831287447,1.005357,1391953,13
1,2952269161,1.097761,1394635,32
1,2360618461,1.043488,1397792,34
1,3389658119,0.957597,1402836,63
1,2972020277,0.934370,1403575,4
1,1353027833,1.058356,1405261,18
1,3968884693,0.987223,1405914,3
1,583331809,0.969758,1407616,18
1,3320040137,0.910550,1408196,2
1,4249001111,0.962683,1409569,13
1,1030451881,1.039738,1415268,75
1,1525968517,1.042552,1418503,40
1,2429929963,1.034559,1420026,15
1,4079853619,0.904092,1424319,55
1,2816141879,0.853531,1425257,7
1,2530133197,0.982762,1428500,40
1,3036470141,0.982762,1429656,10
1,1348946387,1.008751,1434486,63
1,1593409823,0.940101,1435426,7
1,3558742531,0.950945,1436356,7
1,2973346027,0.961160,1440093,47
1,3091031453,0.956066,1441310,11
1,4206695599,0.974780,1442244,7
1,2476142609,0.967237,1443358,5
1,2512967701,0.978779,1444172,5
1,1760088223,1.012133,1445381,11
1,852821173,0.956066,1451860,65
1,1806309451,0.974780,1453284,10
1,4080321031,0.977281,1453794,1
1,402108271,0.903011,1454892,9
1,1242801431,0.942176,1456033,10
1,2566119293,0.871085,1456695,3
1,2346933551,1.007782,1457923,11
1,1035331901,0.958616,1461090,39
1,3978878921,0.964709,1462519,14
1,3986793361,0.956066,1463444,7
1,274179943,0.970261,1466400,36
1,272458261,0.961160,1469217,34
1,3521984833,1.046292,1470153,7
1,3425223097,1.027455,1472192,23
1,878865109,0.895954,1473263,9
1,2350934293,0.924387,1473901,3
1,3091490177,0.931753,1475932,23
1,2590350589,1.042083,1476657,4
1,3414667237,1.095534,1477385,4
1,3913757651,0.884436,1480836,43
1,149233559,0.853531,1482356,15
1,974768923,0.938541,1484969,31
1,276002257,0.978779,1486594,17
1,787678301,0.872205,1488214,17
1,2220616873,0.929655,1498729,144
1,3232635023,0.982762,1500008,12
1,3852985651,0.996576,1501150,10
1,832685747,0.977281,1501935,5
1,3901898809,1.090621,1505007,34
1,2189568377,0.841432,1506290,12
1,3555449033,0.908940,1507364,9
1,3383351371,0.902471,1508368,5
1,604858231,1.132786,1509025,3
1,4092775147,0.950945,1510728,18
1,992606729,0.950945,1513054,27
1,1041650789,0.945280,1515170,24
1,2735012981,0.962683,1516865,18
1,4044884423,0.981270,1517927,9
1,3521680759,0.978779,1519138,11
1,1310650909,0.946313,1520075,7
1,323199857,0.970764,1529817,133
1,265926013,0.920152,1534310,58
1,2649030893,1.104854,1535375,9
1,2613689101,1.015985,1536168,5
1,2587921151,0.920152,1537445,12
1,580787657,0.893772,1538089,3
1,2660809061,1.073018,1540557,29
1,2081237027,0.970764,1543929,42
1,4104091709,0.952484,1544793,6
1,2304811657,1.027455,1545840,4
1,1924670717,0.772450,1551935,65
1,1423796261,0.878342,1553759,17
1,905648101,0.895954,1554971,11
1,3683566247,1.000488,1555694,4
1,974183293,0.963190,1556970,12
1,4092837247,1.083884,1559108,24
1,1667960507,0.904632,1562202,38
1,2893367723,1.104854,1565088,35
1,410137349,1.146496,1566566,15
1,2118731701,0.980274,1571611,64
1,2392883323,0.889391,1572859,11
1,2877341293,0.737526,1576381,44
1,1031052877,0.900304,1577603,11
1,1890286793,0.878342,1579236,17
1,2401890541,0.931753,1580167,7
1,1479787181,0.925443,1583180,37
1,3419386163,1.079370,1584044,6
1,298658809,0.988706,1585664,17
1,1944102011,1.076198,1589034,42
1,725138759,1.089725,1594225,68
1,3838731097,0.918559,1596272,23
1,2319045319,0.957597,1598688,28
1,1441134833,1.035503,1599976,12
1,4018630537,0.975280,1607096,87
1,2697877823,0.875558,1609117,22
1,678596441,0.977281,1609693,2
1,1845309647,0.855816,1610420,4
1,1578331999,0.910550,1613043,31
1,1062140623,0.897044,1615373,27
1,3112023857,1.048157,1617074,18
1,3453171581,0.904092,1618082,8
1,3073618957,0.888841,1619013,7
1,503157553,1.040677,1621129,24
1,718214533,0.947859,1621642,1
1,1814997853,0.979277,1622294,3
1,1656703513,1.100870,1623780,15
1,2427520489,1.013098,1625745,22
1,1677536719,0.994614,1626404,3
1,4061568997,0.969758,1627067,3
1,4274240783,1.000488,1628908,20
1,307094467,1.122828,1631179,26
1,4092788449,1.035031,1633304,24
1,3647851253,1.040677,1634866,16
1,69171983,0.904092,1637258,28
1,4089133333,0.893772,1638122,6
1,1046017757,0.964709,1639836,18
1,3963952141,1.002438,1641454,17
1,1512518681,1.033615,1643073,17
1,1170551363,0.968750,1644065,8
1,3442783387,0.891584,1645273,11
1,3874722889,1.002438,1647042,19
1,2777087371,1.018386,1648618,12
1,118994783,0.868840,1649146,1
1,992486021,0.946313,1650279,10
1,2546697617,1.076198,1652181,8
1,2862955141,1.054196,1655128,29
1,1620031411,0.911622,1656728,16
1,2731610459,0.961160,1659815,38
1,3598458047,1.080726,1662996,39
1,1686062801,1.056971,1665621,31
1,3166130339,0.903552,1671799,82
1,458947207,0.960652,1673283,15
1,544910761,1.035031,1676242,36
1,2828900311,0.841432,1678856,31
1,3484914623,1.104854,1679451,2
1,1631729623,1.002438,1680658,11
1,2566194233,1.019823,1682064,14
1,2541262811,1.095980,1685165,38
1,1819191679,1.040677,1686039,6
1,3076327427,0.961160,1686892,6
1,500017363,1.044423,1688097,11
1,38518313,0.978779,1691817,47
1,1621424573,1.061581,1692888,9
1,1681935131,1.052341,1698013,67
1,3097877197,0.872205,1698803,5
1,508422307,1.169685,1703597,62
1,3785346317,1.043488,1704319,4
1,348067829,0.944764,1706593,23
1,1051858519,1.016466,1707324,4
1,3578374271,0.868840,1708325,8
1,1562801297,1.120651,1709533,11
1,1209981793,1.014543,1712338,31
1,854181851,1.020780,1713007,3
1,67310171,1.044891,1714620,17
1,1930550371,1.022214,1715971,13
1,926294767,0.962683,1717387,14
1,3983888323,0.904092,1721119,47
1,2011381859,0.899761,1726663,73
1,3117530729,0.965215,1731586,64
1,1319140157,0.950945,1733143,16
1,1977417523,1.062959,1733880,4
1,2743306261,0.911622,1734383,1
1,3338835413,0.974780,1735679,12
1,3072469639,1.050483,1737382,18
1,2050732637,1.013098,1738322,7
1,2863202387,0.910550,1739172,6
1,3863407007,0.910550,1740176,8
1,2843105897,0.921743,1741868,18
1,3059023403,1.004871,1742943,9
1,3042341609,1.027930,1751016,105
1,2068763387,0.981270,1755833,48
1,3261947287,0.846639,1758228,24
1,3951058343,0.895409,1762600,56
1,3127773659,1.040677,1764235,17
1,3679450633,1.039268,1766421,25
1,23984357,1.089725,1768540,24
1,3904421117,0.981270,1769057,1
1,3456582403,1.050483,1770958,21
1,1855836803,1.106621,1771679,4
1,848059987,1.055584,1772540,6
1,2608541051,1.012616,1773061,1
1,2164990913,0.924387,1774623,16
1,2465930777,1.024123,1775480,6
1,2756928067,0.961160,1775993,1
1,4079894893,0.994614,1778173,25
1,351497827,0.927551,1786502,113
1,3199088821,0.979277,1788357,20
1,1512186341,0.995105,1791930,45
1,4256375999,1.035031,1792936,8
1,1918175243,0.968750,1793584,3
1,228399907,0.872765,1795768,25
1,3947514463,1.010685,1797465,18
1,321866557,1.043488,1799644,25
1,57873617,1.013098,1802230,31
1,366800117,0.977281,1802810,2
1,1692781291,1.076198,1804648,20
1,2491471793,0.755837,1805713,9
1,3596127077,1.036916,1810789,62
1,3201203393,1.039738,1813393,28
1,2769448687,1.069371,1819827,85
1,664471459,0.862070,1821447,17
1,3593295757,0.919090,1821962,1
1,2001102391,1.052341,1824785,34
1,375862271,1.012133,1825369,2
1,468487757,1.007782,1825946,2
1,1216783429,0.984747,1833152,97
1,928139777,0.846639,1835541,28
1,3409901843,0.888292,1836621,9
1,1172077969,1.002925,1838882,26
1,3372846601,0.990186,1839870,8
1,1072615513,0.880563,1840528,3
1,940482001,0.867152,1842568,23
1,4002347543,0.919090,1845816,40
1,180223957,0.988706,1846677,6
1,1228394161,0.852386,1847812,10
1,34828771,0.977281,1849419,17
1,3995103121,0.893772,1850776,13
1,4185706709,1.005357,1851999,11
1,432519979,1.018386,1855227,36
1,3029213293,1.077106,1855890,3
1,4206269651,0.878342,1857780,3
1,2121066113,0.945797,1858706,6
1,151717759,0.946313,1860467,19
1,4246431383,0.954533,1863218,33
1,638571509,0.844329,1864223,8
1,4229001643,0.893772,1864737,1
1,1518689693,0.946313,1866579,20
1,1573037099,1.027455,1867158,2
1,4276423391,0.868840,1868166,8
1,2752115999,1.029829,1869102,7
1,587743423,0.958616,1870653,16
1,3289220461,0.973777,1871731,9
1,3382955959,0.988706,1875604,49
1,497758379,1.097316,1876111,1
1,175430071,1.014543,1879332,40
1,1426735159,1.026028,1880392,9
1,1712506709,1.070284,1882996,31
1,1704928307,0.988706,1885394,28
1,531283009,0.916963,1886471,9
1,170265737,1.042083,1887031,2
1,277878113,1.073018,1888572,16
1,1097921053,0.931753,1889707,10
1,1745812361,0.924387,1890709,8
1,3773473261,0.899761,1891713,8
1,972857923,0.882778,1892222,1
1,3855562687,0.962175,1893834,16
1,1747426097,0.936979,1896062,25
1,1341262759,0.907327,1896855,5
1,3557396287,0.861503,1898272,14
1,1252045727,0.947859,1899060,5
1,1250219501,0.928078,1901528,29
1,2604072283,0.993141,1902885,13
1,370931999,0.895409,1904654,19
1,2320924121,0.903552,1907255,31
1,4023727289,0.991172,1908595,9
1,435087143,1.070284,1909111,1
1,1590314263,1.086584,1912338,40
1,2774175043,0.962683,1915368,34
1,3017201443,1.013098,1919178,48
1,374940289,0.946313,1923383,54
1,1856541359,0.946829,1927173,48
1,2998438109,0.897588,1928741,16
1,535958999,0.970261,1929889,10
1,3213849761,0.893772,1931376,15
1,2850043501,0.893772,1932589,11
1,2909437733,0.910550,1933802,11
1,3551045189,1.005357,1936844,37
1,1717421429,1.061581,1937643,5
1,2700014129,0.940101,1938152,1
1,403624241,0.970764,1939067,7
1,76473127,1.039738,1939634,2
1,994482389,1.111464,1942723,38
1,255166229,0.994614,1945172,29
1,2984932859,0.957597,1946396,11
1,3376552961,0.827388,1947039,3
1,4033305347,1.005357,1947688,3
1,3279670591,0.944764,1948975,12
1,4242030473,0.970764,1949783,5
1,2609696599,0.969758,1953377,45
1,3158597179,0.950945,1954669,12
1,2657471657,0.936979,1957926,36
1,1315134241,0.936979,1959627,3
1,2339899301,0.767377,1961707,21
1,1631721713,0.988706,1963127,14
1,713740507,0.999023,1966637,44
1,3431420689,0.922801,1970988,56
1,4260702697,0.893225,1972712,18
1,1277424011,1.006813,1974274,16
1,3839964631,1.134078,1976737,29
1,2713663663,0.994614,1978869,24
1,3814876547,1.005842,1982244,42
1,1490712313,0.844907,1983404,10
1,3712410463,1.043020,1984138,4
1,2300164673,1.050483,1985343,11
1,350577869,1.170520,1986820,15
1,3139416613,0.969254,1987837,8
1,1788663997,1.165084,1992275,57
1,682340257,0.969254,1993963,18
1,3546456437,0.946313,1995248,12
1,3438939389,0.952997,1997029,19
1,3683452639,0.907865,1997754,4
1,731997949,0.914830,2002657,64
1,3243031747,0.875000,2004071,14
1,2464496779,0.904092,2007434,42
1,1828589137,0.869402,2008711,12
1,3484705243,0.904632,2009366,3
1,496247611,0.970764,2010599,6
1,1401229979,1.100870,2012157,15
1,665366783,0.937500,2012881,4
1,749076959,0.970764,2014290,14
1,1570920047,0.877229,2016436,22
1,4191049651,0.970764,2018777,27
1,767805209,0.991172,2019284,1
1,93578369,1.050483,2020831,16
1,249850897,1.027930,2023626,34
1,958102727,1.050483,2024903,12
1,2225715719,0.978779,2026046,10
1,1823982203,1.040677,2028650,31
1,2170858601,0.920682,2029638,8
1,3635448797,0.974780,2030781,10
1,1307503261,1.044891,2032908,24
1,1328133743,1.029829,2035879,36
1,3026624351,1.004871,2036544,3
1,3028168391,0.934370,2039647,38
1,1003073647,0.928078,2043786,53
1,1180592071,0.988706,2046690,35
1,4245678887,0.922801,2047280,2
1,4194602983,0.970261,2048851,16
1,80626837,0.954533,2049972,10
1,345908527,0.945280,2053014,37
1,51495881,0.889391,2053716,4
1,157264529,0.988706,2055908,25
1,1853152789,1.004871,2061893,62
1,4175031631,0.993141,2063001,7
1,2157218873,1.020302,2064129,8
1,751906657,0.924387,2064708,1
1,2006234059,0.977281,2074835,138
1,1056358343,0.982762,2078092,40
1,273862999,1.090173,2078731,3
1,1312865087,1.090621,2079869,10
1,131311657,1.012133,2080998,10
1,3275569621,0.858664,2081858,6
1,2113175387,0.872205,2082732,6
1,2835605159,1.012616,2084358,17
1,4271526251,0.941657,2087316,36
1,889015811,0.984747,2089493,25
1,948053741,1.036916,2091053,16
1,1824143569,1.036916,2091845,5
1,2031546401,0.925443,2092421,2
1,1178355473,0.820275,2093208,5
1,2893145939,0.878342,2094227,8
1,504146717,0.937500,2096615,28
1,2721250517,0.944764,2097406,5
1,1265947289,1.055584,2098831,14
1,4151138689,0.917495,2103148,55
1,784550551,0.920682,2104352,11
1,3352842749,1.070284,2105715,13
1,3482489833,0.841432,2106784,9
1,2169137587,1.044891,2108753,22
1,3896339141,1.061581,2110655,21
1,1106381137,1.043020,2114980,51
1,1242929111,0.918559,2116269,12
1,110703389,0.997066,2118311,23
1,984066443,0.997556,2122629,53
1,2326295899,1.090621,2123853,11
1,2504329991,0.855816,2124497,3
1,368168459,1.039268,2125915,14
1,2523317047,1.003899,2126575,3
1,1358252531,0.993141,2130220,46
1,1997259707,1.002438,2132487,26
1,2723984489,1.048157,2135604,38
1,447141931,0.982762,2139172,45
1,4059931991,0.975280,2139762,2
1,198496769,1.031250,2144785,66
1,4280918459,0.985738,2147486,32
1,3698859137,1.095534,2151783,55
1,2515592243,0.862636,2152921,10
1,2110080121,0.960652,2156224,41
1,608944379,0.962683,2160478,50
1,3272904241,0.919621,2163031,30
1,3662984173,0.940101,2167576,41
1,495331517,0.948889,2170616,35
1,341980489,0.988706,2171961,13
1,2832215327,0.962175,2175480,44
1,3599327647,0.947859,2177114,17
1,1061820451,0.970764,2178877,19
1,2025287879,0.946313,2180089,11
1,52242769,0.935414,2180585,1
1,2557708297,0.836193,2185553,65
1,400897121,0.940101,2186547,8
1,1861192727,0.931753,2187480,7
1,2305856011,1.024123,2190382,35
1,3603167489,1.058356,2194108,47
1,2771574511,0.938021,2195394,12
1,861223663,0.988706,2196903,15
1,2832378259,0.958616,2197629,4
1,1776869581,0.920682,2199256,17
1,3158708543,0.957597,2200400,10
1,4172504587,1.000488,2201061,3
1,73761223,0.950945,2201763,4
1,1222161037,0.948889,2202410,3
1,1529165483,0.886090,2203644,11
1,4127798657,0.934370,2205470,20
1,2640766441,1.010685,2214025,116
1,650979313,0.957597,2215314,12
1,2888298337,1.002438,2215964,3
1,3203223259,1.005357,2219497,39
1,2625429929,0.978779,2220094,2
1,259074659,0.878342,2221441,13
1,602072363,1.013098,2222974,13
1,3456765479,0.944764,2225240,26
1,2882369323,0.952484,2228411,39
1,3698276111,0.983258,2229999,16
1,2697415037,0.868840,2231343,13
1,580181137,0.886090,2232545,11
1,1347813751,0.882225,2240874,113
1,2228410531,0.907327,2241869,8
1,14989451,0.931753,2245711,49
1,330951617,1.047691,2246357,3
1,480684493,0.919621,2246933,2
1,2198874553,0.785613,2251483,59
1,4289988953,0.938021,2253045,16
1,1238979829,1.070284,2253767,4
1,1571150939,0.927551,2254423,3
1,525270341,0.954021,2261578,96
1,2493438499,0.981270,2263712,20
1,2553418957,0.910550,2264654,7
1,3420171533,1.075745,2267045,15
1,708628031,0.997556,2268364,8
1,653669113,1.052341,2271322,34
1,299087861,1.083884,2274933,45
1,1810062209,0.957087,2275589,3
1,3194391163,0.952484,2276315,4
1,2784492691,1.012616,2278229,21
1,2394598447,0.878342,2281481,40
1,1893781501,1.070284,2282215,4
1,3517390291,0.952484,2283645,14
1,3673707041,0.859233,2288080,57
1,3820014449,0.949404,2289010,7
1,672301387,1.061581,2292581,45
1,1316232977,0.827388,2294566,22
1,121066007,1.061120,2296541,22
1,3877826137,1.044891,2298100,16
1,1069340123,1.068458,2298774,3
1,3653944493,0.997556,2300269,15
1,3355584637,0.952484,2301685,14
1,1816287107,0.913227,2306911,67
1,2860347013,0.895409,2308338,14
1,746585029,0.895409,2308857,1
1,3443983727,1.003899,2310284,14
1,2910438781,0.961160,2311291,8
1,2925313367,1.015985,2316800,72
1,245034371,0.875558,2317660,6
1,1623631813,1.009235,2318239,2
1,2468305687,0.969254,2319607,7
1,636100151,0.846639,2320214,2
1,2789342321,0.944247,2322059,20
1,3497620729,0.904092,2323477,14
1,2533083269,0.994614,2326464,34
1,2138783809,1.140090,2328946,29
1,1818721519,1.012616,2331421,29
1,1522511539,0.982762,2334948,44
1,4243904101,0.885539,2337719,33
1,288664309,0.962175,2338857,10
1,2147711789,0.872205,2339848,8
1,4045005319,0.855246,2340497,3
1,4287080731,0.772450,2341023,1
1,150717059,0.919621,2343266,26
1,2592188273,0.776863,2344888,17
1,2241641671,0.825024,2345820,7
1,809231,0.954533,2347550,20
1,2464721551,0.962683,2350990,43
1,2514120421,1.033615,2352134,10
1,3238476853,1.076198,2352935,5
1,201329389,1.015985,2355459,30
1,4269222371,1.084785,2356048,2
1,1413684667,1.021258,2360140,50
1,4237490773,1.002925,2360752,2
1,4898813,1.005357,2361663,7
1,1618533121,0.979277,2363699,23
1,3108692177,1.014543,2367217,40
1,1858792577,0.994614,2369672,13
1,2429378801,1.121958,2370782,7
1,964836331,0.761629,2374721,50
1,1587813497,0.944764,2376848,24
1,2954486851,0.927551,2378959,24
1,275842661,0.846062,2379531,2
1,878696227,0.919621,2380679,10
1,1208061739,0.975280,2382504,20
1,1491717499,0.964709,2383862,13
1,474118591,0.983258,2384799,7
1,3690856867,1.021258,2386601,19
1,274534999,1.047691,2393224,88
1,3876257569,1.006328,2394151,7
1,921504323,1.098205,2395431,12
1,765670559,0.970764,2397830,28
1,202381427,0.897588,2401188,42
1,3180174559,1.023646,2402683,15
1,706198393,0.956066,2403475,5
1,2236783973,1.027455,2404054,2
1,681868259,0.867152,2404709,3
1,2117998451,1.007782,2407331,31
1,3898956949,0.982762,2410284,36
1,2917499729,0.899761,2410933,3
1,725108921,1.109265,2411993,9
1,1591894511,0.922801,2412718,4
1,2540064341,0.846639,2419028,84
1,1177738669,0.956066,2421217,18
1,3905143259,1.039738,2422103,6
1,3402997099,1.050483,2423040,7
1,1913457727,0.964709,2425219,25
1,3667733339,1.006328,2427410,22
1,4011726479,1.044891,2428362,7
1,3235504669,0.977281,2430405,23
1,1600272631,1.078012,2433101,32
1,3498886327,1.063419,2434026,7
1,3471306547,0.889391,2435315,12
1,909917837,0.993141,2436870,16
1,1050813131,1.055584,2438141,12
1,3378928499,0.993141,2438662,1
1,1764778921,0.946313,2440010,13
1,2932391107,0.946313,2440872,6
1,1886424623,0.952484,2444824,50
1,2305778647,0.910550,2448346,44
1,2565037973,0.880563,2449709,13
1,1510734689,0.872205,2450859,10
1,3690229681,0.935414,2454026,39
1,38118439,1.025552,2459177,68
1,1919010991,0.895954,2460036,6
1,531486467,0.942176,2460895,6
1,3630937381,0.857526,2461754,6
1,3127502491,0.994123,2465141,42
1,2483929039,0.968750,2466233,9
1,1208606263,1.013098,2467671,10
1,1029646001,0.981270,2468976,12
1,1724971669,1.039738,2469837,6
1,372522653,0.835024,2470483,3
1,776199701,0.994123,2474709,37
1,2566670647,0.885539,2479269,58
1,3507277427,1.052341,2480421,10
1,1697376833,1.000488,2481778,13
1,350014033,0.970261,2482702,7
1,2123576989,0.968750,2483991,12
1,3599366237,0.910014,2494556,144
1,2125329413,0.978779,2496120,16
1,1005403417,0.981270,2497974,20
1,719933573,0.938541,2499657,18
1,597696773,1.042083,2502611,36
1,2638719191,0.832682,2505005,28
1,3417711131,0.954533,2506358,13
1,4292601461,0.963190,2507100,4
1,2089095361,0.957597,2509417,27
1,3583993901,0.946829,2512048,31
1,1884862169,0.947859,2513878,20
1,3461108509,0.895954,2519132,69
1,2971002259,1.015985,2520347,11
1,4227903133,1.017906,2521920,16
1,1533727487,1.113220,2523977,18
1,2073345899,0.965215,2525430,14
1,2526990913,1.090621,2530079,58
1,116287117,0.977281,2533797,47
1,1206989669,0.931753,2536056,26
1,3400933831,0.970764,2536849,5
1,3355451713,1.002438,2538110,12
1,1057548433,0.919621,2541682,45
1,125986127,0.852959,2543021,13
1,3115083967,1.095980,2543955,7
1,3349400767,0.944764,2544619,3
1,507717667,0.982762,2549171,59
1,2927803831,0.948889,2551662,29
1,3738615187,0.807073,2553791,24
1,4102610573,0.927551,2558069,55
1,1375448153,1.015985,2564250,82
1,2388748139,1.012133,2565181,7
1,2448671899,1.018386,2566460,12
1,2024035217,1.007782,2567526,9
1,3714374129,0.966732,2568180,3
1,1060831823,0.994614,2571613,37
1,3750766343,0.940620,2572452,5
1,1204214981,0.970764,2578170,59
1,1183661887,1.110145,2579405,9
1,328519031,0.988706,2581173,19
1,4255058359,0.938021,2581762,2
1,3663459617,1.022214,2584923,39
1,1520963597,1.007782,2586953,23
1,255278047,0.867152,2589015,23
1,2656825961,0.903552,2590225,11
1,845214049,0.922801,2594209,51
1,3089409007,0.997066,2596622,28
1,2178957059,1.044423,2599361,33
1,2687710771,0.946313,2600494,10
1,1731381139,0.950945,2601713,11
1,3657719971,1.055584,2602494,5
1,1044923141,0.942176,2607139,60
1,3446971873,0.941657,2611359,54
1,3958494187,0.882225,2613489,24
1,53592241,0.903011,2615596,24
1,1629773437,0.924387,2616177,2
1,3815364257,0.920682,2617801,17
1,3819413813,1.012133,2620853,37
1,1971088123,1.013098,2622082,11
1,3132714521,0.946313,2629736,99
1,809780119,1.056971,2631304,13
1,342782983,1.005842,2632720,14
1,99340541,0.994614,2634625,21
1,30644573,0.919621,2636370,19
1,4253220683,1.063419,2636960,2
1,1139371679,0.952484,2638729,19
1,300767741,0.997066,2640919,25
1,127484771,0.901929,2643871,36
1,1702357757,0.902471,2644392,1
1,2050993111,0.946313,2645896,15
1,1154728373,0.963190,2646405,1
1,989175461,0.970764,2648043,17
1,304874543,0.868840,2648691,3
1,3971917531,1.039268,2649351,3
1,3561668287,0.925971,2652095,33
1,967864571,0.994614,2653858,19
1,3395667097,0.950432,2654644,5
1,2323624951,0.938541,2656846,25
1,3805918927,0.969758,2661136,55
1,1921548511,0.988706,2662138,8
1,1974223477,1.073928,2663569,14
1,1734754081,0.942176,2664289,4
1,3779717609,0.938541,2665642,13
1,2251428229,0.907865,2666978,13
1,213294089,0.965215,2667763,5
1,3092074099,0.960652,2668972,11
1,1879553573,0.925971,2670036,9
1,3272788279,0.919621,2673237,35
1,1673091547,0.880563,2679200,63
1,2705892767,0.766103,2682057,32
1,2611121567,0.982762,2686489,57
1,3750321301,0.988706,2687852,13
1,3346782281,1.052341,2689147,12
1,2076411287,0.956066,2690865,18
1,742098121,0.846639,2692838,22
1,2350988023,0.914830,2694963,24
1,1411091453,0.949404,2696174,11
1,898948913,1.002438,2698717,30
1,4246031879,0.954533,2699787,9
1,2489661263,0.877229,2701839,23
1,2981935421,1.037387,2704241,28
1,3698589061,0.942176,2704899,3
1,1169408431,0.927551,2711554,89
1,3332458993,0.920152,2713749,25
1,3902692301,1.025552,2714334,2
1,1421405131,0.910550,2718969,60
1,844355591,1.018386,2720593,17
1,2185199651,1.025076,2724400,48
1,3105163163,1.019344,2725335,7
1,1068322933,0.858664,2726285,7
1,3513811831,1.072107,2727641,13
1,4118229779,0.990186,2728296,3
1,1776477779,0.942176,2730346,21
1,219256337,0.940620,2732026,18
1,1192511519,0.986728,2733436,14
1,541170907,0.975280,2735440,20
1,2885700247,0.996576,2737772,27
1,205065457,1.025552,2739035,12
1,4068591671,0.945280,2739962,7
1,251204773,0.889391,2741442,15
1,2234604667,0.935414,2742238,5
1,4141171267,0.880563,2743236,8
1,1290082681,0.889391,2745343,24
1,205857359,0.993141,2745907,2
1,2937911437,0.920152,2747613,18
1,3430549211,0.975280,2750289,32
1,1777086809,0.978779,2751214,7
1,293130857,1.037387,2751930,4
1,401330471,1.071652,2755787,49
1,3062449123,0.984747,2756862,9
1,3004185517,0.877786,2759805,36
1,865195801,0.981270,2763676,49
1,862464983,0.903552,2770272,88
1,3955099697,1.114973,2773084,34
1,2315110117,1.012133,2775592,25
1,2053863803,0.857526,2776971,13
1,241751017,1.076198,2779215,12
1,1903377491,0.940101,2782584,37
1,702632011,0.927551,2785563,36
1,3400261439,0.882225,2787418,20
1,186901193,0.952997,2790941,44
1,3490200509,0.912693,2791524,2
1,2574028423,0.864897,2792731,11
1,37928837,1.091068,2793850,10
1,1707936107,1.110145,2795894,23
1,2750447093,0.842012,2798226,27
1,3762572063,0.942176,2799150,7
1,3265964629,1.042083,2801404,26
1,4056678583,0.862070,2801989,2
1,3321777637,1.118471,2804398,28
1,3630123659,1.054196,2809029,60
1,2936233903,1.170520,2810459,14
1,4120893677,1.118471,2812034,16
1,1764595381,1.006813,2812622,2
1,884497699,0.944764,2813477,6
1,2567833991,1.013098,2815883,28
1,378195341,0.946313,2816604,4
1,154463987,0.975280,2819059,29
1,1462192007,1.048157,2820278,11
1,3616897061,0.998534,2820929,3
1,3210353191,0.916963,2822070,10
1,2767048657,0.931753,2822591,1
1,1559807423,0.930180,2824433,20
1,2475068593,0.940101,2825077,3
1,1322687543,0.952997,2826574,15
1,596554729,1.004871,2827221,3
1,3395550959,1.066628,2829141,21
1,1432527497,1.012616,2830572,9
1,3078875003,1.106621,2832954,27
1,3892500533,0.981270,2834235,12
1,1201811041,1.002438,2836985,31
1,4079026561,0.977281,2837775,5
1,1048781467,0.941657,2839959,25
1,1670061061,1.020302,2840608,3
1,306368921,0.944764,2841529,7
1,2572868981,1.015985,2843721,25
1,2218485989,1.005842,2845282,16
1,3230781251,1.007782,2846137,6
1,2978014939,0.988706,2848340,25
1,3360120497,0.994614,2849474,10
1,3794157277,1.046758,2851743,26
1,175274447,1.035503,2854345,31
1,4109035747,0.952997,2856259,21
1,3208260841,0.950945,2856831,1
1,633872947,1.019344,2865625,119
1,2652624173,0.965215,2866489,6
1,2175751741,0.884436,2867146,3
1,3650293033,0.974780,2867724,2
1,2151042503,0.894318,2870247,30
1,410512097,0.919090,2871448,11
1,3027857249,0.961160,2871959,1
1,1381422239,0.994614,2873306,13
1,300460379,0.977281,2874020,4
1,3713225953,1.002925,2875017,8
1,1048207079,0.913227,2876372,13
1,800621291,1.031250,2877226,2
1,2634813877,1.024123,2878744,15
1,3634919237,1.043488,2879463,4
1,2426045383,0.950945,2880967,2
1,871562309,0.944764,2883290,23
1,2761555201,0.994614,2886055,26
1,2814070087,0.871085,2887004,7
1,2249710993,0.910550,2888208,11
1,3955928279,1.019344,2889801,16
1,1704120479,0.955044,2890313,1
1,428529821,0.975280,2892150,20
1,3031156721,0.970261,2894896,33
1,538465583,1.063419,2896874,22
1,3804875233,0.963190,2898780,21
1,324140431,0.953509,2900337,16
1,282264883,1.012616,2902714,28
1,70315507,1.026028,2903354,3
1,287615611,1.151595,2905893,30
1,647260879,0.938541,2906750,6
1,2067642349,0.970764,2908885,24
1,2789496007,0.880563,2911068,25
1,1226539933,0.906789,2913909,34
1,646409831,0.921213,2917500,45
1,761872669,0.878342,2918434,7
1,2262971741,1.025552,2920753,27
1,167831347,0.806468,2922579,20
1,2948358593,1.029829,2923585,8
1,2308441711,1.036916,2924231,3
1,3496634803,0.992649,2926350,24
1,911843743,0.990679,2927418,9
1,3288447209,0.858664,2929702,26
1,557802221,0.919090,2932470,33
1,1360812071,1.007782,2933810,13
1,3801714211,0.832682,2936656,29
1,2794176563,0.862070,2938505,20
1,530501443,0.977281,2939720,11
1,248412539,1.005357,2940586,6
1,2557167979,0.857526,2942077,12
1,2534826199,1.000488,2943506,14
1,2840476579,0.903552,2944234,4
1,2213949011,1.013098,2945730,15
1,3697194329,0.946313,2947428,18
1,2960784517,0.957597,2948155,4
1,2195254793,0.950945,2948801,3
1,2533852121,0.837360,2956293,101
1,1356571187,0.880563,2956872,2
1,3910469699,0.922801,2960379,44
1,337596577,0.804043,2962059,18
1,2468778989,1.005357,2965880,48
1,2002148017,1.033615,2967226,13
1,2015738567,1.132786,2970390,39
1,1500364477,1.027455,2972595,25
1,2168846899,0.975280,2973530,7
1,3367574213,1.000488,2974740,11
1,937167431,0.934370,2976988,26
1,3685237411,1.012133,2977778,5
1,3305959759,0.911622,2979457,13
1,2201552993,0.875000,2983628,40
1,674206783,1.002438,2984525,3
1,888907139,1.035503,2985253,4
1,2392213189,0.878342,2988917,44
1,887108983,0.957597,2990133,11
1,4173759917,0.834439,2991007,6
1,3021631757,0.916963,2991590,2
1,1748069083,1.009718,2992102,1
1,3914679647,0.995105,2992895,5
1,693802849,0.932277,2994943,23
1,2405224973,1.045825,2995940,8
1,2138551561,0.964709,2997014,9
1,2410514987,0.994614,3000632,45
1,1855303237,1.048157,3001782,10
1,1864854683,0.988706,3005374,45
1,1537883051,0.846062,3006307,7
1,913765571,0.991172,3007447,10
1,278528749,0.957597,3009766,27
1,1133875621,1.062959,3010480,4
1,2414188429,0.908940,3011770,12
1,2611686239,0.962683,3012574,5
1,2846851927,0.965215,3013924,13
1,2375607889,0.913227,3015557,17
1,1653764309,0.970261,3017671,24
1,2268848591,0.961160,3018676,8
1,1660724251,0.868840,3019257,2
1,492214201,0.914830,3022554,41
1,891035521,1.073928,3023335,5
1,1693621057,0.918559,3024260,7
1,96625157,1.154560,3024748,1
1,1460850047,0.919621,3027378,31
1,2826611023,0.895954,3028099,4
1,691037407,0.901929,3029659,16
1,364220057,0.985738,3032195,30
1,312631427,0.919621,3035304,38
1,192893039,0.942176,3038169,29
1,2728463261,0.838525,3040807,31
1,4074553277,1.004871,3042540,16
1,4082105317,0.965215,3044405,20
1,4206156443,1.039738,3045635,11
1,3935320841,0.963190,3046702,9
1,2387810143,0.944247,3048621,21
1,3092630759,0.981270,3049692,9
1,1494896423,0.935414,3050413,4
1,1759676557,0.897588,3051202,5
1,1255270301,0.872205,3053824,31
1,3852372529,0.945797,3055661,20
1,964642649,0.984747,3057013,13
1,1268501519,0.984747,3057806,5
1,4086958333,1.004871,3059154,13
1,3032571089,0.962683,3060845,18
1,3258456563,0.970261,3061916,9
1,2328813103,1.040677,3062926,8
1,1486880819,1.137946,3064744,20
1,1581425149,0.970764,3065394,3
1,3331111471,0.955044,3071239,77
1,2005749623,0.941657,3073021,19
1,1550679269,0.919090,3074234,11
1,1807360847,0.978779,3075862,17
1,330056381,1.031250,3078050,25
1,2553697121,0.988706,3081904,44
1,2730289699,0.891584,3083000,9
1,1229579159,0.998534,3084642,17
1,3860489531,0.950945,3086324,5
1,1384834699,1.029829,3087034,2
1,3058126199,0.905711,3091539,57
1,3146817203,0.931753,3093107,16
1,1204773599,1.039738,3095237,24
1,2551703771,0.981270,3096028,5
1,2486116537,1.061120,3098415,28
1,2709397441,0.976781,3099150,4
1,1739264081,0.942176,3100846,18
1,4184192059,0.880563,3104019,39
1,2166354809,0.880563,3108595,59
1,969991181,0.913227,3109871,12
1,2003493421,0.877229,3110664,5
1,2454888001,0.949404,3113961,41
1,2132395261,0.938541,3115318,13
1,3222776729,1.006328,3115905,2
1,4243740679,0.934370,3116487,2
1,1887643477,0.743461,3119590,38
1,1550952863,1.052341,3120314,4
1,4155580469,0.953509,3122641,27
1,441944537,0.928078,3123709,9
1,240423199,0.962175,3125117,14
1,364337537,0.846062,3126243,10
1,13694423,1.025552,3126873,3
1,3161299189,1.076652,3133178,83
1,650557357,0.918559,3133832,3
1,483113359,0.906789,3135943,24
1,823856731,0.982762,3138333,28
1,3388401301,0.934370,3140449,20
1,4069439663,0.988706,3141457,8
1,1298193551,0.908940,3142735,12
1,23478551,1.068458,3143847,10
1,2894632673,0.928078,3148744,62
1,2547118129,0.888841,3149266,1
1,541913479,0.952484,3151440,25
1,715162913,0.880563,3152699,12
1,1014286891,0.872205,3153834,10
1,2867167103,0.946313,3154575,4
1,3745342039,0.895954,3155094,1
1,2252279539,0.895409,3156875,19
1,300593669,1.036916,3159613,33
1,1114963033,0.858664,3161872,26
1,1636199447,0.928078,3162527,3
1,771014693,1.046758,3163794,12
1,4011321619,0.988706,3168640,63
1,3463256603,1.077106,3169500,6
1,21235213,1.006328,3170754,12
1,2784436601,0.948374,3176364,74
1,3805504151,0.956066,3177225,6
1,1759833871,1.063419,3179137,21
1,1424952509,0.904092,3180986,20
1,3707605159,0.886090,3182211,11
1,3558975401,1.104854,3184246,18
1,400775539,1.073928,3184778,1
1,439745083,1.081629,3185430,3
1,3522066827,0.994614,3186724,12
1,230535103,1.007782,3190061,21
1,184363307,0.862070,3191433,10
1,4284386921,0.901929,3192727,12
1,3812933569,0.978779,3193724,8
1,519488467,1.062959,3195846,24
1,1427607551,1.027455,3196929,9
1,2902077077,0.932277,3197859,7
1,3415950943,0.882225,3199635,19
1,4137843887,0.912693,3200856,11
1,3626782457,0.974780,3206060,68
1,3622935619,0.846062,3207141,9
1,3750671237,0.994614,3207804,3
1,2256537841,1.014061,3211169,42
1,76252003,0.922801,3212857,18
1,1555127381,0.854103,3215919,37
1,399273691,1.007782,3219241,41
1,1390572349,0.982762,3226033,91
1,675225137,0.888841,3228849,34
1,1183116733,1.061581,3229922,9
1,3640957699,0.864897,3232236,27
1,3993091337,0.960652,3232814,2
1,2035606373,1.032197,3235142,27
1,1956020359,0.868840,3235722,2
1,3892360727,0.944764,3236713,8
1,4259963471,0.969254,3237652,7
1,706978141,0.862070,3238294,3
1,278769203,0.899761,3238867,2
1,2020779121,1.002925,3240705,20
1,2810794499,1.006328,3241667,6
1,3122562727,0.934370,3242468,5
1,1577646467,0.902471,3245272,34
1,1606109633,0.827388,3246766,12
1,4264633913,1.050483,3247647,6
1,1807008499,1.140518,3248928,12
1,895577549,0.950945,3251896,36
1,118987949,0.975280,3253998,24
1,3215819393,0.802219,3254857,6
1,4066278719,0.911622,3257119,26
1,3469252037,0.960652,3259680,30
1,137179079,0.919621,3263545,49
1,2621841907,0.969254,3264263,4
1,2630813671,0.827388,3264924,3
1,2278921531,0.904092,3265587,3
1,4095274693,0.852959,3267862,26
1,2622778913,0.893772,3270532,32
1,803755831,0.928078,3272091,16
1,3778096561,0.843750,3280637,116
1,4016168951,1.053732,3283882,40
1,1956836887,1.044423,3285162,12
1,2218849133,0.977281,3288066,31
1,3437002043,0.861503,3290923,20
1,2739172067,0.985738,3292045,5
1,4261601269,0.931753,3292777,3
1,986082421,1.115411,3293296,1
1,2925363787,1.046758,3295305,22
1,2531878639,1.105296,3297232,21
1,3222253607,0.985738,3298086,6
1,1995431549,0.893772,3298960,6
1,1608718889,0.911086,3300598,17
1,1757876023,0.905711,3302294,18
1,2768867119,0.946313,3303231,7
1,4249869803,0.997556,3303898,3
1,2875030343,1.115411,3305189,12
1,1355393869,1.004871,3306393,11
1,3559908481,0.977281,3308370,22
1,3196746559,1.000488,3311006,31
1,285570101,0.968750,3313257,26
1,228697291,0.970764,3314111,6
1,1309392673,1.067086,3316717,31
1,3449467397,0.975280,3319041,27
1,3903597419,0.970764,3319761,4
1,3165819791,1.097316,3323924,53
1,2685678137,1.004871,3325769,20
1,2680498819,1.090173,3330196,57
1,3567091949,0.997066,3330781,2
1,175376623,0.821465,3332956,25
1,2429321423,0.997066,3335209,26
1,3499077871,1.062959,3336854,17
1,3219339133,0.897588,3338004,10
1,1631454523,0.889391,3340982,36
1,3574395641,1.095534,3341579,2
1,3411621637,1.047691,3344098,25
1,2458830943,1.012616,3344755,3
1,4294561153,1.070284,3348726,48
1,4041138377,0.946829,3349810,9
1,2500988401,0.844329,3350313,1
1,1869664327,0.848367,3351729,14
1,2540566799,1.007782,3354003,26
1,244476901,0.927551,3354506,1
1,1181026523,0.952997,3355159,3
1,754344991,0.982762,3356158,8
1,1068093049,1.147773,3356986,3
1,2930094749,0.970764,3358653,17
1,1236249659,0.927551,3360568,21
1,1730757151,1.031250,3361572,8
1,953463703,0.984747,3362081,1
1,3341833631,0.993141,3363081,8
1,2254413461,0.927551,3368574,72
1,3723814561,0.969254,3369868,12
1,296931001,0.988706,3371137,12
1,2685803591,0.862070,3372065,7
1,227088427,0.899761,3372567,1
1,95785457,1.025076,3373561,8
1,1504167169,0.960652,3375037,15
1,160027649,0.977281,3375805,5
1,3511329319,0.953509,3377494,18
1,1846597651,1.018386,3384992,101
1,1656040483,1.058356,3391793,87
1,2212957477,1.044423,3396010,40
1,303972091,1.002438,3397214,9
1,2905851419,0.954533,3402138,64
1,3559201699,0.913227,3402724,2
1,1266486379,0.988706,3403590,6
1,2311523657,1.035031,3407593,51
1,1103953163,1.014061,3408941,13
1,1443748633,1.029829,3410148,11
1,3173812387,0.993141,3412274,24
1,1059040193,0.984747,3412923,3
1,3581403607,0.906250,3414573,17
1,964620463,0.978779,3415514,7
1,1544997007,1.007782,3419310,48
1,1236084547,0.984747,3420799,15
1,3281570599,1.015985,3422283,15
1,1247160869,0.970764,3422856,2
1,1107042511,0.846062,3425320,29
1,555345757,1.144365,3427428,24
1,3316700929,0.925971,3431803,56
1,2409799837,1.058356,3434822,37
1,2592612859,0.981270,3435888,9
1,2361402839,0.952484,3439126,40
1,3819411781,1.040677,3442501,42
1,2487715597,1.093303,3443154,3
1,813099587,0.877229,3447287,42
1,2269179089,0.968750,3448656,13
1,2420364377,0.928078,3449726,9
1,1132807957,0.846062,3452966,38
1,2793086573,0.980772,3454893,21
1,3635626733,0.902471,3455682,5
1,2851725241,1.068914,3456274,2
1,1187841143,0.961160,3456853,2
1,739053277,0.910550,3457776,7
1,4251948163,1.004871,3460539,33
1,3000486521,1.017906,3462933,28
1,3970586663,1.039268,3465252,27
1,1300843403,1.031250,3468754,44
1,2243172047,1.029829,3475085,84
1,1966538701,1.006813,3476095,8
1,1732142959,0.965215,3477937,20
1,3191832607,0.911622,3478529,2
1,3128137081,1.027930,3482133,45
1,3247513141,0.935414,3484949,34
1,40640231,0.977281,3486146,11
1,3473187287,0.910550,3487359,11
1,602016871,1.054659,3488774,14
1,3277598927,0.895409,3489710,7
1,631170361,1.048157,3494298,55
1,1129681153,1.012133,3496146,4
1,3029621887,0.989199,3498230,21
1,3502201583,1.109705,3498899,3
1,3862890599,1.003899,3499569,3
1,4275074957,0.907865,3502039,29
1,42948901,1.106621,3502741,4
1,2442200413,1.013098,3504582,20
1,3322384157,0.893772,3506351,19
1,3385030879,0.860369,3507499,10
1,3540974431,0.963190,3510329,34
1,542948779,1.076198,3510839,1
1,1319807243,1.022214,3514415,45
1,4237289629,0.955044,3515150,4
1,3411526777,0.773714,3517477,27
1,2358399787,0.858664,3518272,5
1,715017461,1.057433,3522213,50
1,1803090007,1.093303,3522876,3
1,3951793217,0.870524,3524983,24
1,506153579,0.962175,3525984,8
1,443436613,1.006813,3527560,16
1,4141357357,1.050483,3528974,14
1,2067186167,1.079822,3530827,20
1,1076927983,1.004871,3532241,14
1,3313676189,1.098205,3534659,28
1,1616877793,1.015985,3536001,13
1,387462401,0.984747,3536991,8
1,2388558673,0.958616,3538957,22
1,4019986219,1.067086,3541730,33
1,1329091537,0.895409,3542655,7
1,3099402403,0.891584,3544003,13
1,2118504077,1.084785,3544523,1
1,936295567,0.965215,3546578,23
1,1281930409,0.893772,3549871,37
1,200551027,0.920152,3551379,15
1,2738122579,1.002438,3551892,1
1,1676139247,0.936979,3553826,18
1,568628351,0.895954,3557363,44
1,3202605157,1.086584,3559071,18
1,2152180361,1.029829,3560338,12
1,298546727,1.050483,3564829,58
1,3612533767,0.975280,3568576,47
1,1088524153,0.987223,3569709,10
1,299172163,1.048623,3571089,12
1,3278039249,1.020780,3574085,36
1,2781895451,0.921743,3575015,7
1,1876799291,0.960652,3575547,1
1,1534212731,1.003899,3579081,44
1,689228101,0.928078,3580067,8
1,1168887319,0.910550,3580587,1
1,3393400729,0.929129,3582424,20
1,2882838851,0.919621,3584556,24
1,4070767231,1.020780,3585913,13
1,1799591419,1.000488,3590064,53
1,1494386437,0.893772,3591553,15
1,3340416697,0.970764,3595130,40
1,3145035247,0.952484,3596303,10
1,3176045657,0.904092,3597950,4
1,1076247587,0.942176,3598991,5
1,981989159,0.981270,3600224,11
1,1493487389,1.100870,3602203,22
1,3246066619,0.903011,3603976,19
1,2961854953,0.921213,3605105,10
1,1637921749,1.046758,3609799,61
1,1496732711,0.994614,3619779,136
1,2446610477,0.920682,3620354,2
1,883488737,0.962683,3621072,4
1,3171946783,1.048157,3623603,30
1,2686875689,0.891584,3624310,4
1,4219825793,1.048157,3626842,30
1,812443847,0.970261,3631472,60
1,1912889831,0.973276,3632122,3
1,398638673,0.888841,3634606,29
1,478259269,0.970261,3637483,35
1,4263688903,0.990679,3640095,31
1,452969057,0.895409,3645279,68
1,285359989,1.012133,3654957,126
1,2802672133,0.960652,3656405,14
1,3094825043,0.925443,3657567,10
1,3249810341,1.020302,3659123,16
1,1515178727,1.012133,3660482,13
1,4068873103,0.998534,3662897,28
1,3455072713,0.932277,3665783,35
1,4153143227,0.921743,3675476,132
1,528544553,0.895954,3678274,34
1,538077461,1.069371,3679820,16
1,978731927,1.044891,3681164,13
1,2217656449,1.020302,3681725,2
1,3752306381,1.033615,3683428,18
1,1839198353,1.020302,3684433,8
1,2083118483,0.988212,3685924,15
1,3673432447,1.063419,3688472,30
1,1042937201,0.944764,3689481,8
1,901410047,1.106621,3691752,26
1,1345609373,0.946313,3693445,18
1,1994846473,0.994614,3696827,38
1,874037971,1.012133,3698190,13
1,443908357,0.848942,3700670,15
1,2341846009,0.862070,3703629,32
1,3284551483,0.978779,3704285,3
1,2251388669,0.941139,3705501,11
1,1979616427,0.948374,3706165,3
1,4152836333,1.063419,3707165,8
1,2848144853,0.934370,3708443,12
1,1718338483,0.895954,3709600,10
1,3077608517,0.958616,3714639,66
1,1157364391,0.997066,3720490,77
1,1764385397,1.054659,3722621,24
1,4053923147,0.991172,3723763,10
1,497767051,1.013098,3724625,6
1,2525492513,0.982762,3725631,8
1,2244042673,1.171771,3726141,1
1,159280309,1.148198,3727071,7
1,989424047,1.039268,3730120,37
1,310193063,1.034559,3731958,20
1,2780773081,0.931753,3732961,8
1,3478792391,0.958616,3738430,72
1,3930168667,0.978779,3739016,2
1,2514633973,0.877229,3741406,28
1,3592407983,0.960652,3746053,60
1,2476168873,0.969758,3747905,20
1,2301996997,0.911622,3748417,1
1,1950783563,1.043488,3749140,4
1,1798826753,0.895954,3749660,1
1,2409250873,0.934370,3755788,77
1,1357721129,0.922801,3760764,62
1,880039987,0.985738,3765545,62
1,85854983,0.934370,3767152,17
1,4042269607,0.929655,3767662,1
1,352302887,0.984747,3768178,1
1,249681119,0.953509,3769885,18
1,2739640403,1.120651,3772626,33
1,1820934781,0.935414,3776143,44
1,4083005687,0.946313,3779891,47
1,3730783951,0.902471,3780631,4
1,2996027269,0.954533,3782893,26
1,1558921621,1.028405,3784934,23
1,3519873109,0.978779,3788445,44
1,4245787883,0.984747,3790149,18
1,173563853,0.989693,3790652,1
1,3063532477,1.052341,3791381,4
1,4184987363,0.984747,3793160,19
1,758784847,0.950945,3794991,20
1,2724653527,0.946313,3795506,1
1,3272062819,1.004871,3796932,14
1,129151787,0.904632,3800002,33
1,1307882161,0.985738,3801022,8
1,1739352497,1.032197,3808739,87
1,1316659921,1.032197,3809501,2
1,1289745473,0.964709,3811556,23
1,870658861,0.997066,3813256,18
1,3526470473,0.964709,3817748,58
1,492931717,1.064795,3818458,4
1,1435582633,1.081178,3819167,4
1,615299689,0.855246,3819881,4
1,2689741829,0.945797,3821703,20
1,217875851,0.914830,3823046,13
1,3027392603,1.020302,3824401,13
1,1981031231,0.962683,3827368,36
1,3243240067,0.955044,3828582,11
1,3369976271,0.965215,3832175,45
1,881692909,1.012616,3832960,5
1,1358013959,0.919090,3834718,19
1,741452983,0.911086,3842282,102
1,3131099861,0.963190,3843767,15
1,3546722737,1.015985,3844344,2
1,891711713,0.993141,3844991,3
1,669924847,0.960652,3848247,40
1,438360641,1.149049,3848812,2
1,2591578793,0.895954,3850320,15
1,4053986837,0.882225,3851320,8
1,3915830071,0.978779,3852879,16
1,3704555117,1.076198,3855755,30
1,2691966671,0.928078,3857639,17
1,2102297683,1.050483,3858391,4
1,3045583493,0.877786,3859189,5
1,675086257,1.062959,3860618,14
1,1022581009,1.044423,3861550,7
1,1632905311,1.104854,3864651,35
1,2402772497,0.910550,3865934,12
1,456204899,1.019344,3866503,2
1,193169597,1.002438,3867223,4
1,118519693,0.960652,3869068,20
1,3383936497,1.025552,3872719,46
1,4078929571,1.025552,3873304,2
1,2285447861,1.054659,3874019,4
1,3357416273,0.944247,3875495,15
1,1729232347,0.981270,3877142,17
1,1766343457,0.946313,3879194,23
1,4279542637,0.988706,3880483,12
1,4282787221,0.969254,3881283,5
1,3444488011,0.987223,3882582,12
1,1994531117,0.898675,3884900,27
1,2486267269,0.942176,3886034,10
1,165248137,1.024123,3888492,29
1,3325881313,0.911622,3892851,56
1,1479352169,0.931753,3893709,6
1,4229719667,0.977281,3895837,24
1,1739919659,0.969254,3898860,37
1,2341099157,1.015985,3899718,6
1,2680226033,0.938541,3900289,2
1,3799996051,1.007782,3901309,4
1,602997779,1.061581,3902393,9
1,1104008369,0.938541,3904938,17
1,3462411677,0.925971,3906384,10
1,3709904179,0.751951,3909366,36
1,503365561,1.064337,3916716,99
1,1451682509,0.899761,3917297,2
1,4286026699,0.940620,3918030,4
1,1564943071,0.964709,3918551,1
1,487170589,0.954533,3924230,75
1,96784189,1.001951,3925713,15
1,1272841303,0.919621,3927695,22
1,3174522053,0.984747,3928767,9
1,2232735917,0.957597,3932911,53
1,2966318123,1.100870,3934548,17
1,1821316051,0.973777,3936242,18
1,1837945201,1.025552,3936749,1
1,1203080071,1.043020,3937400,3
1,4001035117,1.025076,3938277,6
1,442425239,1.140518,3939347,9
1,3133054523,1.066628,3942170,34
1,579416581,1.087033,3942666,1
1,3810439159,0.776863,3946880,54
1,3222639551,0.965215,3948295,14
1,2716571401,0.973777,3949789,15
1,1274299517,0.960652,3951218,14
1,3420797969,0.895409,3955223,51
1,2068061693,0.897588,3955741,1
1,680576987,1.078012,3957877,20
1,2722967743,0.877786,3958741,6
1,1074769537,0.942176,3962335,43
1,2909293259,0.952484,3963083,4
1,4046245447,0.955044,3963665,2
1,649324513,1.032197,3965079,14
1,2083415293,1.076198,3966016,7
1,962462359,0.942176,3968757,33
1,1292260439,0.935414,3969751,8
1,557625751,0.997066,3971024,12
1,2462899511,0.962683,3971617,2
1,1139925529,1.033615,3972193,2
1,3193213087,0.875000,3972922,4
1,2980535729,0.991172,3974141,11
1,2186724781,0.975280,3976475,27
1,4217665831,1.055584,3978035,16
1,3009459577,0.970764,3978965,7
1,2133855803,0.927551,3980174,11
1,2051203837,0.978779,3982009,20
1,3209474171,0.984747,3989100,95
1,420083693,1.154560,3990442,13
1,2658404873,0.938541,3991432,8
1,4115360687,0.889939,3992232,5
1,259455827,0.962683,3993931,18
1,3159204899,0.965215,3997025,38
1,4117302407,0.944247,3998727,18
1,82317337,0.884436,4003604,59
1,3515660341,0.973777,4004209,2
1,235231517,0.882225,4005132,7
1,401526049,1.005357,4006060,7
1,2463528521,1.099094,4008237,11
1,395994229,0.969758,4011485,38
1,1380186187,0.898132,4012568,9
1,64648271,0.952997,4014883,27
1,123547199,0.985738,4021842,93
1,1390467493,1.012616,4022845,8
1,1001740483,0.922801,4024963,24
1,2576876563,1.133647,4026663,18
1,3288643643,0.921743,4028775,24
1,2980261217,1.039268,4031173,28
1,2851405919,0.944247,4032872,18
1,3419809963,1.113220,4033731,6
1,1329429641,0.864332,4034247,1
1,922898239,0.836193,4035174,7
1,2557220647,0.940101,4035682,1
1,3032615977,1.086584,4037155,15
1,3746719549,0.950945,4041787,60
1,1936996531,1.019344,4042440,3
1,1744592783,1.109265,4046098,46
1,493756853,0.906789,4050723,60
1,1906105819,0.984747,4058136,95
1,3636306217,0.826207,4060752,31
1,847703533,1.043488,4062818,23
1,844649027,0.972272,4064709,18
1,142420123,0.938541,4065634,7
1,1717223947,1.004871,4070491,63
1,3939119131,0.877229,4071570,9
1,2378501,1.003899,4073514,22
1,3184765291,0.927551,4075085,16
1,4036573063,1.004871,4076857,19
1,3964699799,0.928078,4081488,60
1,1434544117,1.007782,4082783,12
1,2605865539,1.057894,4086852,52
1,3339400451,0.942176,4087498,3
1,1820971553,0.946829,4092257,62
1,3578990567,1.005357,4093050,5
1,2140229683,0.942176,4097410,56
1,2396995187,0.984747,4098841,14
1,2638530017,0.962683,4101313,29
1,3563416349,1.050483,4102105,5
1,2033834753,0.872205,4104429,27
1,3264394261,1.025552,4105911,10
1,1187132357,0.932277,4106579,3
1,183098701,1.004871,4107297,4
1,1363228301,1.035031,4107939,3
1,1705145077,0.791187,4110038,10
1,4244895623,1.104412,4112455,24
1,46932881,0.982762,4119295,91
1,2760890963,0.922801,4120515,11
1,3008492819,0.973777,4121725,11
1,21219839,1.063419,4122431,4
1,1265596811,0.931753,4123299,6
1,3082795153,0.955044,4124304,8
1,3169967681,0.906789,4127320,37
1,519085087,1.053732,4129519,25
1,40211191,0.982762,4131069,16
1,4031150213,1.018386,4133892,34
1,4162688003,1.071652,4134816,7
1,1546696763,0.984747,4135463,3
1,2297548433,0.882778,4136110,3
1,4165103147,0.975280,4137106,8
1,384215591,1.118907,4140263,39
1,462605491,1.084785,4141744,15
1,3071588027,0.981270,4142825,9
1,2925953003,1.050483,4144462,17
1,2427681001,0.862070,4146032,16
1,3037570651,0.949404,4146893,6
1,16110317,0.954533,4149974,38
1,998910569,1.000488,4152357,28
1,28836337,0.855246,4156336,51
1,1142352509,0.970764,4157689,13
1,2113325329,0.785613,4160299,31
1,3134401541,1.054659,4161238,3
1,1548304061,0.931753,4163284,22
1,1836307673,0.891584,4164713,14
1,1498306657,0.981270,4166878,22
1,3083583187,0.978779,4168618,18
1,478561163,0.995105,4169613,8
1,1913685463,1.044891,4171372,19
1,2432768411,1.072563,4172500,10
1,641727241,0.982762,4173593,9
1,2286226837,0.922801,4175776,25
1,4045255141,0.941657,4176429,3
1,2852328373,1.004871,4178332,21
1,1500222937,0.946313,4179054,4
1,222978439,0.981270,4184260,68
1,4088885221,0.903552,4186383,24
1,368859389,0.998534,4187111,4
1,3894048733,1.052341,4189169,23
1,488706671,1.063419,4190520,13
1,189381509,0.897588,4191717,11
1,2804164703,1.024123,4192296,2
1,3418269037,0.901929,4194002,18
1,286738787,1.098205,4195343,13
1,3599720627,0.929655,4200478,67
1,3344121553,0.946313,4202412,21
1,1718341913,0.899761,4203970,16
1,4043735963,0.928078,4208417,53
1,1048363111,0.872205,4209646,11
1,2813858771,0.946313,4213164,30
1,2899399519,0.979277,4214974,17
1,355734109,0.913227,4216174,11
1,3694609397,0.895409,4217387,11
1,1358899901,0.969758,4217909,1
1,3712233223,0.946313,4219688,19
1,3030415111,0.931753,4220754,9
1,3616794497,0.860369,4221960,11
1,1715334703,0.928078,4224455,29
1,185558987,0.944247,4230196,76
1,2116830503,1.033615,4231688,15
1,952746173,1.027455,4232194,1
1,4239900563,0.950432,4236312,52
1,1522197667,0.907865,4238641,27
1,3335167159,0.844329,4239716,9
1,253515193,0.928078,4240639,7
1,1229566183,1.084785,4245266,60
1,1404848633,1.002438,4246058,5
1,230001283,0.946313,4247257,11
1,2646449569,0.858664,4252647,71
1,1330172443,1.029829,4253928,12
1,1206222421,0.884436,4256046,24
1,3582152507,1.068458,4256924,6
1,2877197969,1.027455,4257647,4
1,2259559429,1.022214,4258218,2
1,1017320839,0.928604,4259650,14
1,3871429589,1.068458,4260788,10
1,1641477293,0.920152,4261650,6
1,448730461,0.945797,4262160,1
1,823522549,0.983258,4263757,13
1,542944823,0.946313,4265040,12
1,1290881021,0.997066,4269089,49
1,603135817,0.984747,4270095,8
1,2982601933,0.961160,4271172,9
1,407599877,1.012616,4271952,5
1,1353072817,0.960652,4273354,14
1,1405730087,0.895409,4275132,19
1,2553768463,0.962683,4276569,14
1,32180831,0.969758,4277903,13
1,80270171,0.844329,4280355,29
1,1429660079,1.000488,4284104,47
1,204731243,0.994614,4286216,24
1,4275446381,0.980772,4287017,5
1,22326869,1.080274,4291759,62
1,300890459,0.914830,4294289,30
1,2533045043,0.910550,4295014,4
1,3711782887,0.984747,4296526,15
1,4199861539,0.938541,4297733,11
1,629317853,0.965215,4298662,7
1,3614707469,0.810695,4302242,45
1,1531012081,0.899761,4302750,1
1,2051322613,0.903552,4306131,42
1,2007174157,0.946829,4307282,10
1,3527089717,0.977281,4310159,35
1,1875576173,1.073928,4313162,32
1,85021927,0.835609,4314725,4
1,4042508137,1.055121,4315556,3
1,390993637,0.954533,4317124,14
1,1490589091,0.938021,4318284,10
1,2597602387,0.813101,4320544,26
1,1128294133,0.944764,4324826,55
1,2060316197,0.938541,4325690,6
1,3023053223,1.090621,4327656,22
1,1129551853,1.018386,4332695,66
1,2030115799,0.811899,4336970,55
1,2565945289,0.815499,4338540,16
1,1696973381,1.000488,4341705,39
1,1498965691,1.031250,4342428,4
1,4093584893,0.978779,4343305,6
1,4136294681,0.901929,4345147,20
1,1664334967,0.908403,4346013,6
1,2591983157,0.988706,4348555,30
1,573761647,1.035503,4349061,1
1,697040011,1.164665,4350641,16
1,271012019,1.089725,4353026,28
1,3014765483,0.965215,4355427,28
1,1095443891,0.931753,4360026,57
1,3944899561,1.079370,4360636,2
1,705153583,0.832682,4361423,5
1,532528123,0.878342,4370803,123
1,3181975243,1.078012,4371408,2
1,2703341131,0.996576,4377521,78
1,3928762003,0.938541,4380491,36
1,2612586439,1.012133,4381087,2
1,3043157197,0.941657,4382593,15
1,3347726693,0.910550,4385705,38
1,1020577793,0.954533,4388331,31
1,1875364187,1.012616,4388851,1
1,2732469227,1.086584,4390698,20
1,1663018403,0.997066,4393384,32
1,3971483671,0.903011,4394176,5
1,2560743091,1.079822,4395608,14
1,1837767751,0.970764,4397159,16
1,3046432573,0.970261,4397956,5
1,4078522439,0.932277,4399160,11
1,368443027,1.012133,4404133,65
1,2912632573,0.854103,4405718,16
1,2014693489,1.015985,4406710,8
1,150822383,0.829745,4410713,51
1,111975433,0.969254,4411276,2
1,4029907159,1.068458,4412133,6
1,412765681,0.940620,4415444,37
1,1722528287,0.969758,4417219,5
1,2511904693,1.057894,4419994,24
1,2012950981,1.043488,4421857,20
1,3145614221,0.811297,4423563,18
1,1276659253,0.902471,4424064,1
1,1410716393,0.838525,4424641,2
1,2236517741,0.936979,4426824,25
1,3235889093,0.895954,4427901,9
1,727712963,0.902471,4428399,1
1,488170303,1.047691,4430317,21
1,1371871001,1.020780,4430819,1
1,2794721819,0.914830,4433627,34
1,790826191,0.990186,4435179,16
1,4269080939,0.902471,4436667,15
1,3261900403,0.997556,4437534,6
1,3966895151,0.957087,4439365,20
1,1130298073,0.991172,4443453,52
1,4019556433,1.035031,4444455,8
1,687851449,1.035503,4445533,9
1,2864592383,0.932277,4446056,1
1,3853303121,1.040677,4449862,48
1,3738010469,0.904632,4451907,23
1,3756655303,0.844329,4455769,49
1,1591104929,1.039738,4456415,3
1,2939488099,0.934370,4463086,89
1,2048930519,1.005842,4466663,45
1,1435187671,0.956066,4467603,7
1,1372026919,1.083884,4470895,37
1,2325634687,1.095534,4473238,27
1,327860851,1.020302,4476574,39
1,3653738113,1.035503,4477655,9
1,3045210871,0.844907,4480349,32
1,4146477983,0.887192,4481354,8
1,2117436767,1.046758,4489359,108
1,3419374877,1.024123,4490575,11
1,2415705109,0.973777,4493901,41
1,2790423773,0.996576,4495667,19
1,1673050877,0.978779,4497234,16
1,1380587297,0.956066,4500452,40
1,2059864691,1.105738,4501242,5
1,4002902987,1.004871,4506542,69
1,1114509829,0.954533,4507390,6
1,3687138607,0.947859,4508557,10
1,4218119797,1.014061,4509424,6
1,3037986563,0.928078,4511692,26
1,682647923,0.903011,4514490,34
1,1854003383,0.983258,4515623,5
1,1483693103,0.988706,4519863,40
1,3554389133,0.969758,4521016,6
1,691895207,1.039268,4522588,16
1,100484201,1.057433,4523712,10
1,4267413937,0.934370,4525203,15
1,4274362991,0.955044,4527134,21
1,264543107,0.993141,4527644,1
1,3342307523,1.068458,4528224,2
1,1613017397,0.919621,4529429,11
1,915258587,0.908940,4530592,10
1,2851256113,0.946313,4531609,8
1,443233139,0.977281,4532257,3
1,3071507809,0.965215,4533050,5
1,2456676017,0.977281,4534055,8
1,4024831127,1.005357,4535203,10
1,2469676843,1.007782,4537255,23
1,1366362733,0.927551,4537759,1
1,667352617,0.950945,4539680,21
1,2515292099,0.938021,4540403,4
1,1962522349,1.044423,4541905,15
1,3778883971,0.952484,4542414,1
1,348291659,0.965215,4543126,4
1,3250307969,1.013098,4544481,13
1,3360857587,0.919621,4545278,5
1,2410890571,1.119780,4546139,6
1,495552943,1.010685,4547001,6
1,994873661,0.935936,4547585,2
1,3826934621,0.888841,4548877,12
1,3151747369,0.973276,4550804,21
1,500933663,0.936979,4552518,18
1,1602457811,0.925443,4555064,30
1,2899433309,0.940101,4555724,3
1,4003723457,0.918559,4556238,1
1,3273667127,0.880563,4556743,1
1,2370006263,1.001464,4560249,44
1,4232199161,0.878342,4562377,24
1,4052672111,0.895409,4564094,18
1,1389756857,0.970764,4564808,4
1,3985482733,0.946313,4567832,37
1,3222360179,1.076652,4572376,53
1,2277754379,0.968750,4575249,34
1,3869152949,0.811297,4576948,17
1,578543873,0.932277,4577534,2
1,3926878649,0.928604,4578951,14
1,2460942251,0.958616,4579752,5
1,528151769,1.000488,4580753,8
1,2073910283,1.040677,4584428,46
1,2258571593,1.098205,4585147,4
1,3347860391,0.919090,4588143,36
1,3573490027,0.954021,4595294,96
1,1533307859,0.897588,4596646,13
1,2881294723,0.919621,4598563,21
1,638811443,0.885539,4599635,9
1,3141543241,1.027455,4601466,20
1,2676516421,1.124132,4603867,28
1,2708854697,0.920152,4605494,17
1,2034140501,1.013098,4609640,53
1,3267172547,1.029829,4614831,68
1,1509092653,0.904632,4618875,47
1,1195615987,0.942176,4619968,9
1,2985822031,0.807073,4622592,16
1,3214467433,0.905711,4623921,10
1,2933900603,0.988706,4624725,4
1,2751404963,1.042552,4627994,40
1,763040353,0.970261,4629547,16
1,966784993,1.008751,4630556,8
1,3149080247,0.922801,4635326,62
1,3885393641,0.895409,4635982,3
1,1203273233,0.978779,4637057,9
1,1258992881,0.978779,4640217,39
1,372733217,0.996576,4641641,14
1,3163285297,0.974780,4643216,16
1,104509967,0.922801,4644069,6
1,3940857637,0.938541,4648437,56
1,1859162743,0.913227,4648949,1
1,279947051,1.100870,4649733,5
1,1193253889,1.073928,4650934,11
1,1894117921,0.931753,4651651,4
1,3434628077,0.822059,4653286,17
1,1480642991,0.893772,4653793,1
1,182495447,1.097316,4658562,62
1,3549877931,0.829745,4662223,46
1,193699609,1.040677,4663423,11
1,1136455757,0.919090,4667505,52
1,964455139,0.981270,4672071,59
1,3359279489,0.848942,4675411,37
1,3887202563,0.980274,4676282,6
1,1141310971,0.978779,4680611,53
1,2592744937,1.052341,4681828,11
1,421323349,0.919090,4682817,8
1,3111536279,0.944247,4691244,114
1,3000359473,0.934370,4692540,12
1,2081752031,1.036916,4693755,11
1,2586726473,0.955044,4697744,51
1,15442327,0.920152,4698859,10
1,298256923,0.938541,4700412,16
1,3544947137,0.835024,4700926,1
1,227142109,0.922801,4701433,1
1,3731429413,1.073928,4704378,36
1,2230996531,1.012616,4704888,1
1,3835838651,1.005357,4706298,14
1,4035978481,1.086584,4707704,14
1,948589157,0.893772,4710161,29
1,134279279,0.984747,4710863,4
1,2591979991,1.000488,4712644,19
1,4277289377,1.036916,4713224,2
1,1297623671,1.119780,4713805,2
1,3273243811,0.944247,4715082,12
1,2905475887,1.002438,4715602,1
1,1999978241,0.907327,4716671,9
1,2192433323,1.073928,4718710,23
1,1973734201,0.997556,4719362,3
1,3709980137,0.942176,4722124,29
1,3115959797,0.878342,4722877,4
1,587553361,1.081178,4724374,3
1,2607271253,0.968750,4726761,22
1,1271328077,0.923330,4727794,8
1,2401300493,0.829745,4728734,7
1,2097196319,0.988706,4730780,23
1,2190866191,0.857526,4732559,19
1,3730014779,0.993632,4736789,54
1,2447736937,0.995105,4738057,12
1,4093140581,0.964709,4740805,33
1,273786811,0.973777,4743125,27
1,2581234631,0.927551,4746233,38
1,3930928103,1.037387,4749541,41
1,317757371,0.980772,4751939,28
1,3863941889,0.935414,4755027,38
1,2310423781,0.882778,4755673,3
1,847921483,0.965215,4756172,1
1,2592519131,0.993141,4757453,12
1,907688707,1.027455,4760191,33
1,888729991,0.848942,4761684,15
1,2844035473,0.941657,4766336,60
1,1082347241,0.920152,4767674,13
1,3047430803,0.973777,4768252,2
1,3575495617,1.047691,4770926,32
1,2860582661,1.081178,4771721,5
1,3269384347,1.042552,4772940,11
1,691785023,1.044423,4776609,46
1,963402989,1.072563,4777471,2
1,641205083,0.846062,4779658,25
1,1671840551,1.124132,4783274,43
1,3510955537,0.935414,4785683,28
1,3122249833,0.950945,4786613,7
1,1203273839,0.950945,4787955,13
1,1463196979,1.082983,4788747,5
1,1038103337,0.895409,4790096,13
1,925910003,0.922801,4792639,30
1,3054426157,0.964709,4794059,14
1,732090811,1.061120,4794711,3
1,2971465589,0.935414,4795717,8
1,1011333287,0.970261,4796853,10
1,734571847,0.860369,4801157,55
1,2741298563,0.957597,4801736,2
1,1058393027,0.884436,4804686,36
1,2054066263,0.868840,4807585,35
1,1394902097,0.919621,4809336,19
1,2385505799,1.013098,4815935,88
1,763819919,0.968750,4817153,11
1,3295520621,0.904092,4818083,7
1,1182622003,1.015985,4819221,10
1,288120071,0.913227,4819725,1
1,217090673,0.919090,4821681,22
1,1049654839,0.970764,4822689,4
1,422005291,0.862070,4823642,7
1,3394306369,0.980274,4827399,34
1,3930986407,0.920152,4828469,4
1,2540206597,0.957597,4834780,84
1,2008832471,0.867152,4838301,44
1,2716133579,0.957597,4839926,17
1,4120517801,0.970764,4842538,31
1,1236688841,1.012133,4845009,29
1,1027694827,0.893772,4846705,18
1,3634514339,0.997066,4850291,45
1,3014943193,0.997066,4851920,17
1,3606204643,1.027455,4854877,36
1,2103705199,0.944247,4857442,29
1,3567252673,0.928078,4858051,2
1,521188631,1.057894,4860858,34
1,3069993917,1.022214,4864092,40
1,19748737,1.035503,4864720,3
1,398371861,0.938541,4869627,64
1,3876754027,0.978779,4870347,4
1,3447939809,1.013098,4872392,23
1,449113409,1.012133,4873674,12
1,3365987087,0.919621,4875997,27
1,1285290401,0.946313,4878713,27
1,2064593899,1.136229,4880091,13
1,4152430409,0.988706,4881581,15
1,3787319491,1.033615,4882932,13
1,2691433453,0.904092,4885481,27
1,1794849247,1.062959,4887643,24
1,917782769,0.950945,4890318,32
1,1175499133,1.039738,4891612,12
1,2364646777,0.913227,4892201,2
1,1861218959,0.910550,4894622,28
1,1039662521,0.950945,4896630,22
1,3902657527,1.015985,4897576,7
1,3601356049,0.936979,4899401,20
1,2130926549,0.843750,4901046,17
1,2199457693,0.965215,4907550,87
1,1757230723,0.867152,4909323,19
1,2571637781,1.004871,4910240,7
1,2025095339,1.019344,4913970,47
1,650745959,0.889939,4915450,15
1,3728872943,0.941657,4917721,26
1,2411862463,1.013098,4919633,21
1,1924385803,0.929655,4921472,20
1,399246061,0.984747,4922400,7
1,2500955291,0.962175,4924097,18
1,568565351,1.033615,4926127,18
1,613681547,1.025552,4926857,4
1,484489553,1.031250,4929927,22
1,465910091,1.017906,4934280,51
1,1976275369,1.013098,4935436,10
1,4211726383,0.973777,4937770,27
1,851336791,1.055121,4939397,17
1,3797398567,1.061120,4942081,32
1,1064790487,1.023646,4943584,15
1,2710522811,0.969758,4944098,1
1,4095353219,0.888841,4948331,54
1,3442445231,0.913227,4948918,2
1,941350363,0.956066,4952714,48
1,224266979,0.985738,4953215,1
1,4073275747,0.872205,4953730,1
1,3836914033,0.970261,4954661,7
1,1210508419,0.853531,4955519,6
1,1810941919,1.012133,4956039,1
1,352833001,1.062959,4958775,33
1,1684320359,0.937500,4959566,5
1,3492128567,1.002925,4962733,39
1,4063894201,0.862636,4963596,6
1,2002305463,0.974780,4968652,66
1,4256274643,0.970261,4970768,24
1,3469243339,0.802219,4971637,6
1,3664387061,1.033615,4973134,15
1,3574812047,0.965215,4975476,27
1,624538661,1.012133,4977443,22
1,3251878549,0.953509,4980130,32
1,1906377301,0.969254,4981148,4
1,4001136803,1.111464,4981955,5
1,1700270291,0.855246,4983016,9
1,2983155013,0.919621,4984720,18
1,4216860671,0.928078,4987456,30
1,1251167627,1.023646,4988949,15
1,2468122673,0.914830,4991260,27
1,1303885061,0.922801,4994993,47
1,1808961307,0.950945,4997739,33
1,988964663,1.110145,5000430,32
1,78570181,1.000488,5001207,5
1,777468331,0.938541,5002358,10
1,1271752007,1.042552,5003714,13
1,1516461473,0.938541,5005754,23
1,8852377,0.999023,5007646,21
1,2317935623,1.083884,5009333,18
1,795792553,1.007782,5010616,12
1,3678563327,0.944764,5011346,4
1,3317865599,0.899761,5012207,6
1,2785893167,0.983258,5013846,17
1,2402964071,0.891584,5026007,168
1,1446178243,0.948374,5026937,7
1,2767545089,0.938541,5034180,78
1,1734623353,0.913227,5037595,40
1,1332024233,1.063419,5043198,74
1,59702341,0.859233,5044328,10
1,1619470903,1.076198,5045461,10
1,2006911657,1.081629,5046184,4
1,668219369,1.023646,5047547,13
1,33910627,0.919621,5048743,11
1,2249940571,0.988706,5049673,7
1,2054989,0.978779,5053019,42
1,172052623,1.027455,5053942,7
1,3151970453,1.098205,5054680,4
1,2119490537,0.836193,5056173,15
1,3592896343,0.884436,5056900,4
1,3447640561,0.869402,5058190,12
1,307519811,0.895954,5058756,2
1,2112001043,1.039738,5061847,38
1,1656537863,0.924387,5062356,1
1,555956993,0.919621,5063407,9
1,311067007,0.975280,5064819,14
1,2081832083,1.121958,5065747,7
1,2183374793,1.025552,5066538,5
1,1266058121,0.904092,5068993,29
1,379014547,0.872765,5070967,22
1,3337319119,1.002925,5071631,3
1,2524745393,0.958616,5074095,29
1,305392639,0.904632,5075165,9
1,2230386841,1.076198,5075733,2
1,255830789,1.003899,5081202,72
1,427938403,1.020780,5083088,14
1,3806806439,0.907865,5085505,28
1,1944815399,0.880563,5089137,43
1,1147548487,1.004871,5090493,13
1,1555899299,1.035503,5091153,3
1,3993139453,0.970261,5091805,3
1,3065297969,0.903011,5093291,15
1,1951019789,0.910550,5094709,14
1,1973678389,0.962175,5095715,8
1,852159851,1.007782,5097063,13
1,13865419,0.982762,5098174,10
1,1878072149,0.993632,5100506,27
1,3913743551,1.029829,5103491,36
1,538257001,0.893772,5104133,3
1,260209847,0.978779,5104785,3
1,337701703,0.876115,5106337,16
1,213303973,0.908940,5107392,9
1,3693284951,0.910550,5108953,16
1,3491552791,1.042552,5110091,10
1,1928232883,0.957597,5111170,9
1,1899627253,0.942176,5112374,11
1,1649924047,1.018386,5114981,31
1,1643327057,0.941657,5118013,37
1,613744177,0.880563,5118818,5
1,2246348129,0.952997,5120792,22
1,2075924531,0.944764,5122836,23
1,3131177149,1.047691,5123769,7
1,1297278341,1.090621,5125739,22
1,3101385461,1.003899,5126672,7
1,2155503971,0.910550,5128012,13
1,3721227821,0.895409,5132504,53
1,2724971131,1.042552,5134072,1
1,3358274471,0.970261,5137633,37
1,2849686703,0.954021,5139490,20
1,1769315183,0.937500,5141066,16
1,3347298853,1.083884,5144102,37
1,1850726737,0.839689,5145529,14
1,169389889,0.902471,5148667,39
1,2072673431,0.946313,5150229,16
1,3426196187,0.961160,5152353,24
1,2556946019,1.044423,5153285,7
1,124833767,0.969254,5153931,3
1,535541893,0.916963,5154441,1
1,175317367,0.996576,5155081,3
1,2693152039,1.002438,5156150,9
1,3687754379,1.213128,5157223,9
1,855547681,1.036916,5158500,12
1,3778414397,0.864332,5162008,44
1,1781134349,1.025552,5170635,117
1,1978012969,0.988706,5172474,20
1,1755398471,0.886090,5175204,33
1,15875653,0.910014,5179044,49
1,310871593,1.029829,5179749,4
1,4118256119,0.982762,5181117,13
1,3257203867,0.996576,5182325,11
1,2479823933,0.970261,5184091,19
1,2806416499,0.877229,5184953,6
1,4021295687,0.931753,5187437,25
1,41669197,0.984747,5188013,2
1,2215782383,1.055121,5189149,10
1,639122933,0.855816,5191228,21
1,1303872439,0.969254,5192244,8
1,3712114657,0.910550,5192982,4
1,3126676123,0.987223,5194198,11
1,3410786363,0.888841,5195852,17
1,807904271,0.950945,5197399,16
1,1838314319,0.977281,5200842,43
1,1439454047,0.950432,5201427,2
1,1415468317,1.024123,5201943,1
1,3060182417,0.927551,5204634,32
1,4164235139,0.920152,5205989,13
1,66262661,0.965215,5207329,13
1,2928985363,1.025076,5208046,4
1,256760117,0.962683,5209533,15
1,833780749,0.993632,5211292,19
1,2758232947,0.907865,5214387,38
1,3532369319,0.984747,5215412,8
1,1182875251,0.973777,5216485,9
1,1297908811,0.902471,5218193,18
1,2058516833,1.094196,5218988,5
1,3529320401,0.946313,5220972,22
1,779672077,0.928604,5223437,29
1,2740245329,0.844329,5224378,7
1,953102621,0.974780,5224886,1
1,2026196981,1.020302,5226167,12
1,1843692637,0.961160,5226677,1
1,3878039827,1.027455,5231261,59
1,2540477153,0.977281,5232236,3
1,606825019,1.025552,5240309,94
1,838414393,0.930180,5241079,2
1,166788227,1.146496,5243544,29
1,2486153011,1.018386,5244824,12
1,3140205329,1.078012,5245475,3
1,2458420823,1.091516,5248486,37
1,153983749,0.990679,5249555,9
1,584519123,0.870524,5251107,16
1,451780493,0.994614,5253991,35
1,1161490783,0.913227,5254506,1
1,2419324181,0.887192,5257196,32
1,3977957339,0.887192,5258567,13
1,3562096997,0.895954,5261305,33
1,2401358129,0.934370,5263210,21
1,1815968899,0.913227,5264078,6
1,305358247,1.029354,5268158,52
1,2014264981,0.942176,5271662,44
1,1176460123,1.084785,5273924,26
1,3633516079,0.954533,5276259,27
1,604438537,0.957597,5277376,10
1,1415917291,0.961160,5278375,8
1,4248181499,0.961160,5281215,34
1,2844331157,0.844329,5284735,44
1,1041311077,0.928604,5285593,6
1,3511771363,0.950432,5286100,1
1,807489509,1.090173,5289710,37
1,371071717,0.923330,5290304,2
1,2786160449,1.063419,5291579,12
1,2619118409,0.963190,5292222,3
1,647562001,0.948889,5292860,3
1,3829255007,1.091068,5296302,40
1,1843100659,0.960652,5299352,37
1,2673315367,1.068458,5299868,1
1,780579791,0.911622,5300869,8
1,1944945677,1.127168,5302300,14
1,1548908447,0.969758,5311466,125
1,2778273973,1.024123,5312816,13
1,2452126141,0.973777,5317383,59
1,321419081,0.934370,5318592,11
1,215614081,0.872205,5319427,6
1,273788399,0.978779,5320009,2
1,3368542981,1.012133,5320866,6
1,2202840457,0.885539,5325481,60
1,2264199659,0.885539,5329979,58
1,653697631,1.063419,5331126,10
1,3213084179,0.928078,5331715,2
1,3600753073,0.997556,5334659,31
1,175731131,0.827978,5336853,25
1,1064147429,0.946313,5337438,2
1,4193359427,0.936979,5339680,10
1,3885881669,0.922801,5342856,37
1,3883532791,1.093303,5343519,3
1,1205988467,0.895954,5344528,8
1,1654900307,0.936979,5345942,14
1,2975364169,0.878342,5347002,9
1,1300688891,0.880563,5348777,19
1,2954235569,0.894318,5349567,5
1,2158144517,0.931753,5350350,5
1,2378385907,1.137517,5351698,13
1,767553181,0.911622,5355359,46
1,3115623389,0.920152,5356760,11
1,3304740667,0.906789,5358692,21
1,2826031913,0.904632,5359407,4
1,4107941609,1.029829,5359926,1
1,1401274621,0.987223,5360515,2
1,285316231,0.946829,5361705,11
1,1416819553,1.040677,5364663,36
1,1070479541,1.014061,5367075,28
1,3968684989,0.932277,5370799,47
1,1852801009,1.056971,5372018,11
1,2732870039,0.903552,5373431,14
1,4003756837,0.957597,5375906,29
1,3483115931,1.004871,5376974,9
1,3941108053,0.931753,5379607,31
1,4196105063,1.025076,5380127,1
1,4118247401,0.931753,5381567,14
1,507577009,0.897588,5383252,18
1,3238345361,1.034559,5387163,50
1,2765249717,0.885539,5390992,40
1,1060464787,1.128899,5392086,9
1,3111039521,0.980772,5395266,39
1,2875222729,0.899761,5396453,8
1,3280921807,0.991172,5397612,10
1,1689364013,0.889939,5400707,38
1,785542243,1.007782,5401426,4
1,1892392921,0.970764,5402723,12
1,3013917839,0.985738,5404281,16
1,1812145927,0.962175,5406942,32
1,2813552669,0.954533,5408920,22
1,4080895417,0.878342,5409784,6
1,2928887887,0.897588,5412801,37
1,1198296479,0.920152,5414162,13
1,2233194281,1.027930,5415715,16
1,2635838867,0.997556,5416927,11
1,3651025321,0.889391,5419049,24
1,91386721,0.900304,5420388,13
1,3401255477,1.076198,5421670,12
1,330321287,0.910550,5422660,8
1,1631053811,0.862070,5423736,9
1,2837229457,0.942176,5427042,41
1,2537122219,0.904092,5429314,26
1,132271619,0.971267,5429880,2
1,1650727223,1.007782,5430602,4
1,3129977327,1.027455,5433008,28
1,695438141,0.911086,5434219,11
1,2322273427,1.007782,5435852,17
1,3886418941,0.936458,5439787,45
1,2873800991,0.919621,5443971,39
1,1103680163,0.994123,5445173,9
1,779644331,0.811297,5445757,2
1,1652019377,0.930180,5446405,3
1,532519021,0.878342,5448599,25
1,2291093069,1.024123,5452203,45
1,3562716527,0.850092,5453793,16
1,2625522373,0.957597,5454653,6
1,236301713,0.952997,5455498,6
1,3025754681,0.977780,5458032,30
1,2599237097,0.905711,5460494,29
1,3910747559,0.942176,5462073,16
1,1838182739,1.057433,5463138,9
1,3389909843,0.950945,5470646,101
1,3692317411,0.887192,5471155,1
1,3910423523,0.913227,5472711,16
1,916017517,0.941657,5475185,29
1,4132172101,0.977281,5478083,35
1,1733786629,0.944764,5481313,40
1,849585257,0.888841,5485095,48
1,1083599921,0.938021,5486929,20
1,1354406413,1.083884,5488689,19
1,251922733,1.048623,5490017,13
1,3184870057,0.872205,5493110,35
1,1459256129,0.983258,5493636,1
1,145212451,1.031250,5494345,4
1,3567582659,0.919621,5495938,15
1,3703697423,0.886090,5496461,1
1,1161991637,0.862070,5497740,12
1,3509399749,0.944764,5499636,20
1,3924233017,0.993141,5500642,8
1,3545434309,0.921743,5502756,24
1,1489901683,0.893772,5503333,2
1,1168108229,0.920152,5506236,32
1,528676471,0.927551,5507676,14
1,3523328689,0.957597,5510200,30
1,151130911,1.036916,5511048,6
1,273142439,0.982762,5511907,6
1,3954927091,0.877786,5512846,7
1,3421345339,0.970764,5513580,4
1,3125123471,1.004871,5515137,16
1,2824450177,1.007782,5516273,10
1,4275117239,0.977281,5518391,24
1,1139335111,0.904092,5521357,36
1,479077877,0.988706,5522635,12
1,3718074883,1.006328,5525330,32
1,2286476209,0.934370,5526116,5
1,2425909727,0.961160,5526635,1
1,3625645451,0.919090,5527850,11
1,3859303319,0.962683,5530747,35
1,718928279,0.935414,5532172,14
1,3864947417,1.012616,5533737,16
1,2982197741,0.891584,5535364,17
1,1560049,1.055584,5539449,48
1,582841813,0.965215,5540476,8
1,2702595697,0.911622,5541634,10
1,211263781,1.014061,5545447,35
1,51710473,1.100870,5547893,25
1,1041168031,0.938021,5548976,9
1,1410946717,1.012133,5549972,8
1,1931674663,0.993141,5550622,3
1,228353171,0.791187,5554048,43
1,3142004501,0.870524,5555397,13
1,3922648559,0.907865,5555928,1
1,313746541,1.063419,5557824,21
1,1544730767,1.084785,5560014,25
1,1371873343,0.862070,5561708,18
1,3346957181,0.961160,5562297,2
1,2170733687,0.952484,5563082,5
1,459353369,1.113220,5563862,5
1,1918087559,0.978779,5566879,37
1,1785270241,0.877786,5571937,65
1,1097513567,0.993141,5572960,8
1,2904746219,0.931753,5578784,77
1,2403533437,1.120651,5579785,8
1,2023258817,0.969254,5580576,5
1,3246021223,1.169685,5581366,5
1,368602207,0.969254,5584270,35
1,1401885367,0.938541,5585966,18
1,4034734241,0.891584,5587029,9
1,915846823,0.837360,5587750,4
1,2365666591,0.935414,5588542,5
1,3635790419,0.994614,5590665,24
1,3468432749,1.032197,5592014,13
1,3842134663,0.980274,5592796,5
1,3271338743,1.002925,5594080,12
1,310081741,1.017906,5597717,42
1,1650224659,0.908940,5598849,8
1,2352854969,0.902471,5601053,21
1,3155871913,1.024123,5601791,4
1,3845088563,1.055584,5604191,25
1,2878480877,0.982762,5605421,11
1,1638836377,0.994123,5606284,6
1,2822775271,0.932277,5606996,4
1,2261713351,0.925971,5610406,40
1,1487765561,0.924387,5611979,16
1,193597091,0.889939,5613111,10
1,2123086289,0.911086,5614319,11
1,4022467453,0.880563,5617449,38
1,4127412829,0.955044,5619210,19
1,253475767,0.872205,5621552,27
1,443308511,1.014061,5622967,14
1,3112947407,0.936979,5624044,9
1,3382625737,0.880563,5624901,6
1,3165635173,0.880563,5626467,16
1,1907293211,0.931753,5629520,37
1,1781221969,0.948889,5633604,52
1,4071791011,0.998534,5635799,25
1,3151469611,0.902471,5637292,15
1,1320503447,0.862070,5638220,7
1,2110109461,1.005357,5640279,23
1,1392139391,0.839689,5640869,2
1,3901721167,0.888841,5641966,5
1,3153844567,0.928604,5643149,10
1,1547854379,1.002925,5644914,19
1,3027753233,1.063419,5648160,22
1,1629040769,1.021736,5649262,7
1,1060391369,1.106621,5649837,2
1,4129900039,1.023646,5652851,37
1,3053089973,0.975280,5654561,18
1,1978895287,0.944764,5655916,13
1,3561074189,0.944764,5656637,4
1,4040063389,0.822059,5657930,12
1,3342716029,0.864897,5664873,93
1,152453989,1.014061,5666141,12
1,1329090211,0.878342,5668475,27
1,3979473983,0.931753,5672856,56
1,4282578691,1.027455,5678127,69
1,56740861,0.893772,5679974,20
1,3110672737,0.942176,5681381,14
1,3421537291,0.927551,5683776,28
1,1636057261,0.855816,5687561,48
1,409085419,1.091068,5689401,20
1,4148520487,0.841432,5691420,22
1,2193870467,0.888841,5692567,10
1,1460784361,0.886090,5694205,17
1,282362963,0.950945,5696530,27
1,2493741193,1.055584,5698087,13
1,1355191571,1.020780,5699922,20
1,245954953,0.927551,5700771,6
1,3983107231,1.003899,5708504,101
1,900594991,0.844329,5711418,32
1,2968562411,1.027930,5712020,2
1,794355119,0.922801,5713454,14
1,576939973,0.938541,5714308,6
1,3970626773,0.888841,5716771,29
1,140923973,0.913227,5717262,1
1,2783576177,1.003899,5718249,8
1,2733082637,0.901929,5718969,4
1,1026774187,1.020780,5719480,1
1,3722939557,1.068458,5721059,16
1,1688313947,0.965215,5721775,4
1,1451278133,0.988706,5722423,3
1,4070768521,0.946829,5723224,5
1,4212832717,1.099538,5725352,24
1,1594895609,0.965215,5726279,7
1,3087822977,0.991172,5731392,67
1,3272848693,1.022214,5733926,30
1,1622382529,0.934370,5734434,1
1,1457606281,1.007782,5734940,1
1,3171373981,0.964709,5736157,11
1,344315941,0.974279,5736655,1
1,2315085403,0.946313,5737797,10
1,3362000641,0.973777,5738298,1
1,3791796907,0.968750,5739360,9
1,3594063829,1.020302,5739942,2
1,702400333,1.120651,5742200,26
1,3936922511,0.987223,5745410,35
1,1692386093,1.025552,5748966,30
1,3180544247,0.878342,5754359,68
1,1789957061,0.925971,5755355,8
1,2013998977,1.029829,5755927,2
1,2774039761,0.880563,5756515,2
1,4184429149,0.997066,5757382,6
1,4152542467,0.995105,5758453,9
1,2271990103,0.907865,5760439,22
1,2731000369,0.922801,5763395,36
1,67194289,0.884436,5765026,17
1,2404717867,0.950945,5766303,12
1,1367004671,0.982762,5767798,15
1,1358958487,0.958616,5768370,2
1,2031567491,0.969254,5769225,6
1,3103738829,1.006328,5769743,1
1,3872627359,0.988706,5772350,31
1,1525136497,0.840271,5774480,24
1,2446152959,1.064337,5775714,11
1,3541304321,1.081629,5777457,19
1,3747777997,0.919090,5779925,29
1,348662849,1.077106,5783296,42
1,3466995293,0.895409,5785479,25
1,1234214347,1.005357,5790461,65
1,449004793,0.927551,5791241,5
1,2264523067,0.922801,5793154,21
1,4026714499,0.953509,5793657,1
1,1671399701,0.962683,5796631,36
1,3995335489,1.013098,5803645,88
1,3019719019,0.991172,5805134,12
1,1408775209,1.036916,5805723,2
1,3166215329,0.946313,5809237,44
1,310840949,0.868840,5809740,1
1,3689922239,1.027455,5812774,37
1,3457887581,1.002438,5813357,2
1,3987950119,1.003899,5814010,3
1,2379177167,0.981270,5814738,4
1,711953689,0.993141,5815313,2
1,4040223301,0.942176,5815968,3
1,3089904523,0.888841,5816963,8
1,3054660787,1.057433,5818105,10
1,3628843073,0.921743,5821959,49
1,1170503899,1.017906,5824433,29
1,319222171,0.960652,5829679,69
1,4265907103,1.007782,5830196,1
1,2907559243,1.000488,5834133,50
1,854913077,1.002438,5838627,58
1,1518000559,1.006328,5839495,6
1,3856725907,0.946313,5840717,11
1,517513573,0.888292,5844230,44
1,330371051,0.902471,5846985,29
1,2595174251,0.980772,5848292,12
1,1354543819,0.999023,5849498,11
1,875797093,1.035031,5852110,15
1,2854489163,0.934370,5854355,25
1,1554779279,1.073018,5855639,12
1,1599014663,0.952484,5856804,9
1,883568779,1.064337,5857616,5
1,2624787271,1.070284,5858621,8
1,2900302397,1.012616,5860265,17
1,1471839683,0.954021,5860786,1
1,2010229471,1.127168,5861932,10
1,3808488479,1.047691,5865721,48
1,3391437209,0.964709,5866854,10
1,3301118477,0.996576,5868695,20
1,2198410121,1.024123,5869332,3
1,3409465853,0.991172,5871679,27
1,988465831,1.032197,5874565,35
1,1278068683,0.889939,5875642,9
1,2431747807,1.054196,5876515,6
1,187308577,1.153713,5877353,6
1,505847389,1.202618,5879399,23
1,2740685743,1.012133,5881458,23
1,3967651489,0.870524,5882040,2
1,163265261,1.016466,5882556,1
1,2308856461,0.936979,5883134,2
1,4670849,1.070284,5886405,41
1,2630515619,1.075291,5888110,18
1,1993974293,0.963190,5889109,8
1,3726787283,0.977281,5889624,1
1,2090472127,1.040677,5890347,4
1,3838531253,0.810093,5890929,2
1,1533198097,0.906789,5892777,20
1,2018091979,0.986728,5893650,6
1,400331081,0.922801,5894584,7
1,814880153,0.962683,5897116,30
1,1402245541,0.877786,5899294,25
1,1796640421,0.991172,5900937,14
1,4170182147,0.991172,5902039,8
1,1457867771,1.020302,5903398,13
1,2577710521,0.927551,5904629,11
1,1474324129,0.907327,5906785,22
1,1435633613,0.911086,5907374,2
1,3756494977,0.973777,5907955,2
1,202532789,1.035503,5909785,20
1,1375521167,1.020780,5910517,4
1,253567949,1.054659,5911583,9
1,3430336841,0.899761,5914667,38
1,3124106203,0.907865,5915181,1
1,1392226613,0.977281,5917303,24
1,1678404863,0.984747,5917956,3
1,25467349,0.911622,5918446,1
1,3436626821,1.039268,5919443,8
1,1309534783,1.001951,5921702,26
1,364815797,0.844329,5923959,26
1,3943639003,0.911622,5926594,31
1,1938762979,0.970261,5927178,2
1,3451678991,1.019344,5928945,19
1,3661542811,0.920152,5930592,17
1,640957433,0.997066,5931310,4
1,2559532361,0.910550,5933636,27
1,1308369449,0.882778,5934706,9
1,1647638191,0.950945,5935360,3
1,259138151,0.877229,5939355,51
1,1538157193,0.946829,5940076,4
1,2031351757,0.991172,5941585,15
1,1833996547,0.952484,5942297,4
1,1479413077,0.955044,5943290,8
1,3953584169,1.149898,5953827,124
1,328847111,0.964709,5955307,11
1,3058036207,0.936979,5959525,53
1,203402791,1.111903,5961705,25
1,1393732933,0.998534,5962635,7
1,2418747053,1.012133,5963489,6
1,3871812523,0.877229,5964083,2
1,3740184323,1.055584,5964671,2
1,3970031699,0.813101,5967207,30
1,4243850321,0.942176,5970372,39
1,3344691937,0.975280,5971027,3
1,651604529,1.106621,5972368,13
1,2940081373,1.042552,5974276,21
1,3939904147,0.871645,5977100,34
1,19049171,1.004871,5979121,23
1,2823046517,0.978779,5982068,36
1,3595238221,0.975280,5983636,16
1,1951561453,1.035031,5984865,11
1,3575740349,0.919621,5985528,3
1,2818787371,0.893772,5988188,32
1,4135786093,0.952484,5989814,17
1,1928101081,0.922801,5990885,9
1,3814194437,0.880563,5994134,40
1,1610256701,0.895409,5994868,4
1,3509535059,1.079822,5995523,3
1,710352319,0.815499,5996324,5
1,693799153,0.955044,5998089,19
1,3971858491,1.000488,6003015,64
1,1900008353,0.999023,6004584,12
1,1398205091,0.962175,6010606,77
1,3584160193,1.050483,6013164,30
1,1063377433,0.888841,6014368,11
1,3445237247,0.910550,6016277,21
1,1807836847,0.942176,6018043,19
1,3957785617,0.997556,6020288,26
1,260870369,0.997066,6030417,139
1,4077413563,0.938541,6031143,4
1,1482423863,0.949404,6032433,12
1,2967522191,1.055121,6033444,8
1,4280796193,1.005357,6034230,5
1,785235569,0.928078,6037735,44
1,2753862721,0.928078,6038650,7
1,4064727341,0.944764,6045159,87
1,2000003407,0.934370,6046999,20
1,103677841,1.015985,6048001,8
1,1091871049,1.047691,6049196,11
1,2235804089,0.904632,6050688,15
1,3400554371,1.036445,6052688,18
1,2079521497,1.036916,6053231,1
1,1963649431,1.089725,6054023,5
1,200214271,0.997066,6059690,59
1,554915093,1.015985,6060588,4
1,3011059157,0.962683,6061940,13
1,2388591983,1.055584,6065116,39
1,818909639,1.020302,6065631,1
1,2068664749,0.903552,6066144,1
1,2472415727,0.957597,6066731,2
1,4198417697,0.827388,6067240,1
1,2139517739,0.846639,6067758,1
1,1059521653,1.004871,6068334,2
1,1485691793,0.952484,6070793,29
1,4146558007,0.993632,6072856,23
1,2424440927,1.031250,6074555,18
1,2288522311,0.872205,6075333,5
1,1635500389,0.942176,6076122,5
1,1601063311,1.054196,6077898,19
1,3037939939,0.988706,6080711,34
1,3480761197,0.977281,6084088,42
1,2696605889,0.968750,6088164,52
1,81511217,0.886090,6088798,3
1,320108951,0.969254,6089520,4
1,1222786259,0.963190,6092827,41
1,53653757,1.024123,6094297,15
1,4121820761,0.994614,6094887,2
1,1492284133,0.952484,6095616,4
1,1278774251,0.977281,6096552,7
1,1223676787,1.055584,6097916,13
1,2951031257,0.927551,6099272,13
1,2861708027,0.928604,6100556,12
1,1546523959,1.025552,6103016,29
1,1384114273,1.058356,6110097,89
1,2220591719,0.946313,6110846,4
1,791754451,0.862636,6112066,11
1,1160815457,0.804043,6114045,22
1,3423380869,0.934370,6114744,2
1,3662643197,0.880563,6120532,76
1,321286661,0.988212,6122571,23
1,1815754183,0.999023,6124061,15
1,3318269161,0.961160,6124985,7
1,1153735831,0.852386,6129972,65
1,198686419,1.025552,6131179,11
1,2471249527,1.019823,6131898,4
1,3880291159,0.960652,6132759,6
1,910250189,0.889391,6134590,20
1,11354927,1.036916,6136121,16
1,1343986123,0.929655,6138606,29
1,2565202793,0.931753,6139398,5
1,2040693059,1.012133,6140188,5
1,3700243073,1.046758,6144936,62
1,352111003,0.936979,6146426,15
1,4229894111,1.044423,6148347,21
1,2675620999,1.015985,6149145,5
1,4158086161,0.919621,6149871,4
1,3765040249,0.970764,6156165,79
1,1410810197,0.970261,6158043,8
1,471088027,0.919621,6159997,17
1,3402421049,0.839689,6162129,24
1,4041133013,0.901929,6165020,35
1,787013323,0.853531,6165882,6
1,1393567181,1.004871,6166734,6
1,1579338479,1.005357,6170881,53
1,449518921,0.957597,6173261,28
1,3078228313,0.973777,6174675,14
1,2810624549,0.839689,6176040,13
1,331793953,0.946313,6177302,12
1,888363739,0.913227,6179642,27
1,1116360841,1.018386,6180486,6
1,1501944929,0.922801,6183654,39
1,2089848139,1.012616,6184720,9
1,1041403997,1.078012,6187732,37
1,2536120721,0.942176,6188234,1
1,1949533919,0.944764,6189026,5
1,3127146499,0.965215,6189741,4
1,183488839,1.068458,6191290,16
1,518179199,0.974780,6193206,21
1,1905528811,1.022214,6193864,3
1,4145889233,0.944247,6195433,16
1,112537279,0.902471,6197965,30
1,2044234399,0.991172,6198479,1
1,3089677973,0.977281,6202159,46
1,228478253,0.852386,6203082,7
1,950189957,0.940620,6204922,20
1,2156773057,0.931753,6206909,22
1,1537299301,0.956066,6209900,33
1,131650157,0.962683,6211104,11
1,2894687819,0.889939,6212605,15
1,113752481,1.016466,6214144,16
1,2483687753,0.957597,6215891,16
1,934045261,0.887192,6218364,29
1,3838239221,1.054659,6221336,36
1,82196857,1.003899,6224406,38
1,855244231,1.012616,6225636,11
1,3372362423,1.003899,6227062,14
1,3245208739,1.023646,6229201,24
1,1784203297,0.860369,6231870,32
1,1914193651,0.907865,6234827,36
1,2038289291,0.813701,6241451,88
1,778790381,0.871645,6245242,48
1,3525219889,1.055121,6245750,1
1,2985625031,0.994614,6246684,7
1,163840979,0.965215,6247604,7
1,922667107,1.050483,6248673,9
1,1875134407,0.942176,6249746,9
1,2459508323,0.962683,6252929,39
1,213753671,0.980274,6256503,41
1,1229696137,0.988706,6258505,22
1,1888504459,0.911622,6262899,41
1,2079754693,0.962175,6263875,5
1,1234722569,0.965215,6264937,9
1,3795019493,0.928078,6265524,2
1,1923514247,1.054659,6267224,18
1,1680359,0.877786,6273794,88
1,1711857613,0.946313,6276955,39
1,2995682447,0.980274,6278304,13
1,920904473,0.940620,6280005,18
1,517099237,0.942176,6280650,3
1,66364327,1.005357,6282623,22
1,584859911,0.942176,6283819,11
1,1351122937,1.048157,6285035,11
1,1083563101,0.864897,6286871,20
1,4110275479,1.018386,6288514,17
1,2739381083,0.940101,6289724,11
1,1369316849,1.032197,6293034,41
1,4068829409,0.993141,6293549,1
1,490938677,0.985738,6294467,7
1,1821487561,1.018386,6297708,40
1,819182509,0.846639,6299346,17
1,4167016393,0.974780,6300835,15
1,1064985217,0.970764,6303080,26
1,3296008967,1.036916,6304302,11
1,3132483181,0.978779,6307132,34
1,2929772987,0.827388,6307653,1
1,3134308031,0.796722,6310072,28
1,2867726359,1.115848,6311197,6
1,2385152527,1.099538,6313192,22
1,107636687,0.953509,6314678,15
1,2512671851,0.950945,6315395,4
1,1792817843,0.925443,6315916,1
1,2784953803,0.960652,6318999,35
1,1635711223,0.928604,6319604,2
1,3392455279,1.073928,6320609,8
1,2924187503,1.034559,6321476,6
1,644989567,0.868840,6324705,40
1,1126937579,0.977281,6325428,4
1,3921355687,0.925971,6329436,51
1,4027041983,0.975280,6329948,1
1,716037137,1.134078,6331577,17
1,1907106679,0.975280,6333273,18
1,1354221667,1.020302,6334762,15
1,2217133651,1.068458,6336597,20
1,529425359,1.079370,6337962,13
1,1633917323,1.012133,6342033,52
1,1986479543,0.862070,6342626,2
1,2637443231,0.962175,6343492,6
1,2112654079,0.935414,6348078,59
1,1745865973,0.935414,6350554,29
1,638639503,0.970261,6352673,24
1,204139183,1.035503,6353746,9
1,39581233,0.965215,6354799,9
1,2143787047,0.861503,6356220,14
1,274124273,0.938021,6357747,13
1,2103203261,0.981270,6361576,44
1,4024350509,0.905711,6364477,18
1,1084017509,0.860369,6365321,5
1,1787572211,0.968750,6369700,56
1,1665614551,1.106621,6370837,10
1,3720150937,0.993632,6373951,38
1,2994392179,0.910550,6380046,81
1,1096547659,0.921743,6382171,24
1,3799078999,0.977281,6382681,1
1,3703273087,0.877786,6383693,8
1,3016516333,1.029354,6388684,65
1,811655849,1.025076,6391830,39
1,2302265939,1.178419,6392966,10
1,1667471207,1.022214,6394038,9
1,1380611119,1.032197,6394686,3
1,1331530909,0.977281,6396317,17
1,2108439419,0.855816,6398300,22
1,1208702909,0.977281,6400566,26
1,925015807,0.942176,6402573,22
1,906644093,0.999023,6403427,6
1,3089211313,0.988706,6405823,28
1,2908051777,0.978779,6407443,17
1,2650709729,1.078012,6408935,15
1,3993438217,1.026028,6410769,20
1,358917901,0.953509,6413829,31
1,4187175379,0.888292,6415691,20
1,1365809089,0.985738,6417539,20
1,1671636947,1.078012,6418331,5
1,2610906671,1.043488,6420043,16
1,1016374279,0.852386,6421189,10
1,3835024181,0.940101,6422544,13
1,725445961,0.936979,6423554,8
1,1275250051,0.974780,6426435,35
1,2899518613,0.886641,6427430,8
1,3221398931,0.973777,6430036,31
1,309357739,0.961160,6433410,42
1,2129887021,0.884436,6439378,79
1,3730659511,1.043488,6440606,11
1,2588980319,0.994614,6441613,8
1,2985107009,0.944247,6442405,5
1,3845087783,0.885539,6445381,36
1,3238526437,0.921743,6446397,8
1,3293889233,0.954533,6448658,26
1,3796072361,0.936979,6449243,2
1,2168403487,0.919621,6452966,47
1,33917347,0.997556,6454009,9
1,30922141,0.994614,6455005,8
1,1184675117,1.109265,6456296,12
1,2188835477,0.969254,6457591,12
1,2070184393,0.946829,6458165,2
1,4119616357,1.003899,6459167,8
1,3195616421,1.036916,6460169,8
1,670322729,0.960652,6461301,6
1,225911047,1.004871,6462309,8
1,3924440969,0.975280,6463241,7
1,2001225799,0.878342,6463887,3
1,575839421,0.946829,6465601,3
1,2687043811,0.832682,6471145,70
1,1655512591,0.876115,6473335,25
1,2728377511,0.914830,6476085,33
1,3334511797,1.052341,6477234,10
1,163639657,1.007782,6478633,14
1,1272593681,1.010685,6480054,14
1,1719725411,0.978779,6481899,20
1,4219134047,1.004871,6482420,1
1,2234637817,1.104854,6484203,19
1,3444640799,0.961160,6487036,34
1,1106396491,0.980274,6488031,8
1,1824741143,0.869402,6488892,6
1,402122657,0.919090,6490736,20
1,3052072501,0.897588,6491539,5
1,2612569807,0.944764,6494428,35
1,1210108037,1.044891,6495208,5
1,340553981,1.017906,6496135,7
1,1240163369,0.952484,6498335,25
1,1089052193,0.962683,6500863,30
1,2456050907,0.830333,6501444,2
1,3164382439,0.982762,6509441,108
1,1678943207,0.928078,6510506,9
1,59405029,0.922801,6511773,12
1,1320431851,0.889391,6513266,15
1,2471463677,0.927551,6517149,44
1,3610119017,1.035503,6519780,31
1,3055188421,0.839689,6520715,7
1,714384379,1.100870,6522268,16
1,2589292361,0.979277,6523822,16
1,867273877,1.027455,6524651,5
1,146345321,1.018386,6525227,2
1,2039700119,1.155828,6525811,2
1,3714870421,0.901929,6530492,58
1,2644885157,0.913227,6533061,30
1,1478436107,0.876115,6533639,2
1,1608315829,0.991172,6535070,14
1,1518354419,1.024123,6536071,8
1,624752879,0.942176,6537699,17
1,2358323603,0.916963,6543524,77
1,760824301,0.938541,6545926,28
1,4100810291,1.070284,6547352,14
1,1955884487,0.987223,6548005,3
1,2421496079,0.944764,6549707,18
1,3261662717,0.981270,6550780,9
1,1007201957,0.980772,6551774,8
1,3787275161,0.902471,6552428,3
1,347215513,0.984747,6553574,10
1,517296763,1.094196,6565870,165
1,3226531237,0.984747,6568764,21
1,883321931,0.993141,6572776,47
1,2574709547,0.965215,6573388,2
1,1938562243,0.930180,6574739,13
1,3389827141,1.071652,6575673,7
1,3159452717,0.826207,6576739,9
1,2584116341,1.020780,6578153,14
1,2299209853,0.901929,6579006,6
1,3493462169,1.061581,6581258,26
1,1862955163,1.044891,6583930,32
1,1412452807,0.898132,6585068,10
1,3595974881,0.994614,6585643,2
1,1776070957,1.029829,6587060,14
1,2483529683,1.002925,6588554,15
1,1220315149,0.914830,6589126,2
1,559795889,0.919090,6591105,22
1,1817352409,0.995105,6593989,35
1,1155345197,0.938541,6594641,3
1,68761111,0.913227,6597162,30
1,3321372997,0.928078,6600319,39
1,1529353271,0.832682,6600965,3
1,2637224659,0.965215,6602459,15
1,651094151,1.015985,6603610,10
1,10418489,0.970764,6604725,10
1,3286338917,1.027455,6609567,63
1,3054893771,0.982762,6612180,31
1,4216036147,1.042552,6613763,16
1,1010121271,0.931753,6614558,5
1,1412031983,0.902471,6616326,19
1,190563641,0.988212,6618226,16
1,3780850573,0.838525,6619252,8
1,505542313,0.970261,6621359,24
1,2764664029,0.877786,6623193,17
1,901052687,0.950945,6624069,6
1,873501821,0.957597,6627733,46
1,4169260747,0.919621,6628944,11
1,4217080531,1.000488,6632052,38
1,2526381901,0.927551,6634392,27
1,2672136739,0.964709,6635326,7
1,395883049,1.002438,6635964,3
1,3607759327,1.018386,6636552,2
1,2443651081,0.994614,6638094,16
1,1708551433,0.938541,6640696,31
1,567899201,0.942176,6642450,19
1,1596746737,1.027455,6642965,1
1,3483256253,0.980274,6645792,34
1,64830377,0.946313,6648183,28
1,375253433,1.007782,6651206,37
1,649793173,0.895409,6655235,51
1,821249801,0.919621,6655735,1
1,4015221461,1.048157,6657366,17
1,3017675671,0.946313,6658092,4
1,17575303,0.946313,6658718,3
1,148825277,1.003899,6659432,4
1,2474657407,0.895409,6660499,9
1,324999137,1.024123,6662959,29
1,3232565899,1.046758,6666812,45
1,3371243203,0.898675,6668532,18
1,651378253,1.019344,6670998,14
1,2170339247,0.955044,6674558,41
1,1790922493,0.917495,6675932,13
1,1862888267,0.975280,6678556,31
1,2432015567,0.818488,6679866,12
1,3290308031,0.820275,6683323,43
1,3533542139,1.090173,6684681,13
1,2939149781,0.946829,6685636,7
1,2667666817,0.813101,6686419,5
1,574501117,0.952484,6687003,2
1,2875890761,0.813101,6689689,32
1,3273398357,0.857526,6690750,9
1,2709894961,0.760987,6692647,21
1,1443629567,0.952484,6693783,10
1,1895800363,0.993141,6696977,39
1,2677900703,0.987223,6700572,45
1,4247540267,1.039738,6702200,17
1,2940393901,1.118907,6703565,13
1,1252027193,0.878342,6705557,22
1,1634249761,0.919621,6708350,34
1,3750337939,0.955044,6710753,28
1,2184117917,0.961160,6715037,55
1,2613158591,0.985738,6717015,22
1,1340760139,0.970261,6718221,11
1,3073459607,0.970764,6720569,24
1,724671203,0.981270,6724056,41
1,93536719,0.963190,6724704,3
1,1731302641,1.061581,6726333,14
1,476793311,0.940101,6728425,23
1,2459037827,1.025552,6733332,64
1,765366737,0.984747,6736341,37
1,339097301,0.938541,6737889,16
1,1603963133,0.864897,6739185,12
1,2702633177,0.977281,6741305,24
1,1661588407,0.983258,6744254,36
1,3388482827,1.012616,6745255,8
1,125708923,1.039738,6746109,6
1,942494191,1.027455,6748780,32
1,4167063731,0.932277,6751795,37
1,3929530783,0.932277,6753497,18
1,302924593,1.008267,6754694,11
1,2590836967,1.012616,6755204,1
1,3458805121,1.012616,6755995,5
1,1945578499,1.007782,6758115,24
1,1299534547,0.962683,6758838,4
1,2558638949,0.978779,6763827,65
1,1906815019,0.920682,6766848,37
1,1629366049,0.982762,6770613,43
1,901131701,0.927551,6771217,2
1,1885380197,1.047691,6775083,29
1,2242816441,1.064337,6776000,6
1,3947778937,0.835609,6777000,8
1,2039241419,1.027455,6778348,13
1,3888537277,0.979277,6782285,50
1,1785634663,0.977281,6783581,12
1,1932746041,1.133647,6785008,14
1,87606947,1.003899,6785921,7
1,788157289,1.005357,6787755,20
1,4077417731,0.852959,6788616,6
1,967617647,0.932277,6789407,5
1,715120187,1.053732,6792175,33
1,304246853,1.057894,6794411,26
1,4185265663,0.944247,6795913,15
1,3637300273,0.922801,6797751,20
1,97486159,1.055584,6800271,30
1,2265941927,1.037387,6802740,29
1,905565751,1.061581,6805013,26
1,2772307949,0.990186,6805605,2
1,1272296089,0.919621,6807100,15
1,4282890679,0.941657,6807903,5
1,3841239827,1.012616,6810467,30
1,1188482641,0.970261,6810977,1
1,2706277631,0.982762,6811770,5
1,1798313119,0.893772,6813112,13
1,3010755431,0.914830,6813701,2
1,2542266127,0.919621,6815690,22
1,1824365969,0.988212,6819000,41
1,3465946823,0.968750,6820209,11
1,1155866483,0.916963,6822343,24
1,153974749,0.934370,6823622,12
1,690975457,1.078012,6824946,8
1,10981339,1.024123,6828389,43
1,4178820787,0.919621,6829125,4
1,900534119,0.885539,6833425,53
1,3481377457,1.033615,6837219,48
1,543478883,0.922801,6837794,2
1,3673607797,1.106621,6838601,5
1,2133983783,0.928078,6840595,22
1,3667412599,0.945280,6842599,22
1,2149428343,1.008751,6843541,7
1,2314593679,1.005357,6847278,47
1,3666517697,1.042552,6848561,12
1,150309151,0.961160,6850455,21
1,920319619,0.997066,6850969,1
1,2691484381,0.796722,6853458,29
1,2379864479,0.919090,6857793,55
1,3145381691,0.918559,6858689,6
1,1233314483,0.956066,6859198,1
1,1062600509,0.957597,6860284,9
1,2064471083,1.027455,6862185,21
1,2571723877,0.899761,6864013,20
1,1634691683,0.981270,6865501,15
1,4022330089,1.008751,6866727,11
1,3654796777,0.952484,6868148,14
1,3199569287,0.936979,6870847,28
1,206711149,0.927551,6873541,32
1,2847779833,0.938021,6875505,6
1,2767632859,0.947859,6876218,3
1,1828206179,0.937500,6877305,9
1,371407273,1.010202,6878584,12
1,3494899883,0.973777,6881200,31
1,2628200219,0.810695,6881928,4
1,203992891,0.843750,6886772,63
1,1299444017,0.948889,6888124,13
1,1287423539,0.979277,6893043,64
1,690279521,0.984747,6894591,16
1,703681579,0.895409,6901456,92
1,2589593141,0.987223,6905029,45
1,511105201,1.024123,6908328,41
1,3382484111,1.070740,6909397,9
1,4098649417,0.982762,6911443,23
1,3776030369,1.000488,6912300,6
1,3505676411,1.039738,6912881,2
1,3721451003,1.005357,6914242,13
1,2116649659,0.844329,6916639,28
1,1425280141,1.002438,6917215,2
1,3496780921,1.010685,6918076,6
1,3156874129,1.035031,6919980,21
1,487812817,1.095534,6920908,7
1,693881453,0.973777,6921974,9
1,1666543741,1.025552,6923182,11
1,119907209,1.025076,6925623,29
1,3331568657,0.825024,6926195,2
1,4230140377,0.997556,6927374,6
1,3704122313,0.925443,6930827,43
1,3366533843,0.962683,6931826,8
1,1282171379,0.962175,6932921,8
1,3979564541,0.928078,6933941,8
1,2901919117,0.848942,6937183,40
1,1346350283,0.952484,6938538,13
1,448284887,0.946313,6939396,6
1,1201754833,0.965215,6941231,20
1,3637375949,1.057433,6946211,65
1,221919211,1.000488,6953236,94
1,4125386981,0.965215,6955289,23
1,2287983223,0.956066,6961767,86
1,1398318269,1.097761,6962563,5
1,3787541587,0.994614,6963140,2
1,3332130089,0.986233,6963789,3
1,3912235013,0.944764,6966554,33
1,4099538419,0.962175,6970599,51
1,2470751029,0.882225,6972227,17
1,896864329,1.032197,6973292,5
1,3653000459,1.042083,6974385,9
1,3904520327,0.946829,6979090,44
1,762778229,0.868840,6981314,23
1,1043743837,0.901929,6984126,34
1,1618816457,0.994123,6984644,1
1,3583292399,1.053732,6990135,72
1,998626283,1.097316,6991353,11
1,591281917,0.919621,6992078,4
1,3429384523,0.973777,6992862,5
1,2299050119,0.960652,6995322,29
1,4004709931,0.950945,6999407,52
1,228530899,1.090621,6999989,2
1,87612289,0.955044,7003908,50
1,2095030121,0.928078,7005562,17
1,3372599683,0.995105,7009515,50
1,2017283441,1.022214,7010455,7
1,4091798209,0.987223,7013270,34
1,986772571,0.950432,7016366,38
1,482371541,1.062959,7017286,7
1,492231053,0.936979,7020401,38
1,3775433663,1.047691,7022534,24
1,3176575627,0.984747,7024813,26
1,2324426849,1.055584,7025748,7
1,3098982223,1.094196,7026685,7
1,1301348327,1.029354,7027344,3
1,3816585973,0.962175,7028142,5
1,1105956133,0.804043,7031711,43
1,2385446879,0.994123,7033278,16
1,2997411779,0.942176,7034715,12
1,133066391,0.965215,7035998,12
1,2450915807,0.944764,7037282,12
1,647842417,1.004871,7037857,2
1,3651880667,0.994614,7039486,17
1,1019566063,0.985738,7040920,14
1,879550921,1.055584,7042817,21
1,2495366633,0.944764,7044379,16
1,2044228159,0.997066,7045452,9
1,3473069251,0.950945,7047144,18
1,4266843533,1.013098,7048083,7
1,264076129,0.978779,7049988,21
1,1420645183,1.016466,7053082,38
1,2950264063,1.004871,7054655,16
1,1304125919,0.920152,7056915,26
1,2518485313,1.044891,7057412,1
1,3535941943,0.970261,7058705,12
1,2239356839,0.983258,7059787,9
1,2332556671,0.920682,7060872,9
1,3744394859,1.002438,7063280,28
1,2210948221,0.975280,7065473,25
1,1409395279,1.003899,7066394,7
1,3510625753,1.007782,7069795,42
1,1873997747,0.952484,7072086,26
1,1342287721,1.072563,7077801,71
1,1833114979,0.882778,7079522,6
1,988813597,0.913227,7085168,71
1,1751516131,0.910550,7085696,1
1,1381915237,1.141374,7090744,66
1,83446577,1.012616,7093069,27
1,3669557417,1.008267,7093989,7
1,3654704939,0.895409,7094584,2
1,3546016931,1.033615,7097328,33
1,2765362183,0.852386,7099432,24
1,653957441,0.944764,7100007,2
1,1846476899,0.910550,7101979,22
1,1416705307,1.052341,7103670,18
1,2009758789,0.804043,7104186,1
1,3614293087,0.818488,7105628,14
1,3898086817,0.981270,7108541,35
1,4178769913,0.944247,7109338,5
1,3825851971,0.986233,7112585,40
1,3207010253,0.913227,7115083,29
1,4012874431,0.938541,7118336,40
1,432402569,0.995105,7118907,2
1,3847535513,0.857526,7120196,12
1,286399279,0.962683,7120983,5
1,4158316693,0.952484,7123037,23
1,479369329,0.810695,7123612,2
1,4056474017,0.889939,7124184,2
1,1409386487,1.073018,7128381,54
1,2277062423,1.044891,7135279,88
1,2535263611,1.025552,7135871,2
1,230077147,0.956066,7138149,24
1,638612587,1.017906,7138666,1
1,270749201,0.991172,7140834,25
1,3187004939,0.984747,7141771,7
1,802517701,0.963190,7142987,11
1,628999103,0.913227,7144495,15
1,347701507,1.006328,7146183,18
1,529078943,0.990186,7147317,10
1,382106051,1.010685,7148033,4
1,3381127471,1.032197,7148624,2
1,37558721,0.903011,7149390,5
1,926009573,0.889391,7154036,60
1,1926685507,1.023646,7155183,10
1,2599225151,1.027455,7158691,44
1,2981147839,0.946313,7159910,11
1,2714813503,0.988706,7162945,37
1,1836871723,1.035503,7165625,32
1,3632134369,1.000488,7168114,29
1,104494837,0.994614,7170291,25
1,2136654269,1.004871,7172217,21
1,3041883833,0.988212,7176608,56
1,1087874233,1.046758,7178260,12
1,939731137,0.984251,7179484,11
1,2588011469,1.068458,7182324,21
1,1318798639,0.964709,7183923,13
1,3278545687,1.076198,7185781,20
1,678804473,1.039268,7188337,30
1,2160883271,0.944247,7190029,18
1,4148271377,0.855246,7190541,1
1,1545900721,0.999023,7191250,4
1,2371364797,0.927551,7191762,1
1,2886215279,0.903552,7192755,8
1,512946587,0.981270,7195565,34
1,454028083,0.994614,7198796,40
1,4097505989,1.025076,7200640,20
1,1311159587,0.969254,7201998,13
1,1425114503,0.946829,7202923,7
1,1394686999,0.893772,7206076,39
1,2441561699,1.027455,7208398,27
1,2640903679,0.938541,7209070,3
1,2005717667,1.012133,7211336,26
1,2920800089,0.998534,7212688,13
1,2455639709,1.073018,7213405,4
1,939566963,1.076198,7214271,6
1,3113041357,1.017906,7215348,9
1,1009070063,0.772450,7217393,23
1,578857597,0.826207,7220069,32
1,756625553,0.919621,7221839,19
1,1175207087,0.907865,7222639,5
1,385044463,0.953509,7223647,8
1,2065283579,1.031250,7225147,15
1,429324517,0.880563,7225656,1
1,2988845201,0.965215,7228662,37
1,2367850757,0.810695,7229518,6
1,1629281557,0.981270,7231835,27
1,3042363463,1.025076,7232912,9
1,1856611079,0.973777,7233873,4
1,2624310217,0.993632,7235368,15
1,1628106533,1.048157,7236856,15
1,1463627239,1.127168,7238366,15
1,1109526203,1.126301,7239477,8
1,827928757,1.025076,7240564,9
1,575720039,0.961160,7241204,3
1,2597744759,0.950432,7243058,20
1,4019554277,0.994614,7244559,15
1,422968901,0.950945,7248086,44
1,1846732073,0.904092,7248941,6
1,1475517317,0.914830,7251689,33
1,601956539,1.020780,7253099,14
1,3060771643,0.922801,7254664,16
1,2488895249,0.956066,7255731,9
1,946962977,0.961160,7257630,21
1,941827273,1.034559,7259594,22
1,34970311,0.988706,7260923,13
1,4049619809,1.013098,7263590,32
1,3478826497,0.942176,7264658,9
1,2196321913,0.957597,7266360,18
1,1294682387,1.008751,7269452,38
1,3032912087,1.076198,7270936,15
1,3052585031,1.050483,7274879,50
1,49782709,1.047691,7275875,8
1,655066079,0.952484,7277151,12
1,3407429917,0.862070,7277727,2
1,627947381,0.935414,7279493,19
1,2209697569,0.933847,7281774,22
1,532481581,0.946829,7282859,9
1,1832148091,1.072107,7286376,28
1,3869248847,0.914830,7291413,61
1,133574327,0.988212,7292281,6
1,706737133,0.954533,7293285,8
1,2350985521,0.900304,7295402,24
1,3848118797,0.942176,7296268,6
1,3228016991,0.888841,7298037,19
1,3145165207,0.858664,7299115,9
1,3206673991,0.895954,7300051,7
1,738640853,0.964709,7301048,8
1,308207771,0.987223,7306785,76
1,203567257,1.036916,7307969,11
1,4169684489,0.983258,7310579,31
1,2974537187,0.929655,7312631,23
1,2302747333,1.033615,7314323,18
1,1184751809,0.993141,7315600,12
1,1401968471,1.007782,7319312,47
1,2075342237,0.956066,7320467,10
1,3947212271,0.938021,7321273,5
1,3194835739,0.962683,7322631,13
1,1123670411,0.977281,7323269,2
1,1483426891,0.993632,7326796,44
1,2648920691,1.151171,7329259,29
1,391065863,0.934370,7330110,6
1,535036193,0.941657,7330816,4
1,2992743763,1.068458,7333632,34
1,2385856783,1.009718,7340848,93
1,2951290369,1.015985,7343745,35
1,3105542159,0.877229,7344764,8
1,1338684509,1.057894,7346005,9
1,3840602551,0.970764,7347940,21
1,1375123913,0.862070,7348529,2
1,354197231,0.945797,7350850,27
1,396715129,1.000488,7351571,4
1,1597365109,0.964709,7353486,21
1,4140386221,0.970261,7354713,11
1,2848201393,0.955044,7355912,11
1,2249525231,0.882778,7356957,6
1,2264816629,0.928078,7358208,11
1,2082730099,0.973777,7359423,11
1,1611230711,1.125868,7360499,9
1,3990136723,0.948889,7361232,4
1,547145507,1.000488,7362583,13
1,3477531061,0.980274,7363663,9
1,3705798293,0.996576,7366792,38
1,1433847197,0.942176,7368281,15
1,237475573,1.054659,7368925,3
1,2205225173,0.886090,7371594,32
1,3519565801,1.061581,7373438,20
1,1944699397,1.004871,7377291,49
1,1041034207,0.957597,7377948,3
1,124138519,1.040677,7379837,21
1,683251453,0.952484,7381129,12
1,1016054153,0.870524,7383744,27
1,3772241611,0.969254,7385142,13
1,3097341001,0.970764,7386583,1
1,1208903261,0.888841,7387684,4
1,1461937097,0.871645,7389708,22
1,4263569209,0.922801,7398320,117
1,1700672731,0.971267,7399880,16
1,3082230031,0.928078,7401300,14
1,2407058473,1.000488,7408944,103
1,511739479,0.769283,7410569,17
1,1437866747,0.884436,7411861,12
1,1860623581,1.120651,7414623,33
1,884485873,0.998534,7416189,16
1,771145733,0.963190,7421292,67
1,221229287,0.914830,7424450,39
1,4139246789,0.952484,7425532,9
1,2943027281,0.928078,7428414,35
1,1644309833,0.998534,7431945,44
1,2739580241,1.003899,7435114,39
1,1947872041,1.029829,7438115,31
1,2013588901,0.916963,7440322,25
1,1484156111,1.052341,7441335,8
1,2288529979,1.029354,7443786,26
1,365642267,1.066628,7444301,1
1,3289850497,1.078012,7445076,5
1,3601523183,0.919621,7446361,12
1,2828561773,0.927551,7451824,72
1,2140769069,1.046758,7452757,7
1,2672476343,0.919621,7453410,3
1,1272388367,1.014061,7454495,9
1,1464038911,0.944764,7456839,27
1,2500676371,1.025552,7457901,9
1,2248753391,0.964709,7458553,3
1,3595412857,1.025552,7459482,7
1,2405154971,0.927551,7460351,6
1,1271665379,0.970261,7460999,3
1,1195166969,0.928078,7462905,21
1,2602984057,0.952997,7464316,14
1,1614513323,0.936979,7464971,3
1,2634058753,1.025552,7466371,14
1,3597687337,0.945280,7468639,26
1,3749716697,1.033615,7471801,39
1,3129201563,0.948889,7472466,3
1,3233076331,0.977281,7473477,8
1,149279731,0.994614,7474339,6
1,2136277249,0.826207,7477206,35
1,3552026713,0.928078,7481069,49
1,3482535149,0.897044,7481652,2
1,108771697,0.950945,7486147,54
1,675660263,0.934370,7486953,5
1,2308215257,1.044423,7489044,11
1,3852911669,1.086584,7490616,11
1,2311793761,0.835024,7496548,78
1,1194347027,0.927551,7502649,81
1,3342693869,1.022214,7503656,8
1,2529809323,0.910550,7505850,25
1,752708777,0.850092,7506707,6
1,3728660147,0.849517,7507367,3
1,350727991,0.871645,7508089,4
1,4210288193,0.996086,7510424,27
1,3010408741,0.954533,7511011,2
1,2493027947,1.079370,7511800,5
1,2361263537,0.802219,7512590,5
1,1004818741,0.997066,7513807,11
1,2917621667,0.948889,7517261,43
1,2606572439,0.922801,7519607,27
1,2008073363,0.932277,7521937,27
1,1320293963,1.027455,7524478,30
1,3020059283,1.000488,7527297,34
1,3128341871,0.897044,7528520,11
1,1707121001,0.888841,7533097,59
1,3686555501,0.887192,7536123,37
1,3421940531,1.062959,7537560,14
1,428950309,1.040677,7538684,10
1,3984191203,1.025076,7539206,1
1,2187245503,1.053732,7546429,91
1,4070582807,0.984747,7548475,20
1,3807903653,0.946313,7551115,31
1,3447406771,0.931753,7552607,15
1,4096252681,0.931753,7554719,24
1,603003679,1.033615,7556711,22
1,4050597883,1.012616,7559053,27
1,2282304307,0.979277,7559918,6
1,91242197,1.044891,7562872,36
1,3796189043,1.015985,7565271,28
1,4001617649,1.043488,7569153,49
1,2553329483,1.031250,7571386,24
1,976514897,0.779373,7578642,97
1,755510963,1.007782,7579573,7
1,2340689551,1.002925,7580148,2
1,4006557613,0.981270,7582493,27
1,2766860303,1.020302,7584339,20
1,827790101,0.889391,7585190,6
1,2766821089,0.954533,7588682,39
1,346983113,1.032197,7591468,20
1,3172749823,0.920152,7593611,20
1,1485348133,1.036916,7595635,21
1,2821540621,0.993141,7597472,20
1,3694239023,0.928078,7599796,27
1,312008927,1.111464,7602400,31
1,1342478623,1.111464,7603048,3
1,386710787,1.012133,7604246,11
1,1638359159,0.886090,7604757,1
1,105289969,1.039738,7605806,9
1,3640256287,1.027455,7606674,6
1,1551121669,0.843750,7607252,2
1,1046521339,1.022214,7609155,21
1,1792758113,0.864897,7610221,9
1,416201483,0.999023,7611985,19
1,2440303531,1.039268,7613057,9
1,1591293173,1.076198,7613995,7
1,3365992607,1.086584,7616252,26
1,748447199,1.044423,7617817,16
1,1183845077,1.105738,7620413,31
1,3791475613,0.970764,7621911,15
1,598418153,0.899761,7623190,12
1,2402892403,0.830333,7624545,13
1,3577143221,0.891584,7625700,10
1,950716003,0.841432,7627042,13
1,1503474887,1.002438,7627631,2
1,3619385797,1.063419,7628788,10
1,1992366553,0.942176,7635718,93
1,463751831,0.921213,7637057,13
1,896153833,0.904632,7640637,45
1,3154235731,0.868840,7641777,10
1,1882758529,0.948889,7642980,11
1,3589563371,1.000488,7645288,22
1,209422091,1.009718,7648402,38
1,874677571,0.908940,7650392,20
1,626839537,1.036916,7653229,34
1,2294520103,1.019344,7653807,2
1,520651499,1.012616,7655075,12
1,2290004891,0.970764,7655730,3
1,1080283937,0.994123,7659254,44
1,2355851929,0.965215,7659762,1
1,1361218013,0.919621,7661660,21
1,1592744477,1.046758,7663590,21
1,1613237707,0.957597,7668081,58
1,2068046801,0.993141,7669287,11
1,1228829101,1.054659,7670578,12
1,3816221177,0.950432,7672001,14
1,2013646451,1.025552,7674395,28
1,118240691,0.934370,7675603,11
1,3746885501,0.970261,7676552,7
1,2122383941,0.902471,7677680,10
1,2179511143,0.946313,7678749,9
1,204716377,0.999023,7680717,22
1,972405299,0.927551,7683889,39
1,2935261781,0.963190,7684471,2
1,3558418753,0.877786,7685386,7
1,2494322417,0.946313,7688060,32
1,3095055199,1.012133,7690473,24
1,3644367073,1.054196,7692192,18
1,480227593,1.002438,7695794,26
1,12810209,0.984747,7698155,22
1,3595680587,0.821465,7698903,4
1,1017643531,1.031250,7702193,41
1,2138457007,1.033615,7703067,6
1,98519543,0.968750,7705383,27
1,3980885957,1.042552,7707101,18
1,65252713,0.864897,7708020,7
1,2066147537,1.016466,7709716,18
1,2816605877,0.952484,7710725,8
1,4140336301,0.811297,7711723,8
1,2992210939,0.969758,7714464,33
1,769813201,0.963190,7715806,13
1,2412116989,0.942176,7716332,1
1,311648411,0.940101,7716831,1
1,1170982633,0.888292,7718177,13
1,1698673939,0.931753,7720732,30
1,4203709087,1.000488,7721804,9
1,1574524877,0.938021,7722740,7
1,1495153351,0.983258,7723254,1
1,3972270539,0.898132,7725085,20
1,1382977313,1.027455,7725743,3
1,1693844153,0.958616,7726942,11
1,3220713151,0.977281,7729908,36
1,3787622101,0.796109,7736081,82
1,1391818741,0.855246,7737024,7
1,1466619829,0.871645,7738378,13
1,3284702899,1.055121,7739098,4
1,2948176081,1.055584,7740170,9
1,986516413,1.047691,7741098,7
1,3881047913,1.012616,7742375,12
1,659184179,1.014543,7744342,22
1,2430161263,1.063419,7747030,29
1,4121250521,0.886090,7748694,16
1,805537151,0.889391,7749834,10
1,3146846777,0.942176,7751390,16
1,2480772313,1.014061,7752534,7
1,431602753,1.036916,7753820,12
1,3707557019,0.944247,7754896,9
1,2789347831,1.008267,7755551,3
1,904592011,0.899761,7756345,5
1,273314999,0.895409,7759792,43
1,3414338071,0.872765,7760940,10
1,4081617949,0.921743,7762285,13
1,3240490369,1.000488,7762990,4
1,3727288619,0.897588,7763583,2
1,4130414789,0.970764,7764156,2
1,2604013259,0.962175,7765085,7
1,3772492849,0.929655,7765601,1
1,4143631253,1.008267,7766817,11
1,4149283799,0.965215,7769636,34
1,736506007,1.012133,7773422,48
1,3177442031,0.956066,7775846,28
1,3633518989,0.919090,7778725,35
1,1070989849,0.977281,7781246,30
1,870552119,1.002438,7783293,23
1,3932456183,0.962683,7784432,10
1,254729213,1.000488,7785782,13
1,3568876307,1.029829,7786991,11
1,196487701,1.043488,7788186,11
1,2171754373,1.061581,7789535,13
1,261351661,0.944247,7790262,4
1,1557245167,0.940620,7790988,4
1,3587367977,1.067086,7792651,13
1,2144936399,1.072563,7793819,10
1,2506937959,1.017906,7800517,69
1,2425129723,0.962175,7804142,43
1,586608091,0.984747,7807949,48
1,4069371287,0.911086,7808612,3
1,3113984023,1.027455,7811303,32
1,1967925613,0.944764,7811952,3
1,1719992717,0.898675,7814628,32
1,2420095277,0.963190,7815782,10
1,2422620439,0.984747,7817545,19
1,2466375089,1.002438,7818818,12
1,2622733363,0.970764,7819547,4
1,1852914169,0.915364,7822294,33
1,459472777,0.961160,7823997,18
1,2513310341,0.829745,7826037,23
1,1341198037,0.965215,7827663,17
1,438491147,1.021736,7831023,42
1,1298944201,0.840271,7831876,6
1,2489292109,1.062959,7832459,2
1,2459979413,0.942176,7833034,2
1,159148597,0.766740,7833675,3
1,1487117581,0.983258,7835365,18
1,2375817071,1.095980,7836784,14
1,570908309,1.039738,7840718,50
1,1196178427,0.864332,7841304,2
1,4159209037,0.945280,7844770,43
1,3449331547,1.027455,7847606,34
1,672568123,0.968750,7851577,46
1,63377843,0.882778,7852848,12
1,3517090991,0.861503,7856803,46
1,3280751543,0.928604,7858208,13
1,427855817,0.860369,7858712,1
1,3036030713,1.124132,7859436,4
1,1711203889,0.962683,7862249,34
1,3469855223,1.012616,7865485,40
1,3417802711,1.012133,7866925,14
1,301692091,1.053732,7869186,26
1,4078891913,0.957597,7873064,49
1,2897791651,1.044423,7874557,15
1,2558117503,0.944764,7877387,34
1,748517923,1.111464,7881270,49
1,2737566709,0.895954,7881788,1
1,183509069,0.962175,7883758,22
1,3372712813,1.050483,7884266,1
1,4288550779,1.043488,7886124,20
1,1834123469,1.076198,7886844,4
1,3134028923,1.064337,7888137,12
1,2510538859,0.899761,7890199,23
1,3826709063,0.928078,7890857,3
1,3401471201,0.934370,7891368,1
1,2321581237,1.023646,7893769,28
1,586310041,0.878342,7896506,29
1,2961290281,1.005842,7898944,15
1,3487868201,0.919621,7901199,22
1,3026879663,1.005357,7902228,8
1,1454490559,0.887192,7902887,3
1,934044367,0.853531,7903469,2
1,4257940087,0.988706,7904967,15
1,3821108219,1.013098,7905697,4
1,497729597,1.128899,7906624,7
1,507713743,0.973777,7908740,24
1,86650247,0.908940,7909474,3
1,1633086643,0.827388,7911826,27
1,3139867937,1.146070,7912403,2
1,750767483,0.978779,7914119,18
1,3128312071,0.982762,7915888,19
1,4078966427,0.997556,7916466,2
1,163129891,0.907865,7918078,17
1,3274725407,0.877786,7918864,5
1,223687577,0.919621,7920059,11
1,2484915527,0.886090,7923214,39
1,3469232357,0.882778,7925911,32
1,1163778167,0.948889,7928321,28
1,2141505529,0.989199,7932117,48
1,902311199,0.913227,7933044,7
1,1393155949,0.997066,7935654,31
1,1508514167,0.868840,7939534,49
1,1165647079,1.004871,7941094,16
1,3365693557,0.897588,7943898,34
1,1724162449,1.002438,7944617,4
1,2022226963,0.935414,7945959,13
1,2951816899,0.889391,7947107,10
1,2587428617,0.982762,7948096,8
1,2039728291,0.837360,7949441,13
1,691742173,0.872205,7950647,11
1,4233736963,1.005357,7951515,6
1,3239859241,0.920152,7952018,1
1,2263567381,1.043488,7952666,3
1,1803769111,0.852386,7953247,2
1,2793380141,0.938021,7955092,20
1,1315286543,1.008751,7956658,16
1,4032712687,0.944764,7957179,1
1,3845991659,1.007782,7959111,18
1,1037316479,1.055584,7960694,15
1,2889172843,1.037387,7961767,9
1,151523863,1.076198,7966624,61
1,1109986531,0.953509,7967703,9
1,4018221247,0.940101,7970539,34
1,2473087609,0.955044,7972369,20
1,3826293047,0.991172,7974558,25
1,2841460603,0.982762,7975704,10
1,2477146201,0.897588,7976981,12
1,2456898751,1.039268,7978482,15
1,1264572109,1.042552,7979218,4
1,3785385719,1.090621,7980783,16
1,4040828411,1.002925,7982342,16
1,3306881579,0.928604,7983890,16
1,120756511,0.974780,7984606,4
1,817949773,0.952997,7985246,3
1,569682251,0.962175,7986657,14
1,3159393647,0.935414,7987656,8
1,463520699,0.918559,7988370,4
1,821293807,1.080726,7989235,6
1,3964932701,1.002438,7990168,7
1,3419888779,1.024123,7991937,19
1,2660406059,1.024123,7992936,8
1,3845240677,0.938021,7994286,13
1,3522423287,1.015985,7996222,21
1,2252269793,1.019344,7997061,1
1,662769763,1.004871,7997594,1
1,3481837663,0.882778,7998950,13
1,4066717519,0.836777,8002664,34
1,17698393,0.988706,8004344,14
1,610462703,0.938021,8005571,11
1,4072287949,0.998534,8010234,60
1,3529664381,0.941139,8012149,21
1,628352999,1.073928,8012805,3
1,585447353,0.958616,8015267,29
1,4060200527,1.103970,8021242,79
1,754023839,1.047691,8022817,16
1,3734526181,1.031250,8023686,6
1,2750642033,0.975280,8024759,9
1,971925457,1.196512,8027583,34
1,2363567047,1.027930,8028720,10
1,3688234061,1.037387,8029683,7
1,1203436261,0.912693,8032644,36
1,2884647781,0.869402,8034272,17
1,1172582911,0.907327,8037952,46
1,2279247863,1.027455,8041007,37
1,1286729321,0.965215,8041867,6
1,378458677,1.023646,8044331,29
1,3019028099,0.996576,8045055,4
1,3112135199,0.878342,8045582,1
1,3330445303,0.904092,8046658,9
1,2006558201,0.942176,8047526,6
1,3159743207,0.984251,8049298,19
1,1206730061,0.911622,8050650,13
1,3284033119,0.968750,8051240,2
1,63271277,0.973777,8053714,25
1,3176690639,0.913227,8055431,18
1,1817076641,0.919090,8057470,23
1,1493139859,0.908940,8058547,9
1,3834539263,0.936979,8059440,4
1,1791614437,0.961160,8060384,7
1,3635833063,1.078012,8061670,12
1,942447221,0.839689,8064554,35
1,74418779,1.039738,8069649,67
1,328591499,1.007782,8071476,20
1,128061719,0.899761,8071970,1
1,4172739293,0.920152,8074184,25
1,3528275143,0.965215,8075181,8
1,899887829,1.031250,8078550,42
1,2394566723,0.981270,8079195,3
1,1922899697,0.868840,8080200,8
1,3485880403,0.940101,8081344,10
1,759654461,0.921213,8085340,51
1,1692396943,0.877786,8086644,12
1,2852528981,0.957597,8087583,7
1,3539002919,0.988706,8088521,7
1,1654932001,0.977281,8089853,13
1,4165780991,0.981270,8092328,29
1,987159083,1.083884,8094317,22
1,3030203387,1.008751,8096298,22
1,2181862621,0.910550,8097435,10
1,1746474773,0.928078,8098217,5
1,1830555941,0.988706,8100636,24
1,1240410869,1.006328,8106791,68
1,3322644397,0.952997,8108317,13
1,4065677107,0.987223,8109249,7
1,4230872143,0.950945,8112933,46
1,4260373063,0.969758,8114428,15
1,3462782237,0.850092,8115088,3
1,2433355153,0.868840,8116566,15
1,2678956663,0.911086,8123046,86
1,468444941,0.999023,8124402,13
1,2894708477,0.893225,8125631,11
1,3864246263,1.003899,8126997,13
1,3421793171,0.914830,8127589,2
1,1443492031,1.033615,8128104,1
1,3441568513,0.965215,8129724,17
1,3094611319,0.913227,8134067,56
1,3783754133,0.947859,8136530,29
1,3757895189,1.025076,8138724,25
1,429834761,0.907865,8139222,1
1,4142970779,0.970764,8140588,13
1,1586974391,1.085235,8141804,11
1,494823463,1.019344,8146152,56
1,3314941139,1.025076,8147927,19
1,1226837393,0.956066,8149675,19
1,2333603479,0.974780,8150750,9
1,3889746967,0.946829,8151961,11
1,1985523961,0.985738,8154115,20
1,3150457433,1.050483,8157442,41
1,194812249,0.957597,8158080,3
1,3766187393,0.977281,8160778,30
1,2967178661,0.981270,8161374,2
1,2279853659,0.936979,8162727,13
1,151950569,0.787475,8165379,32
1,2029197043,0.815499,8167303,21
1,2294160521,0.991172,8171597,55
1,250396049,0.954533,8175164,45
1,3571760651,0.914830,8176025,6
1,2551208651,0.964709,8176538,1
1,2261001823,0.910550,8177393,6
1,1423394809,0.996576,8178055,3
1,161097961,1.007782,8181766,47
1,294191609,0.954021,8184292,30
1,516172427,1.113220,8184932,3
1,343660183,0.938541,8186348,14
1,1105699027,0.987223,8188736,28
1,1476200179,1.090621,8192667,50
1,686084279,0.803435,8196377,47
1,3565770469,0.938541,8197650,12
1,1547523119,0.878342,8200403,33
1,1673935339,1.020302,8201204,5
1,1108066733,1.036916,8202183,3
1,1297360811,1.007782,8206133,36
1,2734211087,0.921743,8207216,6
1,3168274117,0.996576,8207732,1
1,4272612931,1.208692,8208667,7
1,2574831563,0.827978,8209678,8
1,4026603433,0.947859,8213261,45
1,3205046479,1.077559,8213840,2
1,3113024567,0.961160,8215339,15
1,1452763649,0.869402,8220761,71
1,3372048013,1.034559,8221765,8
1,1331085263,1.018386,8223708,21
1,14176243,0.920152,8224338,3
1,4265697697,1.073928,8227775,43
1,1463785837,0.942176,8230858,36
1,1662198313,1.022214,8233657,34
1,391455599,1.019344,8234999,13
1,1501610087,0.778746,8236268,12
1,2461924523,0.910550,8238459,25
1,1817244673,0.751301,8240222,19
1,4273041397,1.076198,8241374,10
1,3545693611,0.835024,8242381,8
1,4212585407,0.906250,8242913,1
1,1400469307,0.852386,8245125,25
1,1596102883,1.020302,8246965,20
1,2049654983,1.115411,8248530,16
1,988718629,0.882225,8253782,69
1,3367986191,0.963190,8260777,90
1,1384599913,0.968750,8261365,2
1,1264601159,0.975280,8264566,37
1,1156706899,0.910550,8267926,41
1,809799373,0.971267,8268915,8
1,3108890501,1.012616,8271176,26
1,1593803609,0.988706,8271693,1
1,3713307223,0.895954,8272494,5
1,2930818069,0.997066,8274893,28
1,1314294601,0.965215,8276025,10
1,2432950349,0.870524,8277849,20
1,1087706603,0.982762,8281290,43
1,1992820861,0.832095,8283473,25
1,548629811,0.981270,8286207,33
1,3142951853,0.914830,8287858,17
1,1220709641,0.970764,8290032,25
1,2054275159,1.063419,8290549,1
1,4188032473,0.973777,8293424,35
1,1103011421,1.015985,8294153,4
1,1992819197,1.012616,8295921,19
1,70538647,0.994614,8297886,22
1,2737621699,0.931753,8302658,62
1,260762639,1.108825,8305204,26
1,1913969923,0.996576,8306439,11
1,3361384627,1.062959,8309726,26
1,3608586869,0.927551,8312389,29
1,2871603197,0.997066,8315140,33
1,70549471,0.906789,8316420,12
1,4129892531,0.920152,8318970,30
1,3714895609,1.103970,8319767,5
1,447698521,0.913227,8321252,15
1,166011827,0.957597,8323165,21
1,2952532279,1.044891,8327028,49
1,281782003,1.104854,8329774,33
1,1930957907,0.827388,8332094,27
1,3287283817,1.048157,8333168,9
1,462006929,0.965215,8339432,83
1,1409580413,0.864332,8341060,17
1,631703693,1.039268,8348473,100
1,1242879821,0.938021,8349337,6
1,1670373101,0.987223,8352796,43
1,1072349777,1.081178,8353790,8
1,2534155469,1.006328,8354923,10
1,3020366131,0.839108,8355574,3
1,2792141629,1.025076,8358641,35
1,1611121049,1.002438,8359696,3
1,2346384247,1.023646,8362985,36
1,3678877823,0.950945,8364995,22
1,1916916259,0.988706,8365849,6
1,2348051621,1.134508,8367768,18
1,36941077,1.105296,8370086,27
1,3357460159,0.961160,8370609,1
1,302843257,0.942176,8371871,12
1,4176540521,1.042552,8375399,44
1,2091853529,1.062959,8381430,80
1,1706447227,1.019823,8382018,2
1,2134307423,1.006813,8383874,20
1,1212272317,0.997066,8386550,32
1,3951453643,1.025076,8389027,29
1,3174094129,1.027455,8389745,4
1,1247816137,0.884436,8391089,13
1,2376636439,0.953509,8392995,21
1,568014131,1.031250,8393992,8
1,1966883027,0.911086,8397855,49
1,2965707419,0.979277,8399764,21
1,2873816263,1.007782,8401908,24
1,1464121471,0.973777,8402640,4
1,3133867229,0.964709,8403290,3
1,112312771,0.938541,8405676,28
1,2648057747,1.031250,8407852,20
1,2686441789,1.081629,8408386,1
1,3296812391,0.925443,8409111,4
1,914906611,0.991172,8411333,10
1,3390148231,1.126301,8416457,63
1,202765483,0.853531,8417108,3
1,2973668531,0.957597,8418958,20
1,397757183,0.919621,8421698,33
1,2457990889,0.844907,8423903,25
1,4088521183,0.867715,8425892,22
1,2121921133,0.910550,8427386,15
1,1359156989,0.919621,8430758,42
1,1595236297,0.928078,8431349,2
1,1214019217,1.116723,8432771,14
1,2537576101,0.895409,8436845,52
1,4259368931,0.979277,8438643,19
1,1052756777,0.946313,8439437,5
1,2166145523,0.911086,8440361,7
1,2103466957,0.963190,8442827,29
1,220513687,1.005357,8444725,21
1,3253888423,1.000488,8445237,1
1,1411645427,0.937500,8450293,66
1,1794553247,0.950432,8450813,1
1,1540321049,0.983258,8452462,17
1,774569531,0.960652,8454168,18
1,3530925703,0.778746,8455237,9
1,1695640393,0.760987,8456369,10
1,1459481693,0.903011,8458353,22
1,896287471,0.985738,8462014,46
1,1842992549,0.938021,8468883,84
1,2762817527,0.880563,8471117,25
1,1979409713,1.073928,8473586,29
1,2407357877,0.948889,8474382,5
1,3368861059,1.073928,8475110,4
1,1337518373,0.928078,8475762,3
1,3546750437,0.928078,8480820,66
1,676630621,1.004871,8482015,11
1,3950836997,0.919090,8483858,20
1,4273675391,1.039268,8484381,1
1,2348338633,0.970764,8485876,15
1,3403879597,0.940101,8490085,54
1,1789122481,1.034559,8492905,34
1,1657462747,1.000488,8494269,13
1,1161328559,0.973777,8494993,4
1,222483827,0.946313,8497890,35
1,620813449,0.950945,8501184,41
1,2644444867,0.889939,8503580,28
1,1679332637,1.068458,8504710,10
1,3119538893,1.007782,8505577,6
1,2976523601,0.965215,8507266,18
1,2042341967,0.864897,8509320,19
1,1915940353,1.073928,8509911,2
1,3486538001,0.931753,8512968,25
1,2519345707,1.124132,8513909,3
1,1003216463,0.887192,8514875,7
1,3048212171,0.964709,8515762,5
1,3258586841,0.988706,8518081,27
1,2727209083,0.988212,8519930,20
1,2536292557,0.862636,8520648,4
1,1183059923,0.980772,8522707,23
1,887277191,0.897044,8523360,3
1,487635067,0.889391,8524928,16
1,136127833,1.002438,8532768,106
1,2035091263,0.816098,8534673,21
1,3636262601,0.854103,8539923,69
1,1073002673,1.024123,8540991,9
1,2165452391,0.893772,8541705,4
1,81965743,0.911086,8545272,45
1,749396783,0.942176,8546062,5
1,206925163,0.938541,8548729,32
1,2377247267,1.052341,8550358,17
1,330543503,0.834439,8555017,60
1,3477207709,0.862070,8557772,32
1,3312181867,0.962175,8559341,16
1,2866714223,0.997556,8562604,40
1,3375099037,1.025076,8565075,29
1,2553536941,1.070284,8569198,48
1,635281063,0.907327,8571952,28
1,740865487,0.993141,8575170,39
1,1704500989,0.953509,8585354,139
1,4174810219,0.952484,8586357,8
1,1819097207,0.963190,8586940,2
1,252215413,0.946313,8588348,14
1,3863169979,0.868840,8589634,12
1,195199031,0.904092,8593568,50
1,2709587807,0.962175,8594283,4
1,758043191,0.928078,8595003,4
1,2709850543,0.911622,8596011,8
1,1756144763,0.876115,8597427,14
1,2618364131,1.047691,8600232,34
1,2541259471,0.928604,8602713,29
1,1996004693,0.919621,8604203,15
1,1163458213,0.962175,8605346,10
1,919911481,0.952484,8606900,16
1,1105599653,0.993141,8609529,31
1,3379315969,0.957597,8610099,2
1,48348617,1.010685,8611490,9
1,304126943,0.914830,8613960,27
1,1024773329,0.988706,8614556,2
1,3706354829,0.974780,8615142,2
1,2512464727,1.000488,8616493,13
1,1450228993,0.927551,8619313,34
1,2270819209,0.868840,8621850,30
1,930385567,1.061581,8623071,11
1,3695052733,0.962175,8624282,11
1,3807477731,0.938541,8626125,20
1,2173031269,0.910550,8627057,7
1,2610871649,0.962175,8628202,10
1,2555171083,1.020780,8630054,20
1,721235707,0.978779,8630998,7
1,2309625629,0.963190,8633323,27
1,1554006463,0.904092,8635709,28
1,2527913491,0.913227,8636499,5
1,1354500529,0.991172,8637147,3
1,3132124399,0.862070,8639134,22
1,2376202363,1.048157,8642613,43
1,270137981,1.087033,8643756,10
1,752357653,0.953509,8644396,3
1,4173090797,1.020780,8646740,27
1,556193921,0.908940,8649325,31
1,1889562067,0.920152,8651155,20
1,911955181,1.079370,8651944,5
1,470535347,0.962683,8654760,34
1,3140016559,1.007782,8656675,21
1,3513713821,1.003899,8660118,43
1,2966688103,1.005357,8662172,23
1,3452183261,0.950945,8664217,23
1,1450533827,0.928078,8665024,5
1,3957802399,0.979277,8665968,7
1,1657583923,0.964709,8666897,7
1,751871011,0.868840,8667614,4
1,1445956207,0.902471,8670424,34
1,737296243,0.944764,8672422,22
1,2346397073,0.968750,8674629,25
1,3152810917,0.923330,8676464,20
1,1242183959,0.835024,8677177,4
1,1891410643,0.983258,8678529,13
1,1517087251,0.913227,8679677,10
1,2646547517,1.054196,8680683,8
1,2554631869,0.982762,8681750,9
1,1437811433,1.113220,8683516,19
1,1724852071,1.004871,8685584,23
1,606924671,0.991172,8687435,20
1,3183053747,1.005357,8688929,15
1,1918530619,0.984747,8690565,17
1,1098199121,1.015985,8692960,28
1,1148130817,0.922801,8696407,43
1,1957066561,0.920152,8697898,15
1,3225621001,0.868840,8698461,2
1,2188518179,1.000488,8699730,12
1,1569344507,1.015985,8703607,49
1,1564701779,0.988706,8704467,6
1,3112652189,1.035503,8705336,6
1,219174509,1.036916,8706668,13
1,1334690047,1.005357,8708796,24
1,1198941649,0.884436,8709595,5
1,3496283477,0.869402,8710658,9
1,1620670159,0.919621,8712145,15
1,3177666071,0.994614,8714078,17
1,2844859669,1.051877,8714877,5
1,3307541801,0.964709,8717812,35
1,878200129,0.981270,8718542,4
1,3731302529,1.004871,8720372,20
1,2960108759,1.089725,8723121,33
1,2704927843,0.942176,8725046,21
1,1117868393,0.829745,8726103,9
1,1411458053,1.025552,8726739,3
1,4216358947,0.970261,8727385,3
1,2101270307,1.000488,8729240,20
1,3435670111,1.012133,8731976,33
1,888659141,0.965215,8733462,15
1,1503330949,0.925443,8734175,4
1,3646859173,0.885539,8735874,18
1,63041101,0.957597,8738332,29
1,1641831571,0.974780,8739053,4
1,322897357,0.936979,8739983,7
1,1110178057,0.932277,8741122,10
1,105365137,1.018386,8743713,31
1,2532887633,0.871645,8744293,2
1,2591437351,1.055121,8745224,7
1,476284231,0.902471,8746283,9
1,501540997,0.868840,8748988,32
1,471486997,0.853531,8750254,12
1,3548572241,1.086584,8751109,6
1,2221105489,0.871645,8752165,9
1,877209251,1.025552,8752668,1
1,3240438997,1.078012,8754014,13
1,1323564577,0.928078,8756907,35
1,565442441,0.944764,8760226,41
1,2849094013,0.942176,8762064,20
1,4183402831,0.947859,8764882,34
1,2294407589,0.895954,8768613,47
1,991370993,0.867715,8770957,27
1,2710528339,1.002438,8771744,5
1,3838174807,0.988706,8773589,20
1,1630845617,1.018386,8775768,25
1,1977651569,0.914830,8776693,7
1,3896885743,1.037387,8779374,32
1,1272943751,0.886090,8781280,21
1,420035509,0.904092,8782479,11
1,1336128007,0.922801,8783484,8
1,1637156197,1.048157,8786091,31
1,4104175189,1.047691,8786673,2
1,1806321499,0.932277,8787189,1
1,1854616807,0.962683,8788469,12
1,2699363543,1.010685,8790037,16
1,4176793589,1.116723,8796578,87
1,2115300091,1.022214,8797531,7
1,1138974299,0.973777,8798541,8
1,2509279481,0.969758,8799741,11
1,2119985171,1.007782,8800606,6
1,4250901727,0.946313,8802176,16
1,1710287419,0.970764,8802691,1
1,556384193,0.993632,8803475,5
1,1280609137,1.012616,8804683,11
1,3593609527,0.965215,8805192,1
1,1347868507,0.988212,8808078,35
1,2502945001,0.942176,8808869,5
1,4201737619,1.006328,8809386,1
1,2790874981,0.928078,8810048,3
1,370606823,0.829745,8813065,37
1,978233317,0.957597,8814490,14
1,937911419,1.031250,8819700,62
1,3575438329,0.983258,8822897,39
1,2935884277,0.965215,8823483,2
1,1102840757,1.124132,8824348,6
1,902242763,0.893772,8825348,8
1,1340509127,0.908940,8826490,10
1,3423117251,0.996576,8829727,40
1,2820522857,1.079822,8830861,10
1,773128817,0.929655,8831639,5
1,813853357,0.965215,8832701,9
1,1791797351,0.755190,8836007,41
1,1871873551,0.922801,8836796,5
1,2736101087,0.944764,8837663,6
1,3941018563,0.978779,8844108,86
1,2055260803,0.970764,8845953,20
1,3510795637,1.031250,8847162,11
1,3032115773,0.899761,8848788,17
1,2521238639,1.002438,8850625,20
1,1287913273,0.962683,8852750,24
1,2014765349,0.927551,8853394,3
1,3757955197,1.020302,8855040,17
1,2309018449,1.032197,8855622,2
1,1531778533,0.946313,8856273,3
1,2208764303,0.946313,8857829,16
1,1792102573,0.903552,8860234,28
1,2090386499,0.987223,8862070,20
1,2119188289,1.033615,8862856,5
1,970511627,0.960652,8863581,4
1,2230369051,0.940101,8864370,5
1,2921767973,0.988212,8865991,17
1,2779201693,1.061581,8867066,9
1,3889438121,0.957597,8870377,41
1,3574647617,1.073928,8871851,15
1,2602058801,0.988706,8873197,13
1,2489795887,0.810093,8873783,2
1,2034404551,0.919621,8875482,18
1,323760467,0.910550,8877660,25
1,3185433101,0.864897,8880771,38
1,1269409289,0.970261,8882603,20
1,3797364283,0.931753,8885203,31
1,1118406589,0.910550,8886207,8
1,3339507893,1.040677,8886934,4
1,2267067871,0.974780,8890099,39
1,784855259,1.012133,8890683,2
1,874737931,0.931753,8892158,15
1,152299729,0.868840,8893629,15
1,414470033,0.944764,8901189,102
1,2478028771,0.944764,8903319,24
1,4049245349,0.913227,8903899,2
1,3914443349,1.027455,8904831,7
1,3253487077,1.132786,8905707,6
1,270999899,0.929655,8906414,4
1,2542519241,0.965215,8908486,23
1,3340988891,0.853531,8911962,43
1,2629873921,1.027455,8915113,39
1,3341644487,0.988706,8916276,10
1,1340534491,0.899761,8917009,4
1,3119716097,0.933847,8921925,59
1,3496956623,0.996576,8922887,7
1,2142187589,1.050483,8923547,3
1,2060805269,0.994614,8924128,2
1,1934173207,0.970764,8927375,40
1,728312639,1.036916,8927958,2
1,1103990603,0.877786,8929798,20
1,1101887629,0.880563,8933794,51
1,1038584101,0.941657,8934929,10
1,1569270379,1.000488,8935650,4
1,635791399,0.929655,8936156,1
1,3002407921,1.031250,8937667,15
1,1639363751,0.994123,8938882,11
1,4041787129,1.037387,8940812,21
1,2254520381,1.079370,8941663,6
1,864429497,1.076198,8944403,33
1,3556153927,0.928604,8944997,2
1,2360001793,0.981270,8947590,31
1,31429709,1.013098,8949199,17
1,3480804311,1.000488,8952606,42
1,597615401,0.954533,8953885,12
1,2812265537,0.945797,8954395,1
1,3972337693,0.993141,8956090,18
1,2843022023,1.020302,8958277,25
1,3557942029,1.018386,8958924,3
1,2965175371,0.985738,8960762,20
1,410897009,0.999023,8961336,2
1,364124447,0.954021,8962398,9
1,3955709341,1.093303,8963968,16
1,907419479,0.937500,8964688,4
1,836061307,0.987223,8967500,34
1,463208791,0.944764,8968009,1
1,1582056479,0.928078,8968524,1
1,1192143413,0.978779,8970155,17
1,2099465747,0.919621,8974642,58
1,1215800801,0.886090,8975498,6
1,2755729589,0.911622,8979707,54
1,4063190563,0.953509,8982245,30
1,1039537679,0.997556,8991002,119
1,195146849,0.940101,8993869,35
1,452563733,0.988706,8994375,1
1,2743247159,0.922801,9004320,136
1,1443881209,1.031250,9006500,25
1,1902209971,0.977281,9009275,33
1,3137684191,0.952484,9010352,9
1,2816062363,0.994123,9011998,17
1,4283738467,0.977281,9015881,49
1,3171635333,0.835609,9020220,56
1,2561355383,1.090621,9022480,20
1,1073991389,0.927551,9023791,12
1,4072494817,0.940101,9028148,56
1,2097244129,0.936979,9028655,1
1,688333771,0.948889,9029438,5
1,408591419,0.957597,9032393,36
1,1318799773,0.857526,9035277,35
1,238098169,0.984747,9036618,13
1,3503340791,0.895954,9037203,2
1,2484270517,0.935936,9040256,37
1,3510706897,0.991172,9041381,10
1,3629362367,1.124132,9043157,19
1,424563697,1.014061,9044080,7
1,416043181,0.904092,9046051,22
1,2873853559,0.997556,9048392,27
1,1900496683,1.010685,9049050,3
1,2927026381,1.061581,9050199,10
1,923235871,1.039268,9055319,67
1,3880574993,0.914830,9056108,5
1,1114930591,0.988212,9056694,2
1,923598017,0.961160,9059011,27
1,566716639,0.952484,9060642,17
1,1365115901,0.978779,9062135,15
1,773645143,0.940101,9064044,21
1,2639132663,1.076652,9065127,9
1,1051624487,1.027455,9066705,16
1,2944831009,0.891584,9067282,2
1,893544221,0.978779,9069119,20
1,4181732861,0.907327,9070626,15
1,2604293723,0.888841,9073719,38
1,2196478517,0.929655,9074927,11
1,4123849463,0.929655,9078203,40
1,1980586081,0.971267,9080470,26
1,447651739,0.984747,9084408,50
1,1406321701,0.895954,9085131,4
1,2928972001,0.965215,9085921,5
1,1747196237,0.925443,9086423,1
1,3805699099,1.015985,9086942,1
1,1287713551,1.013098,9087659,4
1,1581124777,1.025076,9090633,36
1,3367284311,0.935414,9091639,8
1,190211479,0.942176,9093683,23
1,3267638177,0.902471,9095522,20
1,633614777,0.978779,9096025,1
1,571168243,0.911622,9102828,91
1,306321871,1.067086,9103544,4
1,2410822039,0.919621,9107289,47
1,2218176427,1.018386,9108499,11
1,1007057581,0.895954,9110128,17
1,1240597213,0.981270,9110782,3
1,3353723203,1.044891,9114712,50
1,1099178567,1.078012,9117166,29
1,3336208373,0.931753,9120200,37
1,681851941,1.003899,9121130,7
1,4187346883,1.012133,9122502,13
1,4191449813,0.944764,9124874,22
1,81997211,1.055121,9129048,53
1,3488767357,0.944764,9129718,3
1,1723516519,0.868840,9133605,49
1,2511664717,1.134078,9134817,11
1,46620619,1.033615,9135806,8
1,1688563663,0.815499,9138699,35
1,3146266801,1.000488,9139277,2
1,1225678229,0.910014,9139788,1
1,779253953,0.977281,9142032,26
1,3742012097,0.919621,9147452,71
1,2907857957,0.977281,9149210,19
1,2478469033,0.957597,9150012,5
1,3984972317,0.965215,9150604,2
1,259393753,0.872205,9151661,9
1,1058363333,1.033615,9153087,14
1,103474429,0.928078,9155131,23
1,2814550223,1.012616,9158858,47
1,605024113,0.773082,9164242,71
1,552325549,0.997066,9164888,3
1,3826082539,1.035503,9165817,7
1,3016455293,0.913227,9166684,6
1,984378053,0.993141,9167261,2
1,2681341097,0.962175,9168333,9
1,1737337507,0.935414,9168845,1
1,1148729327,1.015985,9169785,7
1,1498958569,0.997066,9173871,52
1,3210806177,1.089725,9175574,18
1,1125445693,0.981270,9177264,18
1,4139962903,1.104412,9179179,21
1,848829647,0.920152,9183455,55
1,2508404999,1.039738,9185846,28
1,2580896783,0.880563,9186995,10
1,3103583141,0.946313,9187930,7
1,4195310369,0.903552,9189203,12
1,2217014323,1.050483,9193152,50
1,1333461277,0.938541,9194224,9
1,2807136797,0.961160,9195078,6
1,512035543,0.969758,9195589,1
1,1742168903,1.065254,9196943,13
1,963848423,1.044891,9198296,13
1,938946961,1.018386,9200068,19
1,2340330533,0.931753,9200719,3
1,4219784209,0.946313,9209332,117
1,1713377119,1.003899,9210258,7
1,665291717,0.924387,9217414,96
1,2919512311,1.055121,9219672,26
1,3974253611,0.928078,9220949,12
1,703548683,0.922801,9222520,16
1,2717332903,1.007782,9231894,122
1,2309759321,0.872205,9233133,11
1,2766375659,1.004871,9233930,5
1,3357377657,0.977281,9236453,30
1,3193626649,0.960652,9237309,6
1,2790471391,0.877786,9238113,5
1,2437264861,0.872205,9238635,1
1,4124496553,0.977281,9243128,58
1,2989224787,1.007782,9245946,34
1,3694353539,1.003899,9248562,31
1,1997534831,0.925971,9249789,11
1,1487045111,0.944764,9252321,30
1,1657891643,1.013098,9253954,17
1,1355449903,1.017906,9254605,3
1,1666656973,1.054659,9256649,23
1,442150013,0.899761,9257990,13
1,232196609,0.838525,9260178,25
1,3079805359,0.981270,9260692,1
1,1734133483,1.061581,9261836,10
1,1703351119,0.984747,9264380,30
1,1427609399,0.988706,9266019,17
1,2551630663,0.927551,9266739,4
1,3320055149,0.975280,9267385,3
1,36272627,0.922801,9268385,8
1,2666486617,1.007782,9270021,17
1,3168452387,1.002438,9270819,5
1,951321881,0.956066,9272360,16
1,2978228579,0.962683,9273143,5
1,2093090627,0.919621,9282103,122
1,767444011,0.903011,9283863,19
1,1065184139,0.925971,9285286,14
1,592635713,1.033615,9289360,52
1,3143655509,1.039738,9291555,25
1,3963932431,0.938541,9292700,10
1,1176340117,1.116723,9293276,2
1,2396733743,1.020302,9294900,17
1,3932807833,0.940620,9300364,72
1,2719729951,0.907865,9303320,36
1,102260239,0.970764,9305854,30
1,18202577,0.983258,9306834,8
1,1105248889,0.969758,9308806,22
1,2932402621,0.965215,9310157,13
1,2690330141,0.920152,9313267,38
